ticket_id,customer_id,created_at,resolved_at,category,priority,status,resolution_time_hours,ticket_text
1,CUST-000004,2026-05-21,2026-05-22,other,medium,closed,32.47,Asked about cancellation policy and notice period.
2,CUST-000006,2026-07-10,,billing,medium,open,,Requested a refund for a duplicate charge.
3,CUST-000007,2026-06-11,2026-06-12,technical,medium,closed,38.17,Reported repeated login failures over the past week.
4,CUST-000009,2026-05-19,2026-05-22,other,high,closed,86.35,Asked about cancellation policy and notice period.
5,CUST-000009,2026-03-30,2026-03-30,technical,high,closed,13.92,App crashes when loading the dashboard view.
6,CUST-000009,2026-07-25,,technical,medium,open,,App crashes when loading the dashboard view.
7,CUST-000009,2026-06-16,2026-06-19,billing,high,closed,89.6,Requested a refund for a duplicate charge.
8,CUST-000010,2026-03-31,2026-04-02,billing,medium,closed,57.89,Reported a failed payment and requested a retry.
9,CUST-000010,2026-09-04,2026-09-07,technical,low,closed,82.82,Feature X is not syncing data correctly.
10,CUST-000010,2026-05-23,,billing,low,open,,Reported a failed payment and requested a retry.
11,CUST-000011,2026-04-17,,billing,low,open,,Customer disputes a charge on their most recent invoice.
12,CUST-000011,2026-05-16,2026-05-19,billing,medium,closed,90.03,Reported a failed payment and requested a retry.
13,CUST-000011,2026-05-24,2026-05-27,billing,medium,closed,77.77,Reported a failed payment and requested a retry.
14,CUST-000013,2026-04-20,2026-04-20,billing,medium,closed,19.46,Requested a refund for a duplicate charge.
15,CUST-000016,2026-04-23,,billing,medium,open,,Customer disputes a charge on their most recent invoice.
16,CUST-000016,2026-04-24,2026-04-25,technical,low,closed,27.55,Reported repeated login failures over the past week.
17,CUST-000016,2026-06-09,2026-06-09,technical,low,closed,19.63,Feature X is not syncing data correctly.
18,CUST-000016,2026-05-30,,billing,medium,open,,Reported a failed payment and requested a retry.
19,CUST-000017,2026-06-05,2026-06-05,technical,medium,closed,10.21,Feature X is not syncing data correctly.
20,CUST-000019,2026-06-07,,other,medium,open,,Requested a copy of past invoices.
21,CUST-000019,2026-09-01,2026-09-02,technical,medium,closed,28.55,Reported repeated login failures over the past week.
22,CUST-000020,2026-08-28,2026-08-28,technical,low,closed,2.56,Requested help configuring an integration.
23,CUST-000021,2026-08-28,2026-08-28,other,medium,closed,21.1,Requested a copy of past invoices.
24,CUST-000026,2026-05-03,,billing,low,open,,Requested a refund for a duplicate charge.
25,CUST-000026,2026-05-13,,billing,medium,open,,Requested a refund for a duplicate charge.
26,CUST-000026,2026-04-11,,technical,medium,open,,Reported repeated login failures over the past week.
27,CUST-000026,2026-03-28,2026-03-31,technical,medium,closed,84.15,Reported repeated login failures over the past week.
28,CUST-000026,2026-09-09,2026-09-12,billing,medium,closed,90.07,Asked why the monthly charge increased without notice.
29,CUST-000026,2026-06-18,,other,medium,open,,Requested a copy of past invoices.
30,CUST-000027,2026-05-06,2026-05-07,other,high,closed,25.39,Asked about cancellation policy and notice period.
31,CUST-000027,2026-04-30,,billing,medium,open,,Customer disputes a charge on their most recent invoice.
32,CUST-000028,2026-08-03,,technical,high,open,,Requested help configuring an integration.
33,CUST-000028,2026-05-10,,technical,high,open,,Feature X is not syncing data correctly.
34,CUST-000028,2026-03-30,,billing,medium,open,,Reported a failed payment and requested a retry.
35,CUST-000030,2026-06-12,2026-06-13,technical,high,closed,33.21,App crashes when loading the dashboard view.
36,CUST-000030,2026-05-29,2026-05-30,technical,low,closed,30.3,Requested help configuring an integration.
37,CUST-000031,2026-06-25,2026-06-26,technical,low,closed,42.22,Feature X is not syncing data correctly.
38,CUST-000033,2026-05-16,2026-05-18,technical,medium,closed,71.38,Reported repeated login failures over the past week.
39,CUST-000033,2026-09-13,,billing,high,open,,Reported a failed payment and requested a retry.
40,CUST-000033,2026-05-28,,billing,low,open,,Customer disputes a charge on their most recent invoice.
41,CUST-000033,2026-03-24,,billing,low,open,,Customer disputes a charge on their most recent invoice.
42,CUST-000033,2026-05-21,2026-05-22,billing,medium,closed,47.47,Asked why the monthly charge increased without notice.
43,CUST-000033,2026-05-21,,billing,high,open,,Requested a refund for a duplicate charge.
44,CUST-000034,2026-05-18,2026-05-20,technical,low,closed,70.94,App crashes when loading the dashboard view.
45,CUST-000035,2026-04-12,2026-04-13,technical,high,closed,29.81,Feature X is not syncing data correctly.
46,CUST-000035,2026-05-10,,billing,medium,open,,Reported a failed payment and requested a retry.
47,CUST-000036,2026-08-07,,technical,medium,open,,Reported repeated login failures over the past week.
48,CUST-000036,2026-08-21,,technical,medium,open,,Reported repeated login failures over the past week.
49,CUST-000037,2026-06-09,2026-06-09,other,medium,closed,14.95,Provided feedback about the onboarding experience.
50,CUST-000037,2026-03-30,,other,medium,open,,General question about plan upgrade options.
51,CUST-000038,2026-04-28,2026-04-28,technical,medium,closed,2.39,App crashes when loading the dashboard view.
52,CUST-000039,2026-09-10,2026-09-10,other,medium,closed,20.3,Asked about cancellation policy and notice period.
53,CUST-000039,2026-04-23,2026-04-23,billing,medium,closed,16.61,Customer disputes a charge on their most recent invoice.
54,CUST-000041,2026-08-23,,other,medium,open,,Provided feedback about the onboarding experience.
55,CUST-000041,2026-06-12,,billing,high,open,,Requested a refund for a duplicate charge.
56,CUST-000041,2026-04-16,,billing,medium,open,,Asked why the monthly charge increased without notice.
57,CUST-000042,2026-04-19,2026-04-19,billing,medium,closed,11.09,Customer disputes a charge on their most recent invoice.
58,CUST-000044,2026-07-07,2026-07-10,billing,low,closed,77.71,Customer disputes a charge on their most recent invoice.
59,CUST-000044,2026-08-04,2026-08-05,other,high,closed,24.99,Asked about cancellation policy and notice period.
60,CUST-000044,2026-05-04,2026-05-07,other,medium,closed,79.24,Requested a copy of past invoices.
61,CUST-000045,2026-05-30,2026-05-31,technical,medium,closed,45.79,Reported repeated login failures over the past week.
62,CUST-000048,2026-09-13,2026-09-13,billing,medium,closed,12.5,Reported a failed payment and requested a retry.
63,CUST-000050,2026-08-30,2026-09-01,billing,medium,closed,59.15,Customer disputes a charge on their most recent invoice.
64,CUST-000050,2026-08-04,,billing,low,open,,Asked why the monthly charge increased without notice.
65,CUST-000050,2026-09-08,,other,low,open,,Requested a copy of past invoices.
66,CUST-000051,2026-03-30,,other,medium,open,,Asked about cancellation policy and notice period.
67,CUST-000051,2026-07-24,,billing,medium,open,,Asked why the monthly charge increased without notice.
68,CUST-000052,2026-09-05,2026-09-07,other,high,closed,56.13,Provided feedback about the onboarding experience.
69,CUST-000054,2026-08-02,,technical,medium,open,,Requested help configuring an integration.
70,CUST-000054,2026-09-02,2026-09-03,billing,low,closed,33.83,Customer disputes a charge on their most recent invoice.
71,CUST-000054,2026-07-19,2026-07-19,other,medium,closed,22.46,Provided feedback about the onboarding experience.
72,CUST-000056,2026-04-01,2026-04-02,other,high,closed,31.77,Asked about cancellation policy and notice period.
73,CUST-000058,2026-06-02,2026-06-03,billing,medium,closed,30.95,Asked why the monthly charge increased without notice.
74,CUST-000058,2026-03-24,2026-03-24,technical,high,closed,22.24,Reported repeated login failures over the past week.
75,CUST-000059,2026-08-31,,billing,high,open,,Customer disputes a charge on their most recent invoice.
76,CUST-000059,2026-09-15,2026-09-15,other,medium,closed,11.24,General question about plan upgrade options.
77,CUST-000060,2026-08-09,,technical,medium,open,,Feature X is not syncing data correctly.
78,CUST-000061,2026-08-29,2026-08-29,technical,high,closed,8.93,App crashes when loading the dashboard view.
79,CUST-000062,2026-08-23,2026-08-24,billing,medium,closed,39.25,Asked why the monthly charge increased without notice.
80,CUST-000062,2026-08-31,2026-08-31,billing,medium,closed,11.59,Reported a failed payment and requested a retry.
81,CUST-000062,2026-08-25,2026-08-25,billing,medium,closed,16.76,Requested a refund for a duplicate charge.
82,CUST-000062,2026-05-27,2026-05-30,billing,medium,closed,76.24,Reported a failed payment and requested a retry.
83,CUST-000062,2026-08-29,,other,high,open,,Provided feedback about the onboarding experience.
84,CUST-000066,2026-04-07,2026-04-08,billing,high,closed,40.84,Customer disputes a charge on their most recent invoice.
85,CUST-000066,2026-08-02,2026-08-02,other,medium,closed,11.35,Provided feedback about the onboarding experience.
86,CUST-000067,2026-04-19,,technical,medium,open,,Feature X is not syncing data correctly.
87,CUST-000067,2026-05-25,,billing,low,open,,Customer disputes a charge on their most recent invoice.
88,CUST-000068,2026-06-25,2026-06-28,billing,medium,closed,94.17,Asked why the monthly charge increased without notice.
89,CUST-000068,2026-07-15,2026-07-16,billing,low,closed,24.7,Reported a failed payment and requested a retry.
90,CUST-000069,2026-03-25,2026-03-25,billing,medium,closed,8.56,Asked why the monthly charge increased without notice.
91,CUST-000069,2026-05-31,,billing,low,open,,Asked why the monthly charge increased without notice.
92,CUST-000069,2026-09-15,,billing,medium,open,,Customer disputes a charge on their most recent invoice.
93,CUST-000070,2026-07-31,2026-08-02,billing,low,closed,56.72,Reported a failed payment and requested a retry.
94,CUST-000070,2026-08-07,,billing,medium,open,,Asked why the monthly charge increased without notice.
95,CUST-000071,2026-08-26,,technical,medium,open,,Feature X is not syncing data correctly.
96,CUST-000071,2026-05-23,2026-05-23,technical,low,closed,16.9,Feature X is not syncing data correctly.
97,CUST-000071,2026-06-17,2026-06-20,billing,low,closed,93.26,Customer disputes a charge on their most recent invoice.
98,CUST-000072,2026-03-24,,billing,medium,open,,Asked why the monthly charge increased without notice.
99,CUST-000072,2026-05-13,2026-05-15,technical,high,closed,52.36,Reported repeated login failures over the past week.
100,CUST-000074,2026-08-26,2026-08-26,technical,high,closed,6.1,App crashes when loading the dashboard view.
101,CUST-000076,2026-06-03,,technical,medium,open,,Requested help configuring an integration.
102,CUST-000077,2026-05-08,,technical,high,open,,Reported repeated login failures over the past week.
103,CUST-000077,2026-07-30,,billing,medium,open,,Asked why the monthly charge increased without notice.
104,CUST-000077,2026-08-01,2026-08-04,technical,low,closed,75.44,Requested help configuring an integration.
105,CUST-000080,2026-05-05,,billing,low,open,,Reported a failed payment and requested a retry.
106,CUST-000082,2026-09-01,2026-09-02,other,low,closed,33.91,Asked about cancellation policy and notice period.
107,CUST-000084,2026-04-05,2026-04-05,billing,medium,closed,16.78,Reported a failed payment and requested a retry.
108,CUST-000085,2026-06-10,,billing,low,open,,Requested a refund for a duplicate charge.
109,CUST-000085,2026-06-11,2026-06-12,other,medium,closed,31.1,General question about plan upgrade options.
110,CUST-000088,2026-03-31,2026-04-01,technical,medium,closed,27.32,Reported repeated login failures over the past week.
111,CUST-000089,2026-07-17,2026-07-18,technical,low,closed,43.26,Requested help configuring an integration.
112,CUST-000091,2026-08-31,2026-08-31,other,low,closed,4.72,Provided feedback about the onboarding experience.
113,CUST-000092,2026-06-26,2026-06-26,other,low,closed,14.2,Provided feedback about the onboarding experience.
114,CUST-000092,2026-06-15,,technical,high,open,,Feature X is not syncing data correctly.
115,CUST-000092,2026-06-10,2026-06-11,other,high,closed,42.94,General question about plan upgrade options.
116,CUST-000094,2026-05-11,,billing,medium,open,,Reported a failed payment and requested a retry.
117,CUST-000094,2026-03-27,2026-03-28,billing,low,closed,43.67,Customer disputes a charge on their most recent invoice.
118,CUST-000095,2026-07-14,2026-07-14,other,low,closed,18.36,Requested a copy of past invoices.
119,CUST-000096,2026-09-06,2026-09-07,other,medium,closed,29.75,Asked about cancellation policy and notice period.
120,CUST-000098,2026-06-02,,billing,low,open,,Requested a refund for a duplicate charge.
121,CUST-000098,2026-04-14,,other,medium,open,,Asked about cancellation policy and notice period.
122,CUST-000098,2026-05-17,2026-05-20,technical,low,closed,85.34,Feature X is not syncing data correctly.
123,CUST-000098,2026-08-26,,technical,low,open,,App crashes when loading the dashboard view.
124,CUST-000098,2026-04-06,,technical,medium,open,,Reported repeated login failures over the past week.
125,CUST-000103,2026-05-15,2026-05-17,billing,medium,closed,70.84,Requested a refund for a duplicate charge.
126,CUST-000103,2026-04-03,,billing,medium,open,,Customer disputes a charge on their most recent invoice.
127,CUST-000103,2026-08-18,2026-08-20,technical,high,closed,58.46,Requested help configuring an integration.
128,CUST-000103,2026-05-25,2026-05-28,billing,medium,closed,84.65,Requested a refund for a duplicate charge.
129,CUST-000106,2026-04-26,2026-04-26,other,high,closed,10.71,Provided feedback about the onboarding experience.
130,CUST-000107,2026-05-21,2026-05-21,billing,high,closed,23.84,Requested a refund for a duplicate charge.
131,CUST-000107,2026-08-30,2026-09-02,billing,low,closed,87.38,Asked why the monthly charge increased without notice.
132,CUST-000107,2026-07-11,2026-07-11,technical,medium,closed,4.66,Feature X is not syncing data correctly.
133,CUST-000109,2026-07-29,2026-07-29,other,medium,closed,22.12,Asked about cancellation policy and notice period.
134,CUST-000111,2026-04-12,,billing,medium,open,,Reported a failed payment and requested a retry.
135,CUST-000111,2026-03-30,,billing,high,open,,Asked why the monthly charge increased without notice.
136,CUST-000111,2026-08-17,2026-08-17,other,low,closed,19.59,Requested a copy of past invoices.
137,CUST-000111,2026-07-30,2026-07-31,technical,low,closed,24.13,Reported repeated login failures over the past week.
138,CUST-000112,2026-06-02,2026-06-03,technical,medium,closed,38.39,Feature X is not syncing data correctly.
139,CUST-000114,2026-05-06,2026-05-06,technical,low,closed,14.12,App crashes when loading the dashboard view.
140,CUST-000117,2026-08-19,,billing,low,open,,Requested a refund for a duplicate charge.
141,CUST-000119,2026-07-02,,billing,high,open,,Reported a failed payment and requested a retry.
142,CUST-000119,2026-07-16,2026-07-19,billing,medium,closed,93.64,Asked why the monthly charge increased without notice.
143,CUST-000127,2026-08-02,2026-08-03,other,medium,closed,26.05,General question about plan upgrade options.
144,CUST-000128,2026-05-19,2026-05-19,other,medium,closed,23.86,Provided feedback about the onboarding experience.
145,CUST-000129,2026-08-24,2026-08-26,billing,low,closed,59.31,Asked why the monthly charge increased without notice.
146,CUST-000130,2026-03-23,2026-03-23,billing,medium,closed,10.66,Customer disputes a charge on their most recent invoice.
147,CUST-000131,2026-06-23,,billing,medium,open,,Reported a failed payment and requested a retry.
148,CUST-000133,2026-06-01,2026-06-01,technical,low,closed,6.02,Feature X is not syncing data correctly.
149,CUST-000134,2026-06-03,2026-06-03,technical,low,closed,1.67,Requested help configuring an integration.
150,CUST-000135,2026-07-25,2026-07-26,billing,high,closed,34.36,Asked why the monthly charge increased without notice.
151,CUST-000135,2026-04-16,2026-04-16,technical,low,closed,2.85,Reported repeated login failures over the past week.
152,CUST-000136,2026-05-01,2026-05-02,billing,high,closed,40.1,Reported a failed payment and requested a retry.
153,CUST-000139,2026-04-16,2026-04-16,technical,medium,closed,8.62,Feature X is not syncing data correctly.
154,CUST-000140,2026-06-13,2026-06-14,other,high,closed,47.05,Asked about cancellation policy and notice period.
155,CUST-000141,2026-09-04,,billing,high,open,,Customer disputes a charge on their most recent invoice.
156,CUST-000143,2026-09-09,2026-09-09,other,medium,closed,1.29,Asked about cancellation policy and notice period.
157,CUST-000145,2026-07-17,2026-07-17,billing,medium,closed,17.92,Asked why the monthly charge increased without notice.
158,CUST-000145,2026-06-05,,billing,medium,open,,Asked why the monthly charge increased without notice.
159,CUST-000146,2026-08-27,,technical,low,open,,App crashes when loading the dashboard view.
160,CUST-000146,2026-08-31,,technical,high,open,,Requested help configuring an integration.
161,CUST-000148,2026-04-12,2026-04-13,technical,medium,closed,30.25,Feature X is not syncing data correctly.
162,CUST-000148,2026-06-22,,other,medium,open,,Provided feedback about the onboarding experience.
163,CUST-000149,2026-09-05,2026-09-06,other,low,closed,45.47,Requested a copy of past invoices.
164,CUST-000149,2026-05-07,,other,medium,open,,Requested a copy of past invoices.
165,CUST-000150,2026-04-25,2026-04-27,billing,low,closed,49.82,Requested a refund for a duplicate charge.
166,CUST-000150,2026-04-10,2026-04-11,technical,low,closed,39.75,Requested help configuring an integration.
167,CUST-000150,2026-04-03,2026-04-05,billing,high,closed,53.0,Requested a refund for a duplicate charge.
168,CUST-000150,2026-05-07,2026-05-10,billing,medium,closed,77.02,Requested a refund for a duplicate charge.
169,CUST-000150,2026-05-06,2026-05-08,billing,high,closed,65.12,Requested a refund for a duplicate charge.
170,CUST-000150,2026-08-01,2026-08-03,billing,medium,closed,54.89,Asked why the monthly charge increased without notice.
171,CUST-000151,2026-05-27,2026-05-28,other,medium,closed,30.14,Asked about cancellation policy and notice period.
172,CUST-000152,2026-04-11,2026-04-12,other,medium,closed,47.11,Asked about cancellation policy and notice period.
173,CUST-000153,2026-08-18,2026-08-19,other,medium,closed,42.1,Asked about cancellation policy and notice period.
174,CUST-000154,2026-06-24,2026-06-24,other,medium,closed,11.85,General question about plan upgrade options.
175,CUST-000155,2026-03-25,,billing,medium,open,,Reported a failed payment and requested a retry.
176,CUST-000155,2026-05-23,2026-05-23,other,high,closed,20.79,Asked about cancellation policy and notice period.
177,CUST-000157,2026-08-22,,billing,low,open,,Asked why the monthly charge increased without notice.
178,CUST-000158,2026-05-19,2026-05-20,technical,medium,closed,43.08,Feature X is not syncing data correctly.
179,CUST-000159,2026-08-21,,other,medium,open,,Requested a copy of past invoices.
180,CUST-000160,2026-06-14,2026-06-14,billing,high,closed,14.52,Reported a failed payment and requested a retry.
181,CUST-000162,2026-06-01,2026-06-02,technical,low,closed,29.76,Feature X is not syncing data correctly.
182,CUST-000162,2026-08-14,,technical,high,open,,Reported repeated login failures over the past week.
183,CUST-000162,2026-05-04,2026-05-04,billing,medium,closed,7.82,Reported a failed payment and requested a retry.
184,CUST-000163,2026-04-11,,technical,low,open,,App crashes when loading the dashboard view.
185,CUST-000163,2026-06-17,2026-06-17,billing,medium,closed,13.59,Requested a refund for a duplicate charge.
186,CUST-000163,2026-03-29,2026-03-30,billing,high,closed,27.35,Asked why the monthly charge increased without notice.
187,CUST-000164,2026-07-16,2026-07-19,billing,medium,closed,87.31,Requested a refund for a duplicate charge.
188,CUST-000164,2026-05-28,,technical,medium,open,,Reported repeated login failures over the past week.
189,CUST-000165,2026-07-28,,other,medium,open,,Requested a copy of past invoices.
190,CUST-000165,2026-08-04,2026-08-05,billing,low,closed,40.26,Asked why the monthly charge increased without notice.
191,CUST-000167,2026-05-12,,billing,low,open,,Reported a failed payment and requested a retry.
192,CUST-000169,2026-08-12,,billing,medium,open,,Customer disputes a charge on their most recent invoice.
193,CUST-000171,2026-04-13,2026-04-15,technical,high,closed,63.21,Feature X is not syncing data correctly.
194,CUST-000171,2026-04-25,,billing,medium,open,,Customer disputes a charge on their most recent invoice.
195,CUST-000172,2026-04-29,2026-04-30,billing,low,closed,41.39,Asked why the monthly charge increased without notice.
196,CUST-000172,2026-05-16,,technical,medium,open,,App crashes when loading the dashboard view.
197,CUST-000173,2026-09-07,2026-09-09,technical,medium,closed,53.05,Requested help configuring an integration.
198,CUST-000173,2026-07-20,2026-07-21,billing,medium,closed,43.42,Requested a refund for a duplicate charge.
199,CUST-000173,2026-08-23,2026-08-24,technical,low,closed,28.58,Feature X is not syncing data correctly.
200,CUST-000173,2026-07-26,2026-07-28,billing,low,closed,48.8,Reported a failed payment and requested a retry.
201,CUST-000175,2026-04-08,,other,high,open,,Asked about cancellation policy and notice period.
202,CUST-000175,2026-05-19,2026-05-19,technical,high,closed,7.27,Reported repeated login failures over the past week.
203,CUST-000177,2026-06-20,2026-06-23,billing,low,closed,76.12,Reported a failed payment and requested a retry.
204,CUST-000178,2026-07-30,2026-07-30,other,low,closed,6.28,General question about plan upgrade options.
205,CUST-000180,2026-03-30,,technical,low,open,,App crashes when loading the dashboard view.
206,CUST-000183,2026-05-11,2026-05-13,billing,low,closed,61.05,Reported a failed payment and requested a retry.
207,CUST-000183,2026-04-10,,billing,medium,open,,Reported a failed payment and requested a retry.
208,CUST-000184,2026-06-08,2026-06-08,other,low,closed,2.04,Requested a copy of past invoices.
209,CUST-000184,2026-03-24,,other,low,open,,Provided feedback about the onboarding experience.
210,CUST-000185,2026-03-25,2026-03-25,technical,medium,closed,23.94,App crashes when loading the dashboard view.
211,CUST-000185,2026-05-11,,technical,medium,open,,Feature X is not syncing data correctly.
212,CUST-000185,2026-08-04,2026-08-04,other,low,closed,20.06,Requested a copy of past invoices.
213,CUST-000187,2026-08-31,,other,medium,open,,Requested a copy of past invoices.
214,CUST-000187,2026-07-18,,technical,medium,open,,Reported repeated login failures over the past week.
215,CUST-000187,2026-04-25,2026-04-26,billing,high,closed,36.6,Asked why the monthly charge increased without notice.
216,CUST-000189,2026-07-12,2026-07-13,billing,low,closed,25.92,Customer disputes a charge on their most recent invoice.
217,CUST-000192,2026-09-02,2026-09-02,technical,low,closed,19.29,App crashes when loading the dashboard view.
218,CUST-000192,2026-04-04,2026-04-04,other,medium,closed,22.95,General question about plan upgrade options.
219,CUST-000193,2026-06-04,,technical,medium,open,,Requested help configuring an integration.
220,CUST-000193,2026-07-13,2026-07-13,technical,medium,closed,16.29,Requested help configuring an integration.
221,CUST-000194,2026-05-21,,billing,medium,open,,Customer disputes a charge on their most recent invoice.
222,CUST-000194,2026-05-15,,billing,low,open,,Customer disputes a charge on their most recent invoice.
223,CUST-000194,2026-05-05,,billing,medium,open,,Requested a refund for a duplicate charge.
224,CUST-000194,2026-04-08,2026-04-09,billing,low,closed,26.2,Customer disputes a charge on their most recent invoice.
225,CUST-000194,2026-06-19,2026-06-19,other,medium,closed,23.27,General question about plan upgrade options.
226,CUST-000194,2026-08-16,2026-08-17,billing,low,closed,42.36,Customer disputes a charge on their most recent invoice.
227,CUST-000195,2026-06-22,2026-06-22,billing,medium,closed,12.05,Customer disputes a charge on their most recent invoice.
228,CUST-000195,2026-05-17,2026-05-18,technical,high,closed,39.53,Requested help configuring an integration.
229,CUST-000196,2026-04-20,2026-04-23,other,high,closed,91.7,Requested a copy of past invoices.
230,CUST-000197,2026-08-05,,technical,medium,open,,App crashes when loading the dashboard view.
231,CUST-000198,2026-08-31,2026-08-31,technical,low,closed,8.6,Reported repeated login failures over the past week.
232,CUST-000198,2026-06-03,2026-06-03,billing,high,closed,17.28,Customer disputes a charge on their most recent invoice.
233,CUST-000200,2026-08-22,2026-08-25,billing,low,closed,82.73,Customer disputes a charge on their most recent invoice.
234,CUST-000200,2026-07-24,2026-07-24,billing,medium,closed,16.34,Reported a failed payment and requested a retry.
235,CUST-000203,2026-09-12,2026-09-14,technical,medium,closed,49.3,App crashes when loading the dashboard view.
236,CUST-000204,2026-07-23,2026-07-24,billing,medium,closed,24.0,Reported a failed payment and requested a retry.
237,CUST-000205,2026-08-10,2026-08-13,billing,high,closed,91.51,Requested a refund for a duplicate charge.
238,CUST-000205,2026-05-24,,billing,low,open,,Requested a refund for a duplicate charge.
239,CUST-000205,2026-04-15,,billing,high,open,,Customer disputes a charge on their most recent invoice.
240,CUST-000206,2026-08-19,2026-08-20,other,medium,closed,29.67,Requested a copy of past invoices.
241,CUST-000206,2026-06-03,,billing,low,open,,Requested a refund for a duplicate charge.
242,CUST-000208,2026-09-14,2026-09-14,technical,medium,closed,20.73,Reported repeated login failures over the past week.
243,CUST-000210,2026-05-19,2026-05-20,other,high,closed,38.04,Provided feedback about the onboarding experience.
244,CUST-000211,2026-07-18,,technical,medium,open,,Reported repeated login failures over the past week.
245,CUST-000211,2026-04-24,2026-04-25,technical,medium,closed,27.05,Reported repeated login failures over the past week.
246,CUST-000211,2026-07-04,2026-07-05,other,medium,closed,31.28,Provided feedback about the onboarding experience.
247,CUST-000213,2026-03-31,,billing,high,open,,Asked why the monthly charge increased without notice.
248,CUST-000213,2026-04-25,2026-04-26,technical,low,closed,25.28,App crashes when loading the dashboard view.
249,CUST-000214,2026-07-08,,technical,low,open,,Requested help configuring an integration.
250,CUST-000216,2026-09-10,2026-09-11,other,low,closed,45.25,Asked about cancellation policy and notice period.
251,CUST-000218,2026-03-29,2026-04-01,billing,low,closed,88.7,Requested a refund for a duplicate charge.
252,CUST-000218,2026-05-30,2026-05-30,billing,low,closed,21.07,Asked why the monthly charge increased without notice.
253,CUST-000218,2026-07-30,,billing,high,open,,Reported a failed payment and requested a retry.
254,CUST-000222,2026-04-26,2026-04-26,technical,high,closed,18.05,Requested help configuring an integration.
255,CUST-000230,2026-07-02,,billing,high,open,,Requested a refund for a duplicate charge.
256,CUST-000230,2026-04-07,2026-04-07,billing,low,closed,21.81,Asked why the monthly charge increased without notice.
257,CUST-000231,2026-07-30,,technical,low,open,,App crashes when loading the dashboard view.
258,CUST-000231,2026-03-25,,billing,low,open,,Customer disputes a charge on their most recent invoice.
259,CUST-000232,2026-04-15,2026-04-15,technical,low,closed,11.07,App crashes when loading the dashboard view.
260,CUST-000233,2026-05-28,2026-05-29,billing,medium,closed,47.94,Reported a failed payment and requested a retry.
261,CUST-000235,2026-07-08,2026-07-09,other,low,closed,36.02,Asked about cancellation policy and notice period.
262,CUST-000235,2026-08-22,,other,medium,open,,Asked about cancellation policy and notice period.
263,CUST-000237,2026-07-22,,billing,medium,open,,Customer disputes a charge on their most recent invoice.
264,CUST-000237,2026-07-26,2026-07-28,billing,high,closed,65.47,Reported a failed payment and requested a retry.
265,CUST-000237,2026-08-28,2026-08-29,billing,medium,closed,39.77,Requested a refund for a duplicate charge.
266,CUST-000238,2026-05-14,2026-05-15,other,high,closed,32.43,Provided feedback about the onboarding experience.
267,CUST-000241,2026-07-16,,technical,medium,open,,Requested help configuring an integration.
268,CUST-000242,2026-07-11,2026-07-12,other,medium,closed,46.43,General question about plan upgrade options.
269,CUST-000242,2026-08-16,2026-08-16,other,medium,closed,22.47,Asked about cancellation policy and notice period.
270,CUST-000242,2026-06-13,2026-06-13,other,low,closed,21.52,Requested a copy of past invoices.
271,CUST-000244,2026-04-16,2026-04-19,billing,medium,closed,95.78,Customer disputes a charge on their most recent invoice.
272,CUST-000245,2026-08-24,2026-08-24,billing,low,closed,10.54,Reported a failed payment and requested a retry.
273,CUST-000245,2026-06-12,2026-06-13,billing,low,closed,27.11,Requested a refund for a duplicate charge.
274,CUST-000245,2026-09-11,2026-09-11,billing,medium,closed,9.89,Asked why the monthly charge increased without notice.
275,CUST-000246,2026-06-30,2026-06-30,billing,high,closed,13.16,Requested a refund for a duplicate charge.
276,CUST-000247,2026-03-28,2026-03-28,other,low,closed,19.76,Provided feedback about the onboarding experience.
277,CUST-000247,2026-07-06,2026-07-06,technical,low,closed,5.35,Reported repeated login failures over the past week.
278,CUST-000248,2026-04-21,2026-04-23,billing,medium,closed,60.09,Customer disputes a charge on their most recent invoice.
279,CUST-000248,2026-06-24,,technical,high,open,,Reported repeated login failures over the past week.
280,CUST-000249,2026-03-26,2026-03-28,technical,medium,closed,71.8,Reported repeated login failures over the past week.
281,CUST-000249,2026-05-18,2026-05-21,other,high,closed,80.5,Requested a copy of past invoices.
282,CUST-000250,2026-04-25,2026-04-27,billing,medium,closed,60.1,Reported a failed payment and requested a retry.
283,CUST-000251,2026-07-21,,billing,low,open,,Customer disputes a charge on their most recent invoice.
284,CUST-000254,2026-06-19,2026-06-19,billing,high,closed,1.08,Asked why the monthly charge increased without notice.
285,CUST-000254,2026-08-08,,other,medium,open,,General question about plan upgrade options.
286,CUST-000254,2026-06-07,,billing,high,open,,Reported a failed payment and requested a retry.
287,CUST-000255,2026-08-23,2026-08-24,other,high,closed,46.69,Provided feedback about the onboarding experience.
288,CUST-000258,2026-07-30,2026-08-02,billing,high,closed,72.41,Asked why the monthly charge increased without notice.
289,CUST-000258,2026-03-31,,other,low,open,,Provided feedback about the onboarding experience.
290,CUST-000259,2026-08-08,,other,low,open,,Provided feedback about the onboarding experience.
291,CUST-000259,2026-04-24,,technical,high,open,,Requested help configuring an integration.
292,CUST-000259,2026-08-15,,billing,medium,open,,Customer disputes a charge on their most recent invoice.
293,CUST-000259,2026-04-06,2026-04-06,billing,medium,closed,23.42,Requested a refund for a duplicate charge.
294,CUST-000259,2026-08-30,,billing,medium,open,,Asked why the monthly charge increased without notice.
295,CUST-000261,2026-04-02,,technical,medium,open,,App crashes when loading the dashboard view.
296,CUST-000261,2026-07-25,,billing,high,open,,Asked why the monthly charge increased without notice.
297,CUST-000261,2026-09-15,2026-09-17,other,medium,closed,60.79,Requested a copy of past invoices.
298,CUST-000262,2026-07-01,2026-07-02,technical,medium,closed,30.85,Feature X is not syncing data correctly.
299,CUST-000265,2026-06-19,2026-06-19,technical,medium,closed,2.12,Feature X is not syncing data correctly.
300,CUST-000266,2026-05-12,2026-05-12,technical,low,closed,3.92,Requested help configuring an integration.
301,CUST-000267,2026-05-06,2026-05-07,billing,medium,closed,29.85,Requested a refund for a duplicate charge.
302,CUST-000268,2026-06-20,,other,low,open,,Requested a copy of past invoices.
303,CUST-000269,2026-06-21,,billing,medium,open,,Requested a refund for a duplicate charge.
304,CUST-000269,2026-05-17,2026-05-18,billing,high,closed,27.39,Asked why the monthly charge increased without notice.
305,CUST-000271,2026-07-03,2026-07-03,billing,low,closed,11.77,Reported a failed payment and requested a retry.
306,CUST-000274,2026-07-24,,other,medium,open,,Provided feedback about the onboarding experience.
307,CUST-000276,2026-06-10,2026-06-12,technical,medium,closed,71.47,Reported repeated login failures over the past week.
308,CUST-000276,2026-06-20,,billing,low,open,,Reported a failed payment and requested a retry.
309,CUST-000276,2026-04-25,2026-04-28,billing,low,closed,93.53,Reported a failed payment and requested a retry.
310,CUST-000278,2026-07-22,2026-07-23,other,high,closed,42.39,Asked about cancellation policy and notice period.
311,CUST-000280,2026-09-14,,other,low,open,,Requested a copy of past invoices.
312,CUST-000282,2026-05-13,2026-05-13,other,medium,closed,22.78,Provided feedback about the onboarding experience.
313,CUST-000282,2026-04-29,2026-04-29,other,medium,closed,20.95,Asked about cancellation policy and notice period.
314,CUST-000283,2026-04-12,2026-04-12,billing,high,closed,13.42,Requested a refund for a duplicate charge.
315,CUST-000283,2026-07-30,2026-07-31,technical,medium,closed,46.26,Reported repeated login failures over the past week.
316,CUST-000284,2026-03-21,,other,medium,open,,Requested a copy of past invoices.
317,CUST-000284,2026-04-30,2026-05-01,billing,high,closed,37.54,Reported a failed payment and requested a retry.
318,CUST-000285,2026-08-12,2026-08-13,billing,high,closed,32.44,Requested a refund for a duplicate charge.
319,CUST-000286,2026-06-12,2026-06-13,technical,medium,closed,29.32,Reported repeated login failures over the past week.
320,CUST-000286,2026-07-15,,other,medium,open,,Requested a copy of past invoices.
321,CUST-000286,2026-08-22,2026-08-23,technical,medium,closed,32.11,App crashes when loading the dashboard view.
322,CUST-000286,2026-07-09,2026-07-10,other,high,closed,28.51,Asked about cancellation policy and notice period.
323,CUST-000287,2026-07-23,,technical,medium,open,,Feature X is not syncing data correctly.
324,CUST-000287,2026-08-18,2026-08-19,other,medium,closed,43.4,Asked about cancellation policy and notice period.
325,CUST-000289,2026-08-21,2026-08-22,other,high,closed,39.32,Asked about cancellation policy and notice period.
326,CUST-000289,2026-09-06,2026-09-06,other,medium,closed,11.22,Requested a copy of past invoices.
327,CUST-000290,2026-08-14,,technical,medium,open,,Requested help configuring an integration.
328,CUST-000290,2026-05-30,,technical,medium,open,,Feature X is not syncing data correctly.
329,CUST-000290,2026-08-06,,billing,medium,open,,Asked why the monthly charge increased without notice.
330,CUST-000290,2026-05-20,2026-05-21,billing,low,closed,42.14,Customer disputes a charge on their most recent invoice.
331,CUST-000294,2026-05-02,,technical,high,open,,App crashes when loading the dashboard view.
332,CUST-000294,2026-07-28,2026-07-31,technical,high,closed,84.9,App crashes when loading the dashboard view.
333,CUST-000295,2026-09-12,,billing,low,open,,Reported a failed payment and requested a retry.
334,CUST-000295,2026-07-21,2026-07-21,technical,medium,closed,22.27,Requested help configuring an integration.
335,CUST-000295,2026-04-13,2026-04-13,other,low,closed,17.53,General question about plan upgrade options.
336,CUST-000297,2026-03-24,2026-03-24,billing,medium,closed,17.11,Asked why the monthly charge increased without notice.
337,CUST-000299,2026-06-29,2026-06-29,other,medium,closed,16.36,Requested a copy of past invoices.
338,CUST-000299,2026-05-29,,billing,low,open,,Reported a failed payment and requested a retry.
339,CUST-000300,2026-04-28,2026-04-29,other,medium,closed,24.25,Requested a copy of past invoices.
340,CUST-000301,2026-09-01,2026-09-02,technical,low,closed,42.53,Requested help configuring an integration.
341,CUST-000301,2026-07-20,2026-07-20,technical,medium,closed,4.11,App crashes when loading the dashboard view.
342,CUST-000303,2026-05-01,,billing,high,open,,Asked why the monthly charge increased without notice.
343,CUST-000303,2026-04-28,2026-04-29,billing,low,closed,27.17,Customer disputes a charge on their most recent invoice.
344,CUST-000304,2026-08-03,,technical,medium,open,,Feature X is not syncing data correctly.
345,CUST-000304,2026-05-03,,billing,medium,open,,Asked why the monthly charge increased without notice.
346,CUST-000304,2026-04-25,,billing,high,open,,Asked why the monthly charge increased without notice.
347,CUST-000304,2026-06-20,2026-06-21,billing,high,closed,26.66,Reported a failed payment and requested a retry.
348,CUST-000311,2026-04-12,2026-04-13,other,low,closed,35.18,General question about plan upgrade options.
349,CUST-000312,2026-07-06,2026-07-06,technical,medium,closed,5.13,Feature X is not syncing data correctly.
350,CUST-000312,2026-06-11,2026-06-12,billing,medium,closed,42.46,Reported a failed payment and requested a retry.
351,CUST-000313,2026-06-09,,technical,low,open,,Feature X is not syncing data correctly.
352,CUST-000314,2026-05-30,,billing,medium,open,,Asked why the monthly charge increased without notice.
353,CUST-000314,2026-04-14,2026-04-16,billing,low,closed,48.5,Customer disputes a charge on their most recent invoice.
354,CUST-000314,2026-09-02,,billing,medium,open,,Requested a refund for a duplicate charge.
355,CUST-000314,2026-07-25,2026-07-26,billing,low,closed,32.62,Asked why the monthly charge increased without notice.
356,CUST-000315,2026-07-26,,other,low,open,,Requested a copy of past invoices.
357,CUST-000316,2026-05-13,2026-05-15,technical,medium,closed,48.12,Feature X is not syncing data correctly.
358,CUST-000316,2026-04-23,2026-04-25,other,high,closed,68.64,Asked about cancellation policy and notice period.
359,CUST-000317,2026-09-03,2026-09-05,billing,medium,closed,71.17,Reported a failed payment and requested a retry.
360,CUST-000317,2026-04-11,2026-04-12,other,medium,closed,33.45,General question about plan upgrade options.
361,CUST-000319,2026-07-30,2026-07-31,other,low,closed,46.66,Requested a copy of past invoices.
362,CUST-000320,2026-08-04,2026-08-04,billing,high,closed,13.38,Reported a failed payment and requested a retry.
363,CUST-000321,2026-04-13,,billing,low,open,,Reported a failed payment and requested a retry.
364,CUST-000321,2026-04-01,2026-04-02,other,high,closed,29.2,Provided feedback about the onboarding experience.
365,CUST-000322,2026-07-19,,billing,high,open,,Reported a failed payment and requested a retry.
366,CUST-000322,2026-08-02,2026-08-02,billing,low,closed,2.38,Reported a failed payment and requested a retry.
367,CUST-000322,2026-04-13,2026-04-16,billing,medium,closed,85.24,Asked why the monthly charge increased without notice.
368,CUST-000322,2026-05-30,,billing,low,open,,Customer disputes a charge on their most recent invoice.
369,CUST-000325,2026-04-19,2026-04-20,other,medium,closed,45.34,General question about plan upgrade options.
370,CUST-000326,2026-09-15,2026-09-15,technical,low,closed,5.34,Requested help configuring an integration.
371,CUST-000329,2026-08-26,,technical,medium,open,,App crashes when loading the dashboard view.
372,CUST-000331,2026-09-03,2026-09-04,other,low,closed,41.94,General question about plan upgrade options.
373,CUST-000331,2026-05-30,2026-05-30,billing,low,closed,6.8,Reported a failed payment and requested a retry.
374,CUST-000332,2026-08-07,2026-08-09,other,low,closed,55.75,Asked about cancellation policy and notice period.
375,CUST-000332,2026-08-12,2026-08-15,billing,low,closed,83.86,Asked why the monthly charge increased without notice.
376,CUST-000332,2026-08-18,,billing,low,open,,Reported a failed payment and requested a retry.
377,CUST-000332,2026-06-26,,billing,low,open,,Customer disputes a charge on their most recent invoice.
378,CUST-000332,2026-05-28,2026-05-29,billing,low,closed,27.25,Requested a refund for a duplicate charge.
379,CUST-000332,2026-08-02,2026-08-03,technical,high,closed,35.13,App crashes when loading the dashboard view.
380,CUST-000333,2026-04-24,2026-04-25,billing,medium,closed,28.66,Customer disputes a charge on their most recent invoice.
381,CUST-000334,2026-07-21,2026-07-21,technical,low,closed,15.68,App crashes when loading the dashboard view.
382,CUST-000335,2026-03-31,2026-04-01,billing,medium,closed,32.68,Customer disputes a charge on their most recent invoice.
383,CUST-000336,2026-03-26,2026-03-27,other,medium,closed,47.02,General question about plan upgrade options.
384,CUST-000337,2026-09-12,2026-09-13,other,high,closed,24.42,Asked about cancellation policy and notice period.
385,CUST-000338,2026-05-10,2026-05-10,billing,medium,closed,21.77,Reported a failed payment and requested a retry.
386,CUST-000339,2026-08-15,,billing,high,open,,Reported a failed payment and requested a retry.
387,CUST-000339,2026-06-14,2026-06-14,technical,medium,closed,9.69,App crashes when loading the dashboard view.
388,CUST-000339,2026-05-12,2026-05-15,technical,medium,closed,85.89,Reported repeated login failures over the past week.
389,CUST-000340,2026-08-25,2026-08-25,other,medium,closed,17.51,General question about plan upgrade options.
390,CUST-000340,2026-06-01,2026-06-02,other,low,closed,39.46,Asked about cancellation policy and notice period.
391,CUST-000342,2026-03-28,2026-03-28,billing,low,closed,19.02,Asked why the monthly charge increased without notice.
392,CUST-000345,2026-07-02,2026-07-03,other,low,closed,28.08,Asked about cancellation policy and notice period.
393,CUST-000348,2026-04-12,2026-04-13,billing,low,closed,24.58,Asked why the monthly charge increased without notice.
394,CUST-000348,2026-08-20,,billing,medium,open,,Reported a failed payment and requested a retry.
395,CUST-000350,2026-08-02,2026-08-05,billing,low,closed,72.69,Reported a failed payment and requested a retry.
396,CUST-000350,2026-04-08,2026-04-09,billing,low,closed,35.25,Requested a refund for a duplicate charge.
397,CUST-000350,2026-06-04,2026-06-06,billing,medium,closed,71.47,Reported a failed payment and requested a retry.
398,CUST-000351,2026-07-04,2026-07-05,technical,low,closed,42.85,Feature X is not syncing data correctly.
399,CUST-000351,2026-05-03,2026-05-04,other,medium,closed,40.05,Provided feedback about the onboarding experience.
400,CUST-000352,2026-09-08,2026-09-11,technical,medium,closed,89.93,Reported repeated login failures over the past week.
401,CUST-000355,2026-09-01,2026-09-04,billing,medium,closed,86.98,Reported a failed payment and requested a retry.
402,CUST-000355,2026-08-19,2026-08-21,other,high,closed,48.92,Provided feedback about the onboarding experience.
403,CUST-000356,2026-03-24,2026-03-25,billing,low,closed,47.33,Asked why the monthly charge increased without notice.
404,CUST-000356,2026-06-24,2026-06-24,technical,high,closed,5.01,Requested help configuring an integration.
405,CUST-000356,2026-09-03,2026-09-04,billing,medium,closed,47.35,Reported a failed payment and requested a retry.
406,CUST-000358,2026-06-10,2026-06-11,other,medium,closed,42.54,Asked about cancellation policy and notice period.
407,CUST-000359,2026-04-03,,billing,medium,open,,Reported a failed payment and requested a retry.
408,CUST-000360,2026-06-24,2026-06-25,other,medium,closed,45.18,Asked about cancellation policy and notice period.
409,CUST-000362,2026-04-20,2026-04-20,other,low,closed,20.83,General question about plan upgrade options.
410,CUST-000366,2026-03-24,2026-03-26,other,medium,closed,53.5,Requested a copy of past invoices.
411,CUST-000366,2026-08-30,2026-09-02,billing,high,closed,90.38,Customer disputes a charge on their most recent invoice.
412,CUST-000366,2026-04-21,,technical,medium,open,,App crashes when loading the dashboard view.
413,CUST-000367,2026-05-24,2026-05-25,other,medium,closed,45.46,General question about plan upgrade options.
414,CUST-000369,2026-05-30,,technical,medium,open,,Requested help configuring an integration.
415,CUST-000370,2026-08-16,2026-08-16,technical,low,closed,21.4,Requested help configuring an integration.
416,CUST-000371,2026-07-13,2026-07-14,technical,medium,closed,32.81,Requested help configuring an integration.
417,CUST-000372,2026-08-15,2026-08-15,technical,medium,closed,4.4,App crashes when loading the dashboard view.
418,CUST-000373,2026-04-25,,billing,high,open,,Reported a failed payment and requested a retry.
419,CUST-000373,2026-08-10,2026-08-12,billing,high,closed,51.3,Reported a failed payment and requested a retry.
420,CUST-000373,2026-08-08,2026-08-11,technical,medium,closed,76.08,Requested help configuring an integration.
421,CUST-000373,2026-08-27,,billing,low,open,,Customer disputes a charge on their most recent invoice.
422,CUST-000374,2026-06-30,,billing,medium,open,,Reported a failed payment and requested a retry.
423,CUST-000375,2026-03-25,,technical,low,open,,Reported repeated login failures over the past week.
424,CUST-000375,2026-05-11,2026-05-14,billing,medium,closed,79.44,Asked why the monthly charge increased without notice.
425,CUST-000376,2026-07-11,,technical,low,open,,App crashes when loading the dashboard view.
426,CUST-000376,2026-05-09,2026-05-10,other,high,closed,32.78,Requested a copy of past invoices.
427,CUST-000376,2026-04-07,2026-04-10,billing,medium,closed,95.95,Reported a failed payment and requested a retry.
428,CUST-000376,2026-04-05,2026-04-08,billing,medium,closed,77.85,Customer disputes a charge on their most recent invoice.
429,CUST-000378,2026-06-05,,billing,high,open,,Asked why the monthly charge increased without notice.
430,CUST-000378,2026-04-06,2026-04-07,billing,medium,closed,46.57,Customer disputes a charge on their most recent invoice.
431,CUST-000378,2026-07-13,2026-07-14,technical,medium,closed,27.19,Feature X is not syncing data correctly.
432,CUST-000378,2026-05-10,2026-05-11,technical,medium,closed,33.28,Reported repeated login failures over the past week.
433,CUST-000378,2026-09-05,2026-09-08,other,medium,closed,75.95,Provided feedback about the onboarding experience.
434,CUST-000380,2026-06-06,2026-06-06,other,low,closed,2.01,General question about plan upgrade options.
435,CUST-000380,2026-05-26,2026-05-26,other,low,closed,23.44,Provided feedback about the onboarding experience.
436,CUST-000384,2026-05-08,2026-05-10,other,low,closed,67.69,Requested a copy of past invoices.
437,CUST-000384,2026-05-07,,technical,medium,open,,Feature X is not syncing data correctly.
438,CUST-000385,2026-03-25,,technical,medium,open,,Reported repeated login failures over the past week.
439,CUST-000385,2026-08-01,,technical,medium,open,,Reported repeated login failures over the past week.
440,CUST-000389,2026-05-19,2026-05-19,other,medium,closed,13.38,Provided feedback about the onboarding experience.
441,CUST-000389,2026-08-11,,other,low,open,,Asked about cancellation policy and notice period.
442,CUST-000390,2026-06-16,2026-06-16,billing,medium,closed,21.07,Asked why the monthly charge increased without notice.
443,CUST-000391,2026-09-07,2026-09-07,technical,high,closed,2.73,Feature X is not syncing data correctly.
444,CUST-000392,2026-07-16,2026-07-18,billing,high,closed,67.89,Customer disputes a charge on their most recent invoice.
445,CUST-000392,2026-05-26,,billing,high,open,,Requested a refund for a duplicate charge.
446,CUST-000392,2026-05-27,,billing,low,open,,Reported a failed payment and requested a retry.
447,CUST-000392,2026-08-10,,billing,medium,open,,Customer disputes a charge on their most recent invoice.
448,CUST-000392,2026-05-04,,billing,low,open,,Customer disputes a charge on their most recent invoice.
449,CUST-000395,2026-08-04,2026-08-06,technical,high,closed,65.51,Feature X is not syncing data correctly.
450,CUST-000397,2026-06-27,2026-06-27,other,medium,closed,7.16,Asked about cancellation policy and notice period.
451,CUST-000398,2026-08-15,2026-08-18,billing,medium,closed,85.79,Requested a refund for a duplicate charge.
452,CUST-000398,2026-04-09,2026-04-12,billing,high,closed,87.34,Asked why the monthly charge increased without notice.
453,CUST-000398,2026-05-04,2026-05-05,billing,low,closed,25.05,Requested a refund for a duplicate charge.
454,CUST-000398,2026-07-16,2026-07-18,billing,low,closed,50.16,Requested a refund for a duplicate charge.
455,CUST-000398,2026-08-04,2026-08-05,technical,high,closed,36.41,Feature X is not syncing data correctly.
456,CUST-000399,2026-07-10,,billing,high,open,,Requested a refund for a duplicate charge.
457,CUST-000399,2026-06-09,2026-06-11,billing,low,closed,68.13,Asked why the monthly charge increased without notice.
458,CUST-000400,2026-07-29,2026-07-29,technical,low,closed,14.61,App crashes when loading the dashboard view.
459,CUST-000401,2026-06-01,,billing,low,open,,Asked why the monthly charge increased without notice.
460,CUST-000401,2026-07-31,,billing,low,open,,Requested a refund for a duplicate charge.
461,CUST-000405,2026-05-28,,other,medium,open,,Requested a copy of past invoices.
462,CUST-000406,2026-09-05,,other,medium,open,,Provided feedback about the onboarding experience.
463,CUST-000407,2026-08-19,,billing,low,open,,Customer disputes a charge on their most recent invoice.
464,CUST-000407,2026-05-20,2026-05-23,technical,high,closed,80.74,App crashes when loading the dashboard view.
465,CUST-000407,2026-04-21,,billing,medium,open,,Asked why the monthly charge increased without notice.
466,CUST-000408,2026-04-11,,technical,high,open,,App crashes when loading the dashboard view.
467,CUST-000410,2026-06-02,2026-06-03,billing,medium,closed,39.38,Reported a failed payment and requested a retry.
468,CUST-000412,2026-06-05,2026-06-05,billing,low,closed,19.31,Customer disputes a charge on their most recent invoice.
469,CUST-000414,2026-07-12,,billing,medium,open,,Reported a failed payment and requested a retry.
470,CUST-000414,2026-09-15,,other,medium,open,,Provided feedback about the onboarding experience.
471,CUST-000415,2026-05-21,,technical,low,open,,Feature X is not syncing data correctly.
472,CUST-000417,2026-07-15,,billing,medium,open,,Asked why the monthly charge increased without notice.
473,CUST-000417,2026-04-20,2026-04-20,billing,medium,closed,11.17,Asked why the monthly charge increased without notice.
474,CUST-000417,2026-05-22,,other,low,open,,Provided feedback about the onboarding experience.
475,CUST-000417,2026-03-26,2026-03-29,billing,low,closed,75.77,Requested a refund for a duplicate charge.
476,CUST-000417,2026-05-26,2026-05-28,technical,low,closed,70.21,App crashes when loading the dashboard view.
477,CUST-000417,2026-07-31,2026-08-01,billing,high,closed,39.78,Reported a failed payment and requested a retry.
478,CUST-000418,2026-09-13,2026-09-14,billing,low,closed,26.07,Asked why the monthly charge increased without notice.
479,CUST-000418,2026-09-02,2026-09-02,billing,high,closed,3.36,Requested a refund for a duplicate charge.
480,CUST-000422,2026-07-06,2026-07-07,billing,medium,closed,38.76,Requested a refund for a duplicate charge.
481,CUST-000423,2026-08-17,2026-08-18,other,high,closed,34.77,Provided feedback about the onboarding experience.
482,CUST-000424,2026-07-29,2026-08-01,billing,medium,closed,82.87,Asked why the monthly charge increased without notice.
483,CUST-000424,2026-09-01,,technical,medium,open,,Requested help configuring an integration.
484,CUST-000424,2026-08-25,2026-08-26,technical,medium,closed,34.73,Requested help configuring an integration.
485,CUST-000425,2026-05-04,2026-05-04,other,medium,closed,17.54,Asked about cancellation policy and notice period.
486,CUST-000425,2026-03-22,2026-03-23,other,medium,closed,26.22,Provided feedback about the onboarding experience.
487,CUST-000426,2026-06-17,2026-06-17,billing,medium,closed,18.5,Asked why the monthly charge increased without notice.
488,CUST-000427,2026-08-11,2026-08-14,billing,medium,closed,76.67,Reported a failed payment and requested a retry.
489,CUST-000427,2026-08-05,2026-08-05,billing,high,closed,14.01,Reported a failed payment and requested a retry.
490,CUST-000427,2026-06-27,2026-06-27,billing,high,closed,16.32,Customer disputes a charge on their most recent invoice.
491,CUST-000428,2026-08-29,2026-08-30,technical,low,closed,44.52,Requested help configuring an integration.
492,CUST-000429,2026-06-24,2026-06-25,billing,medium,closed,46.82,Requested a refund for a duplicate charge.
493,CUST-000432,2026-07-21,2026-07-21,other,low,closed,8.8,Requested a copy of past invoices.
494,CUST-000433,2026-06-13,2026-06-13,other,high,closed,4.99,Asked about cancellation policy and notice period.
495,CUST-000434,2026-09-07,2026-09-08,technical,medium,closed,35.69,App crashes when loading the dashboard view.
496,CUST-000436,2026-08-26,2026-08-26,technical,low,closed,12.64,Feature X is not syncing data correctly.
497,CUST-000437,2026-03-23,2026-03-23,billing,low,closed,12.19,Customer disputes a charge on their most recent invoice.
498,CUST-000437,2026-04-09,2026-04-09,billing,medium,closed,9.23,Customer disputes a charge on their most recent invoice.
499,CUST-000437,2026-07-13,2026-07-15,billing,high,closed,65.87,Reported a failed payment and requested a retry.
500,CUST-000437,2026-07-18,2026-07-21,technical,high,closed,72.01,Feature X is not syncing data correctly.
501,CUST-000439,2026-07-26,,other,medium,open,,General question about plan upgrade options.
502,CUST-000439,2026-05-01,,billing,low,open,,Requested a refund for a duplicate charge.
503,CUST-000440,2026-06-17,2026-06-17,billing,low,closed,5.83,Asked why the monthly charge increased without notice.
504,CUST-000441,2026-09-15,2026-09-16,billing,low,closed,34.69,Reported a failed payment and requested a retry.
505,CUST-000441,2026-04-17,2026-04-17,technical,medium,closed,7.07,App crashes when loading the dashboard view.
506,CUST-000441,2026-09-06,2026-09-06,technical,low,closed,21.13,Requested help configuring an integration.
507,CUST-000442,2026-04-23,2026-04-26,billing,low,closed,76.22,Reported a failed payment and requested a retry.
508,CUST-000442,2026-05-24,,technical,high,open,,App crashes when loading the dashboard view.
509,CUST-000442,2026-05-14,2026-05-14,technical,medium,closed,2.65,Requested help configuring an integration.
510,CUST-000442,2026-05-20,,billing,medium,open,,Customer disputes a charge on their most recent invoice.
511,CUST-000443,2026-06-12,2026-06-13,other,medium,closed,30.04,Provided feedback about the onboarding experience.
512,CUST-000444,2026-07-31,2026-08-01,other,low,closed,35.15,Requested a copy of past invoices.
513,CUST-000445,2026-09-03,2026-09-03,technical,medium,closed,11.71,Reported repeated login failures over the past week.
514,CUST-000449,2026-06-26,,other,high,open,,Requested a copy of past invoices.
515,CUST-000453,2026-04-06,2026-04-07,other,high,closed,44.28,Provided feedback about the onboarding experience.
516,CUST-000454,2026-08-22,,other,high,open,,Requested a copy of past invoices.
517,CUST-000455,2026-05-13,2026-05-14,billing,low,closed,45.91,Asked why the monthly charge increased without notice.
518,CUST-000455,2026-04-26,,other,high,open,,General question about plan upgrade options.
519,CUST-000455,2026-05-02,,other,medium,open,,Requested a copy of past invoices.
520,CUST-000456,2026-04-25,,billing,medium,open,,Reported a failed payment and requested a retry.
521,CUST-000456,2026-05-02,2026-05-02,billing,high,closed,7.81,Reported a failed payment and requested a retry.
522,CUST-000456,2026-07-22,,technical,high,open,,Reported repeated login failures over the past week.
523,CUST-000456,2026-08-20,,technical,medium,open,,Feature X is not syncing data correctly.
524,CUST-000456,2026-08-21,2026-08-22,technical,medium,closed,43.63,App crashes when loading the dashboard view.
525,CUST-000458,2026-04-02,,billing,medium,open,,Requested a refund for a duplicate charge.
526,CUST-000458,2026-07-09,2026-07-11,billing,medium,closed,68.3,Reported a failed payment and requested a retry.
527,CUST-000459,2026-08-11,2026-08-11,technical,medium,closed,19.63,Feature X is not syncing data correctly.
528,CUST-000460,2026-04-04,2026-04-04,other,low,closed,19.75,General question about plan upgrade options.
529,CUST-000462,2026-08-12,,technical,medium,open,,Requested help configuring an integration.
530,CUST-000462,2026-08-28,,technical,medium,open,,App crashes when loading the dashboard view.
531,CUST-000468,2026-08-17,2026-08-17,billing,medium,closed,22.61,Customer disputes a charge on their most recent invoice.
532,CUST-000468,2026-09-04,,technical,medium,open,,Requested help configuring an integration.
533,CUST-000469,2026-05-07,2026-05-10,billing,high,closed,92.44,Asked why the monthly charge increased without notice.
534,CUST-000469,2026-06-10,,billing,high,open,,Requested a refund for a duplicate charge.
535,CUST-000469,2026-06-21,2026-06-22,other,medium,closed,45.06,Asked about cancellation policy and notice period.
536,CUST-000469,2026-03-25,,technical,medium,open,,Requested help configuring an integration.
537,CUST-000469,2026-06-28,,billing,high,open,,Reported a failed payment and requested a retry.
538,CUST-000469,2026-04-27,2026-04-29,technical,low,closed,66.35,Requested help configuring an integration.
539,CUST-000470,2026-04-09,2026-04-11,technical,low,closed,53.43,App crashes when loading the dashboard view.
540,CUST-000470,2026-08-21,,other,low,open,,Provided feedback about the onboarding experience.
541,CUST-000470,2026-09-14,2026-09-17,other,medium,closed,94.52,General question about plan upgrade options.
542,CUST-000470,2026-06-23,2026-06-23,billing,low,closed,17.55,Customer disputes a charge on their most recent invoice.
543,CUST-000470,2026-08-21,2026-08-22,billing,medium,closed,25.96,Requested a refund for a duplicate charge.
544,CUST-000470,2026-08-29,2026-08-29,technical,medium,closed,14.58,App crashes when loading the dashboard view.
545,CUST-000472,2026-07-15,2026-07-15,other,low,closed,21.91,Requested a copy of past invoices.
546,CUST-000473,2026-07-23,2026-07-26,billing,medium,closed,94.38,Reported a failed payment and requested a retry.
547,CUST-000473,2026-06-30,2026-06-30,other,low,closed,14.37,General question about plan upgrade options.
548,CUST-000474,2026-07-28,2026-07-28,billing,medium,closed,21.37,Asked why the monthly charge increased without notice.
549,CUST-000474,2026-07-05,2026-07-07,technical,low,closed,64.66,Reported repeated login failures over the past week.
550,CUST-000474,2026-08-12,,billing,medium,open,,Customer disputes a charge on their most recent invoice.
551,CUST-000474,2026-04-22,2026-04-24,technical,medium,closed,56.9,Requested help configuring an integration.
552,CUST-000475,2026-08-28,2026-08-29,other,medium,closed,36.15,Provided feedback about the onboarding experience.
553,CUST-000476,2026-06-15,2026-06-17,billing,low,closed,59.8,Reported a failed payment and requested a retry.
554,CUST-000476,2026-06-05,2026-06-05,billing,medium,closed,1.13,Customer disputes a charge on their most recent invoice.
555,CUST-000477,2026-06-24,2026-06-27,technical,high,closed,80.23,Reported repeated login failures over the past week.
556,CUST-000479,2026-08-22,2026-08-23,technical,medium,closed,39.28,Requested help configuring an integration.
557,CUST-000480,2026-06-01,2026-06-01,other,medium,closed,10.56,General question about plan upgrade options.
558,CUST-000481,2026-08-21,,billing,high,open,,Customer disputes a charge on their most recent invoice.
559,CUST-000481,2026-08-17,2026-08-18,technical,medium,closed,40.87,Feature X is not syncing data correctly.
560,CUST-000482,2026-05-07,2026-05-08,other,low,closed,36.3,Provided feedback about the onboarding experience.
561,CUST-000482,2026-06-24,,technical,medium,open,,Requested help configuring an integration.
562,CUST-000482,2026-05-04,2026-05-07,billing,low,closed,94.11,Asked why the monthly charge increased without notice.
563,CUST-000483,2026-06-24,2026-06-24,technical,medium,closed,4.07,App crashes when loading the dashboard view.
564,CUST-000484,2026-05-04,2026-05-05,technical,low,closed,47.79,App crashes when loading the dashboard view.
565,CUST-000484,2026-06-29,2026-07-02,billing,medium,closed,79.55,Reported a failed payment and requested a retry.
566,CUST-000484,2026-08-06,,billing,medium,open,,Requested a refund for a duplicate charge.
567,CUST-000485,2026-08-02,2026-08-03,billing,low,closed,35.8,Asked why the monthly charge increased without notice.
568,CUST-000485,2026-08-05,,technical,medium,open,,App crashes when loading the dashboard view.
569,CUST-000486,2026-06-13,,technical,low,open,,Requested help configuring an integration.
570,CUST-000487,2026-08-09,2026-08-09,billing,low,closed,1.72,Customer disputes a charge on their most recent invoice.
571,CUST-000487,2026-08-17,2026-08-20,other,medium,closed,91.97,Requested a copy of past invoices.
572,CUST-000487,2026-04-05,2026-04-08,billing,high,closed,84.7,Customer disputes a charge on their most recent invoice.
573,CUST-000487,2026-08-04,,billing,high,open,,Asked why the monthly charge increased without notice.
574,CUST-000487,2026-07-09,2026-07-09,billing,low,closed,15.78,Customer disputes a charge on their most recent invoice.
575,CUST-000487,2026-09-08,,technical,high,open,,App crashes when loading the dashboard view.
576,CUST-000488,2026-08-02,,technical,medium,open,,Requested help configuring an integration.
577,CUST-000488,2026-07-22,2026-07-23,technical,medium,closed,28.05,Reported repeated login failures over the past week.
578,CUST-000491,2026-08-11,2026-08-12,technical,medium,closed,24.08,Feature X is not syncing data correctly.
579,CUST-000492,2026-08-10,2026-08-11,other,high,closed,42.68,General question about plan upgrade options.
580,CUST-000493,2026-06-20,,technical,medium,open,,Reported repeated login failures over the past week.
581,CUST-000494,2026-03-22,2026-03-24,technical,medium,closed,67.03,Reported repeated login failures over the past week.
582,CUST-000495,2026-07-21,2026-07-22,billing,medium,closed,27.19,Requested a refund for a duplicate charge.
583,CUST-000496,2026-06-04,2026-06-06,billing,low,closed,50.37,Requested a refund for a duplicate charge.
584,CUST-000496,2026-05-26,2026-05-26,billing,medium,closed,7.99,Requested a refund for a duplicate charge.
585,CUST-000496,2026-04-04,,billing,medium,open,,Reported a failed payment and requested a retry.
586,CUST-000496,2026-08-10,,technical,medium,open,,Feature X is not syncing data correctly.
587,CUST-000496,2026-04-14,2026-04-14,billing,medium,closed,4.14,Reported a failed payment and requested a retry.
588,CUST-000496,2026-04-05,2026-04-05,billing,low,closed,20.47,Requested a refund for a duplicate charge.
589,CUST-000498,2026-04-29,2026-04-29,other,high,closed,22.87,General question about plan upgrade options.
590,CUST-000502,2026-07-27,2026-07-27,technical,high,closed,22.08,Reported repeated login failures over the past week.
591,CUST-000504,2026-06-12,2026-06-12,billing,low,closed,20.62,Asked why the monthly charge increased without notice.
592,CUST-000504,2026-05-11,2026-05-12,other,low,closed,45.64,Provided feedback about the onboarding experience.
593,CUST-000504,2026-07-11,2026-07-12,billing,high,closed,35.98,Requested a refund for a duplicate charge.
594,CUST-000505,2026-08-07,,billing,low,open,,Customer disputes a charge on their most recent invoice.
595,CUST-000505,2026-08-12,,billing,low,open,,Customer disputes a charge on their most recent invoice.
596,CUST-000505,2026-03-28,2026-03-31,billing,medium,closed,85.66,Asked why the monthly charge increased without notice.
597,CUST-000507,2026-06-25,2026-06-26,billing,high,closed,28.6,Reported a failed payment and requested a retry.
598,CUST-000507,2026-05-31,,other,low,open,,Asked about cancellation policy and notice period.
599,CUST-000508,2026-04-08,2026-04-09,technical,medium,closed,46.93,Feature X is not syncing data correctly.
600,CUST-000508,2026-05-20,,other,low,open,,Asked about cancellation policy and notice period.
601,CUST-000509,2026-07-19,,technical,medium,open,,Reported repeated login failures over the past week.
602,CUST-000509,2026-04-07,,technical,medium,open,,Requested help configuring an integration.
603,CUST-000509,2026-04-21,,billing,high,open,,Requested a refund for a duplicate charge.
604,CUST-000510,2026-07-25,,billing,low,open,,Asked why the monthly charge increased without notice.
605,CUST-000510,2026-03-26,2026-03-27,technical,medium,closed,41.48,Reported repeated login failures over the past week.
606,CUST-000511,2026-05-18,2026-05-18,technical,medium,closed,17.07,Feature X is not syncing data correctly.
607,CUST-000513,2026-08-03,2026-08-03,technical,medium,closed,10.95,Feature X is not syncing data correctly.
608,CUST-000514,2026-05-13,,other,medium,open,,General question about plan upgrade options.
609,CUST-000516,2026-08-07,2026-08-07,technical,medium,closed,4.49,App crashes when loading the dashboard view.
610,CUST-000517,2026-06-17,2026-06-17,billing,medium,closed,18.46,Reported a failed payment and requested a retry.
611,CUST-000517,2026-07-18,2026-07-21,billing,high,closed,78.22,Customer disputes a charge on their most recent invoice.
612,CUST-000522,2026-07-04,2026-07-04,billing,medium,closed,2.64,Asked why the monthly charge increased without notice.
613,CUST-000522,2026-08-12,2026-08-13,technical,medium,closed,38.01,Feature X is not syncing data correctly.
614,CUST-000523,2026-09-05,2026-09-06,billing,medium,closed,47.14,Requested a refund for a duplicate charge.
615,CUST-000523,2026-06-23,2026-06-26,technical,high,closed,83.06,App crashes when loading the dashboard view.
616,CUST-000526,2026-05-04,2026-05-04,billing,high,closed,19.58,Customer disputes a charge on their most recent invoice.
617,CUST-000526,2026-05-05,2026-05-07,billing,high,closed,50.24,Requested a refund for a duplicate charge.
618,CUST-000527,2026-09-01,2026-09-02,technical,low,closed,24.87,Feature X is not syncing data correctly.
619,CUST-000527,2026-07-06,2026-07-07,other,low,closed,35.14,General question about plan upgrade options.
620,CUST-000528,2026-06-07,,billing,medium,open,,Reported a failed payment and requested a retry.
621,CUST-000529,2026-08-01,,other,low,open,,Provided feedback about the onboarding experience.
622,CUST-000531,2026-06-05,,technical,low,open,,Reported repeated login failures over the past week.
623,CUST-000531,2026-03-28,2026-03-28,billing,medium,closed,6.95,Asked why the monthly charge increased without notice.
624,CUST-000533,2026-03-23,2026-03-26,billing,high,closed,92.46,Requested a refund for a duplicate charge.
625,CUST-000533,2026-07-06,2026-07-06,technical,high,closed,3.82,App crashes when loading the dashboard view.
626,CUST-000535,2026-07-27,2026-07-27,billing,medium,closed,23.25,Customer disputes a charge on their most recent invoice.
627,CUST-000535,2026-05-07,,billing,medium,open,,Customer disputes a charge on their most recent invoice.
628,CUST-000535,2026-06-03,,technical,medium,open,,App crashes when loading the dashboard view.
629,CUST-000535,2026-04-21,,billing,low,open,,Reported a failed payment and requested a retry.
630,CUST-000536,2026-04-15,,billing,high,open,,Reported a failed payment and requested a retry.
631,CUST-000537,2026-05-04,2026-05-05,billing,medium,closed,33.51,Reported a failed payment and requested a retry.
632,CUST-000537,2026-07-25,,other,high,open,,General question about plan upgrade options.
633,CUST-000537,2026-04-18,2026-04-19,other,low,closed,36.28,General question about plan upgrade options.
634,CUST-000538,2026-05-20,2026-05-21,other,medium,closed,40.14,Asked about cancellation policy and notice period.
635,CUST-000538,2026-08-22,2026-08-22,other,high,closed,11.67,Asked about cancellation policy and notice period.
636,CUST-000538,2026-04-24,,billing,medium,open,,Reported a failed payment and requested a retry.
637,CUST-000539,2026-06-11,2026-06-12,billing,low,closed,24.52,Requested a refund for a duplicate charge.
638,CUST-000540,2026-07-28,2026-07-29,technical,medium,closed,24.54,App crashes when loading the dashboard view.
639,CUST-000541,2026-07-09,2026-07-09,technical,medium,closed,3.18,Feature X is not syncing data correctly.
640,CUST-000542,2026-04-20,,technical,medium,open,,Requested help configuring an integration.
641,CUST-000543,2026-07-10,2026-07-10,other,low,closed,8.76,Requested a copy of past invoices.
642,CUST-000543,2026-06-08,2026-06-08,technical,low,closed,9.82,App crashes when loading the dashboard view.
643,CUST-000544,2026-07-16,2026-07-17,technical,medium,closed,47.0,Feature X is not syncing data correctly.
644,CUST-000545,2026-06-01,2026-06-01,technical,low,closed,7.27,Requested help configuring an integration.
645,CUST-000546,2026-07-03,,billing,medium,open,,Reported a failed payment and requested a retry.
646,CUST-000546,2026-05-17,2026-05-20,billing,low,closed,80.83,Customer disputes a charge on their most recent invoice.
647,CUST-000549,2026-08-07,2026-08-07,billing,low,closed,20.86,Customer disputes a charge on their most recent invoice.
648,CUST-000550,2026-06-29,2026-06-30,billing,medium,closed,40.13,Requested a refund for a duplicate charge.
649,CUST-000551,2026-05-26,2026-05-27,technical,medium,closed,25.94,Requested help configuring an integration.
650,CUST-000551,2026-05-14,,billing,medium,open,,Requested a refund for a duplicate charge.
651,CUST-000552,2026-09-05,2026-09-06,other,low,closed,47.89,General question about plan upgrade options.
652,CUST-000553,2026-07-20,2026-07-23,other,medium,closed,93.87,Asked about cancellation policy and notice period.
653,CUST-000553,2026-07-16,2026-07-19,other,medium,closed,93.33,Provided feedback about the onboarding experience.
654,CUST-000553,2026-04-27,,technical,low,open,,Requested help configuring an integration.
655,CUST-000554,2026-09-07,2026-09-08,other,medium,closed,31.93,Asked about cancellation policy and notice period.
656,CUST-000555,2026-06-06,2026-06-06,other,low,closed,10.82,Asked about cancellation policy and notice period.
657,CUST-000555,2026-05-12,2026-05-13,billing,medium,closed,33.94,Requested a refund for a duplicate charge.
658,CUST-000557,2026-08-05,2026-08-06,billing,medium,closed,32.16,Asked why the monthly charge increased without notice.
659,CUST-000558,2026-04-17,,technical,low,open,,Reported repeated login failures over the past week.
660,CUST-000559,2026-06-08,2026-06-08,other,low,closed,20.86,Requested a copy of past invoices.
661,CUST-000561,2026-04-24,,billing,high,open,,Requested a refund for a duplicate charge.
662,CUST-000561,2026-08-13,2026-08-16,billing,medium,closed,94.46,Asked why the monthly charge increased without notice.
663,CUST-000561,2026-07-13,2026-07-15,technical,medium,closed,66.51,Feature X is not syncing data correctly.
664,CUST-000561,2026-07-22,,technical,medium,open,,App crashes when loading the dashboard view.
665,CUST-000562,2026-04-04,2026-04-04,billing,medium,closed,5.73,Customer disputes a charge on their most recent invoice.
666,CUST-000563,2026-08-14,2026-08-14,technical,medium,closed,12.95,App crashes when loading the dashboard view.
667,CUST-000567,2026-06-14,2026-06-14,technical,low,closed,22.8,App crashes when loading the dashboard view.
668,CUST-000568,2026-07-29,2026-07-30,billing,medium,closed,29.94,Customer disputes a charge on their most recent invoice.
669,CUST-000569,2026-03-31,,other,medium,open,,General question about plan upgrade options.
670,CUST-000569,2026-05-12,,billing,high,open,,Requested a refund for a duplicate charge.
671,CUST-000569,2026-03-25,,technical,medium,open,,Feature X is not syncing data correctly.
672,CUST-000570,2026-05-23,2026-05-25,technical,high,closed,71.99,Feature X is not syncing data correctly.
673,CUST-000570,2026-04-10,2026-04-10,technical,medium,closed,4.34,Feature X is not syncing data correctly.
674,CUST-000570,2026-09-11,,technical,low,open,,App crashes when loading the dashboard view.
675,CUST-000573,2026-03-24,2026-03-25,billing,medium,closed,40.57,Customer disputes a charge on their most recent invoice.
676,CUST-000574,2026-04-07,2026-04-08,other,high,closed,41.98,Requested a copy of past invoices.
677,CUST-000577,2026-06-15,2026-06-16,technical,low,closed,45.55,App crashes when loading the dashboard view.
678,CUST-000579,2026-03-23,2026-03-24,billing,medium,closed,29.3,Customer disputes a charge on their most recent invoice.
679,CUST-000580,2026-05-16,,billing,high,open,,Reported a failed payment and requested a retry.
680,CUST-000581,2026-08-28,,billing,low,open,,Reported a failed payment and requested a retry.
681,CUST-000582,2026-07-11,2026-07-12,billing,medium,closed,33.46,Reported a failed payment and requested a retry.
682,CUST-000583,2026-04-11,2026-04-13,technical,high,closed,63.64,Reported repeated login failures over the past week.
683,CUST-000584,2026-06-17,2026-06-18,technical,low,closed,44.14,Feature X is not syncing data correctly.
684,CUST-000585,2026-09-02,2026-09-02,technical,medium,closed,21.51,Feature X is not syncing data correctly.
685,CUST-000587,2026-08-23,,billing,low,open,,Reported a failed payment and requested a retry.
686,CUST-000588,2026-04-17,,technical,low,open,,Feature X is not syncing data correctly.
687,CUST-000588,2026-05-10,,technical,medium,open,,App crashes when loading the dashboard view.
688,CUST-000588,2026-08-21,,other,medium,open,,Provided feedback about the onboarding experience.
689,CUST-000588,2026-08-09,2026-08-11,technical,high,closed,68.34,Feature X is not syncing data correctly.
690,CUST-000589,2026-08-26,2026-08-27,technical,medium,closed,25.29,Requested help configuring an integration.
691,CUST-000590,2026-07-13,2026-07-14,billing,medium,closed,36.56,Reported a failed payment and requested a retry.
692,CUST-000592,2026-05-07,,technical,medium,open,,Feature X is not syncing data correctly.
693,CUST-000592,2026-09-11,2026-09-11,billing,low,closed,6.59,Reported a failed payment and requested a retry.
694,CUST-000592,2026-07-06,2026-07-08,technical,low,closed,59.22,Reported repeated login failures over the past week.
695,CUST-000592,2026-04-29,2026-05-02,billing,medium,closed,87.87,Requested a refund for a duplicate charge.
696,CUST-000592,2026-04-19,,technical,medium,open,,App crashes when loading the dashboard view.
697,CUST-000593,2026-05-29,2026-05-30,billing,low,closed,24.53,Customer disputes a charge on their most recent invoice.
698,CUST-000593,2026-05-23,,technical,low,open,,App crashes when loading the dashboard view.
699,CUST-000593,2026-06-13,,other,medium,open,,Asked about cancellation policy and notice period.
700,CUST-000593,2026-06-29,2026-07-02,billing,medium,closed,85.03,Reported a failed payment and requested a retry.
701,CUST-000594,2026-04-04,2026-04-05,technical,low,closed,31.07,App crashes when loading the dashboard view.
702,CUST-000595,2026-08-06,2026-08-06,billing,medium,closed,7.95,Reported a failed payment and requested a retry.
703,CUST-000598,2026-09-14,2026-09-15,technical,medium,closed,40.98,Reported repeated login failures over the past week.
704,CUST-000599,2026-07-14,2026-07-14,technical,low,closed,20.79,Requested help configuring an integration.
705,CUST-000604,2026-07-29,2026-07-30,other,high,closed,42.37,General question about plan upgrade options.
706,CUST-000604,2026-05-01,2026-05-02,technical,low,closed,46.37,Feature X is not syncing data correctly.
707,CUST-000606,2026-08-23,2026-08-23,technical,low,closed,9.16,Feature X is not syncing data correctly.
708,CUST-000608,2026-06-02,,billing,medium,open,,Asked why the monthly charge increased without notice.
709,CUST-000608,2026-08-10,,billing,low,open,,Reported a failed payment and requested a retry.
710,CUST-000609,2026-09-11,2026-09-11,billing,low,closed,9.87,Reported a failed payment and requested a retry.
711,CUST-000611,2026-04-03,,billing,medium,open,,Customer disputes a charge on their most recent invoice.
712,CUST-000612,2026-06-17,2026-06-17,technical,medium,closed,1.4,Requested help configuring an integration.
713,CUST-000612,2026-06-11,,other,medium,open,,General question about plan upgrade options.
714,CUST-000616,2026-03-30,2026-03-31,other,low,closed,26.18,Provided feedback about the onboarding experience.
715,CUST-000617,2026-07-13,2026-07-13,other,medium,closed,7.39,Requested a copy of past invoices.
716,CUST-000617,2026-08-21,2026-08-22,billing,high,closed,37.15,Asked why the monthly charge increased without notice.
717,CUST-000618,2026-07-13,2026-07-13,other,low,closed,1.47,Provided feedback about the onboarding experience.
718,CUST-000619,2026-05-24,2026-05-24,billing,medium,closed,7.34,Reported a failed payment and requested a retry.
719,CUST-000619,2026-05-05,2026-05-05,technical,medium,closed,9.34,Requested help configuring an integration.
720,CUST-000620,2026-04-23,,technical,high,open,,App crashes when loading the dashboard view.
721,CUST-000620,2026-04-17,,other,high,open,,Requested a copy of past invoices.
722,CUST-000620,2026-08-18,2026-08-20,billing,high,closed,56.36,Asked why the monthly charge increased without notice.
723,CUST-000620,2026-03-30,2026-03-30,billing,low,closed,4.86,Reported a failed payment and requested a retry.
724,CUST-000621,2026-07-24,2026-07-24,billing,low,closed,12.5,Asked why the monthly charge increased without notice.
725,CUST-000623,2026-05-05,2026-05-06,billing,medium,closed,33.59,Requested a refund for a duplicate charge.
726,CUST-000623,2026-08-19,2026-08-19,technical,medium,closed,23.63,Reported repeated login failures over the past week.
727,CUST-000624,2026-05-31,2026-06-02,billing,low,closed,54.83,Requested a refund for a duplicate charge.
728,CUST-000624,2026-06-10,2026-06-12,technical,low,closed,53.85,Reported repeated login failures over the past week.
729,CUST-000624,2026-04-06,2026-04-07,billing,medium,closed,43.97,Requested a refund for a duplicate charge.
730,CUST-000627,2026-06-18,2026-06-18,technical,low,closed,1.21,Feature X is not syncing data correctly.
731,CUST-000627,2026-04-20,2026-04-20,billing,medium,closed,4.41,Asked why the monthly charge increased without notice.
732,CUST-000628,2026-06-04,,technical,medium,open,,Feature X is not syncing data correctly.
733,CUST-000628,2026-08-14,2026-08-14,billing,medium,closed,15.12,Reported a failed payment and requested a retry.
734,CUST-000628,2026-07-12,,other,high,open,,Provided feedback about the onboarding experience.
735,CUST-000628,2026-04-12,,billing,high,open,,Customer disputes a charge on their most recent invoice.
736,CUST-000629,2026-04-12,2026-04-13,technical,medium,closed,29.11,App crashes when loading the dashboard view.
737,CUST-000629,2026-08-06,2026-08-07,billing,low,closed,33.86,Requested a refund for a duplicate charge.
738,CUST-000630,2026-08-15,2026-08-16,billing,medium,closed,38.22,Reported a failed payment and requested a retry.
739,CUST-000630,2026-07-13,2026-07-14,other,medium,closed,25.26,Requested a copy of past invoices.
740,CUST-000631,2026-06-11,2026-06-12,technical,medium,closed,27.04,Requested help configuring an integration.
741,CUST-000631,2026-05-20,,technical,high,open,,Feature X is not syncing data correctly.
742,CUST-000631,2026-08-02,,billing,low,open,,Requested a refund for a duplicate charge.
743,CUST-000632,2026-05-25,2026-05-26,billing,high,closed,24.05,Reported a failed payment and requested a retry.
744,CUST-000633,2026-04-18,2026-04-20,technical,low,closed,61.41,Requested help configuring an integration.
745,CUST-000634,2026-09-12,,other,medium,open,,Requested a copy of past invoices.
746,CUST-000635,2026-04-18,,other,low,open,,Provided feedback about the onboarding experience.
747,CUST-000636,2026-08-12,2026-08-13,other,medium,closed,43.04,Provided feedback about the onboarding experience.
748,CUST-000636,2026-06-22,2026-06-23,billing,medium,closed,34.29,Requested a refund for a duplicate charge.
749,CUST-000638,2026-09-13,2026-09-14,technical,low,closed,44.03,Reported repeated login failures over the past week.
750,CUST-000638,2026-05-24,2026-05-24,technical,high,closed,22.2,App crashes when loading the dashboard view.
751,CUST-000638,2026-06-08,2026-06-08,billing,low,closed,15.86,Requested a refund for a duplicate charge.
752,CUST-000639,2026-09-13,2026-09-13,other,low,closed,23.78,Provided feedback about the onboarding experience.
753,CUST-000639,2026-07-26,2026-07-26,technical,low,closed,16.95,Reported repeated login failures over the past week.
754,CUST-000642,2026-03-25,2026-03-25,technical,medium,closed,18.65,Reported repeated login failures over the past week.
755,CUST-000643,2026-08-11,,technical,medium,open,,Requested help configuring an integration.
756,CUST-000643,2026-05-07,2026-05-08,billing,low,closed,37.54,Asked why the monthly charge increased without notice.
757,CUST-000645,2026-06-15,2026-06-15,technical,medium,closed,8.78,Requested help configuring an integration.
758,CUST-000650,2026-08-26,,technical,high,open,,App crashes when loading the dashboard view.
759,CUST-000650,2026-07-22,2026-07-24,billing,low,closed,56.46,Requested a refund for a duplicate charge.
760,CUST-000650,2026-05-22,2026-05-24,technical,high,closed,64.18,Feature X is not syncing data correctly.
761,CUST-000654,2026-06-22,,billing,low,open,,Requested a refund for a duplicate charge.
762,CUST-000654,2026-08-20,,technical,medium,open,,Reported repeated login failures over the past week.
763,CUST-000654,2026-08-30,,technical,high,open,,Feature X is not syncing data correctly.
764,CUST-000654,2026-09-04,2026-09-07,other,medium,closed,86.99,Asked about cancellation policy and notice period.
765,CUST-000654,2026-07-18,,billing,medium,open,,Asked why the monthly charge increased without notice.
766,CUST-000654,2026-03-29,2026-03-31,billing,medium,closed,49.67,Requested a refund for a duplicate charge.
767,CUST-000656,2026-04-13,2026-04-13,technical,medium,closed,19.59,Reported repeated login failures over the past week.
768,CUST-000656,2026-07-26,,other,medium,open,,Asked about cancellation policy and notice period.
769,CUST-000656,2026-04-10,2026-04-11,technical,medium,closed,42.75,Reported repeated login failures over the past week.
770,CUST-000656,2026-08-27,2026-08-29,other,medium,closed,71.68,General question about plan upgrade options.
771,CUST-000657,2026-06-22,,technical,medium,open,,App crashes when loading the dashboard view.
772,CUST-000658,2026-06-29,2026-06-30,billing,low,closed,24.08,Requested a refund for a duplicate charge.
773,CUST-000658,2026-05-02,2026-05-02,technical,low,closed,15.76,Reported repeated login failures over the past week.
774,CUST-000659,2026-07-03,2026-07-03,technical,low,closed,1.33,App crashes when loading the dashboard view.
775,CUST-000660,2026-07-18,2026-07-19,billing,high,closed,47.05,Reported a failed payment and requested a retry.
776,CUST-000661,2026-03-28,2026-03-28,other,low,closed,20.18,Requested a copy of past invoices.
777,CUST-000661,2026-06-06,2026-06-07,other,high,closed,36.98,Provided feedback about the onboarding experience.
778,CUST-000663,2026-06-23,,billing,medium,open,,Asked why the monthly charge increased without notice.
779,CUST-000663,2026-04-28,2026-04-29,other,low,closed,27.22,Provided feedback about the onboarding experience.
780,CUST-000663,2026-04-27,2026-04-29,technical,medium,closed,58.67,Feature X is not syncing data correctly.
781,CUST-000663,2026-08-05,,billing,medium,open,,Asked why the monthly charge increased without notice.
782,CUST-000663,2026-06-10,,billing,medium,open,,Reported a failed payment and requested a retry.
783,CUST-000664,2026-04-10,,other,medium,open,,Provided feedback about the onboarding experience.
784,CUST-000664,2026-08-21,2026-08-21,technical,high,closed,5.64,Requested help configuring an integration.
785,CUST-000664,2026-05-28,2026-05-30,technical,high,closed,49.37,Reported repeated login failures over the past week.
786,CUST-000664,2026-07-03,2026-07-03,technical,low,closed,3.15,Feature X is not syncing data correctly.
787,CUST-000668,2026-06-24,2026-06-25,billing,medium,closed,31.34,Reported a failed payment and requested a retry.
788,CUST-000669,2026-05-24,2026-05-27,other,medium,closed,75.56,Requested a copy of past invoices.
789,CUST-000669,2026-06-01,,billing,medium,open,,Customer disputes a charge on their most recent invoice.
790,CUST-000669,2026-03-26,,billing,medium,open,,Requested a refund for a duplicate charge.
791,CUST-000670,2026-08-29,,other,low,open,,Requested a copy of past invoices.
792,CUST-000671,2026-04-29,2026-04-30,billing,medium,closed,34.0,Requested a refund for a duplicate charge.
793,CUST-000671,2026-07-05,2026-07-06,technical,high,closed,26.86,Reported repeated login failures over the past week.
794,CUST-000673,2026-04-08,,other,medium,open,,General question about plan upgrade options.
795,CUST-000673,2026-05-22,2026-05-23,technical,low,closed,47.97,Reported repeated login failures over the past week.
796,CUST-000673,2026-08-12,2026-08-12,billing,medium,closed,22.3,Reported a failed payment and requested a retry.
797,CUST-000675,2026-08-06,2026-08-06,billing,medium,closed,9.99,Customer disputes a charge on their most recent invoice.
798,CUST-000676,2026-09-12,2026-09-12,technical,medium,closed,2.51,App crashes when loading the dashboard view.
799,CUST-000676,2026-08-06,,billing,low,open,,Requested a refund for a duplicate charge.
800,CUST-000676,2026-08-21,2026-08-23,other,medium,closed,67.42,General question about plan upgrade options.
801,CUST-000676,2026-03-23,2026-03-26,billing,low,closed,93.39,Asked why the monthly charge increased without notice.
802,CUST-000678,2026-04-14,2026-04-16,technical,high,closed,57.73,Requested help configuring an integration.
803,CUST-000678,2026-05-29,,billing,low,open,,Reported a failed payment and requested a retry.
804,CUST-000678,2026-05-27,2026-05-30,billing,high,closed,88.72,Asked why the monthly charge increased without notice.
805,CUST-000678,2026-05-06,2026-05-06,technical,medium,closed,12.4,Requested help configuring an integration.
806,CUST-000679,2026-07-27,,billing,low,open,,Reported a failed payment and requested a retry.
807,CUST-000682,2026-06-25,2026-06-26,technical,high,closed,40.0,Requested help configuring an integration.
808,CUST-000682,2026-09-06,,billing,medium,open,,Reported a failed payment and requested a retry.
809,CUST-000682,2026-03-28,,billing,high,open,,Customer disputes a charge on their most recent invoice.
810,CUST-000683,2026-04-27,2026-04-27,other,low,closed,1.59,Provided feedback about the onboarding experience.
811,CUST-000683,2026-09-12,2026-09-14,billing,medium,closed,67.51,Asked why the monthly charge increased without notice.
812,CUST-000683,2026-07-05,2026-07-08,billing,low,closed,94.0,Requested a refund for a duplicate charge.
813,CUST-000684,2026-04-01,2026-04-04,technical,medium,closed,91.96,Requested help configuring an integration.
814,CUST-000684,2026-08-20,2026-08-22,billing,medium,closed,53.04,Requested a refund for a duplicate charge.
815,CUST-000685,2026-07-29,2026-07-29,technical,low,closed,13.73,App crashes when loading the dashboard view.
816,CUST-000688,2026-08-12,2026-08-13,technical,medium,closed,42.55,Reported repeated login failures over the past week.
817,CUST-000688,2026-05-05,2026-05-06,billing,high,closed,43.67,Reported a failed payment and requested a retry.
818,CUST-000688,2026-07-26,2026-07-26,billing,medium,closed,17.0,Requested a refund for a duplicate charge.
819,CUST-000690,2026-08-30,2026-08-30,technical,high,closed,13.64,Reported repeated login failures over the past week.
820,CUST-000691,2026-08-06,2026-08-06,billing,low,closed,10.84,Asked why the monthly charge increased without notice.
821,CUST-000692,2026-05-13,,other,medium,open,,Provided feedback about the onboarding experience.
822,CUST-000693,2026-09-01,,other,high,open,,General question about plan upgrade options.
823,CUST-000696,2026-06-19,2026-06-20,other,high,closed,38.03,Requested a copy of past invoices.
824,CUST-000696,2026-08-15,2026-08-16,billing,low,closed,30.6,Reported a failed payment and requested a retry.
825,CUST-000699,2026-08-29,2026-08-30,technical,medium,closed,32.22,Feature X is not syncing data correctly.
826,CUST-000699,2026-07-07,,technical,medium,open,,Feature X is not syncing data correctly.
827,CUST-000699,2026-05-27,,technical,low,open,,App crashes when loading the dashboard view.
828,CUST-000700,2026-06-09,,technical,low,open,,Requested help configuring an integration.
829,CUST-000700,2026-03-21,,billing,low,open,,Requested a refund for a duplicate charge.
830,CUST-000700,2026-04-25,2026-04-25,other,low,closed,19.94,Requested a copy of past invoices.
831,CUST-000701,2026-08-13,2026-08-14,billing,medium,closed,36.71,Requested a refund for a duplicate charge.
832,CUST-000702,2026-04-26,2026-04-27,billing,high,closed,47.31,Requested a refund for a duplicate charge.
833,CUST-000702,2026-06-12,2026-06-14,billing,low,closed,54.78,Customer disputes a charge on their most recent invoice.
834,CUST-000702,2026-07-24,2026-07-26,billing,medium,closed,48.98,Requested a refund for a duplicate charge.
835,CUST-000702,2026-04-20,2026-04-22,billing,medium,closed,54.5,Asked why the monthly charge increased without notice.
836,CUST-000702,2026-06-09,,technical,low,open,,Reported repeated login failures over the past week.
837,CUST-000702,2026-08-09,2026-08-11,technical,low,closed,68.49,Reported repeated login failures over the past week.
838,CUST-000703,2026-08-07,,billing,medium,open,,Asked why the monthly charge increased without notice.
839,CUST-000703,2026-07-05,,billing,medium,open,,Reported a failed payment and requested a retry.
840,CUST-000707,2026-06-07,2026-06-08,billing,medium,closed,37.6,Asked why the monthly charge increased without notice.
841,CUST-000707,2026-06-06,2026-06-07,technical,low,closed,41.46,Feature X is not syncing data correctly.
842,CUST-000708,2026-08-29,2026-08-29,other,medium,closed,11.4,Provided feedback about the onboarding experience.
843,CUST-000709,2026-08-22,,other,high,open,,Requested a copy of past invoices.
844,CUST-000709,2026-07-21,,technical,high,open,,App crashes when loading the dashboard view.
845,CUST-000710,2026-08-02,2026-08-05,technical,low,closed,82.52,App crashes when loading the dashboard view.
846,CUST-000710,2026-06-27,,billing,medium,open,,Reported a failed payment and requested a retry.
847,CUST-000710,2026-04-25,2026-04-27,billing,high,closed,66.71,Reported a failed payment and requested a retry.
848,CUST-000710,2026-09-07,2026-09-07,billing,low,closed,8.69,Reported a failed payment and requested a retry.
849,CUST-000711,2026-04-28,2026-04-28,technical,low,closed,4.86,Requested help configuring an integration.
850,CUST-000711,2026-05-29,2026-05-29,other,high,closed,1.36,Provided feedback about the onboarding experience.
851,CUST-000711,2026-05-01,2026-05-01,other,medium,closed,7.05,Asked about cancellation policy and notice period.
852,CUST-000711,2026-05-25,,technical,high,open,,App crashes when loading the dashboard view.
853,CUST-000714,2026-03-28,,technical,low,open,,Requested help configuring an integration.
854,CUST-000714,2026-06-17,2026-06-17,billing,medium,closed,20.09,Requested a refund for a duplicate charge.
855,CUST-000715,2026-05-06,,billing,medium,open,,Reported a failed payment and requested a retry.
856,CUST-000715,2026-04-02,2026-04-02,technical,high,closed,4.61,Reported repeated login failures over the past week.
857,CUST-000716,2026-09-09,2026-09-12,technical,medium,closed,80.07,Reported repeated login failures over the past week.
858,CUST-000716,2026-04-26,2026-04-29,other,medium,closed,83.38,Provided feedback about the onboarding experience.
859,CUST-000716,2026-05-05,,technical,high,open,,Reported repeated login failures over the past week.
860,CUST-000717,2026-06-23,2026-06-23,other,high,closed,18.6,General question about plan upgrade options.
861,CUST-000717,2026-08-02,,other,medium,open,,Provided feedback about the onboarding experience.
862,CUST-000720,2026-08-17,,billing,medium,open,,Reported a failed payment and requested a retry.
863,CUST-000721,2026-09-06,2026-09-07,other,medium,closed,36.09,Requested a copy of past invoices.
864,CUST-000722,2026-05-09,,billing,low,open,,Requested a refund for a duplicate charge.
865,CUST-000722,2026-07-26,2026-07-26,technical,low,closed,17.37,Feature X is not syncing data correctly.
866,CUST-000722,2026-04-12,2026-04-12,billing,medium,closed,20.92,Asked why the monthly charge increased without notice.
867,CUST-000723,2026-08-20,,billing,medium,open,,Reported a failed payment and requested a retry.
868,CUST-000723,2026-08-09,,billing,low,open,,Reported a failed payment and requested a retry.
869,CUST-000723,2026-06-03,,billing,medium,open,,Requested a refund for a duplicate charge.
870,CUST-000723,2026-03-31,,billing,low,open,,Requested a refund for a duplicate charge.
871,CUST-000723,2026-08-08,2026-08-10,billing,medium,closed,57.05,Requested a refund for a duplicate charge.
872,CUST-000725,2026-09-04,2026-09-04,billing,medium,closed,13.16,Requested a refund for a duplicate charge.
873,CUST-000728,2026-07-23,,other,medium,open,,Asked about cancellation policy and notice period.
874,CUST-000729,2026-05-14,2026-05-17,technical,medium,closed,94.87,Reported repeated login failures over the past week.
875,CUST-000729,2026-04-01,,billing,medium,open,,Requested a refund for a duplicate charge.
876,CUST-000730,2026-07-15,,technical,low,open,,Feature X is not syncing data correctly.
877,CUST-000730,2026-04-30,,technical,high,open,,Feature X is not syncing data correctly.
878,CUST-000730,2026-07-30,2026-08-01,technical,medium,closed,62.47,App crashes when loading the dashboard view.
879,CUST-000730,2026-09-15,,technical,medium,open,,Feature X is not syncing data correctly.
880,CUST-000730,2026-04-16,,billing,medium,open,,Customer disputes a charge on their most recent invoice.
881,CUST-000730,2026-07-17,,billing,medium,open,,Customer disputes a charge on their most recent invoice.
882,CUST-000731,2026-08-12,2026-08-15,other,medium,closed,91.26,Provided feedback about the onboarding experience.
883,CUST-000731,2026-05-21,,billing,low,open,,Reported a failed payment and requested a retry.
884,CUST-000731,2026-08-17,2026-08-18,billing,medium,closed,39.38,Reported a failed payment and requested a retry.
885,CUST-000731,2026-04-28,2026-05-01,other,low,closed,72.65,Asked about cancellation policy and notice period.
886,CUST-000733,2026-03-21,2026-03-21,technical,high,closed,15.29,Reported repeated login failures over the past week.
887,CUST-000734,2026-07-08,2026-07-08,technical,medium,closed,6.71,App crashes when loading the dashboard view.
888,CUST-000734,2026-08-19,2026-08-19,technical,medium,closed,1.16,Feature X is not syncing data correctly.
889,CUST-000735,2026-04-30,,technical,high,open,,Requested help configuring an integration.
890,CUST-000735,2026-06-02,,billing,high,open,,Requested a refund for a duplicate charge.
891,CUST-000737,2026-07-08,2026-07-08,other,low,closed,10.1,Requested a copy of past invoices.
892,CUST-000738,2026-08-26,,billing,low,open,,Requested a refund for a duplicate charge.
893,CUST-000739,2026-08-25,2026-08-25,billing,medium,closed,13.93,Asked why the monthly charge increased without notice.
894,CUST-000739,2026-05-08,2026-05-09,technical,low,closed,27.03,App crashes when loading the dashboard view.
895,CUST-000739,2026-09-09,,other,low,open,,Requested a copy of past invoices.
896,CUST-000739,2026-05-25,,other,low,open,,Requested a copy of past invoices.
897,CUST-000739,2026-06-09,2026-06-10,other,medium,closed,40.62,Provided feedback about the onboarding experience.
898,CUST-000742,2026-07-24,,billing,low,open,,Asked why the monthly charge increased without notice.
899,CUST-000742,2026-09-12,2026-09-15,billing,high,closed,74.12,Requested a refund for a duplicate charge.
900,CUST-000744,2026-08-01,2026-08-02,billing,medium,closed,31.18,Customer disputes a charge on their most recent invoice.
901,CUST-000744,2026-06-29,2026-07-01,billing,medium,closed,62.93,Customer disputes a charge on their most recent invoice.
902,CUST-000746,2026-07-24,2026-07-26,billing,medium,closed,59.1,Customer disputes a charge on their most recent invoice.
903,CUST-000747,2026-06-27,2026-06-27,technical,medium,closed,20.98,Reported repeated login failures over the past week.
904,CUST-000747,2026-07-13,,billing,medium,open,,Asked why the monthly charge increased without notice.
905,CUST-000748,2026-04-27,2026-04-27,billing,high,closed,8.04,Asked why the monthly charge increased without notice.
906,CUST-000749,2026-06-06,2026-06-06,technical,low,closed,10.66,Requested help configuring an integration.
907,CUST-000750,2026-04-29,2026-04-29,billing,medium,closed,3.03,Requested a refund for a duplicate charge.
908,CUST-000751,2026-04-12,,billing,low,open,,Customer disputes a charge on their most recent invoice.
909,CUST-000751,2026-05-04,,billing,low,open,,Customer disputes a charge on their most recent invoice.
910,CUST-000751,2026-08-20,,technical,high,open,,App crashes when loading the dashboard view.
911,CUST-000753,2026-06-05,,billing,medium,open,,Asked why the monthly charge increased without notice.
912,CUST-000753,2026-06-14,2026-06-16,technical,medium,closed,60.87,App crashes when loading the dashboard view.
913,CUST-000753,2026-08-02,2026-08-04,billing,medium,closed,48.03,Asked why the monthly charge increased without notice.
914,CUST-000753,2026-09-11,,technical,high,open,,App crashes when loading the dashboard view.
915,CUST-000753,2026-07-18,,technical,high,open,,Feature X is not syncing data correctly.
916,CUST-000753,2026-07-17,,billing,medium,open,,Customer disputes a charge on their most recent invoice.
917,CUST-000754,2026-04-12,2026-04-12,other,medium,closed,23.3,Asked about cancellation policy and notice period.
918,CUST-000756,2026-04-11,2026-04-12,technical,medium,closed,33.21,App crashes when loading the dashboard view.
919,CUST-000756,2026-05-19,2026-05-19,other,high,closed,18.22,General question about plan upgrade options.
920,CUST-000759,2026-04-14,2026-04-15,billing,high,closed,34.72,Requested a refund for a duplicate charge.
921,CUST-000759,2026-06-06,2026-06-08,billing,medium,closed,60.73,Customer disputes a charge on their most recent invoice.
922,CUST-000759,2026-07-12,,technical,medium,open,,App crashes when loading the dashboard view.
923,CUST-000759,2026-06-12,2026-06-12,billing,medium,closed,22.12,Requested a refund for a duplicate charge.
924,CUST-000759,2026-07-25,,other,medium,open,,Asked about cancellation policy and notice period.
925,CUST-000759,2026-07-15,2026-07-16,other,medium,closed,31.55,Asked about cancellation policy and notice period.
926,CUST-000760,2026-05-24,2026-05-24,other,medium,closed,17.77,Asked about cancellation policy and notice period.
927,CUST-000761,2026-09-12,2026-09-13,technical,high,closed,24.19,Requested help configuring an integration.
928,CUST-000762,2026-07-17,2026-07-18,technical,low,closed,30.72,Feature X is not syncing data correctly.
929,CUST-000763,2026-04-23,2026-04-23,billing,low,closed,5.1,Requested a refund for a duplicate charge.
930,CUST-000763,2026-08-02,2026-08-02,billing,low,closed,12.7,Asked why the monthly charge increased without notice.
931,CUST-000764,2026-05-28,2026-05-29,technical,medium,closed,45.1,Feature X is not syncing data correctly.
932,CUST-000765,2026-03-27,2026-03-27,technical,high,closed,14.14,Reported repeated login failures over the past week.
933,CUST-000766,2026-05-13,,billing,high,open,,Requested a refund for a duplicate charge.
934,CUST-000769,2026-05-16,2026-05-18,billing,medium,closed,51.25,Asked why the monthly charge increased without notice.
935,CUST-000769,2026-08-18,,technical,medium,open,,Reported repeated login failures over the past week.
936,CUST-000771,2026-07-06,,technical,low,open,,App crashes when loading the dashboard view.
937,CUST-000771,2026-07-13,,technical,low,open,,App crashes when loading the dashboard view.
938,CUST-000772,2026-05-22,2026-05-22,billing,medium,closed,14.21,Customer disputes a charge on their most recent invoice.
939,CUST-000772,2026-06-22,2026-06-22,technical,medium,closed,19.3,App crashes when loading the dashboard view.
940,CUST-000772,2026-06-10,2026-06-11,other,low,closed,27.11,Asked about cancellation policy and notice period.
941,CUST-000774,2026-05-26,2026-05-26,technical,high,closed,9.54,Requested help configuring an integration.
942,CUST-000775,2026-07-20,,technical,high,open,,Requested help configuring an integration.
943,CUST-000775,2026-04-26,,billing,medium,open,,Customer disputes a charge on their most recent invoice.
944,CUST-000777,2026-09-06,2026-09-06,technical,medium,closed,22.34,Feature X is not syncing data correctly.
945,CUST-000779,2026-09-06,,billing,medium,open,,Requested a refund for a duplicate charge.
946,CUST-000780,2026-06-07,2026-06-07,technical,medium,closed,6.55,Requested help configuring an integration.
947,CUST-000781,2026-09-15,2026-09-15,technical,low,closed,12.69,Feature X is not syncing data correctly.
948,CUST-000783,2026-07-19,2026-07-21,billing,high,closed,58.72,Requested a refund for a duplicate charge.
949,CUST-000785,2026-04-03,2026-04-03,other,medium,closed,14.95,Asked about cancellation policy and notice period.
950,CUST-000786,2026-09-04,,billing,low,open,,Asked why the monthly charge increased without notice.
951,CUST-000787,2026-04-23,,technical,high,open,,Reported repeated login failures over the past week.
952,CUST-000788,2026-07-02,,billing,medium,open,,Customer disputes a charge on their most recent invoice.
953,CUST-000788,2026-07-09,2026-07-11,technical,medium,closed,69.36,Requested help configuring an integration.
954,CUST-000788,2026-06-12,,billing,medium,open,,Asked why the monthly charge increased without notice.
955,CUST-000790,2026-07-05,,technical,medium,open,,Reported repeated login failures over the past week.
956,CUST-000791,2026-04-29,,billing,medium,open,,Asked why the monthly charge increased without notice.
957,CUST-000793,2026-07-20,2026-07-21,technical,medium,closed,34.17,Reported repeated login failures over the past week.
958,CUST-000795,2026-08-23,2026-08-24,technical,low,closed,24.07,Feature X is not syncing data correctly.
959,CUST-000801,2026-07-11,2026-07-12,technical,medium,closed,31.67,App crashes when loading the dashboard view.
960,CUST-000801,2026-07-15,2026-07-15,billing,medium,closed,18.1,Customer disputes a charge on their most recent invoice.
961,CUST-000801,2026-05-22,2026-05-22,technical,medium,closed,18.28,Feature X is not syncing data correctly.
962,CUST-000801,2026-09-07,2026-09-07,technical,medium,closed,9.85,Reported repeated login failures over the past week.
963,CUST-000803,2026-03-24,2026-03-24,billing,low,closed,23.25,Requested a refund for a duplicate charge.
964,CUST-000804,2026-09-06,2026-09-06,other,medium,closed,18.84,Provided feedback about the onboarding experience.
965,CUST-000805,2026-04-10,2026-04-11,technical,low,closed,36.04,Reported repeated login failures over the past week.
966,CUST-000805,2026-07-25,2026-07-26,billing,medium,closed,37.24,Requested a refund for a duplicate charge.
967,CUST-000808,2026-06-13,,billing,low,open,,Customer disputes a charge on their most recent invoice.
968,CUST-000809,2026-03-25,,billing,low,open,,Requested a refund for a duplicate charge.
969,CUST-000813,2026-06-13,2026-06-13,billing,high,closed,11.36,Requested a refund for a duplicate charge.
970,CUST-000815,2026-07-16,2026-07-16,billing,medium,closed,9.14,Reported a failed payment and requested a retry.
971,CUST-000815,2026-04-08,,billing,low,open,,Requested a refund for a duplicate charge.
972,CUST-000816,2026-09-12,2026-09-13,billing,low,closed,37.34,Requested a refund for a duplicate charge.
973,CUST-000818,2026-08-19,2026-08-22,billing,medium,closed,83.41,Customer disputes a charge on their most recent invoice.
974,CUST-000818,2026-07-30,2026-08-01,technical,high,closed,66.81,Reported repeated login failures over the past week.
975,CUST-000819,2026-08-07,2026-08-07,billing,high,closed,14.69,Reported a failed payment and requested a retry.
976,CUST-000821,2026-08-02,2026-08-02,other,medium,closed,5.19,Requested a copy of past invoices.
977,CUST-000822,2026-05-30,2026-05-30,other,medium,closed,22.22,Requested a copy of past invoices.
978,CUST-000823,2026-05-17,2026-05-18,billing,medium,closed,43.48,Reported a failed payment and requested a retry.
979,CUST-000823,2026-06-10,,technical,low,open,,Reported repeated login failures over the past week.
980,CUST-000824,2026-08-26,2026-08-26,other,high,closed,23.39,Requested a copy of past invoices.
981,CUST-000828,2026-04-15,,other,medium,open,,Asked about cancellation policy and notice period.
982,CUST-000828,2026-07-11,,billing,medium,open,,Asked why the monthly charge increased without notice.
983,CUST-000828,2026-03-26,2026-03-27,billing,medium,closed,39.74,Asked why the monthly charge increased without notice.
984,CUST-000829,2026-06-30,2026-07-01,billing,high,closed,46.25,Reported a failed payment and requested a retry.
985,CUST-000830,2026-07-24,,billing,medium,open,,Asked why the monthly charge increased without notice.
986,CUST-000830,2026-07-30,,billing,low,open,,Asked why the monthly charge increased without notice.
987,CUST-000831,2026-07-04,2026-07-05,technical,low,closed,40.27,App crashes when loading the dashboard view.
988,CUST-000831,2026-08-28,2026-08-29,billing,medium,closed,41.65,Reported a failed payment and requested a retry.
989,CUST-000837,2026-04-14,,technical,high,open,,Feature X is not syncing data correctly.
990,CUST-000837,2026-08-03,2026-08-03,other,low,closed,14.78,Asked about cancellation policy and notice period.
991,CUST-000837,2026-05-27,2026-05-27,billing,high,closed,20.43,Asked why the monthly charge increased without notice.
992,CUST-000838,2026-07-31,,technical,medium,open,,App crashes when loading the dashboard view.
993,CUST-000838,2026-05-24,2026-05-25,billing,medium,closed,28.12,Asked why the monthly charge increased without notice.
994,CUST-000839,2026-08-06,2026-08-07,technical,medium,closed,30.97,Requested help configuring an integration.
995,CUST-000841,2026-05-23,,billing,high,open,,Asked why the monthly charge increased without notice.
996,CUST-000841,2026-07-07,,technical,low,open,,App crashes when loading the dashboard view.
997,CUST-000841,2026-06-06,,billing,medium,open,,Customer disputes a charge on their most recent invoice.
998,CUST-000843,2026-07-07,2026-07-10,billing,low,closed,86.43,Customer disputes a charge on their most recent invoice.
999,CUST-000843,2026-06-18,,technical,low,open,,Feature X is not syncing data correctly.
1000,CUST-000844,2026-09-08,2026-09-08,billing,low,closed,3.16,Customer disputes a charge on their most recent invoice.
1001,CUST-000844,2026-05-26,2026-05-29,billing,medium,closed,86.52,Customer disputes a charge on their most recent invoice.
1002,CUST-000844,2026-03-25,2026-03-25,billing,medium,closed,20.96,Reported a failed payment and requested a retry.
1003,CUST-000845,2026-06-09,,billing,low,open,,Asked why the monthly charge increased without notice.
1004,CUST-000846,2026-07-01,2026-07-01,other,high,closed,11.35,Asked about cancellation policy and notice period.
1005,CUST-000848,2026-06-17,2026-06-17,technical,medium,closed,5.2,Reported repeated login failures over the past week.
1006,CUST-000853,2026-05-07,2026-05-08,other,high,closed,37.16,Asked about cancellation policy and notice period.
1007,CUST-000855,2026-05-02,,billing,low,open,,Requested a refund for a duplicate charge.
1008,CUST-000855,2026-05-25,,billing,medium,open,,Reported a failed payment and requested a retry.
1009,CUST-000855,2026-07-11,,billing,high,open,,Asked why the monthly charge increased without notice.
1010,CUST-000856,2026-09-12,2026-09-12,technical,medium,closed,6.58,Feature X is not syncing data correctly.
1011,CUST-000856,2026-04-09,,technical,low,open,,Requested help configuring an integration.
1012,CUST-000856,2026-07-18,,technical,high,open,,Requested help configuring an integration.
1013,CUST-000858,2026-09-09,,billing,medium,open,,Requested a refund for a duplicate charge.
1014,CUST-000859,2026-03-25,2026-03-27,billing,high,closed,49.26,Customer disputes a charge on their most recent invoice.
1015,CUST-000859,2026-06-16,2026-06-16,billing,high,closed,16.44,Requested a refund for a duplicate charge.
1016,CUST-000860,2026-04-28,,billing,medium,open,,Requested a refund for a duplicate charge.
1017,CUST-000860,2026-05-05,,other,medium,open,,Asked about cancellation policy and notice period.
1018,CUST-000860,2026-07-27,2026-07-27,technical,medium,closed,21.34,Reported repeated login failures over the past week.
1019,CUST-000861,2026-05-23,,technical,high,open,,Reported repeated login failures over the past week.
1020,CUST-000862,2026-08-15,,technical,medium,open,,Feature X is not syncing data correctly.
1021,CUST-000862,2026-05-31,2026-05-31,other,low,closed,3.51,Provided feedback about the onboarding experience.
1022,CUST-000864,2026-09-10,,other,low,open,,Asked about cancellation policy and notice period.
1023,CUST-000865,2026-09-12,,billing,low,open,,Requested a refund for a duplicate charge.
1024,CUST-000865,2026-03-27,,other,low,open,,Requested a copy of past invoices.
1025,CUST-000868,2026-06-20,,technical,medium,open,,Reported repeated login failures over the past week.
1026,CUST-000868,2026-03-25,2026-03-25,technical,high,closed,1.67,Feature X is not syncing data correctly.
1027,CUST-000869,2026-05-25,2026-05-25,technical,low,closed,9.97,Reported repeated login failures over the past week.
1028,CUST-000869,2026-07-13,2026-07-14,technical,medium,closed,29.48,Feature X is not syncing data correctly.
1029,CUST-000870,2026-07-20,,other,high,open,,Requested a copy of past invoices.
1030,CUST-000871,2026-07-18,2026-07-19,billing,medium,closed,38.96,Asked why the monthly charge increased without notice.
1031,CUST-000871,2026-05-21,2026-05-21,technical,high,closed,13.01,Requested help configuring an integration.
1032,CUST-000873,2026-08-17,,technical,high,open,,Feature X is not syncing data correctly.
1033,CUST-000873,2026-04-04,,billing,low,open,,Asked why the monthly charge increased without notice.
1034,CUST-000874,2026-08-25,,technical,medium,open,,App crashes when loading the dashboard view.
1035,CUST-000874,2026-09-03,2026-09-05,other,high,closed,66.21,Asked about cancellation policy and notice period.
1036,CUST-000875,2026-06-27,2026-06-27,technical,medium,closed,20.92,Reported repeated login failures over the past week.
1037,CUST-000876,2026-06-06,2026-06-06,technical,medium,closed,4.98,Requested help configuring an integration.
1038,CUST-000877,2026-05-22,2026-05-22,billing,medium,closed,22.33,Requested a refund for a duplicate charge.
1039,CUST-000878,2026-07-03,,billing,medium,open,,Requested a refund for a duplicate charge.
1040,CUST-000878,2026-04-09,2026-04-10,other,medium,closed,41.0,Asked about cancellation policy and notice period.
1041,CUST-000879,2026-05-19,,technical,high,open,,Reported repeated login failures over the past week.
1042,CUST-000879,2026-05-21,2026-05-21,other,high,closed,8.03,Asked about cancellation policy and notice period.
1043,CUST-000880,2026-09-05,2026-09-05,other,high,closed,15.73,Asked about cancellation policy and notice period.
1044,CUST-000885,2026-07-01,2026-07-04,technical,medium,closed,91.95,Requested help configuring an integration.
1045,CUST-000885,2026-05-07,2026-05-10,billing,medium,closed,95.92,Reported a failed payment and requested a retry.
1046,CUST-000887,2026-03-21,,billing,high,open,,Requested a refund for a duplicate charge.
1047,CUST-000887,2026-08-19,,billing,low,open,,Asked why the monthly charge increased without notice.
1048,CUST-000889,2026-07-25,,billing,low,open,,Reported a failed payment and requested a retry.
1049,CUST-000889,2026-08-30,2026-08-30,billing,low,closed,2.2,Customer disputes a charge on their most recent invoice.
1050,CUST-000890,2026-09-06,2026-09-07,technical,high,closed,47.99,Reported repeated login failures over the past week.
1051,CUST-000892,2026-05-14,,technical,medium,open,,Feature X is not syncing data correctly.
1052,CUST-000893,2026-09-12,,billing,medium,open,,Asked why the monthly charge increased without notice.
1053,CUST-000893,2026-07-07,2026-07-09,technical,medium,closed,68.45,Feature X is not syncing data correctly.
1054,CUST-000894,2026-08-01,2026-08-02,billing,low,closed,40.01,Customer disputes a charge on their most recent invoice.
1055,CUST-000894,2026-06-03,,billing,high,open,,Requested a refund for a duplicate charge.
1056,CUST-000894,2026-04-11,2026-04-14,billing,low,closed,86.0,Requested a refund for a duplicate charge.
1057,CUST-000895,2026-06-19,,technical,medium,open,,App crashes when loading the dashboard view.
1058,CUST-000896,2026-09-10,,billing,medium,open,,Customer disputes a charge on their most recent invoice.
1059,CUST-000897,2026-08-31,2026-08-31,technical,high,closed,8.23,Requested help configuring an integration.
1060,CUST-000897,2026-04-12,2026-04-13,billing,low,closed,27.4,Requested a refund for a duplicate charge.
1061,CUST-000899,2026-06-20,2026-06-20,other,low,closed,7.73,General question about plan upgrade options.
1062,CUST-000900,2026-06-29,2026-06-30,billing,low,closed,28.32,Customer disputes a charge on their most recent invoice.
1063,CUST-000902,2026-09-10,,other,high,open,,Provided feedback about the onboarding experience.
1064,CUST-000903,2026-08-02,2026-08-03,billing,medium,closed,24.62,Customer disputes a charge on their most recent invoice.
1065,CUST-000904,2026-09-06,2026-09-06,technical,medium,closed,8.75,Requested help configuring an integration.
1066,CUST-000905,2026-04-03,2026-04-04,other,medium,closed,27.57,Provided feedback about the onboarding experience.
1067,CUST-000907,2026-09-14,2026-09-16,other,high,closed,59.01,Requested a copy of past invoices.
1068,CUST-000908,2026-08-19,,billing,high,open,,Reported a failed payment and requested a retry.
1069,CUST-000908,2026-04-09,,billing,medium,open,,Reported a failed payment and requested a retry.
1070,CUST-000910,2026-07-09,2026-07-10,other,high,closed,41.12,Provided feedback about the onboarding experience.
1071,CUST-000914,2026-03-28,2026-03-28,technical,high,closed,6.16,App crashes when loading the dashboard view.
1072,CUST-000916,2026-09-09,2026-09-09,technical,medium,closed,5.23,App crashes when loading the dashboard view.
1073,CUST-000917,2026-06-20,2026-06-23,billing,medium,closed,88.36,Reported a failed payment and requested a retry.
1074,CUST-000917,2026-09-08,2026-09-08,billing,medium,closed,22.0,Requested a refund for a duplicate charge.
1075,CUST-000917,2026-07-19,2026-07-21,billing,medium,closed,67.05,Customer disputes a charge on their most recent invoice.
1076,CUST-000917,2026-05-09,2026-05-12,other,low,closed,89.87,Provided feedback about the onboarding experience.
1077,CUST-000918,2026-08-31,,billing,low,open,,Asked why the monthly charge increased without notice.
1078,CUST-000918,2026-09-07,,technical,high,open,,Feature X is not syncing data correctly.
1079,CUST-000918,2026-07-03,2026-07-03,technical,low,closed,6.01,App crashes when loading the dashboard view.
1080,CUST-000919,2026-03-30,,other,high,open,,General question about plan upgrade options.
1081,CUST-000921,2026-03-30,2026-03-31,billing,low,closed,35.56,Customer disputes a charge on their most recent invoice.
1082,CUST-000922,2026-04-28,2026-04-29,other,medium,closed,43.43,Requested a copy of past invoices.
1083,CUST-000925,2026-06-30,,billing,medium,open,,Customer disputes a charge on their most recent invoice.
1084,CUST-000925,2026-06-30,,other,medium,open,,Requested a copy of past invoices.
1085,CUST-000926,2026-08-10,,billing,medium,open,,Asked why the monthly charge increased without notice.
1086,CUST-000926,2026-07-19,2026-07-20,billing,low,closed,43.05,Asked why the monthly charge increased without notice.
1087,CUST-000927,2026-06-22,2026-06-23,billing,medium,closed,27.76,Requested a refund for a duplicate charge.
1088,CUST-000927,2026-05-31,2026-05-31,billing,medium,closed,13.69,Asked why the monthly charge increased without notice.
1089,CUST-000927,2026-06-18,,other,high,open,,Provided feedback about the onboarding experience.
1090,CUST-000927,2026-07-25,2026-07-26,technical,low,closed,35.71,Reported repeated login failures over the past week.
1091,CUST-000928,2026-04-18,2026-04-18,technical,low,closed,7.28,App crashes when loading the dashboard view.
1092,CUST-000928,2026-07-30,2026-07-31,other,medium,closed,33.71,General question about plan upgrade options.
1093,CUST-000928,2026-07-14,2026-07-14,other,high,closed,21.14,Requested a copy of past invoices.
1094,CUST-000930,2026-08-02,2026-08-03,other,high,closed,25.24,Provided feedback about the onboarding experience.
1095,CUST-000931,2026-06-27,,other,medium,open,,General question about plan upgrade options.
1096,CUST-000932,2026-08-27,2026-08-29,billing,medium,closed,54.42,Reported a failed payment and requested a retry.
1097,CUST-000935,2026-07-09,2026-07-10,technical,medium,closed,35.76,Requested help configuring an integration.
1098,CUST-000936,2026-07-09,,technical,medium,open,,Reported repeated login failures over the past week.
1099,CUST-000936,2026-04-18,2026-04-19,billing,medium,closed,29.35,Asked why the monthly charge increased without notice.
1100,CUST-000936,2026-06-21,,billing,low,open,,Asked why the monthly charge increased without notice.
1101,CUST-000937,2026-07-12,2026-07-12,billing,high,closed,7.75,Reported a failed payment and requested a retry.
1102,CUST-000938,2026-04-21,2026-04-22,other,high,closed,37.0,General question about plan upgrade options.
1103,CUST-000938,2026-08-03,2026-08-06,billing,high,closed,77.73,Requested a refund for a duplicate charge.
1104,CUST-000938,2026-05-22,,technical,medium,open,,Feature X is not syncing data correctly.
1105,CUST-000941,2026-07-12,2026-07-12,technical,medium,closed,12.53,Reported repeated login failures over the past week.
1106,CUST-000944,2026-05-03,2026-05-04,other,high,closed,25.78,Provided feedback about the onboarding experience.
1107,CUST-000945,2026-05-23,,technical,low,open,,Reported repeated login failures over the past week.
1108,CUST-000945,2026-04-30,,technical,low,open,,Feature X is not syncing data correctly.
1109,CUST-000945,2026-04-21,2026-04-24,billing,medium,closed,85.28,Asked why the monthly charge increased without notice.
1110,CUST-000945,2026-06-17,2026-06-17,other,high,closed,5.89,Asked about cancellation policy and notice period.
1111,CUST-000947,2026-06-30,,technical,medium,open,,Requested help configuring an integration.
1112,CUST-000948,2026-08-30,,technical,medium,open,,Feature X is not syncing data correctly.
1113,CUST-000949,2026-06-25,2026-06-28,billing,high,closed,87.1,Asked why the monthly charge increased without notice.
1114,CUST-000949,2026-06-26,,billing,high,open,,Requested a refund for a duplicate charge.
1115,CUST-000949,2026-06-23,2026-06-24,billing,medium,closed,37.36,Requested a refund for a duplicate charge.
1116,CUST-000949,2026-08-26,,technical,low,open,,Reported repeated login failures over the past week.
1117,CUST-000949,2026-08-14,2026-08-14,technical,high,closed,7.79,App crashes when loading the dashboard view.
1118,CUST-000951,2026-03-22,2026-03-23,technical,medium,closed,39.4,App crashes when loading the dashboard view.
1119,CUST-000951,2026-06-09,2026-06-10,other,low,closed,46.86,Provided feedback about the onboarding experience.
1120,CUST-000951,2026-06-21,2026-06-21,technical,low,closed,21.08,Reported repeated login failures over the past week.
1121,CUST-000953,2026-04-15,,billing,medium,open,,Asked why the monthly charge increased without notice.
1122,CUST-000953,2026-06-29,2026-06-30,billing,high,closed,30.08,Reported a failed payment and requested a retry.
1123,CUST-000953,2026-04-28,,technical,medium,open,,Reported repeated login failures over the past week.
1124,CUST-000954,2026-07-15,,billing,medium,open,,Requested a refund for a duplicate charge.
1125,CUST-000954,2026-04-24,2026-04-24,billing,medium,closed,2.69,Requested a refund for a duplicate charge.
1126,CUST-000954,2026-08-25,2026-08-27,other,medium,closed,55.87,Asked about cancellation policy and notice period.
1127,CUST-000955,2026-07-09,,other,medium,open,,Provided feedback about the onboarding experience.
1128,CUST-000955,2026-05-26,,billing,medium,open,,Asked why the monthly charge increased without notice.
1129,CUST-000956,2026-03-23,2026-03-24,billing,medium,closed,24.44,Requested a refund for a duplicate charge.
1130,CUST-000956,2026-06-03,2026-06-04,other,high,closed,44.83,Asked about cancellation policy and notice period.
1131,CUST-000956,2026-08-08,2026-08-08,technical,medium,closed,3.9,Feature X is not syncing data correctly.
1132,CUST-000958,2026-08-25,2026-08-27,technical,medium,closed,48.54,Requested help configuring an integration.
1133,CUST-000958,2026-08-19,,other,medium,open,,Provided feedback about the onboarding experience.
1134,CUST-000959,2026-09-06,2026-09-07,other,medium,closed,45.02,General question about plan upgrade options.
1135,CUST-000961,2026-07-25,2026-07-26,technical,medium,closed,34.35,App crashes when loading the dashboard view.
1136,CUST-000962,2026-06-07,2026-06-08,technical,low,closed,38.59,Feature X is not syncing data correctly.
1137,CUST-000963,2026-08-08,2026-08-08,technical,medium,closed,13.89,Reported repeated login failures over the past week.
1138,CUST-000964,2026-06-08,,billing,medium,open,,Customer disputes a charge on their most recent invoice.
1139,CUST-000964,2026-04-09,,billing,medium,open,,Customer disputes a charge on their most recent invoice.
1140,CUST-000966,2026-08-07,2026-08-10,billing,medium,closed,87.88,Asked why the monthly charge increased without notice.
1141,CUST-000966,2026-06-04,,billing,low,open,,Requested a refund for a duplicate charge.
1142,CUST-000966,2026-06-12,,billing,high,open,,Asked why the monthly charge increased without notice.
1143,CUST-000966,2026-08-02,,technical,medium,open,,App crashes when loading the dashboard view.
1144,CUST-000966,2026-08-31,2026-09-02,billing,medium,closed,49.38,Asked why the monthly charge increased without notice.
1145,CUST-000966,2026-07-10,2026-07-11,technical,medium,closed,24.81,Reported repeated login failures over the past week.
1146,CUST-000968,2026-04-13,,technical,high,open,,Feature X is not syncing data correctly.
1147,CUST-000970,2026-07-07,2026-07-07,billing,low,closed,13.57,Requested a refund for a duplicate charge.
1148,CUST-000971,2026-06-19,2026-06-19,technical,low,closed,5.3,App crashes when loading the dashboard view.
1149,CUST-000971,2026-08-25,2026-08-26,technical,medium,closed,36.67,Reported repeated login failures over the past week.
1150,CUST-000972,2026-04-26,2026-04-26,other,high,closed,10.1,General question about plan upgrade options.
1151,CUST-000972,2026-03-28,2026-03-30,technical,medium,closed,49.19,App crashes when loading the dashboard view.
1152,CUST-000972,2026-06-12,2026-06-13,billing,high,closed,27.72,Requested a refund for a duplicate charge.
1153,CUST-000973,2026-03-21,,billing,low,open,,Requested a refund for a duplicate charge.
1154,CUST-000975,2026-07-31,2026-08-01,billing,medium,closed,41.2,Requested a refund for a duplicate charge.
1155,CUST-000976,2026-08-06,2026-08-07,technical,medium,closed,46.94,App crashes when loading the dashboard view.
1156,CUST-000977,2026-06-18,2026-06-19,other,medium,closed,32.4,Requested a copy of past invoices.
1157,CUST-000980,2026-05-24,2026-05-26,other,medium,closed,57.86,General question about plan upgrade options.
1158,CUST-000980,2026-06-15,,technical,medium,open,,Feature X is not syncing data correctly.
1159,CUST-000980,2026-07-12,,other,high,open,,General question about plan upgrade options.
1160,CUST-000980,2026-08-29,2026-08-29,billing,medium,closed,19.81,Asked why the monthly charge increased without notice.
1161,CUST-000981,2026-07-07,,other,low,open,,General question about plan upgrade options.
1162,CUST-000982,2026-05-03,2026-05-03,technical,high,closed,13.1,Reported repeated login failures over the past week.
1163,CUST-000985,2026-08-06,2026-08-09,billing,medium,closed,90.39,Asked why the monthly charge increased without notice.
1164,CUST-000985,2026-04-27,,billing,low,open,,Customer disputes a charge on their most recent invoice.
1165,CUST-000985,2026-06-08,2026-06-09,billing,medium,closed,37.43,Reported a failed payment and requested a retry.
1166,CUST-000985,2026-05-03,2026-05-06,billing,high,closed,74.78,Asked why the monthly charge increased without notice.
1167,CUST-000986,2026-05-17,,billing,high,open,,Requested a refund for a duplicate charge.
1168,CUST-000989,2026-05-30,2026-06-02,other,medium,closed,93.82,Provided feedback about the onboarding experience.
1169,CUST-000989,2026-05-25,,billing,medium,open,,Asked why the monthly charge increased without notice.
1170,CUST-000992,2026-08-13,2026-08-14,billing,low,closed,28.31,Reported a failed payment and requested a retry.
1171,CUST-000993,2026-06-10,2026-06-11,technical,medium,closed,44.91,App crashes when loading the dashboard view.
1172,CUST-000995,2026-08-16,2026-08-17,other,high,closed,39.8,Requested a copy of past invoices.
1173,CUST-000997,2026-06-04,2026-06-04,billing,high,closed,6.06,Reported a failed payment and requested a retry.
1174,CUST-001001,2026-05-17,2026-05-20,technical,medium,closed,81.96,Requested help configuring an integration.
1175,CUST-001001,2026-07-27,,billing,low,open,,Reported a failed payment and requested a retry.
1176,CUST-001001,2026-07-19,2026-07-20,technical,low,closed,42.55,Requested help configuring an integration.
1177,CUST-001002,2026-06-03,2026-06-04,billing,medium,closed,39.86,Customer disputes a charge on their most recent invoice.
1178,CUST-001002,2026-04-20,2026-04-20,billing,low,closed,19.08,Customer disputes a charge on their most recent invoice.
1179,CUST-001002,2026-08-10,,technical,medium,open,,Feature X is not syncing data correctly.
1180,CUST-001002,2026-08-20,2026-08-21,billing,high,closed,37.1,Asked why the monthly charge increased without notice.
1181,CUST-001003,2026-03-21,2026-03-21,other,high,closed,16.59,Provided feedback about the onboarding experience.
1182,CUST-001005,2026-04-20,,billing,high,open,,Asked why the monthly charge increased without notice.
1183,CUST-001006,2026-06-13,2026-06-14,technical,medium,closed,29.83,Reported repeated login failures over the past week.
1184,CUST-001006,2026-07-30,2026-07-30,technical,medium,closed,9.17,Reported repeated login failures over the past week.
1185,CUST-001007,2026-04-20,2026-04-20,technical,low,closed,2.94,Reported repeated login failures over the past week.
1186,CUST-001007,2026-07-04,2026-07-05,other,medium,closed,37.06,Asked about cancellation policy and notice period.
1187,CUST-001010,2026-08-19,,other,medium,open,,Asked about cancellation policy and notice period.
1188,CUST-001013,2026-04-09,,technical,medium,open,,Feature X is not syncing data correctly.
1189,CUST-001013,2026-03-22,,billing,high,open,,Asked why the monthly charge increased without notice.
1190,CUST-001013,2026-08-23,2026-08-23,billing,low,closed,15.62,Reported a failed payment and requested a retry.
1191,CUST-001013,2026-08-02,2026-08-03,billing,low,closed,26.49,Requested a refund for a duplicate charge.
1192,CUST-001014,2026-07-30,2026-07-31,billing,high,closed,46.92,Requested a refund for a duplicate charge.
1193,CUST-001015,2026-07-09,2026-07-09,billing,medium,closed,21.06,Asked why the monthly charge increased without notice.
1194,CUST-001015,2026-05-20,2026-05-23,technical,high,closed,91.48,Requested help configuring an integration.
1195,CUST-001015,2026-05-23,2026-05-24,billing,low,closed,26.85,Asked why the monthly charge increased without notice.
1196,CUST-001015,2026-07-11,2026-07-13,technical,medium,closed,57.09,Requested help configuring an integration.
1197,CUST-001015,2026-07-18,2026-07-19,other,low,closed,27.17,Asked about cancellation policy and notice period.
1198,CUST-001016,2026-08-27,2026-08-28,technical,medium,closed,38.89,Feature X is not syncing data correctly.
1199,CUST-001019,2026-06-09,2026-06-09,billing,medium,closed,10.7,Reported a failed payment and requested a retry.
1200,CUST-001020,2026-07-25,2026-07-27,billing,low,closed,49.17,Reported a failed payment and requested a retry.
1201,CUST-001024,2026-05-20,2026-05-23,other,medium,closed,77.14,Provided feedback about the onboarding experience.
1202,CUST-001024,2026-04-28,2026-04-29,technical,medium,closed,35.96,App crashes when loading the dashboard view.
1203,CUST-001026,2026-08-04,,billing,medium,open,,Reported a failed payment and requested a retry.
1204,CUST-001027,2026-03-25,2026-03-25,technical,medium,closed,3.8,App crashes when loading the dashboard view.
1205,CUST-001027,2026-04-27,2026-04-27,billing,medium,closed,23.63,Reported a failed payment and requested a retry.
1206,CUST-001028,2026-06-10,2026-06-10,billing,high,closed,16.59,Requested a refund for a duplicate charge.
1207,CUST-001028,2026-09-04,,billing,medium,open,,Reported a failed payment and requested a retry.
1208,CUST-001028,2026-06-02,,billing,low,open,,Reported a failed payment and requested a retry.
1209,CUST-001029,2026-09-05,2026-09-06,other,low,closed,39.1,Provided feedback about the onboarding experience.
1210,CUST-001030,2026-07-03,2026-07-03,technical,medium,closed,17.18,App crashes when loading the dashboard view.
1211,CUST-001031,2026-04-02,2026-04-03,other,low,closed,26.68,Requested a copy of past invoices.
1212,CUST-001032,2026-08-12,,billing,low,open,,Asked why the monthly charge increased without notice.
1213,CUST-001033,2026-05-23,,billing,high,open,,Asked why the monthly charge increased without notice.
1214,CUST-001033,2026-03-27,2026-03-28,billing,medium,closed,39.76,Requested a refund for a duplicate charge.
1215,CUST-001033,2026-06-20,2026-06-20,other,low,closed,19.56,Provided feedback about the onboarding experience.
1216,CUST-001033,2026-08-24,2026-08-26,other,medium,closed,55.95,Provided feedback about the onboarding experience.
1217,CUST-001035,2026-03-24,,billing,low,open,,Customer disputes a charge on their most recent invoice.
1218,CUST-001035,2026-04-08,2026-04-11,technical,high,closed,75.77,App crashes when loading the dashboard view.
1219,CUST-001035,2026-05-26,2026-05-28,billing,low,closed,70.08,Requested a refund for a duplicate charge.
1220,CUST-001036,2026-03-24,2026-03-25,technical,low,closed,45.16,Feature X is not syncing data correctly.
1221,CUST-001038,2026-05-23,,billing,high,open,,Requested a refund for a duplicate charge.
1222,CUST-001038,2026-05-25,2026-05-26,technical,high,closed,37.09,Reported repeated login failures over the past week.
1223,CUST-001038,2026-06-14,2026-06-16,technical,medium,closed,56.56,App crashes when loading the dashboard view.
1224,CUST-001038,2026-09-07,2026-09-08,billing,low,closed,43.67,Reported a failed payment and requested a retry.
1225,CUST-001039,2026-04-28,2026-04-29,technical,low,closed,40.58,Feature X is not syncing data correctly.
1226,CUST-001039,2026-08-30,2026-08-30,billing,low,closed,3.21,Customer disputes a charge on their most recent invoice.
1227,CUST-001039,2026-06-25,2026-06-26,other,medium,closed,46.2,Asked about cancellation policy and notice period.
1228,CUST-001040,2026-08-12,2026-08-15,billing,low,closed,85.05,Requested a refund for a duplicate charge.
1229,CUST-001040,2026-06-17,2026-06-20,billing,low,closed,94.54,Asked why the monthly charge increased without notice.
1230,CUST-001040,2026-04-04,,billing,low,open,,Reported a failed payment and requested a retry.
1231,CUST-001044,2026-07-27,2026-07-30,billing,medium,closed,79.85,Reported a failed payment and requested a retry.
1232,CUST-001044,2026-07-22,2026-07-24,other,medium,closed,49.26,Provided feedback about the onboarding experience.
1233,CUST-001044,2026-07-01,2026-07-03,technical,high,closed,51.37,Requested help configuring an integration.
1234,CUST-001044,2026-05-30,2026-05-30,billing,medium,closed,7.26,Requested a refund for a duplicate charge.
1235,CUST-001045,2026-09-06,2026-09-06,technical,low,closed,16.22,Reported repeated login failures over the past week.
1236,CUST-001045,2026-09-02,2026-09-03,technical,high,closed,30.22,Reported repeated login failures over the past week.
1237,CUST-001045,2026-08-22,2026-08-22,other,medium,closed,5.59,Provided feedback about the onboarding experience.
1238,CUST-001046,2026-04-21,2026-04-22,other,medium,closed,33.47,General question about plan upgrade options.
1239,CUST-001048,2026-08-06,2026-08-06,technical,high,closed,2.67,Feature X is not syncing data correctly.
1240,CUST-001049,2026-06-14,2026-06-14,billing,low,closed,14.44,Reported a failed payment and requested a retry.
1241,CUST-001050,2026-04-19,,other,medium,open,,Requested a copy of past invoices.
1242,CUST-001050,2026-07-01,2026-07-01,technical,high,closed,23.94,App crashes when loading the dashboard view.
1243,CUST-001052,2026-08-21,,other,high,open,,Provided feedback about the onboarding experience.
1244,CUST-001052,2026-07-30,,other,low,open,,Requested a copy of past invoices.
1245,CUST-001052,2026-06-05,2026-06-08,technical,low,closed,88.09,Feature X is not syncing data correctly.
1246,CUST-001054,2026-04-03,2026-04-04,other,low,closed,46.17,Requested a copy of past invoices.
1247,CUST-001054,2026-06-07,2026-06-07,other,low,closed,3.25,Asked about cancellation policy and notice period.
1248,CUST-001055,2026-06-04,,technical,high,open,,Requested help configuring an integration.
1249,CUST-001056,2026-04-03,,technical,high,open,,Requested help configuring an integration.
1250,CUST-001057,2026-04-14,,technical,low,open,,Reported repeated login failures over the past week.
1251,CUST-001059,2026-08-04,,technical,low,open,,App crashes when loading the dashboard view.
1252,CUST-001059,2026-04-14,,technical,medium,open,,Requested help configuring an integration.
1253,CUST-001059,2026-04-06,2026-04-06,billing,medium,closed,16.37,Reported a failed payment and requested a retry.
1254,CUST-001059,2026-08-06,2026-08-09,technical,medium,closed,95.71,Reported repeated login failures over the past week.
1255,CUST-001059,2026-07-15,,technical,high,open,,Reported repeated login failures over the past week.
1256,CUST-001061,2026-06-04,2026-06-04,technical,low,closed,19.77,Feature X is not syncing data correctly.
1257,CUST-001061,2026-09-09,2026-09-10,billing,medium,closed,30.74,Customer disputes a charge on their most recent invoice.
1258,CUST-001062,2026-08-31,2026-09-01,other,medium,closed,38.33,Requested a copy of past invoices.
1259,CUST-001062,2026-08-23,,technical,low,open,,Feature X is not syncing data correctly.
1260,CUST-001063,2026-09-05,,technical,medium,open,,Reported repeated login failures over the past week.
1261,CUST-001064,2026-06-19,,billing,medium,open,,Asked why the monthly charge increased without notice.
1262,CUST-001064,2026-07-12,2026-07-12,technical,high,closed,3.44,App crashes when loading the dashboard view.
1263,CUST-001065,2026-09-10,,technical,medium,open,,Feature X is not syncing data correctly.
1264,CUST-001067,2026-06-28,2026-06-29,other,medium,closed,35.38,General question about plan upgrade options.
1265,CUST-001067,2026-08-13,2026-08-13,billing,low,closed,21.04,Requested a refund for a duplicate charge.
1266,CUST-001069,2026-06-04,,technical,high,open,,Reported repeated login failures over the past week.
1267,CUST-001071,2026-04-16,2026-04-17,technical,medium,closed,45.19,Reported repeated login failures over the past week.
1268,CUST-001073,2026-05-23,,billing,medium,open,,Requested a refund for a duplicate charge.
1269,CUST-001073,2026-06-24,,technical,medium,open,,Reported repeated login failures over the past week.
1270,CUST-001073,2026-03-23,2026-03-25,billing,medium,closed,66.0,Customer disputes a charge on their most recent invoice.
1271,CUST-001075,2026-08-03,,other,medium,open,,Asked about cancellation policy and notice period.
1272,CUST-001076,2026-09-13,2026-09-13,technical,high,closed,1.39,Requested help configuring an integration.
1273,CUST-001076,2026-06-26,,technical,medium,open,,Requested help configuring an integration.
1274,CUST-001076,2026-05-07,2026-05-08,other,medium,closed,34.72,Provided feedback about the onboarding experience.
1275,CUST-001076,2026-06-14,,technical,medium,open,,Feature X is not syncing data correctly.
1276,CUST-001077,2026-05-18,,technical,medium,open,,Reported repeated login failures over the past week.
1277,CUST-001078,2026-07-03,,billing,medium,open,,Customer disputes a charge on their most recent invoice.
1278,CUST-001078,2026-05-31,2026-06-03,billing,high,closed,81.86,Asked why the monthly charge increased without notice.
1279,CUST-001078,2026-06-14,,billing,medium,open,,Requested a refund for a duplicate charge.
1280,CUST-001078,2026-06-04,2026-06-05,billing,medium,closed,32.61,Asked why the monthly charge increased without notice.
1281,CUST-001078,2026-06-01,,billing,high,open,,Customer disputes a charge on their most recent invoice.
1282,CUST-001079,2026-08-27,2026-08-27,other,high,closed,21.01,General question about plan upgrade options.
1283,CUST-001080,2026-04-23,,other,low,open,,Requested a copy of past invoices.
1284,CUST-001081,2026-07-28,,billing,low,open,,Reported a failed payment and requested a retry.
1285,CUST-001081,2026-07-28,2026-07-30,billing,low,closed,58.55,Customer disputes a charge on their most recent invoice.
1286,CUST-001082,2026-08-13,2026-08-14,billing,high,closed,27.8,Requested a refund for a duplicate charge.
1287,CUST-001083,2026-05-16,2026-05-17,other,medium,closed,31.03,Provided feedback about the onboarding experience.
1288,CUST-001084,2026-08-31,2026-09-01,technical,medium,closed,33.91,App crashes when loading the dashboard view.
1289,CUST-001084,2026-04-26,2026-04-27,other,medium,closed,41.77,Requested a copy of past invoices.
1290,CUST-001085,2026-08-22,2026-08-22,billing,low,closed,1.77,Asked why the monthly charge increased without notice.
1291,CUST-001087,2026-07-25,2026-07-26,technical,medium,closed,37.02,Requested help configuring an integration.
1292,CUST-001088,2026-05-05,2026-05-05,technical,medium,closed,1.81,App crashes when loading the dashboard view.
1293,CUST-001088,2026-04-14,2026-04-14,technical,high,closed,16.98,App crashes when loading the dashboard view.
1294,CUST-001089,2026-06-04,2026-06-05,billing,high,closed,30.02,Asked why the monthly charge increased without notice.
1295,CUST-001089,2026-05-30,,billing,high,open,,Reported a failed payment and requested a retry.
1296,CUST-001090,2026-06-29,2026-06-29,technical,medium,closed,11.81,Reported repeated login failures over the past week.
1297,CUST-001090,2026-08-03,2026-08-03,technical,medium,closed,4.25,App crashes when loading the dashboard view.
1298,CUST-001090,2026-07-26,2026-07-27,billing,medium,closed,28.42,Asked why the monthly charge increased without notice.
1299,CUST-001091,2026-03-28,,billing,medium,open,,Reported a failed payment and requested a retry.
1300,CUST-001091,2026-05-06,2026-05-06,billing,medium,closed,7.75,Reported a failed payment and requested a retry.
1301,CUST-001092,2026-08-26,2026-08-26,billing,low,closed,20.22,Reported a failed payment and requested a retry.
1302,CUST-001093,2026-06-02,2026-06-04,other,high,closed,60.9,Asked about cancellation policy and notice period.
1303,CUST-001093,2026-03-29,,billing,medium,open,,Requested a refund for a duplicate charge.
1304,CUST-001094,2026-06-08,,billing,high,open,,Reported a failed payment and requested a retry.
1305,CUST-001094,2026-07-06,,other,low,open,,Asked about cancellation policy and notice period.
1306,CUST-001095,2026-07-07,2026-07-07,technical,medium,closed,11.75,App crashes when loading the dashboard view.
1307,CUST-001096,2026-06-06,,billing,medium,open,,Asked why the monthly charge increased without notice.
1308,CUST-001096,2026-08-26,,technical,high,open,,Feature X is not syncing data correctly.
1309,CUST-001097,2026-08-25,,other,high,open,,Provided feedback about the onboarding experience.
1310,CUST-001097,2026-08-11,2026-08-12,billing,high,closed,45.34,Reported a failed payment and requested a retry.
1311,CUST-001099,2026-07-16,2026-07-17,other,medium,closed,26.54,Asked about cancellation policy and notice period.
1312,CUST-001099,2026-03-31,2026-04-01,technical,high,closed,45.76,App crashes when loading the dashboard view.
1313,CUST-001100,2026-03-29,2026-03-30,billing,high,closed,29.57,Requested a refund for a duplicate charge.
1314,CUST-001101,2026-07-06,2026-07-07,billing,low,closed,37.09,Reported a failed payment and requested a retry.
1315,CUST-001101,2026-05-04,2026-05-04,other,high,closed,13.63,General question about plan upgrade options.
1316,CUST-001101,2026-05-09,,other,medium,open,,Provided feedback about the onboarding experience.
1317,CUST-001105,2026-06-17,2026-06-18,billing,medium,closed,38.55,Reported a failed payment and requested a retry.
1318,CUST-001107,2026-03-25,2026-03-26,billing,high,closed,34.9,Customer disputes a charge on their most recent invoice.
1319,CUST-001107,2026-04-11,2026-04-11,other,medium,closed,20.76,Asked about cancellation policy and notice period.
1320,CUST-001108,2026-06-08,2026-06-09,technical,low,closed,47.49,Feature X is not syncing data correctly.
1321,CUST-001109,2026-07-06,2026-07-06,technical,medium,closed,23.31,Reported repeated login failures over the past week.
1322,CUST-001109,2026-09-04,2026-09-05,billing,medium,closed,36.74,Reported a failed payment and requested a retry.
1323,CUST-001110,2026-05-28,2026-05-29,billing,medium,closed,46.65,Requested a refund for a duplicate charge.
1324,CUST-001110,2026-07-08,2026-07-09,billing,low,closed,25.81,Asked why the monthly charge increased without notice.
1325,CUST-001110,2026-05-06,,billing,low,open,,Asked why the monthly charge increased without notice.
1326,CUST-001119,2026-08-27,,technical,medium,open,,Requested help configuring an integration.
1327,CUST-001119,2026-08-01,,billing,medium,open,,Asked why the monthly charge increased without notice.
1328,CUST-001119,2026-05-30,,billing,medium,open,,Asked why the monthly charge increased without notice.
1329,CUST-001119,2026-08-16,2026-08-17,billing,low,closed,27.88,Requested a refund for a duplicate charge.
1330,CUST-001121,2026-05-05,2026-05-05,technical,low,closed,17.46,Requested help configuring an integration.
1331,CUST-001122,2026-05-03,2026-05-04,technical,medium,closed,28.47,Reported repeated login failures over the past week.
1332,CUST-001123,2026-07-16,2026-07-17,other,medium,closed,25.1,Requested a copy of past invoices.
1333,CUST-001124,2026-07-22,,billing,low,open,,Customer disputes a charge on their most recent invoice.
1334,CUST-001125,2026-07-28,,technical,low,open,,Requested help configuring an integration.
1335,CUST-001126,2026-04-14,2026-04-15,other,medium,closed,35.81,Requested a copy of past invoices.
1336,CUST-001127,2026-07-08,2026-07-10,billing,low,closed,70.26,Requested a refund for a duplicate charge.
1337,CUST-001127,2026-08-07,,billing,low,open,,Asked why the monthly charge increased without notice.
1338,CUST-001127,2026-08-06,2026-08-08,billing,high,closed,62.63,Requested a refund for a duplicate charge.
1339,CUST-001127,2026-09-07,,other,medium,open,,General question about plan upgrade options.
1340,CUST-001127,2026-09-06,,technical,medium,open,,Feature X is not syncing data correctly.
1341,CUST-001128,2026-07-22,2026-07-23,other,low,closed,46.15,General question about plan upgrade options.
1342,CUST-001130,2026-08-04,2026-08-05,billing,high,closed,34.35,Reported a failed payment and requested a retry.
1343,CUST-001131,2026-05-29,,billing,high,open,,Customer disputes a charge on their most recent invoice.
1344,CUST-001133,2026-07-22,,billing,medium,open,,Requested a refund for a duplicate charge.
1345,CUST-001133,2026-03-25,,billing,high,open,,Asked why the monthly charge increased without notice.
1346,CUST-001133,2026-04-09,2026-04-11,billing,low,closed,51.85,Requested a refund for a duplicate charge.
1347,CUST-001135,2026-06-13,2026-06-13,other,medium,closed,2.91,Requested a copy of past invoices.
1348,CUST-001135,2026-05-07,2026-05-08,other,high,closed,37.31,Provided feedback about the onboarding experience.
1349,CUST-001135,2026-04-15,2026-04-16,billing,high,closed,32.58,Customer disputes a charge on their most recent invoice.
1350,CUST-001137,2026-04-16,,other,medium,open,,Requested a copy of past invoices.
1351,CUST-001140,2026-05-17,,other,medium,open,,Asked about cancellation policy and notice period.
1352,CUST-001142,2026-05-21,,other,medium,open,,Requested a copy of past invoices.
1353,CUST-001142,2026-05-11,2026-05-12,technical,medium,closed,32.9,Feature X is not syncing data correctly.
1354,CUST-001145,2026-08-04,2026-08-07,billing,medium,closed,73.91,Requested a refund for a duplicate charge.
1355,CUST-001146,2026-04-02,2026-04-02,other,low,closed,13.74,Asked about cancellation policy and notice period.
1356,CUST-001146,2026-08-24,,technical,low,open,,App crashes when loading the dashboard view.
1357,CUST-001147,2026-04-17,,technical,medium,open,,Reported repeated login failures over the past week.
1358,CUST-001147,2026-08-15,2026-08-16,technical,medium,closed,46.1,Reported repeated login failures over the past week.
1359,CUST-001147,2026-08-28,2026-08-28,billing,low,closed,13.02,Requested a refund for a duplicate charge.
1360,CUST-001148,2026-05-24,2026-05-25,billing,low,closed,26.23,Requested a refund for a duplicate charge.
1361,CUST-001148,2026-03-30,2026-03-30,technical,high,closed,3.85,Feature X is not syncing data correctly.
1362,CUST-001149,2026-04-23,2026-04-23,billing,medium,closed,10.28,Reported a failed payment and requested a retry.
1363,CUST-001151,2026-05-17,2026-05-17,billing,low,closed,23.28,Customer disputes a charge on their most recent invoice.
1364,CUST-001151,2026-08-11,2026-08-11,other,high,closed,1.91,Provided feedback about the onboarding experience.
1365,CUST-001152,2026-04-03,2026-04-03,billing,medium,closed,14.17,Requested a refund for a duplicate charge.
1366,CUST-001152,2026-05-06,,billing,medium,open,,Customer disputes a charge on their most recent invoice.
1367,CUST-001153,2026-08-05,2026-08-08,billing,medium,closed,73.48,Reported a failed payment and requested a retry.
1368,CUST-001153,2026-05-12,2026-05-12,billing,low,closed,5.85,Reported a failed payment and requested a retry.
1369,CUST-001153,2026-04-07,2026-04-07,billing,medium,closed,16.64,Asked why the monthly charge increased without notice.
1370,CUST-001154,2026-05-18,,technical,medium,open,,Feature X is not syncing data correctly.
1371,CUST-001154,2026-05-27,2026-05-28,technical,low,closed,26.19,App crashes when loading the dashboard view.
1372,CUST-001154,2026-08-18,2026-08-20,technical,high,closed,62.62,Feature X is not syncing data correctly.
1373,CUST-001155,2026-05-06,,other,medium,open,,General question about plan upgrade options.
1374,CUST-001156,2026-08-15,2026-08-15,billing,high,closed,23.49,Asked why the monthly charge increased without notice.
1375,CUST-001157,2026-06-22,2026-06-23,billing,medium,closed,36.45,Reported a failed payment and requested a retry.
1376,CUST-001159,2026-06-29,2026-07-01,billing,medium,closed,64.39,Customer disputes a charge on their most recent invoice.
1377,CUST-001159,2026-05-10,2026-05-10,billing,medium,closed,1.63,Requested a refund for a duplicate charge.
1378,CUST-001161,2026-04-08,,other,high,open,,Provided feedback about the onboarding experience.
1379,CUST-001161,2026-09-06,2026-09-06,billing,low,closed,20.91,Asked why the monthly charge increased without notice.
1380,CUST-001161,2026-04-10,,billing,medium,open,,Reported a failed payment and requested a retry.
1381,CUST-001161,2026-08-19,2026-08-22,other,high,closed,77.24,Asked about cancellation policy and notice period.
1382,CUST-001162,2026-07-06,,billing,low,open,,Asked why the monthly charge increased without notice.
1383,CUST-001163,2026-08-18,2026-08-18,technical,low,closed,5.51,Reported repeated login failures over the past week.
1384,CUST-001163,2026-08-17,2026-08-17,billing,medium,closed,19.05,Requested a refund for a duplicate charge.
1385,CUST-001165,2026-08-26,,other,low,open,,Requested a copy of past invoices.
1386,CUST-001165,2026-06-24,2026-06-24,technical,high,closed,6.38,Reported repeated login failures over the past week.
1387,CUST-001167,2026-05-02,2026-05-02,billing,medium,closed,12.52,Asked why the monthly charge increased without notice.
1388,CUST-001167,2026-07-07,2026-07-08,billing,low,closed,35.17,Reported a failed payment and requested a retry.
1389,CUST-001167,2026-06-06,2026-06-07,technical,low,closed,40.24,Reported repeated login failures over the past week.
1390,CUST-001168,2026-04-23,2026-04-26,billing,low,closed,94.83,Reported a failed payment and requested a retry.
1391,CUST-001168,2026-05-06,,technical,medium,open,,Reported repeated login failures over the past week.
1392,CUST-001169,2026-07-29,2026-07-30,other,high,closed,33.97,Provided feedback about the onboarding experience.
1393,CUST-001170,2026-06-26,2026-06-26,billing,medium,closed,8.61,Asked why the monthly charge increased without notice.
1394,CUST-001171,2026-04-11,2026-04-14,billing,medium,closed,74.93,Customer disputes a charge on their most recent invoice.
1395,CUST-001171,2026-07-10,2026-07-10,billing,medium,closed,23.79,Requested a refund for a duplicate charge.
1396,CUST-001171,2026-08-16,2026-08-17,technical,low,closed,46.35,Feature X is not syncing data correctly.
1397,CUST-001172,2026-06-04,2026-06-04,billing,low,closed,2.44,Customer disputes a charge on their most recent invoice.
1398,CUST-001174,2026-08-17,,technical,medium,open,,App crashes when loading the dashboard view.
1399,CUST-001175,2026-07-22,,technical,high,open,,Requested help configuring an integration.
1400,CUST-001175,2026-08-24,,technical,medium,open,,Feature X is not syncing data correctly.
1401,CUST-001175,2026-05-04,,other,medium,open,,Asked about cancellation policy and notice period.
1402,CUST-001175,2026-06-24,,technical,medium,open,,Reported repeated login failures over the past week.
1403,CUST-001176,2026-05-17,2026-05-17,technical,high,closed,13.04,Feature X is not syncing data correctly.
1404,CUST-001177,2026-07-30,,technical,low,open,,Reported repeated login failures over the past week.
1405,CUST-001177,2026-09-03,,billing,medium,open,,Reported a failed payment and requested a retry.
1406,CUST-001177,2026-04-01,2026-04-01,billing,medium,closed,5.59,Reported a failed payment and requested a retry.
1407,CUST-001178,2026-08-22,,billing,high,open,,Customer disputes a charge on their most recent invoice.
1408,CUST-001180,2026-03-24,,other,medium,open,,Asked about cancellation policy and notice period.
1409,CUST-001183,2026-03-30,2026-03-31,technical,low,closed,32.63,Reported repeated login failures over the past week.
1410,CUST-001183,2026-04-30,2026-05-01,other,medium,closed,40.98,Provided feedback about the onboarding experience.
1411,CUST-001185,2026-08-30,,billing,low,open,,Customer disputes a charge on their most recent invoice.
1412,CUST-001186,2026-08-20,2026-08-20,technical,medium,closed,15.23,Reported repeated login failures over the past week.
1413,CUST-001187,2026-04-28,2026-04-29,other,high,closed,28.89,General question about plan upgrade options.
1414,CUST-001189,2026-05-28,,other,low,open,,General question about plan upgrade options.
1415,CUST-001190,2026-07-27,2026-07-28,other,medium,closed,30.39,General question about plan upgrade options.
1416,CUST-001190,2026-09-12,2026-09-13,other,medium,closed,38.51,Provided feedback about the onboarding experience.
1417,CUST-001192,2026-09-09,2026-09-10,other,medium,closed,44.48,Provided feedback about the onboarding experience.
1418,CUST-001196,2026-04-21,2026-04-21,billing,high,closed,23.27,Requested a refund for a duplicate charge.
1419,CUST-001196,2026-06-17,,billing,medium,open,,Customer disputes a charge on their most recent invoice.
1420,CUST-001196,2026-03-29,,technical,medium,open,,Feature X is not syncing data correctly.
1421,CUST-001196,2026-08-01,,other,medium,open,,General question about plan upgrade options.
1422,CUST-001196,2026-04-25,,billing,medium,open,,Asked why the monthly charge increased without notice.
1423,CUST-001198,2026-06-03,2026-06-04,billing,medium,closed,43.29,Customer disputes a charge on their most recent invoice.
1424,CUST-001200,2026-08-13,,technical,low,open,,App crashes when loading the dashboard view.
1425,CUST-001201,2026-08-09,2026-08-09,billing,medium,closed,15.99,Asked why the monthly charge increased without notice.
1426,CUST-001202,2026-07-21,2026-07-21,technical,low,closed,20.26,Feature X is not syncing data correctly.
1427,CUST-001203,2026-06-23,,other,medium,open,,Asked about cancellation policy and notice period.
1428,CUST-001203,2026-08-18,2026-08-19,billing,medium,closed,44.25,Reported a failed payment and requested a retry.
1429,CUST-001206,2026-04-21,2026-04-21,billing,medium,closed,5.0,Reported a failed payment and requested a retry.
1430,CUST-001206,2026-03-22,2026-03-23,other,medium,closed,31.53,Provided feedback about the onboarding experience.
1431,CUST-001207,2026-06-27,2026-06-28,billing,medium,closed,39.11,Reported a failed payment and requested a retry.
1432,CUST-001207,2026-03-26,2026-03-27,billing,medium,closed,45.12,Reported a failed payment and requested a retry.
1433,CUST-001208,2026-07-11,,other,medium,open,,Provided feedback about the onboarding experience.
1434,CUST-001209,2026-08-09,2026-08-12,other,high,closed,75.52,Asked about cancellation policy and notice period.
1435,CUST-001209,2026-04-07,,billing,medium,open,,Requested a refund for a duplicate charge.
1436,CUST-001210,2026-05-02,,billing,medium,open,,Asked why the monthly charge increased without notice.
1437,CUST-001210,2026-04-02,,billing,high,open,,Requested a refund for a duplicate charge.
1438,CUST-001211,2026-04-03,2026-04-03,technical,medium,closed,20.24,App crashes when loading the dashboard view.
1439,CUST-001212,2026-08-01,2026-08-01,technical,low,closed,17.82,Feature X is not syncing data correctly.
1440,CUST-001215,2026-07-15,2026-07-15,technical,low,closed,2.41,Requested help configuring an integration.
1441,CUST-001217,2026-08-26,2026-08-26,billing,low,closed,8.67,Requested a refund for a duplicate charge.
1442,CUST-001217,2026-04-08,,billing,medium,open,,Customer disputes a charge on their most recent invoice.
1443,CUST-001217,2026-08-19,2026-08-21,billing,low,closed,70.21,Customer disputes a charge on their most recent invoice.
1444,CUST-001217,2026-06-22,2026-06-23,billing,medium,closed,44.18,Customer disputes a charge on their most recent invoice.
1445,CUST-001220,2026-06-09,2026-06-10,other,low,closed,39.42,Requested a copy of past invoices.
1446,CUST-001220,2026-05-20,,billing,low,open,,Reported a failed payment and requested a retry.
1447,CUST-001220,2026-07-10,,technical,medium,open,,App crashes when loading the dashboard view.
1448,CUST-001221,2026-09-04,2026-09-05,other,medium,closed,40.43,Provided feedback about the onboarding experience.
1449,CUST-001221,2026-04-01,2026-04-01,technical,medium,closed,11.02,Reported repeated login failures over the past week.
1450,CUST-001222,2026-04-16,,billing,medium,open,,Reported a failed payment and requested a retry.
1451,CUST-001223,2026-07-09,,technical,low,open,,Feature X is not syncing data correctly.
1452,CUST-001224,2026-03-31,2026-03-31,billing,low,closed,14.14,Asked why the monthly charge increased without notice.
1453,CUST-001225,2026-06-22,2026-06-22,billing,high,closed,18.31,Asked why the monthly charge increased without notice.
1454,CUST-001225,2026-04-13,2026-04-14,billing,high,closed,32.25,Reported a failed payment and requested a retry.
1455,CUST-001229,2026-04-09,2026-04-11,billing,medium,closed,51.93,Asked why the monthly charge increased without notice.
1456,CUST-001229,2026-06-25,2026-06-25,other,high,closed,17.77,Provided feedback about the onboarding experience.
1457,CUST-001230,2026-04-02,,other,high,open,,General question about plan upgrade options.
1458,CUST-001230,2026-08-13,2026-08-14,billing,low,closed,28.88,Asked why the monthly charge increased without notice.
1459,CUST-001230,2026-04-19,2026-04-19,billing,high,closed,12.21,Asked why the monthly charge increased without notice.
1460,CUST-001230,2026-05-09,,technical,medium,open,,App crashes when loading the dashboard view.
1461,CUST-001230,2026-07-08,2026-07-10,billing,medium,closed,68.71,Reported a failed payment and requested a retry.
1462,CUST-001231,2026-08-19,2026-08-21,other,medium,closed,61.64,Provided feedback about the onboarding experience.
1463,CUST-001231,2026-04-13,2026-04-16,billing,medium,closed,74.92,Reported a failed payment and requested a retry.
1464,CUST-001232,2026-08-26,2026-08-27,technical,medium,closed,38.17,App crashes when loading the dashboard view.
1465,CUST-001233,2026-04-02,,billing,high,open,,Asked why the monthly charge increased without notice.
1466,CUST-001233,2026-07-31,,billing,medium,open,,Asked why the monthly charge increased without notice.
1467,CUST-001234,2026-06-26,,technical,medium,open,,Requested help configuring an integration.
1468,CUST-001235,2026-07-01,2026-07-01,other,medium,closed,23.98,Requested a copy of past invoices.
1469,CUST-001237,2026-07-04,2026-07-04,billing,low,closed,18.24,Requested a refund for a duplicate charge.
1470,CUST-001237,2026-06-14,,technical,high,open,,Feature X is not syncing data correctly.
1471,CUST-001237,2026-08-13,2026-08-14,technical,high,closed,35.02,App crashes when loading the dashboard view.
1472,CUST-001239,2026-07-25,2026-07-25,other,low,closed,5.36,Requested a copy of past invoices.
1473,CUST-001239,2026-07-18,2026-07-18,technical,medium,closed,20.17,Requested help configuring an integration.
1474,CUST-001239,2026-05-11,2026-05-11,billing,medium,closed,20.6,Requested a refund for a duplicate charge.
1475,CUST-001240,2026-03-26,2026-03-26,technical,low,closed,19.09,Feature X is not syncing data correctly.
1476,CUST-001241,2026-04-10,,technical,low,open,,Requested help configuring an integration.
1477,CUST-001241,2026-06-24,2026-06-24,other,low,closed,20.1,Provided feedback about the onboarding experience.
1478,CUST-001242,2026-07-23,2026-07-25,billing,medium,closed,48.65,Customer disputes a charge on their most recent invoice.
1479,CUST-001242,2026-08-27,,technical,high,open,,Reported repeated login failures over the past week.
1480,CUST-001245,2026-07-17,2026-07-17,technical,low,closed,13.79,App crashes when loading the dashboard view.
1481,CUST-001245,2026-07-11,2026-07-11,billing,medium,closed,22.78,Reported a failed payment and requested a retry.
1482,CUST-001245,2026-07-26,2026-07-27,billing,medium,closed,46.92,Asked why the monthly charge increased without notice.
1483,CUST-001245,2026-07-10,2026-07-10,billing,medium,closed,11.43,Asked why the monthly charge increased without notice.
1484,CUST-001251,2026-08-15,,billing,high,open,,Reported a failed payment and requested a retry.
1485,CUST-001251,2026-05-01,2026-05-02,technical,medium,closed,40.94,Feature X is not syncing data correctly.
1486,CUST-001251,2026-06-04,,billing,high,open,,Reported a failed payment and requested a retry.
1487,CUST-001251,2026-08-24,2026-08-27,billing,low,closed,92.85,Customer disputes a charge on their most recent invoice.
1488,CUST-001252,2026-04-18,2026-04-18,other,medium,closed,12.75,Provided feedback about the onboarding experience.
1489,CUST-001252,2026-04-27,2026-04-28,billing,medium,closed,47.19,Asked why the monthly charge increased without notice.
1490,CUST-001258,2026-07-19,2026-07-19,billing,medium,closed,13.06,Requested a refund for a duplicate charge.
1491,CUST-001259,2026-05-16,2026-05-17,technical,medium,closed,38.11,Reported repeated login failures over the past week.
1492,CUST-001261,2026-06-22,,billing,medium,open,,Requested a refund for a duplicate charge.
1493,CUST-001261,2026-08-15,2026-08-18,billing,low,closed,85.76,Reported a failed payment and requested a retry.
1494,CUST-001262,2026-09-14,,billing,medium,open,,Customer disputes a charge on their most recent invoice.
1495,CUST-001262,2026-06-23,,technical,high,open,,App crashes when loading the dashboard view.
1496,CUST-001263,2026-07-05,,billing,medium,open,,Requested a refund for a duplicate charge.
1497,CUST-001269,2026-06-17,2026-06-18,technical,medium,closed,41.9,Feature X is not syncing data correctly.
1498,CUST-001269,2026-07-11,,other,high,open,,Asked about cancellation policy and notice period.
1499,CUST-001273,2026-04-10,2026-04-11,billing,low,closed,35.8,Asked why the monthly charge increased without notice.
1500,CUST-001273,2026-08-30,2026-08-31,billing,low,closed,43.2,Asked why the monthly charge increased without notice.
1501,CUST-001273,2026-07-22,2026-07-23,billing,medium,closed,29.81,Customer disputes a charge on their most recent invoice.
1502,CUST-001276,2026-05-28,,billing,medium,open,,Reported a failed payment and requested a retry.
1503,CUST-001276,2026-06-20,2026-06-22,billing,medium,closed,61.73,Requested a refund for a duplicate charge.
1504,CUST-001276,2026-07-27,,billing,medium,open,,Requested a refund for a duplicate charge.
1505,CUST-001277,2026-09-09,,technical,medium,open,,App crashes when loading the dashboard view.
1506,CUST-001278,2026-04-03,2026-04-03,technical,medium,closed,2.03,Requested help configuring an integration.
1507,CUST-001279,2026-04-17,2026-04-19,technical,low,closed,48.0,Requested help configuring an integration.
1508,CUST-001279,2026-03-29,2026-03-30,other,high,closed,27.16,General question about plan upgrade options.
1509,CUST-001283,2026-08-26,2026-08-27,billing,low,closed,36.84,Customer disputes a charge on their most recent invoice.
1510,CUST-001284,2026-03-22,2026-03-22,technical,high,closed,5.82,Feature X is not syncing data correctly.
1511,CUST-001286,2026-06-30,2026-06-30,billing,low,closed,5.1,Asked why the monthly charge increased without notice.
1512,CUST-001287,2026-05-05,2026-05-07,billing,low,closed,63.98,Customer disputes a charge on their most recent invoice.
1513,CUST-001288,2026-06-29,2026-06-29,technical,medium,closed,11.7,Reported repeated login failures over the past week.
1514,CUST-001289,2026-04-26,2026-04-27,billing,medium,closed,44.06,Reported a failed payment and requested a retry.
1515,CUST-001289,2026-09-02,2026-09-02,technical,high,closed,12.92,Reported repeated login failures over the past week.
1516,CUST-001291,2026-08-12,,billing,medium,open,,Reported a failed payment and requested a retry.
1517,CUST-001291,2026-03-29,,billing,high,open,,Requested a refund for a duplicate charge.
1518,CUST-001292,2026-08-09,2026-08-10,technical,high,closed,25.56,Feature X is not syncing data correctly.
1519,CUST-001294,2026-06-14,2026-06-14,other,low,closed,5.78,Requested a copy of past invoices.
1520,CUST-001294,2026-05-30,2026-05-30,technical,medium,closed,2.75,Reported repeated login failures over the past week.
1521,CUST-001294,2026-05-23,2026-05-24,billing,high,closed,32.23,Requested a refund for a duplicate charge.
1522,CUST-001294,2026-08-30,2026-08-30,billing,medium,closed,3.53,Asked why the monthly charge increased without notice.
1523,CUST-001295,2026-05-17,2026-05-18,technical,high,closed,44.33,Requested help configuring an integration.
1524,CUST-001296,2026-04-11,2026-04-13,technical,medium,closed,59.41,App crashes when loading the dashboard view.
1525,CUST-001297,2026-05-14,2026-05-16,technical,medium,closed,48.9,Feature X is not syncing data correctly.
1526,CUST-001297,2026-03-31,2026-04-03,technical,high,closed,74.19,Reported repeated login failures over the past week.
1527,CUST-001299,2026-04-24,2026-04-24,technical,low,closed,2.44,Reported repeated login failures over the past week.
1528,CUST-001300,2026-07-04,2026-07-04,technical,medium,closed,10.99,Reported repeated login failures over the past week.
1529,CUST-001300,2026-03-25,,billing,medium,open,,Reported a failed payment and requested a retry.
1530,CUST-001301,2026-09-08,,other,medium,open,,Provided feedback about the onboarding experience.
1531,CUST-001301,2026-05-02,2026-05-02,technical,medium,closed,12.81,App crashes when loading the dashboard view.
1532,CUST-001302,2026-05-15,2026-05-15,billing,medium,closed,9.09,Requested a refund for a duplicate charge.
1533,CUST-001302,2026-07-12,2026-07-13,billing,low,closed,24.34,Asked why the monthly charge increased without notice.
1534,CUST-001304,2026-04-28,,billing,high,open,,Asked why the monthly charge increased without notice.
1535,CUST-001305,2026-09-09,2026-09-10,billing,high,closed,28.92,Asked why the monthly charge increased without notice.
1536,CUST-001305,2026-09-15,2026-09-16,billing,low,closed,24.65,Requested a refund for a duplicate charge.
1537,CUST-001306,2026-08-08,,technical,high,open,,App crashes when loading the dashboard view.
1538,CUST-001308,2026-08-02,2026-08-03,technical,low,closed,27.25,Requested help configuring an integration.
1539,CUST-001308,2026-07-24,,billing,high,open,,Asked why the monthly charge increased without notice.
1540,CUST-001310,2026-05-25,,other,high,open,,Asked about cancellation policy and notice period.
1541,CUST-001314,2026-07-14,,other,low,open,,Requested a copy of past invoices.
1542,CUST-001315,2026-06-11,,technical,medium,open,,Reported repeated login failures over the past week.
1543,CUST-001317,2026-06-25,2026-06-26,technical,low,closed,32.49,Reported repeated login failures over the past week.
1544,CUST-001318,2026-04-13,2026-04-14,billing,high,closed,28.43,Customer disputes a charge on their most recent invoice.
1545,CUST-001321,2026-08-15,,billing,medium,open,,Asked why the monthly charge increased without notice.
1546,CUST-001321,2026-08-21,2026-08-23,technical,high,closed,51.23,Requested help configuring an integration.
1547,CUST-001322,2026-04-20,,billing,medium,open,,Customer disputes a charge on their most recent invoice.
1548,CUST-001322,2026-08-18,,technical,low,open,,Feature X is not syncing data correctly.
1549,CUST-001323,2026-04-04,2026-04-05,billing,low,closed,42.89,Asked why the monthly charge increased without notice.
1550,CUST-001326,2026-08-11,2026-08-12,billing,low,closed,39.47,Asked why the monthly charge increased without notice.
1551,CUST-001327,2026-04-23,2026-04-23,technical,medium,closed,16.57,App crashes when loading the dashboard view.
1552,CUST-001329,2026-08-02,2026-08-02,technical,high,closed,1.9,Reported repeated login failures over the past week.
1553,CUST-001329,2026-04-01,2026-04-04,billing,medium,closed,72.8,Reported a failed payment and requested a retry.
1554,CUST-001330,2026-04-23,,technical,medium,open,,App crashes when loading the dashboard view.
1555,CUST-001330,2026-03-24,2026-03-25,billing,low,closed,24.02,Requested a refund for a duplicate charge.
1556,CUST-001330,2026-06-25,,billing,high,open,,Asked why the monthly charge increased without notice.
1557,CUST-001330,2026-08-08,2026-08-08,technical,medium,closed,7.75,Feature X is not syncing data correctly.
1558,CUST-001333,2026-06-25,,billing,high,open,,Reported a failed payment and requested a retry.
1559,CUST-001333,2026-07-10,,billing,medium,open,,Asked why the monthly charge increased without notice.
1560,CUST-001333,2026-06-25,2026-06-26,technical,medium,closed,24.73,App crashes when loading the dashboard view.
1561,CUST-001340,2026-06-12,,technical,high,open,,Reported repeated login failures over the past week.
1562,CUST-001340,2026-08-19,,billing,medium,open,,Reported a failed payment and requested a retry.
1563,CUST-001342,2026-04-28,2026-04-28,other,high,closed,17.95,Asked about cancellation policy and notice period.
1564,CUST-001343,2026-05-12,2026-05-13,other,medium,closed,47.93,Provided feedback about the onboarding experience.
1565,CUST-001344,2026-06-19,2026-06-19,technical,high,closed,8.64,Feature X is not syncing data correctly.
1566,CUST-001345,2026-06-03,2026-06-03,billing,low,closed,4.59,Customer disputes a charge on their most recent invoice.
1567,CUST-001345,2026-07-21,2026-07-21,billing,low,closed,23.38,Requested a refund for a duplicate charge.
1568,CUST-001346,2026-06-09,2026-06-09,other,medium,closed,22.2,General question about plan upgrade options.
1569,CUST-001346,2026-09-08,2026-09-08,technical,medium,closed,13.97,Reported repeated login failures over the past week.
1570,CUST-001346,2026-07-08,2026-07-09,other,high,closed,42.22,Requested a copy of past invoices.
1571,CUST-001348,2026-05-19,2026-05-22,technical,medium,closed,88.72,Reported repeated login failures over the past week.
1572,CUST-001349,2026-08-11,2026-08-14,technical,medium,closed,91.19,App crashes when loading the dashboard view.
1573,CUST-001349,2026-03-21,2026-03-22,billing,high,closed,46.78,Requested a refund for a duplicate charge.
1574,CUST-001352,2026-06-20,2026-06-21,technical,high,closed,41.88,Feature X is not syncing data correctly.
1575,CUST-001352,2026-05-05,2026-05-05,technical,medium,closed,18.18,Requested help configuring an integration.
1576,CUST-001353,2026-09-05,2026-09-05,other,high,closed,1.88,Asked about cancellation policy and notice period.
1577,CUST-001353,2026-06-19,2026-06-20,billing,low,closed,45.29,Customer disputes a charge on their most recent invoice.
1578,CUST-001354,2026-05-17,2026-05-18,billing,high,closed,31.64,Requested a refund for a duplicate charge.
1579,CUST-001362,2026-06-24,2026-06-24,billing,high,closed,10.34,Requested a refund for a duplicate charge.
1580,CUST-001362,2026-08-25,2026-08-25,other,medium,closed,1.71,Asked about cancellation policy and notice period.
1581,CUST-001362,2026-09-15,2026-09-18,other,low,closed,93.24,Provided feedback about the onboarding experience.
1582,CUST-001365,2026-08-04,2026-08-05,billing,medium,closed,42.88,Asked why the monthly charge increased without notice.
1583,CUST-001365,2026-07-06,,technical,low,open,,Feature X is not syncing data correctly.
1584,CUST-001365,2026-05-12,,other,medium,open,,Requested a copy of past invoices.
1585,CUST-001366,2026-08-23,2026-08-25,billing,high,closed,61.15,Asked why the monthly charge increased without notice.
1586,CUST-001366,2026-07-02,,billing,low,open,,Asked why the monthly charge increased without notice.
1587,CUST-001367,2026-09-04,2026-09-07,billing,medium,closed,78.66,Requested a refund for a duplicate charge.
1588,CUST-001367,2026-07-24,2026-07-27,other,low,closed,85.55,Provided feedback about the onboarding experience.
1589,CUST-001368,2026-05-02,,billing,medium,open,,Customer disputes a charge on their most recent invoice.
1590,CUST-001368,2026-05-08,2026-05-09,other,low,closed,25.33,General question about plan upgrade options.
1591,CUST-001368,2026-04-23,,technical,low,open,,Requested help configuring an integration.
1592,CUST-001369,2026-04-07,2026-04-07,technical,medium,closed,1.64,Feature X is not syncing data correctly.
1593,CUST-001369,2026-04-11,,technical,medium,open,,App crashes when loading the dashboard view.
1594,CUST-001369,2026-09-11,,other,medium,open,,Provided feedback about the onboarding experience.
1595,CUST-001370,2026-07-05,,billing,high,open,,Reported a failed payment and requested a retry.
1596,CUST-001370,2026-08-22,2026-08-22,billing,low,closed,5.38,Asked why the monthly charge increased without notice.
1597,CUST-001370,2026-08-03,2026-08-05,technical,low,closed,57.58,Reported repeated login failures over the past week.
1598,CUST-001372,2026-04-08,2026-04-08,billing,low,closed,14.75,Requested a refund for a duplicate charge.
1599,CUST-001373,2026-07-21,2026-07-23,billing,high,closed,70.47,Asked why the monthly charge increased without notice.
1600,CUST-001374,2026-04-29,,other,high,open,,Asked about cancellation policy and notice period.
1601,CUST-001374,2026-03-27,2026-03-27,billing,medium,closed,9.38,Reported a failed payment and requested a retry.
1602,CUST-001377,2026-04-20,2026-04-20,technical,medium,closed,20.7,Reported repeated login failures over the past week.
1603,CUST-001379,2026-03-26,2026-03-27,technical,low,closed,28.0,Requested help configuring an integration.
1604,CUST-001379,2026-08-16,2026-08-16,technical,low,closed,20.87,Requested help configuring an integration.
1605,CUST-001379,2026-06-24,,billing,medium,open,,Reported a failed payment and requested a retry.
1606,CUST-001381,2026-09-07,2026-09-08,other,medium,closed,39.01,General question about plan upgrade options.
1607,CUST-001381,2026-04-16,2026-04-16,other,medium,closed,18.16,Requested a copy of past invoices.
1608,CUST-001381,2026-08-14,2026-08-14,other,medium,closed,15.01,Asked about cancellation policy and notice period.
1609,CUST-001382,2026-05-08,2026-05-08,billing,low,closed,11.44,Reported a failed payment and requested a retry.
1610,CUST-001382,2026-09-02,2026-09-03,billing,low,closed,38.36,Asked why the monthly charge increased without notice.
1611,CUST-001383,2026-09-03,,technical,medium,open,,Feature X is not syncing data correctly.
1612,CUST-001386,2026-07-01,,other,medium,open,,General question about plan upgrade options.
1613,CUST-001387,2026-04-20,2026-04-20,other,medium,closed,9.3,Provided feedback about the onboarding experience.
1614,CUST-001390,2026-06-16,2026-06-17,billing,medium,closed,25.26,Reported a failed payment and requested a retry.
1615,CUST-001390,2026-07-06,2026-07-06,billing,low,closed,2.85,Asked why the monthly charge increased without notice.
1616,CUST-001390,2026-07-04,2026-07-04,technical,high,closed,4.57,App crashes when loading the dashboard view.
1617,CUST-001391,2026-04-15,2026-04-16,technical,high,closed,47.72,Requested help configuring an integration.
1618,CUST-001393,2026-04-03,2026-04-03,technical,low,closed,13.73,Reported repeated login failures over the past week.
1619,CUST-001394,2026-07-07,2026-07-08,other,medium,closed,26.24,Requested a copy of past invoices.
1620,CUST-001395,2026-04-22,2026-04-22,technical,medium,closed,14.93,Feature X is not syncing data correctly.
1621,CUST-001398,2026-04-10,,other,medium,open,,Asked about cancellation policy and notice period.
1622,CUST-001398,2026-06-12,2026-06-12,other,medium,closed,12.41,Asked about cancellation policy and notice period.
1623,CUST-001398,2026-07-31,2026-07-31,technical,medium,closed,6.0,Requested help configuring an integration.
1624,CUST-001400,2026-03-30,2026-04-02,technical,medium,closed,74.87,App crashes when loading the dashboard view.
1625,CUST-001400,2026-04-13,2026-04-15,billing,low,closed,69.63,Requested a refund for a duplicate charge.
1626,CUST-001400,2026-08-21,,billing,medium,open,,Requested a refund for a duplicate charge.
1627,CUST-001400,2026-04-29,2026-05-02,billing,high,closed,94.89,Asked why the monthly charge increased without notice.
1628,CUST-001402,2026-06-25,2026-06-27,billing,medium,closed,60.66,Asked why the monthly charge increased without notice.
1629,CUST-001402,2026-08-23,2026-08-23,technical,low,closed,8.44,App crashes when loading the dashboard view.
1630,CUST-001402,2026-07-22,,billing,low,open,,Requested a refund for a duplicate charge.
1631,CUST-001404,2026-08-03,,billing,medium,open,,Requested a refund for a duplicate charge.
1632,CUST-001404,2026-03-31,,billing,medium,open,,Asked why the monthly charge increased without notice.
1633,CUST-001408,2026-05-09,,billing,medium,open,,Reported a failed payment and requested a retry.
1634,CUST-001408,2026-06-05,,billing,medium,open,,Customer disputes a charge on their most recent invoice.
1635,CUST-001410,2026-07-28,,other,medium,open,,Requested a copy of past invoices.
1636,CUST-001414,2026-09-12,2026-09-12,other,medium,closed,2.74,Asked about cancellation policy and notice period.
1637,CUST-001415,2026-09-15,2026-09-15,technical,low,closed,5.07,Feature X is not syncing data correctly.
1638,CUST-001420,2026-05-17,,technical,medium,open,,Requested help configuring an integration.
1639,CUST-001421,2026-09-07,2026-09-07,other,low,closed,23.67,Requested a copy of past invoices.
1640,CUST-001422,2026-04-28,2026-05-01,billing,medium,closed,80.74,Reported a failed payment and requested a retry.
1641,CUST-001424,2026-07-02,2026-07-02,billing,high,closed,4.12,Requested a refund for a duplicate charge.
1642,CUST-001425,2026-08-10,2026-08-10,billing,medium,closed,15.12,Customer disputes a charge on their most recent invoice.
1643,CUST-001426,2026-07-04,2026-07-06,technical,medium,closed,52.66,Feature X is not syncing data correctly.
1644,CUST-001426,2026-09-11,,billing,medium,open,,Customer disputes a charge on their most recent invoice.
1645,CUST-001426,2026-05-18,,billing,high,open,,Requested a refund for a duplicate charge.
1646,CUST-001426,2026-06-22,,billing,high,open,,Reported a failed payment and requested a retry.
1647,CUST-001427,2026-03-25,2026-03-26,other,medium,closed,46.29,Provided feedback about the onboarding experience.
1648,CUST-001427,2026-04-06,,technical,medium,open,,App crashes when loading the dashboard view.
1649,CUST-001433,2026-08-30,,other,medium,open,,Requested a copy of past invoices.
1650,CUST-001433,2026-06-17,,billing,medium,open,,Customer disputes a charge on their most recent invoice.
1651,CUST-001433,2026-04-15,,technical,medium,open,,Requested help configuring an integration.
1652,CUST-001434,2026-05-13,,technical,medium,open,,Requested help configuring an integration.
1653,CUST-001435,2026-07-20,,other,low,open,,Asked about cancellation policy and notice period.
1654,CUST-001435,2026-07-21,2026-07-22,billing,high,closed,29.89,Reported a failed payment and requested a retry.
1655,CUST-001436,2026-05-11,2026-05-11,other,medium,closed,9.55,Asked about cancellation policy and notice period.
1656,CUST-001438,2026-05-28,,technical,medium,open,,Requested help configuring an integration.
1657,CUST-001438,2026-06-03,,billing,low,open,,Asked why the monthly charge increased without notice.
1658,CUST-001439,2026-06-28,,technical,medium,open,,Requested help configuring an integration.
1659,CUST-001440,2026-07-13,2026-07-13,billing,high,closed,15.95,Reported a failed payment and requested a retry.
1660,CUST-001441,2026-07-01,2026-07-02,billing,low,closed,44.72,Asked why the monthly charge increased without notice.
1661,CUST-001441,2026-06-02,,other,low,open,,Asked about cancellation policy and notice period.
1662,CUST-001441,2026-06-07,,billing,low,open,,Requested a refund for a duplicate charge.
1663,CUST-001442,2026-07-26,2026-07-26,other,low,closed,11.01,General question about plan upgrade options.
1664,CUST-001442,2026-07-12,2026-07-13,technical,high,closed,33.27,Feature X is not syncing data correctly.
1665,CUST-001443,2026-04-11,,other,medium,open,,Requested a copy of past invoices.
1666,CUST-001443,2026-08-29,,billing,low,open,,Requested a refund for a duplicate charge.
1667,CUST-001444,2026-04-19,2026-04-20,technical,high,closed,29.51,Requested help configuring an integration.
1668,CUST-001445,2026-07-27,,technical,medium,open,,Reported repeated login failures over the past week.
1669,CUST-001445,2026-09-07,2026-09-08,technical,low,closed,27.11,Feature X is not syncing data correctly.
1670,CUST-001447,2026-05-05,2026-05-06,billing,high,closed,31.48,Reported a failed payment and requested a retry.
1671,CUST-001447,2026-05-11,2026-05-12,other,high,closed,40.98,Requested a copy of past invoices.
1672,CUST-001450,2026-07-18,2026-07-21,technical,medium,closed,77.15,App crashes when loading the dashboard view.
1673,CUST-001450,2026-08-27,,billing,medium,open,,Customer disputes a charge on their most recent invoice.
1674,CUST-001452,2026-05-08,2026-05-08,other,medium,closed,9.71,Provided feedback about the onboarding experience.
1675,CUST-001455,2026-04-12,2026-04-12,billing,medium,closed,17.63,Requested a refund for a duplicate charge.
1676,CUST-001455,2026-06-04,,technical,medium,open,,Requested help configuring an integration.
1677,CUST-001456,2026-05-03,2026-05-04,other,high,closed,45.0,General question about plan upgrade options.
1678,CUST-001457,2026-04-21,2026-04-22,other,medium,closed,36.73,Provided feedback about the onboarding experience.
1679,CUST-001457,2026-07-02,2026-07-02,technical,medium,closed,6.58,App crashes when loading the dashboard view.
1680,CUST-001458,2026-08-03,2026-08-03,billing,low,closed,1.82,Requested a refund for a duplicate charge.
1681,CUST-001458,2026-07-07,2026-07-08,other,medium,closed,34.61,Requested a copy of past invoices.
1682,CUST-001458,2026-06-27,,billing,low,open,,Asked why the monthly charge increased without notice.
1683,CUST-001459,2026-04-29,2026-04-29,other,low,closed,17.59,Asked about cancellation policy and notice period.
1684,CUST-001460,2026-08-13,2026-08-16,technical,medium,closed,85.77,Feature X is not syncing data correctly.
1685,CUST-001460,2026-04-16,2026-04-16,billing,low,closed,23.49,Reported a failed payment and requested a retry.
1686,CUST-001461,2026-07-01,2026-07-02,billing,medium,closed,41.31,Reported a failed payment and requested a retry.
1687,CUST-001462,2026-03-25,,billing,medium,open,,Requested a refund for a duplicate charge.
1688,CUST-001463,2026-08-29,2026-08-30,other,high,closed,41.69,Asked about cancellation policy and notice period.
1689,CUST-001465,2026-06-30,2026-06-30,billing,low,closed,7.72,Reported a failed payment and requested a retry.
1690,CUST-001465,2026-05-03,2026-05-03,other,low,closed,21.04,Requested a copy of past invoices.
1691,CUST-001465,2026-08-08,,technical,medium,open,,App crashes when loading the dashboard view.
1692,CUST-001467,2026-07-06,,technical,low,open,,App crashes when loading the dashboard view.
1693,CUST-001467,2026-07-26,,technical,medium,open,,Reported repeated login failures over the past week.
1694,CUST-001467,2026-04-16,,other,medium,open,,General question about plan upgrade options.
1695,CUST-001468,2026-06-24,2026-06-27,billing,low,closed,88.4,Customer disputes a charge on their most recent invoice.
1696,CUST-001470,2026-07-04,,billing,high,open,,Asked why the monthly charge increased without notice.
1697,CUST-001471,2026-03-27,2026-03-27,technical,medium,closed,20.03,Reported repeated login failures over the past week.
1698,CUST-001472,2026-05-19,,billing,high,open,,Customer disputes a charge on their most recent invoice.
1699,CUST-001472,2026-06-04,2026-06-05,technical,medium,closed,44.32,Feature X is not syncing data correctly.
1700,CUST-001473,2026-06-09,2026-06-10,billing,low,closed,24.76,Asked why the monthly charge increased without notice.
1701,CUST-001474,2026-08-31,,technical,high,open,,App crashes when loading the dashboard view.
1702,CUST-001474,2026-09-09,,technical,high,open,,Requested help configuring an integration.
1703,CUST-001475,2026-07-09,2026-07-12,technical,high,closed,92.26,Requested help configuring an integration.
1704,CUST-001475,2026-06-03,,technical,medium,open,,Requested help configuring an integration.
1705,CUST-001475,2026-09-13,,technical,medium,open,,Requested help configuring an integration.
1706,CUST-001476,2026-07-08,,technical,low,open,,Reported repeated login failures over the past week.
1707,CUST-001477,2026-07-31,,billing,medium,open,,Customer disputes a charge on their most recent invoice.
1708,CUST-001477,2026-08-20,,billing,medium,open,,Reported a failed payment and requested a retry.
1709,CUST-001477,2026-04-30,2026-04-30,other,low,closed,4.35,General question about plan upgrade options.
1710,CUST-001477,2026-06-05,,billing,medium,open,,Asked why the monthly charge increased without notice.
1711,CUST-001479,2026-06-13,2026-06-13,billing,low,closed,8.4,Customer disputes a charge on their most recent invoice.
1712,CUST-001480,2026-05-31,2026-05-31,billing,medium,closed,1.69,Reported a failed payment and requested a retry.
1713,CUST-001482,2026-07-27,,technical,high,open,,App crashes when loading the dashboard view.
1714,CUST-001482,2026-08-24,2026-08-27,billing,medium,closed,94.53,Requested a refund for a duplicate charge.
1715,CUST-001482,2026-04-12,2026-04-15,billing,medium,closed,85.86,Customer disputes a charge on their most recent invoice.
1716,CUST-001482,2026-07-17,,billing,medium,open,,Reported a failed payment and requested a retry.
1717,CUST-001482,2026-06-24,2026-06-26,other,medium,closed,65.97,General question about plan upgrade options.
1718,CUST-001482,2026-08-12,,technical,medium,open,,Reported repeated login failures over the past week.
1719,CUST-001483,2026-07-21,2026-07-21,other,medium,closed,11.27,Asked about cancellation policy and notice period.
1720,CUST-001483,2026-06-30,2026-07-01,billing,low,closed,27.4,Customer disputes a charge on their most recent invoice.
1721,CUST-001484,2026-05-05,2026-05-06,other,medium,closed,42.62,Provided feedback about the onboarding experience.
1722,CUST-001487,2026-04-18,,billing,medium,open,,Reported a failed payment and requested a retry.
1723,CUST-001488,2026-05-13,,other,medium,open,,Requested a copy of past invoices.
1724,CUST-001488,2026-04-30,,billing,low,open,,Reported a failed payment and requested a retry.
1725,CUST-001488,2026-08-06,2026-08-07,billing,medium,closed,29.98,Asked why the monthly charge increased without notice.
1726,CUST-001488,2026-05-12,,billing,high,open,,Asked why the monthly charge increased without notice.
1727,CUST-001491,2026-07-03,2026-07-04,billing,medium,closed,45.61,Reported a failed payment and requested a retry.
1728,CUST-001492,2026-05-18,,billing,medium,open,,Requested a refund for a duplicate charge.
1729,CUST-001493,2026-08-31,2026-09-02,billing,high,closed,58.33,Asked why the monthly charge increased without notice.
1730,CUST-001493,2026-09-04,2026-09-04,billing,medium,closed,6.31,Requested a refund for a duplicate charge.
1731,CUST-001493,2026-07-12,2026-07-13,billing,medium,closed,38.33,Reported a failed payment and requested a retry.
1732,CUST-001493,2026-05-03,2026-05-03,technical,medium,closed,11.82,Reported repeated login failures over the past week.
1733,CUST-001494,2026-04-06,2026-04-07,billing,low,closed,36.09,Reported a failed payment and requested a retry.
1734,CUST-001495,2026-05-17,2026-05-17,technical,medium,closed,17.8,Reported repeated login failures over the past week.
1735,CUST-001498,2026-05-19,2026-05-20,technical,high,closed,37.62,Requested help configuring an integration.
1736,CUST-001501,2026-07-23,2026-07-24,billing,medium,closed,24.68,Asked why the monthly charge increased without notice.
1737,CUST-001503,2026-06-30,2026-07-02,billing,medium,closed,58.67,Reported a failed payment and requested a retry.
1738,CUST-001503,2026-04-19,,billing,low,open,,Requested a refund for a duplicate charge.
1739,CUST-001503,2026-09-05,,billing,medium,open,,Requested a refund for a duplicate charge.
1740,CUST-001504,2026-06-27,2026-06-30,billing,high,closed,75.17,Reported a failed payment and requested a retry.
1741,CUST-001504,2026-05-20,,technical,low,open,,Reported repeated login failures over the past week.
1742,CUST-001504,2026-07-31,,technical,medium,open,,App crashes when loading the dashboard view.
1743,CUST-001504,2026-09-05,2026-09-05,billing,medium,closed,9.67,Customer disputes a charge on their most recent invoice.
1744,CUST-001504,2026-05-21,2026-05-22,technical,medium,closed,27.91,App crashes when loading the dashboard view.
1745,CUST-001506,2026-06-26,2026-06-26,other,low,closed,9.28,Requested a copy of past invoices.
1746,CUST-001507,2026-07-02,2026-07-03,other,low,closed,26.56,Requested a copy of past invoices.
1747,CUST-001508,2026-03-22,,technical,low,open,,Reported repeated login failures over the past week.
1748,CUST-001509,2026-04-11,,billing,low,open,,Asked why the monthly charge increased without notice.
1749,CUST-001510,2026-04-30,2026-05-01,technical,low,closed,27.89,Feature X is not syncing data correctly.
1750,CUST-001511,2026-08-07,,technical,medium,open,,Feature X is not syncing data correctly.
1751,CUST-001511,2026-07-24,2026-07-24,billing,medium,closed,19.97,Customer disputes a charge on their most recent invoice.
1752,CUST-001514,2026-07-17,2026-07-17,other,low,closed,18.19,Asked about cancellation policy and notice period.
1753,CUST-001515,2026-03-21,2026-03-22,technical,medium,closed,42.62,Requested help configuring an integration.
1754,CUST-001517,2026-07-25,,other,low,open,,Requested a copy of past invoices.
1755,CUST-001517,2026-09-02,2026-09-02,other,low,closed,2.44,General question about plan upgrade options.
1756,CUST-001521,2026-06-23,,billing,high,open,,Reported a failed payment and requested a retry.
1757,CUST-001521,2026-09-06,,other,medium,open,,Provided feedback about the onboarding experience.
1758,CUST-001521,2026-07-21,2026-07-22,billing,medium,closed,41.56,Requested a refund for a duplicate charge.
1759,CUST-001521,2026-08-26,,billing,high,open,,Reported a failed payment and requested a retry.
1760,CUST-001522,2026-08-25,,billing,low,open,,Requested a refund for a duplicate charge.
1761,CUST-001522,2026-05-06,2026-05-07,billing,high,closed,44.31,Asked why the monthly charge increased without notice.
1762,CUST-001522,2026-07-07,,technical,low,open,,Feature X is not syncing data correctly.
1763,CUST-001523,2026-04-22,,billing,high,open,,Requested a refund for a duplicate charge.
1764,CUST-001524,2026-05-07,2026-05-07,other,low,closed,21.77,Asked about cancellation policy and notice period.
1765,CUST-001525,2026-04-18,2026-04-19,other,high,closed,34.42,General question about plan upgrade options.
1766,CUST-001526,2026-08-04,2026-08-07,billing,medium,closed,83.73,Reported a failed payment and requested a retry.
1767,CUST-001526,2026-07-11,2026-07-13,technical,medium,closed,64.81,App crashes when loading the dashboard view.
1768,CUST-001526,2026-07-08,,billing,low,open,,Customer disputes a charge on their most recent invoice.
1769,CUST-001527,2026-06-07,2026-06-09,technical,low,closed,65.95,Reported repeated login failures over the past week.
1770,CUST-001527,2026-05-23,2026-05-25,billing,high,closed,66.63,Customer disputes a charge on their most recent invoice.
1771,CUST-001527,2026-09-07,2026-09-07,technical,medium,closed,16.96,Requested help configuring an integration.
1772,CUST-001528,2026-05-06,,billing,low,open,,Customer disputes a charge on their most recent invoice.
1773,CUST-001528,2026-03-25,,billing,medium,open,,Customer disputes a charge on their most recent invoice.
1774,CUST-001528,2026-05-13,,billing,medium,open,,Requested a refund for a duplicate charge.
1775,CUST-001529,2026-05-21,,billing,high,open,,Reported a failed payment and requested a retry.
1776,CUST-001531,2026-08-22,2026-08-22,other,low,closed,5.53,Requested a copy of past invoices.
1777,CUST-001532,2026-08-12,2026-08-13,billing,high,closed,33.39,Asked why the monthly charge increased without notice.
1778,CUST-001534,2026-08-07,2026-08-08,other,medium,closed,46.57,Provided feedback about the onboarding experience.
1779,CUST-001534,2026-04-25,2026-04-25,other,medium,closed,16.8,Provided feedback about the onboarding experience.
1780,CUST-001535,2026-06-21,,technical,high,open,,Feature X is not syncing data correctly.
1781,CUST-001535,2026-05-27,,billing,high,open,,Requested a refund for a duplicate charge.
1782,CUST-001536,2026-05-28,2026-05-29,billing,medium,closed,36.61,Customer disputes a charge on their most recent invoice.
1783,CUST-001540,2026-08-03,,technical,low,open,,App crashes when loading the dashboard view.
1784,CUST-001540,2026-04-11,,billing,medium,open,,Asked why the monthly charge increased without notice.
1785,CUST-001543,2026-05-01,2026-05-02,technical,medium,closed,35.14,Feature X is not syncing data correctly.
1786,CUST-001543,2026-08-25,,technical,high,open,,Feature X is not syncing data correctly.
1787,CUST-001543,2026-05-27,2026-05-30,other,low,closed,94.27,Provided feedback about the onboarding experience.
1788,CUST-001543,2026-05-25,2026-05-25,billing,medium,closed,10.88,Reported a failed payment and requested a retry.
1789,CUST-001544,2026-06-17,2026-06-17,other,high,closed,8.96,Requested a copy of past invoices.
1790,CUST-001545,2026-04-01,2026-04-02,technical,low,closed,36.88,App crashes when loading the dashboard view.
1791,CUST-001547,2026-07-03,,billing,medium,open,,Reported a failed payment and requested a retry.
1792,CUST-001547,2026-09-13,2026-09-16,technical,medium,closed,91.9,Feature X is not syncing data correctly.
1793,CUST-001548,2026-07-27,2026-07-28,billing,low,closed,29.57,Requested a refund for a duplicate charge.
1794,CUST-001549,2026-05-06,2026-05-07,technical,medium,closed,29.76,App crashes when loading the dashboard view.
1795,CUST-001550,2026-03-24,,other,medium,open,,Requested a copy of past invoices.
1796,CUST-001553,2026-04-26,2026-04-26,billing,medium,closed,6.62,Asked why the monthly charge increased without notice.
1797,CUST-001553,2026-05-01,2026-05-02,technical,low,closed,40.67,Feature X is not syncing data correctly.
1798,CUST-001554,2026-06-17,2026-06-18,billing,low,closed,31.15,Asked why the monthly charge increased without notice.
1799,CUST-001555,2026-08-19,2026-08-20,technical,low,closed,42.04,Reported repeated login failures over the past week.
1800,CUST-001555,2026-04-22,,billing,low,open,,Requested a refund for a duplicate charge.
1801,CUST-001555,2026-09-10,,billing,medium,open,,Asked why the monthly charge increased without notice.
1802,CUST-001556,2026-06-25,2026-06-25,technical,high,closed,7.14,App crashes when loading the dashboard view.
1803,CUST-001556,2026-04-15,2026-04-15,technical,low,closed,17.57,Requested help configuring an integration.
1804,CUST-001556,2026-07-28,2026-07-28,billing,low,closed,14.02,Asked why the monthly charge increased without notice.
1805,CUST-001558,2026-06-18,2026-06-20,technical,high,closed,63.23,Requested help configuring an integration.
1806,CUST-001558,2026-07-20,2026-07-22,other,medium,closed,51.29,General question about plan upgrade options.
1807,CUST-001558,2026-09-05,2026-09-05,billing,medium,closed,4.83,Customer disputes a charge on their most recent invoice.
1808,CUST-001558,2026-05-11,2026-05-13,billing,medium,closed,62.54,Asked why the monthly charge increased without notice.
1809,CUST-001559,2026-05-18,2026-05-18,technical,medium,closed,16.97,Feature X is not syncing data correctly.
1810,CUST-001564,2026-07-30,2026-07-30,other,medium,closed,16.32,Provided feedback about the onboarding experience.
1811,CUST-001566,2026-08-07,2026-08-07,other,low,closed,12.47,Requested a copy of past invoices.
1812,CUST-001566,2026-03-22,2026-03-23,billing,low,closed,45.59,Asked why the monthly charge increased without notice.
1813,CUST-001568,2026-04-01,2026-04-04,billing,medium,closed,77.51,Customer disputes a charge on their most recent invoice.
1814,CUST-001568,2026-05-05,2026-05-08,billing,low,closed,84.88,Requested a refund for a duplicate charge.
1815,CUST-001569,2026-04-16,2026-04-16,other,low,closed,10.11,Asked about cancellation policy and notice period.
1816,CUST-001569,2026-04-08,,technical,medium,open,,App crashes when loading the dashboard view.
1817,CUST-001569,2026-04-02,2026-04-05,billing,low,closed,77.92,Asked why the monthly charge increased without notice.
1818,CUST-001569,2026-08-21,2026-08-23,billing,medium,closed,59.46,Customer disputes a charge on their most recent invoice.
1819,CUST-001569,2026-08-31,2026-09-01,billing,medium,closed,44.34,Reported a failed payment and requested a retry.
1820,CUST-001569,2026-06-24,,billing,high,open,,Asked why the monthly charge increased without notice.
1821,CUST-001570,2026-08-30,,other,medium,open,,Asked about cancellation policy and notice period.
1822,CUST-001570,2026-04-08,2026-04-08,technical,low,closed,20.58,App crashes when loading the dashboard view.
1823,CUST-001570,2026-06-01,2026-06-01,billing,low,closed,6.58,Customer disputes a charge on their most recent invoice.
1824,CUST-001570,2026-05-06,2026-05-08,billing,low,closed,52.84,Asked why the monthly charge increased without notice.
1825,CUST-001571,2026-08-12,2026-08-12,other,high,closed,17.72,Requested a copy of past invoices.
1826,CUST-001571,2026-08-19,2026-08-20,technical,medium,closed,32.71,Feature X is not syncing data correctly.
1827,CUST-001575,2026-04-16,,billing,low,open,,Asked why the monthly charge increased without notice.
1828,CUST-001575,2026-05-21,2026-05-22,billing,medium,closed,25.81,Reported a failed payment and requested a retry.
1829,CUST-001575,2026-07-07,2026-07-07,other,medium,closed,10.41,Provided feedback about the onboarding experience.
1830,CUST-001578,2026-09-10,,technical,medium,open,,Feature X is not syncing data correctly.
1831,CUST-001584,2026-05-14,,billing,low,open,,Requested a refund for a duplicate charge.
1832,CUST-001584,2026-06-02,,billing,medium,open,,Requested a refund for a duplicate charge.
1833,CUST-001584,2026-06-29,,billing,medium,open,,Asked why the monthly charge increased without notice.
1834,CUST-001584,2026-05-08,2026-05-10,billing,medium,closed,59.38,Reported a failed payment and requested a retry.
1835,CUST-001586,2026-09-04,2026-09-05,technical,low,closed,31.98,Feature X is not syncing data correctly.
1836,CUST-001588,2026-08-05,2026-08-06,billing,low,closed,30.48,Asked why the monthly charge increased without notice.
1837,CUST-001590,2026-07-29,,billing,high,open,,Requested a refund for a duplicate charge.
1838,CUST-001591,2026-03-26,2026-03-26,billing,low,closed,8.75,Requested a refund for a duplicate charge.
1839,CUST-001591,2026-07-08,2026-07-08,technical,medium,closed,4.41,Feature X is not syncing data correctly.
1840,CUST-001591,2026-06-10,2026-06-13,billing,medium,closed,75.82,Reported a failed payment and requested a retry.
1841,CUST-001591,2026-08-22,2026-08-25,other,medium,closed,83.63,Requested a copy of past invoices.
1842,CUST-001592,2026-08-17,2026-08-17,billing,low,closed,21.76,Customer disputes a charge on their most recent invoice.
1843,CUST-001592,2026-09-11,,billing,medium,open,,Reported a failed payment and requested a retry.
1844,CUST-001594,2026-05-25,2026-05-25,technical,low,closed,11.62,Reported repeated login failures over the past week.
1845,CUST-001598,2026-03-24,,technical,high,open,,App crashes when loading the dashboard view.
1846,CUST-001599,2026-04-21,2026-04-22,technical,high,closed,26.07,Feature X is not syncing data correctly.
1847,CUST-001599,2026-03-23,,other,low,open,,Requested a copy of past invoices.
1848,CUST-001604,2026-04-22,2026-04-22,billing,low,closed,10.46,Customer disputes a charge on their most recent invoice.
1849,CUST-001605,2026-09-14,,billing,medium,open,,Reported a failed payment and requested a retry.
1850,CUST-001605,2026-08-05,2026-08-05,technical,medium,closed,18.05,Reported repeated login failures over the past week.
1851,CUST-001605,2026-03-26,2026-03-26,billing,medium,closed,10.78,Customer disputes a charge on their most recent invoice.
1852,CUST-001605,2026-08-09,2026-08-11,billing,low,closed,65.55,Customer disputes a charge on their most recent invoice.
1853,CUST-001606,2026-06-20,,billing,high,open,,Customer disputes a charge on their most recent invoice.
1854,CUST-001606,2026-03-28,,other,low,open,,General question about plan upgrade options.
1855,CUST-001606,2026-06-09,,technical,high,open,,App crashes when loading the dashboard view.
1856,CUST-001607,2026-04-14,2026-04-14,technical,low,closed,17.36,Requested help configuring an integration.
1857,CUST-001608,2026-03-25,,other,low,open,,Asked about cancellation policy and notice period.
1858,CUST-001609,2026-07-21,,technical,low,open,,Feature X is not syncing data correctly.
1859,CUST-001610,2026-09-12,2026-09-14,billing,high,closed,62.63,Requested a refund for a duplicate charge.
1860,CUST-001610,2026-04-12,2026-04-13,technical,high,closed,32.57,App crashes when loading the dashboard view.
1861,CUST-001610,2026-08-11,,billing,low,open,,Reported a failed payment and requested a retry.
1862,CUST-001610,2026-09-09,,other,low,open,,General question about plan upgrade options.
1863,CUST-001611,2026-09-10,2026-09-10,technical,low,closed,19.52,App crashes when loading the dashboard view.
1864,CUST-001611,2026-04-13,,billing,medium,open,,Asked why the monthly charge increased without notice.
1865,CUST-001611,2026-08-12,2026-08-15,technical,medium,closed,72.01,App crashes when loading the dashboard view.
1866,CUST-001613,2026-08-02,2026-08-03,technical,high,closed,26.81,App crashes when loading the dashboard view.
1867,CUST-001613,2026-08-27,2026-08-28,other,low,closed,27.3,Asked about cancellation policy and notice period.
1868,CUST-001615,2026-05-10,2026-05-11,technical,high,closed,36.97,Feature X is not syncing data correctly.
1869,CUST-001616,2026-08-17,2026-08-18,other,medium,closed,43.56,Provided feedback about the onboarding experience.
1870,CUST-001617,2026-05-03,,technical,medium,open,,Feature X is not syncing data correctly.
1871,CUST-001618,2026-08-29,2026-08-29,technical,high,closed,3.19,Feature X is not syncing data correctly.
1872,CUST-001618,2026-07-10,2026-07-11,billing,medium,closed,42.98,Customer disputes a charge on their most recent invoice.
1873,CUST-001620,2026-07-03,2026-07-03,technical,high,closed,23.9,App crashes when loading the dashboard view.
1874,CUST-001620,2026-06-09,,billing,medium,open,,Asked why the monthly charge increased without notice.
1875,CUST-001620,2026-08-09,2026-08-09,other,medium,closed,11.19,Asked about cancellation policy and notice period.
1876,CUST-001621,2026-05-30,2026-05-30,billing,high,closed,18.99,Requested a refund for a duplicate charge.
1877,CUST-001621,2026-08-28,2026-08-30,other,low,closed,57.73,Requested a copy of past invoices.
1878,CUST-001622,2026-06-17,,billing,medium,open,,Customer disputes a charge on their most recent invoice.
1879,CUST-001622,2026-05-28,2026-05-29,technical,medium,closed,37.44,Reported repeated login failures over the past week.
1880,CUST-001622,2026-04-10,2026-04-12,billing,low,closed,58.52,Requested a refund for a duplicate charge.
1881,CUST-001624,2026-07-15,2026-07-15,technical,medium,closed,4.93,Requested help configuring an integration.
1882,CUST-001624,2026-03-31,,billing,medium,open,,Reported a failed payment and requested a retry.
1883,CUST-001624,2026-07-01,,billing,medium,open,,Requested a refund for a duplicate charge.
1884,CUST-001625,2026-07-24,2026-07-25,technical,high,closed,33.46,Reported repeated login failures over the past week.
1885,CUST-001625,2026-03-26,2026-03-28,other,medium,closed,70.5,General question about plan upgrade options.
1886,CUST-001625,2026-07-23,,billing,high,open,,Customer disputes a charge on their most recent invoice.
1887,CUST-001627,2026-06-20,,billing,medium,open,,Asked why the monthly charge increased without notice.
1888,CUST-001627,2026-08-30,,technical,medium,open,,Feature X is not syncing data correctly.
1889,CUST-001627,2026-05-12,2026-05-12,other,medium,closed,9.65,General question about plan upgrade options.
1890,CUST-001627,2026-06-23,2026-06-24,billing,medium,closed,25.9,Customer disputes a charge on their most recent invoice.
1891,CUST-001628,2026-08-26,2026-08-28,technical,high,closed,68.8,App crashes when loading the dashboard view.
1892,CUST-001629,2026-09-09,2026-09-10,other,medium,closed,25.23,Provided feedback about the onboarding experience.
1893,CUST-001631,2026-03-31,2026-04-01,billing,medium,closed,28.12,Reported a failed payment and requested a retry.
1894,CUST-001631,2026-05-05,2026-05-08,billing,high,closed,88.4,Customer disputes a charge on their most recent invoice.
1895,CUST-001631,2026-05-30,2026-05-31,other,medium,closed,43.44,Requested a copy of past invoices.
1896,CUST-001631,2026-05-03,,billing,medium,open,,Customer disputes a charge on their most recent invoice.
1897,CUST-001632,2026-04-30,2026-05-01,other,medium,closed,38.55,General question about plan upgrade options.
1898,CUST-001638,2026-07-20,2026-07-21,billing,medium,closed,27.11,Requested a refund for a duplicate charge.
1899,CUST-001639,2026-06-04,2026-06-05,other,medium,closed,40.06,General question about plan upgrade options.
1900,CUST-001640,2026-08-09,2026-08-10,billing,high,closed,40.03,Reported a failed payment and requested a retry.
1901,CUST-001641,2026-05-17,2026-05-18,other,medium,closed,30.56,Provided feedback about the onboarding experience.
1902,CUST-001642,2026-04-03,2026-04-06,other,medium,closed,82.46,Asked about cancellation policy and notice period.
1903,CUST-001644,2026-07-18,,billing,high,open,,Asked why the monthly charge increased without notice.
1904,CUST-001644,2026-04-19,2026-04-19,other,high,closed,2.29,General question about plan upgrade options.
1905,CUST-001646,2026-08-01,2026-08-04,technical,medium,closed,90.25,Requested help configuring an integration.
1906,CUST-001646,2026-03-29,,billing,medium,open,,Asked why the monthly charge increased without notice.
1907,CUST-001647,2026-08-13,,technical,low,open,,App crashes when loading the dashboard view.
1908,CUST-001647,2026-05-21,2026-05-22,technical,high,closed,25.44,Feature X is not syncing data correctly.
1909,CUST-001649,2026-08-27,2026-08-28,billing,medium,closed,43.96,Reported a failed payment and requested a retry.
1910,CUST-001649,2026-07-26,2026-07-26,other,medium,closed,17.23,Requested a copy of past invoices.
1911,CUST-001649,2026-07-17,2026-07-18,technical,medium,closed,28.84,Requested help configuring an integration.
1912,CUST-001649,2026-08-13,2026-08-13,other,medium,closed,6.84,Asked about cancellation policy and notice period.
1913,CUST-001649,2026-05-28,2026-05-28,other,medium,closed,15.11,Asked about cancellation policy and notice period.
1914,CUST-001651,2026-05-12,2026-05-13,billing,low,closed,32.78,Requested a refund for a duplicate charge.
1915,CUST-001652,2026-07-28,,technical,low,open,,Requested help configuring an integration.
1916,CUST-001652,2026-07-18,2026-07-18,billing,medium,closed,22.98,Asked why the monthly charge increased without notice.
1917,CUST-001653,2026-05-17,,billing,low,open,,Requested a refund for a duplicate charge.
1918,CUST-001654,2026-06-24,2026-06-25,billing,medium,closed,43.57,Reported a failed payment and requested a retry.
1919,CUST-001654,2026-04-13,2026-04-14,billing,low,closed,34.21,Customer disputes a charge on their most recent invoice.
1920,CUST-001654,2026-07-20,,billing,medium,open,,Reported a failed payment and requested a retry.
1921,CUST-001655,2026-09-02,,other,low,open,,Provided feedback about the onboarding experience.
1922,CUST-001656,2026-05-28,,billing,medium,open,,Requested a refund for a duplicate charge.
1923,CUST-001656,2026-04-08,,billing,medium,open,,Asked why the monthly charge increased without notice.
1924,CUST-001657,2026-05-05,2026-05-07,billing,high,closed,59.36,Reported a failed payment and requested a retry.
1925,CUST-001657,2026-06-05,,technical,medium,open,,Requested help configuring an integration.
1926,CUST-001658,2026-06-23,2026-06-23,other,low,closed,2.01,Asked about cancellation policy and notice period.
1927,CUST-001658,2026-07-23,,billing,medium,open,,Requested a refund for a duplicate charge.
1928,CUST-001660,2026-04-11,2026-04-12,billing,high,closed,40.08,Customer disputes a charge on their most recent invoice.
1929,CUST-001661,2026-05-20,,billing,medium,open,,Reported a failed payment and requested a retry.
1930,CUST-001662,2026-09-02,2026-09-03,technical,medium,closed,26.65,Reported repeated login failures over the past week.
1931,CUST-001663,2026-05-03,2026-05-03,billing,medium,closed,17.67,Asked why the monthly charge increased without notice.
1932,CUST-001664,2026-03-24,,billing,medium,open,,Asked why the monthly charge increased without notice.
1933,CUST-001664,2026-09-11,2026-09-11,billing,medium,closed,15.82,Reported a failed payment and requested a retry.
1934,CUST-001664,2026-07-24,,technical,low,open,,Reported repeated login failures over the past week.
1935,CUST-001664,2026-03-22,,other,low,open,,General question about plan upgrade options.
1936,CUST-001664,2026-08-05,2026-08-07,billing,low,closed,70.86,Customer disputes a charge on their most recent invoice.
1937,CUST-001665,2026-03-26,2026-03-26,billing,high,closed,21.42,Asked why the monthly charge increased without notice.
1938,CUST-001669,2026-03-26,,billing,medium,open,,Customer disputes a charge on their most recent invoice.
1939,CUST-001669,2026-05-19,2026-05-19,billing,high,closed,17.17,Asked why the monthly charge increased without notice.
1940,CUST-001669,2026-05-30,,other,medium,open,,General question about plan upgrade options.
1941,CUST-001669,2026-06-18,2026-06-18,billing,low,closed,10.59,Reported a failed payment and requested a retry.
1942,CUST-001670,2026-05-17,,other,high,open,,Requested a copy of past invoices.
1943,CUST-001671,2026-08-12,2026-08-12,billing,high,closed,8.24,Asked why the monthly charge increased without notice.
1944,CUST-001674,2026-06-12,2026-06-12,technical,low,closed,19.76,Requested help configuring an integration.
1945,CUST-001674,2026-03-28,,technical,low,open,,Reported repeated login failures over the past week.
1946,CUST-001675,2026-05-26,2026-05-27,technical,high,closed,45.52,App crashes when loading the dashboard view.
1947,CUST-001676,2026-04-07,2026-04-08,technical,low,closed,37.81,Feature X is not syncing data correctly.
1948,CUST-001676,2026-07-14,2026-07-14,technical,low,closed,10.55,Reported repeated login failures over the past week.
1949,CUST-001677,2026-06-27,2026-06-28,billing,low,closed,46.43,Asked why the monthly charge increased without notice.
1950,CUST-001678,2026-09-04,2026-09-07,technical,medium,closed,86.52,Feature X is not syncing data correctly.
1951,CUST-001678,2026-08-03,2026-08-03,billing,low,closed,15.72,Customer disputes a charge on their most recent invoice.
1952,CUST-001680,2026-06-26,,other,medium,open,,Asked about cancellation policy and notice period.
1953,CUST-001680,2026-06-27,,other,medium,open,,General question about plan upgrade options.
1954,CUST-001680,2026-04-19,,billing,low,open,,Requested a refund for a duplicate charge.
1955,CUST-001680,2026-05-30,2026-06-02,billing,high,closed,82.16,Customer disputes a charge on their most recent invoice.
1956,CUST-001680,2026-05-29,2026-05-30,billing,low,closed,27.25,Requested a refund for a duplicate charge.
1957,CUST-001680,2026-05-12,2026-05-13,other,high,closed,34.51,General question about plan upgrade options.
1958,CUST-001682,2026-08-16,2026-08-17,billing,medium,closed,47.55,Customer disputes a charge on their most recent invoice.
1959,CUST-001684,2026-06-02,2026-06-03,billing,medium,closed,35.78,Requested a refund for a duplicate charge.
1960,CUST-001684,2026-04-04,,other,low,open,,General question about plan upgrade options.
1961,CUST-001685,2026-07-09,2026-07-09,other,low,closed,6.2,Asked about cancellation policy and notice period.
1962,CUST-001688,2026-08-07,2026-08-09,billing,medium,closed,63.63,Requested a refund for a duplicate charge.
1963,CUST-001689,2026-07-24,2026-07-24,technical,medium,closed,5.39,Requested help configuring an integration.
1964,CUST-001690,2026-08-18,2026-08-20,other,medium,closed,49.0,Requested a copy of past invoices.
1965,CUST-001692,2026-07-29,2026-07-29,technical,low,closed,1.89,Requested help configuring an integration.
1966,CUST-001693,2026-05-31,,billing,medium,open,,Reported a failed payment and requested a retry.
1967,CUST-001693,2026-08-23,2026-08-24,billing,medium,closed,31.79,Requested a refund for a duplicate charge.
1968,CUST-001693,2026-07-28,,billing,medium,open,,Asked why the monthly charge increased without notice.
1969,CUST-001693,2026-06-13,2026-06-16,technical,low,closed,78.34,Reported repeated login failures over the past week.
1970,CUST-001696,2026-04-27,,technical,medium,open,,Feature X is not syncing data correctly.
1971,CUST-001696,2026-07-19,,billing,low,open,,Reported a failed payment and requested a retry.
1972,CUST-001697,2026-07-16,,technical,low,open,,App crashes when loading the dashboard view.
1973,CUST-001697,2026-04-24,,technical,low,open,,App crashes when loading the dashboard view.
1974,CUST-001697,2026-03-23,2026-03-24,billing,medium,closed,46.98,Reported a failed payment and requested a retry.
1975,CUST-001699,2026-09-06,2026-09-06,billing,high,closed,3.92,Asked why the monthly charge increased without notice.
1976,CUST-001703,2026-05-06,2026-05-06,other,medium,closed,23.68,Asked about cancellation policy and notice period.
1977,CUST-001705,2026-06-14,2026-06-15,technical,high,closed,37.25,Requested help configuring an integration.
1978,CUST-001705,2026-04-29,2026-05-01,billing,medium,closed,58.24,Customer disputes a charge on their most recent invoice.
1979,CUST-001706,2026-05-19,2026-05-20,other,low,closed,28.28,Asked about cancellation policy and notice period.
1980,CUST-001706,2026-06-25,2026-06-26,other,medium,closed,33.21,Asked about cancellation policy and notice period.
1981,CUST-001708,2026-08-08,,billing,low,open,,Customer disputes a charge on their most recent invoice.
1982,CUST-001710,2026-06-12,2026-06-13,other,medium,closed,47.23,Requested a copy of past invoices.
1983,CUST-001714,2026-04-28,2026-04-29,technical,medium,closed,31.31,App crashes when loading the dashboard view.
1984,CUST-001715,2026-07-13,,billing,medium,open,,Customer disputes a charge on their most recent invoice.
1985,CUST-001715,2026-04-07,2026-04-10,technical,low,closed,76.09,Feature X is not syncing data correctly.
1986,CUST-001715,2026-04-17,,other,low,open,,Asked about cancellation policy and notice period.
1987,CUST-001716,2026-07-06,2026-07-06,billing,medium,closed,8.64,Customer disputes a charge on their most recent invoice.
1988,CUST-001717,2026-07-13,,other,low,open,,Provided feedback about the onboarding experience.
1989,CUST-001717,2026-09-02,2026-09-03,other,medium,closed,33.54,Requested a copy of past invoices.
1990,CUST-001718,2026-07-06,,technical,medium,open,,Feature X is not syncing data correctly.
1991,CUST-001718,2026-05-13,2026-05-13,other,low,closed,17.65,Provided feedback about the onboarding experience.
1992,CUST-001719,2026-05-26,2026-05-27,other,high,closed,46.87,Provided feedback about the onboarding experience.
1993,CUST-001722,2026-05-11,,billing,medium,open,,Asked why the monthly charge increased without notice.
1994,CUST-001722,2026-03-26,,billing,medium,open,,Requested a refund for a duplicate charge.
1995,CUST-001722,2026-05-17,,billing,medium,open,,Reported a failed payment and requested a retry.
1996,CUST-001722,2026-07-02,2026-07-04,other,low,closed,62.22,Requested a copy of past invoices.
1997,CUST-001722,2026-09-07,,billing,medium,open,,Asked why the monthly charge increased without notice.
1998,CUST-001722,2026-04-09,2026-04-09,billing,medium,closed,7.17,Customer disputes a charge on their most recent invoice.
1999,CUST-001723,2026-03-25,2026-03-25,other,low,closed,14.48,Provided feedback about the onboarding experience.
2000,CUST-001725,2026-09-06,,technical,medium,open,,App crashes when loading the dashboard view.
2001,CUST-001725,2026-04-20,2026-04-22,technical,low,closed,58.65,Requested help configuring an integration.
2002,CUST-001725,2026-06-04,,billing,medium,open,,Reported a failed payment and requested a retry.
2003,CUST-001725,2026-06-23,,billing,medium,open,,Customer disputes a charge on their most recent invoice.
2004,CUST-001725,2026-05-25,2026-05-26,technical,medium,closed,26.84,Reported repeated login failures over the past week.
2005,CUST-001725,2026-06-30,,billing,low,open,,Requested a refund for a duplicate charge.
2006,CUST-001726,2026-03-31,2026-04-02,billing,medium,closed,59.16,Customer disputes a charge on their most recent invoice.
2007,CUST-001726,2026-07-12,2026-07-14,billing,low,closed,59.48,Requested a refund for a duplicate charge.
2008,CUST-001726,2026-05-26,2026-05-26,billing,medium,closed,10.78,Reported a failed payment and requested a retry.
2009,CUST-001726,2026-06-18,,technical,low,open,,Feature X is not syncing data correctly.
2010,CUST-001729,2026-07-01,2026-07-03,other,low,closed,52.59,General question about plan upgrade options.
2011,CUST-001729,2026-06-15,2026-06-16,technical,medium,closed,33.01,Reported repeated login failures over the past week.
2012,CUST-001729,2026-04-12,2026-04-12,technical,low,closed,13.57,Feature X is not syncing data correctly.
2013,CUST-001730,2026-04-27,2026-04-30,technical,low,closed,84.17,Requested help configuring an integration.
2014,CUST-001730,2026-05-02,,billing,medium,open,,Customer disputes a charge on their most recent invoice.
2015,CUST-001730,2026-04-24,2026-04-27,billing,medium,closed,91.17,Asked why the monthly charge increased without notice.
2016,CUST-001731,2026-09-03,2026-09-04,technical,low,closed,44.24,Requested help configuring an integration.
2017,CUST-001731,2026-06-20,2026-06-21,technical,medium,closed,25.76,App crashes when loading the dashboard view.
2018,CUST-001734,2026-06-30,2026-06-30,other,high,closed,14.01,Asked about cancellation policy and notice period.
2019,CUST-001737,2026-05-23,2026-05-23,technical,medium,closed,4.97,Requested help configuring an integration.
2020,CUST-001737,2026-05-02,,billing,low,open,,Reported a failed payment and requested a retry.
2021,CUST-001738,2026-05-31,,other,medium,open,,Provided feedback about the onboarding experience.
2022,CUST-001738,2026-08-07,2026-08-08,other,medium,closed,42.38,General question about plan upgrade options.
2023,CUST-001740,2026-03-27,2026-03-28,billing,low,closed,34.08,Customer disputes a charge on their most recent invoice.
2024,CUST-001741,2026-09-11,,billing,medium,open,,Asked why the monthly charge increased without notice.
2025,CUST-001741,2026-04-14,2026-04-14,billing,medium,closed,7.67,Asked why the monthly charge increased without notice.
2026,CUST-001746,2026-08-22,2026-08-23,billing,high,closed,44.92,Customer disputes a charge on their most recent invoice.
2027,CUST-001746,2026-06-17,2026-06-17,billing,low,closed,10.75,Asked why the monthly charge increased without notice.
2028,CUST-001747,2026-07-31,,technical,medium,open,,App crashes when loading the dashboard view.
2029,CUST-001748,2026-06-30,2026-07-03,billing,medium,closed,82.66,Requested a refund for a duplicate charge.
2030,CUST-001748,2026-09-09,2026-09-09,other,low,closed,22.12,Provided feedback about the onboarding experience.
2031,CUST-001748,2026-08-28,,billing,medium,open,,Asked why the monthly charge increased without notice.
2032,CUST-001748,2026-06-19,,billing,low,open,,Asked why the monthly charge increased without notice.
2033,CUST-001748,2026-07-21,2026-07-23,billing,high,closed,58.94,Reported a failed payment and requested a retry.
2034,CUST-001749,2026-06-20,2026-06-21,technical,medium,closed,24.97,App crashes when loading the dashboard view.
2035,CUST-001749,2026-09-11,2026-09-11,technical,high,closed,7.44,Reported repeated login failures over the past week.
2036,CUST-001751,2026-05-05,2026-05-05,technical,low,closed,7.48,Reported repeated login failures over the past week.
2037,CUST-001752,2026-07-03,2026-07-04,billing,medium,closed,27.37,Asked why the monthly charge increased without notice.
2038,CUST-001752,2026-09-13,2026-09-15,billing,medium,closed,61.49,Reported a failed payment and requested a retry.
2039,CUST-001752,2026-03-25,2026-03-28,billing,medium,closed,73.54,Customer disputes a charge on their most recent invoice.
2040,CUST-001752,2026-09-07,2026-09-08,technical,high,closed,26.12,App crashes when loading the dashboard view.
2041,CUST-001753,2026-08-19,2026-08-19,billing,low,closed,13.01,Customer disputes a charge on their most recent invoice.
2042,CUST-001754,2026-09-13,2026-09-14,billing,medium,closed,45.18,Reported a failed payment and requested a retry.
2043,CUST-001755,2026-05-19,,technical,medium,open,,App crashes when loading the dashboard view.
2044,CUST-001756,2026-06-17,2026-06-18,billing,low,closed,35.23,Asked why the monthly charge increased without notice.
2045,CUST-001756,2026-07-19,,other,low,open,,General question about plan upgrade options.
2046,CUST-001757,2026-07-28,2026-07-28,technical,high,closed,3.33,Requested help configuring an integration.
2047,CUST-001758,2026-07-07,2026-07-07,billing,low,closed,22.22,Requested a refund for a duplicate charge.
2048,CUST-001760,2026-07-23,2026-07-23,billing,medium,closed,2.67,Customer disputes a charge on their most recent invoice.
2049,CUST-001761,2026-05-13,2026-05-14,billing,low,closed,34.54,Asked why the monthly charge increased without notice.
2050,CUST-001761,2026-05-25,,technical,medium,open,,Requested help configuring an integration.
2051,CUST-001762,2026-05-27,2026-05-29,billing,medium,closed,56.12,Asked why the monthly charge increased without notice.
2052,CUST-001762,2026-04-28,,technical,high,open,,App crashes when loading the dashboard view.
2053,CUST-001762,2026-08-27,2026-08-30,billing,medium,closed,80.66,Customer disputes a charge on their most recent invoice.
2054,CUST-001763,2026-08-16,2026-08-18,other,medium,closed,58.04,General question about plan upgrade options.
2055,CUST-001763,2026-05-02,,billing,medium,open,,Asked why the monthly charge increased without notice.
2056,CUST-001763,2026-03-30,,other,medium,open,,Requested a copy of past invoices.
2057,CUST-001763,2026-06-06,,billing,high,open,,Requested a refund for a duplicate charge.
2058,CUST-001763,2026-08-05,,technical,medium,open,,Reported repeated login failures over the past week.
2059,CUST-001763,2026-07-11,,other,high,open,,Asked about cancellation policy and notice period.
2060,CUST-001766,2026-07-19,,billing,medium,open,,Customer disputes a charge on their most recent invoice.
2061,CUST-001767,2026-07-01,2026-07-01,other,high,closed,12.78,Provided feedback about the onboarding experience.
2062,CUST-001767,2026-08-27,2026-08-28,billing,medium,closed,41.51,Requested a refund for a duplicate charge.
2063,CUST-001770,2026-08-17,2026-08-18,billing,medium,closed,29.93,Customer disputes a charge on their most recent invoice.
2064,CUST-001771,2026-08-02,2026-08-02,billing,medium,closed,23.67,Customer disputes a charge on their most recent invoice.
2065,CUST-001772,2026-06-18,2026-06-18,other,medium,closed,8.62,Requested a copy of past invoices.
2066,CUST-001773,2026-05-27,,technical,low,open,,Requested help configuring an integration.
2067,CUST-001773,2026-07-08,2026-07-09,technical,high,closed,28.52,App crashes when loading the dashboard view.
2068,CUST-001774,2026-06-30,2026-07-01,other,medium,closed,40.88,General question about plan upgrade options.
2069,CUST-001774,2026-03-29,,billing,low,open,,Asked why the monthly charge increased without notice.
2070,CUST-001775,2026-03-21,,other,high,open,,Provided feedback about the onboarding experience.
2071,CUST-001776,2026-08-17,2026-08-17,other,medium,closed,8.83,Provided feedback about the onboarding experience.
2072,CUST-001776,2026-04-16,2026-04-16,billing,medium,closed,22.34,Customer disputes a charge on their most recent invoice.
2073,CUST-001780,2026-08-27,2026-08-29,billing,medium,closed,52.26,Asked why the monthly charge increased without notice.
2074,CUST-001780,2026-07-18,2026-07-21,technical,low,closed,76.62,Feature X is not syncing data correctly.
2075,CUST-001780,2026-06-03,,billing,medium,open,,Reported a failed payment and requested a retry.
2076,CUST-001780,2026-06-08,,billing,medium,open,,Asked why the monthly charge increased without notice.
2077,CUST-001782,2026-05-24,,billing,low,open,,Customer disputes a charge on their most recent invoice.
2078,CUST-001782,2026-04-30,,billing,low,open,,Requested a refund for a duplicate charge.
2079,CUST-001783,2026-05-01,2026-05-03,billing,high,closed,70.86,Requested a refund for a duplicate charge.
2080,CUST-001783,2026-05-10,,technical,low,open,,App crashes when loading the dashboard view.
2081,CUST-001783,2026-09-12,,billing,medium,open,,Reported a failed payment and requested a retry.
2082,CUST-001783,2026-04-18,,billing,high,open,,Requested a refund for a duplicate charge.
2083,CUST-001785,2026-07-31,,billing,medium,open,,Requested a refund for a duplicate charge.
2084,CUST-001785,2026-06-17,2026-06-17,billing,medium,closed,12.62,Reported a failed payment and requested a retry.
2085,CUST-001785,2026-04-23,2026-04-24,billing,medium,closed,30.68,Reported a failed payment and requested a retry.
2086,CUST-001787,2026-07-19,2026-07-19,technical,low,closed,3.53,App crashes when loading the dashboard view.
2087,CUST-001787,2026-07-24,2026-07-24,other,medium,closed,1.54,General question about plan upgrade options.
2088,CUST-001788,2026-05-25,2026-05-25,other,medium,closed,18.56,Asked about cancellation policy and notice period.
2089,CUST-001788,2026-05-26,2026-05-26,other,medium,closed,15.28,Provided feedback about the onboarding experience.
2090,CUST-001792,2026-06-03,2026-06-04,technical,high,closed,32.68,Feature X is not syncing data correctly.
2091,CUST-001793,2026-06-10,,other,medium,open,,Provided feedback about the onboarding experience.
2092,CUST-001793,2026-03-24,2026-03-24,billing,medium,closed,13.73,Requested a refund for a duplicate charge.
2093,CUST-001793,2026-07-11,,billing,medium,open,,Asked why the monthly charge increased without notice.
2094,CUST-001794,2026-06-15,2026-06-15,billing,medium,closed,20.47,Customer disputes a charge on their most recent invoice.
2095,CUST-001794,2026-09-06,2026-09-07,other,medium,closed,41.06,Provided feedback about the onboarding experience.
2096,CUST-001794,2026-06-15,2026-06-15,other,medium,closed,18.62,Provided feedback about the onboarding experience.
2097,CUST-001796,2026-07-15,2026-07-16,technical,medium,closed,36.41,Requested help configuring an integration.
2098,CUST-001799,2026-05-12,,billing,low,open,,Customer disputes a charge on their most recent invoice.
2099,CUST-001800,2026-06-19,2026-06-20,technical,medium,closed,44.76,Requested help configuring an integration.
2100,CUST-001803,2026-06-25,2026-06-26,technical,low,closed,37.71,Requested help configuring an integration.
2101,CUST-001805,2026-06-10,2026-06-11,other,medium,closed,47.23,Asked about cancellation policy and notice period.
2102,CUST-001808,2026-06-25,2026-06-26,billing,medium,closed,25.65,Asked why the monthly charge increased without notice.
2103,CUST-001808,2026-07-25,2026-07-26,other,medium,closed,32.84,Provided feedback about the onboarding experience.
2104,CUST-001809,2026-09-13,,other,medium,open,,Provided feedback about the onboarding experience.
2105,CUST-001809,2026-04-05,2026-04-05,technical,low,closed,8.79,Requested help configuring an integration.
2106,CUST-001810,2026-06-17,,other,low,open,,Requested a copy of past invoices.
2107,CUST-001810,2026-05-28,2026-05-28,technical,high,closed,15.99,Feature X is not syncing data correctly.
2108,CUST-001810,2026-04-03,,billing,high,open,,Reported a failed payment and requested a retry.
2109,CUST-001811,2026-06-22,2026-06-22,other,low,closed,20.58,General question about plan upgrade options.
2110,CUST-001813,2026-04-13,2026-04-13,other,low,closed,14.31,Asked about cancellation policy and notice period.
2111,CUST-001814,2026-06-23,2026-06-23,billing,high,closed,8.96,Requested a refund for a duplicate charge.
2112,CUST-001814,2026-06-19,2026-06-19,billing,low,closed,9.31,Reported a failed payment and requested a retry.
2113,CUST-001815,2026-08-06,2026-08-07,technical,medium,closed,28.72,Reported repeated login failures over the past week.
2114,CUST-001817,2026-04-21,2026-04-21,billing,low,closed,7.83,Reported a failed payment and requested a retry.
2115,CUST-001823,2026-07-17,,other,high,open,,Requested a copy of past invoices.
2116,CUST-001823,2026-07-10,2026-07-11,technical,medium,closed,31.92,Reported repeated login failures over the past week.
2117,CUST-001826,2026-08-03,2026-08-03,billing,low,closed,8.54,Customer disputes a charge on their most recent invoice.
2118,CUST-001827,2026-04-23,,other,low,open,,General question about plan upgrade options.
2119,CUST-001827,2026-07-16,,other,medium,open,,Provided feedback about the onboarding experience.
2120,CUST-001830,2026-05-30,,billing,low,open,,Requested a refund for a duplicate charge.
2121,CUST-001831,2026-09-09,,billing,medium,open,,Customer disputes a charge on their most recent invoice.
2122,CUST-001831,2026-07-05,2026-07-05,billing,high,closed,20.66,Reported a failed payment and requested a retry.
2123,CUST-001831,2026-07-04,2026-07-04,billing,medium,closed,17.98,Requested a refund for a duplicate charge.
2124,CUST-001831,2026-03-26,2026-03-29,technical,medium,closed,72.75,Reported repeated login failures over the past week.
2125,CUST-001834,2026-04-04,,billing,low,open,,Requested a refund for a duplicate charge.
2126,CUST-001834,2026-07-05,2026-07-05,billing,medium,closed,2.18,Customer disputes a charge on their most recent invoice.
2127,CUST-001834,2026-08-27,,billing,low,open,,Requested a refund for a duplicate charge.
2128,CUST-001835,2026-06-14,2026-06-14,technical,low,closed,22.39,App crashes when loading the dashboard view.
2129,CUST-001836,2026-09-09,,billing,high,open,,Customer disputes a charge on their most recent invoice.
2130,CUST-001837,2026-05-11,,other,medium,open,,Requested a copy of past invoices.
2131,CUST-001838,2026-07-24,2026-07-24,other,low,closed,17.56,Asked about cancellation policy and notice period.
2132,CUST-001839,2026-07-04,2026-07-05,technical,high,closed,35.85,App crashes when loading the dashboard view.
2133,CUST-001839,2026-07-10,2026-07-10,other,medium,closed,13.56,General question about plan upgrade options.
2134,CUST-001840,2026-04-08,2026-04-08,billing,medium,closed,5.73,Requested a refund for a duplicate charge.
2135,CUST-001842,2026-07-04,2026-07-05,other,medium,closed,39.62,General question about plan upgrade options.
2136,CUST-001842,2026-08-11,2026-08-11,technical,high,closed,18.14,Reported repeated login failures over the past week.
2137,CUST-001843,2026-06-16,,billing,low,open,,Reported a failed payment and requested a retry.
2138,CUST-001843,2026-08-23,2026-08-24,technical,high,closed,27.58,Reported repeated login failures over the past week.
2139,CUST-001844,2026-07-24,,technical,high,open,,Feature X is not syncing data correctly.
2140,CUST-001845,2026-03-28,2026-03-28,technical,low,closed,5.91,Reported repeated login failures over the past week.
2141,CUST-001846,2026-07-20,,technical,medium,open,,Reported repeated login failures over the past week.
2142,CUST-001846,2026-07-23,2026-07-23,billing,medium,closed,12.4,Reported a failed payment and requested a retry.
2143,CUST-001847,2026-07-18,2026-07-19,other,high,closed,40.72,Asked about cancellation policy and notice period.
2144,CUST-001849,2026-06-01,2026-06-02,technical,medium,closed,44.44,Requested help configuring an integration.
2145,CUST-001849,2026-09-09,,other,high,open,,Requested a copy of past invoices.
2146,CUST-001849,2026-06-06,2026-06-07,other,low,closed,47.14,Requested a copy of past invoices.
2147,CUST-001849,2026-07-20,2026-07-21,other,medium,closed,45.48,General question about plan upgrade options.
2148,CUST-001850,2026-08-02,,billing,high,open,,Reported a failed payment and requested a retry.
2149,CUST-001850,2026-07-07,,other,high,open,,Asked about cancellation policy and notice period.
2150,CUST-001850,2026-03-23,2026-03-24,billing,low,closed,47.3,Requested a refund for a duplicate charge.
2151,CUST-001851,2026-05-14,2026-05-14,technical,medium,closed,4.82,Reported repeated login failures over the past week.
2152,CUST-001853,2026-06-06,2026-06-08,technical,high,closed,70.45,App crashes when loading the dashboard view.
2153,CUST-001854,2026-07-29,2026-07-29,billing,low,closed,13.71,Reported a failed payment and requested a retry.
2154,CUST-001856,2026-09-13,2026-09-14,other,medium,closed,29.81,General question about plan upgrade options.
2155,CUST-001856,2026-04-28,,technical,medium,open,,Requested help configuring an integration.
2156,CUST-001857,2026-04-28,,technical,high,open,,Feature X is not syncing data correctly.
2157,CUST-001857,2026-06-07,2026-06-07,billing,low,closed,5.12,Reported a failed payment and requested a retry.
2158,CUST-001858,2026-09-06,,billing,medium,open,,Requested a refund for a duplicate charge.
2159,CUST-001858,2026-04-17,2026-04-18,billing,medium,closed,25.14,Asked why the monthly charge increased without notice.
2160,CUST-001859,2026-06-17,2026-06-17,billing,medium,closed,21.78,Requested a refund for a duplicate charge.
2161,CUST-001859,2026-07-05,2026-07-06,technical,medium,closed,45.93,Feature X is not syncing data correctly.
2162,CUST-001859,2026-04-22,2026-04-23,billing,low,closed,27.43,Reported a failed payment and requested a retry.
2163,CUST-001859,2026-05-25,,billing,high,open,,Reported a failed payment and requested a retry.
2164,CUST-001863,2026-08-30,,other,low,open,,Provided feedback about the onboarding experience.
2165,CUST-001864,2026-07-20,,billing,medium,open,,Reported a failed payment and requested a retry.
2166,CUST-001864,2026-07-26,2026-07-28,other,high,closed,67.5,General question about plan upgrade options.
2167,CUST-001864,2026-04-25,2026-04-26,technical,medium,closed,29.99,Reported repeated login failures over the past week.
2168,CUST-001865,2026-07-15,2026-07-15,technical,medium,closed,17.44,Reported repeated login failures over the past week.
2169,CUST-001868,2026-05-07,2026-05-07,billing,low,closed,8.79,Asked why the monthly charge increased without notice.
2170,CUST-001869,2026-08-14,2026-08-14,technical,low,closed,7.28,Requested help configuring an integration.
2171,CUST-001870,2026-06-18,,other,medium,open,,Asked about cancellation policy and notice period.
2172,CUST-001871,2026-04-07,2026-04-07,billing,medium,closed,8.09,Asked why the monthly charge increased without notice.
2173,CUST-001872,2026-08-08,2026-08-09,billing,medium,closed,25.23,Requested a refund for a duplicate charge.
2174,CUST-001872,2026-04-26,2026-04-28,other,medium,closed,53.56,Requested a copy of past invoices.
2175,CUST-001874,2026-03-26,2026-03-27,other,medium,closed,40.4,Provided feedback about the onboarding experience.
2176,CUST-001878,2026-05-25,2026-05-28,billing,low,closed,77.17,Requested a refund for a duplicate charge.
2177,CUST-001878,2026-07-15,2026-07-17,billing,medium,closed,71.49,Asked why the monthly charge increased without notice.
2178,CUST-001878,2026-07-27,,billing,low,open,,Reported a failed payment and requested a retry.
2179,CUST-001880,2026-09-01,,billing,medium,open,,Reported a failed payment and requested a retry.
2180,CUST-001881,2026-08-04,,technical,high,open,,Feature X is not syncing data correctly.
2181,CUST-001881,2026-08-02,2026-08-03,technical,medium,closed,26.18,App crashes when loading the dashboard view.
2182,CUST-001882,2026-09-02,2026-09-02,technical,low,closed,17.74,App crashes when loading the dashboard view.
2183,CUST-001882,2026-07-14,2026-07-15,technical,low,closed,25.98,App crashes when loading the dashboard view.
2184,CUST-001885,2026-09-01,,technical,medium,open,,Reported repeated login failures over the past week.
2185,CUST-001885,2026-06-15,,technical,medium,open,,App crashes when loading the dashboard view.
2186,CUST-001885,2026-07-08,,billing,medium,open,,Reported a failed payment and requested a retry.
2187,CUST-001885,2026-09-01,,technical,medium,open,,Feature X is not syncing data correctly.
2188,CUST-001886,2026-06-20,2026-06-21,other,low,closed,29.07,Requested a copy of past invoices.
2189,CUST-001888,2026-05-19,2026-05-20,technical,high,closed,30.59,Reported repeated login failures over the past week.
2190,CUST-001888,2026-07-31,2026-08-03,billing,low,closed,86.21,Requested a refund for a duplicate charge.
2191,CUST-001889,2026-04-05,2026-04-06,billing,low,closed,37.43,Requested a refund for a duplicate charge.
2192,CUST-001893,2026-07-08,2026-07-09,billing,medium,closed,43.34,Reported a failed payment and requested a retry.
2193,CUST-001894,2026-08-12,2026-08-13,billing,medium,closed,24.47,Asked why the monthly charge increased without notice.
2194,CUST-001896,2026-06-11,,billing,medium,open,,Asked why the monthly charge increased without notice.
2195,CUST-001897,2026-06-12,2026-06-13,billing,high,closed,27.14,Asked why the monthly charge increased without notice.
2196,CUST-001900,2026-03-28,,billing,medium,open,,Asked why the monthly charge increased without notice.
2197,CUST-001901,2026-06-11,2026-06-11,other,high,closed,14.88,Provided feedback about the onboarding experience.
2198,CUST-001902,2026-04-23,,other,medium,open,,Asked about cancellation policy and notice period.
2199,CUST-001902,2026-05-11,2026-05-14,technical,low,closed,84.0,App crashes when loading the dashboard view.
2200,CUST-001903,2026-08-06,2026-08-06,other,low,closed,10.77,General question about plan upgrade options.
2201,CUST-001905,2026-09-09,,billing,low,open,,Requested a refund for a duplicate charge.
2202,CUST-001905,2026-04-02,2026-04-03,other,high,closed,45.01,General question about plan upgrade options.
2203,CUST-001905,2026-09-05,2026-09-06,technical,high,closed,46.3,Feature X is not syncing data correctly.
2204,CUST-001906,2026-07-05,2026-07-05,billing,low,closed,1.35,Customer disputes a charge on their most recent invoice.
2205,CUST-001906,2026-04-19,,other,high,open,,General question about plan upgrade options.
2206,CUST-001906,2026-04-08,2026-04-08,billing,medium,closed,4.4,Requested a refund for a duplicate charge.
2207,CUST-001908,2026-04-26,,technical,medium,open,,Feature X is not syncing data correctly.
2208,CUST-001909,2026-04-26,2026-04-26,other,low,closed,13.49,Asked about cancellation policy and notice period.
2209,CUST-001910,2026-04-12,2026-04-13,billing,medium,closed,47.17,Customer disputes a charge on their most recent invoice.
2210,CUST-001912,2026-04-27,2026-04-30,billing,high,closed,79.37,Asked why the monthly charge increased without notice.
2211,CUST-001912,2026-04-01,2026-04-03,billing,medium,closed,60.82,Reported a failed payment and requested a retry.
2212,CUST-001912,2026-05-20,,technical,medium,open,,Reported repeated login failures over the past week.
2213,CUST-001914,2026-05-31,2026-06-01,other,medium,closed,34.2,Provided feedback about the onboarding experience.
2214,CUST-001914,2026-08-31,2026-08-31,billing,medium,closed,4.13,Requested a refund for a duplicate charge.
2215,CUST-001915,2026-09-03,2026-09-03,other,low,closed,8.35,Asked about cancellation policy and notice period.
2216,CUST-001920,2026-08-28,2026-08-28,technical,medium,closed,17.21,Feature X is not syncing data correctly.
2217,CUST-001922,2026-07-23,2026-07-24,other,low,closed,43.91,Requested a copy of past invoices.
2218,CUST-001926,2026-04-02,2026-04-04,billing,medium,closed,51.4,Requested a refund for a duplicate charge.
2219,CUST-001927,2026-09-09,,technical,medium,open,,Requested help configuring an integration.
2220,CUST-001929,2026-07-21,2026-07-21,billing,low,closed,22.18,Asked why the monthly charge increased without notice.
2221,CUST-001930,2026-05-22,2026-05-25,technical,high,closed,95.08,Reported repeated login failures over the past week.
2222,CUST-001930,2026-06-11,2026-06-12,billing,low,closed,36.8,Asked why the monthly charge increased without notice.
2223,CUST-001930,2026-05-03,,technical,high,open,,Requested help configuring an integration.
2224,CUST-001930,2026-04-09,,billing,high,open,,Requested a refund for a duplicate charge.
2225,CUST-001931,2026-04-24,,billing,low,open,,Requested a refund for a duplicate charge.
2226,CUST-001934,2026-08-30,2026-08-31,technical,high,closed,31.54,Requested help configuring an integration.
2227,CUST-001938,2026-08-23,,technical,medium,open,,Feature X is not syncing data correctly.
2228,CUST-001938,2026-04-24,2026-04-25,technical,medium,closed,35.78,App crashes when loading the dashboard view.
2229,CUST-001941,2026-03-28,,billing,high,open,,Reported a failed payment and requested a retry.
2230,CUST-001941,2026-04-29,2026-05-01,billing,medium,closed,67.78,Reported a failed payment and requested a retry.
2231,CUST-001941,2026-07-18,,billing,medium,open,,Reported a failed payment and requested a retry.
2232,CUST-001943,2026-09-04,2026-09-05,other,low,closed,25.92,General question about plan upgrade options.
2233,CUST-001944,2026-08-19,,billing,high,open,,Reported a failed payment and requested a retry.
2234,CUST-001945,2026-07-24,2026-07-24,technical,high,closed,7.23,Feature X is not syncing data correctly.
2235,CUST-001945,2026-07-23,2026-07-24,billing,high,closed,32.09,Reported a failed payment and requested a retry.
2236,CUST-001946,2026-09-01,2026-09-01,other,high,closed,6.36,Requested a copy of past invoices.
2237,CUST-001947,2026-07-30,2026-08-02,billing,low,closed,92.67,Customer disputes a charge on their most recent invoice.
2238,CUST-001948,2026-07-29,2026-07-30,technical,medium,closed,27.64,Reported repeated login failures over the past week.
2239,CUST-001950,2026-07-03,2026-07-04,billing,low,closed,25.91,Reported a failed payment and requested a retry.
2240,CUST-001951,2026-07-30,2026-07-31,technical,low,closed,25.46,Feature X is not syncing data correctly.
2241,CUST-001952,2026-05-11,2026-05-12,billing,medium,closed,30.43,Requested a refund for a duplicate charge.
2242,CUST-001952,2026-06-19,2026-06-19,technical,medium,closed,5.18,App crashes when loading the dashboard view.
2243,CUST-001953,2026-05-01,2026-05-01,other,low,closed,17.59,Requested a copy of past invoices.
2244,CUST-001955,2026-06-07,2026-06-08,billing,low,closed,38.02,Requested a refund for a duplicate charge.
2245,CUST-001956,2026-09-06,,technical,medium,open,,Feature X is not syncing data correctly.
2246,CUST-001957,2026-09-09,,technical,low,open,,Feature X is not syncing data correctly.
2247,CUST-001958,2026-07-06,2026-07-06,billing,low,closed,6.29,Requested a refund for a duplicate charge.
2248,CUST-001960,2026-07-20,2026-07-20,technical,high,closed,1.35,Requested help configuring an integration.
2249,CUST-001960,2026-05-08,2026-05-08,other,medium,closed,5.67,Asked about cancellation policy and notice period.
2250,CUST-001960,2026-09-14,,technical,low,open,,Feature X is not syncing data correctly.
2251,CUST-001961,2026-06-24,,technical,medium,open,,Reported repeated login failures over the past week.
2252,CUST-001962,2026-06-15,,technical,low,open,,Requested help configuring an integration.
2253,CUST-001962,2026-06-12,,billing,low,open,,Reported a failed payment and requested a retry.
2254,CUST-001962,2026-05-07,2026-05-09,other,medium,closed,61.55,Provided feedback about the onboarding experience.
2255,CUST-001963,2026-07-14,,technical,medium,open,,App crashes when loading the dashboard view.
2256,CUST-001963,2026-09-09,,billing,low,open,,Requested a refund for a duplicate charge.
2257,CUST-001964,2026-06-14,,billing,low,open,,Customer disputes a charge on their most recent invoice.
2258,CUST-001964,2026-03-25,,technical,medium,open,,Feature X is not syncing data correctly.
2259,CUST-001967,2026-06-05,2026-06-05,billing,low,closed,6.04,Asked why the monthly charge increased without notice.
2260,CUST-001968,2026-09-04,2026-09-05,technical,low,closed,35.25,Feature X is not syncing data correctly.
2261,CUST-001969,2026-05-21,2026-05-22,technical,medium,closed,27.77,App crashes when loading the dashboard view.
2262,CUST-001971,2026-08-16,,billing,low,open,,Requested a refund for a duplicate charge.
2263,CUST-001971,2026-08-27,,other,medium,open,,Asked about cancellation policy and notice period.
2264,CUST-001974,2026-07-09,,other,low,open,,Requested a copy of past invoices.
2265,CUST-001975,2026-06-20,2026-06-21,technical,medium,closed,38.27,Feature X is not syncing data correctly.
2266,CUST-001975,2026-06-17,2026-06-17,billing,medium,closed,1.39,Reported a failed payment and requested a retry.
2267,CUST-001979,2026-05-18,2026-05-19,other,medium,closed,26.98,General question about plan upgrade options.
2268,CUST-001979,2026-05-20,2026-05-20,technical,medium,closed,12.7,Feature X is not syncing data correctly.
2269,CUST-001980,2026-06-21,2026-06-24,billing,medium,closed,76.39,Requested a refund for a duplicate charge.
2270,CUST-001980,2026-04-15,,other,medium,open,,Requested a copy of past invoices.
2271,CUST-001980,2026-04-30,2026-04-30,billing,high,closed,19.88,Asked why the monthly charge increased without notice.
2272,CUST-001981,2026-05-24,2026-05-25,other,high,closed,46.4,General question about plan upgrade options.
2273,CUST-001983,2026-04-09,,technical,low,open,,Requested help configuring an integration.
2274,CUST-001983,2026-04-30,,billing,low,open,,Asked why the monthly charge increased without notice.
2275,CUST-001984,2026-05-14,2026-05-15,technical,low,closed,31.15,Requested help configuring an integration.
2276,CUST-001984,2026-07-04,,billing,medium,open,,Reported a failed payment and requested a retry.
2277,CUST-001986,2026-05-15,2026-05-15,billing,medium,closed,7.17,Asked why the monthly charge increased without notice.
2278,CUST-001987,2026-05-13,,other,medium,open,,Requested a copy of past invoices.
2279,CUST-001988,2026-06-10,,technical,high,open,,App crashes when loading the dashboard view.
2280,CUST-001990,2026-04-09,2026-04-09,other,medium,closed,9.94,Requested a copy of past invoices.
2281,CUST-001990,2026-08-30,2026-08-30,other,low,closed,5.11,Requested a copy of past invoices.
2282,CUST-001991,2026-03-23,,billing,medium,open,,Customer disputes a charge on their most recent invoice.
2283,CUST-001991,2026-07-10,,billing,medium,open,,Customer disputes a charge on their most recent invoice.
2284,CUST-001991,2026-09-08,2026-09-11,billing,high,closed,82.96,Asked why the monthly charge increased without notice.
2285,CUST-001991,2026-04-30,2026-04-30,other,high,closed,4.45,General question about plan upgrade options.
2286,CUST-001991,2026-06-27,2026-06-27,billing,medium,closed,12.01,Asked why the monthly charge increased without notice.
2287,CUST-001991,2026-07-09,2026-07-11,technical,low,closed,58.92,Feature X is not syncing data correctly.
2288,CUST-001993,2026-05-07,2026-05-08,billing,high,closed,38.41,Customer disputes a charge on their most recent invoice.
2289,CUST-001993,2026-06-01,,technical,low,open,,App crashes when loading the dashboard view.
2290,CUST-001993,2026-03-26,2026-03-26,technical,high,closed,10.32,Reported repeated login failures over the past week.
2291,CUST-001993,2026-05-05,,billing,high,open,,Asked why the monthly charge increased without notice.
2292,CUST-001995,2026-04-10,2026-04-13,billing,high,closed,88.15,Requested a refund for a duplicate charge.
2293,CUST-001995,2026-06-30,2026-07-01,billing,low,closed,41.32,Customer disputes a charge on their most recent invoice.
2294,CUST-001995,2026-04-28,,billing,low,open,,Requested a refund for a duplicate charge.
2295,CUST-001996,2026-03-25,,billing,low,open,,Requested a refund for a duplicate charge.
2296,CUST-001996,2026-06-21,2026-06-22,other,high,closed,28.89,Requested a copy of past invoices.
2297,CUST-001997,2026-08-02,,technical,medium,open,,Feature X is not syncing data correctly.
2298,CUST-001997,2026-07-01,2026-07-01,technical,low,closed,5.14,Reported repeated login failures over the past week.
2299,CUST-001999,2026-07-31,2026-08-01,other,medium,closed,29.11,Asked about cancellation policy and notice period.
2300,CUST-002000,2026-05-03,2026-05-05,billing,medium,closed,61.73,Requested a refund for a duplicate charge.
2301,CUST-002000,2026-05-03,2026-05-06,billing,low,closed,85.97,Requested a refund for a duplicate charge.
2302,CUST-002000,2026-07-22,,technical,low,open,,Reported repeated login failures over the past week.
2303,CUST-002000,2026-04-24,,billing,high,open,,Customer disputes a charge on their most recent invoice.
