transaction_id,customer_id,transaction_date,amount,transaction_type,status,payment_method
1,CUST-000001,2026-03-16,102.92,payment,success,Credit card
2,CUST-000001,2026-04-16,102.92,payment,success,Credit card
3,CUST-000001,2026-05-16,102.92,payment,success,Credit card
4,CUST-000001,2026-06-16,102.92,payment,success,Credit card
5,CUST-000001,2026-07-16,102.92,payment,success,Credit card
6,CUST-000001,2026-08-16,102.92,payment,success,Credit card
7,CUST-000002,2026-03-16,79.41,payment,success,Bank transfer
8,CUST-000002,2026-04-16,79.41,payment,success,Bank transfer
9,CUST-000002,2026-05-16,79.41,payment,success,Bank transfer
10,CUST-000002,2026-06-16,79.41,payment,success,Bank transfer
11,CUST-000002,2026-07-16,79.41,payment,success,Bank transfer
12,CUST-000002,2026-08-16,79.41,payment,success,Bank transfer
13,CUST-000003,2026-03-16,44.49,payment,success,Electronic check
14,CUST-000003,2026-04-16,44.49,payment,success,Electronic check
15,CUST-000003,2026-05-16,44.49,payment,success,Electronic check
16,CUST-000003,2026-06-16,44.49,payment,success,Electronic check
17,CUST-000003,2026-07-16,44.49,payment,success,Electronic check
18,CUST-000003,2026-08-16,44.49,payment,success,Electronic check
19,CUST-000004,2026-03-16,94.57,payment,success,Electronic check
20,CUST-000004,2026-04-16,94.57,payment,success,Electronic check
21,CUST-000004,2026-05-16,94.57,payment,success,Electronic check
22,CUST-000004,2026-06-16,94.57,payment,success,Electronic check
23,CUST-000004,2026-07-16,94.57,payment,success,Electronic check
24,CUST-000004,2026-08-16,94.57,payment,success,Electronic check
25,CUST-000005,2026-03-16,28.45,payment,success,Electronic check
26,CUST-000005,2026-04-16,28.45,payment,success,Electronic check
27,CUST-000005,2026-05-16,28.45,failed_payment,failed,Electronic check
28,CUST-000005,2026-06-16,28.45,payment,success,Electronic check
29,CUST-000005,2026-07-16,28.45,payment,success,Electronic check
30,CUST-000005,2026-08-16,28.45,failed_payment,failed,Electronic check
31,CUST-000006,2026-03-16,97.44,payment,success,Mailed check
32,CUST-000006,2026-04-16,97.44,payment,success,Mailed check
33,CUST-000006,2026-05-16,97.44,payment,success,Mailed check
34,CUST-000006,2026-06-16,97.44,payment,success,Mailed check
35,CUST-000006,2026-07-16,97.44,payment,success,Mailed check
36,CUST-000006,2026-08-16,97.44,payment,success,Mailed check
37,CUST-000007,2026-03-16,79.0,payment,success,Bank transfer
38,CUST-000007,2026-04-16,79.0,payment,success,Bank transfer
39,CUST-000007,2026-05-16,79.0,payment,success,Bank transfer
40,CUST-000007,2026-06-16,79.0,payment,success,Bank transfer
41,CUST-000007,2026-07-16,79.0,payment,success,Bank transfer
42,CUST-000007,2026-08-16,79.0,payment,success,Bank transfer
43,CUST-000008,2026-03-16,31.08,payment,success,Credit card
44,CUST-000008,2026-04-16,31.08,payment,success,Credit card
45,CUST-000008,2026-05-16,31.08,payment,success,Credit card
46,CUST-000008,2026-06-16,31.08,payment,success,Credit card
47,CUST-000008,2026-07-16,31.08,payment,success,Credit card
48,CUST-000008,2026-08-16,31.08,payment,success,Credit card
49,CUST-000009,2026-03-16,27.95,payment,success,Mailed check
50,CUST-000009,2026-04-16,27.95,failed_payment,failed,Mailed check
51,CUST-000009,2026-04-19,27.95,payment,success,Mailed check
52,CUST-000009,2026-05-16,27.95,failed_payment,failed,Mailed check
53,CUST-000009,2026-05-19,27.95,payment,success,Mailed check
54,CUST-000009,2026-06-16,27.95,failed_payment,failed,Mailed check
55,CUST-000009,2026-06-19,27.95,payment,success,Mailed check
56,CUST-000009,2026-07-16,27.95,payment,success,Mailed check
57,CUST-000009,2026-08-16,27.95,payment,success,Mailed check
58,CUST-000010,2026-03-16,95.08,payment,success,Electronic check
59,CUST-000010,2026-04-16,95.08,failed_payment,failed,Electronic check
60,CUST-000010,2026-04-19,95.08,payment,success,Electronic check
61,CUST-000010,2026-05-16,95.08,payment,success,Electronic check
62,CUST-000010,2026-06-16,95.08,payment,success,Electronic check
63,CUST-000010,2026-07-16,95.08,payment,success,Electronic check
64,CUST-000010,2026-08-16,95.08,payment,success,Electronic check
65,CUST-000011,2026-03-16,49.29,failed_payment,failed,Electronic check
66,CUST-000011,2026-04-16,49.29,payment,success,Electronic check
67,CUST-000011,2026-05-16,49.29,payment,success,Electronic check
68,CUST-000011,2026-06-16,49.29,failed_payment,failed,Electronic check
69,CUST-000011,2026-06-19,49.29,payment,success,Electronic check
70,CUST-000011,2026-07-16,49.29,payment,success,Electronic check
71,CUST-000011,2026-08-16,49.29,payment,success,Electronic check
72,CUST-000012,2026-03-16,108.93,payment,success,Mailed check
73,CUST-000012,2026-04-16,108.93,payment,success,Mailed check
74,CUST-000012,2026-05-16,108.93,payment,success,Mailed check
75,CUST-000012,2026-06-16,108.93,payment,success,Mailed check
76,CUST-000012,2026-07-16,108.93,payment,success,Mailed check
77,CUST-000012,2026-08-16,108.93,payment,success,Mailed check
78,CUST-000013,2026-03-16,96.21,payment,success,Mailed check
79,CUST-000013,2026-04-16,96.21,payment,success,Mailed check
80,CUST-000013,2026-05-16,96.21,payment,success,Mailed check
81,CUST-000013,2026-06-16,96.21,payment,success,Mailed check
82,CUST-000013,2026-07-16,96.21,payment,success,Mailed check
83,CUST-000013,2026-08-16,96.21,payment,success,Mailed check
84,CUST-000014,2026-03-16,89.82,payment,success,Bank transfer
85,CUST-000014,2026-04-16,89.82,payment,success,Bank transfer
86,CUST-000014,2026-05-16,89.82,payment,success,Bank transfer
87,CUST-000014,2026-06-16,89.82,payment,success,Bank transfer
88,CUST-000014,2026-07-16,89.82,payment,success,Bank transfer
89,CUST-000014,2026-08-16,89.82,payment,success,Bank transfer
90,CUST-000015,2026-03-16,47.86,payment,success,Electronic check
91,CUST-000015,2026-04-16,47.86,payment,success,Electronic check
92,CUST-000015,2026-05-16,47.86,payment,success,Electronic check
93,CUST-000015,2026-06-16,47.86,payment,success,Electronic check
94,CUST-000015,2026-07-16,47.86,payment,success,Electronic check
95,CUST-000015,2026-08-16,47.86,payment,success,Electronic check
96,CUST-000016,2026-03-16,90.89,payment,success,Electronic check
97,CUST-000016,2026-04-16,90.89,failed_payment,failed,Electronic check
98,CUST-000016,2026-04-19,90.89,payment,success,Electronic check
99,CUST-000016,2026-05-16,90.89,payment,success,Electronic check
100,CUST-000016,2026-06-16,90.89,payment,success,Electronic check
101,CUST-000016,2026-07-16,90.89,payment,success,Electronic check
102,CUST-000016,2026-08-16,90.89,payment,success,Electronic check
103,CUST-000017,2026-03-16,114.81,payment,success,Bank transfer
104,CUST-000017,2026-04-16,114.81,payment,success,Bank transfer
105,CUST-000017,2026-05-16,114.81,payment,success,Bank transfer
106,CUST-000017,2026-06-16,114.81,payment,success,Bank transfer
107,CUST-000017,2026-07-16,114.81,payment,success,Bank transfer
108,CUST-000017,2026-08-16,114.81,payment,success,Bank transfer
109,CUST-000018,2026-03-16,29.16,payment,success,Mailed check
110,CUST-000018,2026-04-16,29.16,failed_payment,failed,Mailed check
111,CUST-000018,2026-04-19,29.16,payment,success,Mailed check
112,CUST-000018,2026-05-16,29.16,payment,success,Mailed check
113,CUST-000018,2026-06-16,29.16,payment,success,Mailed check
114,CUST-000018,2026-07-16,29.16,payment,success,Mailed check
115,CUST-000018,2026-08-16,29.16,payment,success,Mailed check
116,CUST-000019,2026-03-16,52.62,payment,success,Mailed check
117,CUST-000019,2026-04-16,52.62,failed_payment,failed,Mailed check
118,CUST-000019,2026-05-16,52.62,payment,success,Mailed check
119,CUST-000019,2026-06-16,52.62,payment,success,Mailed check
120,CUST-000019,2026-07-16,52.62,failed_payment,failed,Mailed check
121,CUST-000019,2026-08-16,52.62,payment,success,Mailed check
122,CUST-000020,2026-03-16,43.47,payment,success,Electronic check
123,CUST-000020,2026-04-16,43.47,payment,success,Electronic check
124,CUST-000020,2026-05-16,43.47,payment,success,Electronic check
125,CUST-000020,2026-06-16,43.47,payment,success,Electronic check
126,CUST-000020,2026-07-16,43.47,failed_payment,failed,Electronic check
127,CUST-000020,2026-07-19,43.47,payment,success,Electronic check
128,CUST-000020,2026-08-16,43.47,payment,success,Electronic check
129,CUST-000021,2026-03-16,59.33,payment,success,Electronic check
130,CUST-000021,2026-04-16,59.33,payment,success,Electronic check
131,CUST-000021,2026-05-16,59.33,payment,success,Electronic check
132,CUST-000021,2026-06-16,59.33,payment,success,Electronic check
133,CUST-000021,2026-07-16,59.33,payment,success,Electronic check
134,CUST-000021,2026-08-16,59.33,payment,success,Electronic check
135,CUST-000022,2026-03-16,94.23,payment,success,Mailed check
136,CUST-000022,2026-04-16,94.23,payment,success,Mailed check
137,CUST-000022,2026-05-16,94.23,payment,success,Mailed check
138,CUST-000022,2026-06-16,94.23,payment,success,Mailed check
139,CUST-000022,2026-07-16,94.23,failed_payment,failed,Mailed check
140,CUST-000022,2026-08-16,94.23,payment,success,Mailed check
141,CUST-000023,2026-03-16,67.42,payment,success,Mailed check
142,CUST-000023,2026-04-16,67.42,payment,success,Mailed check
143,CUST-000023,2026-05-16,67.42,payment,success,Mailed check
144,CUST-000023,2026-06-16,67.42,payment,success,Mailed check
145,CUST-000023,2026-07-16,67.42,payment,success,Mailed check
146,CUST-000023,2026-08-16,67.42,payment,success,Mailed check
147,CUST-000024,2026-03-16,77.07,failed_payment,failed,Credit card
148,CUST-000024,2026-04-16,77.07,payment,success,Credit card
149,CUST-000024,2026-05-16,77.07,payment,success,Credit card
150,CUST-000024,2026-06-16,77.07,payment,success,Credit card
151,CUST-000024,2026-07-16,77.07,payment,success,Credit card
152,CUST-000024,2026-08-16,77.07,payment,success,Credit card
153,CUST-000025,2026-03-16,51.42,payment,success,Credit card
154,CUST-000025,2026-04-16,51.42,payment,success,Credit card
155,CUST-000025,2026-05-16,51.42,payment,success,Credit card
156,CUST-000025,2026-06-16,51.42,payment,success,Credit card
157,CUST-000025,2026-07-16,51.42,payment,success,Credit card
158,CUST-000025,2026-08-16,51.42,payment,success,Credit card
159,CUST-000026,2026-03-16,34.13,failed_payment,failed,Mailed check
160,CUST-000026,2026-03-19,34.13,payment,success,Mailed check
161,CUST-000026,2026-04-16,34.13,failed_payment,failed,Mailed check
162,CUST-000026,2026-04-19,34.13,payment,success,Mailed check
163,CUST-000026,2026-05-16,34.13,failed_payment,failed,Mailed check
164,CUST-000026,2026-06-16,34.13,payment,success,Mailed check
165,CUST-000026,2026-07-16,34.13,payment,success,Mailed check
166,CUST-000026,2026-08-16,34.13,failed_payment,failed,Mailed check
167,CUST-000026,2026-08-19,34.13,payment,success,Mailed check
168,CUST-000027,2026-03-16,46.69,payment,success,Mailed check
169,CUST-000027,2026-04-16,46.69,payment,success,Mailed check
170,CUST-000027,2026-05-16,46.69,payment,success,Mailed check
171,CUST-000027,2026-06-16,46.69,failed_payment,failed,Mailed check
172,CUST-000027,2026-07-16,46.69,payment,success,Mailed check
173,CUST-000027,2026-08-16,46.69,payment,success,Mailed check
174,CUST-000028,2026-03-16,105.97,payment,success,Mailed check
175,CUST-000028,2026-04-16,105.97,failed_payment,failed,Mailed check
176,CUST-000028,2026-04-19,105.97,payment,success,Mailed check
177,CUST-000028,2026-05-16,105.97,payment,success,Mailed check
178,CUST-000028,2026-06-16,105.97,payment,success,Mailed check
179,CUST-000028,2026-07-16,105.97,payment,success,Mailed check
180,CUST-000028,2026-08-16,105.97,failed_payment,failed,Mailed check
181,CUST-000028,2026-08-19,105.97,payment,success,Mailed check
182,CUST-000029,2026-03-16,80.24,payment,success,Bank transfer
183,CUST-000029,2026-04-16,80.24,payment,success,Bank transfer
184,CUST-000029,2026-05-16,80.24,payment,success,Bank transfer
185,CUST-000029,2026-06-16,80.24,payment,success,Bank transfer
186,CUST-000029,2026-07-16,80.24,payment,success,Bank transfer
187,CUST-000029,2026-08-16,80.24,payment,success,Bank transfer
188,CUST-000030,2026-03-16,57.8,payment,success,Mailed check
189,CUST-000030,2026-04-16,57.8,payment,success,Mailed check
190,CUST-000030,2026-05-16,57.8,payment,success,Mailed check
191,CUST-000030,2026-06-16,57.8,payment,success,Mailed check
192,CUST-000030,2026-07-16,57.8,payment,success,Mailed check
193,CUST-000030,2026-08-16,57.8,payment,success,Mailed check
194,CUST-000031,2026-03-16,98.99,payment,success,Credit card
195,CUST-000031,2026-04-16,98.99,payment,success,Credit card
196,CUST-000031,2026-05-16,98.99,payment,success,Credit card
197,CUST-000031,2026-06-16,98.99,payment,success,Credit card
198,CUST-000031,2026-07-16,98.99,payment,success,Credit card
199,CUST-000031,2026-08-16,98.99,payment,success,Credit card
200,CUST-000032,2026-03-16,26.45,payment,success,Credit card
201,CUST-000032,2026-04-16,26.45,payment,success,Credit card
202,CUST-000032,2026-05-16,26.45,payment,success,Credit card
203,CUST-000032,2026-06-16,26.45,payment,success,Credit card
204,CUST-000032,2026-07-16,26.45,payment,success,Credit card
205,CUST-000032,2026-08-16,26.45,payment,success,Credit card
206,CUST-000033,2026-03-16,45.39,payment,success,Mailed check
207,CUST-000033,2026-04-16,45.39,payment,success,Mailed check
208,CUST-000033,2026-05-16,45.39,payment,success,Mailed check
209,CUST-000033,2026-06-16,45.39,failed_payment,failed,Mailed check
210,CUST-000033,2026-06-19,45.39,payment,success,Mailed check
211,CUST-000033,2026-07-16,45.39,payment,success,Mailed check
212,CUST-000033,2026-08-16,45.39,payment,success,Mailed check
213,CUST-000034,2026-03-16,43.01,failed_payment,failed,Electronic check
214,CUST-000034,2026-03-19,43.01,payment,success,Electronic check
215,CUST-000034,2026-04-16,43.01,payment,success,Electronic check
216,CUST-000034,2026-05-16,43.01,payment,success,Electronic check
217,CUST-000034,2026-06-16,43.01,payment,success,Electronic check
218,CUST-000034,2026-07-16,43.01,failed_payment,failed,Electronic check
219,CUST-000034,2026-07-19,43.01,payment,success,Electronic check
220,CUST-000034,2026-08-16,43.01,payment,success,Electronic check
221,CUST-000035,2026-03-16,118.54,payment,success,Electronic check
222,CUST-000035,2026-04-16,118.54,payment,success,Electronic check
223,CUST-000035,2026-05-16,118.54,payment,success,Electronic check
224,CUST-000035,2026-06-16,118.54,payment,success,Electronic check
225,CUST-000035,2026-07-16,118.54,failed_payment,failed,Electronic check
226,CUST-000035,2026-07-19,118.54,payment,success,Electronic check
227,CUST-000035,2026-08-16,118.54,payment,success,Electronic check
228,CUST-000036,2026-03-16,90.61,payment,success,Credit card
229,CUST-000036,2026-04-16,90.61,payment,success,Credit card
230,CUST-000036,2026-05-16,90.61,failed_payment,failed,Credit card
231,CUST-000036,2026-05-19,90.61,payment,success,Credit card
232,CUST-000036,2026-06-16,90.61,failed_payment,failed,Credit card
233,CUST-000036,2026-06-19,90.61,payment,success,Credit card
234,CUST-000036,2026-07-16,90.61,payment,success,Credit card
235,CUST-000036,2026-08-16,90.61,payment,success,Credit card
236,CUST-000037,2026-03-16,81.78,payment,success,Mailed check
237,CUST-000037,2026-04-16,81.78,payment,success,Mailed check
238,CUST-000037,2026-05-16,81.78,payment,success,Mailed check
239,CUST-000037,2026-06-16,81.78,payment,success,Mailed check
240,CUST-000037,2026-07-16,81.78,payment,success,Mailed check
241,CUST-000037,2026-08-16,81.78,payment,success,Mailed check
242,CUST-000038,2026-03-16,20.5,payment,success,Mailed check
243,CUST-000038,2026-04-16,20.5,payment,success,Mailed check
244,CUST-000038,2026-05-16,20.5,payment,success,Mailed check
245,CUST-000038,2026-06-16,20.5,payment,success,Mailed check
246,CUST-000038,2026-07-16,20.5,payment,success,Mailed check
247,CUST-000038,2026-08-16,20.5,payment,success,Mailed check
248,CUST-000039,2026-03-16,38.43,payment,success,Bank transfer
249,CUST-000039,2026-04-16,38.43,payment,success,Bank transfer
250,CUST-000039,2026-05-16,38.43,payment,success,Bank transfer
251,CUST-000039,2026-06-16,38.43,payment,success,Bank transfer
252,CUST-000039,2026-07-16,38.43,payment,success,Bank transfer
253,CUST-000039,2026-08-16,38.43,payment,success,Bank transfer
254,CUST-000040,2026-03-16,83.55,payment,success,Credit card
255,CUST-000040,2026-04-16,83.55,payment,success,Credit card
256,CUST-000040,2026-05-16,83.55,payment,success,Credit card
257,CUST-000040,2026-06-16,83.55,payment,success,Credit card
258,CUST-000040,2026-07-16,83.55,payment,success,Credit card
259,CUST-000040,2026-08-16,83.55,payment,success,Credit card
260,CUST-000041,2026-03-16,57.97,payment,success,Mailed check
261,CUST-000041,2026-04-16,57.97,payment,success,Mailed check
262,CUST-000041,2026-05-16,57.97,payment,success,Mailed check
263,CUST-000041,2026-06-16,57.97,payment,success,Mailed check
264,CUST-000041,2026-07-16,57.97,payment,success,Mailed check
265,CUST-000041,2026-08-16,57.97,payment,success,Mailed check
266,CUST-000042,2026-03-16,112.43,payment,success,Mailed check
267,CUST-000042,2026-04-16,112.43,payment,success,Mailed check
268,CUST-000042,2026-05-16,112.43,payment,success,Mailed check
269,CUST-000042,2026-06-16,112.43,payment,success,Mailed check
270,CUST-000042,2026-07-16,112.43,payment,success,Mailed check
271,CUST-000042,2026-08-16,112.43,payment,success,Mailed check
272,CUST-000043,2026-03-16,96.47,payment,success,Credit card
273,CUST-000043,2026-04-16,96.47,payment,success,Credit card
274,CUST-000043,2026-05-16,96.47,payment,success,Credit card
275,CUST-000043,2026-06-16,96.47,payment,success,Credit card
276,CUST-000043,2026-07-16,96.47,payment,success,Credit card
277,CUST-000043,2026-08-16,96.47,failed_payment,failed,Credit card
278,CUST-000043,2026-08-19,96.47,payment,success,Credit card
279,CUST-000044,2026-03-16,64.74,payment,success,Electronic check
280,CUST-000044,2026-04-16,64.74,payment,success,Electronic check
281,CUST-000044,2026-05-16,64.74,failed_payment,failed,Electronic check
282,CUST-000044,2026-06-16,64.74,failed_payment,failed,Electronic check
283,CUST-000044,2026-07-16,64.74,failed_payment,failed,Electronic check
284,CUST-000044,2026-07-19,64.74,payment,success,Electronic check
285,CUST-000044,2026-08-16,64.74,payment,success,Electronic check
286,CUST-000045,2026-03-16,94.95,payment,success,Credit card
287,CUST-000045,2026-04-16,94.95,payment,success,Credit card
288,CUST-000045,2026-05-16,94.95,payment,success,Credit card
289,CUST-000045,2026-06-16,94.95,payment,success,Credit card
290,CUST-000045,2026-07-16,94.95,payment,success,Credit card
291,CUST-000045,2026-08-16,94.95,payment,success,Credit card
292,CUST-000046,2026-03-16,117.54,payment,success,Bank transfer
293,CUST-000046,2026-04-16,117.54,payment,success,Bank transfer
294,CUST-000046,2026-05-16,117.54,payment,success,Bank transfer
295,CUST-000046,2026-06-16,117.54,payment,success,Bank transfer
296,CUST-000046,2026-07-16,117.54,payment,success,Bank transfer
297,CUST-000046,2026-08-16,117.54,payment,success,Bank transfer
298,CUST-000047,2026-03-16,66.1,payment,success,Electronic check
299,CUST-000047,2026-04-16,66.1,payment,success,Electronic check
300,CUST-000047,2026-05-16,66.1,failed_payment,failed,Electronic check
301,CUST-000047,2026-06-16,66.1,payment,success,Electronic check
302,CUST-000047,2026-07-16,66.1,payment,success,Electronic check
303,CUST-000047,2026-08-16,66.1,payment,success,Electronic check
304,CUST-000048,2026-03-16,84.25,failed_payment,failed,Electronic check
305,CUST-000048,2026-03-19,84.25,payment,success,Electronic check
306,CUST-000048,2026-04-16,84.25,payment,success,Electronic check
307,CUST-000048,2026-05-16,84.25,payment,success,Electronic check
308,CUST-000048,2026-06-16,84.25,failed_payment,failed,Electronic check
309,CUST-000048,2026-06-19,84.25,payment,success,Electronic check
310,CUST-000048,2026-07-16,84.25,failed_payment,failed,Electronic check
311,CUST-000048,2026-07-19,84.25,payment,success,Electronic check
312,CUST-000048,2026-08-16,84.25,payment,success,Electronic check
313,CUST-000049,2026-03-16,111.87,payment,success,Bank transfer
314,CUST-000049,2026-04-16,111.87,payment,success,Bank transfer
315,CUST-000049,2026-05-16,111.87,payment,success,Bank transfer
316,CUST-000049,2026-06-16,111.87,payment,success,Bank transfer
317,CUST-000049,2026-07-16,111.87,payment,success,Bank transfer
318,CUST-000049,2026-08-16,111.87,payment,success,Bank transfer
319,CUST-000050,2026-03-16,44.87,payment,success,Credit card
320,CUST-000050,2026-04-16,44.87,payment,success,Credit card
321,CUST-000050,2026-05-16,44.87,failed_payment,failed,Credit card
322,CUST-000050,2026-05-19,44.87,payment,success,Credit card
323,CUST-000050,2026-06-16,44.87,failed_payment,failed,Credit card
324,CUST-000050,2026-06-19,44.87,payment,success,Credit card
325,CUST-000050,2026-07-16,44.87,failed_payment,failed,Credit card
326,CUST-000050,2026-07-19,44.87,payment,success,Credit card
327,CUST-000050,2026-08-16,44.87,failed_payment,failed,Credit card
328,CUST-000051,2026-03-16,108.66,failed_payment,failed,Electronic check
329,CUST-000051,2026-04-16,108.66,failed_payment,failed,Electronic check
330,CUST-000051,2026-04-19,108.66,payment,success,Electronic check
331,CUST-000051,2026-05-16,108.66,payment,success,Electronic check
332,CUST-000051,2026-06-16,108.66,payment,success,Electronic check
333,CUST-000051,2026-07-16,108.66,failed_payment,failed,Electronic check
334,CUST-000051,2026-08-16,108.66,payment,success,Electronic check
335,CUST-000052,2026-03-16,29.75,payment,success,Bank transfer
336,CUST-000052,2026-04-16,29.75,payment,success,Bank transfer
337,CUST-000052,2026-05-16,29.75,payment,success,Bank transfer
338,CUST-000052,2026-06-16,29.75,failed_payment,failed,Bank transfer
339,CUST-000052,2026-07-16,29.75,payment,success,Bank transfer
340,CUST-000052,2026-08-16,29.75,payment,success,Bank transfer
341,CUST-000053,2026-03-16,84.84,payment,success,Credit card
342,CUST-000053,2026-04-16,84.84,payment,success,Credit card
343,CUST-000053,2026-05-16,84.84,payment,success,Credit card
344,CUST-000053,2026-06-16,84.84,payment,success,Credit card
345,CUST-000053,2026-07-16,84.84,payment,success,Credit card
346,CUST-000053,2026-08-16,84.84,payment,success,Credit card
347,CUST-000054,2026-03-16,98.28,payment,success,Bank transfer
348,CUST-000054,2026-04-16,98.28,payment,success,Bank transfer
349,CUST-000054,2026-05-16,98.28,payment,success,Bank transfer
350,CUST-000054,2026-06-16,98.28,payment,success,Bank transfer
351,CUST-000054,2026-07-16,98.28,payment,success,Bank transfer
352,CUST-000054,2026-08-16,98.28,payment,success,Bank transfer
353,CUST-000055,2026-03-16,81.46,payment,success,Bank transfer
354,CUST-000055,2026-04-16,81.46,payment,success,Bank transfer
355,CUST-000055,2026-05-16,81.46,payment,success,Bank transfer
356,CUST-000055,2026-06-16,81.46,payment,success,Bank transfer
357,CUST-000055,2026-07-16,81.46,payment,success,Bank transfer
358,CUST-000055,2026-08-16,81.46,payment,success,Bank transfer
359,CUST-000056,2026-03-16,69.55,payment,success,Electronic check
360,CUST-000056,2026-04-16,69.55,payment,success,Electronic check
361,CUST-000056,2026-05-16,69.55,payment,success,Electronic check
362,CUST-000056,2026-06-16,69.55,payment,success,Electronic check
363,CUST-000056,2026-07-16,69.55,payment,success,Electronic check
364,CUST-000056,2026-08-16,69.55,payment,success,Electronic check
365,CUST-000057,2026-03-16,81.73,payment,success,Bank transfer
366,CUST-000057,2026-04-16,81.73,payment,success,Bank transfer
367,CUST-000057,2026-05-16,81.73,payment,success,Bank transfer
368,CUST-000057,2026-06-16,81.73,payment,success,Bank transfer
369,CUST-000057,2026-07-16,81.73,payment,success,Bank transfer
370,CUST-000057,2026-08-16,81.73,payment,success,Bank transfer
371,CUST-000058,2026-03-16,35.17,payment,success,Bank transfer
372,CUST-000058,2026-04-16,35.17,payment,success,Bank transfer
373,CUST-000058,2026-05-16,35.17,payment,success,Bank transfer
374,CUST-000058,2026-06-16,35.17,payment,success,Bank transfer
375,CUST-000058,2026-07-16,35.17,payment,success,Bank transfer
376,CUST-000058,2026-08-16,35.17,payment,success,Bank transfer
377,CUST-000059,2026-03-16,41.56,payment,success,Electronic check
378,CUST-000059,2026-04-16,41.56,failed_payment,failed,Electronic check
379,CUST-000059,2026-04-19,41.56,payment,success,Electronic check
380,CUST-000059,2026-05-16,41.56,payment,success,Electronic check
381,CUST-000059,2026-06-16,41.56,payment,success,Electronic check
382,CUST-000059,2026-07-16,41.56,payment,success,Electronic check
383,CUST-000059,2026-08-16,41.56,payment,success,Electronic check
384,CUST-000060,2026-03-16,46.99,failed_payment,failed,Mailed check
385,CUST-000060,2026-03-19,46.99,payment,success,Mailed check
386,CUST-000060,2026-04-16,46.99,failed_payment,failed,Mailed check
387,CUST-000060,2026-05-16,46.99,payment,success,Mailed check
388,CUST-000060,2026-06-16,46.99,payment,success,Mailed check
389,CUST-000060,2026-07-16,46.99,payment,success,Mailed check
390,CUST-000060,2026-08-16,46.99,failed_payment,failed,Mailed check
391,CUST-000060,2026-08-19,46.99,payment,success,Mailed check
392,CUST-000061,2026-03-16,79.78,payment,success,Credit card
393,CUST-000061,2026-04-16,79.78,payment,success,Credit card
394,CUST-000061,2026-05-16,79.78,payment,success,Credit card
395,CUST-000061,2026-06-16,79.78,payment,success,Credit card
396,CUST-000061,2026-07-16,79.78,payment,success,Credit card
397,CUST-000061,2026-08-16,79.78,payment,success,Credit card
398,CUST-000062,2026-03-16,64.19,payment,success,Credit card
399,CUST-000062,2026-04-16,64.19,failed_payment,failed,Credit card
400,CUST-000062,2026-04-19,64.19,payment,success,Credit card
401,CUST-000062,2026-05-16,64.19,payment,success,Credit card
402,CUST-000062,2026-06-16,64.19,payment,success,Credit card
403,CUST-000062,2026-07-16,64.19,failed_payment,failed,Credit card
404,CUST-000062,2026-07-19,64.19,payment,success,Credit card
405,CUST-000062,2026-08-16,64.19,payment,success,Credit card
406,CUST-000063,2026-03-16,44.45,payment,success,Electronic check
407,CUST-000063,2026-04-16,44.45,payment,success,Electronic check
408,CUST-000063,2026-05-16,44.45,payment,success,Electronic check
409,CUST-000063,2026-06-16,44.45,payment,success,Electronic check
410,CUST-000063,2026-07-16,44.45,payment,success,Electronic check
411,CUST-000063,2026-08-16,44.45,payment,success,Electronic check
412,CUST-000064,2026-03-16,108.28,payment,success,Bank transfer
413,CUST-000064,2026-04-16,108.28,payment,success,Bank transfer
414,CUST-000064,2026-05-16,108.28,payment,success,Bank transfer
415,CUST-000064,2026-06-16,108.28,payment,success,Bank transfer
416,CUST-000064,2026-07-16,108.28,payment,success,Bank transfer
417,CUST-000064,2026-08-16,108.28,payment,success,Bank transfer
418,CUST-000065,2026-03-16,57.39,payment,success,Bank transfer
419,CUST-000065,2026-04-16,57.39,payment,success,Bank transfer
420,CUST-000065,2026-05-16,57.39,payment,success,Bank transfer
421,CUST-000065,2026-06-16,57.39,payment,success,Bank transfer
422,CUST-000065,2026-07-16,57.39,payment,success,Bank transfer
423,CUST-000065,2026-08-16,57.39,payment,success,Bank transfer
424,CUST-000066,2026-03-16,64.6,failed_payment,failed,Bank transfer
425,CUST-000066,2026-03-19,64.6,payment,success,Bank transfer
426,CUST-000066,2026-04-16,64.6,payment,success,Bank transfer
427,CUST-000066,2026-05-16,64.6,payment,success,Bank transfer
428,CUST-000066,2026-06-16,64.6,payment,success,Bank transfer
429,CUST-000066,2026-07-16,64.6,failed_payment,failed,Bank transfer
430,CUST-000066,2026-08-16,64.6,failed_payment,failed,Bank transfer
431,CUST-000066,2026-08-19,64.6,payment,success,Bank transfer
432,CUST-000067,2026-03-16,60.97,payment,success,Bank transfer
433,CUST-000067,2026-04-16,60.97,payment,success,Bank transfer
434,CUST-000067,2026-05-16,60.97,payment,success,Bank transfer
435,CUST-000067,2026-06-16,60.97,payment,success,Bank transfer
436,CUST-000067,2026-07-16,60.97,failed_payment,failed,Bank transfer
437,CUST-000067,2026-08-16,60.97,payment,success,Bank transfer
438,CUST-000068,2026-03-16,38.19,payment,success,Credit card
439,CUST-000068,2026-04-16,38.19,payment,success,Credit card
440,CUST-000068,2026-05-16,38.19,payment,success,Credit card
441,CUST-000068,2026-06-16,38.19,failed_payment,failed,Credit card
442,CUST-000068,2026-06-19,38.19,payment,success,Credit card
443,CUST-000068,2026-07-16,38.19,payment,success,Credit card
444,CUST-000068,2026-08-16,38.19,payment,success,Credit card
445,CUST-000069,2026-03-16,93.16,payment,success,Mailed check
446,CUST-000069,2026-04-16,93.16,payment,success,Mailed check
447,CUST-000069,2026-05-16,93.16,failed_payment,failed,Mailed check
448,CUST-000069,2026-06-16,93.16,payment,success,Mailed check
449,CUST-000069,2026-07-16,93.16,payment,success,Mailed check
450,CUST-000069,2026-08-16,93.16,payment,success,Mailed check
451,CUST-000070,2026-03-16,64.85,payment,success,Bank transfer
452,CUST-000070,2026-04-16,64.85,failed_payment,failed,Bank transfer
453,CUST-000070,2026-04-19,64.85,payment,success,Bank transfer
454,CUST-000070,2026-05-16,64.85,failed_payment,failed,Bank transfer
455,CUST-000070,2026-05-19,64.85,payment,success,Bank transfer
456,CUST-000070,2026-06-16,64.85,payment,success,Bank transfer
457,CUST-000070,2026-07-16,64.85,payment,success,Bank transfer
458,CUST-000070,2026-08-16,64.85,payment,success,Bank transfer
459,CUST-000071,2026-03-16,21.63,payment,success,Bank transfer
460,CUST-000071,2026-04-16,21.63,failed_payment,failed,Bank transfer
461,CUST-000071,2026-04-19,21.63,payment,success,Bank transfer
462,CUST-000071,2026-05-16,21.63,failed_payment,failed,Bank transfer
463,CUST-000071,2026-06-16,21.63,failed_payment,failed,Bank transfer
464,CUST-000071,2026-06-19,21.63,payment,success,Bank transfer
465,CUST-000071,2026-07-16,21.63,payment,success,Bank transfer
466,CUST-000071,2026-08-16,21.63,failed_payment,failed,Bank transfer
467,CUST-000071,2026-08-19,21.63,payment,success,Bank transfer
468,CUST-000072,2026-03-16,116.4,failed_payment,failed,Bank transfer
469,CUST-000072,2026-03-19,116.4,payment,success,Bank transfer
470,CUST-000072,2026-04-16,116.4,failed_payment,failed,Bank transfer
471,CUST-000072,2026-04-19,116.4,payment,success,Bank transfer
472,CUST-000072,2026-05-16,116.4,payment,success,Bank transfer
473,CUST-000072,2026-06-16,116.4,failed_payment,failed,Bank transfer
474,CUST-000072,2026-06-19,116.4,payment,success,Bank transfer
475,CUST-000072,2026-07-16,116.4,payment,success,Bank transfer
476,CUST-000072,2026-08-16,116.4,failed_payment,failed,Bank transfer
477,CUST-000072,2026-08-19,116.4,payment,success,Bank transfer
478,CUST-000073,2026-03-16,101.58,payment,success,Credit card
479,CUST-000073,2026-04-16,101.58,payment,success,Credit card
480,CUST-000073,2026-05-16,101.58,payment,success,Credit card
481,CUST-000073,2026-06-16,101.58,payment,success,Credit card
482,CUST-000073,2026-07-16,101.58,payment,success,Credit card
483,CUST-000073,2026-08-16,101.58,payment,success,Credit card
484,CUST-000074,2026-03-16,92.36,payment,success,Electronic check
485,CUST-000074,2026-04-16,92.36,payment,success,Electronic check
486,CUST-000074,2026-05-16,92.36,payment,success,Electronic check
487,CUST-000074,2026-06-16,92.36,payment,success,Electronic check
488,CUST-000074,2026-07-16,92.36,payment,success,Electronic check
489,CUST-000074,2026-08-16,92.36,payment,success,Electronic check
490,CUST-000075,2026-03-16,106.91,payment,success,Credit card
491,CUST-000075,2026-04-16,106.91,payment,success,Credit card
492,CUST-000075,2026-05-16,106.91,payment,success,Credit card
493,CUST-000075,2026-06-16,106.91,payment,success,Credit card
494,CUST-000075,2026-07-16,106.91,payment,success,Credit card
495,CUST-000075,2026-08-16,106.91,payment,success,Credit card
496,CUST-000076,2026-03-16,110.68,payment,success,Bank transfer
497,CUST-000076,2026-04-16,110.68,failed_payment,failed,Bank transfer
498,CUST-000076,2026-04-19,110.68,payment,success,Bank transfer
499,CUST-000076,2026-05-16,110.68,failed_payment,failed,Bank transfer
500,CUST-000076,2026-05-19,110.68,payment,success,Bank transfer
501,CUST-000076,2026-06-16,110.68,payment,success,Bank transfer
502,CUST-000076,2026-07-16,110.68,payment,success,Bank transfer
503,CUST-000076,2026-08-16,110.68,payment,success,Bank transfer
504,CUST-000077,2026-03-16,53.75,failed_payment,failed,Credit card
505,CUST-000077,2026-03-19,53.75,payment,success,Credit card
506,CUST-000077,2026-04-16,53.75,failed_payment,failed,Credit card
507,CUST-000077,2026-04-19,53.75,payment,success,Credit card
508,CUST-000077,2026-05-16,53.75,payment,success,Credit card
509,CUST-000077,2026-06-16,53.75,payment,success,Credit card
510,CUST-000077,2026-07-16,53.75,failed_payment,failed,Credit card
511,CUST-000077,2026-07-19,53.75,payment,success,Credit card
512,CUST-000077,2026-08-16,53.75,failed_payment,failed,Credit card
513,CUST-000077,2026-08-19,53.75,payment,success,Credit card
514,CUST-000078,2026-03-16,81.1,failed_payment,failed,Mailed check
515,CUST-000078,2026-04-16,81.1,payment,success,Mailed check
516,CUST-000078,2026-05-16,81.1,payment,success,Mailed check
517,CUST-000078,2026-06-16,81.1,payment,success,Mailed check
518,CUST-000078,2026-07-16,81.1,payment,success,Mailed check
519,CUST-000078,2026-08-16,81.1,payment,success,Mailed check
520,CUST-000079,2026-03-16,80.88,payment,success,Mailed check
521,CUST-000079,2026-04-16,80.88,payment,success,Mailed check
522,CUST-000079,2026-05-16,80.88,payment,success,Mailed check
523,CUST-000079,2026-06-16,80.88,payment,success,Mailed check
524,CUST-000079,2026-07-16,80.88,payment,success,Mailed check
525,CUST-000079,2026-08-16,80.88,payment,success,Mailed check
526,CUST-000080,2026-03-16,46.73,payment,success,Electronic check
527,CUST-000080,2026-04-16,46.73,payment,success,Electronic check
528,CUST-000080,2026-05-16,46.73,payment,success,Electronic check
529,CUST-000080,2026-06-16,46.73,payment,success,Electronic check
530,CUST-000080,2026-07-16,46.73,payment,success,Electronic check
531,CUST-000080,2026-08-16,46.73,payment,success,Electronic check
532,CUST-000081,2026-03-16,42.2,payment,success,Credit card
533,CUST-000081,2026-04-16,42.2,payment,success,Credit card
534,CUST-000081,2026-05-16,42.2,payment,success,Credit card
535,CUST-000081,2026-06-16,42.2,payment,success,Credit card
536,CUST-000081,2026-07-16,42.2,payment,success,Credit card
537,CUST-000081,2026-08-16,42.2,payment,success,Credit card
538,CUST-000082,2026-03-16,31.39,payment,success,Credit card
539,CUST-000082,2026-04-16,31.39,payment,success,Credit card
540,CUST-000082,2026-05-16,31.39,payment,success,Credit card
541,CUST-000082,2026-06-16,31.39,payment,success,Credit card
542,CUST-000082,2026-07-16,31.39,payment,success,Credit card
543,CUST-000082,2026-08-16,31.39,payment,success,Credit card
544,CUST-000083,2026-03-16,85.93,payment,success,Mailed check
545,CUST-000083,2026-04-16,85.93,payment,success,Mailed check
546,CUST-000083,2026-05-16,85.93,payment,success,Mailed check
547,CUST-000083,2026-06-16,85.93,payment,success,Mailed check
548,CUST-000083,2026-07-16,85.93,payment,success,Mailed check
549,CUST-000083,2026-08-16,85.93,payment,success,Mailed check
550,CUST-000084,2026-03-16,98.09,payment,success,Electronic check
551,CUST-000084,2026-04-16,98.09,payment,success,Electronic check
552,CUST-000084,2026-05-16,98.09,payment,success,Electronic check
553,CUST-000084,2026-06-16,98.09,payment,success,Electronic check
554,CUST-000084,2026-07-16,98.09,payment,success,Electronic check
555,CUST-000084,2026-08-16,98.09,payment,success,Electronic check
556,CUST-000085,2026-03-16,96.1,payment,success,Bank transfer
557,CUST-000085,2026-04-16,96.1,payment,success,Bank transfer
558,CUST-000085,2026-05-16,96.1,payment,success,Bank transfer
559,CUST-000085,2026-06-16,96.1,payment,success,Bank transfer
560,CUST-000085,2026-07-16,96.1,payment,success,Bank transfer
561,CUST-000085,2026-08-16,96.1,payment,success,Bank transfer
562,CUST-000086,2026-03-16,51.63,payment,success,Bank transfer
563,CUST-000086,2026-04-16,51.63,payment,success,Bank transfer
564,CUST-000086,2026-05-16,51.63,payment,success,Bank transfer
565,CUST-000086,2026-06-16,51.63,payment,success,Bank transfer
566,CUST-000086,2026-07-16,51.63,payment,success,Bank transfer
567,CUST-000086,2026-08-16,51.63,payment,success,Bank transfer
568,CUST-000087,2026-03-16,40.53,payment,success,Bank transfer
569,CUST-000087,2026-04-16,40.53,payment,success,Bank transfer
570,CUST-000087,2026-05-16,40.53,payment,success,Bank transfer
571,CUST-000087,2026-06-16,40.53,failed_payment,failed,Bank transfer
572,CUST-000087,2026-07-16,40.53,payment,success,Bank transfer
573,CUST-000087,2026-08-16,40.53,payment,success,Bank transfer
574,CUST-000088,2026-03-16,65.36,payment,success,Electronic check
575,CUST-000088,2026-04-16,65.36,failed_payment,failed,Electronic check
576,CUST-000088,2026-04-19,65.36,payment,success,Electronic check
577,CUST-000088,2026-05-16,65.36,payment,success,Electronic check
578,CUST-000088,2026-06-16,65.36,payment,success,Electronic check
579,CUST-000088,2026-07-16,65.36,payment,success,Electronic check
580,CUST-000088,2026-08-16,65.36,payment,success,Electronic check
581,CUST-000089,2026-03-16,74.68,payment,success,Credit card
582,CUST-000089,2026-04-16,74.68,payment,success,Credit card
583,CUST-000089,2026-05-16,74.68,failed_payment,failed,Credit card
584,CUST-000089,2026-05-19,74.68,payment,success,Credit card
585,CUST-000089,2026-06-16,74.68,payment,success,Credit card
586,CUST-000089,2026-07-16,74.68,payment,success,Credit card
587,CUST-000089,2026-08-16,74.68,payment,success,Credit card
588,CUST-000090,2026-03-16,111.91,payment,success,Mailed check
589,CUST-000090,2026-04-16,111.91,payment,success,Mailed check
590,CUST-000090,2026-05-16,111.91,payment,success,Mailed check
591,CUST-000090,2026-06-16,111.91,payment,success,Mailed check
592,CUST-000090,2026-07-16,111.91,payment,success,Mailed check
593,CUST-000090,2026-08-16,111.91,payment,success,Mailed check
594,CUST-000091,2026-03-16,107.48,failed_payment,failed,Bank transfer
595,CUST-000091,2026-03-19,107.48,payment,success,Bank transfer
596,CUST-000091,2026-04-16,107.48,payment,success,Bank transfer
597,CUST-000091,2026-05-16,107.48,payment,success,Bank transfer
598,CUST-000091,2026-06-16,107.48,payment,success,Bank transfer
599,CUST-000091,2026-07-16,107.48,payment,success,Bank transfer
600,CUST-000091,2026-08-16,107.48,payment,success,Bank transfer
601,CUST-000092,2026-03-16,111.61,payment,success,Credit card
602,CUST-000092,2026-04-16,111.61,payment,success,Credit card
603,CUST-000092,2026-05-16,111.61,payment,success,Credit card
604,CUST-000092,2026-06-16,111.61,payment,success,Credit card
605,CUST-000092,2026-07-16,111.61,payment,success,Credit card
606,CUST-000092,2026-08-16,111.61,payment,success,Credit card
607,CUST-000093,2026-03-16,105.03,payment,success,Bank transfer
608,CUST-000093,2026-04-16,105.03,payment,success,Bank transfer
609,CUST-000093,2026-05-16,105.03,failed_payment,failed,Bank transfer
610,CUST-000093,2026-05-19,105.03,payment,success,Bank transfer
611,CUST-000093,2026-06-16,105.03,payment,success,Bank transfer
612,CUST-000093,2026-07-16,105.03,payment,success,Bank transfer
613,CUST-000093,2026-08-16,105.03,failed_payment,failed,Bank transfer
614,CUST-000094,2026-03-16,116.46,payment,success,Electronic check
615,CUST-000094,2026-04-16,116.46,payment,success,Electronic check
616,CUST-000094,2026-05-16,116.46,payment,success,Electronic check
617,CUST-000094,2026-06-16,116.46,failed_payment,failed,Electronic check
618,CUST-000094,2026-06-19,116.46,payment,success,Electronic check
619,CUST-000094,2026-07-16,116.46,failed_payment,failed,Electronic check
620,CUST-000094,2026-07-19,116.46,payment,success,Electronic check
621,CUST-000094,2026-08-16,116.46,failed_payment,failed,Electronic check
622,CUST-000094,2026-08-19,116.46,payment,success,Electronic check
623,CUST-000095,2026-03-16,66.55,payment,success,Credit card
624,CUST-000095,2026-04-16,66.55,payment,success,Credit card
625,CUST-000095,2026-05-16,66.55,payment,success,Credit card
626,CUST-000095,2026-06-16,66.55,payment,success,Credit card
627,CUST-000095,2026-07-16,66.55,payment,success,Credit card
628,CUST-000095,2026-08-16,66.55,payment,success,Credit card
629,CUST-000096,2026-03-16,24.75,payment,success,Bank transfer
630,CUST-000096,2026-04-16,24.75,payment,success,Bank transfer
631,CUST-000096,2026-05-16,24.75,payment,success,Bank transfer
632,CUST-000096,2026-06-16,24.75,payment,success,Bank transfer
633,CUST-000096,2026-07-16,24.75,payment,success,Bank transfer
634,CUST-000096,2026-08-16,24.75,payment,success,Bank transfer
635,CUST-000097,2026-03-16,28.36,payment,success,Credit card
636,CUST-000097,2026-04-16,28.36,payment,success,Credit card
637,CUST-000097,2026-05-16,28.36,payment,success,Credit card
638,CUST-000097,2026-06-16,28.36,payment,success,Credit card
639,CUST-000097,2026-07-16,28.36,payment,success,Credit card
640,CUST-000097,2026-08-16,28.36,payment,success,Credit card
641,CUST-000098,2026-03-16,59.03,failed_payment,failed,Bank transfer
642,CUST-000098,2026-03-19,59.03,payment,success,Bank transfer
643,CUST-000098,2026-04-16,59.03,failed_payment,failed,Bank transfer
644,CUST-000098,2026-04-19,59.03,payment,success,Bank transfer
645,CUST-000098,2026-05-16,59.03,payment,success,Bank transfer
646,CUST-000098,2026-06-16,59.03,payment,success,Bank transfer
647,CUST-000098,2026-07-16,59.03,payment,success,Bank transfer
648,CUST-000098,2026-08-16,59.03,payment,success,Bank transfer
649,CUST-000099,2026-03-16,45.77,payment,success,Credit card
650,CUST-000099,2026-04-16,45.77,payment,success,Credit card
651,CUST-000099,2026-05-16,45.77,payment,success,Credit card
652,CUST-000099,2026-06-16,45.77,payment,success,Credit card
653,CUST-000099,2026-07-16,45.77,payment,success,Credit card
654,CUST-000099,2026-08-16,45.77,payment,success,Credit card
655,CUST-000100,2026-03-16,36.99,payment,success,Credit card
656,CUST-000100,2026-04-16,36.99,payment,success,Credit card
657,CUST-000100,2026-05-16,36.99,payment,success,Credit card
658,CUST-000100,2026-06-16,36.99,payment,success,Credit card
659,CUST-000100,2026-07-16,36.99,payment,success,Credit card
660,CUST-000100,2026-08-16,36.99,payment,success,Credit card
661,CUST-000101,2026-03-16,115.32,failed_payment,failed,Electronic check
662,CUST-000101,2026-03-19,115.32,payment,success,Electronic check
663,CUST-000101,2026-04-16,115.32,payment,success,Electronic check
664,CUST-000101,2026-05-16,115.32,payment,success,Electronic check
665,CUST-000101,2026-06-16,115.32,payment,success,Electronic check
666,CUST-000101,2026-07-16,115.32,payment,success,Electronic check
667,CUST-000101,2026-08-16,115.32,payment,success,Electronic check
668,CUST-000102,2026-03-16,39.54,payment,success,Electronic check
669,CUST-000102,2026-04-16,39.54,payment,success,Electronic check
670,CUST-000102,2026-05-16,39.54,payment,success,Electronic check
671,CUST-000102,2026-06-16,39.54,payment,success,Electronic check
672,CUST-000102,2026-07-16,39.54,payment,success,Electronic check
673,CUST-000102,2026-08-16,39.54,failed_payment,failed,Electronic check
674,CUST-000102,2026-08-19,39.54,payment,success,Electronic check
675,CUST-000103,2026-03-16,115.94,failed_payment,failed,Electronic check
676,CUST-000103,2026-03-19,115.94,payment,success,Electronic check
677,CUST-000103,2026-04-16,115.94,payment,success,Electronic check
678,CUST-000103,2026-05-16,115.94,payment,success,Electronic check
679,CUST-000103,2026-06-16,115.94,payment,success,Electronic check
680,CUST-000103,2026-07-16,115.94,payment,success,Electronic check
681,CUST-000103,2026-08-16,115.94,payment,success,Electronic check
682,CUST-000104,2026-03-16,96.08,payment,success,Credit card
683,CUST-000104,2026-04-16,96.08,payment,success,Credit card
684,CUST-000104,2026-05-16,96.08,payment,success,Credit card
685,CUST-000104,2026-06-16,96.08,payment,success,Credit card
686,CUST-000104,2026-07-16,96.08,payment,success,Credit card
687,CUST-000104,2026-08-16,96.08,payment,success,Credit card
688,CUST-000105,2026-03-16,84.09,payment,success,Electronic check
689,CUST-000105,2026-04-16,84.09,payment,success,Electronic check
690,CUST-000105,2026-05-16,84.09,payment,success,Electronic check
691,CUST-000105,2026-06-16,84.09,payment,success,Electronic check
692,CUST-000105,2026-07-16,84.09,payment,success,Electronic check
693,CUST-000105,2026-08-16,84.09,payment,success,Electronic check
694,CUST-000106,2026-03-16,87.6,payment,success,Mailed check
695,CUST-000106,2026-04-16,87.6,payment,success,Mailed check
696,CUST-000106,2026-05-16,87.6,payment,success,Mailed check
697,CUST-000106,2026-06-16,87.6,payment,success,Mailed check
698,CUST-000106,2026-07-16,87.6,payment,success,Mailed check
699,CUST-000106,2026-08-16,87.6,payment,success,Mailed check
700,CUST-000107,2026-03-16,53.15,payment,success,Credit card
701,CUST-000107,2026-04-16,53.15,failed_payment,failed,Credit card
702,CUST-000107,2026-04-19,53.15,payment,success,Credit card
703,CUST-000107,2026-05-16,53.15,payment,success,Credit card
704,CUST-000107,2026-06-16,53.15,payment,success,Credit card
705,CUST-000107,2026-07-16,53.15,payment,success,Credit card
706,CUST-000107,2026-08-16,53.15,payment,success,Credit card
707,CUST-000108,2026-03-16,84.64,failed_payment,failed,Mailed check
708,CUST-000108,2026-04-16,84.64,payment,success,Mailed check
709,CUST-000108,2026-05-16,84.64,payment,success,Mailed check
710,CUST-000108,2026-06-16,84.64,payment,success,Mailed check
711,CUST-000108,2026-07-16,84.64,payment,success,Mailed check
712,CUST-000108,2026-08-16,84.64,payment,success,Mailed check
713,CUST-000109,2026-03-16,38.67,payment,success,Electronic check
714,CUST-000109,2026-04-16,38.67,payment,success,Electronic check
715,CUST-000109,2026-05-16,38.67,payment,success,Electronic check
716,CUST-000109,2026-06-16,38.67,payment,success,Electronic check
717,CUST-000109,2026-07-16,38.67,payment,success,Electronic check
718,CUST-000109,2026-08-16,38.67,payment,success,Electronic check
719,CUST-000110,2026-03-16,113.77,payment,success,Mailed check
720,CUST-000110,2026-04-16,113.77,payment,success,Mailed check
721,CUST-000110,2026-05-16,113.77,failed_payment,failed,Mailed check
722,CUST-000110,2026-05-19,113.77,payment,success,Mailed check
723,CUST-000110,2026-06-16,113.77,payment,success,Mailed check
724,CUST-000110,2026-07-16,113.77,payment,success,Mailed check
725,CUST-000110,2026-08-16,113.77,payment,success,Mailed check
726,CUST-000111,2026-03-16,50.18,payment,success,Electronic check
727,CUST-000111,2026-04-16,50.18,payment,success,Electronic check
728,CUST-000111,2026-05-16,50.18,failed_payment,failed,Electronic check
729,CUST-000111,2026-06-16,50.18,failed_payment,failed,Electronic check
730,CUST-000111,2026-06-19,50.18,payment,success,Electronic check
731,CUST-000111,2026-07-16,50.18,payment,success,Electronic check
732,CUST-000111,2026-08-16,50.18,payment,success,Electronic check
733,CUST-000112,2026-03-16,45.52,payment,success,Mailed check
734,CUST-000112,2026-04-16,45.52,payment,success,Mailed check
735,CUST-000112,2026-05-16,45.52,payment,success,Mailed check
736,CUST-000112,2026-06-16,45.52,payment,success,Mailed check
737,CUST-000112,2026-07-16,45.52,payment,success,Mailed check
738,CUST-000112,2026-08-16,45.52,payment,success,Mailed check
739,CUST-000113,2026-03-16,91.12,failed_payment,failed,Bank transfer
740,CUST-000113,2026-04-16,91.12,payment,success,Bank transfer
741,CUST-000113,2026-05-16,91.12,payment,success,Bank transfer
742,CUST-000113,2026-06-16,91.12,payment,success,Bank transfer
743,CUST-000113,2026-07-16,91.12,payment,success,Bank transfer
744,CUST-000113,2026-08-16,91.12,payment,success,Bank transfer
745,CUST-000114,2026-03-16,85.64,payment,success,Bank transfer
746,CUST-000114,2026-04-16,85.64,payment,success,Bank transfer
747,CUST-000114,2026-05-16,85.64,payment,success,Bank transfer
748,CUST-000114,2026-06-16,85.64,payment,success,Bank transfer
749,CUST-000114,2026-07-16,85.64,payment,success,Bank transfer
750,CUST-000114,2026-08-16,85.64,payment,success,Bank transfer
751,CUST-000115,2026-03-16,65.13,payment,success,Bank transfer
752,CUST-000115,2026-04-16,65.13,payment,success,Bank transfer
753,CUST-000115,2026-05-16,65.13,payment,success,Bank transfer
754,CUST-000115,2026-06-16,65.13,payment,success,Bank transfer
755,CUST-000115,2026-07-16,65.13,payment,success,Bank transfer
756,CUST-000115,2026-08-16,65.13,payment,success,Bank transfer
757,CUST-000116,2026-03-16,83.24,payment,success,Electronic check
758,CUST-000116,2026-04-16,83.24,payment,success,Electronic check
759,CUST-000116,2026-05-16,83.24,payment,success,Electronic check
760,CUST-000116,2026-06-16,83.24,payment,success,Electronic check
761,CUST-000116,2026-07-16,83.24,failed_payment,failed,Electronic check
762,CUST-000116,2026-07-19,83.24,payment,success,Electronic check
763,CUST-000116,2026-08-16,83.24,payment,success,Electronic check
764,CUST-000117,2026-03-16,35.95,payment,success,Credit card
765,CUST-000117,2026-04-16,35.95,payment,success,Credit card
766,CUST-000117,2026-05-16,35.95,failed_payment,failed,Credit card
767,CUST-000117,2026-05-19,35.95,payment,success,Credit card
768,CUST-000117,2026-06-16,35.95,payment,success,Credit card
769,CUST-000117,2026-07-16,35.95,payment,success,Credit card
770,CUST-000117,2026-08-16,35.95,payment,success,Credit card
771,CUST-000118,2026-03-16,87.33,payment,success,Mailed check
772,CUST-000118,2026-04-16,87.33,payment,success,Mailed check
773,CUST-000118,2026-05-16,87.33,payment,success,Mailed check
774,CUST-000118,2026-06-16,87.33,payment,success,Mailed check
775,CUST-000118,2026-07-16,87.33,payment,success,Mailed check
776,CUST-000118,2026-08-16,87.33,payment,success,Mailed check
777,CUST-000119,2026-03-16,47.06,payment,success,Mailed check
778,CUST-000119,2026-04-16,47.06,payment,success,Mailed check
779,CUST-000119,2026-05-16,47.06,failed_payment,failed,Mailed check
780,CUST-000119,2026-05-19,47.06,payment,success,Mailed check
781,CUST-000119,2026-06-16,47.06,payment,success,Mailed check
782,CUST-000119,2026-07-16,47.06,payment,success,Mailed check
783,CUST-000119,2026-08-16,47.06,failed_payment,failed,Mailed check
784,CUST-000119,2026-08-19,47.06,payment,success,Mailed check
785,CUST-000120,2026-03-16,47.28,payment,success,Bank transfer
786,CUST-000120,2026-04-16,47.28,payment,success,Bank transfer
787,CUST-000120,2026-05-16,47.28,payment,success,Bank transfer
788,CUST-000120,2026-06-16,47.28,payment,success,Bank transfer
789,CUST-000120,2026-07-16,47.28,payment,success,Bank transfer
790,CUST-000120,2026-08-16,47.28,payment,success,Bank transfer
791,CUST-000121,2026-03-16,36.22,failed_payment,failed,Electronic check
792,CUST-000121,2026-03-19,36.22,payment,success,Electronic check
793,CUST-000121,2026-04-16,36.22,payment,success,Electronic check
794,CUST-000121,2026-05-16,36.22,payment,success,Electronic check
795,CUST-000121,2026-06-16,36.22,payment,success,Electronic check
796,CUST-000121,2026-07-16,36.22,payment,success,Electronic check
797,CUST-000121,2026-08-16,36.22,payment,success,Electronic check
798,CUST-000122,2026-03-16,53.24,failed_payment,failed,Mailed check
799,CUST-000122,2026-03-19,53.24,payment,success,Mailed check
800,CUST-000122,2026-04-16,53.24,payment,success,Mailed check
801,CUST-000122,2026-05-16,53.24,payment,success,Mailed check
802,CUST-000122,2026-06-16,53.24,payment,success,Mailed check
803,CUST-000122,2026-07-16,53.24,payment,success,Mailed check
804,CUST-000122,2026-08-16,53.24,payment,success,Mailed check
805,CUST-000123,2026-03-16,53.13,payment,success,Mailed check
806,CUST-000123,2026-04-16,53.13,payment,success,Mailed check
807,CUST-000123,2026-05-16,53.13,payment,success,Mailed check
808,CUST-000123,2026-06-16,53.13,payment,success,Mailed check
809,CUST-000123,2026-07-16,53.13,payment,success,Mailed check
810,CUST-000123,2026-08-16,53.13,payment,success,Mailed check
811,CUST-000124,2026-03-16,65.42,payment,success,Electronic check
812,CUST-000124,2026-04-16,65.42,payment,success,Electronic check
813,CUST-000124,2026-05-16,65.42,payment,success,Electronic check
814,CUST-000124,2026-06-16,65.42,payment,success,Electronic check
815,CUST-000124,2026-07-16,65.42,payment,success,Electronic check
816,CUST-000124,2026-08-16,65.42,payment,success,Electronic check
817,CUST-000125,2026-03-16,39.04,payment,success,Credit card
818,CUST-000125,2026-04-16,39.04,payment,success,Credit card
819,CUST-000125,2026-05-16,39.04,payment,success,Credit card
820,CUST-000125,2026-06-16,39.04,payment,success,Credit card
821,CUST-000125,2026-07-16,39.04,payment,success,Credit card
822,CUST-000125,2026-08-16,39.04,failed_payment,failed,Credit card
823,CUST-000125,2026-08-19,39.04,payment,success,Credit card
824,CUST-000126,2026-03-16,39.3,payment,success,Mailed check
825,CUST-000126,2026-04-16,39.3,payment,success,Mailed check
826,CUST-000126,2026-05-16,39.3,failed_payment,failed,Mailed check
827,CUST-000126,2026-05-19,39.3,payment,success,Mailed check
828,CUST-000126,2026-06-16,39.3,payment,success,Mailed check
829,CUST-000126,2026-07-16,39.3,payment,success,Mailed check
830,CUST-000126,2026-08-16,39.3,payment,success,Mailed check
831,CUST-000127,2026-03-16,74.17,payment,success,Electronic check
832,CUST-000127,2026-04-16,74.17,payment,success,Electronic check
833,CUST-000127,2026-05-16,74.17,payment,success,Electronic check
834,CUST-000127,2026-06-16,74.17,payment,success,Electronic check
835,CUST-000127,2026-07-16,74.17,payment,success,Electronic check
836,CUST-000127,2026-08-16,74.17,payment,success,Electronic check
837,CUST-000128,2026-03-16,32.89,payment,success,Mailed check
838,CUST-000128,2026-04-16,32.89,payment,success,Mailed check
839,CUST-000128,2026-05-16,32.89,payment,success,Mailed check
840,CUST-000128,2026-06-16,32.89,payment,success,Mailed check
841,CUST-000128,2026-07-16,32.89,payment,success,Mailed check
842,CUST-000128,2026-08-16,32.89,payment,success,Mailed check
843,CUST-000129,2026-03-16,88.89,payment,success,Credit card
844,CUST-000129,2026-04-16,88.89,payment,success,Credit card
845,CUST-000129,2026-05-16,88.89,failed_payment,failed,Credit card
846,CUST-000129,2026-05-19,88.89,payment,success,Credit card
847,CUST-000129,2026-06-16,88.89,failed_payment,failed,Credit card
848,CUST-000129,2026-06-19,88.89,payment,success,Credit card
849,CUST-000129,2026-07-16,88.89,failed_payment,failed,Credit card
850,CUST-000129,2026-07-19,88.89,payment,success,Credit card
851,CUST-000129,2026-08-16,88.89,payment,success,Credit card
852,CUST-000130,2026-03-16,114.39,payment,success,Bank transfer
853,CUST-000130,2026-04-16,114.39,payment,success,Bank transfer
854,CUST-000130,2026-05-16,114.39,payment,success,Bank transfer
855,CUST-000130,2026-06-16,114.39,payment,success,Bank transfer
856,CUST-000130,2026-07-16,114.39,payment,success,Bank transfer
857,CUST-000130,2026-08-16,114.39,payment,success,Bank transfer
858,CUST-000131,2026-03-16,62.68,payment,success,Bank transfer
859,CUST-000131,2026-04-16,62.68,payment,success,Bank transfer
860,CUST-000131,2026-05-16,62.68,payment,success,Bank transfer
861,CUST-000131,2026-06-16,62.68,payment,success,Bank transfer
862,CUST-000131,2026-07-16,62.68,payment,success,Bank transfer
863,CUST-000131,2026-08-16,62.68,payment,success,Bank transfer
864,CUST-000132,2026-03-16,110.11,payment,success,Credit card
865,CUST-000132,2026-04-16,110.11,payment,success,Credit card
866,CUST-000132,2026-05-16,110.11,payment,success,Credit card
867,CUST-000132,2026-06-16,110.11,payment,success,Credit card
868,CUST-000132,2026-07-16,110.11,payment,success,Credit card
869,CUST-000132,2026-08-16,110.11,payment,success,Credit card
870,CUST-000133,2026-03-16,29.83,payment,success,Electronic check
871,CUST-000133,2026-04-16,29.83,payment,success,Electronic check
872,CUST-000133,2026-05-16,29.83,payment,success,Electronic check
873,CUST-000133,2026-06-16,29.83,payment,success,Electronic check
874,CUST-000133,2026-07-16,29.83,payment,success,Electronic check
875,CUST-000133,2026-08-16,29.83,payment,success,Electronic check
876,CUST-000134,2026-03-16,24.3,payment,success,Bank transfer
877,CUST-000134,2026-04-16,24.3,failed_payment,failed,Bank transfer
878,CUST-000134,2026-05-16,24.3,payment,success,Bank transfer
879,CUST-000134,2026-06-16,24.3,payment,success,Bank transfer
880,CUST-000134,2026-07-16,24.3,payment,success,Bank transfer
881,CUST-000134,2026-08-16,24.3,payment,success,Bank transfer
882,CUST-000135,2026-03-16,92.14,payment,success,Mailed check
883,CUST-000135,2026-04-16,92.14,payment,success,Mailed check
884,CUST-000135,2026-05-16,92.14,payment,success,Mailed check
885,CUST-000135,2026-06-16,92.14,payment,success,Mailed check
886,CUST-000135,2026-07-16,92.14,payment,success,Mailed check
887,CUST-000135,2026-08-16,92.14,payment,success,Mailed check
888,CUST-000136,2026-03-16,96.1,payment,success,Bank transfer
889,CUST-000136,2026-04-16,96.1,payment,success,Bank transfer
890,CUST-000136,2026-05-16,96.1,payment,success,Bank transfer
891,CUST-000136,2026-06-16,96.1,payment,success,Bank transfer
892,CUST-000136,2026-07-16,96.1,payment,success,Bank transfer
893,CUST-000136,2026-08-16,96.1,payment,success,Bank transfer
894,CUST-000137,2026-03-16,104.31,payment,success,Credit card
895,CUST-000137,2026-04-16,104.31,payment,success,Credit card
896,CUST-000137,2026-05-16,104.31,payment,success,Credit card
897,CUST-000137,2026-06-16,104.31,payment,success,Credit card
898,CUST-000137,2026-07-16,104.31,payment,success,Credit card
899,CUST-000137,2026-08-16,104.31,payment,success,Credit card
900,CUST-000138,2026-03-16,25.68,payment,success,Electronic check
901,CUST-000138,2026-04-16,25.68,payment,success,Electronic check
902,CUST-000138,2026-05-16,25.68,payment,success,Electronic check
903,CUST-000138,2026-06-16,25.68,payment,success,Electronic check
904,CUST-000138,2026-07-16,25.68,payment,success,Electronic check
905,CUST-000138,2026-08-16,25.68,payment,success,Electronic check
906,CUST-000139,2026-03-16,97.69,payment,success,Electronic check
907,CUST-000139,2026-04-16,97.69,payment,success,Electronic check
908,CUST-000139,2026-05-16,97.69,payment,success,Electronic check
909,CUST-000139,2026-06-16,97.69,payment,success,Electronic check
910,CUST-000139,2026-07-16,97.69,payment,success,Electronic check
911,CUST-000139,2026-08-16,97.69,payment,success,Electronic check
912,CUST-000140,2026-03-16,57.65,payment,success,Credit card
913,CUST-000140,2026-04-16,57.65,payment,success,Credit card
914,CUST-000140,2026-05-16,57.65,payment,success,Credit card
915,CUST-000140,2026-06-16,57.65,payment,success,Credit card
916,CUST-000140,2026-07-16,57.65,payment,success,Credit card
917,CUST-000140,2026-08-16,57.65,payment,success,Credit card
918,CUST-000141,2026-03-16,50.33,failed_payment,failed,Mailed check
919,CUST-000141,2026-03-19,50.33,payment,success,Mailed check
920,CUST-000141,2026-04-16,50.33,failed_payment,failed,Mailed check
921,CUST-000141,2026-04-19,50.33,payment,success,Mailed check
922,CUST-000141,2026-05-16,50.33,payment,success,Mailed check
923,CUST-000141,2026-06-16,50.33,failed_payment,failed,Mailed check
924,CUST-000141,2026-07-16,50.33,payment,success,Mailed check
925,CUST-000141,2026-08-16,50.33,failed_payment,failed,Mailed check
926,CUST-000141,2026-08-19,50.33,payment,success,Mailed check
927,CUST-000142,2026-03-16,37.3,payment,success,Mailed check
928,CUST-000142,2026-04-16,37.3,payment,success,Mailed check
929,CUST-000142,2026-05-16,37.3,payment,success,Mailed check
930,CUST-000142,2026-06-16,37.3,payment,success,Mailed check
931,CUST-000142,2026-07-16,37.3,payment,success,Mailed check
932,CUST-000142,2026-08-16,37.3,payment,success,Mailed check
933,CUST-000143,2026-03-16,119.6,payment,success,Electronic check
934,CUST-000143,2026-04-16,119.6,payment,success,Electronic check
935,CUST-000143,2026-05-16,119.6,payment,success,Electronic check
936,CUST-000143,2026-06-16,119.6,failed_payment,failed,Electronic check
937,CUST-000143,2026-06-19,119.6,payment,success,Electronic check
938,CUST-000143,2026-07-16,119.6,payment,success,Electronic check
939,CUST-000143,2026-08-16,119.6,payment,success,Electronic check
940,CUST-000144,2026-03-16,26.37,payment,success,Mailed check
941,CUST-000144,2026-04-16,26.37,payment,success,Mailed check
942,CUST-000144,2026-05-16,26.37,payment,success,Mailed check
943,CUST-000144,2026-06-16,26.37,payment,success,Mailed check
944,CUST-000144,2026-07-16,26.37,payment,success,Mailed check
945,CUST-000144,2026-08-16,26.37,payment,success,Mailed check
946,CUST-000145,2026-03-16,102.7,payment,success,Electronic check
947,CUST-000145,2026-04-16,102.7,payment,success,Electronic check
948,CUST-000145,2026-05-16,102.7,payment,success,Electronic check
949,CUST-000145,2026-06-16,102.7,payment,success,Electronic check
950,CUST-000145,2026-07-16,102.7,payment,success,Electronic check
951,CUST-000145,2026-08-16,102.7,payment,success,Electronic check
952,CUST-000146,2026-03-16,83.95,failed_payment,failed,Electronic check
953,CUST-000146,2026-04-16,83.95,failed_payment,failed,Electronic check
954,CUST-000146,2026-04-19,83.95,payment,success,Electronic check
955,CUST-000146,2026-05-16,83.95,payment,success,Electronic check
956,CUST-000146,2026-06-16,83.95,payment,success,Electronic check
957,CUST-000146,2026-07-16,83.95,payment,success,Electronic check
958,CUST-000146,2026-08-16,83.95,failed_payment,failed,Electronic check
959,CUST-000146,2026-08-19,83.95,payment,success,Electronic check
960,CUST-000147,2026-03-16,93.51,payment,success,Electronic check
961,CUST-000147,2026-04-16,93.51,payment,success,Electronic check
962,CUST-000147,2026-05-16,93.51,payment,success,Electronic check
963,CUST-000147,2026-06-16,93.51,payment,success,Electronic check
964,CUST-000147,2026-07-16,93.51,payment,success,Electronic check
965,CUST-000147,2026-08-16,93.51,payment,success,Electronic check
966,CUST-000148,2026-03-16,91.17,payment,success,Electronic check
967,CUST-000148,2026-04-16,91.17,payment,success,Electronic check
968,CUST-000148,2026-05-16,91.17,payment,success,Electronic check
969,CUST-000148,2026-06-16,91.17,payment,success,Electronic check
970,CUST-000148,2026-07-16,91.17,payment,success,Electronic check
971,CUST-000148,2026-08-16,91.17,payment,success,Electronic check
972,CUST-000149,2026-03-16,105.84,payment,success,Credit card
973,CUST-000149,2026-04-16,105.84,payment,success,Credit card
974,CUST-000149,2026-05-16,105.84,payment,success,Credit card
975,CUST-000149,2026-06-16,105.84,payment,success,Credit card
976,CUST-000149,2026-07-16,105.84,payment,success,Credit card
977,CUST-000149,2026-08-16,105.84,payment,success,Credit card
978,CUST-000150,2026-03-16,38.38,payment,success,Credit card
979,CUST-000150,2026-04-16,38.38,payment,success,Credit card
980,CUST-000150,2026-05-16,38.38,payment,success,Credit card
981,CUST-000150,2026-06-16,38.38,payment,success,Credit card
982,CUST-000150,2026-07-16,38.38,payment,success,Credit card
983,CUST-000150,2026-08-16,38.38,failed_payment,failed,Credit card
984,CUST-000150,2026-08-19,38.38,payment,success,Credit card
985,CUST-000151,2026-03-16,20.08,payment,success,Credit card
986,CUST-000151,2026-04-16,20.08,payment,success,Credit card
987,CUST-000151,2026-05-16,20.08,payment,success,Credit card
988,CUST-000151,2026-06-16,20.08,payment,success,Credit card
989,CUST-000151,2026-07-16,20.08,payment,success,Credit card
990,CUST-000151,2026-08-16,20.08,payment,success,Credit card
991,CUST-000152,2026-03-16,79.85,payment,success,Electronic check
992,CUST-000152,2026-04-16,79.85,failed_payment,failed,Electronic check
993,CUST-000152,2026-05-16,79.85,payment,success,Electronic check
994,CUST-000152,2026-06-16,79.85,payment,success,Electronic check
995,CUST-000152,2026-07-16,79.85,payment,success,Electronic check
996,CUST-000152,2026-08-16,79.85,payment,success,Electronic check
997,CUST-000153,2026-03-16,55.39,payment,success,Mailed check
998,CUST-000153,2026-04-16,55.39,payment,success,Mailed check
999,CUST-000153,2026-05-16,55.39,payment,success,Mailed check
1000,CUST-000153,2026-06-16,55.39,payment,success,Mailed check
1001,CUST-000153,2026-07-16,55.39,payment,success,Mailed check
1002,CUST-000153,2026-08-16,55.39,payment,success,Mailed check
1003,CUST-000154,2026-03-16,32.38,payment,success,Mailed check
1004,CUST-000154,2026-04-16,32.38,payment,success,Mailed check
1005,CUST-000154,2026-05-16,32.38,payment,success,Mailed check
1006,CUST-000154,2026-06-16,32.38,payment,success,Mailed check
1007,CUST-000154,2026-07-16,32.38,payment,success,Mailed check
1008,CUST-000154,2026-08-16,32.38,payment,success,Mailed check
1009,CUST-000155,2026-03-16,38.61,payment,success,Bank transfer
1010,CUST-000155,2026-04-16,38.61,payment,success,Bank transfer
1011,CUST-000155,2026-05-16,38.61,payment,success,Bank transfer
1012,CUST-000155,2026-06-16,38.61,payment,success,Bank transfer
1013,CUST-000155,2026-07-16,38.61,failed_payment,failed,Bank transfer
1014,CUST-000155,2026-07-19,38.61,payment,success,Bank transfer
1015,CUST-000155,2026-08-16,38.61,payment,success,Bank transfer
1016,CUST-000156,2026-03-16,53.17,payment,success,Electronic check
1017,CUST-000156,2026-04-16,53.17,payment,success,Electronic check
1018,CUST-000156,2026-05-16,53.17,payment,success,Electronic check
1019,CUST-000156,2026-06-16,53.17,payment,success,Electronic check
1020,CUST-000156,2026-07-16,53.17,payment,success,Electronic check
1021,CUST-000156,2026-08-16,53.17,payment,success,Electronic check
1022,CUST-000157,2026-03-16,27.02,payment,success,Electronic check
1023,CUST-000157,2026-04-16,27.02,payment,success,Electronic check
1024,CUST-000157,2026-05-16,27.02,payment,success,Electronic check
1025,CUST-000157,2026-06-16,27.02,payment,success,Electronic check
1026,CUST-000157,2026-07-16,27.02,payment,success,Electronic check
1027,CUST-000157,2026-08-16,27.02,payment,success,Electronic check
1028,CUST-000158,2026-03-16,25.69,payment,success,Credit card
1029,CUST-000158,2026-04-16,25.69,payment,success,Credit card
1030,CUST-000158,2026-05-16,25.69,payment,success,Credit card
1031,CUST-000158,2026-06-16,25.69,payment,success,Credit card
1032,CUST-000158,2026-07-16,25.69,payment,success,Credit card
1033,CUST-000158,2026-08-16,25.69,payment,success,Credit card
1034,CUST-000159,2026-03-16,111.6,payment,success,Mailed check
1035,CUST-000159,2026-04-16,111.6,payment,success,Mailed check
1036,CUST-000159,2026-05-16,111.6,payment,success,Mailed check
1037,CUST-000159,2026-06-16,111.6,payment,success,Mailed check
1038,CUST-000159,2026-07-16,111.6,payment,success,Mailed check
1039,CUST-000159,2026-08-16,111.6,payment,success,Mailed check
1040,CUST-000160,2026-03-16,51.21,payment,success,Credit card
1041,CUST-000160,2026-04-16,51.21,payment,success,Credit card
1042,CUST-000160,2026-05-16,51.21,failed_payment,failed,Credit card
1043,CUST-000160,2026-06-16,51.21,payment,success,Credit card
1044,CUST-000160,2026-07-16,51.21,payment,success,Credit card
1045,CUST-000160,2026-08-16,51.21,payment,success,Credit card
1046,CUST-000161,2026-03-16,118.22,payment,success,Electronic check
1047,CUST-000161,2026-04-16,118.22,payment,success,Electronic check
1048,CUST-000161,2026-05-16,118.22,payment,success,Electronic check
1049,CUST-000161,2026-06-16,118.22,payment,success,Electronic check
1050,CUST-000161,2026-07-16,118.22,payment,success,Electronic check
1051,CUST-000161,2026-08-16,118.22,payment,success,Electronic check
1052,CUST-000162,2026-03-16,116.44,payment,success,Credit card
1053,CUST-000162,2026-04-16,116.44,payment,success,Credit card
1054,CUST-000162,2026-05-16,116.44,payment,success,Credit card
1055,CUST-000162,2026-06-16,116.44,payment,success,Credit card
1056,CUST-000162,2026-07-16,116.44,payment,success,Credit card
1057,CUST-000162,2026-08-16,116.44,payment,success,Credit card
1058,CUST-000163,2026-03-16,34.26,payment,success,Bank transfer
1059,CUST-000163,2026-04-16,34.26,payment,success,Bank transfer
1060,CUST-000163,2026-05-16,34.26,payment,success,Bank transfer
1061,CUST-000163,2026-06-16,34.26,payment,success,Bank transfer
1062,CUST-000163,2026-07-16,34.26,payment,success,Bank transfer
1063,CUST-000163,2026-08-16,34.26,payment,success,Bank transfer
1064,CUST-000164,2026-03-16,91.49,failed_payment,failed,Credit card
1065,CUST-000164,2026-03-19,91.49,payment,success,Credit card
1066,CUST-000164,2026-04-16,91.49,payment,success,Credit card
1067,CUST-000164,2026-05-16,91.49,payment,success,Credit card
1068,CUST-000164,2026-06-16,91.49,failed_payment,failed,Credit card
1069,CUST-000164,2026-06-19,91.49,payment,success,Credit card
1070,CUST-000164,2026-07-16,91.49,failed_payment,failed,Credit card
1071,CUST-000164,2026-07-19,91.49,payment,success,Credit card
1072,CUST-000164,2026-08-16,91.49,failed_payment,failed,Credit card
1073,CUST-000164,2026-08-19,91.49,payment,success,Credit card
1074,CUST-000165,2026-03-16,80.08,payment,success,Bank transfer
1075,CUST-000165,2026-04-16,80.08,payment,success,Bank transfer
1076,CUST-000165,2026-05-16,80.08,payment,success,Bank transfer
1077,CUST-000165,2026-06-16,80.08,payment,success,Bank transfer
1078,CUST-000165,2026-07-16,80.08,payment,success,Bank transfer
1079,CUST-000165,2026-08-16,80.08,failed_payment,failed,Bank transfer
1080,CUST-000165,2026-08-19,80.08,payment,success,Bank transfer
1081,CUST-000166,2026-03-16,89.06,payment,success,Credit card
1082,CUST-000166,2026-04-16,89.06,payment,success,Credit card
1083,CUST-000166,2026-05-16,89.06,payment,success,Credit card
1084,CUST-000166,2026-06-16,89.06,payment,success,Credit card
1085,CUST-000166,2026-07-16,89.06,payment,success,Credit card
1086,CUST-000166,2026-08-16,89.06,payment,success,Credit card
1087,CUST-000167,2026-03-16,29.62,payment,success,Mailed check
1088,CUST-000167,2026-04-16,29.62,payment,success,Mailed check
1089,CUST-000167,2026-05-16,29.62,payment,success,Mailed check
1090,CUST-000167,2026-06-16,29.62,payment,success,Mailed check
1091,CUST-000167,2026-07-16,29.62,payment,success,Mailed check
1092,CUST-000167,2026-08-16,29.62,payment,success,Mailed check
1093,CUST-000168,2026-03-16,38.86,payment,success,Mailed check
1094,CUST-000168,2026-04-16,38.86,payment,success,Mailed check
1095,CUST-000168,2026-05-16,38.86,payment,success,Mailed check
1096,CUST-000168,2026-06-16,38.86,payment,success,Mailed check
1097,CUST-000168,2026-07-16,38.86,payment,success,Mailed check
1098,CUST-000168,2026-08-16,38.86,payment,success,Mailed check
1099,CUST-000169,2026-03-16,27.66,payment,success,Electronic check
1100,CUST-000169,2026-04-16,27.66,payment,success,Electronic check
1101,CUST-000169,2026-05-16,27.66,payment,success,Electronic check
1102,CUST-000169,2026-06-16,27.66,payment,success,Electronic check
1103,CUST-000169,2026-07-16,27.66,payment,success,Electronic check
1104,CUST-000169,2026-08-16,27.66,payment,success,Electronic check
1105,CUST-000170,2026-03-16,80.41,payment,success,Electronic check
1106,CUST-000170,2026-04-16,80.41,payment,success,Electronic check
1107,CUST-000170,2026-05-16,80.41,payment,success,Electronic check
1108,CUST-000170,2026-06-16,80.41,payment,success,Electronic check
1109,CUST-000170,2026-07-16,80.41,payment,success,Electronic check
1110,CUST-000170,2026-08-16,80.41,payment,success,Electronic check
1111,CUST-000171,2026-03-16,118.66,payment,success,Credit card
1112,CUST-000171,2026-04-16,118.66,failed_payment,failed,Credit card
1113,CUST-000171,2026-04-19,118.66,payment,success,Credit card
1114,CUST-000171,2026-05-16,118.66,payment,success,Credit card
1115,CUST-000171,2026-06-16,118.66,payment,success,Credit card
1116,CUST-000171,2026-07-16,118.66,payment,success,Credit card
1117,CUST-000171,2026-08-16,118.66,payment,success,Credit card
1118,CUST-000172,2026-03-16,87.2,payment,success,Mailed check
1119,CUST-000172,2026-04-16,87.2,payment,success,Mailed check
1120,CUST-000172,2026-05-16,87.2,payment,success,Mailed check
1121,CUST-000172,2026-06-16,87.2,payment,success,Mailed check
1122,CUST-000172,2026-07-16,87.2,failed_payment,failed,Mailed check
1123,CUST-000172,2026-07-19,87.2,payment,success,Mailed check
1124,CUST-000172,2026-08-16,87.2,payment,success,Mailed check
1125,CUST-000173,2026-03-16,91.08,failed_payment,failed,Electronic check
1126,CUST-000173,2026-03-19,91.08,payment,success,Electronic check
1127,CUST-000173,2026-04-16,91.08,failed_payment,failed,Electronic check
1128,CUST-000173,2026-04-19,91.08,payment,success,Electronic check
1129,CUST-000173,2026-05-16,91.08,payment,success,Electronic check
1130,CUST-000173,2026-06-16,91.08,failed_payment,failed,Electronic check
1131,CUST-000173,2026-07-16,91.08,payment,success,Electronic check
1132,CUST-000173,2026-08-16,91.08,failed_payment,failed,Electronic check
1133,CUST-000173,2026-08-19,91.08,payment,success,Electronic check
1134,CUST-000174,2026-03-16,118.46,payment,success,Mailed check
1135,CUST-000174,2026-04-16,118.46,payment,success,Mailed check
1136,CUST-000174,2026-05-16,118.46,payment,success,Mailed check
1137,CUST-000174,2026-06-16,118.46,payment,success,Mailed check
1138,CUST-000174,2026-07-16,118.46,payment,success,Mailed check
1139,CUST-000174,2026-08-16,118.46,payment,success,Mailed check
1140,CUST-000175,2026-03-16,87.8,payment,success,Mailed check
1141,CUST-000175,2026-04-16,87.8,payment,success,Mailed check
1142,CUST-000175,2026-05-16,87.8,payment,success,Mailed check
1143,CUST-000175,2026-06-16,87.8,payment,success,Mailed check
1144,CUST-000175,2026-07-16,87.8,payment,success,Mailed check
1145,CUST-000175,2026-08-16,87.8,payment,success,Mailed check
1146,CUST-000176,2026-03-16,24.02,payment,success,Bank transfer
1147,CUST-000176,2026-04-16,24.02,payment,success,Bank transfer
1148,CUST-000176,2026-05-16,24.02,payment,success,Bank transfer
1149,CUST-000176,2026-06-16,24.02,payment,success,Bank transfer
1150,CUST-000176,2026-07-16,24.02,payment,success,Bank transfer
1151,CUST-000176,2026-08-16,24.02,payment,success,Bank transfer
1152,CUST-000177,2026-03-16,106.7,failed_payment,failed,Electronic check
1153,CUST-000177,2026-03-19,106.7,payment,success,Electronic check
1154,CUST-000177,2026-04-16,106.7,payment,success,Electronic check
1155,CUST-000177,2026-05-16,106.7,payment,success,Electronic check
1156,CUST-000177,2026-06-16,106.7,payment,success,Electronic check
1157,CUST-000177,2026-07-16,106.7,payment,success,Electronic check
1158,CUST-000177,2026-08-16,106.7,payment,success,Electronic check
1159,CUST-000178,2026-03-16,56.47,payment,success,Electronic check
1160,CUST-000178,2026-04-16,56.47,payment,success,Electronic check
1161,CUST-000178,2026-05-16,56.47,payment,success,Electronic check
1162,CUST-000178,2026-06-16,56.47,payment,success,Electronic check
1163,CUST-000178,2026-07-16,56.47,payment,success,Electronic check
1164,CUST-000178,2026-08-16,56.47,payment,success,Electronic check
1165,CUST-000179,2026-03-16,20.44,payment,success,Bank transfer
1166,CUST-000179,2026-04-16,20.44,payment,success,Bank transfer
1167,CUST-000179,2026-05-16,20.44,payment,success,Bank transfer
1168,CUST-000179,2026-06-16,20.44,payment,success,Bank transfer
1169,CUST-000179,2026-07-16,20.44,payment,success,Bank transfer
1170,CUST-000179,2026-08-16,20.44,payment,success,Bank transfer
1171,CUST-000180,2026-03-16,70.72,failed_payment,failed,Electronic check
1172,CUST-000180,2026-03-19,70.72,payment,success,Electronic check
1173,CUST-000180,2026-04-16,70.72,payment,success,Electronic check
1174,CUST-000180,2026-05-16,70.72,payment,success,Electronic check
1175,CUST-000180,2026-06-16,70.72,payment,success,Electronic check
1176,CUST-000180,2026-07-16,70.72,payment,success,Electronic check
1177,CUST-000180,2026-08-16,70.72,payment,success,Electronic check
1178,CUST-000181,2026-03-16,113.7,payment,success,Mailed check
1179,CUST-000181,2026-04-16,113.7,payment,success,Mailed check
1180,CUST-000181,2026-05-16,113.7,payment,success,Mailed check
1181,CUST-000181,2026-06-16,113.7,payment,success,Mailed check
1182,CUST-000181,2026-07-16,113.7,failed_payment,failed,Mailed check
1183,CUST-000181,2026-07-19,113.7,payment,success,Mailed check
1184,CUST-000181,2026-08-16,113.7,payment,success,Mailed check
1185,CUST-000182,2026-03-16,45.73,payment,success,Bank transfer
1186,CUST-000182,2026-04-16,45.73,payment,success,Bank transfer
1187,CUST-000182,2026-05-16,45.73,payment,success,Bank transfer
1188,CUST-000182,2026-06-16,45.73,payment,success,Bank transfer
1189,CUST-000182,2026-07-16,45.73,payment,success,Bank transfer
1190,CUST-000182,2026-08-16,45.73,payment,success,Bank transfer
1191,CUST-000183,2026-03-16,69.15,failed_payment,failed,Bank transfer
1192,CUST-000183,2026-03-19,69.15,payment,success,Bank transfer
1193,CUST-000183,2026-04-16,69.15,failed_payment,failed,Bank transfer
1194,CUST-000183,2026-04-19,69.15,payment,success,Bank transfer
1195,CUST-000183,2026-05-16,69.15,payment,success,Bank transfer
1196,CUST-000183,2026-06-16,69.15,failed_payment,failed,Bank transfer
1197,CUST-000183,2026-06-19,69.15,payment,success,Bank transfer
1198,CUST-000183,2026-07-16,69.15,payment,success,Bank transfer
1199,CUST-000183,2026-08-16,69.15,payment,success,Bank transfer
1200,CUST-000184,2026-03-16,37.38,payment,success,Electronic check
1201,CUST-000184,2026-04-16,37.38,payment,success,Electronic check
1202,CUST-000184,2026-05-16,37.38,payment,success,Electronic check
1203,CUST-000184,2026-06-16,37.38,payment,success,Electronic check
1204,CUST-000184,2026-07-16,37.38,payment,success,Electronic check
1205,CUST-000184,2026-08-16,37.38,failed_payment,failed,Electronic check
1206,CUST-000184,2026-08-19,37.38,payment,success,Electronic check
1207,CUST-000185,2026-03-16,25.77,failed_payment,failed,Bank transfer
1208,CUST-000185,2026-04-16,25.77,payment,success,Bank transfer
1209,CUST-000185,2026-05-16,25.77,payment,success,Bank transfer
1210,CUST-000185,2026-06-16,25.77,payment,success,Bank transfer
1211,CUST-000185,2026-07-16,25.77,payment,success,Bank transfer
1212,CUST-000185,2026-08-16,25.77,payment,success,Bank transfer
1213,CUST-000186,2026-03-16,28.05,payment,success,Electronic check
1214,CUST-000186,2026-04-16,28.05,payment,success,Electronic check
1215,CUST-000186,2026-05-16,28.05,payment,success,Electronic check
1216,CUST-000186,2026-06-16,28.05,failed_payment,failed,Electronic check
1217,CUST-000186,2026-06-19,28.05,payment,success,Electronic check
1218,CUST-000186,2026-07-16,28.05,payment,success,Electronic check
1219,CUST-000186,2026-08-16,28.05,payment,success,Electronic check
1220,CUST-000187,2026-03-16,92.7,payment,success,Electronic check
1221,CUST-000187,2026-04-16,92.7,payment,success,Electronic check
1222,CUST-000187,2026-05-16,92.7,payment,success,Electronic check
1223,CUST-000187,2026-06-16,92.7,failed_payment,failed,Electronic check
1224,CUST-000187,2026-07-16,92.7,payment,success,Electronic check
1225,CUST-000187,2026-08-16,92.7,payment,success,Electronic check
1226,CUST-000188,2026-03-16,106.41,payment,success,Electronic check
1227,CUST-000188,2026-04-16,106.41,payment,success,Electronic check
1228,CUST-000188,2026-05-16,106.41,payment,success,Electronic check
1229,CUST-000188,2026-06-16,106.41,payment,success,Electronic check
1230,CUST-000188,2026-07-16,106.41,payment,success,Electronic check
1231,CUST-000188,2026-08-16,106.41,payment,success,Electronic check
1232,CUST-000189,2026-03-16,34.33,payment,success,Bank transfer
1233,CUST-000189,2026-04-16,34.33,payment,success,Bank transfer
1234,CUST-000189,2026-05-16,34.33,payment,success,Bank transfer
1235,CUST-000189,2026-06-16,34.33,payment,success,Bank transfer
1236,CUST-000189,2026-07-16,34.33,payment,success,Bank transfer
1237,CUST-000189,2026-08-16,34.33,payment,success,Bank transfer
1238,CUST-000190,2026-03-16,48.83,payment,success,Bank transfer
1239,CUST-000190,2026-04-16,48.83,payment,success,Bank transfer
1240,CUST-000190,2026-05-16,48.83,payment,success,Bank transfer
1241,CUST-000190,2026-06-16,48.83,payment,success,Bank transfer
1242,CUST-000190,2026-07-16,48.83,payment,success,Bank transfer
1243,CUST-000190,2026-08-16,48.83,payment,success,Bank transfer
1244,CUST-000191,2026-03-16,39.5,payment,success,Bank transfer
1245,CUST-000191,2026-04-16,39.5,payment,success,Bank transfer
1246,CUST-000191,2026-05-16,39.5,payment,success,Bank transfer
1247,CUST-000191,2026-06-16,39.5,payment,success,Bank transfer
1248,CUST-000191,2026-07-16,39.5,payment,success,Bank transfer
1249,CUST-000191,2026-08-16,39.5,payment,success,Bank transfer
1250,CUST-000192,2026-03-16,22.69,payment,success,Electronic check
1251,CUST-000192,2026-04-16,22.69,payment,success,Electronic check
1252,CUST-000192,2026-05-16,22.69,payment,success,Electronic check
1253,CUST-000192,2026-06-16,22.69,payment,success,Electronic check
1254,CUST-000192,2026-07-16,22.69,payment,success,Electronic check
1255,CUST-000192,2026-08-16,22.69,payment,success,Electronic check
1256,CUST-000193,2026-03-16,75.34,payment,success,Mailed check
1257,CUST-000193,2026-04-16,75.34,payment,success,Mailed check
1258,CUST-000193,2026-05-16,75.34,payment,success,Mailed check
1259,CUST-000193,2026-06-16,75.34,payment,success,Mailed check
1260,CUST-000193,2026-07-16,75.34,payment,success,Mailed check
1261,CUST-000193,2026-08-16,75.34,payment,success,Mailed check
1262,CUST-000194,2026-03-16,89.99,failed_payment,failed,Electronic check
1263,CUST-000194,2026-04-16,89.99,failed_payment,failed,Electronic check
1264,CUST-000194,2026-04-19,89.99,payment,success,Electronic check
1265,CUST-000194,2026-05-16,89.99,payment,success,Electronic check
1266,CUST-000194,2026-06-16,89.99,payment,success,Electronic check
1267,CUST-000194,2026-07-16,89.99,payment,success,Electronic check
1268,CUST-000194,2026-08-16,89.99,failed_payment,failed,Electronic check
1269,CUST-000194,2026-08-19,89.99,payment,success,Electronic check
1270,CUST-000195,2026-03-16,84.79,payment,success,Mailed check
1271,CUST-000195,2026-04-16,84.79,payment,success,Mailed check
1272,CUST-000195,2026-05-16,84.79,payment,success,Mailed check
1273,CUST-000195,2026-06-16,84.79,payment,success,Mailed check
1274,CUST-000195,2026-07-16,84.79,payment,success,Mailed check
1275,CUST-000195,2026-08-16,84.79,payment,success,Mailed check
1276,CUST-000196,2026-03-16,58.81,failed_payment,failed,Electronic check
1277,CUST-000196,2026-04-16,58.81,payment,success,Electronic check
1278,CUST-000196,2026-05-16,58.81,payment,success,Electronic check
1279,CUST-000196,2026-06-16,58.81,failed_payment,failed,Electronic check
1280,CUST-000196,2026-07-16,58.81,payment,success,Electronic check
1281,CUST-000196,2026-08-16,58.81,payment,success,Electronic check
1282,CUST-000197,2026-03-16,75.5,payment,success,Bank transfer
1283,CUST-000197,2026-04-16,75.5,payment,success,Bank transfer
1284,CUST-000197,2026-05-16,75.5,payment,success,Bank transfer
1285,CUST-000197,2026-06-16,75.5,payment,success,Bank transfer
1286,CUST-000197,2026-07-16,75.5,payment,success,Bank transfer
1287,CUST-000197,2026-08-16,75.5,payment,success,Bank transfer
1288,CUST-000198,2026-03-16,29.41,payment,success,Credit card
1289,CUST-000198,2026-04-16,29.41,payment,success,Credit card
1290,CUST-000198,2026-05-16,29.41,payment,success,Credit card
1291,CUST-000198,2026-06-16,29.41,payment,success,Credit card
1292,CUST-000198,2026-07-16,29.41,payment,success,Credit card
1293,CUST-000198,2026-08-16,29.41,payment,success,Credit card
1294,CUST-000199,2026-03-16,35.43,failed_payment,failed,Credit card
1295,CUST-000199,2026-03-19,35.43,payment,success,Credit card
1296,CUST-000199,2026-04-16,35.43,payment,success,Credit card
1297,CUST-000199,2026-05-16,35.43,payment,success,Credit card
1298,CUST-000199,2026-06-16,35.43,payment,success,Credit card
1299,CUST-000199,2026-07-16,35.43,failed_payment,failed,Credit card
1300,CUST-000199,2026-07-19,35.43,payment,success,Credit card
1301,CUST-000199,2026-08-16,35.43,payment,success,Credit card
1302,CUST-000200,2026-03-16,113.18,payment,success,Electronic check
1303,CUST-000200,2026-04-16,113.18,payment,success,Electronic check
1304,CUST-000200,2026-05-16,113.18,payment,success,Electronic check
1305,CUST-000200,2026-06-16,113.18,payment,success,Electronic check
1306,CUST-000200,2026-07-16,113.18,payment,success,Electronic check
1307,CUST-000200,2026-08-16,113.18,payment,success,Electronic check
1308,CUST-000201,2026-03-16,96.15,payment,success,Electronic check
1309,CUST-000201,2026-04-16,96.15,payment,success,Electronic check
1310,CUST-000201,2026-05-16,96.15,payment,success,Electronic check
1311,CUST-000201,2026-06-16,96.15,payment,success,Electronic check
1312,CUST-000201,2026-07-16,96.15,payment,success,Electronic check
1313,CUST-000201,2026-08-16,96.15,payment,success,Electronic check
1314,CUST-000202,2026-03-16,112.27,payment,success,Electronic check
1315,CUST-000202,2026-04-16,112.27,payment,success,Electronic check
1316,CUST-000202,2026-05-16,112.27,payment,success,Electronic check
1317,CUST-000202,2026-06-16,112.27,failed_payment,failed,Electronic check
1318,CUST-000202,2026-07-16,112.27,payment,success,Electronic check
1319,CUST-000202,2026-08-16,112.27,payment,success,Electronic check
1320,CUST-000203,2026-03-16,111.67,payment,success,Credit card
1321,CUST-000203,2026-04-16,111.67,payment,success,Credit card
1322,CUST-000203,2026-05-16,111.67,payment,success,Credit card
1323,CUST-000203,2026-06-16,111.67,payment,success,Credit card
1324,CUST-000203,2026-07-16,111.67,payment,success,Credit card
1325,CUST-000203,2026-08-16,111.67,payment,success,Credit card
1326,CUST-000204,2026-03-16,84.94,payment,success,Credit card
1327,CUST-000204,2026-04-16,84.94,failed_payment,failed,Credit card
1328,CUST-000204,2026-05-16,84.94,payment,success,Credit card
1329,CUST-000204,2026-06-16,84.94,payment,success,Credit card
1330,CUST-000204,2026-07-16,84.94,payment,success,Credit card
1331,CUST-000204,2026-08-16,84.94,payment,success,Credit card
1332,CUST-000205,2026-03-16,112.82,payment,success,Electronic check
1333,CUST-000205,2026-04-16,112.82,payment,success,Electronic check
1334,CUST-000205,2026-05-16,112.82,payment,success,Electronic check
1335,CUST-000205,2026-06-16,112.82,failed_payment,failed,Electronic check
1336,CUST-000205,2026-06-19,112.82,payment,success,Electronic check
1337,CUST-000205,2026-07-16,112.82,payment,success,Electronic check
1338,CUST-000205,2026-08-16,112.82,payment,success,Electronic check
1339,CUST-000206,2026-03-16,61.67,payment,success,Credit card
1340,CUST-000206,2026-04-16,61.67,payment,success,Credit card
1341,CUST-000206,2026-05-16,61.67,payment,success,Credit card
1342,CUST-000206,2026-06-16,61.67,payment,success,Credit card
1343,CUST-000206,2026-07-16,61.67,payment,success,Credit card
1344,CUST-000206,2026-08-16,61.67,failed_payment,failed,Credit card
1345,CUST-000206,2026-08-19,61.67,payment,success,Credit card
1346,CUST-000207,2026-03-16,20.36,payment,success,Bank transfer
1347,CUST-000207,2026-04-16,20.36,failed_payment,failed,Bank transfer
1348,CUST-000207,2026-05-16,20.36,payment,success,Bank transfer
1349,CUST-000207,2026-06-16,20.36,payment,success,Bank transfer
1350,CUST-000207,2026-07-16,20.36,payment,success,Bank transfer
1351,CUST-000207,2026-08-16,20.36,payment,success,Bank transfer
1352,CUST-000208,2026-03-16,26.26,payment,success,Electronic check
1353,CUST-000208,2026-04-16,26.26,payment,success,Electronic check
1354,CUST-000208,2026-05-16,26.26,payment,success,Electronic check
1355,CUST-000208,2026-06-16,26.26,payment,success,Electronic check
1356,CUST-000208,2026-07-16,26.26,payment,success,Electronic check
1357,CUST-000208,2026-08-16,26.26,payment,success,Electronic check
1358,CUST-000209,2026-03-16,30.95,payment,success,Mailed check
1359,CUST-000209,2026-04-16,30.95,payment,success,Mailed check
1360,CUST-000209,2026-05-16,30.95,payment,success,Mailed check
1361,CUST-000209,2026-06-16,30.95,payment,success,Mailed check
1362,CUST-000209,2026-07-16,30.95,payment,success,Mailed check
1363,CUST-000209,2026-08-16,30.95,payment,success,Mailed check
1364,CUST-000210,2026-03-16,29.54,payment,success,Mailed check
1365,CUST-000210,2026-04-16,29.54,payment,success,Mailed check
1366,CUST-000210,2026-05-16,29.54,payment,success,Mailed check
1367,CUST-000210,2026-06-16,29.54,payment,success,Mailed check
1368,CUST-000210,2026-07-16,29.54,payment,success,Mailed check
1369,CUST-000210,2026-08-16,29.54,payment,success,Mailed check
1370,CUST-000211,2026-03-16,55.17,payment,success,Credit card
1371,CUST-000211,2026-04-16,55.17,payment,success,Credit card
1372,CUST-000211,2026-05-16,55.17,payment,success,Credit card
1373,CUST-000211,2026-06-16,55.17,payment,success,Credit card
1374,CUST-000211,2026-07-16,55.17,payment,success,Credit card
1375,CUST-000211,2026-08-16,55.17,payment,success,Credit card
1376,CUST-000212,2026-03-16,90.13,payment,success,Electronic check
1377,CUST-000212,2026-04-16,90.13,payment,success,Electronic check
1378,CUST-000212,2026-05-16,90.13,payment,success,Electronic check
1379,CUST-000212,2026-06-16,90.13,payment,success,Electronic check
1380,CUST-000212,2026-07-16,90.13,payment,success,Electronic check
1381,CUST-000212,2026-08-16,90.13,payment,success,Electronic check
1382,CUST-000213,2026-03-16,99.06,failed_payment,failed,Electronic check
1383,CUST-000213,2026-03-19,99.06,payment,success,Electronic check
1384,CUST-000213,2026-04-16,99.06,payment,success,Electronic check
1385,CUST-000213,2026-05-16,99.06,payment,success,Electronic check
1386,CUST-000213,2026-06-16,99.06,payment,success,Electronic check
1387,CUST-000213,2026-07-16,99.06,payment,success,Electronic check
1388,CUST-000213,2026-08-16,99.06,failed_payment,failed,Electronic check
1389,CUST-000213,2026-08-19,99.06,payment,success,Electronic check
1390,CUST-000214,2026-03-16,79.02,payment,success,Bank transfer
1391,CUST-000214,2026-04-16,79.02,payment,success,Bank transfer
1392,CUST-000214,2026-05-16,79.02,payment,success,Bank transfer
1393,CUST-000214,2026-06-16,79.02,payment,success,Bank transfer
1394,CUST-000214,2026-07-16,79.02,payment,success,Bank transfer
1395,CUST-000214,2026-08-16,79.02,payment,success,Bank transfer
1396,CUST-000215,2026-03-16,34.64,failed_payment,failed,Mailed check
1397,CUST-000215,2026-03-19,34.64,payment,success,Mailed check
1398,CUST-000215,2026-04-16,34.64,payment,success,Mailed check
1399,CUST-000215,2026-05-16,34.64,payment,success,Mailed check
1400,CUST-000215,2026-06-16,34.64,payment,success,Mailed check
1401,CUST-000215,2026-07-16,34.64,payment,success,Mailed check
1402,CUST-000215,2026-08-16,34.64,payment,success,Mailed check
1403,CUST-000216,2026-03-16,94.79,payment,success,Mailed check
1404,CUST-000216,2026-04-16,94.79,payment,success,Mailed check
1405,CUST-000216,2026-05-16,94.79,payment,success,Mailed check
1406,CUST-000216,2026-06-16,94.79,payment,success,Mailed check
1407,CUST-000216,2026-07-16,94.79,payment,success,Mailed check
1408,CUST-000216,2026-08-16,94.79,payment,success,Mailed check
1409,CUST-000217,2026-03-16,55.48,payment,success,Credit card
1410,CUST-000217,2026-04-16,55.48,payment,success,Credit card
1411,CUST-000217,2026-05-16,55.48,payment,success,Credit card
1412,CUST-000217,2026-06-16,55.48,payment,success,Credit card
1413,CUST-000217,2026-07-16,55.48,payment,success,Credit card
1414,CUST-000217,2026-08-16,55.48,payment,success,Credit card
1415,CUST-000218,2026-03-16,21.3,payment,success,Credit card
1416,CUST-000218,2026-04-16,21.3,payment,success,Credit card
1417,CUST-000218,2026-05-16,21.3,failed_payment,failed,Credit card
1418,CUST-000218,2026-05-19,21.3,payment,success,Credit card
1419,CUST-000218,2026-06-16,21.3,failed_payment,failed,Credit card
1420,CUST-000218,2026-07-16,21.3,payment,success,Credit card
1421,CUST-000218,2026-08-16,21.3,payment,success,Credit card
1422,CUST-000219,2026-03-16,48.06,payment,success,Bank transfer
1423,CUST-000219,2026-04-16,48.06,payment,success,Bank transfer
1424,CUST-000219,2026-05-16,48.06,payment,success,Bank transfer
1425,CUST-000219,2026-06-16,48.06,payment,success,Bank transfer
1426,CUST-000219,2026-07-16,48.06,payment,success,Bank transfer
1427,CUST-000219,2026-08-16,48.06,payment,success,Bank transfer
1428,CUST-000220,2026-03-16,53.06,payment,success,Credit card
1429,CUST-000220,2026-04-16,53.06,payment,success,Credit card
1430,CUST-000220,2026-05-16,53.06,payment,success,Credit card
1431,CUST-000220,2026-06-16,53.06,payment,success,Credit card
1432,CUST-000220,2026-07-16,53.06,payment,success,Credit card
1433,CUST-000220,2026-08-16,53.06,payment,success,Credit card
1434,CUST-000221,2026-03-16,47.42,payment,success,Credit card
1435,CUST-000221,2026-04-16,47.42,payment,success,Credit card
1436,CUST-000221,2026-05-16,47.42,payment,success,Credit card
1437,CUST-000221,2026-06-16,47.42,failed_payment,failed,Credit card
1438,CUST-000221,2026-06-19,47.42,payment,success,Credit card
1439,CUST-000221,2026-07-16,47.42,payment,success,Credit card
1440,CUST-000221,2026-08-16,47.42,payment,success,Credit card
1441,CUST-000222,2026-03-16,101.19,payment,success,Bank transfer
1442,CUST-000222,2026-04-16,101.19,payment,success,Bank transfer
1443,CUST-000222,2026-05-16,101.19,payment,success,Bank transfer
1444,CUST-000222,2026-06-16,101.19,payment,success,Bank transfer
1445,CUST-000222,2026-07-16,101.19,payment,success,Bank transfer
1446,CUST-000222,2026-08-16,101.19,payment,success,Bank transfer
1447,CUST-000223,2026-03-16,95.99,payment,success,Credit card
1448,CUST-000223,2026-04-16,95.99,payment,success,Credit card
1449,CUST-000223,2026-05-16,95.99,payment,success,Credit card
1450,CUST-000223,2026-06-16,95.99,payment,success,Credit card
1451,CUST-000223,2026-07-16,95.99,payment,success,Credit card
1452,CUST-000223,2026-08-16,95.99,payment,success,Credit card
1453,CUST-000224,2026-03-16,89.56,payment,success,Electronic check
1454,CUST-000224,2026-04-16,89.56,failed_payment,failed,Electronic check
1455,CUST-000224,2026-04-19,89.56,payment,success,Electronic check
1456,CUST-000224,2026-05-16,89.56,payment,success,Electronic check
1457,CUST-000224,2026-06-16,89.56,payment,success,Electronic check
1458,CUST-000224,2026-07-16,89.56,payment,success,Electronic check
1459,CUST-000224,2026-08-16,89.56,payment,success,Electronic check
1460,CUST-000225,2026-03-16,33.9,payment,success,Electronic check
1461,CUST-000225,2026-04-16,33.9,payment,success,Electronic check
1462,CUST-000225,2026-05-16,33.9,payment,success,Electronic check
1463,CUST-000225,2026-06-16,33.9,payment,success,Electronic check
1464,CUST-000225,2026-07-16,33.9,payment,success,Electronic check
1465,CUST-000225,2026-08-16,33.9,payment,success,Electronic check
1466,CUST-000226,2026-03-16,100.78,payment,success,Credit card
1467,CUST-000226,2026-04-16,100.78,payment,success,Credit card
1468,CUST-000226,2026-05-16,100.78,payment,success,Credit card
1469,CUST-000226,2026-06-16,100.78,failed_payment,failed,Credit card
1470,CUST-000226,2026-06-19,100.78,payment,success,Credit card
1471,CUST-000226,2026-07-16,100.78,payment,success,Credit card
1472,CUST-000226,2026-08-16,100.78,payment,success,Credit card
1473,CUST-000227,2026-03-16,87.72,payment,success,Electronic check
1474,CUST-000227,2026-04-16,87.72,payment,success,Electronic check
1475,CUST-000227,2026-05-16,87.72,payment,success,Electronic check
1476,CUST-000227,2026-06-16,87.72,payment,success,Electronic check
1477,CUST-000227,2026-07-16,87.72,payment,success,Electronic check
1478,CUST-000227,2026-08-16,87.72,payment,success,Electronic check
1479,CUST-000228,2026-03-16,39.48,payment,success,Bank transfer
1480,CUST-000228,2026-04-16,39.48,payment,success,Bank transfer
1481,CUST-000228,2026-05-16,39.48,payment,success,Bank transfer
1482,CUST-000228,2026-06-16,39.48,payment,success,Bank transfer
1483,CUST-000228,2026-07-16,39.48,payment,success,Bank transfer
1484,CUST-000228,2026-08-16,39.48,failed_payment,failed,Bank transfer
1485,CUST-000228,2026-08-19,39.48,payment,success,Bank transfer
1486,CUST-000229,2026-03-16,84.81,payment,success,Mailed check
1487,CUST-000229,2026-04-16,84.81,payment,success,Mailed check
1488,CUST-000229,2026-05-16,84.81,payment,success,Mailed check
1489,CUST-000229,2026-06-16,84.81,payment,success,Mailed check
1490,CUST-000229,2026-07-16,84.81,payment,success,Mailed check
1491,CUST-000229,2026-08-16,84.81,payment,success,Mailed check
1492,CUST-000230,2026-03-16,68.35,payment,success,Credit card
1493,CUST-000230,2026-04-16,68.35,payment,success,Credit card
1494,CUST-000230,2026-05-16,68.35,payment,success,Credit card
1495,CUST-000230,2026-06-16,68.35,payment,success,Credit card
1496,CUST-000230,2026-07-16,68.35,payment,success,Credit card
1497,CUST-000230,2026-08-16,68.35,payment,success,Credit card
1498,CUST-000231,2026-03-16,63.94,payment,success,Bank transfer
1499,CUST-000231,2026-04-16,63.94,failed_payment,failed,Bank transfer
1500,CUST-000231,2026-04-19,63.94,payment,success,Bank transfer
1501,CUST-000231,2026-05-16,63.94,payment,success,Bank transfer
1502,CUST-000231,2026-06-16,63.94,payment,success,Bank transfer
1503,CUST-000231,2026-07-16,63.94,payment,success,Bank transfer
1504,CUST-000231,2026-08-16,63.94,failed_payment,failed,Bank transfer
1505,CUST-000232,2026-03-16,31.21,payment,success,Electronic check
1506,CUST-000232,2026-04-16,31.21,payment,success,Electronic check
1507,CUST-000232,2026-05-16,31.21,payment,success,Electronic check
1508,CUST-000232,2026-06-16,31.21,payment,success,Electronic check
1509,CUST-000232,2026-07-16,31.21,payment,success,Electronic check
1510,CUST-000232,2026-08-16,31.21,payment,success,Electronic check
1511,CUST-000233,2026-03-16,71.83,payment,success,Mailed check
1512,CUST-000233,2026-04-16,71.83,payment,success,Mailed check
1513,CUST-000233,2026-05-16,71.83,payment,success,Mailed check
1514,CUST-000233,2026-06-16,71.83,payment,success,Mailed check
1515,CUST-000233,2026-07-16,71.83,payment,success,Mailed check
1516,CUST-000233,2026-08-16,71.83,payment,success,Mailed check
1517,CUST-000234,2026-03-16,29.99,payment,success,Bank transfer
1518,CUST-000234,2026-04-16,29.99,payment,success,Bank transfer
1519,CUST-000234,2026-05-16,29.99,payment,success,Bank transfer
1520,CUST-000234,2026-06-16,29.99,payment,success,Bank transfer
1521,CUST-000234,2026-07-16,29.99,payment,success,Bank transfer
1522,CUST-000234,2026-08-16,29.99,payment,success,Bank transfer
1523,CUST-000235,2026-03-16,36.43,payment,success,Credit card
1524,CUST-000235,2026-04-16,36.43,payment,success,Credit card
1525,CUST-000235,2026-05-16,36.43,payment,success,Credit card
1526,CUST-000235,2026-06-16,36.43,payment,success,Credit card
1527,CUST-000235,2026-07-16,36.43,payment,success,Credit card
1528,CUST-000235,2026-08-16,36.43,payment,success,Credit card
1529,CUST-000236,2026-03-16,33.25,payment,success,Credit card
1530,CUST-000236,2026-04-16,33.25,payment,success,Credit card
1531,CUST-000236,2026-05-16,33.25,payment,success,Credit card
1532,CUST-000236,2026-06-16,33.25,payment,success,Credit card
1533,CUST-000236,2026-07-16,33.25,payment,success,Credit card
1534,CUST-000236,2026-08-16,33.25,payment,success,Credit card
1535,CUST-000237,2026-03-16,115.41,payment,success,Credit card
1536,CUST-000237,2026-04-16,115.41,failed_payment,failed,Credit card
1537,CUST-000237,2026-04-19,115.41,payment,success,Credit card
1538,CUST-000237,2026-05-16,115.41,failed_payment,failed,Credit card
1539,CUST-000237,2026-05-19,115.41,payment,success,Credit card
1540,CUST-000237,2026-06-16,115.41,failed_payment,failed,Credit card
1541,CUST-000237,2026-07-16,115.41,failed_payment,failed,Credit card
1542,CUST-000237,2026-07-19,115.41,payment,success,Credit card
1543,CUST-000237,2026-08-16,115.41,payment,success,Credit card
1544,CUST-000238,2026-03-16,48.49,payment,success,Credit card
1545,CUST-000238,2026-04-16,48.49,payment,success,Credit card
1546,CUST-000238,2026-05-16,48.49,payment,success,Credit card
1547,CUST-000238,2026-06-16,48.49,payment,success,Credit card
1548,CUST-000238,2026-07-16,48.49,payment,success,Credit card
1549,CUST-000238,2026-08-16,48.49,payment,success,Credit card
1550,CUST-000239,2026-03-16,55.52,payment,success,Credit card
1551,CUST-000239,2026-04-16,55.52,payment,success,Credit card
1552,CUST-000239,2026-05-16,55.52,payment,success,Credit card
1553,CUST-000239,2026-06-16,55.52,payment,success,Credit card
1554,CUST-000239,2026-07-16,55.52,payment,success,Credit card
1555,CUST-000239,2026-08-16,55.52,payment,success,Credit card
1556,CUST-000240,2026-03-16,52.21,payment,success,Bank transfer
1557,CUST-000240,2026-04-16,52.21,payment,success,Bank transfer
1558,CUST-000240,2026-05-16,52.21,payment,success,Bank transfer
1559,CUST-000240,2026-06-16,52.21,payment,success,Bank transfer
1560,CUST-000240,2026-07-16,52.21,payment,success,Bank transfer
1561,CUST-000240,2026-08-16,52.21,payment,success,Bank transfer
1562,CUST-000241,2026-03-16,109.83,payment,success,Mailed check
1563,CUST-000241,2026-04-16,109.83,payment,success,Mailed check
1564,CUST-000241,2026-05-16,109.83,payment,success,Mailed check
1565,CUST-000241,2026-06-16,109.83,payment,success,Mailed check
1566,CUST-000241,2026-07-16,109.83,payment,success,Mailed check
1567,CUST-000241,2026-08-16,109.83,payment,success,Mailed check
1568,CUST-000242,2026-03-16,76.3,payment,success,Bank transfer
1569,CUST-000242,2026-04-16,76.3,payment,success,Bank transfer
1570,CUST-000242,2026-05-16,76.3,payment,success,Bank transfer
1571,CUST-000242,2026-06-16,76.3,payment,success,Bank transfer
1572,CUST-000242,2026-07-16,76.3,payment,success,Bank transfer
1573,CUST-000242,2026-08-16,76.3,payment,success,Bank transfer
1574,CUST-000243,2026-03-16,111.92,payment,success,Credit card
1575,CUST-000243,2026-04-16,111.92,payment,success,Credit card
1576,CUST-000243,2026-05-16,111.92,payment,success,Credit card
1577,CUST-000243,2026-06-16,111.92,payment,success,Credit card
1578,CUST-000243,2026-07-16,111.92,failed_payment,failed,Credit card
1579,CUST-000243,2026-07-19,111.92,payment,success,Credit card
1580,CUST-000243,2026-08-16,111.92,payment,success,Credit card
1581,CUST-000244,2026-03-16,49.99,payment,success,Mailed check
1582,CUST-000244,2026-04-16,49.99,payment,success,Mailed check
1583,CUST-000244,2026-05-16,49.99,payment,success,Mailed check
1584,CUST-000244,2026-06-16,49.99,failed_payment,failed,Mailed check
1585,CUST-000244,2026-06-19,49.99,payment,success,Mailed check
1586,CUST-000244,2026-07-16,49.99,failed_payment,failed,Mailed check
1587,CUST-000244,2026-07-19,49.99,payment,success,Mailed check
1588,CUST-000244,2026-08-16,49.99,payment,success,Mailed check
1589,CUST-000245,2026-03-16,31.48,payment,success,Credit card
1590,CUST-000245,2026-04-16,31.48,payment,success,Credit card
1591,CUST-000245,2026-05-16,31.48,payment,success,Credit card
1592,CUST-000245,2026-06-16,31.48,payment,success,Credit card
1593,CUST-000245,2026-07-16,31.48,payment,success,Credit card
1594,CUST-000245,2026-08-16,31.48,payment,success,Credit card
1595,CUST-000246,2026-03-16,75.62,payment,success,Bank transfer
1596,CUST-000246,2026-04-16,75.62,payment,success,Bank transfer
1597,CUST-000246,2026-05-16,75.62,payment,success,Bank transfer
1598,CUST-000246,2026-06-16,75.62,payment,success,Bank transfer
1599,CUST-000246,2026-07-16,75.62,payment,success,Bank transfer
1600,CUST-000246,2026-08-16,75.62,payment,success,Bank transfer
1601,CUST-000247,2026-03-16,54.55,payment,success,Electronic check
1602,CUST-000247,2026-04-16,54.55,payment,success,Electronic check
1603,CUST-000247,2026-05-16,54.55,payment,success,Electronic check
1604,CUST-000247,2026-06-16,54.55,payment,success,Electronic check
1605,CUST-000247,2026-07-16,54.55,payment,success,Electronic check
1606,CUST-000247,2026-08-16,54.55,payment,success,Electronic check
1607,CUST-000248,2026-03-16,100.19,payment,success,Credit card
1608,CUST-000248,2026-04-16,100.19,payment,success,Credit card
1609,CUST-000248,2026-05-16,100.19,payment,success,Credit card
1610,CUST-000248,2026-06-16,100.19,payment,success,Credit card
1611,CUST-000248,2026-07-16,100.19,payment,success,Credit card
1612,CUST-000248,2026-08-16,100.19,payment,success,Credit card
1613,CUST-000249,2026-03-16,107.94,failed_payment,failed,Credit card
1614,CUST-000249,2026-03-19,107.94,payment,success,Credit card
1615,CUST-000249,2026-04-16,107.94,failed_payment,failed,Credit card
1616,CUST-000249,2026-04-19,107.94,payment,success,Credit card
1617,CUST-000249,2026-05-16,107.94,payment,success,Credit card
1618,CUST-000249,2026-06-16,107.94,payment,success,Credit card
1619,CUST-000249,2026-07-16,107.94,failed_payment,failed,Credit card
1620,CUST-000249,2026-07-19,107.94,payment,success,Credit card
1621,CUST-000249,2026-08-16,107.94,failed_payment,failed,Credit card
1622,CUST-000249,2026-08-19,107.94,payment,success,Credit card
1623,CUST-000250,2026-03-16,67.26,failed_payment,failed,Bank transfer
1624,CUST-000250,2026-03-19,67.26,payment,success,Bank transfer
1625,CUST-000250,2026-04-16,67.26,payment,success,Bank transfer
1626,CUST-000250,2026-05-16,67.26,failed_payment,failed,Bank transfer
1627,CUST-000250,2026-06-16,67.26,payment,success,Bank transfer
1628,CUST-000250,2026-07-16,67.26,failed_payment,failed,Bank transfer
1629,CUST-000250,2026-08-16,67.26,payment,success,Bank transfer
1630,CUST-000251,2026-03-16,117.14,payment,success,Electronic check
1631,CUST-000251,2026-04-16,117.14,payment,success,Electronic check
1632,CUST-000251,2026-05-16,117.14,payment,success,Electronic check
1633,CUST-000251,2026-06-16,117.14,payment,success,Electronic check
1634,CUST-000251,2026-07-16,117.14,payment,success,Electronic check
1635,CUST-000251,2026-08-16,117.14,payment,success,Electronic check
1636,CUST-000252,2026-03-16,75.3,payment,success,Electronic check
1637,CUST-000252,2026-04-16,75.3,payment,success,Electronic check
1638,CUST-000252,2026-05-16,75.3,payment,success,Electronic check
1639,CUST-000252,2026-06-16,75.3,payment,success,Electronic check
1640,CUST-000252,2026-07-16,75.3,payment,success,Electronic check
1641,CUST-000252,2026-08-16,75.3,payment,success,Electronic check
1642,CUST-000253,2026-03-16,47.09,payment,success,Credit card
1643,CUST-000253,2026-04-16,47.09,payment,success,Credit card
1644,CUST-000253,2026-05-16,47.09,payment,success,Credit card
1645,CUST-000253,2026-06-16,47.09,payment,success,Credit card
1646,CUST-000253,2026-07-16,47.09,payment,success,Credit card
1647,CUST-000253,2026-08-16,47.09,payment,success,Credit card
1648,CUST-000254,2026-03-16,68.9,payment,success,Electronic check
1649,CUST-000254,2026-04-16,68.9,failed_payment,failed,Electronic check
1650,CUST-000254,2026-04-19,68.9,payment,success,Electronic check
1651,CUST-000254,2026-05-16,68.9,failed_payment,failed,Electronic check
1652,CUST-000254,2026-06-16,68.9,payment,success,Electronic check
1653,CUST-000254,2026-07-16,68.9,payment,success,Electronic check
1654,CUST-000254,2026-08-16,68.9,failed_payment,failed,Electronic check
1655,CUST-000254,2026-08-19,68.9,payment,success,Electronic check
1656,CUST-000255,2026-03-16,23.73,payment,success,Mailed check
1657,CUST-000255,2026-04-16,23.73,payment,success,Mailed check
1658,CUST-000255,2026-05-16,23.73,payment,success,Mailed check
1659,CUST-000255,2026-06-16,23.73,failed_payment,failed,Mailed check
1660,CUST-000255,2026-07-16,23.73,payment,success,Mailed check
1661,CUST-000255,2026-08-16,23.73,payment,success,Mailed check
1662,CUST-000256,2026-03-16,100.4,payment,success,Bank transfer
1663,CUST-000256,2026-04-16,100.4,payment,success,Bank transfer
1664,CUST-000256,2026-05-16,100.4,failed_payment,failed,Bank transfer
1665,CUST-000256,2026-05-19,100.4,payment,success,Bank transfer
1666,CUST-000256,2026-06-16,100.4,payment,success,Bank transfer
1667,CUST-000256,2026-07-16,100.4,payment,success,Bank transfer
1668,CUST-000256,2026-08-16,100.4,payment,success,Bank transfer
1669,CUST-000257,2026-03-16,30.14,payment,success,Electronic check
1670,CUST-000257,2026-04-16,30.14,payment,success,Electronic check
1671,CUST-000257,2026-05-16,30.14,failed_payment,failed,Electronic check
1672,CUST-000257,2026-05-19,30.14,payment,success,Electronic check
1673,CUST-000257,2026-06-16,30.14,failed_payment,failed,Electronic check
1674,CUST-000257,2026-06-19,30.14,payment,success,Electronic check
1675,CUST-000257,2026-07-16,30.14,payment,success,Electronic check
1676,CUST-000257,2026-08-16,30.14,payment,success,Electronic check
1677,CUST-000258,2026-03-16,50.87,payment,success,Credit card
1678,CUST-000258,2026-04-16,50.87,failed_payment,failed,Credit card
1679,CUST-000258,2026-04-19,50.87,payment,success,Credit card
1680,CUST-000258,2026-05-16,50.87,payment,success,Credit card
1681,CUST-000258,2026-06-16,50.87,payment,success,Credit card
1682,CUST-000258,2026-07-16,50.87,failed_payment,failed,Credit card
1683,CUST-000258,2026-07-19,50.87,payment,success,Credit card
1684,CUST-000258,2026-08-16,50.87,failed_payment,failed,Credit card
1685,CUST-000258,2026-08-19,50.87,payment,success,Credit card
1686,CUST-000259,2026-03-16,76.53,payment,success,Bank transfer
1687,CUST-000259,2026-04-16,76.53,failed_payment,failed,Bank transfer
1688,CUST-000259,2026-04-19,76.53,payment,success,Bank transfer
1689,CUST-000259,2026-05-16,76.53,failed_payment,failed,Bank transfer
1690,CUST-000259,2026-06-16,76.53,payment,success,Bank transfer
1691,CUST-000259,2026-07-16,76.53,payment,success,Bank transfer
1692,CUST-000259,2026-08-16,76.53,payment,success,Bank transfer
1693,CUST-000260,2026-03-16,24.3,payment,success,Electronic check
1694,CUST-000260,2026-04-16,24.3,payment,success,Electronic check
1695,CUST-000260,2026-05-16,24.3,failed_payment,failed,Electronic check
1696,CUST-000260,2026-05-19,24.3,payment,success,Electronic check
1697,CUST-000260,2026-06-16,24.3,payment,success,Electronic check
1698,CUST-000260,2026-07-16,24.3,payment,success,Electronic check
1699,CUST-000260,2026-08-16,24.3,payment,success,Electronic check
1700,CUST-000261,2026-03-16,27.93,payment,success,Mailed check
1701,CUST-000261,2026-04-16,27.93,payment,success,Mailed check
1702,CUST-000261,2026-05-16,27.93,failed_payment,failed,Mailed check
1703,CUST-000261,2026-06-16,27.93,failed_payment,failed,Mailed check
1704,CUST-000261,2026-07-16,27.93,failed_payment,failed,Mailed check
1705,CUST-000261,2026-07-19,27.93,payment,success,Mailed check
1706,CUST-000261,2026-08-16,27.93,payment,success,Mailed check
1707,CUST-000262,2026-03-16,89.61,payment,success,Mailed check
1708,CUST-000262,2026-04-16,89.61,payment,success,Mailed check
1709,CUST-000262,2026-05-16,89.61,payment,success,Mailed check
1710,CUST-000262,2026-06-16,89.61,payment,success,Mailed check
1711,CUST-000262,2026-07-16,89.61,payment,success,Mailed check
1712,CUST-000262,2026-08-16,89.61,payment,success,Mailed check
1713,CUST-000263,2026-03-16,27.18,payment,success,Electronic check
1714,CUST-000263,2026-04-16,27.18,payment,success,Electronic check
1715,CUST-000263,2026-05-16,27.18,payment,success,Electronic check
1716,CUST-000263,2026-06-16,27.18,payment,success,Electronic check
1717,CUST-000263,2026-07-16,27.18,payment,success,Electronic check
1718,CUST-000263,2026-08-16,27.18,payment,success,Electronic check
1719,CUST-000264,2026-03-16,67.71,payment,success,Credit card
1720,CUST-000264,2026-04-16,67.71,payment,success,Credit card
1721,CUST-000264,2026-05-16,67.71,payment,success,Credit card
1722,CUST-000264,2026-06-16,67.71,payment,success,Credit card
1723,CUST-000264,2026-07-16,67.71,payment,success,Credit card
1724,CUST-000264,2026-08-16,67.71,payment,success,Credit card
1725,CUST-000265,2026-03-16,53.87,payment,success,Mailed check
1726,CUST-000265,2026-04-16,53.87,payment,success,Mailed check
1727,CUST-000265,2026-05-16,53.87,payment,success,Mailed check
1728,CUST-000265,2026-06-16,53.87,payment,success,Mailed check
1729,CUST-000265,2026-07-16,53.87,payment,success,Mailed check
1730,CUST-000265,2026-08-16,53.87,payment,success,Mailed check
1731,CUST-000266,2026-03-16,42.81,payment,success,Bank transfer
1732,CUST-000266,2026-04-16,42.81,payment,success,Bank transfer
1733,CUST-000266,2026-05-16,42.81,payment,success,Bank transfer
1734,CUST-000266,2026-06-16,42.81,payment,success,Bank transfer
1735,CUST-000266,2026-07-16,42.81,payment,success,Bank transfer
1736,CUST-000266,2026-08-16,42.81,payment,success,Bank transfer
1737,CUST-000267,2026-03-16,38.88,payment,success,Bank transfer
1738,CUST-000267,2026-04-16,38.88,payment,success,Bank transfer
1739,CUST-000267,2026-05-16,38.88,payment,success,Bank transfer
1740,CUST-000267,2026-06-16,38.88,payment,success,Bank transfer
1741,CUST-000267,2026-07-16,38.88,failed_payment,failed,Bank transfer
1742,CUST-000267,2026-07-19,38.88,payment,success,Bank transfer
1743,CUST-000267,2026-08-16,38.88,payment,success,Bank transfer
1744,CUST-000268,2026-03-16,96.34,payment,success,Electronic check
1745,CUST-000268,2026-04-16,96.34,payment,success,Electronic check
1746,CUST-000268,2026-05-16,96.34,payment,success,Electronic check
1747,CUST-000268,2026-06-16,96.34,payment,success,Electronic check
1748,CUST-000268,2026-07-16,96.34,payment,success,Electronic check
1749,CUST-000268,2026-08-16,96.34,payment,success,Electronic check
1750,CUST-000269,2026-03-16,115.15,failed_payment,failed,Bank transfer
1751,CUST-000269,2026-03-19,115.15,payment,success,Bank transfer
1752,CUST-000269,2026-04-16,115.15,payment,success,Bank transfer
1753,CUST-000269,2026-05-16,115.15,payment,success,Bank transfer
1754,CUST-000269,2026-06-16,115.15,failed_payment,failed,Bank transfer
1755,CUST-000269,2026-06-19,115.15,payment,success,Bank transfer
1756,CUST-000269,2026-07-16,115.15,failed_payment,failed,Bank transfer
1757,CUST-000269,2026-07-19,115.15,payment,success,Bank transfer
1758,CUST-000269,2026-08-16,115.15,payment,success,Bank transfer
1759,CUST-000270,2026-03-16,34.02,payment,success,Mailed check
1760,CUST-000270,2026-04-16,34.02,payment,success,Mailed check
1761,CUST-000270,2026-05-16,34.02,payment,success,Mailed check
1762,CUST-000270,2026-06-16,34.02,payment,success,Mailed check
1763,CUST-000270,2026-07-16,34.02,payment,success,Mailed check
1764,CUST-000270,2026-08-16,34.02,payment,success,Mailed check
1765,CUST-000271,2026-03-16,115.97,payment,success,Electronic check
1766,CUST-000271,2026-04-16,115.97,payment,success,Electronic check
1767,CUST-000271,2026-05-16,115.97,payment,success,Electronic check
1768,CUST-000271,2026-06-16,115.97,payment,success,Electronic check
1769,CUST-000271,2026-07-16,115.97,payment,success,Electronic check
1770,CUST-000271,2026-08-16,115.97,payment,success,Electronic check
1771,CUST-000272,2026-03-16,79.48,payment,success,Mailed check
1772,CUST-000272,2026-04-16,79.48,payment,success,Mailed check
1773,CUST-000272,2026-05-16,79.48,failed_payment,failed,Mailed check
1774,CUST-000272,2026-05-19,79.48,payment,success,Mailed check
1775,CUST-000272,2026-06-16,79.48,failed_payment,failed,Mailed check
1776,CUST-000272,2026-07-16,79.48,payment,success,Mailed check
1777,CUST-000272,2026-08-16,79.48,payment,success,Mailed check
1778,CUST-000273,2026-03-16,84.17,payment,success,Bank transfer
1779,CUST-000273,2026-04-16,84.17,payment,success,Bank transfer
1780,CUST-000273,2026-05-16,84.17,payment,success,Bank transfer
1781,CUST-000273,2026-06-16,84.17,payment,success,Bank transfer
1782,CUST-000273,2026-07-16,84.17,payment,success,Bank transfer
1783,CUST-000273,2026-08-16,84.17,payment,success,Bank transfer
1784,CUST-000274,2026-03-16,90.99,payment,success,Electronic check
1785,CUST-000274,2026-04-16,90.99,payment,success,Electronic check
1786,CUST-000274,2026-05-16,90.99,payment,success,Electronic check
1787,CUST-000274,2026-06-16,90.99,payment,success,Electronic check
1788,CUST-000274,2026-07-16,90.99,payment,success,Electronic check
1789,CUST-000274,2026-08-16,90.99,payment,success,Electronic check
1790,CUST-000275,2026-03-16,90.41,payment,success,Credit card
1791,CUST-000275,2026-04-16,90.41,payment,success,Credit card
1792,CUST-000275,2026-05-16,90.41,failed_payment,failed,Credit card
1793,CUST-000275,2026-05-19,90.41,payment,success,Credit card
1794,CUST-000275,2026-06-16,90.41,payment,success,Credit card
1795,CUST-000275,2026-07-16,90.41,payment,success,Credit card
1796,CUST-000275,2026-08-16,90.41,payment,success,Credit card
1797,CUST-000276,2026-03-16,101.98,failed_payment,failed,Bank transfer
1798,CUST-000276,2026-04-16,101.98,payment,success,Bank transfer
1799,CUST-000276,2026-05-16,101.98,payment,success,Bank transfer
1800,CUST-000276,2026-06-16,101.98,payment,success,Bank transfer
1801,CUST-000276,2026-07-16,101.98,failed_payment,failed,Bank transfer
1802,CUST-000276,2026-07-19,101.98,payment,success,Bank transfer
1803,CUST-000276,2026-08-16,101.98,payment,success,Bank transfer
1804,CUST-000277,2026-03-16,68.35,payment,success,Mailed check
1805,CUST-000277,2026-04-16,68.35,payment,success,Mailed check
1806,CUST-000277,2026-05-16,68.35,payment,success,Mailed check
1807,CUST-000277,2026-06-16,68.35,payment,success,Mailed check
1808,CUST-000277,2026-07-16,68.35,payment,success,Mailed check
1809,CUST-000277,2026-08-16,68.35,payment,success,Mailed check
1810,CUST-000278,2026-03-16,73.34,payment,success,Bank transfer
1811,CUST-000278,2026-04-16,73.34,payment,success,Bank transfer
1812,CUST-000278,2026-05-16,73.34,payment,success,Bank transfer
1813,CUST-000278,2026-06-16,73.34,payment,success,Bank transfer
1814,CUST-000278,2026-07-16,73.34,payment,success,Bank transfer
1815,CUST-000278,2026-08-16,73.34,payment,success,Bank transfer
1816,CUST-000279,2026-03-16,52.38,payment,success,Mailed check
1817,CUST-000279,2026-04-16,52.38,payment,success,Mailed check
1818,CUST-000279,2026-05-16,52.38,payment,success,Mailed check
1819,CUST-000279,2026-06-16,52.38,failed_payment,failed,Mailed check
1820,CUST-000279,2026-06-19,52.38,payment,success,Mailed check
1821,CUST-000279,2026-07-16,52.38,payment,success,Mailed check
1822,CUST-000279,2026-08-16,52.38,payment,success,Mailed check
1823,CUST-000280,2026-03-16,30.53,payment,success,Bank transfer
1824,CUST-000280,2026-04-16,30.53,payment,success,Bank transfer
1825,CUST-000280,2026-05-16,30.53,payment,success,Bank transfer
1826,CUST-000280,2026-06-16,30.53,payment,success,Bank transfer
1827,CUST-000280,2026-07-16,30.53,payment,success,Bank transfer
1828,CUST-000280,2026-08-16,30.53,payment,success,Bank transfer
1829,CUST-000281,2026-03-16,86.46,payment,success,Electronic check
1830,CUST-000281,2026-04-16,86.46,payment,success,Electronic check
1831,CUST-000281,2026-05-16,86.46,payment,success,Electronic check
1832,CUST-000281,2026-06-16,86.46,payment,success,Electronic check
1833,CUST-000281,2026-07-16,86.46,failed_payment,failed,Electronic check
1834,CUST-000281,2026-07-19,86.46,payment,success,Electronic check
1835,CUST-000281,2026-08-16,86.46,payment,success,Electronic check
1836,CUST-000282,2026-03-16,23.36,payment,success,Bank transfer
1837,CUST-000282,2026-04-16,23.36,payment,success,Bank transfer
1838,CUST-000282,2026-05-16,23.36,payment,success,Bank transfer
1839,CUST-000282,2026-06-16,23.36,payment,success,Bank transfer
1840,CUST-000282,2026-07-16,23.36,payment,success,Bank transfer
1841,CUST-000282,2026-08-16,23.36,payment,success,Bank transfer
1842,CUST-000283,2026-03-16,47.56,payment,success,Electronic check
1843,CUST-000283,2026-04-16,47.56,payment,success,Electronic check
1844,CUST-000283,2026-05-16,47.56,payment,success,Electronic check
1845,CUST-000283,2026-06-16,47.56,payment,success,Electronic check
1846,CUST-000283,2026-07-16,47.56,payment,success,Electronic check
1847,CUST-000283,2026-08-16,47.56,payment,success,Electronic check
1848,CUST-000284,2026-03-16,29.42,payment,success,Electronic check
1849,CUST-000284,2026-04-16,29.42,failed_payment,failed,Electronic check
1850,CUST-000284,2026-04-19,29.42,payment,success,Electronic check
1851,CUST-000284,2026-05-16,29.42,payment,success,Electronic check
1852,CUST-000284,2026-06-16,29.42,failed_payment,failed,Electronic check
1853,CUST-000284,2026-06-19,29.42,payment,success,Electronic check
1854,CUST-000284,2026-07-16,29.42,payment,success,Electronic check
1855,CUST-000284,2026-08-16,29.42,payment,success,Electronic check
1856,CUST-000285,2026-03-16,39.07,payment,success,Mailed check
1857,CUST-000285,2026-04-16,39.07,payment,success,Mailed check
1858,CUST-000285,2026-05-16,39.07,payment,success,Mailed check
1859,CUST-000285,2026-06-16,39.07,payment,success,Mailed check
1860,CUST-000285,2026-07-16,39.07,payment,success,Mailed check
1861,CUST-000285,2026-08-16,39.07,payment,success,Mailed check
1862,CUST-000286,2026-03-16,83.87,payment,success,Electronic check
1863,CUST-000286,2026-04-16,83.87,payment,success,Electronic check
1864,CUST-000286,2026-05-16,83.87,payment,success,Electronic check
1865,CUST-000286,2026-06-16,83.87,payment,success,Electronic check
1866,CUST-000286,2026-07-16,83.87,payment,success,Electronic check
1867,CUST-000286,2026-08-16,83.87,payment,success,Electronic check
1868,CUST-000287,2026-03-16,82.85,payment,success,Mailed check
1869,CUST-000287,2026-04-16,82.85,payment,success,Mailed check
1870,CUST-000287,2026-05-16,82.85,payment,success,Mailed check
1871,CUST-000287,2026-06-16,82.85,payment,success,Mailed check
1872,CUST-000287,2026-07-16,82.85,payment,success,Mailed check
1873,CUST-000287,2026-08-16,82.85,payment,success,Mailed check
1874,CUST-000288,2026-03-16,62.11,payment,success,Electronic check
1875,CUST-000288,2026-04-16,62.11,payment,success,Electronic check
1876,CUST-000288,2026-05-16,62.11,payment,success,Electronic check
1877,CUST-000288,2026-06-16,62.11,payment,success,Electronic check
1878,CUST-000288,2026-07-16,62.11,payment,success,Electronic check
1879,CUST-000288,2026-08-16,62.11,payment,success,Electronic check
1880,CUST-000289,2026-03-16,29.02,payment,success,Electronic check
1881,CUST-000289,2026-04-16,29.02,failed_payment,failed,Electronic check
1882,CUST-000289,2026-04-19,29.02,payment,success,Electronic check
1883,CUST-000289,2026-05-16,29.02,payment,success,Electronic check
1884,CUST-000289,2026-06-16,29.02,payment,success,Electronic check
1885,CUST-000289,2026-07-16,29.02,payment,success,Electronic check
1886,CUST-000289,2026-08-16,29.02,payment,success,Electronic check
1887,CUST-000290,2026-03-16,63.34,failed_payment,failed,Electronic check
1888,CUST-000290,2026-03-19,63.34,payment,success,Electronic check
1889,CUST-000290,2026-04-16,63.34,failed_payment,failed,Electronic check
1890,CUST-000290,2026-05-16,63.34,payment,success,Electronic check
1891,CUST-000290,2026-06-16,63.34,failed_payment,failed,Electronic check
1892,CUST-000290,2026-07-16,63.34,payment,success,Electronic check
1893,CUST-000290,2026-08-16,63.34,payment,success,Electronic check
1894,CUST-000291,2026-03-16,55.27,payment,success,Credit card
1895,CUST-000291,2026-04-16,55.27,payment,success,Credit card
1896,CUST-000291,2026-05-16,55.27,payment,success,Credit card
1897,CUST-000291,2026-06-16,55.27,payment,success,Credit card
1898,CUST-000291,2026-07-16,55.27,payment,success,Credit card
1899,CUST-000291,2026-08-16,55.27,failed_payment,failed,Credit card
1900,CUST-000291,2026-08-19,55.27,payment,success,Credit card
1901,CUST-000292,2026-03-16,92.05,payment,success,Bank transfer
1902,CUST-000292,2026-04-16,92.05,payment,success,Bank transfer
1903,CUST-000292,2026-05-16,92.05,payment,success,Bank transfer
1904,CUST-000292,2026-06-16,92.05,payment,success,Bank transfer
1905,CUST-000292,2026-07-16,92.05,payment,success,Bank transfer
1906,CUST-000292,2026-08-16,92.05,payment,success,Bank transfer
1907,CUST-000293,2026-03-16,77.9,payment,success,Electronic check
1908,CUST-000293,2026-04-16,77.9,payment,success,Electronic check
1909,CUST-000293,2026-05-16,77.9,payment,success,Electronic check
1910,CUST-000293,2026-06-16,77.9,payment,success,Electronic check
1911,CUST-000293,2026-07-16,77.9,payment,success,Electronic check
1912,CUST-000293,2026-08-16,77.9,failed_payment,failed,Electronic check
1913,CUST-000293,2026-08-19,77.9,payment,success,Electronic check
1914,CUST-000294,2026-03-16,69.16,failed_payment,failed,Electronic check
1915,CUST-000294,2026-03-19,69.16,payment,success,Electronic check
1916,CUST-000294,2026-04-16,69.16,failed_payment,failed,Electronic check
1917,CUST-000294,2026-04-19,69.16,payment,success,Electronic check
1918,CUST-000294,2026-05-16,69.16,payment,success,Electronic check
1919,CUST-000294,2026-06-16,69.16,failed_payment,failed,Electronic check
1920,CUST-000294,2026-06-19,69.16,payment,success,Electronic check
1921,CUST-000294,2026-07-16,69.16,payment,success,Electronic check
1922,CUST-000294,2026-08-16,69.16,payment,success,Electronic check
1923,CUST-000295,2026-03-16,68.7,payment,success,Credit card
1924,CUST-000295,2026-04-16,68.7,failed_payment,failed,Credit card
1925,CUST-000295,2026-05-16,68.7,payment,success,Credit card
1926,CUST-000295,2026-06-16,68.7,payment,success,Credit card
1927,CUST-000295,2026-07-16,68.7,payment,success,Credit card
1928,CUST-000295,2026-08-16,68.7,payment,success,Credit card
1929,CUST-000296,2026-03-16,116.63,payment,success,Bank transfer
1930,CUST-000296,2026-04-16,116.63,payment,success,Bank transfer
1931,CUST-000296,2026-05-16,116.63,payment,success,Bank transfer
1932,CUST-000296,2026-06-16,116.63,payment,success,Bank transfer
1933,CUST-000296,2026-07-16,116.63,payment,success,Bank transfer
1934,CUST-000296,2026-08-16,116.63,payment,success,Bank transfer
1935,CUST-000297,2026-03-16,95.63,payment,success,Credit card
1936,CUST-000297,2026-04-16,95.63,payment,success,Credit card
1937,CUST-000297,2026-05-16,95.63,payment,success,Credit card
1938,CUST-000297,2026-06-16,95.63,payment,success,Credit card
1939,CUST-000297,2026-07-16,95.63,payment,success,Credit card
1940,CUST-000297,2026-08-16,95.63,payment,success,Credit card
1941,CUST-000298,2026-03-16,69.7,payment,success,Electronic check
1942,CUST-000298,2026-04-16,69.7,payment,success,Electronic check
1943,CUST-000298,2026-05-16,69.7,payment,success,Electronic check
1944,CUST-000298,2026-06-16,69.7,payment,success,Electronic check
1945,CUST-000298,2026-07-16,69.7,payment,success,Electronic check
1946,CUST-000298,2026-08-16,69.7,payment,success,Electronic check
1947,CUST-000299,2026-03-16,67.92,payment,success,Mailed check
1948,CUST-000299,2026-04-16,67.92,payment,success,Mailed check
1949,CUST-000299,2026-05-16,67.92,payment,success,Mailed check
1950,CUST-000299,2026-06-16,67.92,payment,success,Mailed check
1951,CUST-000299,2026-07-16,67.92,payment,success,Mailed check
1952,CUST-000299,2026-08-16,67.92,payment,success,Mailed check
1953,CUST-000300,2026-03-16,22.65,payment,success,Electronic check
1954,CUST-000300,2026-04-16,22.65,payment,success,Electronic check
1955,CUST-000300,2026-05-16,22.65,payment,success,Electronic check
1956,CUST-000300,2026-06-16,22.65,payment,success,Electronic check
1957,CUST-000300,2026-07-16,22.65,payment,success,Electronic check
1958,CUST-000300,2026-08-16,22.65,payment,success,Electronic check
1959,CUST-000301,2026-03-16,114.25,payment,success,Mailed check
1960,CUST-000301,2026-04-16,114.25,payment,success,Mailed check
1961,CUST-000301,2026-05-16,114.25,failed_payment,failed,Mailed check
1962,CUST-000301,2026-05-19,114.25,payment,success,Mailed check
1963,CUST-000301,2026-06-16,114.25,payment,success,Mailed check
1964,CUST-000301,2026-07-16,114.25,payment,success,Mailed check
1965,CUST-000301,2026-08-16,114.25,payment,success,Mailed check
1966,CUST-000302,2026-03-16,51.92,payment,success,Electronic check
1967,CUST-000302,2026-04-16,51.92,payment,success,Electronic check
1968,CUST-000302,2026-05-16,51.92,payment,success,Electronic check
1969,CUST-000302,2026-06-16,51.92,payment,success,Electronic check
1970,CUST-000302,2026-07-16,51.92,payment,success,Electronic check
1971,CUST-000302,2026-08-16,51.92,payment,success,Electronic check
1972,CUST-000303,2026-03-16,45.59,payment,success,Electronic check
1973,CUST-000303,2026-04-16,45.59,payment,success,Electronic check
1974,CUST-000303,2026-05-16,45.59,payment,success,Electronic check
1975,CUST-000303,2026-06-16,45.59,payment,success,Electronic check
1976,CUST-000303,2026-07-16,45.59,failed_payment,failed,Electronic check
1977,CUST-000303,2026-07-19,45.59,payment,success,Electronic check
1978,CUST-000303,2026-08-16,45.59,payment,success,Electronic check
1979,CUST-000304,2026-03-16,119.94,failed_payment,failed,Bank transfer
1980,CUST-000304,2026-04-16,119.94,payment,success,Bank transfer
1981,CUST-000304,2026-05-16,119.94,failed_payment,failed,Bank transfer
1982,CUST-000304,2026-05-19,119.94,payment,success,Bank transfer
1983,CUST-000304,2026-06-16,119.94,payment,success,Bank transfer
1984,CUST-000304,2026-07-16,119.94,payment,success,Bank transfer
1985,CUST-000304,2026-08-16,119.94,failed_payment,failed,Bank transfer
1986,CUST-000304,2026-08-19,119.94,payment,success,Bank transfer
1987,CUST-000305,2026-03-16,91.87,payment,success,Credit card
1988,CUST-000305,2026-04-16,91.87,payment,success,Credit card
1989,CUST-000305,2026-05-16,91.87,payment,success,Credit card
1990,CUST-000305,2026-06-16,91.87,payment,success,Credit card
1991,CUST-000305,2026-07-16,91.87,payment,success,Credit card
1992,CUST-000305,2026-08-16,91.87,payment,success,Credit card
1993,CUST-000306,2026-03-16,24.74,payment,success,Bank transfer
1994,CUST-000306,2026-04-16,24.74,payment,success,Bank transfer
1995,CUST-000306,2026-05-16,24.74,payment,success,Bank transfer
1996,CUST-000306,2026-06-16,24.74,payment,success,Bank transfer
1997,CUST-000306,2026-07-16,24.74,payment,success,Bank transfer
1998,CUST-000306,2026-08-16,24.74,payment,success,Bank transfer
1999,CUST-000307,2026-03-16,26.19,payment,success,Credit card
2000,CUST-000307,2026-04-16,26.19,payment,success,Credit card
2001,CUST-000307,2026-05-16,26.19,payment,success,Credit card
2002,CUST-000307,2026-06-16,26.19,payment,success,Credit card
2003,CUST-000307,2026-07-16,26.19,payment,success,Credit card
2004,CUST-000307,2026-08-16,26.19,payment,success,Credit card
2005,CUST-000308,2026-03-16,22.55,payment,success,Credit card
2006,CUST-000308,2026-04-16,22.55,payment,success,Credit card
2007,CUST-000308,2026-05-16,22.55,payment,success,Credit card
2008,CUST-000308,2026-06-16,22.55,payment,success,Credit card
2009,CUST-000308,2026-07-16,22.55,failed_payment,failed,Credit card
2010,CUST-000308,2026-07-19,22.55,payment,success,Credit card
2011,CUST-000308,2026-08-16,22.55,payment,success,Credit card
2012,CUST-000309,2026-03-16,79.96,failed_payment,failed,Credit card
2013,CUST-000309,2026-04-16,79.96,payment,success,Credit card
2014,CUST-000309,2026-05-16,79.96,payment,success,Credit card
2015,CUST-000309,2026-06-16,79.96,payment,success,Credit card
2016,CUST-000309,2026-07-16,79.96,payment,success,Credit card
2017,CUST-000309,2026-08-16,79.96,failed_payment,failed,Credit card
2018,CUST-000310,2026-03-16,27.16,failed_payment,failed,Electronic check
2019,CUST-000310,2026-03-19,27.16,payment,success,Electronic check
2020,CUST-000310,2026-04-16,27.16,payment,success,Electronic check
2021,CUST-000310,2026-05-16,27.16,payment,success,Electronic check
2022,CUST-000310,2026-06-16,27.16,payment,success,Electronic check
2023,CUST-000310,2026-07-16,27.16,payment,success,Electronic check
2024,CUST-000310,2026-08-16,27.16,payment,success,Electronic check
2025,CUST-000311,2026-03-16,113.34,payment,success,Mailed check
2026,CUST-000311,2026-04-16,113.34,payment,success,Mailed check
2027,CUST-000311,2026-05-16,113.34,payment,success,Mailed check
2028,CUST-000311,2026-06-16,113.34,payment,success,Mailed check
2029,CUST-000311,2026-07-16,113.34,payment,success,Mailed check
2030,CUST-000311,2026-08-16,113.34,payment,success,Mailed check
2031,CUST-000312,2026-03-16,113.69,payment,success,Bank transfer
2032,CUST-000312,2026-04-16,113.69,payment,success,Bank transfer
2033,CUST-000312,2026-05-16,113.69,payment,success,Bank transfer
2034,CUST-000312,2026-06-16,113.69,payment,success,Bank transfer
2035,CUST-000312,2026-07-16,113.69,payment,success,Bank transfer
2036,CUST-000312,2026-08-16,113.69,payment,success,Bank transfer
2037,CUST-000313,2026-03-16,74.61,payment,success,Credit card
2038,CUST-000313,2026-04-16,74.61,payment,success,Credit card
2039,CUST-000313,2026-05-16,74.61,payment,success,Credit card
2040,CUST-000313,2026-06-16,74.61,payment,success,Credit card
2041,CUST-000313,2026-07-16,74.61,payment,success,Credit card
2042,CUST-000313,2026-08-16,74.61,payment,success,Credit card
2043,CUST-000314,2026-03-16,81.66,payment,success,Credit card
2044,CUST-000314,2026-04-16,81.66,payment,success,Credit card
2045,CUST-000314,2026-05-16,81.66,failed_payment,failed,Credit card
2046,CUST-000314,2026-06-16,81.66,failed_payment,failed,Credit card
2047,CUST-000314,2026-06-19,81.66,payment,success,Credit card
2048,CUST-000314,2026-07-16,81.66,payment,success,Credit card
2049,CUST-000314,2026-08-16,81.66,payment,success,Credit card
2050,CUST-000315,2026-03-16,49.19,payment,success,Bank transfer
2051,CUST-000315,2026-04-16,49.19,payment,success,Bank transfer
2052,CUST-000315,2026-05-16,49.19,payment,success,Bank transfer
2053,CUST-000315,2026-06-16,49.19,payment,success,Bank transfer
2054,CUST-000315,2026-07-16,49.19,payment,success,Bank transfer
2055,CUST-000315,2026-08-16,49.19,payment,success,Bank transfer
2056,CUST-000316,2026-03-16,26.4,payment,success,Mailed check
2057,CUST-000316,2026-04-16,26.4,payment,success,Mailed check
2058,CUST-000316,2026-05-16,26.4,payment,success,Mailed check
2059,CUST-000316,2026-06-16,26.4,payment,success,Mailed check
2060,CUST-000316,2026-07-16,26.4,payment,success,Mailed check
2061,CUST-000316,2026-08-16,26.4,payment,success,Mailed check
2062,CUST-000317,2026-03-16,93.75,failed_payment,failed,Mailed check
2063,CUST-000317,2026-03-19,93.75,payment,success,Mailed check
2064,CUST-000317,2026-04-16,93.75,payment,success,Mailed check
2065,CUST-000317,2026-05-16,93.75,failed_payment,failed,Mailed check
2066,CUST-000317,2026-05-19,93.75,payment,success,Mailed check
2067,CUST-000317,2026-06-16,93.75,payment,success,Mailed check
2068,CUST-000317,2026-07-16,93.75,failed_payment,failed,Mailed check
2069,CUST-000317,2026-07-19,93.75,payment,success,Mailed check
2070,CUST-000317,2026-08-16,93.75,payment,success,Mailed check
2071,CUST-000318,2026-03-16,30.18,payment,success,Electronic check
2072,CUST-000318,2026-04-16,30.18,payment,success,Electronic check
2073,CUST-000318,2026-05-16,30.18,payment,success,Electronic check
2074,CUST-000318,2026-06-16,30.18,payment,success,Electronic check
2075,CUST-000318,2026-07-16,30.18,payment,success,Electronic check
2076,CUST-000318,2026-08-16,30.18,payment,success,Electronic check
2077,CUST-000319,2026-03-16,28.56,payment,success,Mailed check
2078,CUST-000319,2026-04-16,28.56,payment,success,Mailed check
2079,CUST-000319,2026-05-16,28.56,payment,success,Mailed check
2080,CUST-000319,2026-06-16,28.56,payment,success,Mailed check
2081,CUST-000319,2026-07-16,28.56,payment,success,Mailed check
2082,CUST-000319,2026-08-16,28.56,payment,success,Mailed check
2083,CUST-000320,2026-03-16,51.12,payment,success,Electronic check
2084,CUST-000320,2026-04-16,51.12,payment,success,Electronic check
2085,CUST-000320,2026-05-16,51.12,payment,success,Electronic check
2086,CUST-000320,2026-06-16,51.12,payment,success,Electronic check
2087,CUST-000320,2026-07-16,51.12,payment,success,Electronic check
2088,CUST-000320,2026-08-16,51.12,payment,success,Electronic check
2089,CUST-000321,2026-03-16,21.25,payment,success,Credit card
2090,CUST-000321,2026-04-16,21.25,payment,success,Credit card
2091,CUST-000321,2026-05-16,21.25,payment,success,Credit card
2092,CUST-000321,2026-06-16,21.25,payment,success,Credit card
2093,CUST-000321,2026-07-16,21.25,payment,success,Credit card
2094,CUST-000321,2026-08-16,21.25,payment,success,Credit card
2095,CUST-000322,2026-03-16,63.4,payment,success,Electronic check
2096,CUST-000322,2026-04-16,63.4,failed_payment,failed,Electronic check
2097,CUST-000322,2026-04-19,63.4,payment,success,Electronic check
2098,CUST-000322,2026-05-16,63.4,payment,success,Electronic check
2099,CUST-000322,2026-06-16,63.4,payment,success,Electronic check
2100,CUST-000322,2026-07-16,63.4,payment,success,Electronic check
2101,CUST-000322,2026-08-16,63.4,payment,success,Electronic check
2102,CUST-000323,2026-03-16,90.77,payment,success,Mailed check
2103,CUST-000323,2026-04-16,90.77,failed_payment,failed,Mailed check
2104,CUST-000323,2026-04-19,90.77,payment,success,Mailed check
2105,CUST-000323,2026-05-16,90.77,payment,success,Mailed check
2106,CUST-000323,2026-06-16,90.77,payment,success,Mailed check
2107,CUST-000323,2026-07-16,90.77,payment,success,Mailed check
2108,CUST-000323,2026-08-16,90.77,payment,success,Mailed check
2109,CUST-000324,2026-03-16,100.13,payment,success,Credit card
2110,CUST-000324,2026-04-16,100.13,payment,success,Credit card
2111,CUST-000324,2026-05-16,100.13,failed_payment,failed,Credit card
2112,CUST-000324,2026-05-19,100.13,payment,success,Credit card
2113,CUST-000324,2026-06-16,100.13,payment,success,Credit card
2114,CUST-000324,2026-07-16,100.13,failed_payment,failed,Credit card
2115,CUST-000324,2026-08-16,100.13,payment,success,Credit card
2116,CUST-000325,2026-03-16,80.43,payment,success,Credit card
2117,CUST-000325,2026-04-16,80.43,payment,success,Credit card
2118,CUST-000325,2026-05-16,80.43,payment,success,Credit card
2119,CUST-000325,2026-06-16,80.43,payment,success,Credit card
2120,CUST-000325,2026-07-16,80.43,payment,success,Credit card
2121,CUST-000325,2026-08-16,80.43,payment,success,Credit card
2122,CUST-000326,2026-03-16,104.69,payment,success,Mailed check
2123,CUST-000326,2026-04-16,104.69,payment,success,Mailed check
2124,CUST-000326,2026-05-16,104.69,payment,success,Mailed check
2125,CUST-000326,2026-06-16,104.69,payment,success,Mailed check
2126,CUST-000326,2026-07-16,104.69,payment,success,Mailed check
2127,CUST-000326,2026-08-16,104.69,payment,success,Mailed check
2128,CUST-000327,2026-03-16,60.65,payment,success,Mailed check
2129,CUST-000327,2026-04-16,60.65,payment,success,Mailed check
2130,CUST-000327,2026-05-16,60.65,payment,success,Mailed check
2131,CUST-000327,2026-06-16,60.65,payment,success,Mailed check
2132,CUST-000327,2026-07-16,60.65,payment,success,Mailed check
2133,CUST-000327,2026-08-16,60.65,failed_payment,failed,Mailed check
2134,CUST-000327,2026-08-19,60.65,payment,success,Mailed check
2135,CUST-000328,2026-03-16,104.88,failed_payment,failed,Bank transfer
2136,CUST-000328,2026-03-19,104.88,payment,success,Bank transfer
2137,CUST-000328,2026-04-16,104.88,payment,success,Bank transfer
2138,CUST-000328,2026-05-16,104.88,payment,success,Bank transfer
2139,CUST-000328,2026-06-16,104.88,payment,success,Bank transfer
2140,CUST-000328,2026-07-16,104.88,payment,success,Bank transfer
2141,CUST-000328,2026-08-16,104.88,payment,success,Bank transfer
2142,CUST-000329,2026-03-16,70.65,payment,success,Credit card
2143,CUST-000329,2026-04-16,70.65,payment,success,Credit card
2144,CUST-000329,2026-05-16,70.65,payment,success,Credit card
2145,CUST-000329,2026-06-16,70.65,payment,success,Credit card
2146,CUST-000329,2026-07-16,70.65,payment,success,Credit card
2147,CUST-000329,2026-08-16,70.65,payment,success,Credit card
2148,CUST-000330,2026-03-16,42.3,payment,success,Credit card
2149,CUST-000330,2026-04-16,42.3,payment,success,Credit card
2150,CUST-000330,2026-05-16,42.3,payment,success,Credit card
2151,CUST-000330,2026-06-16,42.3,payment,success,Credit card
2152,CUST-000330,2026-07-16,42.3,payment,success,Credit card
2153,CUST-000330,2026-08-16,42.3,payment,success,Credit card
2154,CUST-000331,2026-03-16,114.41,payment,success,Bank transfer
2155,CUST-000331,2026-04-16,114.41,payment,success,Bank transfer
2156,CUST-000331,2026-05-16,114.41,payment,success,Bank transfer
2157,CUST-000331,2026-06-16,114.41,payment,success,Bank transfer
2158,CUST-000331,2026-07-16,114.41,payment,success,Bank transfer
2159,CUST-000331,2026-08-16,114.41,payment,success,Bank transfer
2160,CUST-000332,2026-03-16,47.5,payment,success,Mailed check
2161,CUST-000332,2026-04-16,47.5,payment,success,Mailed check
2162,CUST-000332,2026-05-16,47.5,failed_payment,failed,Mailed check
2163,CUST-000332,2026-06-16,47.5,payment,success,Mailed check
2164,CUST-000332,2026-07-16,47.5,payment,success,Mailed check
2165,CUST-000332,2026-08-16,47.5,failed_payment,failed,Mailed check
2166,CUST-000332,2026-08-19,47.5,payment,success,Mailed check
2167,CUST-000333,2026-03-16,22.62,payment,success,Mailed check
2168,CUST-000333,2026-04-16,22.62,payment,success,Mailed check
2169,CUST-000333,2026-05-16,22.62,payment,success,Mailed check
2170,CUST-000333,2026-06-16,22.62,payment,success,Mailed check
2171,CUST-000333,2026-07-16,22.62,payment,success,Mailed check
2172,CUST-000333,2026-08-16,22.62,payment,success,Mailed check
2173,CUST-000334,2026-03-16,44.27,payment,success,Bank transfer
2174,CUST-000334,2026-04-16,44.27,payment,success,Bank transfer
2175,CUST-000334,2026-05-16,44.27,payment,success,Bank transfer
2176,CUST-000334,2026-06-16,44.27,payment,success,Bank transfer
2177,CUST-000334,2026-07-16,44.27,payment,success,Bank transfer
2178,CUST-000334,2026-08-16,44.27,payment,success,Bank transfer
2179,CUST-000335,2026-03-16,56.67,payment,success,Credit card
2180,CUST-000335,2026-04-16,56.67,payment,success,Credit card
2181,CUST-000335,2026-05-16,56.67,payment,success,Credit card
2182,CUST-000335,2026-06-16,56.67,payment,success,Credit card
2183,CUST-000335,2026-07-16,56.67,payment,success,Credit card
2184,CUST-000335,2026-08-16,56.67,payment,success,Credit card
2185,CUST-000336,2026-03-16,55.13,payment,success,Electronic check
2186,CUST-000336,2026-04-16,55.13,payment,success,Electronic check
2187,CUST-000336,2026-05-16,55.13,payment,success,Electronic check
2188,CUST-000336,2026-06-16,55.13,payment,success,Electronic check
2189,CUST-000336,2026-07-16,55.13,payment,success,Electronic check
2190,CUST-000336,2026-08-16,55.13,payment,success,Electronic check
2191,CUST-000337,2026-03-16,72.47,payment,success,Credit card
2192,CUST-000337,2026-04-16,72.47,payment,success,Credit card
2193,CUST-000337,2026-05-16,72.47,payment,success,Credit card
2194,CUST-000337,2026-06-16,72.47,payment,success,Credit card
2195,CUST-000337,2026-07-16,72.47,payment,success,Credit card
2196,CUST-000337,2026-08-16,72.47,payment,success,Credit card
2197,CUST-000338,2026-03-16,108.31,payment,success,Mailed check
2198,CUST-000338,2026-04-16,108.31,payment,success,Mailed check
2199,CUST-000338,2026-05-16,108.31,payment,success,Mailed check
2200,CUST-000338,2026-06-16,108.31,payment,success,Mailed check
2201,CUST-000338,2026-07-16,108.31,payment,success,Mailed check
2202,CUST-000338,2026-08-16,108.31,payment,success,Mailed check
2203,CUST-000339,2026-03-16,49.23,failed_payment,failed,Electronic check
2204,CUST-000339,2026-03-19,49.23,payment,success,Electronic check
2205,CUST-000339,2026-04-16,49.23,failed_payment,failed,Electronic check
2206,CUST-000339,2026-04-19,49.23,payment,success,Electronic check
2207,CUST-000339,2026-05-16,49.23,failed_payment,failed,Electronic check
2208,CUST-000339,2026-05-19,49.23,payment,success,Electronic check
2209,CUST-000339,2026-06-16,49.23,failed_payment,failed,Electronic check
2210,CUST-000339,2026-07-16,49.23,failed_payment,failed,Electronic check
2211,CUST-000339,2026-08-16,49.23,failed_payment,failed,Electronic check
2212,CUST-000340,2026-03-16,72.08,payment,success,Electronic check
2213,CUST-000340,2026-04-16,72.08,payment,success,Electronic check
2214,CUST-000340,2026-05-16,72.08,payment,success,Electronic check
2215,CUST-000340,2026-06-16,72.08,payment,success,Electronic check
2216,CUST-000340,2026-07-16,72.08,failed_payment,failed,Electronic check
2217,CUST-000340,2026-07-19,72.08,payment,success,Electronic check
2218,CUST-000340,2026-08-16,72.08,payment,success,Electronic check
2219,CUST-000341,2026-03-16,54.01,payment,success,Mailed check
2220,CUST-000341,2026-04-16,54.01,payment,success,Mailed check
2221,CUST-000341,2026-05-16,54.01,payment,success,Mailed check
2222,CUST-000341,2026-06-16,54.01,failed_payment,failed,Mailed check
2223,CUST-000341,2026-06-19,54.01,payment,success,Mailed check
2224,CUST-000341,2026-07-16,54.01,payment,success,Mailed check
2225,CUST-000341,2026-08-16,54.01,payment,success,Mailed check
2226,CUST-000342,2026-03-16,102.18,payment,success,Electronic check
2227,CUST-000342,2026-04-16,102.18,payment,success,Electronic check
2228,CUST-000342,2026-05-16,102.18,payment,success,Electronic check
2229,CUST-000342,2026-06-16,102.18,payment,success,Electronic check
2230,CUST-000342,2026-07-16,102.18,payment,success,Electronic check
2231,CUST-000342,2026-08-16,102.18,payment,success,Electronic check
2232,CUST-000343,2026-03-16,35.76,payment,success,Electronic check
2233,CUST-000343,2026-04-16,35.76,payment,success,Electronic check
2234,CUST-000343,2026-05-16,35.76,payment,success,Electronic check
2235,CUST-000343,2026-06-16,35.76,payment,success,Electronic check
2236,CUST-000343,2026-07-16,35.76,payment,success,Electronic check
2237,CUST-000343,2026-08-16,35.76,payment,success,Electronic check
2238,CUST-000344,2026-03-16,30.35,payment,success,Mailed check
2239,CUST-000344,2026-04-16,30.35,payment,success,Mailed check
2240,CUST-000344,2026-05-16,30.35,payment,success,Mailed check
2241,CUST-000344,2026-06-16,30.35,failed_payment,failed,Mailed check
2242,CUST-000344,2026-07-16,30.35,payment,success,Mailed check
2243,CUST-000344,2026-08-16,30.35,payment,success,Mailed check
2244,CUST-000345,2026-03-16,70.3,payment,success,Credit card
2245,CUST-000345,2026-04-16,70.3,payment,success,Credit card
2246,CUST-000345,2026-05-16,70.3,payment,success,Credit card
2247,CUST-000345,2026-06-16,70.3,payment,success,Credit card
2248,CUST-000345,2026-07-16,70.3,payment,success,Credit card
2249,CUST-000345,2026-08-16,70.3,payment,success,Credit card
2250,CUST-000346,2026-03-16,87.19,failed_payment,failed,Bank transfer
2251,CUST-000346,2026-03-19,87.19,payment,success,Bank transfer
2252,CUST-000346,2026-04-16,87.19,payment,success,Bank transfer
2253,CUST-000346,2026-05-16,87.19,payment,success,Bank transfer
2254,CUST-000346,2026-06-16,87.19,payment,success,Bank transfer
2255,CUST-000346,2026-07-16,87.19,payment,success,Bank transfer
2256,CUST-000346,2026-08-16,87.19,payment,success,Bank transfer
2257,CUST-000347,2026-03-16,99.55,payment,success,Electronic check
2258,CUST-000347,2026-04-16,99.55,payment,success,Electronic check
2259,CUST-000347,2026-05-16,99.55,payment,success,Electronic check
2260,CUST-000347,2026-06-16,99.55,payment,success,Electronic check
2261,CUST-000347,2026-07-16,99.55,payment,success,Electronic check
2262,CUST-000347,2026-08-16,99.55,payment,success,Electronic check
2263,CUST-000348,2026-03-16,78.96,failed_payment,failed,Bank transfer
2264,CUST-000348,2026-04-16,78.96,failed_payment,failed,Bank transfer
2265,CUST-000348,2026-04-19,78.96,payment,success,Bank transfer
2266,CUST-000348,2026-05-16,78.96,payment,success,Bank transfer
2267,CUST-000348,2026-06-16,78.96,payment,success,Bank transfer
2268,CUST-000348,2026-07-16,78.96,payment,success,Bank transfer
2269,CUST-000348,2026-08-16,78.96,payment,success,Bank transfer
2270,CUST-000349,2026-03-16,97.38,payment,success,Mailed check
2271,CUST-000349,2026-04-16,97.38,payment,success,Mailed check
2272,CUST-000349,2026-05-16,97.38,payment,success,Mailed check
2273,CUST-000349,2026-06-16,97.38,payment,success,Mailed check
2274,CUST-000349,2026-07-16,97.38,payment,success,Mailed check
2275,CUST-000349,2026-08-16,97.38,payment,success,Mailed check
2276,CUST-000350,2026-03-16,59.27,payment,success,Bank transfer
2277,CUST-000350,2026-04-16,59.27,payment,success,Bank transfer
2278,CUST-000350,2026-05-16,59.27,failed_payment,failed,Bank transfer
2279,CUST-000350,2026-06-16,59.27,payment,success,Bank transfer
2280,CUST-000350,2026-07-16,59.27,payment,success,Bank transfer
2281,CUST-000350,2026-08-16,59.27,payment,success,Bank transfer
2282,CUST-000351,2026-03-16,23.29,payment,success,Electronic check
2283,CUST-000351,2026-04-16,23.29,payment,success,Electronic check
2284,CUST-000351,2026-05-16,23.29,payment,success,Electronic check
2285,CUST-000351,2026-06-16,23.29,payment,success,Electronic check
2286,CUST-000351,2026-07-16,23.29,payment,success,Electronic check
2287,CUST-000351,2026-08-16,23.29,payment,success,Electronic check
2288,CUST-000352,2026-03-16,31.61,failed_payment,failed,Electronic check
2289,CUST-000352,2026-03-19,31.61,payment,success,Electronic check
2290,CUST-000352,2026-04-16,31.61,failed_payment,failed,Electronic check
2291,CUST-000352,2026-05-16,31.61,failed_payment,failed,Electronic check
2292,CUST-000352,2026-05-19,31.61,payment,success,Electronic check
2293,CUST-000352,2026-06-16,31.61,payment,success,Electronic check
2294,CUST-000352,2026-07-16,31.61,payment,success,Electronic check
2295,CUST-000352,2026-08-16,31.61,payment,success,Electronic check
2296,CUST-000353,2026-03-16,23.87,payment,success,Mailed check
2297,CUST-000353,2026-04-16,23.87,payment,success,Mailed check
2298,CUST-000353,2026-05-16,23.87,payment,success,Mailed check
2299,CUST-000353,2026-06-16,23.87,payment,success,Mailed check
2300,CUST-000353,2026-07-16,23.87,payment,success,Mailed check
2301,CUST-000353,2026-08-16,23.87,payment,success,Mailed check
2302,CUST-000354,2026-03-16,52.89,payment,success,Credit card
2303,CUST-000354,2026-04-16,52.89,payment,success,Credit card
2304,CUST-000354,2026-05-16,52.89,payment,success,Credit card
2305,CUST-000354,2026-06-16,52.89,payment,success,Credit card
2306,CUST-000354,2026-07-16,52.89,payment,success,Credit card
2307,CUST-000354,2026-08-16,52.89,payment,success,Credit card
2308,CUST-000355,2026-03-16,69.55,payment,success,Bank transfer
2309,CUST-000355,2026-04-16,69.55,payment,success,Bank transfer
2310,CUST-000355,2026-05-16,69.55,failed_payment,failed,Bank transfer
2311,CUST-000355,2026-05-19,69.55,payment,success,Bank transfer
2312,CUST-000355,2026-06-16,69.55,failed_payment,failed,Bank transfer
2313,CUST-000355,2026-07-16,69.55,payment,success,Bank transfer
2314,CUST-000355,2026-08-16,69.55,payment,success,Bank transfer
2315,CUST-000356,2026-03-16,55.63,payment,success,Electronic check
2316,CUST-000356,2026-04-16,55.63,payment,success,Electronic check
2317,CUST-000356,2026-05-16,55.63,payment,success,Electronic check
2318,CUST-000356,2026-06-16,55.63,payment,success,Electronic check
2319,CUST-000356,2026-07-16,55.63,payment,success,Electronic check
2320,CUST-000356,2026-08-16,55.63,payment,success,Electronic check
2321,CUST-000357,2026-03-16,76.06,payment,success,Credit card
2322,CUST-000357,2026-04-16,76.06,payment,success,Credit card
2323,CUST-000357,2026-05-16,76.06,payment,success,Credit card
2324,CUST-000357,2026-06-16,76.06,payment,success,Credit card
2325,CUST-000357,2026-07-16,76.06,payment,success,Credit card
2326,CUST-000357,2026-08-16,76.06,payment,success,Credit card
2327,CUST-000358,2026-03-16,68.06,payment,success,Credit card
2328,CUST-000358,2026-04-16,68.06,payment,success,Credit card
2329,CUST-000358,2026-05-16,68.06,payment,success,Credit card
2330,CUST-000358,2026-06-16,68.06,payment,success,Credit card
2331,CUST-000358,2026-07-16,68.06,payment,success,Credit card
2332,CUST-000358,2026-08-16,68.06,payment,success,Credit card
2333,CUST-000359,2026-03-16,87.79,payment,success,Bank transfer
2334,CUST-000359,2026-04-16,87.79,payment,success,Bank transfer
2335,CUST-000359,2026-05-16,87.79,failed_payment,failed,Bank transfer
2336,CUST-000359,2026-06-16,87.79,payment,success,Bank transfer
2337,CUST-000359,2026-07-16,87.79,failed_payment,failed,Bank transfer
2338,CUST-000359,2026-07-19,87.79,payment,success,Bank transfer
2339,CUST-000359,2026-08-16,87.79,failed_payment,failed,Bank transfer
2340,CUST-000360,2026-03-16,86.7,payment,success,Bank transfer
2341,CUST-000360,2026-04-16,86.7,payment,success,Bank transfer
2342,CUST-000360,2026-05-16,86.7,payment,success,Bank transfer
2343,CUST-000360,2026-06-16,86.7,payment,success,Bank transfer
2344,CUST-000360,2026-07-16,86.7,payment,success,Bank transfer
2345,CUST-000360,2026-08-16,86.7,payment,success,Bank transfer
2346,CUST-000361,2026-03-16,51.81,payment,success,Electronic check
2347,CUST-000361,2026-04-16,51.81,failed_payment,failed,Electronic check
2348,CUST-000361,2026-05-16,51.81,payment,success,Electronic check
2349,CUST-000361,2026-06-16,51.81,payment,success,Electronic check
2350,CUST-000361,2026-07-16,51.81,payment,success,Electronic check
2351,CUST-000361,2026-08-16,51.81,payment,success,Electronic check
2352,CUST-000362,2026-03-16,54.62,payment,success,Bank transfer
2353,CUST-000362,2026-04-16,54.62,payment,success,Bank transfer
2354,CUST-000362,2026-05-16,54.62,payment,success,Bank transfer
2355,CUST-000362,2026-06-16,54.62,payment,success,Bank transfer
2356,CUST-000362,2026-07-16,54.62,payment,success,Bank transfer
2357,CUST-000362,2026-08-16,54.62,payment,success,Bank transfer
2358,CUST-000363,2026-03-16,78.51,payment,success,Credit card
2359,CUST-000363,2026-04-16,78.51,payment,success,Credit card
2360,CUST-000363,2026-05-16,78.51,payment,success,Credit card
2361,CUST-000363,2026-06-16,78.51,failed_payment,failed,Credit card
2362,CUST-000363,2026-06-19,78.51,payment,success,Credit card
2363,CUST-000363,2026-07-16,78.51,payment,success,Credit card
2364,CUST-000363,2026-08-16,78.51,payment,success,Credit card
2365,CUST-000364,2026-03-16,79.64,payment,success,Mailed check
2366,CUST-000364,2026-04-16,79.64,payment,success,Mailed check
2367,CUST-000364,2026-05-16,79.64,payment,success,Mailed check
2368,CUST-000364,2026-06-16,79.64,payment,success,Mailed check
2369,CUST-000364,2026-07-16,79.64,payment,success,Mailed check
2370,CUST-000364,2026-08-16,79.64,payment,success,Mailed check
2371,CUST-000365,2026-03-16,51.47,payment,success,Electronic check
2372,CUST-000365,2026-04-16,51.47,payment,success,Electronic check
2373,CUST-000365,2026-05-16,51.47,payment,success,Electronic check
2374,CUST-000365,2026-06-16,51.47,payment,success,Electronic check
2375,CUST-000365,2026-07-16,51.47,payment,success,Electronic check
2376,CUST-000365,2026-08-16,51.47,payment,success,Electronic check
2377,CUST-000366,2026-03-16,53.03,payment,success,Credit card
2378,CUST-000366,2026-04-16,53.03,payment,success,Credit card
2379,CUST-000366,2026-05-16,53.03,payment,success,Credit card
2380,CUST-000366,2026-06-16,53.03,payment,success,Credit card
2381,CUST-000366,2026-07-16,53.03,failed_payment,failed,Credit card
2382,CUST-000366,2026-07-19,53.03,payment,success,Credit card
2383,CUST-000366,2026-08-16,53.03,failed_payment,failed,Credit card
2384,CUST-000367,2026-03-16,89.4,payment,success,Bank transfer
2385,CUST-000367,2026-04-16,89.4,payment,success,Bank transfer
2386,CUST-000367,2026-05-16,89.4,payment,success,Bank transfer
2387,CUST-000367,2026-06-16,89.4,payment,success,Bank transfer
2388,CUST-000367,2026-07-16,89.4,payment,success,Bank transfer
2389,CUST-000367,2026-08-16,89.4,payment,success,Bank transfer
2390,CUST-000368,2026-03-16,84.74,payment,success,Bank transfer
2391,CUST-000368,2026-04-16,84.74,payment,success,Bank transfer
2392,CUST-000368,2026-05-16,84.74,payment,success,Bank transfer
2393,CUST-000368,2026-06-16,84.74,payment,success,Bank transfer
2394,CUST-000368,2026-07-16,84.74,payment,success,Bank transfer
2395,CUST-000368,2026-08-16,84.74,failed_payment,failed,Bank transfer
2396,CUST-000368,2026-08-19,84.74,payment,success,Bank transfer
2397,CUST-000369,2026-03-16,33.51,payment,success,Bank transfer
2398,CUST-000369,2026-04-16,33.51,payment,success,Bank transfer
2399,CUST-000369,2026-05-16,33.51,payment,success,Bank transfer
2400,CUST-000369,2026-06-16,33.51,payment,success,Bank transfer
2401,CUST-000369,2026-07-16,33.51,payment,success,Bank transfer
2402,CUST-000369,2026-08-16,33.51,payment,success,Bank transfer
2403,CUST-000370,2026-03-16,64.1,payment,success,Electronic check
2404,CUST-000370,2026-04-16,64.1,payment,success,Electronic check
2405,CUST-000370,2026-05-16,64.1,payment,success,Electronic check
2406,CUST-000370,2026-06-16,64.1,payment,success,Electronic check
2407,CUST-000370,2026-07-16,64.1,payment,success,Electronic check
2408,CUST-000370,2026-08-16,64.1,payment,success,Electronic check
2409,CUST-000371,2026-03-16,109.27,payment,success,Electronic check
2410,CUST-000371,2026-04-16,109.27,payment,success,Electronic check
2411,CUST-000371,2026-05-16,109.27,payment,success,Electronic check
2412,CUST-000371,2026-06-16,109.27,payment,success,Electronic check
2413,CUST-000371,2026-07-16,109.27,payment,success,Electronic check
2414,CUST-000371,2026-08-16,109.27,payment,success,Electronic check
2415,CUST-000372,2026-03-16,23.63,payment,success,Credit card
2416,CUST-000372,2026-04-16,23.63,payment,success,Credit card
2417,CUST-000372,2026-05-16,23.63,payment,success,Credit card
2418,CUST-000372,2026-06-16,23.63,payment,success,Credit card
2419,CUST-000372,2026-07-16,23.63,payment,success,Credit card
2420,CUST-000372,2026-08-16,23.63,payment,success,Credit card
2421,CUST-000373,2026-03-16,105.52,payment,success,Credit card
2422,CUST-000373,2026-04-16,105.52,payment,success,Credit card
2423,CUST-000373,2026-05-16,105.52,payment,success,Credit card
2424,CUST-000373,2026-06-16,105.52,payment,success,Credit card
2425,CUST-000373,2026-07-16,105.52,payment,success,Credit card
2426,CUST-000373,2026-08-16,105.52,payment,success,Credit card
2427,CUST-000374,2026-03-16,36.32,failed_payment,failed,Electronic check
2428,CUST-000374,2026-04-16,36.32,failed_payment,failed,Electronic check
2429,CUST-000374,2026-04-19,36.32,payment,success,Electronic check
2430,CUST-000374,2026-05-16,36.32,payment,success,Electronic check
2431,CUST-000374,2026-06-16,36.32,payment,success,Electronic check
2432,CUST-000374,2026-07-16,36.32,payment,success,Electronic check
2433,CUST-000374,2026-08-16,36.32,payment,success,Electronic check
2434,CUST-000375,2026-03-16,70.72,payment,success,Bank transfer
2435,CUST-000375,2026-04-16,70.72,payment,success,Bank transfer
2436,CUST-000375,2026-05-16,70.72,payment,success,Bank transfer
2437,CUST-000375,2026-06-16,70.72,payment,success,Bank transfer
2438,CUST-000375,2026-07-16,70.72,payment,success,Bank transfer
2439,CUST-000375,2026-08-16,70.72,failed_payment,failed,Bank transfer
2440,CUST-000376,2026-03-16,62.43,failed_payment,failed,Bank transfer
2441,CUST-000376,2026-03-19,62.43,payment,success,Bank transfer
2442,CUST-000376,2026-04-16,62.43,payment,success,Bank transfer
2443,CUST-000376,2026-05-16,62.43,payment,success,Bank transfer
2444,CUST-000376,2026-06-16,62.43,payment,success,Bank transfer
2445,CUST-000376,2026-07-16,62.43,payment,success,Bank transfer
2446,CUST-000376,2026-08-16,62.43,payment,success,Bank transfer
2447,CUST-000377,2026-03-16,21.01,payment,success,Mailed check
2448,CUST-000377,2026-04-16,21.01,payment,success,Mailed check
2449,CUST-000377,2026-05-16,21.01,payment,success,Mailed check
2450,CUST-000377,2026-06-16,21.01,payment,success,Mailed check
2451,CUST-000377,2026-07-16,21.01,payment,success,Mailed check
2452,CUST-000377,2026-08-16,21.01,payment,success,Mailed check
2453,CUST-000378,2026-03-16,111.54,payment,success,Bank transfer
2454,CUST-000378,2026-04-16,111.54,payment,success,Bank transfer
2455,CUST-000378,2026-05-16,111.54,payment,success,Bank transfer
2456,CUST-000378,2026-06-16,111.54,payment,success,Bank transfer
2457,CUST-000378,2026-07-16,111.54,failed_payment,failed,Bank transfer
2458,CUST-000378,2026-07-19,111.54,payment,success,Bank transfer
2459,CUST-000378,2026-08-16,111.54,payment,success,Bank transfer
2460,CUST-000379,2026-03-16,65.49,payment,success,Credit card
2461,CUST-000379,2026-04-16,65.49,payment,success,Credit card
2462,CUST-000379,2026-05-16,65.49,payment,success,Credit card
2463,CUST-000379,2026-06-16,65.49,payment,success,Credit card
2464,CUST-000379,2026-07-16,65.49,payment,success,Credit card
2465,CUST-000379,2026-08-16,65.49,payment,success,Credit card
2466,CUST-000380,2026-03-16,115.43,payment,success,Credit card
2467,CUST-000380,2026-04-16,115.43,payment,success,Credit card
2468,CUST-000380,2026-05-16,115.43,payment,success,Credit card
2469,CUST-000380,2026-06-16,115.43,failed_payment,failed,Credit card
2470,CUST-000380,2026-06-19,115.43,payment,success,Credit card
2471,CUST-000380,2026-07-16,115.43,payment,success,Credit card
2472,CUST-000380,2026-08-16,115.43,payment,success,Credit card
2473,CUST-000381,2026-03-16,48.67,payment,success,Electronic check
2474,CUST-000381,2026-04-16,48.67,payment,success,Electronic check
2475,CUST-000381,2026-05-16,48.67,payment,success,Electronic check
2476,CUST-000381,2026-06-16,48.67,payment,success,Electronic check
2477,CUST-000381,2026-07-16,48.67,payment,success,Electronic check
2478,CUST-000381,2026-08-16,48.67,payment,success,Electronic check
2479,CUST-000382,2026-03-16,106.63,payment,success,Mailed check
2480,CUST-000382,2026-04-16,106.63,payment,success,Mailed check
2481,CUST-000382,2026-05-16,106.63,payment,success,Mailed check
2482,CUST-000382,2026-06-16,106.63,payment,success,Mailed check
2483,CUST-000382,2026-07-16,106.63,payment,success,Mailed check
2484,CUST-000382,2026-08-16,106.63,payment,success,Mailed check
2485,CUST-000383,2026-03-16,112.24,payment,success,Credit card
2486,CUST-000383,2026-04-16,112.24,payment,success,Credit card
2487,CUST-000383,2026-05-16,112.24,failed_payment,failed,Credit card
2488,CUST-000383,2026-05-19,112.24,payment,success,Credit card
2489,CUST-000383,2026-06-16,112.24,payment,success,Credit card
2490,CUST-000383,2026-07-16,112.24,payment,success,Credit card
2491,CUST-000383,2026-08-16,112.24,failed_payment,failed,Credit card
2492,CUST-000383,2026-08-19,112.24,payment,success,Credit card
2493,CUST-000384,2026-03-16,75.68,payment,success,Electronic check
2494,CUST-000384,2026-04-16,75.68,payment,success,Electronic check
2495,CUST-000384,2026-05-16,75.68,payment,success,Electronic check
2496,CUST-000384,2026-06-16,75.68,payment,success,Electronic check
2497,CUST-000384,2026-07-16,75.68,failed_payment,failed,Electronic check
2498,CUST-000384,2026-07-19,75.68,payment,success,Electronic check
2499,CUST-000384,2026-08-16,75.68,payment,success,Electronic check
2500,CUST-000385,2026-03-16,40.27,failed_payment,failed,Credit card
2501,CUST-000385,2026-03-19,40.27,payment,success,Credit card
2502,CUST-000385,2026-04-16,40.27,failed_payment,failed,Credit card
2503,CUST-000385,2026-05-16,40.27,payment,success,Credit card
2504,CUST-000385,2026-06-16,40.27,failed_payment,failed,Credit card
2505,CUST-000385,2026-06-19,40.27,payment,success,Credit card
2506,CUST-000385,2026-07-16,40.27,payment,success,Credit card
2507,CUST-000385,2026-08-16,40.27,payment,success,Credit card
2508,CUST-000386,2026-03-16,88.52,payment,success,Mailed check
2509,CUST-000386,2026-04-16,88.52,payment,success,Mailed check
2510,CUST-000386,2026-05-16,88.52,payment,success,Mailed check
2511,CUST-000386,2026-06-16,88.52,payment,success,Mailed check
2512,CUST-000386,2026-07-16,88.52,payment,success,Mailed check
2513,CUST-000386,2026-08-16,88.52,payment,success,Mailed check
2514,CUST-000387,2026-03-16,74.9,payment,success,Bank transfer
2515,CUST-000387,2026-04-16,74.9,payment,success,Bank transfer
2516,CUST-000387,2026-05-16,74.9,payment,success,Bank transfer
2517,CUST-000387,2026-06-16,74.9,payment,success,Bank transfer
2518,CUST-000387,2026-07-16,74.9,payment,success,Bank transfer
2519,CUST-000387,2026-08-16,74.9,payment,success,Bank transfer
2520,CUST-000388,2026-03-16,114.45,payment,success,Mailed check
2521,CUST-000388,2026-04-16,114.45,payment,success,Mailed check
2522,CUST-000388,2026-05-16,114.45,payment,success,Mailed check
2523,CUST-000388,2026-06-16,114.45,payment,success,Mailed check
2524,CUST-000388,2026-07-16,114.45,payment,success,Mailed check
2525,CUST-000388,2026-08-16,114.45,payment,success,Mailed check
2526,CUST-000389,2026-03-16,63.93,payment,success,Credit card
2527,CUST-000389,2026-04-16,63.93,payment,success,Credit card
2528,CUST-000389,2026-05-16,63.93,payment,success,Credit card
2529,CUST-000389,2026-06-16,63.93,payment,success,Credit card
2530,CUST-000389,2026-07-16,63.93,payment,success,Credit card
2531,CUST-000389,2026-08-16,63.93,payment,success,Credit card
2532,CUST-000390,2026-03-16,46.85,payment,success,Bank transfer
2533,CUST-000390,2026-04-16,46.85,payment,success,Bank transfer
2534,CUST-000390,2026-05-16,46.85,payment,success,Bank transfer
2535,CUST-000390,2026-06-16,46.85,payment,success,Bank transfer
2536,CUST-000390,2026-07-16,46.85,payment,success,Bank transfer
2537,CUST-000390,2026-08-16,46.85,payment,success,Bank transfer
2538,CUST-000391,2026-03-16,33.83,payment,success,Bank transfer
2539,CUST-000391,2026-04-16,33.83,payment,success,Bank transfer
2540,CUST-000391,2026-05-16,33.83,payment,success,Bank transfer
2541,CUST-000391,2026-06-16,33.83,payment,success,Bank transfer
2542,CUST-000391,2026-07-16,33.83,payment,success,Bank transfer
2543,CUST-000391,2026-08-16,33.83,payment,success,Bank transfer
2544,CUST-000392,2026-03-16,89.86,payment,success,Mailed check
2545,CUST-000392,2026-04-16,89.86,failed_payment,failed,Mailed check
2546,CUST-000392,2026-05-16,89.86,failed_payment,failed,Mailed check
2547,CUST-000392,2026-05-19,89.86,payment,success,Mailed check
2548,CUST-000392,2026-06-16,89.86,failed_payment,failed,Mailed check
2549,CUST-000392,2026-06-19,89.86,payment,success,Mailed check
2550,CUST-000392,2026-07-16,89.86,payment,success,Mailed check
2551,CUST-000392,2026-08-16,89.86,failed_payment,failed,Mailed check
2552,CUST-000393,2026-03-16,117.41,payment,success,Electronic check
2553,CUST-000393,2026-04-16,117.41,payment,success,Electronic check
2554,CUST-000393,2026-05-16,117.41,payment,success,Electronic check
2555,CUST-000393,2026-06-16,117.41,payment,success,Electronic check
2556,CUST-000393,2026-07-16,117.41,payment,success,Electronic check
2557,CUST-000393,2026-08-16,117.41,payment,success,Electronic check
2558,CUST-000394,2026-03-16,22.83,payment,success,Credit card
2559,CUST-000394,2026-04-16,22.83,payment,success,Credit card
2560,CUST-000394,2026-05-16,22.83,failed_payment,failed,Credit card
2561,CUST-000394,2026-06-16,22.83,payment,success,Credit card
2562,CUST-000394,2026-07-16,22.83,payment,success,Credit card
2563,CUST-000394,2026-08-16,22.83,payment,success,Credit card
2564,CUST-000395,2026-03-16,94.04,failed_payment,failed,Mailed check
2565,CUST-000395,2026-03-19,94.04,payment,success,Mailed check
2566,CUST-000395,2026-04-16,94.04,failed_payment,failed,Mailed check
2567,CUST-000395,2026-04-19,94.04,payment,success,Mailed check
2568,CUST-000395,2026-05-16,94.04,payment,success,Mailed check
2569,CUST-000395,2026-06-16,94.04,failed_payment,failed,Mailed check
2570,CUST-000395,2026-07-16,94.04,payment,success,Mailed check
2571,CUST-000395,2026-08-16,94.04,payment,success,Mailed check
2572,CUST-000396,2026-03-16,112.69,payment,success,Electronic check
2573,CUST-000396,2026-04-16,112.69,payment,success,Electronic check
2574,CUST-000396,2026-05-16,112.69,payment,success,Electronic check
2575,CUST-000396,2026-06-16,112.69,payment,success,Electronic check
2576,CUST-000396,2026-07-16,112.69,payment,success,Electronic check
2577,CUST-000396,2026-08-16,112.69,payment,success,Electronic check
2578,CUST-000397,2026-03-16,27.48,payment,success,Credit card
2579,CUST-000397,2026-04-16,27.48,payment,success,Credit card
2580,CUST-000397,2026-05-16,27.48,payment,success,Credit card
2581,CUST-000397,2026-06-16,27.48,payment,success,Credit card
2582,CUST-000397,2026-07-16,27.48,payment,success,Credit card
2583,CUST-000397,2026-08-16,27.48,payment,success,Credit card
2584,CUST-000398,2026-03-16,31.02,payment,success,Electronic check
2585,CUST-000398,2026-04-16,31.02,failed_payment,failed,Electronic check
2586,CUST-000398,2026-04-19,31.02,payment,success,Electronic check
2587,CUST-000398,2026-05-16,31.02,payment,success,Electronic check
2588,CUST-000398,2026-06-16,31.02,payment,success,Electronic check
2589,CUST-000398,2026-07-16,31.02,failed_payment,failed,Electronic check
2590,CUST-000398,2026-07-19,31.02,payment,success,Electronic check
2591,CUST-000398,2026-08-16,31.02,failed_payment,failed,Electronic check
2592,CUST-000398,2026-08-19,31.02,payment,success,Electronic check
2593,CUST-000399,2026-03-16,89.2,failed_payment,failed,Bank transfer
2594,CUST-000399,2026-04-16,89.2,payment,success,Bank transfer
2595,CUST-000399,2026-05-16,89.2,failed_payment,failed,Bank transfer
2596,CUST-000399,2026-05-19,89.2,payment,success,Bank transfer
2597,CUST-000399,2026-06-16,89.2,payment,success,Bank transfer
2598,CUST-000399,2026-07-16,89.2,failed_payment,failed,Bank transfer
2599,CUST-000399,2026-07-19,89.2,payment,success,Bank transfer
2600,CUST-000399,2026-08-16,89.2,payment,success,Bank transfer
2601,CUST-000400,2026-03-16,84.8,payment,success,Mailed check
2602,CUST-000400,2026-04-16,84.8,payment,success,Mailed check
2603,CUST-000400,2026-05-16,84.8,payment,success,Mailed check
2604,CUST-000400,2026-06-16,84.8,payment,success,Mailed check
2605,CUST-000400,2026-07-16,84.8,payment,success,Mailed check
2606,CUST-000400,2026-08-16,84.8,payment,success,Mailed check
2607,CUST-000401,2026-03-16,26.88,failed_payment,failed,Credit card
2608,CUST-000401,2026-04-16,26.88,payment,success,Credit card
2609,CUST-000401,2026-05-16,26.88,payment,success,Credit card
2610,CUST-000401,2026-06-16,26.88,failed_payment,failed,Credit card
2611,CUST-000401,2026-06-19,26.88,payment,success,Credit card
2612,CUST-000401,2026-07-16,26.88,failed_payment,failed,Credit card
2613,CUST-000401,2026-07-19,26.88,payment,success,Credit card
2614,CUST-000401,2026-08-16,26.88,payment,success,Credit card
2615,CUST-000402,2026-03-16,103.44,payment,success,Electronic check
2616,CUST-000402,2026-04-16,103.44,payment,success,Electronic check
2617,CUST-000402,2026-05-16,103.44,payment,success,Electronic check
2618,CUST-000402,2026-06-16,103.44,payment,success,Electronic check
2619,CUST-000402,2026-07-16,103.44,payment,success,Electronic check
2620,CUST-000402,2026-08-16,103.44,payment,success,Electronic check
2621,CUST-000403,2026-03-16,72.34,payment,success,Credit card
2622,CUST-000403,2026-04-16,72.34,payment,success,Credit card
2623,CUST-000403,2026-05-16,72.34,payment,success,Credit card
2624,CUST-000403,2026-06-16,72.34,payment,success,Credit card
2625,CUST-000403,2026-07-16,72.34,payment,success,Credit card
2626,CUST-000403,2026-08-16,72.34,payment,success,Credit card
2627,CUST-000404,2026-03-16,110.72,payment,success,Electronic check
2628,CUST-000404,2026-04-16,110.72,payment,success,Electronic check
2629,CUST-000404,2026-05-16,110.72,payment,success,Electronic check
2630,CUST-000404,2026-06-16,110.72,payment,success,Electronic check
2631,CUST-000404,2026-07-16,110.72,payment,success,Electronic check
2632,CUST-000404,2026-08-16,110.72,payment,success,Electronic check
2633,CUST-000405,2026-03-16,107.8,payment,success,Credit card
2634,CUST-000405,2026-04-16,107.8,payment,success,Credit card
2635,CUST-000405,2026-05-16,107.8,payment,success,Credit card
2636,CUST-000405,2026-06-16,107.8,payment,success,Credit card
2637,CUST-000405,2026-07-16,107.8,payment,success,Credit card
2638,CUST-000405,2026-08-16,107.8,payment,success,Credit card
2639,CUST-000406,2026-03-16,101.25,payment,success,Mailed check
2640,CUST-000406,2026-04-16,101.25,payment,success,Mailed check
2641,CUST-000406,2026-05-16,101.25,payment,success,Mailed check
2642,CUST-000406,2026-06-16,101.25,payment,success,Mailed check
2643,CUST-000406,2026-07-16,101.25,failed_payment,failed,Mailed check
2644,CUST-000406,2026-07-19,101.25,payment,success,Mailed check
2645,CUST-000406,2026-08-16,101.25,failed_payment,failed,Mailed check
2646,CUST-000407,2026-03-16,71.59,payment,success,Electronic check
2647,CUST-000407,2026-04-16,71.59,failed_payment,failed,Electronic check
2648,CUST-000407,2026-05-16,71.59,payment,success,Electronic check
2649,CUST-000407,2026-06-16,71.59,failed_payment,failed,Electronic check
2650,CUST-000407,2026-06-19,71.59,payment,success,Electronic check
2651,CUST-000407,2026-07-16,71.59,failed_payment,failed,Electronic check
2652,CUST-000407,2026-07-19,71.59,payment,success,Electronic check
2653,CUST-000407,2026-08-16,71.59,payment,success,Electronic check
2654,CUST-000408,2026-03-16,45.17,payment,success,Mailed check
2655,CUST-000408,2026-04-16,45.17,payment,success,Mailed check
2656,CUST-000408,2026-05-16,45.17,payment,success,Mailed check
2657,CUST-000408,2026-06-16,45.17,payment,success,Mailed check
2658,CUST-000408,2026-07-16,45.17,payment,success,Mailed check
2659,CUST-000408,2026-08-16,45.17,payment,success,Mailed check
2660,CUST-000409,2026-03-16,70.6,payment,success,Electronic check
2661,CUST-000409,2026-04-16,70.6,payment,success,Electronic check
2662,CUST-000409,2026-05-16,70.6,payment,success,Electronic check
2663,CUST-000409,2026-06-16,70.6,payment,success,Electronic check
2664,CUST-000409,2026-07-16,70.6,failed_payment,failed,Electronic check
2665,CUST-000409,2026-08-16,70.6,payment,success,Electronic check
2666,CUST-000410,2026-03-16,30.08,payment,success,Mailed check
2667,CUST-000410,2026-04-16,30.08,payment,success,Mailed check
2668,CUST-000410,2026-05-16,30.08,payment,success,Mailed check
2669,CUST-000410,2026-06-16,30.08,payment,success,Mailed check
2670,CUST-000410,2026-07-16,30.08,payment,success,Mailed check
2671,CUST-000410,2026-08-16,30.08,payment,success,Mailed check
2672,CUST-000411,2026-03-16,85.88,payment,success,Bank transfer
2673,CUST-000411,2026-04-16,85.88,payment,success,Bank transfer
2674,CUST-000411,2026-05-16,85.88,payment,success,Bank transfer
2675,CUST-000411,2026-06-16,85.88,payment,success,Bank transfer
2676,CUST-000411,2026-07-16,85.88,payment,success,Bank transfer
2677,CUST-000411,2026-08-16,85.88,payment,success,Bank transfer
2678,CUST-000412,2026-03-16,33.4,payment,success,Bank transfer
2679,CUST-000412,2026-04-16,33.4,payment,success,Bank transfer
2680,CUST-000412,2026-05-16,33.4,payment,success,Bank transfer
2681,CUST-000412,2026-06-16,33.4,payment,success,Bank transfer
2682,CUST-000412,2026-07-16,33.4,payment,success,Bank transfer
2683,CUST-000412,2026-08-16,33.4,payment,success,Bank transfer
2684,CUST-000413,2026-03-16,71.12,payment,success,Bank transfer
2685,CUST-000413,2026-04-16,71.12,payment,success,Bank transfer
2686,CUST-000413,2026-05-16,71.12,payment,success,Bank transfer
2687,CUST-000413,2026-06-16,71.12,payment,success,Bank transfer
2688,CUST-000413,2026-07-16,71.12,payment,success,Bank transfer
2689,CUST-000413,2026-08-16,71.12,payment,success,Bank transfer
2690,CUST-000414,2026-03-16,25.44,payment,success,Credit card
2691,CUST-000414,2026-04-16,25.44,payment,success,Credit card
2692,CUST-000414,2026-05-16,25.44,payment,success,Credit card
2693,CUST-000414,2026-06-16,25.44,payment,success,Credit card
2694,CUST-000414,2026-07-16,25.44,payment,success,Credit card
2695,CUST-000414,2026-08-16,25.44,payment,success,Credit card
2696,CUST-000415,2026-03-16,49.95,failed_payment,failed,Mailed check
2697,CUST-000415,2026-03-19,49.95,payment,success,Mailed check
2698,CUST-000415,2026-04-16,49.95,payment,success,Mailed check
2699,CUST-000415,2026-05-16,49.95,failed_payment,failed,Mailed check
2700,CUST-000415,2026-05-19,49.95,payment,success,Mailed check
2701,CUST-000415,2026-06-16,49.95,failed_payment,failed,Mailed check
2702,CUST-000415,2026-06-19,49.95,payment,success,Mailed check
2703,CUST-000415,2026-07-16,49.95,failed_payment,failed,Mailed check
2704,CUST-000415,2026-07-19,49.95,payment,success,Mailed check
2705,CUST-000415,2026-08-16,49.95,payment,success,Mailed check
2706,CUST-000416,2026-03-16,43.21,payment,success,Bank transfer
2707,CUST-000416,2026-04-16,43.21,payment,success,Bank transfer
2708,CUST-000416,2026-05-16,43.21,payment,success,Bank transfer
2709,CUST-000416,2026-06-16,43.21,payment,success,Bank transfer
2710,CUST-000416,2026-07-16,43.21,payment,success,Bank transfer
2711,CUST-000416,2026-08-16,43.21,payment,success,Bank transfer
2712,CUST-000417,2026-03-16,82.0,payment,success,Electronic check
2713,CUST-000417,2026-04-16,82.0,failed_payment,failed,Electronic check
2714,CUST-000417,2026-04-19,82.0,payment,success,Electronic check
2715,CUST-000417,2026-05-16,82.0,payment,success,Electronic check
2716,CUST-000417,2026-06-16,82.0,payment,success,Electronic check
2717,CUST-000417,2026-07-16,82.0,payment,success,Electronic check
2718,CUST-000417,2026-08-16,82.0,failed_payment,failed,Electronic check
2719,CUST-000417,2026-08-19,82.0,payment,success,Electronic check
2720,CUST-000418,2026-03-16,98.68,payment,success,Mailed check
2721,CUST-000418,2026-04-16,98.68,payment,success,Mailed check
2722,CUST-000418,2026-05-16,98.68,payment,success,Mailed check
2723,CUST-000418,2026-06-16,98.68,payment,success,Mailed check
2724,CUST-000418,2026-07-16,98.68,payment,success,Mailed check
2725,CUST-000418,2026-08-16,98.68,payment,success,Mailed check
2726,CUST-000419,2026-03-16,25.73,payment,success,Bank transfer
2727,CUST-000419,2026-04-16,25.73,payment,success,Bank transfer
2728,CUST-000419,2026-05-16,25.73,payment,success,Bank transfer
2729,CUST-000419,2026-06-16,25.73,payment,success,Bank transfer
2730,CUST-000419,2026-07-16,25.73,payment,success,Bank transfer
2731,CUST-000419,2026-08-16,25.73,payment,success,Bank transfer
2732,CUST-000420,2026-03-16,105.03,payment,success,Electronic check
2733,CUST-000420,2026-04-16,105.03,payment,success,Electronic check
2734,CUST-000420,2026-05-16,105.03,payment,success,Electronic check
2735,CUST-000420,2026-06-16,105.03,payment,success,Electronic check
2736,CUST-000420,2026-07-16,105.03,payment,success,Electronic check
2737,CUST-000420,2026-08-16,105.03,payment,success,Electronic check
2738,CUST-000421,2026-03-16,106.08,payment,success,Mailed check
2739,CUST-000421,2026-04-16,106.08,payment,success,Mailed check
2740,CUST-000421,2026-05-16,106.08,payment,success,Mailed check
2741,CUST-000421,2026-06-16,106.08,payment,success,Mailed check
2742,CUST-000421,2026-07-16,106.08,payment,success,Mailed check
2743,CUST-000421,2026-08-16,106.08,payment,success,Mailed check
2744,CUST-000422,2026-03-16,54.23,payment,success,Electronic check
2745,CUST-000422,2026-04-16,54.23,payment,success,Electronic check
2746,CUST-000422,2026-05-16,54.23,payment,success,Electronic check
2747,CUST-000422,2026-06-16,54.23,payment,success,Electronic check
2748,CUST-000422,2026-07-16,54.23,payment,success,Electronic check
2749,CUST-000422,2026-08-16,54.23,payment,success,Electronic check
2750,CUST-000423,2026-03-16,85.9,payment,success,Credit card
2751,CUST-000423,2026-04-16,85.9,payment,success,Credit card
2752,CUST-000423,2026-05-16,85.9,payment,success,Credit card
2753,CUST-000423,2026-06-16,85.9,payment,success,Credit card
2754,CUST-000423,2026-07-16,85.9,payment,success,Credit card
2755,CUST-000423,2026-08-16,85.9,payment,success,Credit card
2756,CUST-000424,2026-03-16,60.26,payment,success,Bank transfer
2757,CUST-000424,2026-04-16,60.26,failed_payment,failed,Bank transfer
2758,CUST-000424,2026-04-19,60.26,payment,success,Bank transfer
2759,CUST-000424,2026-05-16,60.26,payment,success,Bank transfer
2760,CUST-000424,2026-06-16,60.26,payment,success,Bank transfer
2761,CUST-000424,2026-07-16,60.26,failed_payment,failed,Bank transfer
2762,CUST-000424,2026-07-19,60.26,payment,success,Bank transfer
2763,CUST-000424,2026-08-16,60.26,payment,success,Bank transfer
2764,CUST-000425,2026-03-16,35.42,payment,success,Bank transfer
2765,CUST-000425,2026-04-16,35.42,payment,success,Bank transfer
2766,CUST-000425,2026-05-16,35.42,payment,success,Bank transfer
2767,CUST-000425,2026-06-16,35.42,payment,success,Bank transfer
2768,CUST-000425,2026-07-16,35.42,payment,success,Bank transfer
2769,CUST-000425,2026-08-16,35.42,payment,success,Bank transfer
2770,CUST-000426,2026-03-16,72.87,payment,success,Bank transfer
2771,CUST-000426,2026-04-16,72.87,failed_payment,failed,Bank transfer
2772,CUST-000426,2026-05-16,72.87,payment,success,Bank transfer
2773,CUST-000426,2026-06-16,72.87,payment,success,Bank transfer
2774,CUST-000426,2026-07-16,72.87,payment,success,Bank transfer
2775,CUST-000426,2026-08-16,72.87,payment,success,Bank transfer
2776,CUST-000427,2026-03-16,28.64,failed_payment,failed,Electronic check
2777,CUST-000427,2026-03-19,28.64,payment,success,Electronic check
2778,CUST-000427,2026-04-16,28.64,payment,success,Electronic check
2779,CUST-000427,2026-05-16,28.64,payment,success,Electronic check
2780,CUST-000427,2026-06-16,28.64,payment,success,Electronic check
2781,CUST-000427,2026-07-16,28.64,payment,success,Electronic check
2782,CUST-000427,2026-08-16,28.64,payment,success,Electronic check
2783,CUST-000428,2026-03-16,107.85,payment,success,Electronic check
2784,CUST-000428,2026-04-16,107.85,payment,success,Electronic check
2785,CUST-000428,2026-05-16,107.85,payment,success,Electronic check
2786,CUST-000428,2026-06-16,107.85,payment,success,Electronic check
2787,CUST-000428,2026-07-16,107.85,payment,success,Electronic check
2788,CUST-000428,2026-08-16,107.85,payment,success,Electronic check
2789,CUST-000429,2026-03-16,112.43,payment,success,Mailed check
2790,CUST-000429,2026-04-16,112.43,payment,success,Mailed check
2791,CUST-000429,2026-05-16,112.43,payment,success,Mailed check
2792,CUST-000429,2026-06-16,112.43,payment,success,Mailed check
2793,CUST-000429,2026-07-16,112.43,payment,success,Mailed check
2794,CUST-000429,2026-08-16,112.43,payment,success,Mailed check
2795,CUST-000430,2026-03-16,102.16,payment,success,Electronic check
2796,CUST-000430,2026-04-16,102.16,payment,success,Electronic check
2797,CUST-000430,2026-05-16,102.16,payment,success,Electronic check
2798,CUST-000430,2026-06-16,102.16,payment,success,Electronic check
2799,CUST-000430,2026-07-16,102.16,payment,success,Electronic check
2800,CUST-000430,2026-08-16,102.16,payment,success,Electronic check
2801,CUST-000431,2026-03-16,76.25,payment,success,Mailed check
2802,CUST-000431,2026-04-16,76.25,payment,success,Mailed check
2803,CUST-000431,2026-05-16,76.25,payment,success,Mailed check
2804,CUST-000431,2026-06-16,76.25,payment,success,Mailed check
2805,CUST-000431,2026-07-16,76.25,payment,success,Mailed check
2806,CUST-000431,2026-08-16,76.25,payment,success,Mailed check
2807,CUST-000432,2026-03-16,75.76,failed_payment,failed,Mailed check
2808,CUST-000432,2026-04-16,75.76,payment,success,Mailed check
2809,CUST-000432,2026-05-16,75.76,failed_payment,failed,Mailed check
2810,CUST-000432,2026-05-19,75.76,payment,success,Mailed check
2811,CUST-000432,2026-06-16,75.76,payment,success,Mailed check
2812,CUST-000432,2026-07-16,75.76,payment,success,Mailed check
2813,CUST-000432,2026-08-16,75.76,payment,success,Mailed check
2814,CUST-000433,2026-03-16,118.46,payment,success,Credit card
2815,CUST-000433,2026-04-16,118.46,payment,success,Credit card
2816,CUST-000433,2026-05-16,118.46,payment,success,Credit card
2817,CUST-000433,2026-06-16,118.46,payment,success,Credit card
2818,CUST-000433,2026-07-16,118.46,payment,success,Credit card
2819,CUST-000433,2026-08-16,118.46,payment,success,Credit card
2820,CUST-000434,2026-03-16,44.79,payment,success,Mailed check
2821,CUST-000434,2026-04-16,44.79,payment,success,Mailed check
2822,CUST-000434,2026-05-16,44.79,payment,success,Mailed check
2823,CUST-000434,2026-06-16,44.79,payment,success,Mailed check
2824,CUST-000434,2026-07-16,44.79,payment,success,Mailed check
2825,CUST-000434,2026-08-16,44.79,payment,success,Mailed check
2826,CUST-000435,2026-03-16,27.59,payment,success,Electronic check
2827,CUST-000435,2026-04-16,27.59,payment,success,Electronic check
2828,CUST-000435,2026-05-16,27.59,payment,success,Electronic check
2829,CUST-000435,2026-06-16,27.59,payment,success,Electronic check
2830,CUST-000435,2026-07-16,27.59,payment,success,Electronic check
2831,CUST-000435,2026-08-16,27.59,payment,success,Electronic check
2832,CUST-000436,2026-03-16,76.19,payment,success,Credit card
2833,CUST-000436,2026-04-16,76.19,payment,success,Credit card
2834,CUST-000436,2026-05-16,76.19,payment,success,Credit card
2835,CUST-000436,2026-06-16,76.19,payment,success,Credit card
2836,CUST-000436,2026-07-16,76.19,payment,success,Credit card
2837,CUST-000436,2026-08-16,76.19,payment,success,Credit card
2838,CUST-000437,2026-03-16,52.88,payment,success,Electronic check
2839,CUST-000437,2026-04-16,52.88,failed_payment,failed,Electronic check
2840,CUST-000437,2026-04-19,52.88,payment,success,Electronic check
2841,CUST-000437,2026-05-16,52.88,payment,success,Electronic check
2842,CUST-000437,2026-06-16,52.88,payment,success,Electronic check
2843,CUST-000437,2026-07-16,52.88,payment,success,Electronic check
2844,CUST-000437,2026-08-16,52.88,failed_payment,failed,Electronic check
2845,CUST-000437,2026-08-19,52.88,payment,success,Electronic check
2846,CUST-000438,2026-03-16,52.23,payment,success,Electronic check
2847,CUST-000438,2026-04-16,52.23,payment,success,Electronic check
2848,CUST-000438,2026-05-16,52.23,payment,success,Electronic check
2849,CUST-000438,2026-06-16,52.23,payment,success,Electronic check
2850,CUST-000438,2026-07-16,52.23,payment,success,Electronic check
2851,CUST-000438,2026-08-16,52.23,payment,success,Electronic check
2852,CUST-000439,2026-03-16,20.71,payment,success,Mailed check
2853,CUST-000439,2026-04-16,20.71,payment,success,Mailed check
2854,CUST-000439,2026-05-16,20.71,payment,success,Mailed check
2855,CUST-000439,2026-06-16,20.71,payment,success,Mailed check
2856,CUST-000439,2026-07-16,20.71,payment,success,Mailed check
2857,CUST-000439,2026-08-16,20.71,payment,success,Mailed check
2858,CUST-000440,2026-03-16,79.62,payment,success,Electronic check
2859,CUST-000440,2026-04-16,79.62,payment,success,Electronic check
2860,CUST-000440,2026-05-16,79.62,payment,success,Electronic check
2861,CUST-000440,2026-06-16,79.62,payment,success,Electronic check
2862,CUST-000440,2026-07-16,79.62,payment,success,Electronic check
2863,CUST-000440,2026-08-16,79.62,payment,success,Electronic check
2864,CUST-000441,2026-03-16,46.4,payment,success,Credit card
2865,CUST-000441,2026-04-16,46.4,payment,success,Credit card
2866,CUST-000441,2026-05-16,46.4,payment,success,Credit card
2867,CUST-000441,2026-06-16,46.4,payment,success,Credit card
2868,CUST-000441,2026-07-16,46.4,payment,success,Credit card
2869,CUST-000441,2026-08-16,46.4,payment,success,Credit card
2870,CUST-000442,2026-03-16,38.79,payment,success,Mailed check
2871,CUST-000442,2026-04-16,38.79,payment,success,Mailed check
2872,CUST-000442,2026-05-16,38.79,payment,success,Mailed check
2873,CUST-000442,2026-06-16,38.79,payment,success,Mailed check
2874,CUST-000442,2026-07-16,38.79,failed_payment,failed,Mailed check
2875,CUST-000442,2026-08-16,38.79,failed_payment,failed,Mailed check
2876,CUST-000443,2026-03-16,24.04,payment,success,Credit card
2877,CUST-000443,2026-04-16,24.04,payment,success,Credit card
2878,CUST-000443,2026-05-16,24.04,payment,success,Credit card
2879,CUST-000443,2026-06-16,24.04,payment,success,Credit card
2880,CUST-000443,2026-07-16,24.04,payment,success,Credit card
2881,CUST-000443,2026-08-16,24.04,payment,success,Credit card
2882,CUST-000444,2026-03-16,56.44,payment,success,Electronic check
2883,CUST-000444,2026-04-16,56.44,payment,success,Electronic check
2884,CUST-000444,2026-05-16,56.44,payment,success,Electronic check
2885,CUST-000444,2026-06-16,56.44,payment,success,Electronic check
2886,CUST-000444,2026-07-16,56.44,payment,success,Electronic check
2887,CUST-000444,2026-08-16,56.44,payment,success,Electronic check
2888,CUST-000445,2026-03-16,107.9,payment,success,Bank transfer
2889,CUST-000445,2026-04-16,107.9,failed_payment,failed,Bank transfer
2890,CUST-000445,2026-04-19,107.9,payment,success,Bank transfer
2891,CUST-000445,2026-05-16,107.9,payment,success,Bank transfer
2892,CUST-000445,2026-06-16,107.9,payment,success,Bank transfer
2893,CUST-000445,2026-07-16,107.9,payment,success,Bank transfer
2894,CUST-000445,2026-08-16,107.9,payment,success,Bank transfer
2895,CUST-000446,2026-03-16,53.67,payment,success,Electronic check
2896,CUST-000446,2026-04-16,53.67,failed_payment,failed,Electronic check
2897,CUST-000446,2026-04-19,53.67,payment,success,Electronic check
2898,CUST-000446,2026-05-16,53.67,payment,success,Electronic check
2899,CUST-000446,2026-06-16,53.67,payment,success,Electronic check
2900,CUST-000446,2026-07-16,53.67,payment,success,Electronic check
2901,CUST-000446,2026-08-16,53.67,payment,success,Electronic check
2902,CUST-000447,2026-03-16,87.91,payment,success,Electronic check
2903,CUST-000447,2026-04-16,87.91,payment,success,Electronic check
2904,CUST-000447,2026-05-16,87.91,payment,success,Electronic check
2905,CUST-000447,2026-06-16,87.91,payment,success,Electronic check
2906,CUST-000447,2026-07-16,87.91,payment,success,Electronic check
2907,CUST-000447,2026-08-16,87.91,payment,success,Electronic check
2908,CUST-000448,2026-03-16,95.65,payment,success,Mailed check
2909,CUST-000448,2026-04-16,95.65,payment,success,Mailed check
2910,CUST-000448,2026-05-16,95.65,payment,success,Mailed check
2911,CUST-000448,2026-06-16,95.65,payment,success,Mailed check
2912,CUST-000448,2026-07-16,95.65,payment,success,Mailed check
2913,CUST-000448,2026-08-16,95.65,payment,success,Mailed check
2914,CUST-000449,2026-03-16,52.81,payment,success,Credit card
2915,CUST-000449,2026-04-16,52.81,payment,success,Credit card
2916,CUST-000449,2026-05-16,52.81,payment,success,Credit card
2917,CUST-000449,2026-06-16,52.81,payment,success,Credit card
2918,CUST-000449,2026-07-16,52.81,payment,success,Credit card
2919,CUST-000449,2026-08-16,52.81,payment,success,Credit card
2920,CUST-000450,2026-03-16,102.16,payment,success,Mailed check
2921,CUST-000450,2026-04-16,102.16,payment,success,Mailed check
2922,CUST-000450,2026-05-16,102.16,payment,success,Mailed check
2923,CUST-000450,2026-06-16,102.16,payment,success,Mailed check
2924,CUST-000450,2026-07-16,102.16,payment,success,Mailed check
2925,CUST-000450,2026-08-16,102.16,payment,success,Mailed check
2926,CUST-000451,2026-03-16,89.19,payment,success,Credit card
2927,CUST-000451,2026-04-16,89.19,payment,success,Credit card
2928,CUST-000451,2026-05-16,89.19,payment,success,Credit card
2929,CUST-000451,2026-06-16,89.19,payment,success,Credit card
2930,CUST-000451,2026-07-16,89.19,payment,success,Credit card
2931,CUST-000451,2026-08-16,89.19,payment,success,Credit card
2932,CUST-000452,2026-03-16,75.92,payment,success,Electronic check
2933,CUST-000452,2026-04-16,75.92,failed_payment,failed,Electronic check
2934,CUST-000452,2026-04-19,75.92,payment,success,Electronic check
2935,CUST-000452,2026-05-16,75.92,payment,success,Electronic check
2936,CUST-000452,2026-06-16,75.92,payment,success,Electronic check
2937,CUST-000452,2026-07-16,75.92,payment,success,Electronic check
2938,CUST-000452,2026-08-16,75.92,payment,success,Electronic check
2939,CUST-000453,2026-03-16,20.1,payment,success,Mailed check
2940,CUST-000453,2026-04-16,20.1,payment,success,Mailed check
2941,CUST-000453,2026-05-16,20.1,failed_payment,failed,Mailed check
2942,CUST-000453,2026-05-19,20.1,payment,success,Mailed check
2943,CUST-000453,2026-06-16,20.1,payment,success,Mailed check
2944,CUST-000453,2026-07-16,20.1,payment,success,Mailed check
2945,CUST-000453,2026-08-16,20.1,payment,success,Mailed check
2946,CUST-000454,2026-03-16,23.51,failed_payment,failed,Bank transfer
2947,CUST-000454,2026-04-16,23.51,payment,success,Bank transfer
2948,CUST-000454,2026-05-16,23.51,payment,success,Bank transfer
2949,CUST-000454,2026-06-16,23.51,payment,success,Bank transfer
2950,CUST-000454,2026-07-16,23.51,payment,success,Bank transfer
2951,CUST-000454,2026-08-16,23.51,payment,success,Bank transfer
2952,CUST-000455,2026-03-16,119.09,failed_payment,failed,Mailed check
2953,CUST-000455,2026-04-16,119.09,payment,success,Mailed check
2954,CUST-000455,2026-05-16,119.09,failed_payment,failed,Mailed check
2955,CUST-000455,2026-05-19,119.09,payment,success,Mailed check
2956,CUST-000455,2026-06-16,119.09,payment,success,Mailed check
2957,CUST-000455,2026-07-16,119.09,failed_payment,failed,Mailed check
2958,CUST-000455,2026-07-19,119.09,payment,success,Mailed check
2959,CUST-000455,2026-08-16,119.09,payment,success,Mailed check
2960,CUST-000456,2026-03-16,98.23,payment,success,Bank transfer
2961,CUST-000456,2026-04-16,98.23,failed_payment,failed,Bank transfer
2962,CUST-000456,2026-05-16,98.23,payment,success,Bank transfer
2963,CUST-000456,2026-06-16,98.23,payment,success,Bank transfer
2964,CUST-000456,2026-07-16,98.23,payment,success,Bank transfer
2965,CUST-000456,2026-08-16,98.23,payment,success,Bank transfer
2966,CUST-000457,2026-03-16,113.76,payment,success,Bank transfer
2967,CUST-000457,2026-04-16,113.76,payment,success,Bank transfer
2968,CUST-000457,2026-05-16,113.76,payment,success,Bank transfer
2969,CUST-000457,2026-06-16,113.76,payment,success,Bank transfer
2970,CUST-000457,2026-07-16,113.76,payment,success,Bank transfer
2971,CUST-000457,2026-08-16,113.76,payment,success,Bank transfer
2972,CUST-000458,2026-03-16,110.23,failed_payment,failed,Electronic check
2973,CUST-000458,2026-03-19,110.23,payment,success,Electronic check
2974,CUST-000458,2026-04-16,110.23,payment,success,Electronic check
2975,CUST-000458,2026-05-16,110.23,failed_payment,failed,Electronic check
2976,CUST-000458,2026-05-19,110.23,payment,success,Electronic check
2977,CUST-000458,2026-06-16,110.23,payment,success,Electronic check
2978,CUST-000458,2026-07-16,110.23,failed_payment,failed,Electronic check
2979,CUST-000458,2026-07-19,110.23,payment,success,Electronic check
2980,CUST-000458,2026-08-16,110.23,payment,success,Electronic check
2981,CUST-000459,2026-03-16,22.04,payment,success,Bank transfer
2982,CUST-000459,2026-04-16,22.04,payment,success,Bank transfer
2983,CUST-000459,2026-05-16,22.04,payment,success,Bank transfer
2984,CUST-000459,2026-06-16,22.04,payment,success,Bank transfer
2985,CUST-000459,2026-07-16,22.04,payment,success,Bank transfer
2986,CUST-000459,2026-08-16,22.04,payment,success,Bank transfer
2987,CUST-000460,2026-03-16,99.18,payment,success,Credit card
2988,CUST-000460,2026-04-16,99.18,payment,success,Credit card
2989,CUST-000460,2026-05-16,99.18,failed_payment,failed,Credit card
2990,CUST-000460,2026-05-19,99.18,payment,success,Credit card
2991,CUST-000460,2026-06-16,99.18,payment,success,Credit card
2992,CUST-000460,2026-07-16,99.18,payment,success,Credit card
2993,CUST-000460,2026-08-16,99.18,payment,success,Credit card
2994,CUST-000461,2026-03-16,65.11,payment,success,Credit card
2995,CUST-000461,2026-04-16,65.11,failed_payment,failed,Credit card
2996,CUST-000461,2026-04-19,65.11,payment,success,Credit card
2997,CUST-000461,2026-05-16,65.11,payment,success,Credit card
2998,CUST-000461,2026-06-16,65.11,payment,success,Credit card
2999,CUST-000461,2026-07-16,65.11,payment,success,Credit card
3000,CUST-000461,2026-08-16,65.11,failed_payment,failed,Credit card
3001,CUST-000461,2026-08-19,65.11,payment,success,Credit card
3002,CUST-000462,2026-03-16,98.96,payment,success,Mailed check
3003,CUST-000462,2026-04-16,98.96,failed_payment,failed,Mailed check
3004,CUST-000462,2026-04-19,98.96,payment,success,Mailed check
3005,CUST-000462,2026-05-16,98.96,payment,success,Mailed check
3006,CUST-000462,2026-06-16,98.96,failed_payment,failed,Mailed check
3007,CUST-000462,2026-06-19,98.96,payment,success,Mailed check
3008,CUST-000462,2026-07-16,98.96,payment,success,Mailed check
3009,CUST-000462,2026-08-16,98.96,failed_payment,failed,Mailed check
3010,CUST-000463,2026-03-16,20.67,payment,success,Mailed check
3011,CUST-000463,2026-04-16,20.67,payment,success,Mailed check
3012,CUST-000463,2026-05-16,20.67,payment,success,Mailed check
3013,CUST-000463,2026-06-16,20.67,payment,success,Mailed check
3014,CUST-000463,2026-07-16,20.67,payment,success,Mailed check
3015,CUST-000463,2026-08-16,20.67,payment,success,Mailed check
3016,CUST-000464,2026-03-16,48.82,payment,success,Credit card
3017,CUST-000464,2026-04-16,48.82,payment,success,Credit card
3018,CUST-000464,2026-05-16,48.82,payment,success,Credit card
3019,CUST-000464,2026-06-16,48.82,payment,success,Credit card
3020,CUST-000464,2026-07-16,48.82,payment,success,Credit card
3021,CUST-000464,2026-08-16,48.82,payment,success,Credit card
3022,CUST-000465,2026-03-16,95.13,payment,success,Credit card
3023,CUST-000465,2026-04-16,95.13,payment,success,Credit card
3024,CUST-000465,2026-05-16,95.13,failed_payment,failed,Credit card
3025,CUST-000465,2026-05-19,95.13,payment,success,Credit card
3026,CUST-000465,2026-06-16,95.13,payment,success,Credit card
3027,CUST-000465,2026-07-16,95.13,payment,success,Credit card
3028,CUST-000465,2026-08-16,95.13,payment,success,Credit card
3029,CUST-000466,2026-03-16,99.3,payment,success,Credit card
3030,CUST-000466,2026-04-16,99.3,payment,success,Credit card
3031,CUST-000466,2026-05-16,99.3,payment,success,Credit card
3032,CUST-000466,2026-06-16,99.3,payment,success,Credit card
3033,CUST-000466,2026-07-16,99.3,payment,success,Credit card
3034,CUST-000466,2026-08-16,99.3,payment,success,Credit card
3035,CUST-000467,2026-03-16,81.97,payment,success,Credit card
3036,CUST-000467,2026-04-16,81.97,payment,success,Credit card
3037,CUST-000467,2026-05-16,81.97,payment,success,Credit card
3038,CUST-000467,2026-06-16,81.97,payment,success,Credit card
3039,CUST-000467,2026-07-16,81.97,payment,success,Credit card
3040,CUST-000467,2026-08-16,81.97,payment,success,Credit card
3041,CUST-000468,2026-03-16,50.13,payment,success,Mailed check
3042,CUST-000468,2026-04-16,50.13,payment,success,Mailed check
3043,CUST-000468,2026-05-16,50.13,payment,success,Mailed check
3044,CUST-000468,2026-06-16,50.13,payment,success,Mailed check
3045,CUST-000468,2026-07-16,50.13,payment,success,Mailed check
3046,CUST-000468,2026-08-16,50.13,payment,success,Mailed check
3047,CUST-000469,2026-03-16,51.04,payment,success,Electronic check
3048,CUST-000469,2026-04-16,51.04,failed_payment,failed,Electronic check
3049,CUST-000469,2026-05-16,51.04,failed_payment,failed,Electronic check
3050,CUST-000469,2026-05-19,51.04,payment,success,Electronic check
3051,CUST-000469,2026-06-16,51.04,payment,success,Electronic check
3052,CUST-000469,2026-07-16,51.04,payment,success,Electronic check
3053,CUST-000469,2026-08-16,51.04,payment,success,Electronic check
3054,CUST-000470,2026-03-16,116.68,payment,success,Electronic check
3055,CUST-000470,2026-04-16,116.68,failed_payment,failed,Electronic check
3056,CUST-000470,2026-04-19,116.68,payment,success,Electronic check
3057,CUST-000470,2026-05-16,116.68,payment,success,Electronic check
3058,CUST-000470,2026-06-16,116.68,failed_payment,failed,Electronic check
3059,CUST-000470,2026-06-19,116.68,payment,success,Electronic check
3060,CUST-000470,2026-07-16,116.68,failed_payment,failed,Electronic check
3061,CUST-000470,2026-08-16,116.68,payment,success,Electronic check
3062,CUST-000471,2026-03-16,63.92,payment,success,Mailed check
3063,CUST-000471,2026-04-16,63.92,payment,success,Mailed check
3064,CUST-000471,2026-05-16,63.92,payment,success,Mailed check
3065,CUST-000471,2026-06-16,63.92,payment,success,Mailed check
3066,CUST-000471,2026-07-16,63.92,payment,success,Mailed check
3067,CUST-000471,2026-08-16,63.92,payment,success,Mailed check
3068,CUST-000472,2026-03-16,64.71,payment,success,Credit card
3069,CUST-000472,2026-04-16,64.71,payment,success,Credit card
3070,CUST-000472,2026-05-16,64.71,payment,success,Credit card
3071,CUST-000472,2026-06-16,64.71,payment,success,Credit card
3072,CUST-000472,2026-07-16,64.71,payment,success,Credit card
3073,CUST-000472,2026-08-16,64.71,payment,success,Credit card
3074,CUST-000473,2026-03-16,75.23,payment,success,Mailed check
3075,CUST-000473,2026-04-16,75.23,payment,success,Mailed check
3076,CUST-000473,2026-05-16,75.23,failed_payment,failed,Mailed check
3077,CUST-000473,2026-05-19,75.23,payment,success,Mailed check
3078,CUST-000473,2026-06-16,75.23,payment,success,Mailed check
3079,CUST-000473,2026-07-16,75.23,payment,success,Mailed check
3080,CUST-000473,2026-08-16,75.23,payment,success,Mailed check
3081,CUST-000474,2026-03-16,60.95,payment,success,Mailed check
3082,CUST-000474,2026-04-16,60.95,failed_payment,failed,Mailed check
3083,CUST-000474,2026-04-19,60.95,payment,success,Mailed check
3084,CUST-000474,2026-05-16,60.95,payment,success,Mailed check
3085,CUST-000474,2026-06-16,60.95,failed_payment,failed,Mailed check
3086,CUST-000474,2026-06-19,60.95,payment,success,Mailed check
3087,CUST-000474,2026-07-16,60.95,payment,success,Mailed check
3088,CUST-000474,2026-08-16,60.95,payment,success,Mailed check
3089,CUST-000475,2026-03-16,75.27,payment,success,Credit card
3090,CUST-000475,2026-04-16,75.27,payment,success,Credit card
3091,CUST-000475,2026-05-16,75.27,payment,success,Credit card
3092,CUST-000475,2026-06-16,75.27,payment,success,Credit card
3093,CUST-000475,2026-07-16,75.27,payment,success,Credit card
3094,CUST-000475,2026-08-16,75.27,payment,success,Credit card
3095,CUST-000476,2026-03-16,63.23,failed_payment,failed,Electronic check
3096,CUST-000476,2026-03-19,63.23,payment,success,Electronic check
3097,CUST-000476,2026-04-16,63.23,failed_payment,failed,Electronic check
3098,CUST-000476,2026-04-19,63.23,payment,success,Electronic check
3099,CUST-000476,2026-05-16,63.23,payment,success,Electronic check
3100,CUST-000476,2026-06-16,63.23,failed_payment,failed,Electronic check
3101,CUST-000476,2026-06-19,63.23,payment,success,Electronic check
3102,CUST-000476,2026-07-16,63.23,payment,success,Electronic check
3103,CUST-000476,2026-08-16,63.23,failed_payment,failed,Electronic check
3104,CUST-000477,2026-03-16,102.67,failed_payment,failed,Bank transfer
3105,CUST-000477,2026-03-19,102.67,payment,success,Bank transfer
3106,CUST-000477,2026-04-16,102.67,payment,success,Bank transfer
3107,CUST-000477,2026-05-16,102.67,payment,success,Bank transfer
3108,CUST-000477,2026-06-16,102.67,failed_payment,failed,Bank transfer
3109,CUST-000477,2026-07-16,102.67,payment,success,Bank transfer
3110,CUST-000477,2026-08-16,102.67,failed_payment,failed,Bank transfer
3111,CUST-000477,2026-08-19,102.67,payment,success,Bank transfer
3112,CUST-000478,2026-03-16,110.91,payment,success,Bank transfer
3113,CUST-000478,2026-04-16,110.91,payment,success,Bank transfer
3114,CUST-000478,2026-05-16,110.91,payment,success,Bank transfer
3115,CUST-000478,2026-06-16,110.91,payment,success,Bank transfer
3116,CUST-000478,2026-07-16,110.91,payment,success,Bank transfer
3117,CUST-000478,2026-08-16,110.91,payment,success,Bank transfer
3118,CUST-000479,2026-03-16,113.21,payment,success,Credit card
3119,CUST-000479,2026-04-16,113.21,payment,success,Credit card
3120,CUST-000479,2026-05-16,113.21,failed_payment,failed,Credit card
3121,CUST-000479,2026-05-19,113.21,payment,success,Credit card
3122,CUST-000479,2026-06-16,113.21,payment,success,Credit card
3123,CUST-000479,2026-07-16,113.21,payment,success,Credit card
3124,CUST-000479,2026-08-16,113.21,payment,success,Credit card
3125,CUST-000480,2026-03-16,76.43,payment,success,Mailed check
3126,CUST-000480,2026-04-16,76.43,payment,success,Mailed check
3127,CUST-000480,2026-05-16,76.43,payment,success,Mailed check
3128,CUST-000480,2026-06-16,76.43,payment,success,Mailed check
3129,CUST-000480,2026-07-16,76.43,payment,success,Mailed check
3130,CUST-000480,2026-08-16,76.43,payment,success,Mailed check
3131,CUST-000481,2026-03-16,64.21,payment,success,Bank transfer
3132,CUST-000481,2026-04-16,64.21,payment,success,Bank transfer
3133,CUST-000481,2026-05-16,64.21,payment,success,Bank transfer
3134,CUST-000481,2026-06-16,64.21,payment,success,Bank transfer
3135,CUST-000481,2026-07-16,64.21,payment,success,Bank transfer
3136,CUST-000481,2026-08-16,64.21,payment,success,Bank transfer
3137,CUST-000482,2026-03-16,90.52,payment,success,Credit card
3138,CUST-000482,2026-04-16,90.52,failed_payment,failed,Credit card
3139,CUST-000482,2026-04-19,90.52,payment,success,Credit card
3140,CUST-000482,2026-05-16,90.52,failed_payment,failed,Credit card
3141,CUST-000482,2026-05-19,90.52,payment,success,Credit card
3142,CUST-000482,2026-06-16,90.52,payment,success,Credit card
3143,CUST-000482,2026-07-16,90.52,payment,success,Credit card
3144,CUST-000482,2026-08-16,90.52,payment,success,Credit card
3145,CUST-000483,2026-03-16,103.83,payment,success,Credit card
3146,CUST-000483,2026-04-16,103.83,payment,success,Credit card
3147,CUST-000483,2026-05-16,103.83,payment,success,Credit card
3148,CUST-000483,2026-06-16,103.83,payment,success,Credit card
3149,CUST-000483,2026-07-16,103.83,payment,success,Credit card
3150,CUST-000483,2026-08-16,103.83,payment,success,Credit card
3151,CUST-000484,2026-03-16,76.3,payment,success,Bank transfer
3152,CUST-000484,2026-04-16,76.3,payment,success,Bank transfer
3153,CUST-000484,2026-05-16,76.3,payment,success,Bank transfer
3154,CUST-000484,2026-06-16,76.3,payment,success,Bank transfer
3155,CUST-000484,2026-07-16,76.3,failed_payment,failed,Bank transfer
3156,CUST-000484,2026-07-19,76.3,payment,success,Bank transfer
3157,CUST-000484,2026-08-16,76.3,failed_payment,failed,Bank transfer
3158,CUST-000485,2026-03-16,90.0,payment,success,Bank transfer
3159,CUST-000485,2026-04-16,90.0,payment,success,Bank transfer
3160,CUST-000485,2026-05-16,90.0,payment,success,Bank transfer
3161,CUST-000485,2026-06-16,90.0,payment,success,Bank transfer
3162,CUST-000485,2026-07-16,90.0,payment,success,Bank transfer
3163,CUST-000485,2026-08-16,90.0,payment,success,Bank transfer
3164,CUST-000486,2026-03-16,94.97,failed_payment,failed,Credit card
3165,CUST-000486,2026-03-19,94.97,payment,success,Credit card
3166,CUST-000486,2026-04-16,94.97,payment,success,Credit card
3167,CUST-000486,2026-05-16,94.97,failed_payment,failed,Credit card
3168,CUST-000486,2026-05-19,94.97,payment,success,Credit card
3169,CUST-000486,2026-06-16,94.97,failed_payment,failed,Credit card
3170,CUST-000486,2026-06-19,94.97,payment,success,Credit card
3171,CUST-000486,2026-07-16,94.97,failed_payment,failed,Credit card
3172,CUST-000486,2026-07-19,94.97,payment,success,Credit card
3173,CUST-000486,2026-08-16,94.97,payment,success,Credit card
3174,CUST-000487,2026-03-16,87.64,payment,success,Credit card
3175,CUST-000487,2026-04-16,87.64,failed_payment,failed,Credit card
3176,CUST-000487,2026-04-19,87.64,payment,success,Credit card
3177,CUST-000487,2026-05-16,87.64,payment,success,Credit card
3178,CUST-000487,2026-06-16,87.64,payment,success,Credit card
3179,CUST-000487,2026-07-16,87.64,failed_payment,failed,Credit card
3180,CUST-000487,2026-07-19,87.64,payment,success,Credit card
3181,CUST-000487,2026-08-16,87.64,payment,success,Credit card
3182,CUST-000488,2026-03-16,94.61,payment,success,Bank transfer
3183,CUST-000488,2026-04-16,94.61,failed_payment,failed,Bank transfer
3184,CUST-000488,2026-05-16,94.61,payment,success,Bank transfer
3185,CUST-000488,2026-06-16,94.61,payment,success,Bank transfer
3186,CUST-000488,2026-07-16,94.61,payment,success,Bank transfer
3187,CUST-000488,2026-08-16,94.61,payment,success,Bank transfer
3188,CUST-000489,2026-03-16,40.86,payment,success,Mailed check
3189,CUST-000489,2026-04-16,40.86,payment,success,Mailed check
3190,CUST-000489,2026-05-16,40.86,payment,success,Mailed check
3191,CUST-000489,2026-06-16,40.86,payment,success,Mailed check
3192,CUST-000489,2026-07-16,40.86,payment,success,Mailed check
3193,CUST-000489,2026-08-16,40.86,payment,success,Mailed check
3194,CUST-000490,2026-03-16,69.84,payment,success,Bank transfer
3195,CUST-000490,2026-04-16,69.84,payment,success,Bank transfer
3196,CUST-000490,2026-05-16,69.84,payment,success,Bank transfer
3197,CUST-000490,2026-06-16,69.84,payment,success,Bank transfer
3198,CUST-000490,2026-07-16,69.84,payment,success,Bank transfer
3199,CUST-000490,2026-08-16,69.84,payment,success,Bank transfer
3200,CUST-000491,2026-03-16,78.83,payment,success,Electronic check
3201,CUST-000491,2026-04-16,78.83,payment,success,Electronic check
3202,CUST-000491,2026-05-16,78.83,payment,success,Electronic check
3203,CUST-000491,2026-06-16,78.83,payment,success,Electronic check
3204,CUST-000491,2026-07-16,78.83,payment,success,Electronic check
3205,CUST-000491,2026-08-16,78.83,failed_payment,failed,Electronic check
3206,CUST-000491,2026-08-19,78.83,payment,success,Electronic check
3207,CUST-000492,2026-03-16,20.25,payment,success,Bank transfer
3208,CUST-000492,2026-04-16,20.25,payment,success,Bank transfer
3209,CUST-000492,2026-05-16,20.25,payment,success,Bank transfer
3210,CUST-000492,2026-06-16,20.25,payment,success,Bank transfer
3211,CUST-000492,2026-07-16,20.25,payment,success,Bank transfer
3212,CUST-000492,2026-08-16,20.25,payment,success,Bank transfer
3213,CUST-000493,2026-03-16,105.6,payment,success,Mailed check
3214,CUST-000493,2026-04-16,105.6,payment,success,Mailed check
3215,CUST-000493,2026-05-16,105.6,payment,success,Mailed check
3216,CUST-000493,2026-06-16,105.6,payment,success,Mailed check
3217,CUST-000493,2026-07-16,105.6,payment,success,Mailed check
3218,CUST-000493,2026-08-16,105.6,payment,success,Mailed check
3219,CUST-000494,2026-03-16,81.0,payment,success,Credit card
3220,CUST-000494,2026-04-16,81.0,payment,success,Credit card
3221,CUST-000494,2026-05-16,81.0,payment,success,Credit card
3222,CUST-000494,2026-06-16,81.0,payment,success,Credit card
3223,CUST-000494,2026-07-16,81.0,payment,success,Credit card
3224,CUST-000494,2026-08-16,81.0,failed_payment,failed,Credit card
3225,CUST-000494,2026-08-19,81.0,payment,success,Credit card
3226,CUST-000495,2026-03-16,32.91,payment,success,Bank transfer
3227,CUST-000495,2026-04-16,32.91,payment,success,Bank transfer
3228,CUST-000495,2026-05-16,32.91,payment,success,Bank transfer
3229,CUST-000495,2026-06-16,32.91,failed_payment,failed,Bank transfer
3230,CUST-000495,2026-06-19,32.91,payment,success,Bank transfer
3231,CUST-000495,2026-07-16,32.91,payment,success,Bank transfer
3232,CUST-000495,2026-08-16,32.91,payment,success,Bank transfer
3233,CUST-000496,2026-03-16,101.64,payment,success,Credit card
3234,CUST-000496,2026-04-16,101.64,payment,success,Credit card
3235,CUST-000496,2026-05-16,101.64,failed_payment,failed,Credit card
3236,CUST-000496,2026-05-19,101.64,payment,success,Credit card
3237,CUST-000496,2026-06-16,101.64,payment,success,Credit card
3238,CUST-000496,2026-07-16,101.64,failed_payment,failed,Credit card
3239,CUST-000496,2026-07-19,101.64,payment,success,Credit card
3240,CUST-000496,2026-08-16,101.64,payment,success,Credit card
3241,CUST-000497,2026-03-16,91.71,payment,success,Credit card
3242,CUST-000497,2026-04-16,91.71,payment,success,Credit card
3243,CUST-000497,2026-05-16,91.71,payment,success,Credit card
3244,CUST-000497,2026-06-16,91.71,payment,success,Credit card
3245,CUST-000497,2026-07-16,91.71,failed_payment,failed,Credit card
3246,CUST-000497,2026-08-16,91.71,payment,success,Credit card
3247,CUST-000498,2026-03-16,95.83,payment,success,Credit card
3248,CUST-000498,2026-04-16,95.83,payment,success,Credit card
3249,CUST-000498,2026-05-16,95.83,payment,success,Credit card
3250,CUST-000498,2026-06-16,95.83,payment,success,Credit card
3251,CUST-000498,2026-07-16,95.83,payment,success,Credit card
3252,CUST-000498,2026-08-16,95.83,payment,success,Credit card
3253,CUST-000499,2026-03-16,59.2,payment,success,Electronic check
3254,CUST-000499,2026-04-16,59.2,payment,success,Electronic check
3255,CUST-000499,2026-05-16,59.2,payment,success,Electronic check
3256,CUST-000499,2026-06-16,59.2,payment,success,Electronic check
3257,CUST-000499,2026-07-16,59.2,payment,success,Electronic check
3258,CUST-000499,2026-08-16,59.2,payment,success,Electronic check
3259,CUST-000500,2026-03-16,105.42,payment,success,Credit card
3260,CUST-000500,2026-04-16,105.42,failed_payment,failed,Credit card
3261,CUST-000500,2026-05-16,105.42,payment,success,Credit card
3262,CUST-000500,2026-06-16,105.42,payment,success,Credit card
3263,CUST-000500,2026-07-16,105.42,payment,success,Credit card
3264,CUST-000500,2026-08-16,105.42,failed_payment,failed,Credit card
3265,CUST-000500,2026-08-19,105.42,payment,success,Credit card
3266,CUST-000501,2026-03-16,61.4,payment,success,Mailed check
3267,CUST-000501,2026-04-16,61.4,payment,success,Mailed check
3268,CUST-000501,2026-05-16,61.4,payment,success,Mailed check
3269,CUST-000501,2026-06-16,61.4,payment,success,Mailed check
3270,CUST-000501,2026-07-16,61.4,payment,success,Mailed check
3271,CUST-000501,2026-08-16,61.4,payment,success,Mailed check
3272,CUST-000502,2026-03-16,77.05,payment,success,Bank transfer
3273,CUST-000502,2026-04-16,77.05,payment,success,Bank transfer
3274,CUST-000502,2026-05-16,77.05,payment,success,Bank transfer
3275,CUST-000502,2026-06-16,77.05,payment,success,Bank transfer
3276,CUST-000502,2026-07-16,77.05,payment,success,Bank transfer
3277,CUST-000502,2026-08-16,77.05,payment,success,Bank transfer
3278,CUST-000503,2026-03-16,20.06,payment,success,Mailed check
3279,CUST-000503,2026-04-16,20.06,payment,success,Mailed check
3280,CUST-000503,2026-05-16,20.06,payment,success,Mailed check
3281,CUST-000503,2026-06-16,20.06,payment,success,Mailed check
3282,CUST-000503,2026-07-16,20.06,payment,success,Mailed check
3283,CUST-000503,2026-08-16,20.06,payment,success,Mailed check
3284,CUST-000504,2026-03-16,84.49,payment,success,Mailed check
3285,CUST-000504,2026-04-16,84.49,payment,success,Mailed check
3286,CUST-000504,2026-05-16,84.49,payment,success,Mailed check
3287,CUST-000504,2026-06-16,84.49,payment,success,Mailed check
3288,CUST-000504,2026-07-16,84.49,payment,success,Mailed check
3289,CUST-000504,2026-08-16,84.49,payment,success,Mailed check
3290,CUST-000505,2026-03-16,91.82,payment,success,Credit card
3291,CUST-000505,2026-04-16,91.82,payment,success,Credit card
3292,CUST-000505,2026-05-16,91.82,payment,success,Credit card
3293,CUST-000505,2026-06-16,91.82,failed_payment,failed,Credit card
3294,CUST-000505,2026-06-19,91.82,payment,success,Credit card
3295,CUST-000505,2026-07-16,91.82,payment,success,Credit card
3296,CUST-000505,2026-08-16,91.82,payment,success,Credit card
3297,CUST-000506,2026-03-16,76.71,payment,success,Credit card
3298,CUST-000506,2026-04-16,76.71,payment,success,Credit card
3299,CUST-000506,2026-05-16,76.71,payment,success,Credit card
3300,CUST-000506,2026-06-16,76.71,payment,success,Credit card
3301,CUST-000506,2026-07-16,76.71,payment,success,Credit card
3302,CUST-000506,2026-08-16,76.71,payment,success,Credit card
3303,CUST-000507,2026-03-16,69.66,payment,success,Bank transfer
3304,CUST-000507,2026-04-16,69.66,payment,success,Bank transfer
3305,CUST-000507,2026-05-16,69.66,payment,success,Bank transfer
3306,CUST-000507,2026-06-16,69.66,payment,success,Bank transfer
3307,CUST-000507,2026-07-16,69.66,payment,success,Bank transfer
3308,CUST-000507,2026-08-16,69.66,payment,success,Bank transfer
3309,CUST-000508,2026-03-16,100.99,payment,success,Electronic check
3310,CUST-000508,2026-04-16,100.99,payment,success,Electronic check
3311,CUST-000508,2026-05-16,100.99,payment,success,Electronic check
3312,CUST-000508,2026-06-16,100.99,payment,success,Electronic check
3313,CUST-000508,2026-07-16,100.99,payment,success,Electronic check
3314,CUST-000508,2026-08-16,100.99,payment,success,Electronic check
3315,CUST-000509,2026-03-16,88.14,payment,success,Electronic check
3316,CUST-000509,2026-04-16,88.14,failed_payment,failed,Electronic check
3317,CUST-000509,2026-05-16,88.14,payment,success,Electronic check
3318,CUST-000509,2026-06-16,88.14,failed_payment,failed,Electronic check
3319,CUST-000509,2026-07-16,88.14,failed_payment,failed,Electronic check
3320,CUST-000509,2026-07-19,88.14,payment,success,Electronic check
3321,CUST-000509,2026-08-16,88.14,payment,success,Electronic check
3322,CUST-000510,2026-03-16,47.81,payment,success,Electronic check
3323,CUST-000510,2026-04-16,47.81,payment,success,Electronic check
3324,CUST-000510,2026-05-16,47.81,payment,success,Electronic check
3325,CUST-000510,2026-06-16,47.81,failed_payment,failed,Electronic check
3326,CUST-000510,2026-07-16,47.81,payment,success,Electronic check
3327,CUST-000510,2026-08-16,47.81,payment,success,Electronic check
3328,CUST-000511,2026-03-16,115.91,payment,success,Credit card
3329,CUST-000511,2026-04-16,115.91,failed_payment,failed,Credit card
3330,CUST-000511,2026-04-19,115.91,payment,success,Credit card
3331,CUST-000511,2026-05-16,115.91,payment,success,Credit card
3332,CUST-000511,2026-06-16,115.91,payment,success,Credit card
3333,CUST-000511,2026-07-16,115.91,payment,success,Credit card
3334,CUST-000511,2026-08-16,115.91,payment,success,Credit card
3335,CUST-000512,2026-03-16,90.73,payment,success,Mailed check
3336,CUST-000512,2026-04-16,90.73,payment,success,Mailed check
3337,CUST-000512,2026-05-16,90.73,payment,success,Mailed check
3338,CUST-000512,2026-06-16,90.73,payment,success,Mailed check
3339,CUST-000512,2026-07-16,90.73,payment,success,Mailed check
3340,CUST-000512,2026-08-16,90.73,payment,success,Mailed check
3341,CUST-000513,2026-03-16,118.79,failed_payment,failed,Electronic check
3342,CUST-000513,2026-04-16,118.79,payment,success,Electronic check
3343,CUST-000513,2026-05-16,118.79,payment,success,Electronic check
3344,CUST-000513,2026-06-16,118.79,payment,success,Electronic check
3345,CUST-000513,2026-07-16,118.79,payment,success,Electronic check
3346,CUST-000513,2026-08-16,118.79,payment,success,Electronic check
3347,CUST-000514,2026-03-16,117.13,payment,success,Bank transfer
3348,CUST-000514,2026-04-16,117.13,payment,success,Bank transfer
3349,CUST-000514,2026-05-16,117.13,payment,success,Bank transfer
3350,CUST-000514,2026-06-16,117.13,payment,success,Bank transfer
3351,CUST-000514,2026-07-16,117.13,failed_payment,failed,Bank transfer
3352,CUST-000514,2026-07-19,117.13,payment,success,Bank transfer
3353,CUST-000514,2026-08-16,117.13,failed_payment,failed,Bank transfer
3354,CUST-000515,2026-03-16,111.89,payment,success,Credit card
3355,CUST-000515,2026-04-16,111.89,payment,success,Credit card
3356,CUST-000515,2026-05-16,111.89,payment,success,Credit card
3357,CUST-000515,2026-06-16,111.89,payment,success,Credit card
3358,CUST-000515,2026-07-16,111.89,payment,success,Credit card
3359,CUST-000515,2026-08-16,111.89,payment,success,Credit card
3360,CUST-000516,2026-03-16,95.54,payment,success,Bank transfer
3361,CUST-000516,2026-04-16,95.54,payment,success,Bank transfer
3362,CUST-000516,2026-05-16,95.54,payment,success,Bank transfer
3363,CUST-000516,2026-06-16,95.54,payment,success,Bank transfer
3364,CUST-000516,2026-07-16,95.54,payment,success,Bank transfer
3365,CUST-000516,2026-08-16,95.54,payment,success,Bank transfer
3366,CUST-000517,2026-03-16,80.94,failed_payment,failed,Mailed check
3367,CUST-000517,2026-04-16,80.94,payment,success,Mailed check
3368,CUST-000517,2026-05-16,80.94,failed_payment,failed,Mailed check
3369,CUST-000517,2026-05-19,80.94,payment,success,Mailed check
3370,CUST-000517,2026-06-16,80.94,payment,success,Mailed check
3371,CUST-000517,2026-07-16,80.94,payment,success,Mailed check
3372,CUST-000517,2026-08-16,80.94,payment,success,Mailed check
3373,CUST-000518,2026-03-16,37.22,payment,success,Electronic check
3374,CUST-000518,2026-04-16,37.22,payment,success,Electronic check
3375,CUST-000518,2026-05-16,37.22,payment,success,Electronic check
3376,CUST-000518,2026-06-16,37.22,payment,success,Electronic check
3377,CUST-000518,2026-07-16,37.22,payment,success,Electronic check
3378,CUST-000518,2026-08-16,37.22,payment,success,Electronic check
3379,CUST-000519,2026-03-16,74.34,payment,success,Credit card
3380,CUST-000519,2026-04-16,74.34,payment,success,Credit card
3381,CUST-000519,2026-05-16,74.34,payment,success,Credit card
3382,CUST-000519,2026-06-16,74.34,failed_payment,failed,Credit card
3383,CUST-000519,2026-06-19,74.34,payment,success,Credit card
3384,CUST-000519,2026-07-16,74.34,payment,success,Credit card
3385,CUST-000519,2026-08-16,74.34,payment,success,Credit card
3386,CUST-000520,2026-03-16,96.54,payment,success,Electronic check
3387,CUST-000520,2026-04-16,96.54,payment,success,Electronic check
3388,CUST-000520,2026-05-16,96.54,payment,success,Electronic check
3389,CUST-000520,2026-06-16,96.54,payment,success,Electronic check
3390,CUST-000520,2026-07-16,96.54,payment,success,Electronic check
3391,CUST-000520,2026-08-16,96.54,payment,success,Electronic check
3392,CUST-000521,2026-03-16,72.09,payment,success,Credit card
3393,CUST-000521,2026-04-16,72.09,payment,success,Credit card
3394,CUST-000521,2026-05-16,72.09,payment,success,Credit card
3395,CUST-000521,2026-06-16,72.09,payment,success,Credit card
3396,CUST-000521,2026-07-16,72.09,payment,success,Credit card
3397,CUST-000521,2026-08-16,72.09,payment,success,Credit card
3398,CUST-000522,2026-03-16,106.82,payment,success,Electronic check
3399,CUST-000522,2026-04-16,106.82,payment,success,Electronic check
3400,CUST-000522,2026-05-16,106.82,payment,success,Electronic check
3401,CUST-000522,2026-06-16,106.82,payment,success,Electronic check
3402,CUST-000522,2026-07-16,106.82,payment,success,Electronic check
3403,CUST-000522,2026-08-16,106.82,payment,success,Electronic check
3404,CUST-000523,2026-03-16,30.97,failed_payment,failed,Electronic check
3405,CUST-000523,2026-03-19,30.97,payment,success,Electronic check
3406,CUST-000523,2026-04-16,30.97,failed_payment,failed,Electronic check
3407,CUST-000523,2026-04-19,30.97,payment,success,Electronic check
3408,CUST-000523,2026-05-16,30.97,payment,success,Electronic check
3409,CUST-000523,2026-06-16,30.97,failed_payment,failed,Electronic check
3410,CUST-000523,2026-06-19,30.97,payment,success,Electronic check
3411,CUST-000523,2026-07-16,30.97,payment,success,Electronic check
3412,CUST-000523,2026-08-16,30.97,failed_payment,failed,Electronic check
3413,CUST-000523,2026-08-19,30.97,payment,success,Electronic check
3414,CUST-000524,2026-03-16,58.09,payment,success,Mailed check
3415,CUST-000524,2026-04-16,58.09,payment,success,Mailed check
3416,CUST-000524,2026-05-16,58.09,payment,success,Mailed check
3417,CUST-000524,2026-06-16,58.09,payment,success,Mailed check
3418,CUST-000524,2026-07-16,58.09,payment,success,Mailed check
3419,CUST-000524,2026-08-16,58.09,payment,success,Mailed check
3420,CUST-000525,2026-03-16,70.6,payment,success,Electronic check
3421,CUST-000525,2026-04-16,70.6,payment,success,Electronic check
3422,CUST-000525,2026-05-16,70.6,payment,success,Electronic check
3423,CUST-000525,2026-06-16,70.6,payment,success,Electronic check
3424,CUST-000525,2026-07-16,70.6,payment,success,Electronic check
3425,CUST-000525,2026-08-16,70.6,payment,success,Electronic check
3426,CUST-000526,2026-03-16,63.23,failed_payment,failed,Electronic check
3427,CUST-000526,2026-03-19,63.23,payment,success,Electronic check
3428,CUST-000526,2026-04-16,63.23,payment,success,Electronic check
3429,CUST-000526,2026-05-16,63.23,payment,success,Electronic check
3430,CUST-000526,2026-06-16,63.23,payment,success,Electronic check
3431,CUST-000526,2026-07-16,63.23,failed_payment,failed,Electronic check
3432,CUST-000526,2026-08-16,63.23,payment,success,Electronic check
3433,CUST-000527,2026-03-16,30.86,payment,success,Electronic check
3434,CUST-000527,2026-04-16,30.86,payment,success,Electronic check
3435,CUST-000527,2026-05-16,30.86,payment,success,Electronic check
3436,CUST-000527,2026-06-16,30.86,payment,success,Electronic check
3437,CUST-000527,2026-07-16,30.86,payment,success,Electronic check
3438,CUST-000527,2026-08-16,30.86,payment,success,Electronic check
3439,CUST-000528,2026-03-16,35.35,payment,success,Bank transfer
3440,CUST-000528,2026-04-16,35.35,payment,success,Bank transfer
3441,CUST-000528,2026-05-16,35.35,payment,success,Bank transfer
3442,CUST-000528,2026-06-16,35.35,payment,success,Bank transfer
3443,CUST-000528,2026-07-16,35.35,payment,success,Bank transfer
3444,CUST-000528,2026-08-16,35.35,payment,success,Bank transfer
3445,CUST-000529,2026-03-16,103.76,payment,success,Credit card
3446,CUST-000529,2026-04-16,103.76,payment,success,Credit card
3447,CUST-000529,2026-05-16,103.76,payment,success,Credit card
3448,CUST-000529,2026-06-16,103.76,payment,success,Credit card
3449,CUST-000529,2026-07-16,103.76,payment,success,Credit card
3450,CUST-000529,2026-08-16,103.76,payment,success,Credit card
3451,CUST-000530,2026-03-16,68.44,failed_payment,failed,Electronic check
3452,CUST-000530,2026-04-16,68.44,payment,success,Electronic check
3453,CUST-000530,2026-05-16,68.44,payment,success,Electronic check
3454,CUST-000530,2026-06-16,68.44,payment,success,Electronic check
3455,CUST-000530,2026-07-16,68.44,payment,success,Electronic check
3456,CUST-000530,2026-08-16,68.44,payment,success,Electronic check
3457,CUST-000531,2026-03-16,24.87,failed_payment,failed,Bank transfer
3458,CUST-000531,2026-03-19,24.87,payment,success,Bank transfer
3459,CUST-000531,2026-04-16,24.87,payment,success,Bank transfer
3460,CUST-000531,2026-05-16,24.87,payment,success,Bank transfer
3461,CUST-000531,2026-06-16,24.87,payment,success,Bank transfer
3462,CUST-000531,2026-07-16,24.87,payment,success,Bank transfer
3463,CUST-000531,2026-08-16,24.87,payment,success,Bank transfer
3464,CUST-000532,2026-03-16,21.65,payment,success,Mailed check
3465,CUST-000532,2026-04-16,21.65,payment,success,Mailed check
3466,CUST-000532,2026-05-16,21.65,payment,success,Mailed check
3467,CUST-000532,2026-06-16,21.65,payment,success,Mailed check
3468,CUST-000532,2026-07-16,21.65,payment,success,Mailed check
3469,CUST-000532,2026-08-16,21.65,payment,success,Mailed check
3470,CUST-000533,2026-03-16,67.35,failed_payment,failed,Mailed check
3471,CUST-000533,2026-03-19,67.35,payment,success,Mailed check
3472,CUST-000533,2026-04-16,67.35,payment,success,Mailed check
3473,CUST-000533,2026-05-16,67.35,payment,success,Mailed check
3474,CUST-000533,2026-06-16,67.35,failed_payment,failed,Mailed check
3475,CUST-000533,2026-06-19,67.35,payment,success,Mailed check
3476,CUST-000533,2026-07-16,67.35,payment,success,Mailed check
3477,CUST-000533,2026-08-16,67.35,payment,success,Mailed check
3478,CUST-000534,2026-03-16,36.44,payment,success,Mailed check
3479,CUST-000534,2026-04-16,36.44,payment,success,Mailed check
3480,CUST-000534,2026-05-16,36.44,payment,success,Mailed check
3481,CUST-000534,2026-06-16,36.44,payment,success,Mailed check
3482,CUST-000534,2026-07-16,36.44,payment,success,Mailed check
3483,CUST-000534,2026-08-16,36.44,failed_payment,failed,Mailed check
3484,CUST-000534,2026-08-19,36.44,payment,success,Mailed check
3485,CUST-000535,2026-03-16,90.51,payment,success,Credit card
3486,CUST-000535,2026-04-16,90.51,payment,success,Credit card
3487,CUST-000535,2026-05-16,90.51,payment,success,Credit card
3488,CUST-000535,2026-06-16,90.51,failed_payment,failed,Credit card
3489,CUST-000535,2026-07-16,90.51,payment,success,Credit card
3490,CUST-000535,2026-08-16,90.51,payment,success,Credit card
3491,CUST-000536,2026-03-16,99.53,failed_payment,failed,Bank transfer
3492,CUST-000536,2026-03-19,99.53,payment,success,Bank transfer
3493,CUST-000536,2026-04-16,99.53,payment,success,Bank transfer
3494,CUST-000536,2026-05-16,99.53,failed_payment,failed,Bank transfer
3495,CUST-000536,2026-05-19,99.53,payment,success,Bank transfer
3496,CUST-000536,2026-06-16,99.53,payment,success,Bank transfer
3497,CUST-000536,2026-07-16,99.53,payment,success,Bank transfer
3498,CUST-000536,2026-08-16,99.53,payment,success,Bank transfer
3499,CUST-000537,2026-03-16,42.83,failed_payment,failed,Bank transfer
3500,CUST-000537,2026-04-16,42.83,payment,success,Bank transfer
3501,CUST-000537,2026-05-16,42.83,payment,success,Bank transfer
3502,CUST-000537,2026-06-16,42.83,payment,success,Bank transfer
3503,CUST-000537,2026-07-16,42.83,payment,success,Bank transfer
3504,CUST-000537,2026-08-16,42.83,payment,success,Bank transfer
3505,CUST-000538,2026-03-16,79.22,failed_payment,failed,Credit card
3506,CUST-000538,2026-03-19,79.22,payment,success,Credit card
3507,CUST-000538,2026-04-16,79.22,payment,success,Credit card
3508,CUST-000538,2026-05-16,79.22,payment,success,Credit card
3509,CUST-000538,2026-06-16,79.22,payment,success,Credit card
3510,CUST-000538,2026-07-16,79.22,payment,success,Credit card
3511,CUST-000538,2026-08-16,79.22,failed_payment,failed,Credit card
3512,CUST-000538,2026-08-19,79.22,payment,success,Credit card
3513,CUST-000539,2026-03-16,35.44,payment,success,Bank transfer
3514,CUST-000539,2026-04-16,35.44,payment,success,Bank transfer
3515,CUST-000539,2026-05-16,35.44,payment,success,Bank transfer
3516,CUST-000539,2026-06-16,35.44,payment,success,Bank transfer
3517,CUST-000539,2026-07-16,35.44,payment,success,Bank transfer
3518,CUST-000539,2026-08-16,35.44,payment,success,Bank transfer
3519,CUST-000540,2026-03-16,50.36,payment,success,Electronic check
3520,CUST-000540,2026-04-16,50.36,failed_payment,failed,Electronic check
3521,CUST-000540,2026-05-16,50.36,payment,success,Electronic check
3522,CUST-000540,2026-06-16,50.36,payment,success,Electronic check
3523,CUST-000540,2026-07-16,50.36,payment,success,Electronic check
3524,CUST-000540,2026-08-16,50.36,payment,success,Electronic check
3525,CUST-000541,2026-03-16,108.88,payment,success,Electronic check
3526,CUST-000541,2026-04-16,108.88,payment,success,Electronic check
3527,CUST-000541,2026-05-16,108.88,payment,success,Electronic check
3528,CUST-000541,2026-06-16,108.88,payment,success,Electronic check
3529,CUST-000541,2026-07-16,108.88,payment,success,Electronic check
3530,CUST-000541,2026-08-16,108.88,payment,success,Electronic check
3531,CUST-000542,2026-03-16,74.41,payment,success,Mailed check
3532,CUST-000542,2026-04-16,74.41,payment,success,Mailed check
3533,CUST-000542,2026-05-16,74.41,payment,success,Mailed check
3534,CUST-000542,2026-06-16,74.41,payment,success,Mailed check
3535,CUST-000542,2026-07-16,74.41,payment,success,Mailed check
3536,CUST-000542,2026-08-16,74.41,payment,success,Mailed check
3537,CUST-000543,2026-03-16,108.59,payment,success,Electronic check
3538,CUST-000543,2026-04-16,108.59,payment,success,Electronic check
3539,CUST-000543,2026-05-16,108.59,payment,success,Electronic check
3540,CUST-000543,2026-06-16,108.59,payment,success,Electronic check
3541,CUST-000543,2026-07-16,108.59,payment,success,Electronic check
3542,CUST-000543,2026-08-16,108.59,payment,success,Electronic check
3543,CUST-000544,2026-03-16,42.52,payment,success,Bank transfer
3544,CUST-000544,2026-04-16,42.52,payment,success,Bank transfer
3545,CUST-000544,2026-05-16,42.52,payment,success,Bank transfer
3546,CUST-000544,2026-06-16,42.52,payment,success,Bank transfer
3547,CUST-000544,2026-07-16,42.52,payment,success,Bank transfer
3548,CUST-000544,2026-08-16,42.52,payment,success,Bank transfer
3549,CUST-000545,2026-03-16,53.0,payment,success,Mailed check
3550,CUST-000545,2026-04-16,53.0,payment,success,Mailed check
3551,CUST-000545,2026-05-16,53.0,payment,success,Mailed check
3552,CUST-000545,2026-06-16,53.0,payment,success,Mailed check
3553,CUST-000545,2026-07-16,53.0,payment,success,Mailed check
3554,CUST-000545,2026-08-16,53.0,payment,success,Mailed check
3555,CUST-000546,2026-03-16,67.1,payment,success,Electronic check
3556,CUST-000546,2026-04-16,67.1,failed_payment,failed,Electronic check
3557,CUST-000546,2026-05-16,67.1,payment,success,Electronic check
3558,CUST-000546,2026-06-16,67.1,payment,success,Electronic check
3559,CUST-000546,2026-07-16,67.1,payment,success,Electronic check
3560,CUST-000546,2026-08-16,67.1,payment,success,Electronic check
3561,CUST-000547,2026-03-16,68.01,failed_payment,failed,Mailed check
3562,CUST-000547,2026-03-19,68.01,payment,success,Mailed check
3563,CUST-000547,2026-04-16,68.01,payment,success,Mailed check
3564,CUST-000547,2026-05-16,68.01,payment,success,Mailed check
3565,CUST-000547,2026-06-16,68.01,payment,success,Mailed check
3566,CUST-000547,2026-07-16,68.01,payment,success,Mailed check
3567,CUST-000547,2026-08-16,68.01,payment,success,Mailed check
3568,CUST-000548,2026-03-16,119.76,payment,success,Credit card
3569,CUST-000548,2026-04-16,119.76,payment,success,Credit card
3570,CUST-000548,2026-05-16,119.76,payment,success,Credit card
3571,CUST-000548,2026-06-16,119.76,payment,success,Credit card
3572,CUST-000548,2026-07-16,119.76,payment,success,Credit card
3573,CUST-000548,2026-08-16,119.76,payment,success,Credit card
3574,CUST-000549,2026-03-16,31.44,payment,success,Credit card
3575,CUST-000549,2026-04-16,31.44,payment,success,Credit card
3576,CUST-000549,2026-05-16,31.44,payment,success,Credit card
3577,CUST-000549,2026-06-16,31.44,payment,success,Credit card
3578,CUST-000549,2026-07-16,31.44,payment,success,Credit card
3579,CUST-000549,2026-08-16,31.44,payment,success,Credit card
3580,CUST-000550,2026-03-16,105.2,payment,success,Credit card
3581,CUST-000550,2026-04-16,105.2,failed_payment,failed,Credit card
3582,CUST-000550,2026-04-19,105.2,payment,success,Credit card
3583,CUST-000550,2026-05-16,105.2,failed_payment,failed,Credit card
3584,CUST-000550,2026-05-19,105.2,payment,success,Credit card
3585,CUST-000550,2026-06-16,105.2,payment,success,Credit card
3586,CUST-000550,2026-07-16,105.2,payment,success,Credit card
3587,CUST-000550,2026-08-16,105.2,payment,success,Credit card
3588,CUST-000551,2026-03-16,106.37,failed_payment,failed,Credit card
3589,CUST-000551,2026-03-19,106.37,payment,success,Credit card
3590,CUST-000551,2026-04-16,106.37,payment,success,Credit card
3591,CUST-000551,2026-05-16,106.37,failed_payment,failed,Credit card
3592,CUST-000551,2026-05-19,106.37,payment,success,Credit card
3593,CUST-000551,2026-06-16,106.37,failed_payment,failed,Credit card
3594,CUST-000551,2026-07-16,106.37,failed_payment,failed,Credit card
3595,CUST-000551,2026-08-16,106.37,failed_payment,failed,Credit card
3596,CUST-000552,2026-03-16,75.32,payment,success,Bank transfer
3597,CUST-000552,2026-04-16,75.32,payment,success,Bank transfer
3598,CUST-000552,2026-05-16,75.32,payment,success,Bank transfer
3599,CUST-000552,2026-06-16,75.32,failed_payment,failed,Bank transfer
3600,CUST-000552,2026-06-19,75.32,payment,success,Bank transfer
3601,CUST-000552,2026-07-16,75.32,payment,success,Bank transfer
3602,CUST-000552,2026-08-16,75.32,payment,success,Bank transfer
3603,CUST-000553,2026-03-16,54.4,failed_payment,failed,Credit card
3604,CUST-000553,2026-04-16,54.4,payment,success,Credit card
3605,CUST-000553,2026-05-16,54.4,payment,success,Credit card
3606,CUST-000553,2026-06-16,54.4,payment,success,Credit card
3607,CUST-000553,2026-07-16,54.4,payment,success,Credit card
3608,CUST-000553,2026-08-16,54.4,failed_payment,failed,Credit card
3609,CUST-000553,2026-08-19,54.4,payment,success,Credit card
3610,CUST-000554,2026-03-16,71.92,payment,success,Credit card
3611,CUST-000554,2026-04-16,71.92,payment,success,Credit card
3612,CUST-000554,2026-05-16,71.92,payment,success,Credit card
3613,CUST-000554,2026-06-16,71.92,payment,success,Credit card
3614,CUST-000554,2026-07-16,71.92,payment,success,Credit card
3615,CUST-000554,2026-08-16,71.92,payment,success,Credit card
3616,CUST-000555,2026-03-16,49.25,failed_payment,failed,Bank transfer
3617,CUST-000555,2026-04-16,49.25,payment,success,Bank transfer
3618,CUST-000555,2026-05-16,49.25,failed_payment,failed,Bank transfer
3619,CUST-000555,2026-06-16,49.25,failed_payment,failed,Bank transfer
3620,CUST-000555,2026-06-19,49.25,payment,success,Bank transfer
3621,CUST-000555,2026-07-16,49.25,failed_payment,failed,Bank transfer
3622,CUST-000555,2026-07-19,49.25,payment,success,Bank transfer
3623,CUST-000555,2026-08-16,49.25,failed_payment,failed,Bank transfer
3624,CUST-000556,2026-03-16,99.91,payment,success,Mailed check
3625,CUST-000556,2026-04-16,99.91,payment,success,Mailed check
3626,CUST-000556,2026-05-16,99.91,payment,success,Mailed check
3627,CUST-000556,2026-06-16,99.91,payment,success,Mailed check
3628,CUST-000556,2026-07-16,99.91,payment,success,Mailed check
3629,CUST-000556,2026-08-16,99.91,payment,success,Mailed check
3630,CUST-000557,2026-03-16,69.83,payment,success,Credit card
3631,CUST-000557,2026-04-16,69.83,payment,success,Credit card
3632,CUST-000557,2026-05-16,69.83,payment,success,Credit card
3633,CUST-000557,2026-06-16,69.83,payment,success,Credit card
3634,CUST-000557,2026-07-16,69.83,payment,success,Credit card
3635,CUST-000557,2026-08-16,69.83,payment,success,Credit card
3636,CUST-000558,2026-03-16,112.58,payment,success,Mailed check
3637,CUST-000558,2026-04-16,112.58,payment,success,Mailed check
3638,CUST-000558,2026-05-16,112.58,payment,success,Mailed check
3639,CUST-000558,2026-06-16,112.58,payment,success,Mailed check
3640,CUST-000558,2026-07-16,112.58,payment,success,Mailed check
3641,CUST-000558,2026-08-16,112.58,payment,success,Mailed check
3642,CUST-000559,2026-03-16,82.27,payment,success,Electronic check
3643,CUST-000559,2026-04-16,82.27,payment,success,Electronic check
3644,CUST-000559,2026-05-16,82.27,payment,success,Electronic check
3645,CUST-000559,2026-06-16,82.27,payment,success,Electronic check
3646,CUST-000559,2026-07-16,82.27,payment,success,Electronic check
3647,CUST-000559,2026-08-16,82.27,payment,success,Electronic check
3648,CUST-000560,2026-03-16,71.43,payment,success,Electronic check
3649,CUST-000560,2026-04-16,71.43,payment,success,Electronic check
3650,CUST-000560,2026-05-16,71.43,payment,success,Electronic check
3651,CUST-000560,2026-06-16,71.43,payment,success,Electronic check
3652,CUST-000560,2026-07-16,71.43,payment,success,Electronic check
3653,CUST-000560,2026-08-16,71.43,payment,success,Electronic check
3654,CUST-000561,2026-03-16,91.11,payment,success,Bank transfer
3655,CUST-000561,2026-04-16,91.11,payment,success,Bank transfer
3656,CUST-000561,2026-05-16,91.11,failed_payment,failed,Bank transfer
3657,CUST-000561,2026-05-19,91.11,payment,success,Bank transfer
3658,CUST-000561,2026-06-16,91.11,failed_payment,failed,Bank transfer
3659,CUST-000561,2026-06-19,91.11,payment,success,Bank transfer
3660,CUST-000561,2026-07-16,91.11,failed_payment,failed,Bank transfer
3661,CUST-000561,2026-07-19,91.11,payment,success,Bank transfer
3662,CUST-000561,2026-08-16,91.11,failed_payment,failed,Bank transfer
3663,CUST-000561,2026-08-19,91.11,payment,success,Bank transfer
3664,CUST-000562,2026-03-16,70.39,payment,success,Electronic check
3665,CUST-000562,2026-04-16,70.39,payment,success,Electronic check
3666,CUST-000562,2026-05-16,70.39,failed_payment,failed,Electronic check
3667,CUST-000562,2026-05-19,70.39,payment,success,Electronic check
3668,CUST-000562,2026-06-16,70.39,payment,success,Electronic check
3669,CUST-000562,2026-07-16,70.39,payment,success,Electronic check
3670,CUST-000562,2026-08-16,70.39,failed_payment,failed,Electronic check
3671,CUST-000563,2026-03-16,110.45,payment,success,Electronic check
3672,CUST-000563,2026-04-16,110.45,payment,success,Electronic check
3673,CUST-000563,2026-05-16,110.45,payment,success,Electronic check
3674,CUST-000563,2026-06-16,110.45,payment,success,Electronic check
3675,CUST-000563,2026-07-16,110.45,payment,success,Electronic check
3676,CUST-000563,2026-08-16,110.45,payment,success,Electronic check
3677,CUST-000564,2026-03-16,38.44,payment,success,Electronic check
3678,CUST-000564,2026-04-16,38.44,payment,success,Electronic check
3679,CUST-000564,2026-05-16,38.44,payment,success,Electronic check
3680,CUST-000564,2026-06-16,38.44,payment,success,Electronic check
3681,CUST-000564,2026-07-16,38.44,payment,success,Electronic check
3682,CUST-000564,2026-08-16,38.44,payment,success,Electronic check
3683,CUST-000565,2026-03-16,117.33,payment,success,Bank transfer
3684,CUST-000565,2026-04-16,117.33,payment,success,Bank transfer
3685,CUST-000565,2026-05-16,117.33,payment,success,Bank transfer
3686,CUST-000565,2026-06-16,117.33,payment,success,Bank transfer
3687,CUST-000565,2026-07-16,117.33,payment,success,Bank transfer
3688,CUST-000565,2026-08-16,117.33,payment,success,Bank transfer
3689,CUST-000566,2026-03-16,101.22,payment,success,Mailed check
3690,CUST-000566,2026-04-16,101.22,payment,success,Mailed check
3691,CUST-000566,2026-05-16,101.22,payment,success,Mailed check
3692,CUST-000566,2026-06-16,101.22,payment,success,Mailed check
3693,CUST-000566,2026-07-16,101.22,payment,success,Mailed check
3694,CUST-000566,2026-08-16,101.22,payment,success,Mailed check
3695,CUST-000567,2026-03-16,106.07,payment,success,Bank transfer
3696,CUST-000567,2026-04-16,106.07,payment,success,Bank transfer
3697,CUST-000567,2026-05-16,106.07,payment,success,Bank transfer
3698,CUST-000567,2026-06-16,106.07,payment,success,Bank transfer
3699,CUST-000567,2026-07-16,106.07,payment,success,Bank transfer
3700,CUST-000567,2026-08-16,106.07,payment,success,Bank transfer
3701,CUST-000568,2026-03-16,68.29,payment,success,Bank transfer
3702,CUST-000568,2026-04-16,68.29,payment,success,Bank transfer
3703,CUST-000568,2026-05-16,68.29,payment,success,Bank transfer
3704,CUST-000568,2026-06-16,68.29,payment,success,Bank transfer
3705,CUST-000568,2026-07-16,68.29,payment,success,Bank transfer
3706,CUST-000568,2026-08-16,68.29,payment,success,Bank transfer
3707,CUST-000569,2026-03-16,103.72,payment,success,Credit card
3708,CUST-000569,2026-04-16,103.72,failed_payment,failed,Credit card
3709,CUST-000569,2026-04-19,103.72,payment,success,Credit card
3710,CUST-000569,2026-05-16,103.72,payment,success,Credit card
3711,CUST-000569,2026-06-16,103.72,payment,success,Credit card
3712,CUST-000569,2026-07-16,103.72,failed_payment,failed,Credit card
3713,CUST-000569,2026-07-19,103.72,payment,success,Credit card
3714,CUST-000569,2026-08-16,103.72,failed_payment,failed,Credit card
3715,CUST-000570,2026-03-16,50.68,payment,success,Electronic check
3716,CUST-000570,2026-04-16,50.68,failed_payment,failed,Electronic check
3717,CUST-000570,2026-04-19,50.68,payment,success,Electronic check
3718,CUST-000570,2026-05-16,50.68,payment,success,Electronic check
3719,CUST-000570,2026-06-16,50.68,failed_payment,failed,Electronic check
3720,CUST-000570,2026-06-19,50.68,payment,success,Electronic check
3721,CUST-000570,2026-07-16,50.68,payment,success,Electronic check
3722,CUST-000570,2026-08-16,50.68,failed_payment,failed,Electronic check
3723,CUST-000571,2026-03-16,96.19,payment,success,Mailed check
3724,CUST-000571,2026-04-16,96.19,payment,success,Mailed check
3725,CUST-000571,2026-05-16,96.19,payment,success,Mailed check
3726,CUST-000571,2026-06-16,96.19,payment,success,Mailed check
3727,CUST-000571,2026-07-16,96.19,payment,success,Mailed check
3728,CUST-000571,2026-08-16,96.19,payment,success,Mailed check
3729,CUST-000572,2026-03-16,34.05,payment,success,Bank transfer
3730,CUST-000572,2026-04-16,34.05,payment,success,Bank transfer
3731,CUST-000572,2026-05-16,34.05,payment,success,Bank transfer
3732,CUST-000572,2026-06-16,34.05,payment,success,Bank transfer
3733,CUST-000572,2026-07-16,34.05,payment,success,Bank transfer
3734,CUST-000572,2026-08-16,34.05,payment,success,Bank transfer
3735,CUST-000573,2026-03-16,50.71,payment,success,Mailed check
3736,CUST-000573,2026-04-16,50.71,payment,success,Mailed check
3737,CUST-000573,2026-05-16,50.71,payment,success,Mailed check
3738,CUST-000573,2026-06-16,50.71,payment,success,Mailed check
3739,CUST-000573,2026-07-16,50.71,payment,success,Mailed check
3740,CUST-000573,2026-08-16,50.71,payment,success,Mailed check
3741,CUST-000574,2026-03-16,64.57,payment,success,Electronic check
3742,CUST-000574,2026-04-16,64.57,payment,success,Electronic check
3743,CUST-000574,2026-05-16,64.57,payment,success,Electronic check
3744,CUST-000574,2026-06-16,64.57,payment,success,Electronic check
3745,CUST-000574,2026-07-16,64.57,payment,success,Electronic check
3746,CUST-000574,2026-08-16,64.57,payment,success,Electronic check
3747,CUST-000575,2026-03-16,52.23,payment,success,Electronic check
3748,CUST-000575,2026-04-16,52.23,payment,success,Electronic check
3749,CUST-000575,2026-05-16,52.23,failed_payment,failed,Electronic check
3750,CUST-000575,2026-06-16,52.23,payment,success,Electronic check
3751,CUST-000575,2026-07-16,52.23,payment,success,Electronic check
3752,CUST-000575,2026-08-16,52.23,payment,success,Electronic check
3753,CUST-000576,2026-03-16,58.7,payment,success,Mailed check
3754,CUST-000576,2026-04-16,58.7,payment,success,Mailed check
3755,CUST-000576,2026-05-16,58.7,payment,success,Mailed check
3756,CUST-000576,2026-06-16,58.7,payment,success,Mailed check
3757,CUST-000576,2026-07-16,58.7,payment,success,Mailed check
3758,CUST-000576,2026-08-16,58.7,payment,success,Mailed check
3759,CUST-000577,2026-03-16,102.01,payment,success,Mailed check
3760,CUST-000577,2026-04-16,102.01,payment,success,Mailed check
3761,CUST-000577,2026-05-16,102.01,payment,success,Mailed check
3762,CUST-000577,2026-06-16,102.01,payment,success,Mailed check
3763,CUST-000577,2026-07-16,102.01,payment,success,Mailed check
3764,CUST-000577,2026-08-16,102.01,payment,success,Mailed check
3765,CUST-000578,2026-03-16,45.67,payment,success,Electronic check
3766,CUST-000578,2026-04-16,45.67,payment,success,Electronic check
3767,CUST-000578,2026-05-16,45.67,payment,success,Electronic check
3768,CUST-000578,2026-06-16,45.67,payment,success,Electronic check
3769,CUST-000578,2026-07-16,45.67,payment,success,Electronic check
3770,CUST-000578,2026-08-16,45.67,failed_payment,failed,Electronic check
3771,CUST-000578,2026-08-19,45.67,payment,success,Electronic check
3772,CUST-000579,2026-03-16,94.53,payment,success,Mailed check
3773,CUST-000579,2026-04-16,94.53,payment,success,Mailed check
3774,CUST-000579,2026-05-16,94.53,payment,success,Mailed check
3775,CUST-000579,2026-06-16,94.53,payment,success,Mailed check
3776,CUST-000579,2026-07-16,94.53,failed_payment,failed,Mailed check
3777,CUST-000579,2026-07-19,94.53,payment,success,Mailed check
3778,CUST-000579,2026-08-16,94.53,payment,success,Mailed check
3779,CUST-000580,2026-03-16,27.37,payment,success,Bank transfer
3780,CUST-000580,2026-04-16,27.37,payment,success,Bank transfer
3781,CUST-000580,2026-05-16,27.37,payment,success,Bank transfer
3782,CUST-000580,2026-06-16,27.37,payment,success,Bank transfer
3783,CUST-000580,2026-07-16,27.37,failed_payment,failed,Bank transfer
3784,CUST-000580,2026-07-19,27.37,payment,success,Bank transfer
3785,CUST-000580,2026-08-16,27.37,failed_payment,failed,Bank transfer
3786,CUST-000581,2026-03-16,96.57,payment,success,Credit card
3787,CUST-000581,2026-04-16,96.57,payment,success,Credit card
3788,CUST-000581,2026-05-16,96.57,payment,success,Credit card
3789,CUST-000581,2026-06-16,96.57,failed_payment,failed,Credit card
3790,CUST-000581,2026-07-16,96.57,payment,success,Credit card
3791,CUST-000581,2026-08-16,96.57,payment,success,Credit card
3792,CUST-000582,2026-03-16,99.2,payment,success,Bank transfer
3793,CUST-000582,2026-04-16,99.2,payment,success,Bank transfer
3794,CUST-000582,2026-05-16,99.2,payment,success,Bank transfer
3795,CUST-000582,2026-06-16,99.2,failed_payment,failed,Bank transfer
3796,CUST-000582,2026-06-19,99.2,payment,success,Bank transfer
3797,CUST-000582,2026-07-16,99.2,payment,success,Bank transfer
3798,CUST-000582,2026-08-16,99.2,payment,success,Bank transfer
3799,CUST-000583,2026-03-16,60.17,failed_payment,failed,Electronic check
3800,CUST-000583,2026-03-19,60.17,payment,success,Electronic check
3801,CUST-000583,2026-04-16,60.17,failed_payment,failed,Electronic check
3802,CUST-000583,2026-05-16,60.17,payment,success,Electronic check
3803,CUST-000583,2026-06-16,60.17,failed_payment,failed,Electronic check
3804,CUST-000583,2026-06-19,60.17,payment,success,Electronic check
3805,CUST-000583,2026-07-16,60.17,payment,success,Electronic check
3806,CUST-000583,2026-08-16,60.17,failed_payment,failed,Electronic check
3807,CUST-000583,2026-08-19,60.17,payment,success,Electronic check
3808,CUST-000584,2026-03-16,92.25,payment,success,Bank transfer
3809,CUST-000584,2026-04-16,92.25,failed_payment,failed,Bank transfer
3810,CUST-000584,2026-04-19,92.25,payment,success,Bank transfer
3811,CUST-000584,2026-05-16,92.25,payment,success,Bank transfer
3812,CUST-000584,2026-06-16,92.25,payment,success,Bank transfer
3813,CUST-000584,2026-07-16,92.25,payment,success,Bank transfer
3814,CUST-000584,2026-08-16,92.25,payment,success,Bank transfer
3815,CUST-000585,2026-03-16,111.51,payment,success,Electronic check
3816,CUST-000585,2026-04-16,111.51,payment,success,Electronic check
3817,CUST-000585,2026-05-16,111.51,payment,success,Electronic check
3818,CUST-000585,2026-06-16,111.51,payment,success,Electronic check
3819,CUST-000585,2026-07-16,111.51,payment,success,Electronic check
3820,CUST-000585,2026-08-16,111.51,payment,success,Electronic check
3821,CUST-000586,2026-03-16,100.07,payment,success,Electronic check
3822,CUST-000586,2026-04-16,100.07,payment,success,Electronic check
3823,CUST-000586,2026-05-16,100.07,payment,success,Electronic check
3824,CUST-000586,2026-06-16,100.07,payment,success,Electronic check
3825,CUST-000586,2026-07-16,100.07,payment,success,Electronic check
3826,CUST-000586,2026-08-16,100.07,payment,success,Electronic check
3827,CUST-000587,2026-03-16,59.04,payment,success,Bank transfer
3828,CUST-000587,2026-04-16,59.04,failed_payment,failed,Bank transfer
3829,CUST-000587,2026-05-16,59.04,payment,success,Bank transfer
3830,CUST-000587,2026-06-16,59.04,payment,success,Bank transfer
3831,CUST-000587,2026-07-16,59.04,failed_payment,failed,Bank transfer
3832,CUST-000587,2026-08-16,59.04,payment,success,Bank transfer
3833,CUST-000588,2026-03-16,68.42,payment,success,Mailed check
3834,CUST-000588,2026-04-16,68.42,failed_payment,failed,Mailed check
3835,CUST-000588,2026-04-19,68.42,payment,success,Mailed check
3836,CUST-000588,2026-05-16,68.42,payment,success,Mailed check
3837,CUST-000588,2026-06-16,68.42,payment,success,Mailed check
3838,CUST-000588,2026-07-16,68.42,payment,success,Mailed check
3839,CUST-000588,2026-08-16,68.42,failed_payment,failed,Mailed check
3840,CUST-000588,2026-08-19,68.42,payment,success,Mailed check
3841,CUST-000589,2026-03-16,97.94,payment,success,Mailed check
3842,CUST-000589,2026-04-16,97.94,failed_payment,failed,Mailed check
3843,CUST-000589,2026-04-19,97.94,payment,success,Mailed check
3844,CUST-000589,2026-05-16,97.94,failed_payment,failed,Mailed check
3845,CUST-000589,2026-05-19,97.94,payment,success,Mailed check
3846,CUST-000589,2026-06-16,97.94,payment,success,Mailed check
3847,CUST-000589,2026-07-16,97.94,failed_payment,failed,Mailed check
3848,CUST-000589,2026-07-19,97.94,payment,success,Mailed check
3849,CUST-000589,2026-08-16,97.94,payment,success,Mailed check
3850,CUST-000590,2026-03-16,49.26,payment,success,Credit card
3851,CUST-000590,2026-04-16,49.26,payment,success,Credit card
3852,CUST-000590,2026-05-16,49.26,failed_payment,failed,Credit card
3853,CUST-000590,2026-06-16,49.26,failed_payment,failed,Credit card
3854,CUST-000590,2026-06-19,49.26,payment,success,Credit card
3855,CUST-000590,2026-07-16,49.26,payment,success,Credit card
3856,CUST-000590,2026-08-16,49.26,payment,success,Credit card
3857,CUST-000591,2026-03-16,100.39,payment,success,Electronic check
3858,CUST-000591,2026-04-16,100.39,payment,success,Electronic check
3859,CUST-000591,2026-05-16,100.39,payment,success,Electronic check
3860,CUST-000591,2026-06-16,100.39,payment,success,Electronic check
3861,CUST-000591,2026-07-16,100.39,payment,success,Electronic check
3862,CUST-000591,2026-08-16,100.39,payment,success,Electronic check
3863,CUST-000592,2026-03-16,52.81,failed_payment,failed,Electronic check
3864,CUST-000592,2026-03-19,52.81,payment,success,Electronic check
3865,CUST-000592,2026-04-16,52.81,payment,success,Electronic check
3866,CUST-000592,2026-05-16,52.81,payment,success,Electronic check
3867,CUST-000592,2026-06-16,52.81,payment,success,Electronic check
3868,CUST-000592,2026-07-16,52.81,payment,success,Electronic check
3869,CUST-000592,2026-08-16,52.81,failed_payment,failed,Electronic check
3870,CUST-000593,2026-03-16,100.6,payment,success,Bank transfer
3871,CUST-000593,2026-04-16,100.6,failed_payment,failed,Bank transfer
3872,CUST-000593,2026-05-16,100.6,failed_payment,failed,Bank transfer
3873,CUST-000593,2026-05-19,100.6,payment,success,Bank transfer
3874,CUST-000593,2026-06-16,100.6,payment,success,Bank transfer
3875,CUST-000593,2026-07-16,100.6,payment,success,Bank transfer
3876,CUST-000593,2026-08-16,100.6,failed_payment,failed,Bank transfer
3877,CUST-000594,2026-03-16,28.68,payment,success,Mailed check
3878,CUST-000594,2026-04-16,28.68,payment,success,Mailed check
3879,CUST-000594,2026-05-16,28.68,payment,success,Mailed check
3880,CUST-000594,2026-06-16,28.68,payment,success,Mailed check
3881,CUST-000594,2026-07-16,28.68,payment,success,Mailed check
3882,CUST-000594,2026-08-16,28.68,payment,success,Mailed check
3883,CUST-000595,2026-03-16,24.44,payment,success,Credit card
3884,CUST-000595,2026-04-16,24.44,payment,success,Credit card
3885,CUST-000595,2026-05-16,24.44,payment,success,Credit card
3886,CUST-000595,2026-06-16,24.44,payment,success,Credit card
3887,CUST-000595,2026-07-16,24.44,payment,success,Credit card
3888,CUST-000595,2026-08-16,24.44,payment,success,Credit card
3889,CUST-000596,2026-03-16,119.77,payment,success,Electronic check
3890,CUST-000596,2026-04-16,119.77,payment,success,Electronic check
3891,CUST-000596,2026-05-16,119.77,failed_payment,failed,Electronic check
3892,CUST-000596,2026-05-19,119.77,payment,success,Electronic check
3893,CUST-000596,2026-06-16,119.77,payment,success,Electronic check
3894,CUST-000596,2026-07-16,119.77,failed_payment,failed,Electronic check
3895,CUST-000596,2026-07-19,119.77,payment,success,Electronic check
3896,CUST-000596,2026-08-16,119.77,payment,success,Electronic check
3897,CUST-000597,2026-03-16,106.95,payment,success,Mailed check
3898,CUST-000597,2026-04-16,106.95,payment,success,Mailed check
3899,CUST-000597,2026-05-16,106.95,payment,success,Mailed check
3900,CUST-000597,2026-06-16,106.95,payment,success,Mailed check
3901,CUST-000597,2026-07-16,106.95,payment,success,Mailed check
3902,CUST-000597,2026-08-16,106.95,payment,success,Mailed check
3903,CUST-000598,2026-03-16,108.28,payment,success,Electronic check
3904,CUST-000598,2026-04-16,108.28,payment,success,Electronic check
3905,CUST-000598,2026-05-16,108.28,payment,success,Electronic check
3906,CUST-000598,2026-06-16,108.28,payment,success,Electronic check
3907,CUST-000598,2026-07-16,108.28,payment,success,Electronic check
3908,CUST-000598,2026-08-16,108.28,payment,success,Electronic check
3909,CUST-000599,2026-03-16,115.13,payment,success,Electronic check
3910,CUST-000599,2026-04-16,115.13,payment,success,Electronic check
3911,CUST-000599,2026-05-16,115.13,payment,success,Electronic check
3912,CUST-000599,2026-06-16,115.13,payment,success,Electronic check
3913,CUST-000599,2026-07-16,115.13,payment,success,Electronic check
3914,CUST-000599,2026-08-16,115.13,payment,success,Electronic check
3915,CUST-000600,2026-03-16,63.83,payment,success,Mailed check
3916,CUST-000600,2026-04-16,63.83,payment,success,Mailed check
3917,CUST-000600,2026-05-16,63.83,payment,success,Mailed check
3918,CUST-000600,2026-06-16,63.83,payment,success,Mailed check
3919,CUST-000600,2026-07-16,63.83,payment,success,Mailed check
3920,CUST-000600,2026-08-16,63.83,payment,success,Mailed check
3921,CUST-000601,2026-03-16,48.68,payment,success,Bank transfer
3922,CUST-000601,2026-04-16,48.68,payment,success,Bank transfer
3923,CUST-000601,2026-05-16,48.68,payment,success,Bank transfer
3924,CUST-000601,2026-06-16,48.68,payment,success,Bank transfer
3925,CUST-000601,2026-07-16,48.68,payment,success,Bank transfer
3926,CUST-000601,2026-08-16,48.68,payment,success,Bank transfer
3927,CUST-000602,2026-03-16,33.0,payment,success,Electronic check
3928,CUST-000602,2026-04-16,33.0,payment,success,Electronic check
3929,CUST-000602,2026-05-16,33.0,payment,success,Electronic check
3930,CUST-000602,2026-06-16,33.0,payment,success,Electronic check
3931,CUST-000602,2026-07-16,33.0,payment,success,Electronic check
3932,CUST-000602,2026-08-16,33.0,payment,success,Electronic check
3933,CUST-000603,2026-03-16,70.12,payment,success,Credit card
3934,CUST-000603,2026-04-16,70.12,payment,success,Credit card
3935,CUST-000603,2026-05-16,70.12,payment,success,Credit card
3936,CUST-000603,2026-06-16,70.12,failed_payment,failed,Credit card
3937,CUST-000603,2026-07-16,70.12,payment,success,Credit card
3938,CUST-000603,2026-08-16,70.12,payment,success,Credit card
3939,CUST-000604,2026-03-16,42.0,payment,success,Bank transfer
3940,CUST-000604,2026-04-16,42.0,payment,success,Bank transfer
3941,CUST-000604,2026-05-16,42.0,payment,success,Bank transfer
3942,CUST-000604,2026-06-16,42.0,failed_payment,failed,Bank transfer
3943,CUST-000604,2026-06-19,42.0,payment,success,Bank transfer
3944,CUST-000604,2026-07-16,42.0,payment,success,Bank transfer
3945,CUST-000604,2026-08-16,42.0,payment,success,Bank transfer
3946,CUST-000605,2026-03-16,113.56,payment,success,Mailed check
3947,CUST-000605,2026-04-16,113.56,failed_payment,failed,Mailed check
3948,CUST-000605,2026-04-19,113.56,payment,success,Mailed check
3949,CUST-000605,2026-05-16,113.56,payment,success,Mailed check
3950,CUST-000605,2026-06-16,113.56,payment,success,Mailed check
3951,CUST-000605,2026-07-16,113.56,payment,success,Mailed check
3952,CUST-000605,2026-08-16,113.56,payment,success,Mailed check
3953,CUST-000606,2026-03-16,20.4,payment,success,Credit card
3954,CUST-000606,2026-04-16,20.4,failed_payment,failed,Credit card
3955,CUST-000606,2026-04-19,20.4,payment,success,Credit card
3956,CUST-000606,2026-05-16,20.4,payment,success,Credit card
3957,CUST-000606,2026-06-16,20.4,payment,success,Credit card
3958,CUST-000606,2026-07-16,20.4,payment,success,Credit card
3959,CUST-000606,2026-08-16,20.4,payment,success,Credit card
3960,CUST-000607,2026-03-16,34.32,payment,success,Mailed check
3961,CUST-000607,2026-04-16,34.32,payment,success,Mailed check
3962,CUST-000607,2026-05-16,34.32,payment,success,Mailed check
3963,CUST-000607,2026-06-16,34.32,failed_payment,failed,Mailed check
3964,CUST-000607,2026-06-19,34.32,payment,success,Mailed check
3965,CUST-000607,2026-07-16,34.32,payment,success,Mailed check
3966,CUST-000607,2026-08-16,34.32,payment,success,Mailed check
3967,CUST-000608,2026-03-16,44.65,payment,success,Electronic check
3968,CUST-000608,2026-04-16,44.65,payment,success,Electronic check
3969,CUST-000608,2026-05-16,44.65,failed_payment,failed,Electronic check
3970,CUST-000608,2026-05-19,44.65,payment,success,Electronic check
3971,CUST-000608,2026-06-16,44.65,failed_payment,failed,Electronic check
3972,CUST-000608,2026-06-19,44.65,payment,success,Electronic check
3973,CUST-000608,2026-07-16,44.65,payment,success,Electronic check
3974,CUST-000608,2026-08-16,44.65,payment,success,Electronic check
3975,CUST-000609,2026-03-16,39.9,payment,success,Credit card
3976,CUST-000609,2026-04-16,39.9,payment,success,Credit card
3977,CUST-000609,2026-05-16,39.9,payment,success,Credit card
3978,CUST-000609,2026-06-16,39.9,payment,success,Credit card
3979,CUST-000609,2026-07-16,39.9,payment,success,Credit card
3980,CUST-000609,2026-08-16,39.9,payment,success,Credit card
3981,CUST-000610,2026-03-16,42.58,payment,success,Electronic check
3982,CUST-000610,2026-04-16,42.58,payment,success,Electronic check
3983,CUST-000610,2026-05-16,42.58,payment,success,Electronic check
3984,CUST-000610,2026-06-16,42.58,payment,success,Electronic check
3985,CUST-000610,2026-07-16,42.58,payment,success,Electronic check
3986,CUST-000610,2026-08-16,42.58,payment,success,Electronic check
3987,CUST-000611,2026-03-16,85.6,payment,success,Credit card
3988,CUST-000611,2026-04-16,85.6,payment,success,Credit card
3989,CUST-000611,2026-05-16,85.6,payment,success,Credit card
3990,CUST-000611,2026-06-16,85.6,payment,success,Credit card
3991,CUST-000611,2026-07-16,85.6,payment,success,Credit card
3992,CUST-000611,2026-08-16,85.6,payment,success,Credit card
3993,CUST-000612,2026-03-16,52.75,payment,success,Credit card
3994,CUST-000612,2026-04-16,52.75,failed_payment,failed,Credit card
3995,CUST-000612,2026-04-19,52.75,payment,success,Credit card
3996,CUST-000612,2026-05-16,52.75,payment,success,Credit card
3997,CUST-000612,2026-06-16,52.75,payment,success,Credit card
3998,CUST-000612,2026-07-16,52.75,payment,success,Credit card
3999,CUST-000612,2026-08-16,52.75,payment,success,Credit card
4000,CUST-000613,2026-03-16,81.5,payment,success,Credit card
4001,CUST-000613,2026-04-16,81.5,payment,success,Credit card
4002,CUST-000613,2026-05-16,81.5,payment,success,Credit card
4003,CUST-000613,2026-06-16,81.5,payment,success,Credit card
4004,CUST-000613,2026-07-16,81.5,payment,success,Credit card
4005,CUST-000613,2026-08-16,81.5,payment,success,Credit card
4006,CUST-000614,2026-03-16,109.03,payment,success,Mailed check
4007,CUST-000614,2026-04-16,109.03,payment,success,Mailed check
4008,CUST-000614,2026-05-16,109.03,payment,success,Mailed check
4009,CUST-000614,2026-06-16,109.03,payment,success,Mailed check
4010,CUST-000614,2026-07-16,109.03,payment,success,Mailed check
4011,CUST-000614,2026-08-16,109.03,payment,success,Mailed check
4012,CUST-000615,2026-03-16,80.26,payment,success,Bank transfer
4013,CUST-000615,2026-04-16,80.26,payment,success,Bank transfer
4014,CUST-000615,2026-05-16,80.26,payment,success,Bank transfer
4015,CUST-000615,2026-06-16,80.26,payment,success,Bank transfer
4016,CUST-000615,2026-07-16,80.26,payment,success,Bank transfer
4017,CUST-000615,2026-08-16,80.26,payment,success,Bank transfer
4018,CUST-000616,2026-03-16,89.45,payment,success,Credit card
4019,CUST-000616,2026-04-16,89.45,payment,success,Credit card
4020,CUST-000616,2026-05-16,89.45,payment,success,Credit card
4021,CUST-000616,2026-06-16,89.45,payment,success,Credit card
4022,CUST-000616,2026-07-16,89.45,payment,success,Credit card
4023,CUST-000616,2026-08-16,89.45,payment,success,Credit card
4024,CUST-000617,2026-03-16,56.55,payment,success,Electronic check
4025,CUST-000617,2026-04-16,56.55,payment,success,Electronic check
4026,CUST-000617,2026-05-16,56.55,payment,success,Electronic check
4027,CUST-000617,2026-06-16,56.55,payment,success,Electronic check
4028,CUST-000617,2026-07-16,56.55,payment,success,Electronic check
4029,CUST-000617,2026-08-16,56.55,payment,success,Electronic check
4030,CUST-000618,2026-03-16,35.97,payment,success,Mailed check
4031,CUST-000618,2026-04-16,35.97,payment,success,Mailed check
4032,CUST-000618,2026-05-16,35.97,payment,success,Mailed check
4033,CUST-000618,2026-06-16,35.97,payment,success,Mailed check
4034,CUST-000618,2026-07-16,35.97,payment,success,Mailed check
4035,CUST-000618,2026-08-16,35.97,payment,success,Mailed check
4036,CUST-000619,2026-03-16,52.06,payment,success,Mailed check
4037,CUST-000619,2026-04-16,52.06,payment,success,Mailed check
4038,CUST-000619,2026-05-16,52.06,payment,success,Mailed check
4039,CUST-000619,2026-06-16,52.06,payment,success,Mailed check
4040,CUST-000619,2026-07-16,52.06,payment,success,Mailed check
4041,CUST-000619,2026-08-16,52.06,payment,success,Mailed check
4042,CUST-000620,2026-03-16,116.43,payment,success,Bank transfer
4043,CUST-000620,2026-04-16,116.43,payment,success,Bank transfer
4044,CUST-000620,2026-05-16,116.43,failed_payment,failed,Bank transfer
4045,CUST-000620,2026-05-19,116.43,payment,success,Bank transfer
4046,CUST-000620,2026-06-16,116.43,payment,success,Bank transfer
4047,CUST-000620,2026-07-16,116.43,failed_payment,failed,Bank transfer
4048,CUST-000620,2026-07-19,116.43,payment,success,Bank transfer
4049,CUST-000620,2026-08-16,116.43,payment,success,Bank transfer
4050,CUST-000621,2026-03-16,82.18,payment,success,Bank transfer
4051,CUST-000621,2026-04-16,82.18,payment,success,Bank transfer
4052,CUST-000621,2026-05-16,82.18,payment,success,Bank transfer
4053,CUST-000621,2026-06-16,82.18,payment,success,Bank transfer
4054,CUST-000621,2026-07-16,82.18,payment,success,Bank transfer
4055,CUST-000621,2026-08-16,82.18,payment,success,Bank transfer
4056,CUST-000622,2026-03-16,47.75,payment,success,Credit card
4057,CUST-000622,2026-04-16,47.75,failed_payment,failed,Credit card
4058,CUST-000622,2026-04-19,47.75,payment,success,Credit card
4059,CUST-000622,2026-05-16,47.75,payment,success,Credit card
4060,CUST-000622,2026-06-16,47.75,payment,success,Credit card
4061,CUST-000622,2026-07-16,47.75,payment,success,Credit card
4062,CUST-000622,2026-08-16,47.75,failed_payment,failed,Credit card
4063,CUST-000622,2026-08-19,47.75,payment,success,Credit card
4064,CUST-000623,2026-03-16,65.09,payment,success,Mailed check
4065,CUST-000623,2026-04-16,65.09,payment,success,Mailed check
4066,CUST-000623,2026-05-16,65.09,failed_payment,failed,Mailed check
4067,CUST-000623,2026-05-19,65.09,payment,success,Mailed check
4068,CUST-000623,2026-06-16,65.09,payment,success,Mailed check
4069,CUST-000623,2026-07-16,65.09,payment,success,Mailed check
4070,CUST-000623,2026-08-16,65.09,payment,success,Mailed check
4071,CUST-000624,2026-03-16,103.55,failed_payment,failed,Electronic check
4072,CUST-000624,2026-03-19,103.55,payment,success,Electronic check
4073,CUST-000624,2026-04-16,103.55,payment,success,Electronic check
4074,CUST-000624,2026-05-16,103.55,failed_payment,failed,Electronic check
4075,CUST-000624,2026-05-19,103.55,payment,success,Electronic check
4076,CUST-000624,2026-06-16,103.55,payment,success,Electronic check
4077,CUST-000624,2026-07-16,103.55,failed_payment,failed,Electronic check
4078,CUST-000624,2026-08-16,103.55,payment,success,Electronic check
4079,CUST-000625,2026-03-16,86.84,payment,success,Electronic check
4080,CUST-000625,2026-04-16,86.84,payment,success,Electronic check
4081,CUST-000625,2026-05-16,86.84,payment,success,Electronic check
4082,CUST-000625,2026-06-16,86.84,payment,success,Electronic check
4083,CUST-000625,2026-07-16,86.84,payment,success,Electronic check
4084,CUST-000625,2026-08-16,86.84,payment,success,Electronic check
4085,CUST-000626,2026-03-16,76.07,payment,success,Credit card
4086,CUST-000626,2026-04-16,76.07,payment,success,Credit card
4087,CUST-000626,2026-05-16,76.07,failed_payment,failed,Credit card
4088,CUST-000626,2026-05-19,76.07,payment,success,Credit card
4089,CUST-000626,2026-06-16,76.07,failed_payment,failed,Credit card
4090,CUST-000626,2026-06-19,76.07,payment,success,Credit card
4091,CUST-000626,2026-07-16,76.07,payment,success,Credit card
4092,CUST-000626,2026-08-16,76.07,payment,success,Credit card
4093,CUST-000627,2026-03-16,108.52,payment,success,Mailed check
4094,CUST-000627,2026-04-16,108.52,payment,success,Mailed check
4095,CUST-000627,2026-05-16,108.52,payment,success,Mailed check
4096,CUST-000627,2026-06-16,108.52,payment,success,Mailed check
4097,CUST-000627,2026-07-16,108.52,payment,success,Mailed check
4098,CUST-000627,2026-08-16,108.52,payment,success,Mailed check
4099,CUST-000628,2026-03-16,87.24,failed_payment,failed,Bank transfer
4100,CUST-000628,2026-03-19,87.24,payment,success,Bank transfer
4101,CUST-000628,2026-04-16,87.24,payment,success,Bank transfer
4102,CUST-000628,2026-05-16,87.24,failed_payment,failed,Bank transfer
4103,CUST-000628,2026-06-16,87.24,payment,success,Bank transfer
4104,CUST-000628,2026-07-16,87.24,payment,success,Bank transfer
4105,CUST-000628,2026-08-16,87.24,payment,success,Bank transfer
4106,CUST-000629,2026-03-16,84.27,payment,success,Bank transfer
4107,CUST-000629,2026-04-16,84.27,payment,success,Bank transfer
4108,CUST-000629,2026-05-16,84.27,payment,success,Bank transfer
4109,CUST-000629,2026-06-16,84.27,payment,success,Bank transfer
4110,CUST-000629,2026-07-16,84.27,payment,success,Bank transfer
4111,CUST-000629,2026-08-16,84.27,payment,success,Bank transfer
4112,CUST-000630,2026-03-16,38.98,payment,success,Credit card
4113,CUST-000630,2026-04-16,38.98,payment,success,Credit card
4114,CUST-000630,2026-05-16,38.98,payment,success,Credit card
4115,CUST-000630,2026-06-16,38.98,payment,success,Credit card
4116,CUST-000630,2026-07-16,38.98,payment,success,Credit card
4117,CUST-000630,2026-08-16,38.98,payment,success,Credit card
4118,CUST-000631,2026-03-16,30.64,payment,success,Electronic check
4119,CUST-000631,2026-04-16,30.64,payment,success,Electronic check
4120,CUST-000631,2026-05-16,30.64,payment,success,Electronic check
4121,CUST-000631,2026-06-16,30.64,payment,success,Electronic check
4122,CUST-000631,2026-07-16,30.64,payment,success,Electronic check
4123,CUST-000631,2026-08-16,30.64,payment,success,Electronic check
4124,CUST-000632,2026-03-16,116.51,payment,success,Electronic check
4125,CUST-000632,2026-04-16,116.51,payment,success,Electronic check
4126,CUST-000632,2026-05-16,116.51,payment,success,Electronic check
4127,CUST-000632,2026-06-16,116.51,payment,success,Electronic check
4128,CUST-000632,2026-07-16,116.51,payment,success,Electronic check
4129,CUST-000632,2026-08-16,116.51,payment,success,Electronic check
4130,CUST-000633,2026-03-16,79.89,failed_payment,failed,Bank transfer
4131,CUST-000633,2026-03-19,79.89,payment,success,Bank transfer
4132,CUST-000633,2026-04-16,79.89,failed_payment,failed,Bank transfer
4133,CUST-000633,2026-04-19,79.89,payment,success,Bank transfer
4134,CUST-000633,2026-05-16,79.89,payment,success,Bank transfer
4135,CUST-000633,2026-06-16,79.89,payment,success,Bank transfer
4136,CUST-000633,2026-07-16,79.89,payment,success,Bank transfer
4137,CUST-000633,2026-08-16,79.89,payment,success,Bank transfer
4138,CUST-000634,2026-03-16,61.57,payment,success,Mailed check
4139,CUST-000634,2026-04-16,61.57,payment,success,Mailed check
4140,CUST-000634,2026-05-16,61.57,payment,success,Mailed check
4141,CUST-000634,2026-06-16,61.57,payment,success,Mailed check
4142,CUST-000634,2026-07-16,61.57,payment,success,Mailed check
4143,CUST-000634,2026-08-16,61.57,payment,success,Mailed check
4144,CUST-000635,2026-03-16,78.9,payment,success,Credit card
4145,CUST-000635,2026-04-16,78.9,payment,success,Credit card
4146,CUST-000635,2026-05-16,78.9,failed_payment,failed,Credit card
4147,CUST-000635,2026-05-19,78.9,payment,success,Credit card
4148,CUST-000635,2026-06-16,78.9,payment,success,Credit card
4149,CUST-000635,2026-07-16,78.9,payment,success,Credit card
4150,CUST-000635,2026-08-16,78.9,failed_payment,failed,Credit card
4151,CUST-000635,2026-08-19,78.9,payment,success,Credit card
4152,CUST-000636,2026-03-16,26.18,payment,success,Electronic check
4153,CUST-000636,2026-04-16,26.18,payment,success,Electronic check
4154,CUST-000636,2026-05-16,26.18,payment,success,Electronic check
4155,CUST-000636,2026-06-16,26.18,payment,success,Electronic check
4156,CUST-000636,2026-07-16,26.18,payment,success,Electronic check
4157,CUST-000636,2026-08-16,26.18,payment,success,Electronic check
4158,CUST-000637,2026-03-16,102.21,payment,success,Mailed check
4159,CUST-000637,2026-04-16,102.21,payment,success,Mailed check
4160,CUST-000637,2026-05-16,102.21,payment,success,Mailed check
4161,CUST-000637,2026-06-16,102.21,payment,success,Mailed check
4162,CUST-000637,2026-07-16,102.21,payment,success,Mailed check
4163,CUST-000637,2026-08-16,102.21,payment,success,Mailed check
4164,CUST-000638,2026-03-16,41.66,payment,success,Credit card
4165,CUST-000638,2026-04-16,41.66,payment,success,Credit card
4166,CUST-000638,2026-05-16,41.66,payment,success,Credit card
4167,CUST-000638,2026-06-16,41.66,payment,success,Credit card
4168,CUST-000638,2026-07-16,41.66,payment,success,Credit card
4169,CUST-000638,2026-08-16,41.66,payment,success,Credit card
4170,CUST-000639,2026-03-16,100.45,payment,success,Credit card
4171,CUST-000639,2026-04-16,100.45,payment,success,Credit card
4172,CUST-000639,2026-05-16,100.45,payment,success,Credit card
4173,CUST-000639,2026-06-16,100.45,payment,success,Credit card
4174,CUST-000639,2026-07-16,100.45,payment,success,Credit card
4175,CUST-000639,2026-08-16,100.45,payment,success,Credit card
4176,CUST-000640,2026-03-16,73.44,payment,success,Electronic check
4177,CUST-000640,2026-04-16,73.44,payment,success,Electronic check
4178,CUST-000640,2026-05-16,73.44,payment,success,Electronic check
4179,CUST-000640,2026-06-16,73.44,payment,success,Electronic check
4180,CUST-000640,2026-07-16,73.44,payment,success,Electronic check
4181,CUST-000640,2026-08-16,73.44,payment,success,Electronic check
4182,CUST-000641,2026-03-16,47.66,payment,success,Credit card
4183,CUST-000641,2026-04-16,47.66,payment,success,Credit card
4184,CUST-000641,2026-05-16,47.66,payment,success,Credit card
4185,CUST-000641,2026-06-16,47.66,payment,success,Credit card
4186,CUST-000641,2026-07-16,47.66,payment,success,Credit card
4187,CUST-000641,2026-08-16,47.66,payment,success,Credit card
4188,CUST-000642,2026-03-16,23.02,payment,success,Electronic check
4189,CUST-000642,2026-04-16,23.02,payment,success,Electronic check
4190,CUST-000642,2026-05-16,23.02,payment,success,Electronic check
4191,CUST-000642,2026-06-16,23.02,payment,success,Electronic check
4192,CUST-000642,2026-07-16,23.02,payment,success,Electronic check
4193,CUST-000642,2026-08-16,23.02,payment,success,Electronic check
4194,CUST-000643,2026-03-16,101.58,payment,success,Electronic check
4195,CUST-000643,2026-04-16,101.58,payment,success,Electronic check
4196,CUST-000643,2026-05-16,101.58,payment,success,Electronic check
4197,CUST-000643,2026-06-16,101.58,payment,success,Electronic check
4198,CUST-000643,2026-07-16,101.58,payment,success,Electronic check
4199,CUST-000643,2026-08-16,101.58,payment,success,Electronic check
4200,CUST-000644,2026-03-16,37.65,payment,success,Credit card
4201,CUST-000644,2026-04-16,37.65,payment,success,Credit card
4202,CUST-000644,2026-05-16,37.65,payment,success,Credit card
4203,CUST-000644,2026-06-16,37.65,payment,success,Credit card
4204,CUST-000644,2026-07-16,37.65,payment,success,Credit card
4205,CUST-000644,2026-08-16,37.65,payment,success,Credit card
4206,CUST-000645,2026-03-16,25.18,payment,success,Electronic check
4207,CUST-000645,2026-04-16,25.18,payment,success,Electronic check
4208,CUST-000645,2026-05-16,25.18,payment,success,Electronic check
4209,CUST-000645,2026-06-16,25.18,payment,success,Electronic check
4210,CUST-000645,2026-07-16,25.18,payment,success,Electronic check
4211,CUST-000645,2026-08-16,25.18,payment,success,Electronic check
4212,CUST-000646,2026-03-16,95.59,payment,success,Mailed check
4213,CUST-000646,2026-04-16,95.59,payment,success,Mailed check
4214,CUST-000646,2026-05-16,95.59,payment,success,Mailed check
4215,CUST-000646,2026-06-16,95.59,payment,success,Mailed check
4216,CUST-000646,2026-07-16,95.59,payment,success,Mailed check
4217,CUST-000646,2026-08-16,95.59,payment,success,Mailed check
4218,CUST-000647,2026-03-16,55.0,payment,success,Electronic check
4219,CUST-000647,2026-04-16,55.0,payment,success,Electronic check
4220,CUST-000647,2026-05-16,55.0,payment,success,Electronic check
4221,CUST-000647,2026-06-16,55.0,payment,success,Electronic check
4222,CUST-000647,2026-07-16,55.0,payment,success,Electronic check
4223,CUST-000647,2026-08-16,55.0,payment,success,Electronic check
4224,CUST-000648,2026-03-16,58.93,failed_payment,failed,Bank transfer
4225,CUST-000648,2026-03-19,58.93,payment,success,Bank transfer
4226,CUST-000648,2026-04-16,58.93,failed_payment,failed,Bank transfer
4227,CUST-000648,2026-04-19,58.93,payment,success,Bank transfer
4228,CUST-000648,2026-05-16,58.93,payment,success,Bank transfer
4229,CUST-000648,2026-06-16,58.93,failed_payment,failed,Bank transfer
4230,CUST-000648,2026-06-19,58.93,payment,success,Bank transfer
4231,CUST-000648,2026-07-16,58.93,payment,success,Bank transfer
4232,CUST-000648,2026-08-16,58.93,payment,success,Bank transfer
4233,CUST-000649,2026-03-16,44.71,payment,success,Electronic check
4234,CUST-000649,2026-04-16,44.71,payment,success,Electronic check
4235,CUST-000649,2026-05-16,44.71,payment,success,Electronic check
4236,CUST-000649,2026-06-16,44.71,payment,success,Electronic check
4237,CUST-000649,2026-07-16,44.71,payment,success,Electronic check
4238,CUST-000649,2026-08-16,44.71,payment,success,Electronic check
4239,CUST-000650,2026-03-16,105.92,payment,success,Mailed check
4240,CUST-000650,2026-04-16,105.92,failed_payment,failed,Mailed check
4241,CUST-000650,2026-04-19,105.92,payment,success,Mailed check
4242,CUST-000650,2026-05-16,105.92,payment,success,Mailed check
4243,CUST-000650,2026-06-16,105.92,payment,success,Mailed check
4244,CUST-000650,2026-07-16,105.92,failed_payment,failed,Mailed check
4245,CUST-000650,2026-08-16,105.92,payment,success,Mailed check
4246,CUST-000651,2026-03-16,49.73,payment,success,Mailed check
4247,CUST-000651,2026-04-16,49.73,payment,success,Mailed check
4248,CUST-000651,2026-05-16,49.73,payment,success,Mailed check
4249,CUST-000651,2026-06-16,49.73,payment,success,Mailed check
4250,CUST-000651,2026-07-16,49.73,payment,success,Mailed check
4251,CUST-000651,2026-08-16,49.73,payment,success,Mailed check
4252,CUST-000652,2026-03-16,41.02,payment,success,Bank transfer
4253,CUST-000652,2026-04-16,41.02,payment,success,Bank transfer
4254,CUST-000652,2026-05-16,41.02,payment,success,Bank transfer
4255,CUST-000652,2026-06-16,41.02,payment,success,Bank transfer
4256,CUST-000652,2026-07-16,41.02,payment,success,Bank transfer
4257,CUST-000652,2026-08-16,41.02,payment,success,Bank transfer
4258,CUST-000653,2026-03-16,50.92,payment,success,Mailed check
4259,CUST-000653,2026-04-16,50.92,payment,success,Mailed check
4260,CUST-000653,2026-05-16,50.92,payment,success,Mailed check
4261,CUST-000653,2026-06-16,50.92,payment,success,Mailed check
4262,CUST-000653,2026-07-16,50.92,payment,success,Mailed check
4263,CUST-000653,2026-08-16,50.92,payment,success,Mailed check
4264,CUST-000654,2026-03-16,40.31,payment,success,Electronic check
4265,CUST-000654,2026-04-16,40.31,payment,success,Electronic check
4266,CUST-000654,2026-05-16,40.31,payment,success,Electronic check
4267,CUST-000654,2026-06-16,40.31,payment,success,Electronic check
4268,CUST-000654,2026-07-16,40.31,payment,success,Electronic check
4269,CUST-000654,2026-08-16,40.31,payment,success,Electronic check
4270,CUST-000655,2026-03-16,51.77,payment,success,Mailed check
4271,CUST-000655,2026-04-16,51.77,payment,success,Mailed check
4272,CUST-000655,2026-05-16,51.77,payment,success,Mailed check
4273,CUST-000655,2026-06-16,51.77,payment,success,Mailed check
4274,CUST-000655,2026-07-16,51.77,payment,success,Mailed check
4275,CUST-000655,2026-08-16,51.77,payment,success,Mailed check
4276,CUST-000656,2026-03-16,28.29,failed_payment,failed,Mailed check
4277,CUST-000656,2026-03-19,28.29,payment,success,Mailed check
4278,CUST-000656,2026-04-16,28.29,payment,success,Mailed check
4279,CUST-000656,2026-05-16,28.29,payment,success,Mailed check
4280,CUST-000656,2026-06-16,28.29,payment,success,Mailed check
4281,CUST-000656,2026-07-16,28.29,failed_payment,failed,Mailed check
4282,CUST-000656,2026-08-16,28.29,payment,success,Mailed check
4283,CUST-000657,2026-03-16,35.85,failed_payment,failed,Mailed check
4284,CUST-000657,2026-03-19,35.85,payment,success,Mailed check
4285,CUST-000657,2026-04-16,35.85,payment,success,Mailed check
4286,CUST-000657,2026-05-16,35.85,payment,success,Mailed check
4287,CUST-000657,2026-06-16,35.85,payment,success,Mailed check
4288,CUST-000657,2026-07-16,35.85,payment,success,Mailed check
4289,CUST-000657,2026-08-16,35.85,payment,success,Mailed check
4290,CUST-000658,2026-03-16,61.71,payment,success,Bank transfer
4291,CUST-000658,2026-04-16,61.71,payment,success,Bank transfer
4292,CUST-000658,2026-05-16,61.71,payment,success,Bank transfer
4293,CUST-000658,2026-06-16,61.71,failed_payment,failed,Bank transfer
4294,CUST-000658,2026-07-16,61.71,payment,success,Bank transfer
4295,CUST-000658,2026-08-16,61.71,payment,success,Bank transfer
4296,CUST-000659,2026-03-16,107.95,payment,success,Mailed check
4297,CUST-000659,2026-04-16,107.95,payment,success,Mailed check
4298,CUST-000659,2026-05-16,107.95,payment,success,Mailed check
4299,CUST-000659,2026-06-16,107.95,payment,success,Mailed check
4300,CUST-000659,2026-07-16,107.95,payment,success,Mailed check
4301,CUST-000659,2026-08-16,107.95,payment,success,Mailed check
4302,CUST-000660,2026-03-16,25.73,payment,success,Mailed check
4303,CUST-000660,2026-04-16,25.73,payment,success,Mailed check
4304,CUST-000660,2026-05-16,25.73,payment,success,Mailed check
4305,CUST-000660,2026-06-16,25.73,payment,success,Mailed check
4306,CUST-000660,2026-07-16,25.73,payment,success,Mailed check
4307,CUST-000660,2026-08-16,25.73,payment,success,Mailed check
4308,CUST-000661,2026-03-16,41.27,payment,success,Credit card
4309,CUST-000661,2026-04-16,41.27,payment,success,Credit card
4310,CUST-000661,2026-05-16,41.27,payment,success,Credit card
4311,CUST-000661,2026-06-16,41.27,payment,success,Credit card
4312,CUST-000661,2026-07-16,41.27,payment,success,Credit card
4313,CUST-000661,2026-08-16,41.27,payment,success,Credit card
4314,CUST-000662,2026-03-16,110.83,payment,success,Mailed check
4315,CUST-000662,2026-04-16,110.83,payment,success,Mailed check
4316,CUST-000662,2026-05-16,110.83,payment,success,Mailed check
4317,CUST-000662,2026-06-16,110.83,payment,success,Mailed check
4318,CUST-000662,2026-07-16,110.83,payment,success,Mailed check
4319,CUST-000662,2026-08-16,110.83,payment,success,Mailed check
4320,CUST-000663,2026-03-16,109.0,failed_payment,failed,Mailed check
4321,CUST-000663,2026-03-19,109.0,payment,success,Mailed check
4322,CUST-000663,2026-04-16,109.0,payment,success,Mailed check
4323,CUST-000663,2026-05-16,109.0,payment,success,Mailed check
4324,CUST-000663,2026-06-16,109.0,payment,success,Mailed check
4325,CUST-000663,2026-07-16,109.0,payment,success,Mailed check
4326,CUST-000663,2026-08-16,109.0,payment,success,Mailed check
4327,CUST-000664,2026-03-16,87.95,failed_payment,failed,Electronic check
4328,CUST-000664,2026-03-19,87.95,payment,success,Electronic check
4329,CUST-000664,2026-04-16,87.95,payment,success,Electronic check
4330,CUST-000664,2026-05-16,87.95,payment,success,Electronic check
4331,CUST-000664,2026-06-16,87.95,payment,success,Electronic check
4332,CUST-000664,2026-07-16,87.95,payment,success,Electronic check
4333,CUST-000664,2026-08-16,87.95,payment,success,Electronic check
4334,CUST-000665,2026-03-16,44.05,payment,success,Bank transfer
4335,CUST-000665,2026-04-16,44.05,payment,success,Bank transfer
4336,CUST-000665,2026-05-16,44.05,payment,success,Bank transfer
4337,CUST-000665,2026-06-16,44.05,payment,success,Bank transfer
4338,CUST-000665,2026-07-16,44.05,payment,success,Bank transfer
4339,CUST-000665,2026-08-16,44.05,payment,success,Bank transfer
4340,CUST-000666,2026-03-16,61.98,payment,success,Bank transfer
4341,CUST-000666,2026-04-16,61.98,payment,success,Bank transfer
4342,CUST-000666,2026-05-16,61.98,payment,success,Bank transfer
4343,CUST-000666,2026-06-16,61.98,payment,success,Bank transfer
4344,CUST-000666,2026-07-16,61.98,payment,success,Bank transfer
4345,CUST-000666,2026-08-16,61.98,payment,success,Bank transfer
4346,CUST-000667,2026-03-16,41.12,payment,success,Bank transfer
4347,CUST-000667,2026-04-16,41.12,payment,success,Bank transfer
4348,CUST-000667,2026-05-16,41.12,payment,success,Bank transfer
4349,CUST-000667,2026-06-16,41.12,payment,success,Bank transfer
4350,CUST-000667,2026-07-16,41.12,payment,success,Bank transfer
4351,CUST-000667,2026-08-16,41.12,payment,success,Bank transfer
4352,CUST-000668,2026-03-16,32.86,payment,success,Electronic check
4353,CUST-000668,2026-04-16,32.86,payment,success,Electronic check
4354,CUST-000668,2026-05-16,32.86,payment,success,Electronic check
4355,CUST-000668,2026-06-16,32.86,payment,success,Electronic check
4356,CUST-000668,2026-07-16,32.86,payment,success,Electronic check
4357,CUST-000668,2026-08-16,32.86,payment,success,Electronic check
4358,CUST-000669,2026-03-16,58.0,payment,success,Mailed check
4359,CUST-000669,2026-04-16,58.0,payment,success,Mailed check
4360,CUST-000669,2026-05-16,58.0,failed_payment,failed,Mailed check
4361,CUST-000669,2026-05-19,58.0,payment,success,Mailed check
4362,CUST-000669,2026-06-16,58.0,failed_payment,failed,Mailed check
4363,CUST-000669,2026-06-19,58.0,payment,success,Mailed check
4364,CUST-000669,2026-07-16,58.0,payment,success,Mailed check
4365,CUST-000669,2026-08-16,58.0,payment,success,Mailed check
4366,CUST-000670,2026-03-16,77.58,failed_payment,failed,Mailed check
4367,CUST-000670,2026-03-19,77.58,payment,success,Mailed check
4368,CUST-000670,2026-04-16,77.58,failed_payment,failed,Mailed check
4369,CUST-000670,2026-04-19,77.58,payment,success,Mailed check
4370,CUST-000670,2026-05-16,77.58,payment,success,Mailed check
4371,CUST-000670,2026-06-16,77.58,failed_payment,failed,Mailed check
4372,CUST-000670,2026-06-19,77.58,payment,success,Mailed check
4373,CUST-000670,2026-07-16,77.58,failed_payment,failed,Mailed check
4374,CUST-000670,2026-07-19,77.58,payment,success,Mailed check
4375,CUST-000670,2026-08-16,77.58,failed_payment,failed,Mailed check
4376,CUST-000671,2026-03-16,55.99,payment,success,Credit card
4377,CUST-000671,2026-04-16,55.99,payment,success,Credit card
4378,CUST-000671,2026-05-16,55.99,payment,success,Credit card
4379,CUST-000671,2026-06-16,55.99,payment,success,Credit card
4380,CUST-000671,2026-07-16,55.99,payment,success,Credit card
4381,CUST-000671,2026-08-16,55.99,payment,success,Credit card
4382,CUST-000672,2026-03-16,81.08,payment,success,Mailed check
4383,CUST-000672,2026-04-16,81.08,payment,success,Mailed check
4384,CUST-000672,2026-05-16,81.08,payment,success,Mailed check
4385,CUST-000672,2026-06-16,81.08,payment,success,Mailed check
4386,CUST-000672,2026-07-16,81.08,payment,success,Mailed check
4387,CUST-000672,2026-08-16,81.08,payment,success,Mailed check
4388,CUST-000673,2026-03-16,49.63,payment,success,Mailed check
4389,CUST-000673,2026-04-16,49.63,payment,success,Mailed check
4390,CUST-000673,2026-05-16,49.63,payment,success,Mailed check
4391,CUST-000673,2026-06-16,49.63,payment,success,Mailed check
4392,CUST-000673,2026-07-16,49.63,payment,success,Mailed check
4393,CUST-000673,2026-08-16,49.63,payment,success,Mailed check
4394,CUST-000674,2026-03-16,54.59,payment,success,Mailed check
4395,CUST-000674,2026-04-16,54.59,payment,success,Mailed check
4396,CUST-000674,2026-05-16,54.59,payment,success,Mailed check
4397,CUST-000674,2026-06-16,54.59,payment,success,Mailed check
4398,CUST-000674,2026-07-16,54.59,payment,success,Mailed check
4399,CUST-000674,2026-08-16,54.59,payment,success,Mailed check
4400,CUST-000675,2026-03-16,99.07,payment,success,Credit card
4401,CUST-000675,2026-04-16,99.07,payment,success,Credit card
4402,CUST-000675,2026-05-16,99.07,payment,success,Credit card
4403,CUST-000675,2026-06-16,99.07,payment,success,Credit card
4404,CUST-000675,2026-07-16,99.07,payment,success,Credit card
4405,CUST-000675,2026-08-16,99.07,payment,success,Credit card
4406,CUST-000676,2026-03-16,107.83,payment,success,Bank transfer
4407,CUST-000676,2026-04-16,107.83,payment,success,Bank transfer
4408,CUST-000676,2026-05-16,107.83,payment,success,Bank transfer
4409,CUST-000676,2026-06-16,107.83,payment,success,Bank transfer
4410,CUST-000676,2026-07-16,107.83,failed_payment,failed,Bank transfer
4411,CUST-000676,2026-07-19,107.83,payment,success,Bank transfer
4412,CUST-000676,2026-08-16,107.83,payment,success,Bank transfer
4413,CUST-000677,2026-03-16,52.2,payment,success,Credit card
4414,CUST-000677,2026-04-16,52.2,payment,success,Credit card
4415,CUST-000677,2026-05-16,52.2,payment,success,Credit card
4416,CUST-000677,2026-06-16,52.2,payment,success,Credit card
4417,CUST-000677,2026-07-16,52.2,payment,success,Credit card
4418,CUST-000677,2026-08-16,52.2,payment,success,Credit card
4419,CUST-000678,2026-03-16,77.15,failed_payment,failed,Mailed check
4420,CUST-000678,2026-04-16,77.15,payment,success,Mailed check
4421,CUST-000678,2026-05-16,77.15,failed_payment,failed,Mailed check
4422,CUST-000678,2026-05-19,77.15,payment,success,Mailed check
4423,CUST-000678,2026-06-16,77.15,payment,success,Mailed check
4424,CUST-000678,2026-07-16,77.15,payment,success,Mailed check
4425,CUST-000678,2026-08-16,77.15,payment,success,Mailed check
4426,CUST-000679,2026-03-16,47.82,payment,success,Credit card
4427,CUST-000679,2026-04-16,47.82,payment,success,Credit card
4428,CUST-000679,2026-05-16,47.82,payment,success,Credit card
4429,CUST-000679,2026-06-16,47.82,failed_payment,failed,Credit card
4430,CUST-000679,2026-06-19,47.82,payment,success,Credit card
4431,CUST-000679,2026-07-16,47.82,payment,success,Credit card
4432,CUST-000679,2026-08-16,47.82,payment,success,Credit card
4433,CUST-000680,2026-03-16,25.33,payment,success,Credit card
4434,CUST-000680,2026-04-16,25.33,payment,success,Credit card
4435,CUST-000680,2026-05-16,25.33,payment,success,Credit card
4436,CUST-000680,2026-06-16,25.33,payment,success,Credit card
4437,CUST-000680,2026-07-16,25.33,payment,success,Credit card
4438,CUST-000680,2026-08-16,25.33,payment,success,Credit card
4439,CUST-000681,2026-03-16,93.79,payment,success,Bank transfer
4440,CUST-000681,2026-04-16,93.79,payment,success,Bank transfer
4441,CUST-000681,2026-05-16,93.79,failed_payment,failed,Bank transfer
4442,CUST-000681,2026-05-19,93.79,payment,success,Bank transfer
4443,CUST-000681,2026-06-16,93.79,payment,success,Bank transfer
4444,CUST-000681,2026-07-16,93.79,payment,success,Bank transfer
4445,CUST-000681,2026-08-16,93.79,payment,success,Bank transfer
4446,CUST-000682,2026-03-16,37.1,failed_payment,failed,Bank transfer
4447,CUST-000682,2026-04-16,37.1,failed_payment,failed,Bank transfer
4448,CUST-000682,2026-04-19,37.1,payment,success,Bank transfer
4449,CUST-000682,2026-05-16,37.1,failed_payment,failed,Bank transfer
4450,CUST-000682,2026-05-19,37.1,payment,success,Bank transfer
4451,CUST-000682,2026-06-16,37.1,payment,success,Bank transfer
4452,CUST-000682,2026-07-16,37.1,payment,success,Bank transfer
4453,CUST-000682,2026-08-16,37.1,failed_payment,failed,Bank transfer
4454,CUST-000682,2026-08-19,37.1,payment,success,Bank transfer
4455,CUST-000683,2026-03-16,62.57,failed_payment,failed,Credit card
4456,CUST-000683,2026-04-16,62.57,payment,success,Credit card
4457,CUST-000683,2026-05-16,62.57,failed_payment,failed,Credit card
4458,CUST-000683,2026-06-16,62.57,failed_payment,failed,Credit card
4459,CUST-000683,2026-06-19,62.57,payment,success,Credit card
4460,CUST-000683,2026-07-16,62.57,payment,success,Credit card
4461,CUST-000683,2026-08-16,62.57,payment,success,Credit card
4462,CUST-000684,2026-03-16,68.7,failed_payment,failed,Credit card
4463,CUST-000684,2026-04-16,68.7,payment,success,Credit card
4464,CUST-000684,2026-05-16,68.7,failed_payment,failed,Credit card
4465,CUST-000684,2026-05-19,68.7,payment,success,Credit card
4466,CUST-000684,2026-06-16,68.7,payment,success,Credit card
4467,CUST-000684,2026-07-16,68.7,failed_payment,failed,Credit card
4468,CUST-000684,2026-07-19,68.7,payment,success,Credit card
4469,CUST-000684,2026-08-16,68.7,payment,success,Credit card
4470,CUST-000685,2026-03-16,38.45,payment,success,Mailed check
4471,CUST-000685,2026-04-16,38.45,payment,success,Mailed check
4472,CUST-000685,2026-05-16,38.45,payment,success,Mailed check
4473,CUST-000685,2026-06-16,38.45,payment,success,Mailed check
4474,CUST-000685,2026-07-16,38.45,payment,success,Mailed check
4475,CUST-000685,2026-08-16,38.45,payment,success,Mailed check
4476,CUST-000686,2026-03-16,29.46,payment,success,Bank transfer
4477,CUST-000686,2026-04-16,29.46,payment,success,Bank transfer
4478,CUST-000686,2026-05-16,29.46,payment,success,Bank transfer
4479,CUST-000686,2026-06-16,29.46,failed_payment,failed,Bank transfer
4480,CUST-000686,2026-07-16,29.46,payment,success,Bank transfer
4481,CUST-000686,2026-08-16,29.46,payment,success,Bank transfer
4482,CUST-000687,2026-03-16,54.8,payment,success,Mailed check
4483,CUST-000687,2026-04-16,54.8,payment,success,Mailed check
4484,CUST-000687,2026-05-16,54.8,payment,success,Mailed check
4485,CUST-000687,2026-06-16,54.8,payment,success,Mailed check
4486,CUST-000687,2026-07-16,54.8,payment,success,Mailed check
4487,CUST-000687,2026-08-16,54.8,payment,success,Mailed check
4488,CUST-000688,2026-03-16,115.23,payment,success,Electronic check
4489,CUST-000688,2026-04-16,115.23,failed_payment,failed,Electronic check
4490,CUST-000688,2026-05-16,115.23,payment,success,Electronic check
4491,CUST-000688,2026-06-16,115.23,payment,success,Electronic check
4492,CUST-000688,2026-07-16,115.23,payment,success,Electronic check
4493,CUST-000688,2026-08-16,115.23,payment,success,Electronic check
4494,CUST-000689,2026-03-16,81.51,payment,success,Mailed check
4495,CUST-000689,2026-04-16,81.51,failed_payment,failed,Mailed check
4496,CUST-000689,2026-05-16,81.51,payment,success,Mailed check
4497,CUST-000689,2026-06-16,81.51,payment,success,Mailed check
4498,CUST-000689,2026-07-16,81.51,payment,success,Mailed check
4499,CUST-000689,2026-08-16,81.51,payment,success,Mailed check
4500,CUST-000690,2026-03-16,58.14,payment,success,Credit card
4501,CUST-000690,2026-04-16,58.14,payment,success,Credit card
4502,CUST-000690,2026-05-16,58.14,payment,success,Credit card
4503,CUST-000690,2026-06-16,58.14,payment,success,Credit card
4504,CUST-000690,2026-07-16,58.14,payment,success,Credit card
4505,CUST-000690,2026-08-16,58.14,payment,success,Credit card
4506,CUST-000691,2026-03-16,23.89,failed_payment,failed,Credit card
4507,CUST-000691,2026-04-16,23.89,failed_payment,failed,Credit card
4508,CUST-000691,2026-04-19,23.89,payment,success,Credit card
4509,CUST-000691,2026-05-16,23.89,failed_payment,failed,Credit card
4510,CUST-000691,2026-05-19,23.89,payment,success,Credit card
4511,CUST-000691,2026-06-16,23.89,failed_payment,failed,Credit card
4512,CUST-000691,2026-06-19,23.89,payment,success,Credit card
4513,CUST-000691,2026-07-16,23.89,payment,success,Credit card
4514,CUST-000691,2026-08-16,23.89,failed_payment,failed,Credit card
4515,CUST-000692,2026-03-16,80.03,payment,success,Credit card
4516,CUST-000692,2026-04-16,80.03,payment,success,Credit card
4517,CUST-000692,2026-05-16,80.03,payment,success,Credit card
4518,CUST-000692,2026-06-16,80.03,payment,success,Credit card
4519,CUST-000692,2026-07-16,80.03,payment,success,Credit card
4520,CUST-000692,2026-08-16,80.03,payment,success,Credit card
4521,CUST-000693,2026-03-16,29.23,payment,success,Credit card
4522,CUST-000693,2026-04-16,29.23,payment,success,Credit card
4523,CUST-000693,2026-05-16,29.23,payment,success,Credit card
4524,CUST-000693,2026-06-16,29.23,payment,success,Credit card
4525,CUST-000693,2026-07-16,29.23,payment,success,Credit card
4526,CUST-000693,2026-08-16,29.23,payment,success,Credit card
4527,CUST-000694,2026-03-16,74.25,failed_payment,failed,Bank transfer
4528,CUST-000694,2026-03-19,74.25,payment,success,Bank transfer
4529,CUST-000694,2026-04-16,74.25,payment,success,Bank transfer
4530,CUST-000694,2026-05-16,74.25,payment,success,Bank transfer
4531,CUST-000694,2026-06-16,74.25,payment,success,Bank transfer
4532,CUST-000694,2026-07-16,74.25,payment,success,Bank transfer
4533,CUST-000694,2026-08-16,74.25,payment,success,Bank transfer
4534,CUST-000695,2026-03-16,95.2,payment,success,Credit card
4535,CUST-000695,2026-04-16,95.2,payment,success,Credit card
4536,CUST-000695,2026-05-16,95.2,payment,success,Credit card
4537,CUST-000695,2026-06-16,95.2,payment,success,Credit card
4538,CUST-000695,2026-07-16,95.2,payment,success,Credit card
4539,CUST-000695,2026-08-16,95.2,payment,success,Credit card
4540,CUST-000696,2026-03-16,62.36,payment,success,Electronic check
4541,CUST-000696,2026-04-16,62.36,payment,success,Electronic check
4542,CUST-000696,2026-05-16,62.36,payment,success,Electronic check
4543,CUST-000696,2026-06-16,62.36,failed_payment,failed,Electronic check
4544,CUST-000696,2026-07-16,62.36,payment,success,Electronic check
4545,CUST-000696,2026-08-16,62.36,payment,success,Electronic check
4546,CUST-000697,2026-03-16,49.94,payment,success,Mailed check
4547,CUST-000697,2026-04-16,49.94,payment,success,Mailed check
4548,CUST-000697,2026-05-16,49.94,payment,success,Mailed check
4549,CUST-000697,2026-06-16,49.94,payment,success,Mailed check
4550,CUST-000697,2026-07-16,49.94,payment,success,Mailed check
4551,CUST-000697,2026-08-16,49.94,payment,success,Mailed check
4552,CUST-000698,2026-03-16,24.74,payment,success,Electronic check
4553,CUST-000698,2026-04-16,24.74,payment,success,Electronic check
4554,CUST-000698,2026-05-16,24.74,payment,success,Electronic check
4555,CUST-000698,2026-06-16,24.74,payment,success,Electronic check
4556,CUST-000698,2026-07-16,24.74,payment,success,Electronic check
4557,CUST-000698,2026-08-16,24.74,payment,success,Electronic check
4558,CUST-000699,2026-03-16,22.48,payment,success,Credit card
4559,CUST-000699,2026-04-16,22.48,payment,success,Credit card
4560,CUST-000699,2026-05-16,22.48,payment,success,Credit card
4561,CUST-000699,2026-06-16,22.48,failed_payment,failed,Credit card
4562,CUST-000699,2026-06-19,22.48,payment,success,Credit card
4563,CUST-000699,2026-07-16,22.48,payment,success,Credit card
4564,CUST-000699,2026-08-16,22.48,payment,success,Credit card
4565,CUST-000700,2026-03-16,63.0,payment,success,Bank transfer
4566,CUST-000700,2026-04-16,63.0,payment,success,Bank transfer
4567,CUST-000700,2026-05-16,63.0,payment,success,Bank transfer
4568,CUST-000700,2026-06-16,63.0,payment,success,Bank transfer
4569,CUST-000700,2026-07-16,63.0,payment,success,Bank transfer
4570,CUST-000700,2026-08-16,63.0,payment,success,Bank transfer
4571,CUST-000701,2026-03-16,108.33,payment,success,Credit card
4572,CUST-000701,2026-04-16,108.33,payment,success,Credit card
4573,CUST-000701,2026-05-16,108.33,payment,success,Credit card
4574,CUST-000701,2026-06-16,108.33,failed_payment,failed,Credit card
4575,CUST-000701,2026-07-16,108.33,payment,success,Credit card
4576,CUST-000701,2026-08-16,108.33,failed_payment,failed,Credit card
4577,CUST-000702,2026-03-16,44.41,payment,success,Mailed check
4578,CUST-000702,2026-04-16,44.41,payment,success,Mailed check
4579,CUST-000702,2026-05-16,44.41,failed_payment,failed,Mailed check
4580,CUST-000702,2026-05-19,44.41,payment,success,Mailed check
4581,CUST-000702,2026-06-16,44.41,payment,success,Mailed check
4582,CUST-000702,2026-07-16,44.41,payment,success,Mailed check
4583,CUST-000702,2026-08-16,44.41,payment,success,Mailed check
4584,CUST-000703,2026-03-16,77.41,payment,success,Mailed check
4585,CUST-000703,2026-04-16,77.41,payment,success,Mailed check
4586,CUST-000703,2026-05-16,77.41,failed_payment,failed,Mailed check
4587,CUST-000703,2026-05-19,77.41,payment,success,Mailed check
4588,CUST-000703,2026-06-16,77.41,payment,success,Mailed check
4589,CUST-000703,2026-07-16,77.41,failed_payment,failed,Mailed check
4590,CUST-000703,2026-08-16,77.41,payment,success,Mailed check
4591,CUST-000704,2026-03-16,88.43,payment,success,Bank transfer
4592,CUST-000704,2026-04-16,88.43,payment,success,Bank transfer
4593,CUST-000704,2026-05-16,88.43,payment,success,Bank transfer
4594,CUST-000704,2026-06-16,88.43,payment,success,Bank transfer
4595,CUST-000704,2026-07-16,88.43,payment,success,Bank transfer
4596,CUST-000704,2026-08-16,88.43,payment,success,Bank transfer
4597,CUST-000705,2026-03-16,26.08,payment,success,Bank transfer
4598,CUST-000705,2026-04-16,26.08,payment,success,Bank transfer
4599,CUST-000705,2026-05-16,26.08,payment,success,Bank transfer
4600,CUST-000705,2026-06-16,26.08,payment,success,Bank transfer
4601,CUST-000705,2026-07-16,26.08,payment,success,Bank transfer
4602,CUST-000705,2026-08-16,26.08,payment,success,Bank transfer
4603,CUST-000706,2026-03-16,35.31,payment,success,Mailed check
4604,CUST-000706,2026-04-16,35.31,payment,success,Mailed check
4605,CUST-000706,2026-05-16,35.31,payment,success,Mailed check
4606,CUST-000706,2026-06-16,35.31,payment,success,Mailed check
4607,CUST-000706,2026-07-16,35.31,payment,success,Mailed check
4608,CUST-000706,2026-08-16,35.31,payment,success,Mailed check
4609,CUST-000707,2026-03-16,53.13,payment,success,Mailed check
4610,CUST-000707,2026-04-16,53.13,payment,success,Mailed check
4611,CUST-000707,2026-05-16,53.13,payment,success,Mailed check
4612,CUST-000707,2026-06-16,53.13,payment,success,Mailed check
4613,CUST-000707,2026-07-16,53.13,payment,success,Mailed check
4614,CUST-000707,2026-08-16,53.13,payment,success,Mailed check
4615,CUST-000708,2026-03-16,87.01,payment,success,Bank transfer
4616,CUST-000708,2026-04-16,87.01,payment,success,Bank transfer
4617,CUST-000708,2026-05-16,87.01,payment,success,Bank transfer
4618,CUST-000708,2026-06-16,87.01,payment,success,Bank transfer
4619,CUST-000708,2026-07-16,87.01,payment,success,Bank transfer
4620,CUST-000708,2026-08-16,87.01,payment,success,Bank transfer
4621,CUST-000709,2026-03-16,63.9,failed_payment,failed,Electronic check
4622,CUST-000709,2026-03-19,63.9,payment,success,Electronic check
4623,CUST-000709,2026-04-16,63.9,payment,success,Electronic check
4624,CUST-000709,2026-05-16,63.9,payment,success,Electronic check
4625,CUST-000709,2026-06-16,63.9,failed_payment,failed,Electronic check
4626,CUST-000709,2026-06-19,63.9,payment,success,Electronic check
4627,CUST-000709,2026-07-16,63.9,payment,success,Electronic check
4628,CUST-000709,2026-08-16,63.9,payment,success,Electronic check
4629,CUST-000710,2026-03-16,93.42,failed_payment,failed,Electronic check
4630,CUST-000710,2026-03-19,93.42,payment,success,Electronic check
4631,CUST-000710,2026-04-16,93.42,failed_payment,failed,Electronic check
4632,CUST-000710,2026-05-16,93.42,failed_payment,failed,Electronic check
4633,CUST-000710,2026-05-19,93.42,payment,success,Electronic check
4634,CUST-000710,2026-06-16,93.42,payment,success,Electronic check
4635,CUST-000710,2026-07-16,93.42,failed_payment,failed,Electronic check
4636,CUST-000710,2026-08-16,93.42,payment,success,Electronic check
4637,CUST-000711,2026-03-16,106.76,payment,success,Electronic check
4638,CUST-000711,2026-04-16,106.76,payment,success,Electronic check
4639,CUST-000711,2026-05-16,106.76,payment,success,Electronic check
4640,CUST-000711,2026-06-16,106.76,payment,success,Electronic check
4641,CUST-000711,2026-07-16,106.76,payment,success,Electronic check
4642,CUST-000711,2026-08-16,106.76,payment,success,Electronic check
4643,CUST-000712,2026-03-16,95.84,payment,success,Electronic check
4644,CUST-000712,2026-04-16,95.84,payment,success,Electronic check
4645,CUST-000712,2026-05-16,95.84,payment,success,Electronic check
4646,CUST-000712,2026-06-16,95.84,payment,success,Electronic check
4647,CUST-000712,2026-07-16,95.84,payment,success,Electronic check
4648,CUST-000712,2026-08-16,95.84,payment,success,Electronic check
4649,CUST-000713,2026-03-16,119.22,payment,success,Electronic check
4650,CUST-000713,2026-04-16,119.22,payment,success,Electronic check
4651,CUST-000713,2026-05-16,119.22,payment,success,Electronic check
4652,CUST-000713,2026-06-16,119.22,payment,success,Electronic check
4653,CUST-000713,2026-07-16,119.22,payment,success,Electronic check
4654,CUST-000713,2026-08-16,119.22,failed_payment,failed,Electronic check
4655,CUST-000714,2026-03-16,95.44,payment,success,Electronic check
4656,CUST-000714,2026-04-16,95.44,payment,success,Electronic check
4657,CUST-000714,2026-05-16,95.44,payment,success,Electronic check
4658,CUST-000714,2026-06-16,95.44,failed_payment,failed,Electronic check
4659,CUST-000714,2026-06-19,95.44,payment,success,Electronic check
4660,CUST-000714,2026-07-16,95.44,payment,success,Electronic check
4661,CUST-000714,2026-08-16,95.44,payment,success,Electronic check
4662,CUST-000715,2026-03-16,105.22,payment,success,Electronic check
4663,CUST-000715,2026-04-16,105.22,payment,success,Electronic check
4664,CUST-000715,2026-05-16,105.22,payment,success,Electronic check
4665,CUST-000715,2026-06-16,105.22,failed_payment,failed,Electronic check
4666,CUST-000715,2026-06-19,105.22,payment,success,Electronic check
4667,CUST-000715,2026-07-16,105.22,payment,success,Electronic check
4668,CUST-000715,2026-08-16,105.22,payment,success,Electronic check
4669,CUST-000716,2026-03-16,103.24,failed_payment,failed,Credit card
4670,CUST-000716,2026-03-19,103.24,payment,success,Credit card
4671,CUST-000716,2026-04-16,103.24,failed_payment,failed,Credit card
4672,CUST-000716,2026-04-19,103.24,payment,success,Credit card
4673,CUST-000716,2026-05-16,103.24,failed_payment,failed,Credit card
4674,CUST-000716,2026-06-16,103.24,failed_payment,failed,Credit card
4675,CUST-000716,2026-06-19,103.24,payment,success,Credit card
4676,CUST-000716,2026-07-16,103.24,payment,success,Credit card
4677,CUST-000716,2026-08-16,103.24,failed_payment,failed,Credit card
4678,CUST-000716,2026-08-19,103.24,payment,success,Credit card
4679,CUST-000717,2026-03-16,93.03,payment,success,Electronic check
4680,CUST-000717,2026-04-16,93.03,payment,success,Electronic check
4681,CUST-000717,2026-05-16,93.03,payment,success,Electronic check
4682,CUST-000717,2026-06-16,93.03,payment,success,Electronic check
4683,CUST-000717,2026-07-16,93.03,payment,success,Electronic check
4684,CUST-000717,2026-08-16,93.03,failed_payment,failed,Electronic check
4685,CUST-000718,2026-03-16,100.18,payment,success,Bank transfer
4686,CUST-000718,2026-04-16,100.18,payment,success,Bank transfer
4687,CUST-000718,2026-05-16,100.18,payment,success,Bank transfer
4688,CUST-000718,2026-06-16,100.18,failed_payment,failed,Bank transfer
4689,CUST-000718,2026-07-16,100.18,payment,success,Bank transfer
4690,CUST-000718,2026-08-16,100.18,failed_payment,failed,Bank transfer
4691,CUST-000718,2026-08-19,100.18,payment,success,Bank transfer
4692,CUST-000719,2026-03-16,113.47,payment,success,Electronic check
4693,CUST-000719,2026-04-16,113.47,payment,success,Electronic check
4694,CUST-000719,2026-05-16,113.47,payment,success,Electronic check
4695,CUST-000719,2026-06-16,113.47,payment,success,Electronic check
4696,CUST-000719,2026-07-16,113.47,payment,success,Electronic check
4697,CUST-000719,2026-08-16,113.47,payment,success,Electronic check
4698,CUST-000720,2026-03-16,67.52,payment,success,Credit card
4699,CUST-000720,2026-04-16,67.52,payment,success,Credit card
4700,CUST-000720,2026-05-16,67.52,payment,success,Credit card
4701,CUST-000720,2026-06-16,67.52,payment,success,Credit card
4702,CUST-000720,2026-07-16,67.52,payment,success,Credit card
4703,CUST-000720,2026-08-16,67.52,payment,success,Credit card
4704,CUST-000721,2026-03-16,83.83,payment,success,Electronic check
4705,CUST-000721,2026-04-16,83.83,payment,success,Electronic check
4706,CUST-000721,2026-05-16,83.83,payment,success,Electronic check
4707,CUST-000721,2026-06-16,83.83,payment,success,Electronic check
4708,CUST-000721,2026-07-16,83.83,payment,success,Electronic check
4709,CUST-000721,2026-08-16,83.83,payment,success,Electronic check
4710,CUST-000722,2026-03-16,71.49,payment,success,Bank transfer
4711,CUST-000722,2026-04-16,71.49,payment,success,Bank transfer
4712,CUST-000722,2026-05-16,71.49,payment,success,Bank transfer
4713,CUST-000722,2026-06-16,71.49,payment,success,Bank transfer
4714,CUST-000722,2026-07-16,71.49,payment,success,Bank transfer
4715,CUST-000722,2026-08-16,71.49,payment,success,Bank transfer
4716,CUST-000723,2026-03-16,105.1,payment,success,Bank transfer
4717,CUST-000723,2026-04-16,105.1,payment,success,Bank transfer
4718,CUST-000723,2026-05-16,105.1,failed_payment,failed,Bank transfer
4719,CUST-000723,2026-05-19,105.1,payment,success,Bank transfer
4720,CUST-000723,2026-06-16,105.1,failed_payment,failed,Bank transfer
4721,CUST-000723,2026-06-19,105.1,payment,success,Bank transfer
4722,CUST-000723,2026-07-16,105.1,payment,success,Bank transfer
4723,CUST-000723,2026-08-16,105.1,payment,success,Bank transfer
4724,CUST-000724,2026-03-16,63.14,payment,success,Credit card
4725,CUST-000724,2026-04-16,63.14,payment,success,Credit card
4726,CUST-000724,2026-05-16,63.14,payment,success,Credit card
4727,CUST-000724,2026-06-16,63.14,payment,success,Credit card
4728,CUST-000724,2026-07-16,63.14,payment,success,Credit card
4729,CUST-000724,2026-08-16,63.14,failed_payment,failed,Credit card
4730,CUST-000724,2026-08-19,63.14,payment,success,Credit card
4731,CUST-000725,2026-03-16,101.97,payment,success,Bank transfer
4732,CUST-000725,2026-04-16,101.97,payment,success,Bank transfer
4733,CUST-000725,2026-05-16,101.97,failed_payment,failed,Bank transfer
4734,CUST-000725,2026-05-19,101.97,payment,success,Bank transfer
4735,CUST-000725,2026-06-16,101.97,payment,success,Bank transfer
4736,CUST-000725,2026-07-16,101.97,payment,success,Bank transfer
4737,CUST-000725,2026-08-16,101.97,payment,success,Bank transfer
4738,CUST-000726,2026-03-16,99.94,failed_payment,failed,Bank transfer
4739,CUST-000726,2026-03-19,99.94,payment,success,Bank transfer
4740,CUST-000726,2026-04-16,99.94,failed_payment,failed,Bank transfer
4741,CUST-000726,2026-05-16,99.94,payment,success,Bank transfer
4742,CUST-000726,2026-06-16,99.94,payment,success,Bank transfer
4743,CUST-000726,2026-07-16,99.94,payment,success,Bank transfer
4744,CUST-000726,2026-08-16,99.94,payment,success,Bank transfer
4745,CUST-000727,2026-03-16,116.19,failed_payment,failed,Credit card
4746,CUST-000727,2026-03-19,116.19,payment,success,Credit card
4747,CUST-000727,2026-04-16,116.19,payment,success,Credit card
4748,CUST-000727,2026-05-16,116.19,failed_payment,failed,Credit card
4749,CUST-000727,2026-06-16,116.19,payment,success,Credit card
4750,CUST-000727,2026-07-16,116.19,failed_payment,failed,Credit card
4751,CUST-000727,2026-07-19,116.19,payment,success,Credit card
4752,CUST-000727,2026-08-16,116.19,payment,success,Credit card
4753,CUST-000728,2026-03-16,44.89,payment,success,Credit card
4754,CUST-000728,2026-04-16,44.89,payment,success,Credit card
4755,CUST-000728,2026-05-16,44.89,payment,success,Credit card
4756,CUST-000728,2026-06-16,44.89,payment,success,Credit card
4757,CUST-000728,2026-07-16,44.89,payment,success,Credit card
4758,CUST-000728,2026-08-16,44.89,payment,success,Credit card
4759,CUST-000729,2026-03-16,90.96,failed_payment,failed,Mailed check
4760,CUST-000729,2026-03-19,90.96,payment,success,Mailed check
4761,CUST-000729,2026-04-16,90.96,payment,success,Mailed check
4762,CUST-000729,2026-05-16,90.96,payment,success,Mailed check
4763,CUST-000729,2026-06-16,90.96,payment,success,Mailed check
4764,CUST-000729,2026-07-16,90.96,payment,success,Mailed check
4765,CUST-000729,2026-08-16,90.96,failed_payment,failed,Mailed check
4766,CUST-000730,2026-03-16,95.69,payment,success,Credit card
4767,CUST-000730,2026-04-16,95.69,failed_payment,failed,Credit card
4768,CUST-000730,2026-04-19,95.69,payment,success,Credit card
4769,CUST-000730,2026-05-16,95.69,payment,success,Credit card
4770,CUST-000730,2026-06-16,95.69,payment,success,Credit card
4771,CUST-000730,2026-07-16,95.69,payment,success,Credit card
4772,CUST-000730,2026-08-16,95.69,payment,success,Credit card
4773,CUST-000731,2026-03-16,113.63,payment,success,Credit card
4774,CUST-000731,2026-04-16,113.63,failed_payment,failed,Credit card
4775,CUST-000731,2026-05-16,113.63,failed_payment,failed,Credit card
4776,CUST-000731,2026-05-19,113.63,payment,success,Credit card
4777,CUST-000731,2026-06-16,113.63,payment,success,Credit card
4778,CUST-000731,2026-07-16,113.63,payment,success,Credit card
4779,CUST-000731,2026-08-16,113.63,payment,success,Credit card
4780,CUST-000732,2026-03-16,110.69,payment,success,Bank transfer
4781,CUST-000732,2026-04-16,110.69,payment,success,Bank transfer
4782,CUST-000732,2026-05-16,110.69,payment,success,Bank transfer
4783,CUST-000732,2026-06-16,110.69,payment,success,Bank transfer
4784,CUST-000732,2026-07-16,110.69,payment,success,Bank transfer
4785,CUST-000732,2026-08-16,110.69,failed_payment,failed,Bank transfer
4786,CUST-000732,2026-08-19,110.69,payment,success,Bank transfer
4787,CUST-000733,2026-03-16,77.35,payment,success,Credit card
4788,CUST-000733,2026-04-16,77.35,failed_payment,failed,Credit card
4789,CUST-000733,2026-04-19,77.35,payment,success,Credit card
4790,CUST-000733,2026-05-16,77.35,payment,success,Credit card
4791,CUST-000733,2026-06-16,77.35,payment,success,Credit card
4792,CUST-000733,2026-07-16,77.35,payment,success,Credit card
4793,CUST-000733,2026-08-16,77.35,payment,success,Credit card
4794,CUST-000734,2026-03-16,77.92,payment,success,Electronic check
4795,CUST-000734,2026-04-16,77.92,payment,success,Electronic check
4796,CUST-000734,2026-05-16,77.92,payment,success,Electronic check
4797,CUST-000734,2026-06-16,77.92,payment,success,Electronic check
4798,CUST-000734,2026-07-16,77.92,payment,success,Electronic check
4799,CUST-000734,2026-08-16,77.92,payment,success,Electronic check
4800,CUST-000735,2026-03-16,36.73,failed_payment,failed,Bank transfer
4801,CUST-000735,2026-03-19,36.73,payment,success,Bank transfer
4802,CUST-000735,2026-04-16,36.73,payment,success,Bank transfer
4803,CUST-000735,2026-05-16,36.73,payment,success,Bank transfer
4804,CUST-000735,2026-06-16,36.73,payment,success,Bank transfer
4805,CUST-000735,2026-07-16,36.73,failed_payment,failed,Bank transfer
4806,CUST-000735,2026-08-16,36.73,payment,success,Bank transfer
4807,CUST-000736,2026-03-16,117.5,payment,success,Bank transfer
4808,CUST-000736,2026-04-16,117.5,payment,success,Bank transfer
4809,CUST-000736,2026-05-16,117.5,failed_payment,failed,Bank transfer
4810,CUST-000736,2026-06-16,117.5,payment,success,Bank transfer
4811,CUST-000736,2026-07-16,117.5,payment,success,Bank transfer
4812,CUST-000736,2026-08-16,117.5,payment,success,Bank transfer
4813,CUST-000737,2026-03-16,45.5,payment,success,Credit card
4814,CUST-000737,2026-04-16,45.5,failed_payment,failed,Credit card
4815,CUST-000737,2026-05-16,45.5,payment,success,Credit card
4816,CUST-000737,2026-06-16,45.5,payment,success,Credit card
4817,CUST-000737,2026-07-16,45.5,payment,success,Credit card
4818,CUST-000737,2026-08-16,45.5,failed_payment,failed,Credit card
4819,CUST-000737,2026-08-19,45.5,payment,success,Credit card
4820,CUST-000738,2026-03-16,92.47,payment,success,Electronic check
4821,CUST-000738,2026-04-16,92.47,payment,success,Electronic check
4822,CUST-000738,2026-05-16,92.47,payment,success,Electronic check
4823,CUST-000738,2026-06-16,92.47,failed_payment,failed,Electronic check
4824,CUST-000738,2026-06-19,92.47,payment,success,Electronic check
4825,CUST-000738,2026-07-16,92.47,payment,success,Electronic check
4826,CUST-000738,2026-08-16,92.47,failed_payment,failed,Electronic check
4827,CUST-000738,2026-08-19,92.47,payment,success,Electronic check
4828,CUST-000739,2026-03-16,99.58,payment,success,Credit card
4829,CUST-000739,2026-04-16,99.58,failed_payment,failed,Credit card
4830,CUST-000739,2026-04-19,99.58,payment,success,Credit card
4831,CUST-000739,2026-05-16,99.58,failed_payment,failed,Credit card
4832,CUST-000739,2026-05-19,99.58,payment,success,Credit card
4833,CUST-000739,2026-06-16,99.58,payment,success,Credit card
4834,CUST-000739,2026-07-16,99.58,payment,success,Credit card
4835,CUST-000739,2026-08-16,99.58,failed_payment,failed,Credit card
4836,CUST-000739,2026-08-19,99.58,payment,success,Credit card
4837,CUST-000740,2026-03-16,64.12,payment,success,Electronic check
4838,CUST-000740,2026-04-16,64.12,payment,success,Electronic check
4839,CUST-000740,2026-05-16,64.12,payment,success,Electronic check
4840,CUST-000740,2026-06-16,64.12,payment,success,Electronic check
4841,CUST-000740,2026-07-16,64.12,payment,success,Electronic check
4842,CUST-000740,2026-08-16,64.12,payment,success,Electronic check
4843,CUST-000741,2026-03-16,41.12,payment,success,Mailed check
4844,CUST-000741,2026-04-16,41.12,failed_payment,failed,Mailed check
4845,CUST-000741,2026-04-19,41.12,payment,success,Mailed check
4846,CUST-000741,2026-05-16,41.12,failed_payment,failed,Mailed check
4847,CUST-000741,2026-06-16,41.12,payment,success,Mailed check
4848,CUST-000741,2026-07-16,41.12,payment,success,Mailed check
4849,CUST-000741,2026-08-16,41.12,payment,success,Mailed check
4850,CUST-000742,2026-03-16,38.9,failed_payment,failed,Bank transfer
4851,CUST-000742,2026-03-19,38.9,payment,success,Bank transfer
4852,CUST-000742,2026-04-16,38.9,payment,success,Bank transfer
4853,CUST-000742,2026-05-16,38.9,payment,success,Bank transfer
4854,CUST-000742,2026-06-16,38.9,payment,success,Bank transfer
4855,CUST-000742,2026-07-16,38.9,payment,success,Bank transfer
4856,CUST-000742,2026-08-16,38.9,payment,success,Bank transfer
4857,CUST-000743,2026-03-16,105.65,payment,success,Mailed check
4858,CUST-000743,2026-04-16,105.65,payment,success,Mailed check
4859,CUST-000743,2026-05-16,105.65,payment,success,Mailed check
4860,CUST-000743,2026-06-16,105.65,payment,success,Mailed check
4861,CUST-000743,2026-07-16,105.65,payment,success,Mailed check
4862,CUST-000743,2026-08-16,105.65,payment,success,Mailed check
4863,CUST-000744,2026-03-16,71.08,payment,success,Credit card
4864,CUST-000744,2026-04-16,71.08,payment,success,Credit card
4865,CUST-000744,2026-05-16,71.08,failed_payment,failed,Credit card
4866,CUST-000744,2026-05-19,71.08,payment,success,Credit card
4867,CUST-000744,2026-06-16,71.08,failed_payment,failed,Credit card
4868,CUST-000744,2026-07-16,71.08,payment,success,Credit card
4869,CUST-000744,2026-08-16,71.08,payment,success,Credit card
4870,CUST-000745,2026-03-16,29.01,payment,success,Credit card
4871,CUST-000745,2026-04-16,29.01,payment,success,Credit card
4872,CUST-000745,2026-05-16,29.01,payment,success,Credit card
4873,CUST-000745,2026-06-16,29.01,payment,success,Credit card
4874,CUST-000745,2026-07-16,29.01,payment,success,Credit card
4875,CUST-000745,2026-08-16,29.01,payment,success,Credit card
4876,CUST-000746,2026-03-16,91.7,payment,success,Electronic check
4877,CUST-000746,2026-04-16,91.7,payment,success,Electronic check
4878,CUST-000746,2026-05-16,91.7,failed_payment,failed,Electronic check
4879,CUST-000746,2026-06-16,91.7,payment,success,Electronic check
4880,CUST-000746,2026-07-16,91.7,payment,success,Electronic check
4881,CUST-000746,2026-08-16,91.7,payment,success,Electronic check
4882,CUST-000747,2026-03-16,45.02,failed_payment,failed,Mailed check
4883,CUST-000747,2026-04-16,45.02,payment,success,Mailed check
4884,CUST-000747,2026-05-16,45.02,payment,success,Mailed check
4885,CUST-000747,2026-06-16,45.02,payment,success,Mailed check
4886,CUST-000747,2026-07-16,45.02,failed_payment,failed,Mailed check
4887,CUST-000747,2026-07-19,45.02,payment,success,Mailed check
4888,CUST-000747,2026-08-16,45.02,payment,success,Mailed check
4889,CUST-000748,2026-03-16,107.64,payment,success,Electronic check
4890,CUST-000748,2026-04-16,107.64,failed_payment,failed,Electronic check
4891,CUST-000748,2026-05-16,107.64,failed_payment,failed,Electronic check
4892,CUST-000748,2026-05-19,107.64,payment,success,Electronic check
4893,CUST-000748,2026-06-16,107.64,failed_payment,failed,Electronic check
4894,CUST-000748,2026-07-16,107.64,payment,success,Electronic check
4895,CUST-000748,2026-08-16,107.64,failed_payment,failed,Electronic check
4896,CUST-000749,2026-03-16,50.96,payment,success,Bank transfer
4897,CUST-000749,2026-04-16,50.96,payment,success,Bank transfer
4898,CUST-000749,2026-05-16,50.96,payment,success,Bank transfer
4899,CUST-000749,2026-06-16,50.96,payment,success,Bank transfer
4900,CUST-000749,2026-07-16,50.96,failed_payment,failed,Bank transfer
4901,CUST-000749,2026-07-19,50.96,payment,success,Bank transfer
4902,CUST-000749,2026-08-16,50.96,payment,success,Bank transfer
4903,CUST-000750,2026-03-16,40.03,payment,success,Credit card
4904,CUST-000750,2026-04-16,40.03,payment,success,Credit card
4905,CUST-000750,2026-05-16,40.03,payment,success,Credit card
4906,CUST-000750,2026-06-16,40.03,payment,success,Credit card
4907,CUST-000750,2026-07-16,40.03,payment,success,Credit card
4908,CUST-000750,2026-08-16,40.03,payment,success,Credit card
4909,CUST-000751,2026-03-16,28.49,failed_payment,failed,Bank transfer
4910,CUST-000751,2026-03-19,28.49,payment,success,Bank transfer
4911,CUST-000751,2026-04-16,28.49,payment,success,Bank transfer
4912,CUST-000751,2026-05-16,28.49,failed_payment,failed,Bank transfer
4913,CUST-000751,2026-05-19,28.49,payment,success,Bank transfer
4914,CUST-000751,2026-06-16,28.49,payment,success,Bank transfer
4915,CUST-000751,2026-07-16,28.49,payment,success,Bank transfer
4916,CUST-000751,2026-08-16,28.49,failed_payment,failed,Bank transfer
4917,CUST-000751,2026-08-19,28.49,payment,success,Bank transfer
4918,CUST-000752,2026-03-16,71.15,payment,success,Electronic check
4919,CUST-000752,2026-04-16,71.15,payment,success,Electronic check
4920,CUST-000752,2026-05-16,71.15,payment,success,Electronic check
4921,CUST-000752,2026-06-16,71.15,payment,success,Electronic check
4922,CUST-000752,2026-07-16,71.15,failed_payment,failed,Electronic check
4923,CUST-000752,2026-08-16,71.15,failed_payment,failed,Electronic check
4924,CUST-000753,2026-03-16,65.07,payment,success,Electronic check
4925,CUST-000753,2026-04-16,65.07,payment,success,Electronic check
4926,CUST-000753,2026-05-16,65.07,failed_payment,failed,Electronic check
4927,CUST-000753,2026-05-19,65.07,payment,success,Electronic check
4928,CUST-000753,2026-06-16,65.07,payment,success,Electronic check
4929,CUST-000753,2026-07-16,65.07,failed_payment,failed,Electronic check
4930,CUST-000753,2026-07-19,65.07,payment,success,Electronic check
4931,CUST-000753,2026-08-16,65.07,failed_payment,failed,Electronic check
4932,CUST-000754,2026-03-16,95.13,payment,success,Electronic check
4933,CUST-000754,2026-04-16,95.13,payment,success,Electronic check
4934,CUST-000754,2026-05-16,95.13,payment,success,Electronic check
4935,CUST-000754,2026-06-16,95.13,payment,success,Electronic check
4936,CUST-000754,2026-07-16,95.13,payment,success,Electronic check
4937,CUST-000754,2026-08-16,95.13,payment,success,Electronic check
4938,CUST-000755,2026-03-16,66.46,payment,success,Mailed check
4939,CUST-000755,2026-04-16,66.46,payment,success,Mailed check
4940,CUST-000755,2026-05-16,66.46,payment,success,Mailed check
4941,CUST-000755,2026-06-16,66.46,payment,success,Mailed check
4942,CUST-000755,2026-07-16,66.46,payment,success,Mailed check
4943,CUST-000755,2026-08-16,66.46,payment,success,Mailed check
4944,CUST-000756,2026-03-16,54.38,payment,success,Bank transfer
4945,CUST-000756,2026-04-16,54.38,payment,success,Bank transfer
4946,CUST-000756,2026-05-16,54.38,payment,success,Bank transfer
4947,CUST-000756,2026-06-16,54.38,payment,success,Bank transfer
4948,CUST-000756,2026-07-16,54.38,payment,success,Bank transfer
4949,CUST-000756,2026-08-16,54.38,payment,success,Bank transfer
4950,CUST-000757,2026-03-16,46.17,payment,success,Electronic check
4951,CUST-000757,2026-04-16,46.17,payment,success,Electronic check
4952,CUST-000757,2026-05-16,46.17,payment,success,Electronic check
4953,CUST-000757,2026-06-16,46.17,payment,success,Electronic check
4954,CUST-000757,2026-07-16,46.17,payment,success,Electronic check
4955,CUST-000757,2026-08-16,46.17,payment,success,Electronic check
4956,CUST-000758,2026-03-16,47.81,payment,success,Credit card
4957,CUST-000758,2026-04-16,47.81,payment,success,Credit card
4958,CUST-000758,2026-05-16,47.81,failed_payment,failed,Credit card
4959,CUST-000758,2026-06-16,47.81,payment,success,Credit card
4960,CUST-000758,2026-07-16,47.81,payment,success,Credit card
4961,CUST-000758,2026-08-16,47.81,payment,success,Credit card
4962,CUST-000759,2026-03-16,112.78,payment,success,Mailed check
4963,CUST-000759,2026-04-16,112.78,payment,success,Mailed check
4964,CUST-000759,2026-05-16,112.78,failed_payment,failed,Mailed check
4965,CUST-000759,2026-05-19,112.78,payment,success,Mailed check
4966,CUST-000759,2026-06-16,112.78,failed_payment,failed,Mailed check
4967,CUST-000759,2026-06-19,112.78,payment,success,Mailed check
4968,CUST-000759,2026-07-16,112.78,payment,success,Mailed check
4969,CUST-000759,2026-08-16,112.78,payment,success,Mailed check
4970,CUST-000760,2026-03-16,36.51,payment,success,Bank transfer
4971,CUST-000760,2026-04-16,36.51,payment,success,Bank transfer
4972,CUST-000760,2026-05-16,36.51,payment,success,Bank transfer
4973,CUST-000760,2026-06-16,36.51,payment,success,Bank transfer
4974,CUST-000760,2026-07-16,36.51,payment,success,Bank transfer
4975,CUST-000760,2026-08-16,36.51,payment,success,Bank transfer
4976,CUST-000761,2026-03-16,118.82,payment,success,Bank transfer
4977,CUST-000761,2026-04-16,118.82,payment,success,Bank transfer
4978,CUST-000761,2026-05-16,118.82,failed_payment,failed,Bank transfer
4979,CUST-000761,2026-05-19,118.82,payment,success,Bank transfer
4980,CUST-000761,2026-06-16,118.82,payment,success,Bank transfer
4981,CUST-000761,2026-07-16,118.82,payment,success,Bank transfer
4982,CUST-000761,2026-08-16,118.82,payment,success,Bank transfer
4983,CUST-000762,2026-03-16,52.69,payment,success,Bank transfer
4984,CUST-000762,2026-04-16,52.69,payment,success,Bank transfer
4985,CUST-000762,2026-05-16,52.69,payment,success,Bank transfer
4986,CUST-000762,2026-06-16,52.69,payment,success,Bank transfer
4987,CUST-000762,2026-07-16,52.69,payment,success,Bank transfer
4988,CUST-000762,2026-08-16,52.69,payment,success,Bank transfer
4989,CUST-000763,2026-03-16,28.84,failed_payment,failed,Mailed check
4990,CUST-000763,2026-04-16,28.84,payment,success,Mailed check
4991,CUST-000763,2026-05-16,28.84,payment,success,Mailed check
4992,CUST-000763,2026-06-16,28.84,payment,success,Mailed check
4993,CUST-000763,2026-07-16,28.84,payment,success,Mailed check
4994,CUST-000763,2026-08-16,28.84,payment,success,Mailed check
4995,CUST-000764,2026-03-16,44.87,payment,success,Mailed check
4996,CUST-000764,2026-04-16,44.87,failed_payment,failed,Mailed check
4997,CUST-000764,2026-04-19,44.87,payment,success,Mailed check
4998,CUST-000764,2026-05-16,44.87,failed_payment,failed,Mailed check
4999,CUST-000764,2026-05-19,44.87,payment,success,Mailed check
5000,CUST-000764,2026-06-16,44.87,failed_payment,failed,Mailed check
5001,CUST-000764,2026-07-16,44.87,failed_payment,failed,Mailed check
5002,CUST-000764,2026-08-16,44.87,payment,success,Mailed check
5003,CUST-000765,2026-03-16,25.84,payment,success,Mailed check
5004,CUST-000765,2026-04-16,25.84,payment,success,Mailed check
5005,CUST-000765,2026-05-16,25.84,payment,success,Mailed check
5006,CUST-000765,2026-06-16,25.84,payment,success,Mailed check
5007,CUST-000765,2026-07-16,25.84,payment,success,Mailed check
5008,CUST-000765,2026-08-16,25.84,payment,success,Mailed check
5009,CUST-000766,2026-03-16,99.0,payment,success,Electronic check
5010,CUST-000766,2026-04-16,99.0,failed_payment,failed,Electronic check
5011,CUST-000766,2026-04-19,99.0,payment,success,Electronic check
5012,CUST-000766,2026-05-16,99.0,failed_payment,failed,Electronic check
5013,CUST-000766,2026-06-16,99.0,failed_payment,failed,Electronic check
5014,CUST-000766,2026-06-19,99.0,payment,success,Electronic check
5015,CUST-000766,2026-07-16,99.0,payment,success,Electronic check
5016,CUST-000766,2026-08-16,99.0,payment,success,Electronic check
5017,CUST-000767,2026-03-16,71.26,payment,success,Mailed check
5018,CUST-000767,2026-04-16,71.26,payment,success,Mailed check
5019,CUST-000767,2026-05-16,71.26,payment,success,Mailed check
5020,CUST-000767,2026-06-16,71.26,payment,success,Mailed check
5021,CUST-000767,2026-07-16,71.26,payment,success,Mailed check
5022,CUST-000767,2026-08-16,71.26,payment,success,Mailed check
5023,CUST-000768,2026-03-16,53.7,payment,success,Credit card
5024,CUST-000768,2026-04-16,53.7,payment,success,Credit card
5025,CUST-000768,2026-05-16,53.7,payment,success,Credit card
5026,CUST-000768,2026-06-16,53.7,payment,success,Credit card
5027,CUST-000768,2026-07-16,53.7,payment,success,Credit card
5028,CUST-000768,2026-08-16,53.7,payment,success,Credit card
5029,CUST-000769,2026-03-16,86.2,failed_payment,failed,Credit card
5030,CUST-000769,2026-03-19,86.2,payment,success,Credit card
5031,CUST-000769,2026-04-16,86.2,payment,success,Credit card
5032,CUST-000769,2026-05-16,86.2,payment,success,Credit card
5033,CUST-000769,2026-06-16,86.2,payment,success,Credit card
5034,CUST-000769,2026-07-16,86.2,payment,success,Credit card
5035,CUST-000769,2026-08-16,86.2,payment,success,Credit card
5036,CUST-000770,2026-03-16,83.06,payment,success,Credit card
5037,CUST-000770,2026-04-16,83.06,failed_payment,failed,Credit card
5038,CUST-000770,2026-04-19,83.06,payment,success,Credit card
5039,CUST-000770,2026-05-16,83.06,payment,success,Credit card
5040,CUST-000770,2026-06-16,83.06,payment,success,Credit card
5041,CUST-000770,2026-07-16,83.06,payment,success,Credit card
5042,CUST-000770,2026-08-16,83.06,payment,success,Credit card
5043,CUST-000771,2026-03-16,113.99,payment,success,Mailed check
5044,CUST-000771,2026-04-16,113.99,failed_payment,failed,Mailed check
5045,CUST-000771,2026-05-16,113.99,payment,success,Mailed check
5046,CUST-000771,2026-06-16,113.99,payment,success,Mailed check
5047,CUST-000771,2026-07-16,113.99,payment,success,Mailed check
5048,CUST-000771,2026-08-16,113.99,failed_payment,failed,Mailed check
5049,CUST-000771,2026-08-19,113.99,payment,success,Mailed check
5050,CUST-000772,2026-03-16,116.13,payment,success,Mailed check
5051,CUST-000772,2026-04-16,116.13,payment,success,Mailed check
5052,CUST-000772,2026-05-16,116.13,payment,success,Mailed check
5053,CUST-000772,2026-06-16,116.13,payment,success,Mailed check
5054,CUST-000772,2026-07-16,116.13,payment,success,Mailed check
5055,CUST-000772,2026-08-16,116.13,payment,success,Mailed check
5056,CUST-000773,2026-03-16,88.07,payment,success,Electronic check
5057,CUST-000773,2026-04-16,88.07,payment,success,Electronic check
5058,CUST-000773,2026-05-16,88.07,payment,success,Electronic check
5059,CUST-000773,2026-06-16,88.07,failed_payment,failed,Electronic check
5060,CUST-000773,2026-07-16,88.07,payment,success,Electronic check
5061,CUST-000773,2026-08-16,88.07,payment,success,Electronic check
5062,CUST-000774,2026-03-16,101.78,payment,success,Mailed check
5063,CUST-000774,2026-04-16,101.78,payment,success,Mailed check
5064,CUST-000774,2026-05-16,101.78,payment,success,Mailed check
5065,CUST-000774,2026-06-16,101.78,payment,success,Mailed check
5066,CUST-000774,2026-07-16,101.78,payment,success,Mailed check
5067,CUST-000774,2026-08-16,101.78,payment,success,Mailed check
5068,CUST-000775,2026-03-16,99.24,failed_payment,failed,Bank transfer
5069,CUST-000775,2026-03-19,99.24,payment,success,Bank transfer
5070,CUST-000775,2026-04-16,99.24,payment,success,Bank transfer
5071,CUST-000775,2026-05-16,99.24,payment,success,Bank transfer
5072,CUST-000775,2026-06-16,99.24,payment,success,Bank transfer
5073,CUST-000775,2026-07-16,99.24,payment,success,Bank transfer
5074,CUST-000775,2026-08-16,99.24,failed_payment,failed,Bank transfer
5075,CUST-000775,2026-08-19,99.24,payment,success,Bank transfer
5076,CUST-000776,2026-03-16,69.13,payment,success,Mailed check
5077,CUST-000776,2026-04-16,69.13,payment,success,Mailed check
5078,CUST-000776,2026-05-16,69.13,payment,success,Mailed check
5079,CUST-000776,2026-06-16,69.13,failed_payment,failed,Mailed check
5080,CUST-000776,2026-07-16,69.13,payment,success,Mailed check
5081,CUST-000776,2026-08-16,69.13,payment,success,Mailed check
5082,CUST-000777,2026-03-16,90.45,payment,success,Bank transfer
5083,CUST-000777,2026-04-16,90.45,payment,success,Bank transfer
5084,CUST-000777,2026-05-16,90.45,payment,success,Bank transfer
5085,CUST-000777,2026-06-16,90.45,payment,success,Bank transfer
5086,CUST-000777,2026-07-16,90.45,payment,success,Bank transfer
5087,CUST-000777,2026-08-16,90.45,payment,success,Bank transfer
5088,CUST-000778,2026-03-16,27.83,payment,success,Electronic check
5089,CUST-000778,2026-04-16,27.83,payment,success,Electronic check
5090,CUST-000778,2026-05-16,27.83,payment,success,Electronic check
5091,CUST-000778,2026-06-16,27.83,payment,success,Electronic check
5092,CUST-000778,2026-07-16,27.83,payment,success,Electronic check
5093,CUST-000778,2026-08-16,27.83,payment,success,Electronic check
5094,CUST-000779,2026-03-16,95.8,payment,success,Mailed check
5095,CUST-000779,2026-04-16,95.8,payment,success,Mailed check
5096,CUST-000779,2026-05-16,95.8,payment,success,Mailed check
5097,CUST-000779,2026-06-16,95.8,payment,success,Mailed check
5098,CUST-000779,2026-07-16,95.8,payment,success,Mailed check
5099,CUST-000779,2026-08-16,95.8,payment,success,Mailed check
5100,CUST-000780,2026-03-16,116.18,payment,success,Mailed check
5101,CUST-000780,2026-04-16,116.18,payment,success,Mailed check
5102,CUST-000780,2026-05-16,116.18,payment,success,Mailed check
5103,CUST-000780,2026-06-16,116.18,payment,success,Mailed check
5104,CUST-000780,2026-07-16,116.18,payment,success,Mailed check
5105,CUST-000780,2026-08-16,116.18,payment,success,Mailed check
5106,CUST-000781,2026-03-16,28.5,payment,success,Mailed check
5107,CUST-000781,2026-04-16,28.5,payment,success,Mailed check
5108,CUST-000781,2026-05-16,28.5,payment,success,Mailed check
5109,CUST-000781,2026-06-16,28.5,payment,success,Mailed check
5110,CUST-000781,2026-07-16,28.5,payment,success,Mailed check
5111,CUST-000781,2026-08-16,28.5,payment,success,Mailed check
5112,CUST-000782,2026-03-16,103.61,payment,success,Electronic check
5113,CUST-000782,2026-04-16,103.61,payment,success,Electronic check
5114,CUST-000782,2026-05-16,103.61,payment,success,Electronic check
5115,CUST-000782,2026-06-16,103.61,payment,success,Electronic check
5116,CUST-000782,2026-07-16,103.61,payment,success,Electronic check
5117,CUST-000782,2026-08-16,103.61,payment,success,Electronic check
5118,CUST-000783,2026-03-16,113.3,payment,success,Mailed check
5119,CUST-000783,2026-04-16,113.3,failed_payment,failed,Mailed check
5120,CUST-000783,2026-04-19,113.3,payment,success,Mailed check
5121,CUST-000783,2026-05-16,113.3,failed_payment,failed,Mailed check
5122,CUST-000783,2026-05-19,113.3,payment,success,Mailed check
5123,CUST-000783,2026-06-16,113.3,payment,success,Mailed check
5124,CUST-000783,2026-07-16,113.3,failed_payment,failed,Mailed check
5125,CUST-000783,2026-07-19,113.3,payment,success,Mailed check
5126,CUST-000783,2026-08-16,113.3,payment,success,Mailed check
5127,CUST-000784,2026-03-16,42.62,payment,success,Credit card
5128,CUST-000784,2026-04-16,42.62,payment,success,Credit card
5129,CUST-000784,2026-05-16,42.62,payment,success,Credit card
5130,CUST-000784,2026-06-16,42.62,payment,success,Credit card
5131,CUST-000784,2026-07-16,42.62,payment,success,Credit card
5132,CUST-000784,2026-08-16,42.62,payment,success,Credit card
5133,CUST-000785,2026-03-16,72.48,payment,success,Credit card
5134,CUST-000785,2026-04-16,72.48,payment,success,Credit card
5135,CUST-000785,2026-05-16,72.48,payment,success,Credit card
5136,CUST-000785,2026-06-16,72.48,payment,success,Credit card
5137,CUST-000785,2026-07-16,72.48,payment,success,Credit card
5138,CUST-000785,2026-08-16,72.48,payment,success,Credit card
5139,CUST-000786,2026-03-16,112.79,failed_payment,failed,Mailed check
5140,CUST-000786,2026-03-19,112.79,payment,success,Mailed check
5141,CUST-000786,2026-04-16,112.79,failed_payment,failed,Mailed check
5142,CUST-000786,2026-05-16,112.79,payment,success,Mailed check
5143,CUST-000786,2026-06-16,112.79,payment,success,Mailed check
5144,CUST-000786,2026-07-16,112.79,failed_payment,failed,Mailed check
5145,CUST-000786,2026-07-19,112.79,payment,success,Mailed check
5146,CUST-000786,2026-08-16,112.79,payment,success,Mailed check
5147,CUST-000787,2026-03-16,116.02,payment,success,Mailed check
5148,CUST-000787,2026-04-16,116.02,payment,success,Mailed check
5149,CUST-000787,2026-05-16,116.02,payment,success,Mailed check
5150,CUST-000787,2026-06-16,116.02,payment,success,Mailed check
5151,CUST-000787,2026-07-16,116.02,payment,success,Mailed check
5152,CUST-000787,2026-08-16,116.02,payment,success,Mailed check
5153,CUST-000788,2026-03-16,32.79,payment,success,Bank transfer
5154,CUST-000788,2026-04-16,32.79,failed_payment,failed,Bank transfer
5155,CUST-000788,2026-04-19,32.79,payment,success,Bank transfer
5156,CUST-000788,2026-05-16,32.79,payment,success,Bank transfer
5157,CUST-000788,2026-06-16,32.79,payment,success,Bank transfer
5158,CUST-000788,2026-07-16,32.79,payment,success,Bank transfer
5159,CUST-000788,2026-08-16,32.79,payment,success,Bank transfer
5160,CUST-000789,2026-03-16,54.9,payment,success,Mailed check
5161,CUST-000789,2026-04-16,54.9,payment,success,Mailed check
5162,CUST-000789,2026-05-16,54.9,payment,success,Mailed check
5163,CUST-000789,2026-06-16,54.9,payment,success,Mailed check
5164,CUST-000789,2026-07-16,54.9,payment,success,Mailed check
5165,CUST-000789,2026-08-16,54.9,payment,success,Mailed check
5166,CUST-000790,2026-03-16,89.81,payment,success,Bank transfer
5167,CUST-000790,2026-04-16,89.81,payment,success,Bank transfer
5168,CUST-000790,2026-05-16,89.81,payment,success,Bank transfer
5169,CUST-000790,2026-06-16,89.81,payment,success,Bank transfer
5170,CUST-000790,2026-07-16,89.81,failed_payment,failed,Bank transfer
5171,CUST-000790,2026-07-19,89.81,payment,success,Bank transfer
5172,CUST-000790,2026-08-16,89.81,payment,success,Bank transfer
5173,CUST-000791,2026-03-16,42.16,payment,success,Mailed check
5174,CUST-000791,2026-04-16,42.16,payment,success,Mailed check
5175,CUST-000791,2026-05-16,42.16,payment,success,Mailed check
5176,CUST-000791,2026-06-16,42.16,failed_payment,failed,Mailed check
5177,CUST-000791,2026-06-19,42.16,payment,success,Mailed check
5178,CUST-000791,2026-07-16,42.16,failed_payment,failed,Mailed check
5179,CUST-000791,2026-07-19,42.16,payment,success,Mailed check
5180,CUST-000791,2026-08-16,42.16,payment,success,Mailed check
5181,CUST-000792,2026-03-16,52.48,payment,success,Credit card
5182,CUST-000792,2026-04-16,52.48,payment,success,Credit card
5183,CUST-000792,2026-05-16,52.48,failed_payment,failed,Credit card
5184,CUST-000792,2026-05-19,52.48,payment,success,Credit card
5185,CUST-000792,2026-06-16,52.48,payment,success,Credit card
5186,CUST-000792,2026-07-16,52.48,payment,success,Credit card
5187,CUST-000792,2026-08-16,52.48,payment,success,Credit card
5188,CUST-000793,2026-03-16,22.33,payment,success,Bank transfer
5189,CUST-000793,2026-04-16,22.33,payment,success,Bank transfer
5190,CUST-000793,2026-05-16,22.33,payment,success,Bank transfer
5191,CUST-000793,2026-06-16,22.33,payment,success,Bank transfer
5192,CUST-000793,2026-07-16,22.33,payment,success,Bank transfer
5193,CUST-000793,2026-08-16,22.33,payment,success,Bank transfer
5194,CUST-000794,2026-03-16,35.35,payment,success,Credit card
5195,CUST-000794,2026-04-16,35.35,payment,success,Credit card
5196,CUST-000794,2026-05-16,35.35,payment,success,Credit card
5197,CUST-000794,2026-06-16,35.35,payment,success,Credit card
5198,CUST-000794,2026-07-16,35.35,failed_payment,failed,Credit card
5199,CUST-000794,2026-07-19,35.35,payment,success,Credit card
5200,CUST-000794,2026-08-16,35.35,payment,success,Credit card
5201,CUST-000795,2026-03-16,76.23,payment,success,Credit card
5202,CUST-000795,2026-04-16,76.23,payment,success,Credit card
5203,CUST-000795,2026-05-16,76.23,payment,success,Credit card
5204,CUST-000795,2026-06-16,76.23,payment,success,Credit card
5205,CUST-000795,2026-07-16,76.23,payment,success,Credit card
5206,CUST-000795,2026-08-16,76.23,payment,success,Credit card
5207,CUST-000796,2026-03-16,85.31,failed_payment,failed,Mailed check
5208,CUST-000796,2026-03-19,85.31,payment,success,Mailed check
5209,CUST-000796,2026-04-16,85.31,failed_payment,failed,Mailed check
5210,CUST-000796,2026-04-19,85.31,payment,success,Mailed check
5211,CUST-000796,2026-05-16,85.31,payment,success,Mailed check
5212,CUST-000796,2026-06-16,85.31,failed_payment,failed,Mailed check
5213,CUST-000796,2026-06-19,85.31,payment,success,Mailed check
5214,CUST-000796,2026-07-16,85.31,failed_payment,failed,Mailed check
5215,CUST-000796,2026-07-19,85.31,payment,success,Mailed check
5216,CUST-000796,2026-08-16,85.31,payment,success,Mailed check
5217,CUST-000797,2026-03-16,84.89,payment,success,Mailed check
5218,CUST-000797,2026-04-16,84.89,payment,success,Mailed check
5219,CUST-000797,2026-05-16,84.89,payment,success,Mailed check
5220,CUST-000797,2026-06-16,84.89,payment,success,Mailed check
5221,CUST-000797,2026-07-16,84.89,payment,success,Mailed check
5222,CUST-000797,2026-08-16,84.89,payment,success,Mailed check
5223,CUST-000798,2026-03-16,97.84,failed_payment,failed,Electronic check
5224,CUST-000798,2026-03-19,97.84,payment,success,Electronic check
5225,CUST-000798,2026-04-16,97.84,payment,success,Electronic check
5226,CUST-000798,2026-05-16,97.84,failed_payment,failed,Electronic check
5227,CUST-000798,2026-05-19,97.84,payment,success,Electronic check
5228,CUST-000798,2026-06-16,97.84,payment,success,Electronic check
5229,CUST-000798,2026-07-16,97.84,payment,success,Electronic check
5230,CUST-000798,2026-08-16,97.84,payment,success,Electronic check
5231,CUST-000799,2026-03-16,61.53,payment,success,Bank transfer
5232,CUST-000799,2026-04-16,61.53,payment,success,Bank transfer
5233,CUST-000799,2026-05-16,61.53,payment,success,Bank transfer
5234,CUST-000799,2026-06-16,61.53,payment,success,Bank transfer
5235,CUST-000799,2026-07-16,61.53,payment,success,Bank transfer
5236,CUST-000799,2026-08-16,61.53,payment,success,Bank transfer
5237,CUST-000800,2026-03-16,47.35,payment,success,Bank transfer
5238,CUST-000800,2026-04-16,47.35,payment,success,Bank transfer
5239,CUST-000800,2026-05-16,47.35,failed_payment,failed,Bank transfer
5240,CUST-000800,2026-06-16,47.35,payment,success,Bank transfer
5241,CUST-000800,2026-07-16,47.35,payment,success,Bank transfer
5242,CUST-000800,2026-08-16,47.35,payment,success,Bank transfer
5243,CUST-000801,2026-03-16,21.56,payment,success,Mailed check
5244,CUST-000801,2026-04-16,21.56,payment,success,Mailed check
5245,CUST-000801,2026-05-16,21.56,payment,success,Mailed check
5246,CUST-000801,2026-06-16,21.56,payment,success,Mailed check
5247,CUST-000801,2026-07-16,21.56,payment,success,Mailed check
5248,CUST-000801,2026-08-16,21.56,payment,success,Mailed check
5249,CUST-000802,2026-03-16,40.66,failed_payment,failed,Electronic check
5250,CUST-000802,2026-04-16,40.66,payment,success,Electronic check
5251,CUST-000802,2026-05-16,40.66,payment,success,Electronic check
5252,CUST-000802,2026-06-16,40.66,payment,success,Electronic check
5253,CUST-000802,2026-07-16,40.66,payment,success,Electronic check
5254,CUST-000802,2026-08-16,40.66,payment,success,Electronic check
5255,CUST-000803,2026-03-16,51.24,payment,success,Credit card
5256,CUST-000803,2026-04-16,51.24,payment,success,Credit card
5257,CUST-000803,2026-05-16,51.24,payment,success,Credit card
5258,CUST-000803,2026-06-16,51.24,payment,success,Credit card
5259,CUST-000803,2026-07-16,51.24,payment,success,Credit card
5260,CUST-000803,2026-08-16,51.24,payment,success,Credit card
5261,CUST-000804,2026-03-16,37.82,failed_payment,failed,Electronic check
5262,CUST-000804,2026-04-16,37.82,payment,success,Electronic check
5263,CUST-000804,2026-05-16,37.82,payment,success,Electronic check
5264,CUST-000804,2026-06-16,37.82,payment,success,Electronic check
5265,CUST-000804,2026-07-16,37.82,payment,success,Electronic check
5266,CUST-000804,2026-08-16,37.82,payment,success,Electronic check
5267,CUST-000805,2026-03-16,22.01,payment,success,Bank transfer
5268,CUST-000805,2026-04-16,22.01,payment,success,Bank transfer
5269,CUST-000805,2026-05-16,22.01,payment,success,Bank transfer
5270,CUST-000805,2026-06-16,22.01,payment,success,Bank transfer
5271,CUST-000805,2026-07-16,22.01,payment,success,Bank transfer
5272,CUST-000805,2026-08-16,22.01,payment,success,Bank transfer
5273,CUST-000806,2026-03-16,35.74,payment,success,Electronic check
5274,CUST-000806,2026-04-16,35.74,payment,success,Electronic check
5275,CUST-000806,2026-05-16,35.74,payment,success,Electronic check
5276,CUST-000806,2026-06-16,35.74,payment,success,Electronic check
5277,CUST-000806,2026-07-16,35.74,payment,success,Electronic check
5278,CUST-000806,2026-08-16,35.74,payment,success,Electronic check
5279,CUST-000807,2026-03-16,86.61,payment,success,Electronic check
5280,CUST-000807,2026-04-16,86.61,payment,success,Electronic check
5281,CUST-000807,2026-05-16,86.61,payment,success,Electronic check
5282,CUST-000807,2026-06-16,86.61,payment,success,Electronic check
5283,CUST-000807,2026-07-16,86.61,payment,success,Electronic check
5284,CUST-000807,2026-08-16,86.61,payment,success,Electronic check
5285,CUST-000808,2026-03-16,82.96,failed_payment,failed,Credit card
5286,CUST-000808,2026-03-19,82.96,payment,success,Credit card
5287,CUST-000808,2026-04-16,82.96,payment,success,Credit card
5288,CUST-000808,2026-05-16,82.96,failed_payment,failed,Credit card
5289,CUST-000808,2026-05-19,82.96,payment,success,Credit card
5290,CUST-000808,2026-06-16,82.96,failed_payment,failed,Credit card
5291,CUST-000808,2026-06-19,82.96,payment,success,Credit card
5292,CUST-000808,2026-07-16,82.96,payment,success,Credit card
5293,CUST-000808,2026-08-16,82.96,failed_payment,failed,Credit card
5294,CUST-000808,2026-08-19,82.96,payment,success,Credit card
5295,CUST-000809,2026-03-16,113.57,failed_payment,failed,Bank transfer
5296,CUST-000809,2026-04-16,113.57,payment,success,Bank transfer
5297,CUST-000809,2026-05-16,113.57,payment,success,Bank transfer
5298,CUST-000809,2026-06-16,113.57,payment,success,Bank transfer
5299,CUST-000809,2026-07-16,113.57,payment,success,Bank transfer
5300,CUST-000809,2026-08-16,113.57,failed_payment,failed,Bank transfer
5301,CUST-000809,2026-08-19,113.57,payment,success,Bank transfer
5302,CUST-000810,2026-03-16,99.82,failed_payment,failed,Electronic check
5303,CUST-000810,2026-03-19,99.82,payment,success,Electronic check
5304,CUST-000810,2026-04-16,99.82,payment,success,Electronic check
5305,CUST-000810,2026-05-16,99.82,payment,success,Electronic check
5306,CUST-000810,2026-06-16,99.82,payment,success,Electronic check
5307,CUST-000810,2026-07-16,99.82,payment,success,Electronic check
5308,CUST-000810,2026-08-16,99.82,payment,success,Electronic check
5309,CUST-000811,2026-03-16,76.78,payment,success,Electronic check
5310,CUST-000811,2026-04-16,76.78,payment,success,Electronic check
5311,CUST-000811,2026-05-16,76.78,payment,success,Electronic check
5312,CUST-000811,2026-06-16,76.78,payment,success,Electronic check
5313,CUST-000811,2026-07-16,76.78,payment,success,Electronic check
5314,CUST-000811,2026-08-16,76.78,payment,success,Electronic check
5315,CUST-000812,2026-03-16,33.76,failed_payment,failed,Mailed check
5316,CUST-000812,2026-03-19,33.76,payment,success,Mailed check
5317,CUST-000812,2026-04-16,33.76,failed_payment,failed,Mailed check
5318,CUST-000812,2026-05-16,33.76,payment,success,Mailed check
5319,CUST-000812,2026-06-16,33.76,payment,success,Mailed check
5320,CUST-000812,2026-07-16,33.76,payment,success,Mailed check
5321,CUST-000812,2026-08-16,33.76,payment,success,Mailed check
5322,CUST-000813,2026-03-16,76.41,payment,success,Bank transfer
5323,CUST-000813,2026-04-16,76.41,payment,success,Bank transfer
5324,CUST-000813,2026-05-16,76.41,payment,success,Bank transfer
5325,CUST-000813,2026-06-16,76.41,payment,success,Bank transfer
5326,CUST-000813,2026-07-16,76.41,payment,success,Bank transfer
5327,CUST-000813,2026-08-16,76.41,payment,success,Bank transfer
5328,CUST-000814,2026-03-16,26.16,payment,success,Mailed check
5329,CUST-000814,2026-04-16,26.16,payment,success,Mailed check
5330,CUST-000814,2026-05-16,26.16,payment,success,Mailed check
5331,CUST-000814,2026-06-16,26.16,payment,success,Mailed check
5332,CUST-000814,2026-07-16,26.16,payment,success,Mailed check
5333,CUST-000814,2026-08-16,26.16,payment,success,Mailed check
5334,CUST-000815,2026-03-16,63.09,failed_payment,failed,Credit card
5335,CUST-000815,2026-03-19,63.09,payment,success,Credit card
5336,CUST-000815,2026-04-16,63.09,payment,success,Credit card
5337,CUST-000815,2026-05-16,63.09,failed_payment,failed,Credit card
5338,CUST-000815,2026-05-19,63.09,payment,success,Credit card
5339,CUST-000815,2026-06-16,63.09,failed_payment,failed,Credit card
5340,CUST-000815,2026-07-16,63.09,payment,success,Credit card
5341,CUST-000815,2026-08-16,63.09,payment,success,Credit card
5342,CUST-000816,2026-03-16,59.03,payment,success,Bank transfer
5343,CUST-000816,2026-04-16,59.03,payment,success,Bank transfer
5344,CUST-000816,2026-05-16,59.03,payment,success,Bank transfer
5345,CUST-000816,2026-06-16,59.03,payment,success,Bank transfer
5346,CUST-000816,2026-07-16,59.03,payment,success,Bank transfer
5347,CUST-000816,2026-08-16,59.03,payment,success,Bank transfer
5348,CUST-000817,2026-03-16,62.78,payment,success,Bank transfer
5349,CUST-000817,2026-04-16,62.78,payment,success,Bank transfer
5350,CUST-000817,2026-05-16,62.78,payment,success,Bank transfer
5351,CUST-000817,2026-06-16,62.78,payment,success,Bank transfer
5352,CUST-000817,2026-07-16,62.78,payment,success,Bank transfer
5353,CUST-000817,2026-08-16,62.78,payment,success,Bank transfer
5354,CUST-000818,2026-03-16,47.98,failed_payment,failed,Mailed check
5355,CUST-000818,2026-04-16,47.98,payment,success,Mailed check
5356,CUST-000818,2026-05-16,47.98,failed_payment,failed,Mailed check
5357,CUST-000818,2026-05-19,47.98,payment,success,Mailed check
5358,CUST-000818,2026-06-16,47.98,payment,success,Mailed check
5359,CUST-000818,2026-07-16,47.98,payment,success,Mailed check
5360,CUST-000818,2026-08-16,47.98,payment,success,Mailed check
5361,CUST-000819,2026-03-16,88.58,payment,success,Bank transfer
5362,CUST-000819,2026-04-16,88.58,payment,success,Bank transfer
5363,CUST-000819,2026-05-16,88.58,payment,success,Bank transfer
5364,CUST-000819,2026-06-16,88.58,payment,success,Bank transfer
5365,CUST-000819,2026-07-16,88.58,payment,success,Bank transfer
5366,CUST-000819,2026-08-16,88.58,payment,success,Bank transfer
5367,CUST-000820,2026-03-16,104.09,failed_payment,failed,Credit card
5368,CUST-000820,2026-03-19,104.09,payment,success,Credit card
5369,CUST-000820,2026-04-16,104.09,payment,success,Credit card
5370,CUST-000820,2026-05-16,104.09,payment,success,Credit card
5371,CUST-000820,2026-06-16,104.09,failed_payment,failed,Credit card
5372,CUST-000820,2026-06-19,104.09,payment,success,Credit card
5373,CUST-000820,2026-07-16,104.09,payment,success,Credit card
5374,CUST-000820,2026-08-16,104.09,payment,success,Credit card
5375,CUST-000821,2026-03-16,96.85,payment,success,Electronic check
5376,CUST-000821,2026-04-16,96.85,payment,success,Electronic check
5377,CUST-000821,2026-05-16,96.85,payment,success,Electronic check
5378,CUST-000821,2026-06-16,96.85,payment,success,Electronic check
5379,CUST-000821,2026-07-16,96.85,payment,success,Electronic check
5380,CUST-000821,2026-08-16,96.85,payment,success,Electronic check
5381,CUST-000822,2026-03-16,82.78,payment,success,Bank transfer
5382,CUST-000822,2026-04-16,82.78,payment,success,Bank transfer
5383,CUST-000822,2026-05-16,82.78,failed_payment,failed,Bank transfer
5384,CUST-000822,2026-05-19,82.78,payment,success,Bank transfer
5385,CUST-000822,2026-06-16,82.78,payment,success,Bank transfer
5386,CUST-000822,2026-07-16,82.78,payment,success,Bank transfer
5387,CUST-000822,2026-08-16,82.78,payment,success,Bank transfer
5388,CUST-000823,2026-03-16,73.83,payment,success,Credit card
5389,CUST-000823,2026-04-16,73.83,payment,success,Credit card
5390,CUST-000823,2026-05-16,73.83,failed_payment,failed,Credit card
5391,CUST-000823,2026-05-19,73.83,payment,success,Credit card
5392,CUST-000823,2026-06-16,73.83,failed_payment,failed,Credit card
5393,CUST-000823,2026-07-16,73.83,payment,success,Credit card
5394,CUST-000823,2026-08-16,73.83,payment,success,Credit card
5395,CUST-000824,2026-03-16,23.11,payment,success,Mailed check
5396,CUST-000824,2026-04-16,23.11,payment,success,Mailed check
5397,CUST-000824,2026-05-16,23.11,payment,success,Mailed check
5398,CUST-000824,2026-06-16,23.11,payment,success,Mailed check
5399,CUST-000824,2026-07-16,23.11,payment,success,Mailed check
5400,CUST-000824,2026-08-16,23.11,payment,success,Mailed check
5401,CUST-000825,2026-03-16,92.29,payment,success,Credit card
5402,CUST-000825,2026-04-16,92.29,payment,success,Credit card
5403,CUST-000825,2026-05-16,92.29,payment,success,Credit card
5404,CUST-000825,2026-06-16,92.29,payment,success,Credit card
5405,CUST-000825,2026-07-16,92.29,payment,success,Credit card
5406,CUST-000825,2026-08-16,92.29,payment,success,Credit card
5407,CUST-000826,2026-03-16,74.5,payment,success,Mailed check
5408,CUST-000826,2026-04-16,74.5,payment,success,Mailed check
5409,CUST-000826,2026-05-16,74.5,payment,success,Mailed check
5410,CUST-000826,2026-06-16,74.5,payment,success,Mailed check
5411,CUST-000826,2026-07-16,74.5,payment,success,Mailed check
5412,CUST-000826,2026-08-16,74.5,payment,success,Mailed check
5413,CUST-000827,2026-03-16,47.07,payment,success,Electronic check
5414,CUST-000827,2026-04-16,47.07,payment,success,Electronic check
5415,CUST-000827,2026-05-16,47.07,payment,success,Electronic check
5416,CUST-000827,2026-06-16,47.07,payment,success,Electronic check
5417,CUST-000827,2026-07-16,47.07,payment,success,Electronic check
5418,CUST-000827,2026-08-16,47.07,payment,success,Electronic check
5419,CUST-000828,2026-03-16,52.78,failed_payment,failed,Credit card
5420,CUST-000828,2026-03-19,52.78,payment,success,Credit card
5421,CUST-000828,2026-04-16,52.78,failed_payment,failed,Credit card
5422,CUST-000828,2026-04-19,52.78,payment,success,Credit card
5423,CUST-000828,2026-05-16,52.78,payment,success,Credit card
5424,CUST-000828,2026-06-16,52.78,payment,success,Credit card
5425,CUST-000828,2026-07-16,52.78,payment,success,Credit card
5426,CUST-000828,2026-08-16,52.78,failed_payment,failed,Credit card
5427,CUST-000829,2026-03-16,113.56,payment,success,Mailed check
5428,CUST-000829,2026-04-16,113.56,payment,success,Mailed check
5429,CUST-000829,2026-05-16,113.56,payment,success,Mailed check
5430,CUST-000829,2026-06-16,113.56,failed_payment,failed,Mailed check
5431,CUST-000829,2026-06-19,113.56,payment,success,Mailed check
5432,CUST-000829,2026-07-16,113.56,payment,success,Mailed check
5433,CUST-000829,2026-08-16,113.56,payment,success,Mailed check
5434,CUST-000830,2026-03-16,82.44,payment,success,Credit card
5435,CUST-000830,2026-04-16,82.44,payment,success,Credit card
5436,CUST-000830,2026-05-16,82.44,payment,success,Credit card
5437,CUST-000830,2026-06-16,82.44,payment,success,Credit card
5438,CUST-000830,2026-07-16,82.44,payment,success,Credit card
5439,CUST-000830,2026-08-16,82.44,payment,success,Credit card
5440,CUST-000831,2026-03-16,67.59,payment,success,Mailed check
5441,CUST-000831,2026-04-16,67.59,payment,success,Mailed check
5442,CUST-000831,2026-05-16,67.59,payment,success,Mailed check
5443,CUST-000831,2026-06-16,67.59,payment,success,Mailed check
5444,CUST-000831,2026-07-16,67.59,failed_payment,failed,Mailed check
5445,CUST-000831,2026-07-19,67.59,payment,success,Mailed check
5446,CUST-000831,2026-08-16,67.59,payment,success,Mailed check
5447,CUST-000832,2026-03-16,82.09,payment,success,Mailed check
5448,CUST-000832,2026-04-16,82.09,failed_payment,failed,Mailed check
5449,CUST-000832,2026-05-16,82.09,payment,success,Mailed check
5450,CUST-000832,2026-06-16,82.09,payment,success,Mailed check
5451,CUST-000832,2026-07-16,82.09,payment,success,Mailed check
5452,CUST-000832,2026-08-16,82.09,payment,success,Mailed check
5453,CUST-000833,2026-03-16,61.37,payment,success,Bank transfer
5454,CUST-000833,2026-04-16,61.37,payment,success,Bank transfer
5455,CUST-000833,2026-05-16,61.37,payment,success,Bank transfer
5456,CUST-000833,2026-06-16,61.37,payment,success,Bank transfer
5457,CUST-000833,2026-07-16,61.37,payment,success,Bank transfer
5458,CUST-000833,2026-08-16,61.37,payment,success,Bank transfer
5459,CUST-000834,2026-03-16,67.02,payment,success,Mailed check
5460,CUST-000834,2026-04-16,67.02,payment,success,Mailed check
5461,CUST-000834,2026-05-16,67.02,payment,success,Mailed check
5462,CUST-000834,2026-06-16,67.02,payment,success,Mailed check
5463,CUST-000834,2026-07-16,67.02,payment,success,Mailed check
5464,CUST-000834,2026-08-16,67.02,payment,success,Mailed check
5465,CUST-000835,2026-03-16,49.03,payment,success,Credit card
5466,CUST-000835,2026-04-16,49.03,payment,success,Credit card
5467,CUST-000835,2026-05-16,49.03,payment,success,Credit card
5468,CUST-000835,2026-06-16,49.03,payment,success,Credit card
5469,CUST-000835,2026-07-16,49.03,payment,success,Credit card
5470,CUST-000835,2026-08-16,49.03,payment,success,Credit card
5471,CUST-000836,2026-03-16,63.99,payment,success,Electronic check
5472,CUST-000836,2026-04-16,63.99,payment,success,Electronic check
5473,CUST-000836,2026-05-16,63.99,payment,success,Electronic check
5474,CUST-000836,2026-06-16,63.99,payment,success,Electronic check
5475,CUST-000836,2026-07-16,63.99,payment,success,Electronic check
5476,CUST-000836,2026-08-16,63.99,payment,success,Electronic check
5477,CUST-000837,2026-03-16,88.56,payment,success,Electronic check
5478,CUST-000837,2026-04-16,88.56,payment,success,Electronic check
5479,CUST-000837,2026-05-16,88.56,payment,success,Electronic check
5480,CUST-000837,2026-06-16,88.56,failed_payment,failed,Electronic check
5481,CUST-000837,2026-07-16,88.56,payment,success,Electronic check
5482,CUST-000837,2026-08-16,88.56,payment,success,Electronic check
5483,CUST-000838,2026-03-16,23.99,failed_payment,failed,Electronic check
5484,CUST-000838,2026-03-19,23.99,payment,success,Electronic check
5485,CUST-000838,2026-04-16,23.99,payment,success,Electronic check
5486,CUST-000838,2026-05-16,23.99,payment,success,Electronic check
5487,CUST-000838,2026-06-16,23.99,payment,success,Electronic check
5488,CUST-000838,2026-07-16,23.99,payment,success,Electronic check
5489,CUST-000838,2026-08-16,23.99,payment,success,Electronic check
5490,CUST-000839,2026-03-16,99.5,payment,success,Mailed check
5491,CUST-000839,2026-04-16,99.5,payment,success,Mailed check
5492,CUST-000839,2026-05-16,99.5,payment,success,Mailed check
5493,CUST-000839,2026-06-16,99.5,payment,success,Mailed check
5494,CUST-000839,2026-07-16,99.5,payment,success,Mailed check
5495,CUST-000839,2026-08-16,99.5,payment,success,Mailed check
5496,CUST-000840,2026-03-16,48.3,payment,success,Electronic check
5497,CUST-000840,2026-04-16,48.3,payment,success,Electronic check
5498,CUST-000840,2026-05-16,48.3,payment,success,Electronic check
5499,CUST-000840,2026-06-16,48.3,payment,success,Electronic check
5500,CUST-000840,2026-07-16,48.3,failed_payment,failed,Electronic check
5501,CUST-000840,2026-08-16,48.3,payment,success,Electronic check
5502,CUST-000841,2026-03-16,88.26,payment,success,Mailed check
5503,CUST-000841,2026-04-16,88.26,failed_payment,failed,Mailed check
5504,CUST-000841,2026-04-19,88.26,payment,success,Mailed check
5505,CUST-000841,2026-05-16,88.26,payment,success,Mailed check
5506,CUST-000841,2026-06-16,88.26,payment,success,Mailed check
5507,CUST-000841,2026-07-16,88.26,failed_payment,failed,Mailed check
5508,CUST-000841,2026-08-16,88.26,payment,success,Mailed check
5509,CUST-000842,2026-03-16,84.27,payment,success,Electronic check
5510,CUST-000842,2026-04-16,84.27,payment,success,Electronic check
5511,CUST-000842,2026-05-16,84.27,payment,success,Electronic check
5512,CUST-000842,2026-06-16,84.27,payment,success,Electronic check
5513,CUST-000842,2026-07-16,84.27,payment,success,Electronic check
5514,CUST-000842,2026-08-16,84.27,payment,success,Electronic check
5515,CUST-000843,2026-03-16,85.26,payment,success,Credit card
5516,CUST-000843,2026-04-16,85.26,payment,success,Credit card
5517,CUST-000843,2026-05-16,85.26,failed_payment,failed,Credit card
5518,CUST-000843,2026-06-16,85.26,payment,success,Credit card
5519,CUST-000843,2026-07-16,85.26,failed_payment,failed,Credit card
5520,CUST-000843,2026-07-19,85.26,payment,success,Credit card
5521,CUST-000843,2026-08-16,85.26,payment,success,Credit card
5522,CUST-000844,2026-03-16,80.81,payment,success,Electronic check
5523,CUST-000844,2026-04-16,80.81,payment,success,Electronic check
5524,CUST-000844,2026-05-16,80.81,payment,success,Electronic check
5525,CUST-000844,2026-06-16,80.81,payment,success,Electronic check
5526,CUST-000844,2026-07-16,80.81,failed_payment,failed,Electronic check
5527,CUST-000844,2026-07-19,80.81,payment,success,Electronic check
5528,CUST-000844,2026-08-16,80.81,failed_payment,failed,Electronic check
5529,CUST-000844,2026-08-19,80.81,payment,success,Electronic check
5530,CUST-000845,2026-03-16,115.91,payment,success,Credit card
5531,CUST-000845,2026-04-16,115.91,failed_payment,failed,Credit card
5532,CUST-000845,2026-05-16,115.91,failed_payment,failed,Credit card
5533,CUST-000845,2026-05-19,115.91,payment,success,Credit card
5534,CUST-000845,2026-06-16,115.91,payment,success,Credit card
5535,CUST-000845,2026-07-16,115.91,failed_payment,failed,Credit card
5536,CUST-000845,2026-07-19,115.91,payment,success,Credit card
5537,CUST-000845,2026-08-16,115.91,payment,success,Credit card
5538,CUST-000846,2026-03-16,70.83,payment,success,Credit card
5539,CUST-000846,2026-04-16,70.83,payment,success,Credit card
5540,CUST-000846,2026-05-16,70.83,payment,success,Credit card
5541,CUST-000846,2026-06-16,70.83,payment,success,Credit card
5542,CUST-000846,2026-07-16,70.83,payment,success,Credit card
5543,CUST-000846,2026-08-16,70.83,payment,success,Credit card
5544,CUST-000847,2026-03-16,93.23,payment,success,Bank transfer
5545,CUST-000847,2026-04-16,93.23,payment,success,Bank transfer
5546,CUST-000847,2026-05-16,93.23,payment,success,Bank transfer
5547,CUST-000847,2026-06-16,93.23,payment,success,Bank transfer
5548,CUST-000847,2026-07-16,93.23,payment,success,Bank transfer
5549,CUST-000847,2026-08-16,93.23,payment,success,Bank transfer
5550,CUST-000848,2026-03-16,90.54,payment,success,Credit card
5551,CUST-000848,2026-04-16,90.54,payment,success,Credit card
5552,CUST-000848,2026-05-16,90.54,payment,success,Credit card
5553,CUST-000848,2026-06-16,90.54,failed_payment,failed,Credit card
5554,CUST-000848,2026-06-19,90.54,payment,success,Credit card
5555,CUST-000848,2026-07-16,90.54,payment,success,Credit card
5556,CUST-000848,2026-08-16,90.54,payment,success,Credit card
5557,CUST-000849,2026-03-16,43.63,payment,success,Credit card
5558,CUST-000849,2026-04-16,43.63,payment,success,Credit card
5559,CUST-000849,2026-05-16,43.63,payment,success,Credit card
5560,CUST-000849,2026-06-16,43.63,payment,success,Credit card
5561,CUST-000849,2026-07-16,43.63,payment,success,Credit card
5562,CUST-000849,2026-08-16,43.63,payment,success,Credit card
5563,CUST-000850,2026-03-16,48.33,payment,success,Credit card
5564,CUST-000850,2026-04-16,48.33,payment,success,Credit card
5565,CUST-000850,2026-05-16,48.33,payment,success,Credit card
5566,CUST-000850,2026-06-16,48.33,payment,success,Credit card
5567,CUST-000850,2026-07-16,48.33,payment,success,Credit card
5568,CUST-000850,2026-08-16,48.33,payment,success,Credit card
5569,CUST-000851,2026-03-16,62.4,payment,success,Bank transfer
5570,CUST-000851,2026-04-16,62.4,payment,success,Bank transfer
5571,CUST-000851,2026-05-16,62.4,payment,success,Bank transfer
5572,CUST-000851,2026-06-16,62.4,payment,success,Bank transfer
5573,CUST-000851,2026-07-16,62.4,payment,success,Bank transfer
5574,CUST-000851,2026-08-16,62.4,failed_payment,failed,Bank transfer
5575,CUST-000851,2026-08-19,62.4,payment,success,Bank transfer
5576,CUST-000852,2026-03-16,47.77,payment,success,Bank transfer
5577,CUST-000852,2026-04-16,47.77,payment,success,Bank transfer
5578,CUST-000852,2026-05-16,47.77,payment,success,Bank transfer
5579,CUST-000852,2026-06-16,47.77,payment,success,Bank transfer
5580,CUST-000852,2026-07-16,47.77,payment,success,Bank transfer
5581,CUST-000852,2026-08-16,47.77,payment,success,Bank transfer
5582,CUST-000853,2026-03-16,56.67,payment,success,Mailed check
5583,CUST-000853,2026-04-16,56.67,payment,success,Mailed check
5584,CUST-000853,2026-05-16,56.67,payment,success,Mailed check
5585,CUST-000853,2026-06-16,56.67,payment,success,Mailed check
5586,CUST-000853,2026-07-16,56.67,payment,success,Mailed check
5587,CUST-000853,2026-08-16,56.67,payment,success,Mailed check
5588,CUST-000854,2026-03-16,59.1,payment,success,Bank transfer
5589,CUST-000854,2026-04-16,59.1,payment,success,Bank transfer
5590,CUST-000854,2026-05-16,59.1,payment,success,Bank transfer
5591,CUST-000854,2026-06-16,59.1,payment,success,Bank transfer
5592,CUST-000854,2026-07-16,59.1,payment,success,Bank transfer
5593,CUST-000854,2026-08-16,59.1,payment,success,Bank transfer
5594,CUST-000855,2026-03-16,80.39,payment,success,Mailed check
5595,CUST-000855,2026-04-16,80.39,failed_payment,failed,Mailed check
5596,CUST-000855,2026-04-19,80.39,payment,success,Mailed check
5597,CUST-000855,2026-05-16,80.39,failed_payment,failed,Mailed check
5598,CUST-000855,2026-05-19,80.39,payment,success,Mailed check
5599,CUST-000855,2026-06-16,80.39,failed_payment,failed,Mailed check
5600,CUST-000855,2026-06-19,80.39,payment,success,Mailed check
5601,CUST-000855,2026-07-16,80.39,payment,success,Mailed check
5602,CUST-000855,2026-08-16,80.39,payment,success,Mailed check
5603,CUST-000856,2026-03-16,41.99,payment,success,Electronic check
5604,CUST-000856,2026-04-16,41.99,payment,success,Electronic check
5605,CUST-000856,2026-05-16,41.99,payment,success,Electronic check
5606,CUST-000856,2026-06-16,41.99,payment,success,Electronic check
5607,CUST-000856,2026-07-16,41.99,payment,success,Electronic check
5608,CUST-000856,2026-08-16,41.99,payment,success,Electronic check
5609,CUST-000857,2026-03-16,100.43,payment,success,Credit card
5610,CUST-000857,2026-04-16,100.43,payment,success,Credit card
5611,CUST-000857,2026-05-16,100.43,payment,success,Credit card
5612,CUST-000857,2026-06-16,100.43,payment,success,Credit card
5613,CUST-000857,2026-07-16,100.43,payment,success,Credit card
5614,CUST-000857,2026-08-16,100.43,payment,success,Credit card
5615,CUST-000858,2026-03-16,63.75,payment,success,Bank transfer
5616,CUST-000858,2026-04-16,63.75,payment,success,Bank transfer
5617,CUST-000858,2026-05-16,63.75,payment,success,Bank transfer
5618,CUST-000858,2026-06-16,63.75,payment,success,Bank transfer
5619,CUST-000858,2026-07-16,63.75,payment,success,Bank transfer
5620,CUST-000858,2026-08-16,63.75,payment,success,Bank transfer
5621,CUST-000859,2026-03-16,90.62,payment,success,Bank transfer
5622,CUST-000859,2026-04-16,90.62,payment,success,Bank transfer
5623,CUST-000859,2026-05-16,90.62,failed_payment,failed,Bank transfer
5624,CUST-000859,2026-05-19,90.62,payment,success,Bank transfer
5625,CUST-000859,2026-06-16,90.62,payment,success,Bank transfer
5626,CUST-000859,2026-07-16,90.62,payment,success,Bank transfer
5627,CUST-000859,2026-08-16,90.62,payment,success,Bank transfer
5628,CUST-000860,2026-03-16,28.14,payment,success,Mailed check
5629,CUST-000860,2026-04-16,28.14,payment,success,Mailed check
5630,CUST-000860,2026-05-16,28.14,failed_payment,failed,Mailed check
5631,CUST-000860,2026-05-19,28.14,payment,success,Mailed check
5632,CUST-000860,2026-06-16,28.14,payment,success,Mailed check
5633,CUST-000860,2026-07-16,28.14,payment,success,Mailed check
5634,CUST-000860,2026-08-16,28.14,failed_payment,failed,Mailed check
5635,CUST-000860,2026-08-19,28.14,payment,success,Mailed check
5636,CUST-000861,2026-03-16,67.0,payment,success,Credit card
5637,CUST-000861,2026-04-16,67.0,payment,success,Credit card
5638,CUST-000861,2026-05-16,67.0,payment,success,Credit card
5639,CUST-000861,2026-06-16,67.0,failed_payment,failed,Credit card
5640,CUST-000861,2026-06-19,67.0,payment,success,Credit card
5641,CUST-000861,2026-07-16,67.0,payment,success,Credit card
5642,CUST-000861,2026-08-16,67.0,payment,success,Credit card
5643,CUST-000862,2026-03-16,22.82,payment,success,Bank transfer
5644,CUST-000862,2026-04-16,22.82,payment,success,Bank transfer
5645,CUST-000862,2026-05-16,22.82,payment,success,Bank transfer
5646,CUST-000862,2026-06-16,22.82,payment,success,Bank transfer
5647,CUST-000862,2026-07-16,22.82,payment,success,Bank transfer
5648,CUST-000862,2026-08-16,22.82,payment,success,Bank transfer
5649,CUST-000863,2026-03-16,87.59,payment,success,Electronic check
5650,CUST-000863,2026-04-16,87.59,payment,success,Electronic check
5651,CUST-000863,2026-05-16,87.59,payment,success,Electronic check
5652,CUST-000863,2026-06-16,87.59,payment,success,Electronic check
5653,CUST-000863,2026-07-16,87.59,payment,success,Electronic check
5654,CUST-000863,2026-08-16,87.59,payment,success,Electronic check
5655,CUST-000864,2026-03-16,54.37,payment,success,Credit card
5656,CUST-000864,2026-04-16,54.37,payment,success,Credit card
5657,CUST-000864,2026-05-16,54.37,payment,success,Credit card
5658,CUST-000864,2026-06-16,54.37,payment,success,Credit card
5659,CUST-000864,2026-07-16,54.37,payment,success,Credit card
5660,CUST-000864,2026-08-16,54.37,payment,success,Credit card
5661,CUST-000865,2026-03-16,114.93,payment,success,Credit card
5662,CUST-000865,2026-04-16,114.93,payment,success,Credit card
5663,CUST-000865,2026-05-16,114.93,payment,success,Credit card
5664,CUST-000865,2026-06-16,114.93,failed_payment,failed,Credit card
5665,CUST-000865,2026-07-16,114.93,failed_payment,failed,Credit card
5666,CUST-000865,2026-07-19,114.93,payment,success,Credit card
5667,CUST-000865,2026-08-16,114.93,payment,success,Credit card
5668,CUST-000866,2026-03-16,52.41,payment,success,Credit card
5669,CUST-000866,2026-04-16,52.41,payment,success,Credit card
5670,CUST-000866,2026-05-16,52.41,payment,success,Credit card
5671,CUST-000866,2026-06-16,52.41,payment,success,Credit card
5672,CUST-000866,2026-07-16,52.41,payment,success,Credit card
5673,CUST-000866,2026-08-16,52.41,payment,success,Credit card
5674,CUST-000867,2026-03-16,76.38,payment,success,Mailed check
5675,CUST-000867,2026-04-16,76.38,payment,success,Mailed check
5676,CUST-000867,2026-05-16,76.38,payment,success,Mailed check
5677,CUST-000867,2026-06-16,76.38,payment,success,Mailed check
5678,CUST-000867,2026-07-16,76.38,payment,success,Mailed check
5679,CUST-000867,2026-08-16,76.38,payment,success,Mailed check
5680,CUST-000868,2026-03-16,45.74,payment,success,Electronic check
5681,CUST-000868,2026-04-16,45.74,payment,success,Electronic check
5682,CUST-000868,2026-05-16,45.74,payment,success,Electronic check
5683,CUST-000868,2026-06-16,45.74,payment,success,Electronic check
5684,CUST-000868,2026-07-16,45.74,payment,success,Electronic check
5685,CUST-000868,2026-08-16,45.74,payment,success,Electronic check
5686,CUST-000869,2026-03-16,82.01,payment,success,Electronic check
5687,CUST-000869,2026-04-16,82.01,payment,success,Electronic check
5688,CUST-000869,2026-05-16,82.01,payment,success,Electronic check
5689,CUST-000869,2026-06-16,82.01,payment,success,Electronic check
5690,CUST-000869,2026-07-16,82.01,payment,success,Electronic check
5691,CUST-000869,2026-08-16,82.01,payment,success,Electronic check
5692,CUST-000870,2026-03-16,66.7,payment,success,Bank transfer
5693,CUST-000870,2026-04-16,66.7,payment,success,Bank transfer
5694,CUST-000870,2026-05-16,66.7,payment,success,Bank transfer
5695,CUST-000870,2026-06-16,66.7,payment,success,Bank transfer
5696,CUST-000870,2026-07-16,66.7,payment,success,Bank transfer
5697,CUST-000870,2026-08-16,66.7,payment,success,Bank transfer
5698,CUST-000871,2026-03-16,57.06,payment,success,Credit card
5699,CUST-000871,2026-04-16,57.06,payment,success,Credit card
5700,CUST-000871,2026-05-16,57.06,payment,success,Credit card
5701,CUST-000871,2026-06-16,57.06,payment,success,Credit card
5702,CUST-000871,2026-07-16,57.06,payment,success,Credit card
5703,CUST-000871,2026-08-16,57.06,payment,success,Credit card
5704,CUST-000872,2026-03-16,40.37,payment,success,Electronic check
5705,CUST-000872,2026-04-16,40.37,payment,success,Electronic check
5706,CUST-000872,2026-05-16,40.37,payment,success,Electronic check
5707,CUST-000872,2026-06-16,40.37,payment,success,Electronic check
5708,CUST-000872,2026-07-16,40.37,payment,success,Electronic check
5709,CUST-000872,2026-08-16,40.37,payment,success,Electronic check
5710,CUST-000873,2026-03-16,31.15,payment,success,Bank transfer
5711,CUST-000873,2026-04-16,31.15,payment,success,Bank transfer
5712,CUST-000873,2026-05-16,31.15,payment,success,Bank transfer
5713,CUST-000873,2026-06-16,31.15,payment,success,Bank transfer
5714,CUST-000873,2026-07-16,31.15,payment,success,Bank transfer
5715,CUST-000873,2026-08-16,31.15,payment,success,Bank transfer
5716,CUST-000874,2026-03-16,31.99,payment,success,Electronic check
5717,CUST-000874,2026-04-16,31.99,payment,success,Electronic check
5718,CUST-000874,2026-05-16,31.99,payment,success,Electronic check
5719,CUST-000874,2026-06-16,31.99,failed_payment,failed,Electronic check
5720,CUST-000874,2026-06-19,31.99,payment,success,Electronic check
5721,CUST-000874,2026-07-16,31.99,failed_payment,failed,Electronic check
5722,CUST-000874,2026-08-16,31.99,payment,success,Electronic check
5723,CUST-000875,2026-03-16,119.9,payment,success,Credit card
5724,CUST-000875,2026-04-16,119.9,payment,success,Credit card
5725,CUST-000875,2026-05-16,119.9,payment,success,Credit card
5726,CUST-000875,2026-06-16,119.9,payment,success,Credit card
5727,CUST-000875,2026-07-16,119.9,payment,success,Credit card
5728,CUST-000875,2026-08-16,119.9,payment,success,Credit card
5729,CUST-000876,2026-03-16,61.23,payment,success,Electronic check
5730,CUST-000876,2026-04-16,61.23,payment,success,Electronic check
5731,CUST-000876,2026-05-16,61.23,payment,success,Electronic check
5732,CUST-000876,2026-06-16,61.23,payment,success,Electronic check
5733,CUST-000876,2026-07-16,61.23,payment,success,Electronic check
5734,CUST-000876,2026-08-16,61.23,payment,success,Electronic check
5735,CUST-000877,2026-03-16,20.19,payment,success,Credit card
5736,CUST-000877,2026-04-16,20.19,payment,success,Credit card
5737,CUST-000877,2026-05-16,20.19,payment,success,Credit card
5738,CUST-000877,2026-06-16,20.19,payment,success,Credit card
5739,CUST-000877,2026-07-16,20.19,payment,success,Credit card
5740,CUST-000877,2026-08-16,20.19,payment,success,Credit card
5741,CUST-000878,2026-03-16,115.29,payment,success,Electronic check
5742,CUST-000878,2026-04-16,115.29,payment,success,Electronic check
5743,CUST-000878,2026-05-16,115.29,payment,success,Electronic check
5744,CUST-000878,2026-06-16,115.29,payment,success,Electronic check
5745,CUST-000878,2026-07-16,115.29,payment,success,Electronic check
5746,CUST-000878,2026-08-16,115.29,payment,success,Electronic check
5747,CUST-000879,2026-03-16,22.0,payment,success,Mailed check
5748,CUST-000879,2026-04-16,22.0,payment,success,Mailed check
5749,CUST-000879,2026-05-16,22.0,payment,success,Mailed check
5750,CUST-000879,2026-06-16,22.0,payment,success,Mailed check
5751,CUST-000879,2026-07-16,22.0,payment,success,Mailed check
5752,CUST-000879,2026-08-16,22.0,payment,success,Mailed check
5753,CUST-000880,2026-03-16,61.86,payment,success,Bank transfer
5754,CUST-000880,2026-04-16,61.86,payment,success,Bank transfer
5755,CUST-000880,2026-05-16,61.86,payment,success,Bank transfer
5756,CUST-000880,2026-06-16,61.86,payment,success,Bank transfer
5757,CUST-000880,2026-07-16,61.86,payment,success,Bank transfer
5758,CUST-000880,2026-08-16,61.86,payment,success,Bank transfer
5759,CUST-000881,2026-03-16,91.75,payment,success,Credit card
5760,CUST-000881,2026-04-16,91.75,payment,success,Credit card
5761,CUST-000881,2026-05-16,91.75,payment,success,Credit card
5762,CUST-000881,2026-06-16,91.75,payment,success,Credit card
5763,CUST-000881,2026-07-16,91.75,payment,success,Credit card
5764,CUST-000881,2026-08-16,91.75,payment,success,Credit card
5765,CUST-000882,2026-03-16,111.46,payment,success,Mailed check
5766,CUST-000882,2026-04-16,111.46,failed_payment,failed,Mailed check
5767,CUST-000882,2026-04-19,111.46,payment,success,Mailed check
5768,CUST-000882,2026-05-16,111.46,payment,success,Mailed check
5769,CUST-000882,2026-06-16,111.46,payment,success,Mailed check
5770,CUST-000882,2026-07-16,111.46,payment,success,Mailed check
5771,CUST-000882,2026-08-16,111.46,payment,success,Mailed check
5772,CUST-000883,2026-03-16,91.29,payment,success,Credit card
5773,CUST-000883,2026-04-16,91.29,payment,success,Credit card
5774,CUST-000883,2026-05-16,91.29,payment,success,Credit card
5775,CUST-000883,2026-06-16,91.29,payment,success,Credit card
5776,CUST-000883,2026-07-16,91.29,payment,success,Credit card
5777,CUST-000883,2026-08-16,91.29,payment,success,Credit card
5778,CUST-000884,2026-03-16,66.36,payment,success,Electronic check
5779,CUST-000884,2026-04-16,66.36,payment,success,Electronic check
5780,CUST-000884,2026-05-16,66.36,payment,success,Electronic check
5781,CUST-000884,2026-06-16,66.36,payment,success,Electronic check
5782,CUST-000884,2026-07-16,66.36,payment,success,Electronic check
5783,CUST-000884,2026-08-16,66.36,payment,success,Electronic check
5784,CUST-000885,2026-03-16,117.44,payment,success,Mailed check
5785,CUST-000885,2026-04-16,117.44,payment,success,Mailed check
5786,CUST-000885,2026-05-16,117.44,payment,success,Mailed check
5787,CUST-000885,2026-06-16,117.44,payment,success,Mailed check
5788,CUST-000885,2026-07-16,117.44,failed_payment,failed,Mailed check
5789,CUST-000885,2026-07-19,117.44,payment,success,Mailed check
5790,CUST-000885,2026-08-16,117.44,payment,success,Mailed check
5791,CUST-000886,2026-03-16,23.93,payment,success,Credit card
5792,CUST-000886,2026-04-16,23.93,payment,success,Credit card
5793,CUST-000886,2026-05-16,23.93,payment,success,Credit card
5794,CUST-000886,2026-06-16,23.93,payment,success,Credit card
5795,CUST-000886,2026-07-16,23.93,payment,success,Credit card
5796,CUST-000886,2026-08-16,23.93,payment,success,Credit card
5797,CUST-000887,2026-03-16,118.69,failed_payment,failed,Mailed check
5798,CUST-000887,2026-03-19,118.69,payment,success,Mailed check
5799,CUST-000887,2026-04-16,118.69,failed_payment,failed,Mailed check
5800,CUST-000887,2026-05-16,118.69,failed_payment,failed,Mailed check
5801,CUST-000887,2026-05-19,118.69,payment,success,Mailed check
5802,CUST-000887,2026-06-16,118.69,payment,success,Mailed check
5803,CUST-000887,2026-07-16,118.69,failed_payment,failed,Mailed check
5804,CUST-000887,2026-07-19,118.69,payment,success,Mailed check
5805,CUST-000887,2026-08-16,118.69,payment,success,Mailed check
5806,CUST-000888,2026-03-16,104.94,payment,success,Bank transfer
5807,CUST-000888,2026-04-16,104.94,payment,success,Bank transfer
5808,CUST-000888,2026-05-16,104.94,payment,success,Bank transfer
5809,CUST-000888,2026-06-16,104.94,payment,success,Bank transfer
5810,CUST-000888,2026-07-16,104.94,payment,success,Bank transfer
5811,CUST-000888,2026-08-16,104.94,payment,success,Bank transfer
5812,CUST-000889,2026-03-16,112.89,failed_payment,failed,Mailed check
5813,CUST-000889,2026-04-16,112.89,payment,success,Mailed check
5814,CUST-000889,2026-05-16,112.89,payment,success,Mailed check
5815,CUST-000889,2026-06-16,112.89,payment,success,Mailed check
5816,CUST-000889,2026-07-16,112.89,payment,success,Mailed check
5817,CUST-000889,2026-08-16,112.89,failed_payment,failed,Mailed check
5818,CUST-000889,2026-08-19,112.89,payment,success,Mailed check
5819,CUST-000890,2026-03-16,45.48,payment,success,Mailed check
5820,CUST-000890,2026-04-16,45.48,payment,success,Mailed check
5821,CUST-000890,2026-05-16,45.48,payment,success,Mailed check
5822,CUST-000890,2026-06-16,45.48,payment,success,Mailed check
5823,CUST-000890,2026-07-16,45.48,payment,success,Mailed check
5824,CUST-000890,2026-08-16,45.48,payment,success,Mailed check
5825,CUST-000891,2026-03-16,34.25,payment,success,Credit card
5826,CUST-000891,2026-04-16,34.25,payment,success,Credit card
5827,CUST-000891,2026-05-16,34.25,payment,success,Credit card
5828,CUST-000891,2026-06-16,34.25,payment,success,Credit card
5829,CUST-000891,2026-07-16,34.25,payment,success,Credit card
5830,CUST-000891,2026-08-16,34.25,payment,success,Credit card
5831,CUST-000892,2026-03-16,86.33,payment,success,Bank transfer
5832,CUST-000892,2026-04-16,86.33,payment,success,Bank transfer
5833,CUST-000892,2026-05-16,86.33,payment,success,Bank transfer
5834,CUST-000892,2026-06-16,86.33,payment,success,Bank transfer
5835,CUST-000892,2026-07-16,86.33,payment,success,Bank transfer
5836,CUST-000892,2026-08-16,86.33,payment,success,Bank transfer
5837,CUST-000893,2026-03-16,71.59,payment,success,Bank transfer
5838,CUST-000893,2026-04-16,71.59,payment,success,Bank transfer
5839,CUST-000893,2026-05-16,71.59,failed_payment,failed,Bank transfer
5840,CUST-000893,2026-05-19,71.59,payment,success,Bank transfer
5841,CUST-000893,2026-06-16,71.59,payment,success,Bank transfer
5842,CUST-000893,2026-07-16,71.59,failed_payment,failed,Bank transfer
5843,CUST-000893,2026-08-16,71.59,payment,success,Bank transfer
5844,CUST-000894,2026-03-16,72.32,failed_payment,failed,Bank transfer
5845,CUST-000894,2026-04-16,72.32,payment,success,Bank transfer
5846,CUST-000894,2026-05-16,72.32,failed_payment,failed,Bank transfer
5847,CUST-000894,2026-06-16,72.32,failed_payment,failed,Bank transfer
5848,CUST-000894,2026-06-19,72.32,payment,success,Bank transfer
5849,CUST-000894,2026-07-16,72.32,failed_payment,failed,Bank transfer
5850,CUST-000894,2026-08-16,72.32,payment,success,Bank transfer
5851,CUST-000895,2026-03-16,112.46,payment,success,Credit card
5852,CUST-000895,2026-04-16,112.46,payment,success,Credit card
5853,CUST-000895,2026-05-16,112.46,payment,success,Credit card
5854,CUST-000895,2026-06-16,112.46,payment,success,Credit card
5855,CUST-000895,2026-07-16,112.46,payment,success,Credit card
5856,CUST-000895,2026-08-16,112.46,payment,success,Credit card
5857,CUST-000896,2026-03-16,82.01,payment,success,Mailed check
5858,CUST-000896,2026-04-16,82.01,payment,success,Mailed check
5859,CUST-000896,2026-05-16,82.01,payment,success,Mailed check
5860,CUST-000896,2026-06-16,82.01,payment,success,Mailed check
5861,CUST-000896,2026-07-16,82.01,payment,success,Mailed check
5862,CUST-000896,2026-08-16,82.01,payment,success,Mailed check
5863,CUST-000897,2026-03-16,51.11,payment,success,Credit card
5864,CUST-000897,2026-04-16,51.11,failed_payment,failed,Credit card
5865,CUST-000897,2026-04-19,51.11,payment,success,Credit card
5866,CUST-000897,2026-05-16,51.11,payment,success,Credit card
5867,CUST-000897,2026-06-16,51.11,payment,success,Credit card
5868,CUST-000897,2026-07-16,51.11,payment,success,Credit card
5869,CUST-000897,2026-08-16,51.11,payment,success,Credit card
5870,CUST-000898,2026-03-16,60.01,payment,success,Bank transfer
5871,CUST-000898,2026-04-16,60.01,payment,success,Bank transfer
5872,CUST-000898,2026-05-16,60.01,payment,success,Bank transfer
5873,CUST-000898,2026-06-16,60.01,payment,success,Bank transfer
5874,CUST-000898,2026-07-16,60.01,payment,success,Bank transfer
5875,CUST-000898,2026-08-16,60.01,payment,success,Bank transfer
5876,CUST-000899,2026-03-16,33.35,payment,success,Credit card
5877,CUST-000899,2026-04-16,33.35,payment,success,Credit card
5878,CUST-000899,2026-05-16,33.35,payment,success,Credit card
5879,CUST-000899,2026-06-16,33.35,payment,success,Credit card
5880,CUST-000899,2026-07-16,33.35,payment,success,Credit card
5881,CUST-000899,2026-08-16,33.35,failed_payment,failed,Credit card
5882,CUST-000900,2026-03-16,39.23,payment,success,Credit card
5883,CUST-000900,2026-04-16,39.23,payment,success,Credit card
5884,CUST-000900,2026-05-16,39.23,payment,success,Credit card
5885,CUST-000900,2026-06-16,39.23,failed_payment,failed,Credit card
5886,CUST-000900,2026-06-19,39.23,payment,success,Credit card
5887,CUST-000900,2026-07-16,39.23,failed_payment,failed,Credit card
5888,CUST-000900,2026-07-19,39.23,payment,success,Credit card
5889,CUST-000900,2026-08-16,39.23,failed_payment,failed,Credit card
5890,CUST-000900,2026-08-19,39.23,payment,success,Credit card
5891,CUST-000901,2026-03-16,34.34,payment,success,Electronic check
5892,CUST-000901,2026-04-16,34.34,payment,success,Electronic check
5893,CUST-000901,2026-05-16,34.34,payment,success,Electronic check
5894,CUST-000901,2026-06-16,34.34,payment,success,Electronic check
5895,CUST-000901,2026-07-16,34.34,payment,success,Electronic check
5896,CUST-000901,2026-08-16,34.34,payment,success,Electronic check
5897,CUST-000902,2026-03-16,101.03,failed_payment,failed,Mailed check
5898,CUST-000902,2026-04-16,101.03,payment,success,Mailed check
5899,CUST-000902,2026-05-16,101.03,payment,success,Mailed check
5900,CUST-000902,2026-06-16,101.03,payment,success,Mailed check
5901,CUST-000902,2026-07-16,101.03,payment,success,Mailed check
5902,CUST-000902,2026-08-16,101.03,payment,success,Mailed check
5903,CUST-000903,2026-03-16,90.49,payment,success,Mailed check
5904,CUST-000903,2026-04-16,90.49,payment,success,Mailed check
5905,CUST-000903,2026-05-16,90.49,payment,success,Mailed check
5906,CUST-000903,2026-06-16,90.49,payment,success,Mailed check
5907,CUST-000903,2026-07-16,90.49,payment,success,Mailed check
5908,CUST-000903,2026-08-16,90.49,payment,success,Mailed check
5909,CUST-000904,2026-03-16,73.03,payment,success,Mailed check
5910,CUST-000904,2026-04-16,73.03,payment,success,Mailed check
5911,CUST-000904,2026-05-16,73.03,payment,success,Mailed check
5912,CUST-000904,2026-06-16,73.03,payment,success,Mailed check
5913,CUST-000904,2026-07-16,73.03,payment,success,Mailed check
5914,CUST-000904,2026-08-16,73.03,payment,success,Mailed check
5915,CUST-000905,2026-03-16,57.44,payment,success,Mailed check
5916,CUST-000905,2026-04-16,57.44,payment,success,Mailed check
5917,CUST-000905,2026-05-16,57.44,payment,success,Mailed check
5918,CUST-000905,2026-06-16,57.44,payment,success,Mailed check
5919,CUST-000905,2026-07-16,57.44,payment,success,Mailed check
5920,CUST-000905,2026-08-16,57.44,payment,success,Mailed check
5921,CUST-000906,2026-03-16,86.85,payment,success,Electronic check
5922,CUST-000906,2026-04-16,86.85,payment,success,Electronic check
5923,CUST-000906,2026-05-16,86.85,payment,success,Electronic check
5924,CUST-000906,2026-06-16,86.85,payment,success,Electronic check
5925,CUST-000906,2026-07-16,86.85,payment,success,Electronic check
5926,CUST-000906,2026-08-16,86.85,payment,success,Electronic check
5927,CUST-000907,2026-03-16,101.29,failed_payment,failed,Credit card
5928,CUST-000907,2026-03-19,101.29,payment,success,Credit card
5929,CUST-000907,2026-04-16,101.29,payment,success,Credit card
5930,CUST-000907,2026-05-16,101.29,payment,success,Credit card
5931,CUST-000907,2026-06-16,101.29,payment,success,Credit card
5932,CUST-000907,2026-07-16,101.29,payment,success,Credit card
5933,CUST-000907,2026-08-16,101.29,payment,success,Credit card
5934,CUST-000908,2026-03-16,108.12,failed_payment,failed,Credit card
5935,CUST-000908,2026-03-19,108.12,payment,success,Credit card
5936,CUST-000908,2026-04-16,108.12,payment,success,Credit card
5937,CUST-000908,2026-05-16,108.12,failed_payment,failed,Credit card
5938,CUST-000908,2026-05-19,108.12,payment,success,Credit card
5939,CUST-000908,2026-06-16,108.12,payment,success,Credit card
5940,CUST-000908,2026-07-16,108.12,payment,success,Credit card
5941,CUST-000908,2026-08-16,108.12,payment,success,Credit card
5942,CUST-000909,2026-03-16,74.7,payment,success,Bank transfer
5943,CUST-000909,2026-04-16,74.7,payment,success,Bank transfer
5944,CUST-000909,2026-05-16,74.7,payment,success,Bank transfer
5945,CUST-000909,2026-06-16,74.7,failed_payment,failed,Bank transfer
5946,CUST-000909,2026-06-19,74.7,payment,success,Bank transfer
5947,CUST-000909,2026-07-16,74.7,payment,success,Bank transfer
5948,CUST-000909,2026-08-16,74.7,payment,success,Bank transfer
5949,CUST-000910,2026-03-16,101.99,payment,success,Mailed check
5950,CUST-000910,2026-04-16,101.99,payment,success,Mailed check
5951,CUST-000910,2026-05-16,101.99,payment,success,Mailed check
5952,CUST-000910,2026-06-16,101.99,payment,success,Mailed check
5953,CUST-000910,2026-07-16,101.99,payment,success,Mailed check
5954,CUST-000910,2026-08-16,101.99,failed_payment,failed,Mailed check
5955,CUST-000910,2026-08-19,101.99,payment,success,Mailed check
5956,CUST-000911,2026-03-16,71.13,payment,success,Credit card
5957,CUST-000911,2026-04-16,71.13,payment,success,Credit card
5958,CUST-000911,2026-05-16,71.13,payment,success,Credit card
5959,CUST-000911,2026-06-16,71.13,payment,success,Credit card
5960,CUST-000911,2026-07-16,71.13,payment,success,Credit card
5961,CUST-000911,2026-08-16,71.13,payment,success,Credit card
5962,CUST-000912,2026-03-16,67.45,payment,success,Mailed check
5963,CUST-000912,2026-04-16,67.45,payment,success,Mailed check
5964,CUST-000912,2026-05-16,67.45,payment,success,Mailed check
5965,CUST-000912,2026-06-16,67.45,payment,success,Mailed check
5966,CUST-000912,2026-07-16,67.45,payment,success,Mailed check
5967,CUST-000912,2026-08-16,67.45,payment,success,Mailed check
5968,CUST-000913,2026-03-16,106.54,payment,success,Mailed check
5969,CUST-000913,2026-04-16,106.54,failed_payment,failed,Mailed check
5970,CUST-000913,2026-04-19,106.54,payment,success,Mailed check
5971,CUST-000913,2026-05-16,106.54,payment,success,Mailed check
5972,CUST-000913,2026-06-16,106.54,payment,success,Mailed check
5973,CUST-000913,2026-07-16,106.54,payment,success,Mailed check
5974,CUST-000913,2026-08-16,106.54,payment,success,Mailed check
5975,CUST-000914,2026-03-16,58.64,payment,success,Credit card
5976,CUST-000914,2026-04-16,58.64,payment,success,Credit card
5977,CUST-000914,2026-05-16,58.64,payment,success,Credit card
5978,CUST-000914,2026-06-16,58.64,payment,success,Credit card
5979,CUST-000914,2026-07-16,58.64,payment,success,Credit card
5980,CUST-000914,2026-08-16,58.64,payment,success,Credit card
5981,CUST-000915,2026-03-16,59.59,payment,success,Credit card
5982,CUST-000915,2026-04-16,59.59,payment,success,Credit card
5983,CUST-000915,2026-05-16,59.59,payment,success,Credit card
5984,CUST-000915,2026-06-16,59.59,payment,success,Credit card
5985,CUST-000915,2026-07-16,59.59,payment,success,Credit card
5986,CUST-000915,2026-08-16,59.59,payment,success,Credit card
5987,CUST-000916,2026-03-16,50.49,payment,success,Bank transfer
5988,CUST-000916,2026-04-16,50.49,payment,success,Bank transfer
5989,CUST-000916,2026-05-16,50.49,payment,success,Bank transfer
5990,CUST-000916,2026-06-16,50.49,payment,success,Bank transfer
5991,CUST-000916,2026-07-16,50.49,payment,success,Bank transfer
5992,CUST-000916,2026-08-16,50.49,payment,success,Bank transfer
5993,CUST-000917,2026-03-16,71.87,payment,success,Electronic check
5994,CUST-000917,2026-04-16,71.87,payment,success,Electronic check
5995,CUST-000917,2026-05-16,71.87,payment,success,Electronic check
5996,CUST-000917,2026-06-16,71.87,payment,success,Electronic check
5997,CUST-000917,2026-07-16,71.87,payment,success,Electronic check
5998,CUST-000917,2026-08-16,71.87,payment,success,Electronic check
5999,CUST-000918,2026-03-16,74.49,failed_payment,failed,Electronic check
6000,CUST-000918,2026-04-16,74.49,payment,success,Electronic check
6001,CUST-000918,2026-05-16,74.49,payment,success,Electronic check
6002,CUST-000918,2026-06-16,74.49,failed_payment,failed,Electronic check
6003,CUST-000918,2026-07-16,74.49,payment,success,Electronic check
6004,CUST-000918,2026-08-16,74.49,failed_payment,failed,Electronic check
6005,CUST-000918,2026-08-19,74.49,payment,success,Electronic check
6006,CUST-000919,2026-03-16,86.05,payment,success,Credit card
6007,CUST-000919,2026-04-16,86.05,payment,success,Credit card
6008,CUST-000919,2026-05-16,86.05,payment,success,Credit card
6009,CUST-000919,2026-06-16,86.05,payment,success,Credit card
6010,CUST-000919,2026-07-16,86.05,payment,success,Credit card
6011,CUST-000919,2026-08-16,86.05,payment,success,Credit card
6012,CUST-000920,2026-03-16,63.05,payment,success,Mailed check
6013,CUST-000920,2026-04-16,63.05,payment,success,Mailed check
6014,CUST-000920,2026-05-16,63.05,payment,success,Mailed check
6015,CUST-000920,2026-06-16,63.05,payment,success,Mailed check
6016,CUST-000920,2026-07-16,63.05,payment,success,Mailed check
6017,CUST-000920,2026-08-16,63.05,payment,success,Mailed check
6018,CUST-000921,2026-03-16,41.78,payment,success,Bank transfer
6019,CUST-000921,2026-04-16,41.78,payment,success,Bank transfer
6020,CUST-000921,2026-05-16,41.78,payment,success,Bank transfer
6021,CUST-000921,2026-06-16,41.78,failed_payment,failed,Bank transfer
6022,CUST-000921,2026-06-19,41.78,payment,success,Bank transfer
6023,CUST-000921,2026-07-16,41.78,payment,success,Bank transfer
6024,CUST-000921,2026-08-16,41.78,payment,success,Bank transfer
6025,CUST-000922,2026-03-16,106.68,payment,success,Mailed check
6026,CUST-000922,2026-04-16,106.68,payment,success,Mailed check
6027,CUST-000922,2026-05-16,106.68,payment,success,Mailed check
6028,CUST-000922,2026-06-16,106.68,payment,success,Mailed check
6029,CUST-000922,2026-07-16,106.68,payment,success,Mailed check
6030,CUST-000922,2026-08-16,106.68,payment,success,Mailed check
6031,CUST-000923,2026-03-16,54.6,payment,success,Mailed check
6032,CUST-000923,2026-04-16,54.6,failed_payment,failed,Mailed check
6033,CUST-000923,2026-05-16,54.6,payment,success,Mailed check
6034,CUST-000923,2026-06-16,54.6,payment,success,Mailed check
6035,CUST-000923,2026-07-16,54.6,payment,success,Mailed check
6036,CUST-000923,2026-08-16,54.6,payment,success,Mailed check
6037,CUST-000924,2026-03-16,112.29,payment,success,Credit card
6038,CUST-000924,2026-04-16,112.29,payment,success,Credit card
6039,CUST-000924,2026-05-16,112.29,payment,success,Credit card
6040,CUST-000924,2026-06-16,112.29,failed_payment,failed,Credit card
6041,CUST-000924,2026-06-19,112.29,payment,success,Credit card
6042,CUST-000924,2026-07-16,112.29,payment,success,Credit card
6043,CUST-000924,2026-08-16,112.29,failed_payment,failed,Credit card
6044,CUST-000925,2026-03-16,40.74,payment,success,Bank transfer
6045,CUST-000925,2026-04-16,40.74,failed_payment,failed,Bank transfer
6046,CUST-000925,2026-04-19,40.74,payment,success,Bank transfer
6047,CUST-000925,2026-05-16,40.74,failed_payment,failed,Bank transfer
6048,CUST-000925,2026-05-19,40.74,payment,success,Bank transfer
6049,CUST-000925,2026-06-16,40.74,payment,success,Bank transfer
6050,CUST-000925,2026-07-16,40.74,payment,success,Bank transfer
6051,CUST-000925,2026-08-16,40.74,failed_payment,failed,Bank transfer
6052,CUST-000925,2026-08-19,40.74,payment,success,Bank transfer
6053,CUST-000926,2026-03-16,76.01,failed_payment,failed,Mailed check
6054,CUST-000926,2026-03-19,76.01,payment,success,Mailed check
6055,CUST-000926,2026-04-16,76.01,failed_payment,failed,Mailed check
6056,CUST-000926,2026-04-19,76.01,payment,success,Mailed check
6057,CUST-000926,2026-05-16,76.01,payment,success,Mailed check
6058,CUST-000926,2026-06-16,76.01,failed_payment,failed,Mailed check
6059,CUST-000926,2026-06-19,76.01,payment,success,Mailed check
6060,CUST-000926,2026-07-16,76.01,failed_payment,failed,Mailed check
6061,CUST-000926,2026-08-16,76.01,payment,success,Mailed check
6062,CUST-000927,2026-03-16,73.66,payment,success,Mailed check
6063,CUST-000927,2026-04-16,73.66,payment,success,Mailed check
6064,CUST-000927,2026-05-16,73.66,payment,success,Mailed check
6065,CUST-000927,2026-06-16,73.66,payment,success,Mailed check
6066,CUST-000927,2026-07-16,73.66,payment,success,Mailed check
6067,CUST-000927,2026-08-16,73.66,payment,success,Mailed check
6068,CUST-000928,2026-03-16,102.86,payment,success,Electronic check
6069,CUST-000928,2026-04-16,102.86,payment,success,Electronic check
6070,CUST-000928,2026-05-16,102.86,payment,success,Electronic check
6071,CUST-000928,2026-06-16,102.86,payment,success,Electronic check
6072,CUST-000928,2026-07-16,102.86,payment,success,Electronic check
6073,CUST-000928,2026-08-16,102.86,payment,success,Electronic check
6074,CUST-000929,2026-03-16,33.89,payment,success,Bank transfer
6075,CUST-000929,2026-04-16,33.89,payment,success,Bank transfer
6076,CUST-000929,2026-05-16,33.89,payment,success,Bank transfer
6077,CUST-000929,2026-06-16,33.89,payment,success,Bank transfer
6078,CUST-000929,2026-07-16,33.89,payment,success,Bank transfer
6079,CUST-000929,2026-08-16,33.89,payment,success,Bank transfer
6080,CUST-000930,2026-03-16,110.99,payment,success,Bank transfer
6081,CUST-000930,2026-04-16,110.99,payment,success,Bank transfer
6082,CUST-000930,2026-05-16,110.99,payment,success,Bank transfer
6083,CUST-000930,2026-06-16,110.99,payment,success,Bank transfer
6084,CUST-000930,2026-07-16,110.99,payment,success,Bank transfer
6085,CUST-000930,2026-08-16,110.99,payment,success,Bank transfer
6086,CUST-000931,2026-03-16,73.14,payment,success,Electronic check
6087,CUST-000931,2026-04-16,73.14,payment,success,Electronic check
6088,CUST-000931,2026-05-16,73.14,payment,success,Electronic check
6089,CUST-000931,2026-06-16,73.14,payment,success,Electronic check
6090,CUST-000931,2026-07-16,73.14,payment,success,Electronic check
6091,CUST-000931,2026-08-16,73.14,payment,success,Electronic check
6092,CUST-000932,2026-03-16,78.61,payment,success,Mailed check
6093,CUST-000932,2026-04-16,78.61,failed_payment,failed,Mailed check
6094,CUST-000932,2026-04-19,78.61,payment,success,Mailed check
6095,CUST-000932,2026-05-16,78.61,failed_payment,failed,Mailed check
6096,CUST-000932,2026-05-19,78.61,payment,success,Mailed check
6097,CUST-000932,2026-06-16,78.61,payment,success,Mailed check
6098,CUST-000932,2026-07-16,78.61,payment,success,Mailed check
6099,CUST-000932,2026-08-16,78.61,failed_payment,failed,Mailed check
6100,CUST-000933,2026-03-16,71.02,payment,success,Bank transfer
6101,CUST-000933,2026-04-16,71.02,payment,success,Bank transfer
6102,CUST-000933,2026-05-16,71.02,payment,success,Bank transfer
6103,CUST-000933,2026-06-16,71.02,failed_payment,failed,Bank transfer
6104,CUST-000933,2026-06-19,71.02,payment,success,Bank transfer
6105,CUST-000933,2026-07-16,71.02,payment,success,Bank transfer
6106,CUST-000933,2026-08-16,71.02,payment,success,Bank transfer
6107,CUST-000934,2026-03-16,23.6,payment,success,Electronic check
6108,CUST-000934,2026-04-16,23.6,payment,success,Electronic check
6109,CUST-000934,2026-05-16,23.6,payment,success,Electronic check
6110,CUST-000934,2026-06-16,23.6,payment,success,Electronic check
6111,CUST-000934,2026-07-16,23.6,payment,success,Electronic check
6112,CUST-000934,2026-08-16,23.6,payment,success,Electronic check
6113,CUST-000935,2026-03-16,69.71,payment,success,Credit card
6114,CUST-000935,2026-04-16,69.71,payment,success,Credit card
6115,CUST-000935,2026-05-16,69.71,payment,success,Credit card
6116,CUST-000935,2026-06-16,69.71,payment,success,Credit card
6117,CUST-000935,2026-07-16,69.71,payment,success,Credit card
6118,CUST-000935,2026-08-16,69.71,payment,success,Credit card
6119,CUST-000936,2026-03-16,46.35,payment,success,Credit card
6120,CUST-000936,2026-04-16,46.35,failed_payment,failed,Credit card
6121,CUST-000936,2026-04-19,46.35,payment,success,Credit card
6122,CUST-000936,2026-05-16,46.35,payment,success,Credit card
6123,CUST-000936,2026-06-16,46.35,failed_payment,failed,Credit card
6124,CUST-000936,2026-06-19,46.35,payment,success,Credit card
6125,CUST-000936,2026-07-16,46.35,payment,success,Credit card
6126,CUST-000936,2026-08-16,46.35,payment,success,Credit card
6127,CUST-000937,2026-03-16,54.27,payment,success,Bank transfer
6128,CUST-000937,2026-04-16,54.27,payment,success,Bank transfer
6129,CUST-000937,2026-05-16,54.27,payment,success,Bank transfer
6130,CUST-000937,2026-06-16,54.27,payment,success,Bank transfer
6131,CUST-000937,2026-07-16,54.27,payment,success,Bank transfer
6132,CUST-000937,2026-08-16,54.27,payment,success,Bank transfer
6133,CUST-000938,2026-03-16,84.91,payment,success,Electronic check
6134,CUST-000938,2026-04-16,84.91,payment,success,Electronic check
6135,CUST-000938,2026-05-16,84.91,payment,success,Electronic check
6136,CUST-000938,2026-06-16,84.91,payment,success,Electronic check
6137,CUST-000938,2026-07-16,84.91,failed_payment,failed,Electronic check
6138,CUST-000938,2026-07-19,84.91,payment,success,Electronic check
6139,CUST-000938,2026-08-16,84.91,failed_payment,failed,Electronic check
6140,CUST-000938,2026-08-19,84.91,payment,success,Electronic check
6141,CUST-000939,2026-03-16,69.77,payment,success,Bank transfer
6142,CUST-000939,2026-04-16,69.77,failed_payment,failed,Bank transfer
6143,CUST-000939,2026-04-19,69.77,payment,success,Bank transfer
6144,CUST-000939,2026-05-16,69.77,payment,success,Bank transfer
6145,CUST-000939,2026-06-16,69.77,payment,success,Bank transfer
6146,CUST-000939,2026-07-16,69.77,payment,success,Bank transfer
6147,CUST-000939,2026-08-16,69.77,payment,success,Bank transfer
6148,CUST-000940,2026-03-16,29.32,payment,success,Credit card
6149,CUST-000940,2026-04-16,29.32,payment,success,Credit card
6150,CUST-000940,2026-05-16,29.32,payment,success,Credit card
6151,CUST-000940,2026-06-16,29.32,payment,success,Credit card
6152,CUST-000940,2026-07-16,29.32,payment,success,Credit card
6153,CUST-000940,2026-08-16,29.32,payment,success,Credit card
6154,CUST-000941,2026-03-16,27.3,payment,success,Electronic check
6155,CUST-000941,2026-04-16,27.3,payment,success,Electronic check
6156,CUST-000941,2026-05-16,27.3,payment,success,Electronic check
6157,CUST-000941,2026-06-16,27.3,payment,success,Electronic check
6158,CUST-000941,2026-07-16,27.3,payment,success,Electronic check
6159,CUST-000941,2026-08-16,27.3,payment,success,Electronic check
6160,CUST-000942,2026-03-16,38.57,failed_payment,failed,Credit card
6161,CUST-000942,2026-03-19,38.57,payment,success,Credit card
6162,CUST-000942,2026-04-16,38.57,payment,success,Credit card
6163,CUST-000942,2026-05-16,38.57,payment,success,Credit card
6164,CUST-000942,2026-06-16,38.57,payment,success,Credit card
6165,CUST-000942,2026-07-16,38.57,payment,success,Credit card
6166,CUST-000942,2026-08-16,38.57,payment,success,Credit card
6167,CUST-000943,2026-03-16,39.09,failed_payment,failed,Credit card
6168,CUST-000943,2026-03-19,39.09,payment,success,Credit card
6169,CUST-000943,2026-04-16,39.09,payment,success,Credit card
6170,CUST-000943,2026-05-16,39.09,payment,success,Credit card
6171,CUST-000943,2026-06-16,39.09,payment,success,Credit card
6172,CUST-000943,2026-07-16,39.09,payment,success,Credit card
6173,CUST-000943,2026-08-16,39.09,payment,success,Credit card
6174,CUST-000944,2026-03-16,80.83,payment,success,Electronic check
6175,CUST-000944,2026-04-16,80.83,payment,success,Electronic check
6176,CUST-000944,2026-05-16,80.83,payment,success,Electronic check
6177,CUST-000944,2026-06-16,80.83,payment,success,Electronic check
6178,CUST-000944,2026-07-16,80.83,payment,success,Electronic check
6179,CUST-000944,2026-08-16,80.83,payment,success,Electronic check
6180,CUST-000945,2026-03-16,37.78,payment,success,Electronic check
6181,CUST-000945,2026-04-16,37.78,payment,success,Electronic check
6182,CUST-000945,2026-05-16,37.78,payment,success,Electronic check
6183,CUST-000945,2026-06-16,37.78,payment,success,Electronic check
6184,CUST-000945,2026-07-16,37.78,failed_payment,failed,Electronic check
6185,CUST-000945,2026-07-19,37.78,payment,success,Electronic check
6186,CUST-000945,2026-08-16,37.78,payment,success,Electronic check
6187,CUST-000946,2026-03-16,108.17,payment,success,Bank transfer
6188,CUST-000946,2026-04-16,108.17,payment,success,Bank transfer
6189,CUST-000946,2026-05-16,108.17,payment,success,Bank transfer
6190,CUST-000946,2026-06-16,108.17,payment,success,Bank transfer
6191,CUST-000946,2026-07-16,108.17,payment,success,Bank transfer
6192,CUST-000946,2026-08-16,108.17,payment,success,Bank transfer
6193,CUST-000947,2026-03-16,40.98,failed_payment,failed,Credit card
6194,CUST-000947,2026-03-19,40.98,payment,success,Credit card
6195,CUST-000947,2026-04-16,40.98,payment,success,Credit card
6196,CUST-000947,2026-05-16,40.98,payment,success,Credit card
6197,CUST-000947,2026-06-16,40.98,payment,success,Credit card
6198,CUST-000947,2026-07-16,40.98,payment,success,Credit card
6199,CUST-000947,2026-08-16,40.98,payment,success,Credit card
6200,CUST-000948,2026-03-16,29.11,payment,success,Credit card
6201,CUST-000948,2026-04-16,29.11,payment,success,Credit card
6202,CUST-000948,2026-05-16,29.11,payment,success,Credit card
6203,CUST-000948,2026-06-16,29.11,payment,success,Credit card
6204,CUST-000948,2026-07-16,29.11,payment,success,Credit card
6205,CUST-000948,2026-08-16,29.11,payment,success,Credit card
6206,CUST-000949,2026-03-16,107.57,payment,success,Bank transfer
6207,CUST-000949,2026-04-16,107.57,payment,success,Bank transfer
6208,CUST-000949,2026-05-16,107.57,failed_payment,failed,Bank transfer
6209,CUST-000949,2026-05-19,107.57,payment,success,Bank transfer
6210,CUST-000949,2026-06-16,107.57,payment,success,Bank transfer
6211,CUST-000949,2026-07-16,107.57,payment,success,Bank transfer
6212,CUST-000949,2026-08-16,107.57,payment,success,Bank transfer
6213,CUST-000950,2026-03-16,49.53,payment,success,Bank transfer
6214,CUST-000950,2026-04-16,49.53,payment,success,Bank transfer
6215,CUST-000950,2026-05-16,49.53,payment,success,Bank transfer
6216,CUST-000950,2026-06-16,49.53,payment,success,Bank transfer
6217,CUST-000950,2026-07-16,49.53,payment,success,Bank transfer
6218,CUST-000950,2026-08-16,49.53,payment,success,Bank transfer
6219,CUST-000951,2026-03-16,62.54,payment,success,Bank transfer
6220,CUST-000951,2026-04-16,62.54,payment,success,Bank transfer
6221,CUST-000951,2026-05-16,62.54,payment,success,Bank transfer
6222,CUST-000951,2026-06-16,62.54,payment,success,Bank transfer
6223,CUST-000951,2026-07-16,62.54,payment,success,Bank transfer
6224,CUST-000951,2026-08-16,62.54,payment,success,Bank transfer
6225,CUST-000952,2026-03-16,115.9,failed_payment,failed,Bank transfer
6226,CUST-000952,2026-03-19,115.9,payment,success,Bank transfer
6227,CUST-000952,2026-04-16,115.9,payment,success,Bank transfer
6228,CUST-000952,2026-05-16,115.9,payment,success,Bank transfer
6229,CUST-000952,2026-06-16,115.9,payment,success,Bank transfer
6230,CUST-000952,2026-07-16,115.9,payment,success,Bank transfer
6231,CUST-000952,2026-08-16,115.9,failed_payment,failed,Bank transfer
6232,CUST-000953,2026-03-16,114.44,payment,success,Credit card
6233,CUST-000953,2026-04-16,114.44,payment,success,Credit card
6234,CUST-000953,2026-05-16,114.44,failed_payment,failed,Credit card
6235,CUST-000953,2026-06-16,114.44,payment,success,Credit card
6236,CUST-000953,2026-07-16,114.44,payment,success,Credit card
6237,CUST-000953,2026-08-16,114.44,payment,success,Credit card
6238,CUST-000954,2026-03-16,91.49,payment,success,Electronic check
6239,CUST-000954,2026-04-16,91.49,payment,success,Electronic check
6240,CUST-000954,2026-05-16,91.49,failed_payment,failed,Electronic check
6241,CUST-000954,2026-05-19,91.49,payment,success,Electronic check
6242,CUST-000954,2026-06-16,91.49,payment,success,Electronic check
6243,CUST-000954,2026-07-16,91.49,failed_payment,failed,Electronic check
6244,CUST-000954,2026-07-19,91.49,payment,success,Electronic check
6245,CUST-000954,2026-08-16,91.49,payment,success,Electronic check
6246,CUST-000955,2026-03-16,26.89,payment,success,Electronic check
6247,CUST-000955,2026-04-16,26.89,payment,success,Electronic check
6248,CUST-000955,2026-05-16,26.89,payment,success,Electronic check
6249,CUST-000955,2026-06-16,26.89,payment,success,Electronic check
6250,CUST-000955,2026-07-16,26.89,payment,success,Electronic check
6251,CUST-000955,2026-08-16,26.89,payment,success,Electronic check
6252,CUST-000956,2026-03-16,79.33,payment,success,Electronic check
6253,CUST-000956,2026-04-16,79.33,payment,success,Electronic check
6254,CUST-000956,2026-05-16,79.33,payment,success,Electronic check
6255,CUST-000956,2026-06-16,79.33,payment,success,Electronic check
6256,CUST-000956,2026-07-16,79.33,payment,success,Electronic check
6257,CUST-000956,2026-08-16,79.33,payment,success,Electronic check
6258,CUST-000957,2026-03-16,118.91,payment,success,Credit card
6259,CUST-000957,2026-04-16,118.91,payment,success,Credit card
6260,CUST-000957,2026-05-16,118.91,payment,success,Credit card
6261,CUST-000957,2026-06-16,118.91,payment,success,Credit card
6262,CUST-000957,2026-07-16,118.91,payment,success,Credit card
6263,CUST-000957,2026-08-16,118.91,payment,success,Credit card
6264,CUST-000958,2026-03-16,114.69,payment,success,Bank transfer
6265,CUST-000958,2026-04-16,114.69,payment,success,Bank transfer
6266,CUST-000958,2026-05-16,114.69,payment,success,Bank transfer
6267,CUST-000958,2026-06-16,114.69,payment,success,Bank transfer
6268,CUST-000958,2026-07-16,114.69,failed_payment,failed,Bank transfer
6269,CUST-000958,2026-07-19,114.69,payment,success,Bank transfer
6270,CUST-000958,2026-08-16,114.69,payment,success,Bank transfer
6271,CUST-000959,2026-03-16,30.6,payment,success,Electronic check
6272,CUST-000959,2026-04-16,30.6,payment,success,Electronic check
6273,CUST-000959,2026-05-16,30.6,payment,success,Electronic check
6274,CUST-000959,2026-06-16,30.6,payment,success,Electronic check
6275,CUST-000959,2026-07-16,30.6,payment,success,Electronic check
6276,CUST-000959,2026-08-16,30.6,payment,success,Electronic check
6277,CUST-000960,2026-03-16,59.6,payment,success,Electronic check
6278,CUST-000960,2026-04-16,59.6,payment,success,Electronic check
6279,CUST-000960,2026-05-16,59.6,payment,success,Electronic check
6280,CUST-000960,2026-06-16,59.6,failed_payment,failed,Electronic check
6281,CUST-000960,2026-07-16,59.6,payment,success,Electronic check
6282,CUST-000960,2026-08-16,59.6,payment,success,Electronic check
6283,CUST-000961,2026-03-16,51.55,payment,success,Mailed check
6284,CUST-000961,2026-04-16,51.55,payment,success,Mailed check
6285,CUST-000961,2026-05-16,51.55,payment,success,Mailed check
6286,CUST-000961,2026-06-16,51.55,payment,success,Mailed check
6287,CUST-000961,2026-07-16,51.55,payment,success,Mailed check
6288,CUST-000961,2026-08-16,51.55,payment,success,Mailed check
6289,CUST-000962,2026-03-16,32.97,payment,success,Electronic check
6290,CUST-000962,2026-04-16,32.97,payment,success,Electronic check
6291,CUST-000962,2026-05-16,32.97,payment,success,Electronic check
6292,CUST-000962,2026-06-16,32.97,payment,success,Electronic check
6293,CUST-000962,2026-07-16,32.97,payment,success,Electronic check
6294,CUST-000962,2026-08-16,32.97,payment,success,Electronic check
6295,CUST-000963,2026-03-16,89.48,failed_payment,failed,Bank transfer
6296,CUST-000963,2026-04-16,89.48,payment,success,Bank transfer
6297,CUST-000963,2026-05-16,89.48,payment,success,Bank transfer
6298,CUST-000963,2026-06-16,89.48,payment,success,Bank transfer
6299,CUST-000963,2026-07-16,89.48,payment,success,Bank transfer
6300,CUST-000963,2026-08-16,89.48,payment,success,Bank transfer
6301,CUST-000964,2026-03-16,47.38,payment,success,Mailed check
6302,CUST-000964,2026-04-16,47.38,failed_payment,failed,Mailed check
6303,CUST-000964,2026-05-16,47.38,failed_payment,failed,Mailed check
6304,CUST-000964,2026-05-19,47.38,payment,success,Mailed check
6305,CUST-000964,2026-06-16,47.38,failed_payment,failed,Mailed check
6306,CUST-000964,2026-06-19,47.38,payment,success,Mailed check
6307,CUST-000964,2026-07-16,47.38,payment,success,Mailed check
6308,CUST-000964,2026-08-16,47.38,payment,success,Mailed check
6309,CUST-000965,2026-03-16,54.49,payment,success,Mailed check
6310,CUST-000965,2026-04-16,54.49,payment,success,Mailed check
6311,CUST-000965,2026-05-16,54.49,failed_payment,failed,Mailed check
6312,CUST-000965,2026-05-19,54.49,payment,success,Mailed check
6313,CUST-000965,2026-06-16,54.49,payment,success,Mailed check
6314,CUST-000965,2026-07-16,54.49,payment,success,Mailed check
6315,CUST-000965,2026-08-16,54.49,payment,success,Mailed check
6316,CUST-000966,2026-03-16,29.04,failed_payment,failed,Electronic check
6317,CUST-000966,2026-03-19,29.04,payment,success,Electronic check
6318,CUST-000966,2026-04-16,29.04,failed_payment,failed,Electronic check
6319,CUST-000966,2026-05-16,29.04,payment,success,Electronic check
6320,CUST-000966,2026-06-16,29.04,payment,success,Electronic check
6321,CUST-000966,2026-07-16,29.04,payment,success,Electronic check
6322,CUST-000966,2026-08-16,29.04,payment,success,Electronic check
6323,CUST-000967,2026-03-16,69.8,payment,success,Bank transfer
6324,CUST-000967,2026-04-16,69.8,payment,success,Bank transfer
6325,CUST-000967,2026-05-16,69.8,payment,success,Bank transfer
6326,CUST-000967,2026-06-16,69.8,payment,success,Bank transfer
6327,CUST-000967,2026-07-16,69.8,payment,success,Bank transfer
6328,CUST-000967,2026-08-16,69.8,payment,success,Bank transfer
6329,CUST-000968,2026-03-16,35.82,failed_payment,failed,Credit card
6330,CUST-000968,2026-03-19,35.82,payment,success,Credit card
6331,CUST-000968,2026-04-16,35.82,failed_payment,failed,Credit card
6332,CUST-000968,2026-04-19,35.82,payment,success,Credit card
6333,CUST-000968,2026-05-16,35.82,payment,success,Credit card
6334,CUST-000968,2026-06-16,35.82,payment,success,Credit card
6335,CUST-000968,2026-07-16,35.82,payment,success,Credit card
6336,CUST-000968,2026-08-16,35.82,payment,success,Credit card
6337,CUST-000969,2026-03-16,63.21,payment,success,Bank transfer
6338,CUST-000969,2026-04-16,63.21,payment,success,Bank transfer
6339,CUST-000969,2026-05-16,63.21,payment,success,Bank transfer
6340,CUST-000969,2026-06-16,63.21,payment,success,Bank transfer
6341,CUST-000969,2026-07-16,63.21,payment,success,Bank transfer
6342,CUST-000969,2026-08-16,63.21,payment,success,Bank transfer
6343,CUST-000970,2026-03-16,34.33,payment,success,Credit card
6344,CUST-000970,2026-04-16,34.33,payment,success,Credit card
6345,CUST-000970,2026-05-16,34.33,payment,success,Credit card
6346,CUST-000970,2026-06-16,34.33,payment,success,Credit card
6347,CUST-000970,2026-07-16,34.33,payment,success,Credit card
6348,CUST-000970,2026-08-16,34.33,payment,success,Credit card
6349,CUST-000971,2026-03-16,115.38,payment,success,Credit card
6350,CUST-000971,2026-04-16,115.38,payment,success,Credit card
6351,CUST-000971,2026-05-16,115.38,payment,success,Credit card
6352,CUST-000971,2026-06-16,115.38,payment,success,Credit card
6353,CUST-000971,2026-07-16,115.38,payment,success,Credit card
6354,CUST-000971,2026-08-16,115.38,payment,success,Credit card
6355,CUST-000972,2026-03-16,34.5,payment,success,Credit card
6356,CUST-000972,2026-04-16,34.5,payment,success,Credit card
6357,CUST-000972,2026-05-16,34.5,payment,success,Credit card
6358,CUST-000972,2026-06-16,34.5,payment,success,Credit card
6359,CUST-000972,2026-07-16,34.5,payment,success,Credit card
6360,CUST-000972,2026-08-16,34.5,payment,success,Credit card
6361,CUST-000973,2026-03-16,72.19,payment,success,Bank transfer
6362,CUST-000973,2026-04-16,72.19,payment,success,Bank transfer
6363,CUST-000973,2026-05-16,72.19,payment,success,Bank transfer
6364,CUST-000973,2026-06-16,72.19,failed_payment,failed,Bank transfer
6365,CUST-000973,2026-06-19,72.19,payment,success,Bank transfer
6366,CUST-000973,2026-07-16,72.19,payment,success,Bank transfer
6367,CUST-000973,2026-08-16,72.19,failed_payment,failed,Bank transfer
6368,CUST-000974,2026-03-16,39.7,payment,success,Electronic check
6369,CUST-000974,2026-04-16,39.7,payment,success,Electronic check
6370,CUST-000974,2026-05-16,39.7,payment,success,Electronic check
6371,CUST-000974,2026-06-16,39.7,payment,success,Electronic check
6372,CUST-000974,2026-07-16,39.7,payment,success,Electronic check
6373,CUST-000974,2026-08-16,39.7,payment,success,Electronic check
6374,CUST-000975,2026-03-16,27.64,payment,success,Mailed check
6375,CUST-000975,2026-04-16,27.64,payment,success,Mailed check
6376,CUST-000975,2026-05-16,27.64,failed_payment,failed,Mailed check
6377,CUST-000975,2026-06-16,27.64,payment,success,Mailed check
6378,CUST-000975,2026-07-16,27.64,payment,success,Mailed check
6379,CUST-000975,2026-08-16,27.64,payment,success,Mailed check
6380,CUST-000976,2026-03-16,40.23,payment,success,Mailed check
6381,CUST-000976,2026-04-16,40.23,payment,success,Mailed check
6382,CUST-000976,2026-05-16,40.23,payment,success,Mailed check
6383,CUST-000976,2026-06-16,40.23,payment,success,Mailed check
6384,CUST-000976,2026-07-16,40.23,payment,success,Mailed check
6385,CUST-000976,2026-08-16,40.23,payment,success,Mailed check
6386,CUST-000977,2026-03-16,25.48,payment,success,Bank transfer
6387,CUST-000977,2026-04-16,25.48,payment,success,Bank transfer
6388,CUST-000977,2026-05-16,25.48,payment,success,Bank transfer
6389,CUST-000977,2026-06-16,25.48,payment,success,Bank transfer
6390,CUST-000977,2026-07-16,25.48,payment,success,Bank transfer
6391,CUST-000977,2026-08-16,25.48,payment,success,Bank transfer
6392,CUST-000978,2026-03-16,33.94,payment,success,Credit card
6393,CUST-000978,2026-04-16,33.94,failed_payment,failed,Credit card
6394,CUST-000978,2026-04-19,33.94,payment,success,Credit card
6395,CUST-000978,2026-05-16,33.94,payment,success,Credit card
6396,CUST-000978,2026-06-16,33.94,payment,success,Credit card
6397,CUST-000978,2026-07-16,33.94,failed_payment,failed,Credit card
6398,CUST-000978,2026-08-16,33.94,failed_payment,failed,Credit card
6399,CUST-000979,2026-03-16,69.35,payment,success,Bank transfer
6400,CUST-000979,2026-04-16,69.35,payment,success,Bank transfer
6401,CUST-000979,2026-05-16,69.35,payment,success,Bank transfer
6402,CUST-000979,2026-06-16,69.35,payment,success,Bank transfer
6403,CUST-000979,2026-07-16,69.35,failed_payment,failed,Bank transfer
6404,CUST-000979,2026-08-16,69.35,payment,success,Bank transfer
6405,CUST-000980,2026-03-16,85.18,failed_payment,failed,Mailed check
6406,CUST-000980,2026-03-19,85.18,payment,success,Mailed check
6407,CUST-000980,2026-04-16,85.18,payment,success,Mailed check
6408,CUST-000980,2026-05-16,85.18,payment,success,Mailed check
6409,CUST-000980,2026-06-16,85.18,payment,success,Mailed check
6410,CUST-000980,2026-07-16,85.18,payment,success,Mailed check
6411,CUST-000980,2026-08-16,85.18,payment,success,Mailed check
6412,CUST-000981,2026-03-16,28.73,payment,success,Credit card
6413,CUST-000981,2026-04-16,28.73,payment,success,Credit card
6414,CUST-000981,2026-05-16,28.73,payment,success,Credit card
6415,CUST-000981,2026-06-16,28.73,payment,success,Credit card
6416,CUST-000981,2026-07-16,28.73,payment,success,Credit card
6417,CUST-000981,2026-08-16,28.73,payment,success,Credit card
6418,CUST-000982,2026-03-16,64.1,payment,success,Bank transfer
6419,CUST-000982,2026-04-16,64.1,payment,success,Bank transfer
6420,CUST-000982,2026-05-16,64.1,payment,success,Bank transfer
6421,CUST-000982,2026-06-16,64.1,payment,success,Bank transfer
6422,CUST-000982,2026-07-16,64.1,failed_payment,failed,Bank transfer
6423,CUST-000982,2026-07-19,64.1,payment,success,Bank transfer
6424,CUST-000982,2026-08-16,64.1,payment,success,Bank transfer
6425,CUST-000983,2026-03-16,78.12,payment,success,Credit card
6426,CUST-000983,2026-04-16,78.12,payment,success,Credit card
6427,CUST-000983,2026-05-16,78.12,payment,success,Credit card
6428,CUST-000983,2026-06-16,78.12,payment,success,Credit card
6429,CUST-000983,2026-07-16,78.12,payment,success,Credit card
6430,CUST-000983,2026-08-16,78.12,payment,success,Credit card
6431,CUST-000984,2026-03-16,43.42,payment,success,Bank transfer
6432,CUST-000984,2026-04-16,43.42,payment,success,Bank transfer
6433,CUST-000984,2026-05-16,43.42,payment,success,Bank transfer
6434,CUST-000984,2026-06-16,43.42,payment,success,Bank transfer
6435,CUST-000984,2026-07-16,43.42,payment,success,Bank transfer
6436,CUST-000984,2026-08-16,43.42,payment,success,Bank transfer
6437,CUST-000985,2026-03-16,57.21,failed_payment,failed,Bank transfer
6438,CUST-000985,2026-04-16,57.21,payment,success,Bank transfer
6439,CUST-000985,2026-05-16,57.21,payment,success,Bank transfer
6440,CUST-000985,2026-06-16,57.21,failed_payment,failed,Bank transfer
6441,CUST-000985,2026-07-16,57.21,failed_payment,failed,Bank transfer
6442,CUST-000985,2026-07-19,57.21,payment,success,Bank transfer
6443,CUST-000985,2026-08-16,57.21,payment,success,Bank transfer
6444,CUST-000986,2026-03-16,27.18,payment,success,Mailed check
6445,CUST-000986,2026-04-16,27.18,payment,success,Mailed check
6446,CUST-000986,2026-05-16,27.18,payment,success,Mailed check
6447,CUST-000986,2026-06-16,27.18,payment,success,Mailed check
6448,CUST-000986,2026-07-16,27.18,payment,success,Mailed check
6449,CUST-000986,2026-08-16,27.18,payment,success,Mailed check
6450,CUST-000987,2026-03-16,42.01,payment,success,Mailed check
6451,CUST-000987,2026-04-16,42.01,payment,success,Mailed check
6452,CUST-000987,2026-05-16,42.01,payment,success,Mailed check
6453,CUST-000987,2026-06-16,42.01,payment,success,Mailed check
6454,CUST-000987,2026-07-16,42.01,payment,success,Mailed check
6455,CUST-000987,2026-08-16,42.01,payment,success,Mailed check
6456,CUST-000988,2026-03-16,66.68,payment,success,Mailed check
6457,CUST-000988,2026-04-16,66.68,payment,success,Mailed check
6458,CUST-000988,2026-05-16,66.68,payment,success,Mailed check
6459,CUST-000988,2026-06-16,66.68,payment,success,Mailed check
6460,CUST-000988,2026-07-16,66.68,payment,success,Mailed check
6461,CUST-000988,2026-08-16,66.68,payment,success,Mailed check
6462,CUST-000989,2026-03-16,119.04,failed_payment,failed,Mailed check
6463,CUST-000989,2026-03-19,119.04,payment,success,Mailed check
6464,CUST-000989,2026-04-16,119.04,failed_payment,failed,Mailed check
6465,CUST-000989,2026-04-19,119.04,payment,success,Mailed check
6466,CUST-000989,2026-05-16,119.04,payment,success,Mailed check
6467,CUST-000989,2026-06-16,119.04,payment,success,Mailed check
6468,CUST-000989,2026-07-16,119.04,payment,success,Mailed check
6469,CUST-000989,2026-08-16,119.04,payment,success,Mailed check
6470,CUST-000990,2026-03-16,119.63,payment,success,Bank transfer
6471,CUST-000990,2026-04-16,119.63,payment,success,Bank transfer
6472,CUST-000990,2026-05-16,119.63,payment,success,Bank transfer
6473,CUST-000990,2026-06-16,119.63,payment,success,Bank transfer
6474,CUST-000990,2026-07-16,119.63,payment,success,Bank transfer
6475,CUST-000990,2026-08-16,119.63,payment,success,Bank transfer
6476,CUST-000991,2026-03-16,117.96,payment,success,Mailed check
6477,CUST-000991,2026-04-16,117.96,payment,success,Mailed check
6478,CUST-000991,2026-05-16,117.96,payment,success,Mailed check
6479,CUST-000991,2026-06-16,117.96,payment,success,Mailed check
6480,CUST-000991,2026-07-16,117.96,payment,success,Mailed check
6481,CUST-000991,2026-08-16,117.96,payment,success,Mailed check
6482,CUST-000992,2026-03-16,62.31,payment,success,Electronic check
6483,CUST-000992,2026-04-16,62.31,payment,success,Electronic check
6484,CUST-000992,2026-05-16,62.31,payment,success,Electronic check
6485,CUST-000992,2026-06-16,62.31,payment,success,Electronic check
6486,CUST-000992,2026-07-16,62.31,payment,success,Electronic check
6487,CUST-000992,2026-08-16,62.31,payment,success,Electronic check
6488,CUST-000993,2026-03-16,28.07,payment,success,Electronic check
6489,CUST-000993,2026-04-16,28.07,payment,success,Electronic check
6490,CUST-000993,2026-05-16,28.07,payment,success,Electronic check
6491,CUST-000993,2026-06-16,28.07,payment,success,Electronic check
6492,CUST-000993,2026-07-16,28.07,payment,success,Electronic check
6493,CUST-000993,2026-08-16,28.07,payment,success,Electronic check
6494,CUST-000994,2026-03-16,52.36,payment,success,Credit card
6495,CUST-000994,2026-04-16,52.36,payment,success,Credit card
6496,CUST-000994,2026-05-16,52.36,payment,success,Credit card
6497,CUST-000994,2026-06-16,52.36,payment,success,Credit card
6498,CUST-000994,2026-07-16,52.36,payment,success,Credit card
6499,CUST-000994,2026-08-16,52.36,payment,success,Credit card
6500,CUST-000995,2026-03-16,43.77,payment,success,Mailed check
6501,CUST-000995,2026-04-16,43.77,payment,success,Mailed check
6502,CUST-000995,2026-05-16,43.77,payment,success,Mailed check
6503,CUST-000995,2026-06-16,43.77,payment,success,Mailed check
6504,CUST-000995,2026-07-16,43.77,payment,success,Mailed check
6505,CUST-000995,2026-08-16,43.77,payment,success,Mailed check
6506,CUST-000996,2026-03-16,21.41,payment,success,Bank transfer
6507,CUST-000996,2026-04-16,21.41,payment,success,Bank transfer
6508,CUST-000996,2026-05-16,21.41,payment,success,Bank transfer
6509,CUST-000996,2026-06-16,21.41,payment,success,Bank transfer
6510,CUST-000996,2026-07-16,21.41,payment,success,Bank transfer
6511,CUST-000996,2026-08-16,21.41,payment,success,Bank transfer
6512,CUST-000997,2026-03-16,29.52,payment,success,Credit card
6513,CUST-000997,2026-04-16,29.52,payment,success,Credit card
6514,CUST-000997,2026-05-16,29.52,payment,success,Credit card
6515,CUST-000997,2026-06-16,29.52,payment,success,Credit card
6516,CUST-000997,2026-07-16,29.52,payment,success,Credit card
6517,CUST-000997,2026-08-16,29.52,payment,success,Credit card
6518,CUST-000998,2026-03-16,65.32,payment,success,Electronic check
6519,CUST-000998,2026-04-16,65.32,payment,success,Electronic check
6520,CUST-000998,2026-05-16,65.32,payment,success,Electronic check
6521,CUST-000998,2026-06-16,65.32,payment,success,Electronic check
6522,CUST-000998,2026-07-16,65.32,payment,success,Electronic check
6523,CUST-000998,2026-08-16,65.32,payment,success,Electronic check
6524,CUST-000999,2026-03-16,53.97,payment,success,Credit card
6525,CUST-000999,2026-04-16,53.97,payment,success,Credit card
6526,CUST-000999,2026-05-16,53.97,failed_payment,failed,Credit card
6527,CUST-000999,2026-05-19,53.97,payment,success,Credit card
6528,CUST-000999,2026-06-16,53.97,payment,success,Credit card
6529,CUST-000999,2026-07-16,53.97,payment,success,Credit card
6530,CUST-000999,2026-08-16,53.97,payment,success,Credit card
6531,CUST-001000,2026-03-16,38.04,failed_payment,failed,Bank transfer
6532,CUST-001000,2026-03-19,38.04,payment,success,Bank transfer
6533,CUST-001000,2026-04-16,38.04,payment,success,Bank transfer
6534,CUST-001000,2026-05-16,38.04,payment,success,Bank transfer
6535,CUST-001000,2026-06-16,38.04,payment,success,Bank transfer
6536,CUST-001000,2026-07-16,38.04,payment,success,Bank transfer
6537,CUST-001000,2026-08-16,38.04,payment,success,Bank transfer
6538,CUST-001001,2026-03-16,91.61,payment,success,Bank transfer
6539,CUST-001001,2026-04-16,91.61,payment,success,Bank transfer
6540,CUST-001001,2026-05-16,91.61,failed_payment,failed,Bank transfer
6541,CUST-001001,2026-05-19,91.61,payment,success,Bank transfer
6542,CUST-001001,2026-06-16,91.61,payment,success,Bank transfer
6543,CUST-001001,2026-07-16,91.61,payment,success,Bank transfer
6544,CUST-001001,2026-08-16,91.61,payment,success,Bank transfer
6545,CUST-001002,2026-03-16,55.71,payment,success,Mailed check
6546,CUST-001002,2026-04-16,55.71,payment,success,Mailed check
6547,CUST-001002,2026-05-16,55.71,payment,success,Mailed check
6548,CUST-001002,2026-06-16,55.71,failed_payment,failed,Mailed check
6549,CUST-001002,2026-06-19,55.71,payment,success,Mailed check
6550,CUST-001002,2026-07-16,55.71,failed_payment,failed,Mailed check
6551,CUST-001002,2026-07-19,55.71,payment,success,Mailed check
6552,CUST-001002,2026-08-16,55.71,payment,success,Mailed check
6553,CUST-001003,2026-03-16,105.19,payment,success,Bank transfer
6554,CUST-001003,2026-04-16,105.19,payment,success,Bank transfer
6555,CUST-001003,2026-05-16,105.19,payment,success,Bank transfer
6556,CUST-001003,2026-06-16,105.19,payment,success,Bank transfer
6557,CUST-001003,2026-07-16,105.19,payment,success,Bank transfer
6558,CUST-001003,2026-08-16,105.19,payment,success,Bank transfer
6559,CUST-001004,2026-03-16,44.1,payment,success,Electronic check
6560,CUST-001004,2026-04-16,44.1,payment,success,Electronic check
6561,CUST-001004,2026-05-16,44.1,payment,success,Electronic check
6562,CUST-001004,2026-06-16,44.1,payment,success,Electronic check
6563,CUST-001004,2026-07-16,44.1,payment,success,Electronic check
6564,CUST-001004,2026-08-16,44.1,payment,success,Electronic check
6565,CUST-001005,2026-03-16,73.84,payment,success,Mailed check
6566,CUST-001005,2026-04-16,73.84,payment,success,Mailed check
6567,CUST-001005,2026-05-16,73.84,payment,success,Mailed check
6568,CUST-001005,2026-06-16,73.84,payment,success,Mailed check
6569,CUST-001005,2026-07-16,73.84,payment,success,Mailed check
6570,CUST-001005,2026-08-16,73.84,payment,success,Mailed check
6571,CUST-001006,2026-03-16,38.41,payment,success,Credit card
6572,CUST-001006,2026-04-16,38.41,payment,success,Credit card
6573,CUST-001006,2026-05-16,38.41,payment,success,Credit card
6574,CUST-001006,2026-06-16,38.41,payment,success,Credit card
6575,CUST-001006,2026-07-16,38.41,payment,success,Credit card
6576,CUST-001006,2026-08-16,38.41,payment,success,Credit card
6577,CUST-001007,2026-03-16,69.53,payment,success,Mailed check
6578,CUST-001007,2026-04-16,69.53,payment,success,Mailed check
6579,CUST-001007,2026-05-16,69.53,payment,success,Mailed check
6580,CUST-001007,2026-06-16,69.53,payment,success,Mailed check
6581,CUST-001007,2026-07-16,69.53,payment,success,Mailed check
6582,CUST-001007,2026-08-16,69.53,payment,success,Mailed check
6583,CUST-001008,2026-03-16,35.25,payment,success,Bank transfer
6584,CUST-001008,2026-04-16,35.25,payment,success,Bank transfer
6585,CUST-001008,2026-05-16,35.25,payment,success,Bank transfer
6586,CUST-001008,2026-06-16,35.25,payment,success,Bank transfer
6587,CUST-001008,2026-07-16,35.25,payment,success,Bank transfer
6588,CUST-001008,2026-08-16,35.25,payment,success,Bank transfer
6589,CUST-001009,2026-03-16,36.16,payment,success,Credit card
6590,CUST-001009,2026-04-16,36.16,payment,success,Credit card
6591,CUST-001009,2026-05-16,36.16,payment,success,Credit card
6592,CUST-001009,2026-06-16,36.16,payment,success,Credit card
6593,CUST-001009,2026-07-16,36.16,payment,success,Credit card
6594,CUST-001009,2026-08-16,36.16,payment,success,Credit card
6595,CUST-001010,2026-03-16,81.22,payment,success,Bank transfer
6596,CUST-001010,2026-04-16,81.22,failed_payment,failed,Bank transfer
6597,CUST-001010,2026-04-19,81.22,payment,success,Bank transfer
6598,CUST-001010,2026-05-16,81.22,payment,success,Bank transfer
6599,CUST-001010,2026-06-16,81.22,payment,success,Bank transfer
6600,CUST-001010,2026-07-16,81.22,payment,success,Bank transfer
6601,CUST-001010,2026-08-16,81.22,payment,success,Bank transfer
6602,CUST-001011,2026-03-16,46.38,payment,success,Mailed check
6603,CUST-001011,2026-04-16,46.38,payment,success,Mailed check
6604,CUST-001011,2026-05-16,46.38,payment,success,Mailed check
6605,CUST-001011,2026-06-16,46.38,payment,success,Mailed check
6606,CUST-001011,2026-07-16,46.38,payment,success,Mailed check
6607,CUST-001011,2026-08-16,46.38,payment,success,Mailed check
6608,CUST-001012,2026-03-16,37.24,payment,success,Credit card
6609,CUST-001012,2026-04-16,37.24,payment,success,Credit card
6610,CUST-001012,2026-05-16,37.24,payment,success,Credit card
6611,CUST-001012,2026-06-16,37.24,payment,success,Credit card
6612,CUST-001012,2026-07-16,37.24,payment,success,Credit card
6613,CUST-001012,2026-08-16,37.24,payment,success,Credit card
6614,CUST-001013,2026-03-16,112.98,payment,success,Credit card
6615,CUST-001013,2026-04-16,112.98,payment,success,Credit card
6616,CUST-001013,2026-05-16,112.98,payment,success,Credit card
6617,CUST-001013,2026-06-16,112.98,payment,success,Credit card
6618,CUST-001013,2026-07-16,112.98,payment,success,Credit card
6619,CUST-001013,2026-08-16,112.98,payment,success,Credit card
6620,CUST-001014,2026-03-16,24.3,payment,success,Bank transfer
6621,CUST-001014,2026-04-16,24.3,payment,success,Bank transfer
6622,CUST-001014,2026-05-16,24.3,payment,success,Bank transfer
6623,CUST-001014,2026-06-16,24.3,payment,success,Bank transfer
6624,CUST-001014,2026-07-16,24.3,payment,success,Bank transfer
6625,CUST-001014,2026-08-16,24.3,payment,success,Bank transfer
6626,CUST-001015,2026-03-16,76.51,payment,success,Electronic check
6627,CUST-001015,2026-04-16,76.51,payment,success,Electronic check
6628,CUST-001015,2026-05-16,76.51,payment,success,Electronic check
6629,CUST-001015,2026-06-16,76.51,payment,success,Electronic check
6630,CUST-001015,2026-07-16,76.51,payment,success,Electronic check
6631,CUST-001015,2026-08-16,76.51,failed_payment,failed,Electronic check
6632,CUST-001015,2026-08-19,76.51,payment,success,Electronic check
6633,CUST-001016,2026-03-16,74.83,payment,success,Mailed check
6634,CUST-001016,2026-04-16,74.83,payment,success,Mailed check
6635,CUST-001016,2026-05-16,74.83,payment,success,Mailed check
6636,CUST-001016,2026-06-16,74.83,payment,success,Mailed check
6637,CUST-001016,2026-07-16,74.83,payment,success,Mailed check
6638,CUST-001016,2026-08-16,74.83,payment,success,Mailed check
6639,CUST-001017,2026-03-16,45.06,payment,success,Mailed check
6640,CUST-001017,2026-04-16,45.06,payment,success,Mailed check
6641,CUST-001017,2026-05-16,45.06,payment,success,Mailed check
6642,CUST-001017,2026-06-16,45.06,payment,success,Mailed check
6643,CUST-001017,2026-07-16,45.06,payment,success,Mailed check
6644,CUST-001017,2026-08-16,45.06,payment,success,Mailed check
6645,CUST-001018,2026-03-16,65.28,failed_payment,failed,Electronic check
6646,CUST-001018,2026-03-19,65.28,payment,success,Electronic check
6647,CUST-001018,2026-04-16,65.28,payment,success,Electronic check
6648,CUST-001018,2026-05-16,65.28,payment,success,Electronic check
6649,CUST-001018,2026-06-16,65.28,payment,success,Electronic check
6650,CUST-001018,2026-07-16,65.28,payment,success,Electronic check
6651,CUST-001018,2026-08-16,65.28,payment,success,Electronic check
6652,CUST-001019,2026-03-16,28.77,payment,success,Mailed check
6653,CUST-001019,2026-04-16,28.77,failed_payment,failed,Mailed check
6654,CUST-001019,2026-04-19,28.77,payment,success,Mailed check
6655,CUST-001019,2026-05-16,28.77,payment,success,Mailed check
6656,CUST-001019,2026-06-16,28.77,payment,success,Mailed check
6657,CUST-001019,2026-07-16,28.77,payment,success,Mailed check
6658,CUST-001019,2026-08-16,28.77,payment,success,Mailed check
6659,CUST-001020,2026-03-16,92.13,failed_payment,failed,Electronic check
6660,CUST-001020,2026-04-16,92.13,failed_payment,failed,Electronic check
6661,CUST-001020,2026-04-19,92.13,payment,success,Electronic check
6662,CUST-001020,2026-05-16,92.13,payment,success,Electronic check
6663,CUST-001020,2026-06-16,92.13,failed_payment,failed,Electronic check
6664,CUST-001020,2026-06-19,92.13,payment,success,Electronic check
6665,CUST-001020,2026-07-16,92.13,failed_payment,failed,Electronic check
6666,CUST-001020,2026-07-19,92.13,payment,success,Electronic check
6667,CUST-001020,2026-08-16,92.13,payment,success,Electronic check
6668,CUST-001021,2026-03-16,42.17,payment,success,Bank transfer
6669,CUST-001021,2026-04-16,42.17,failed_payment,failed,Bank transfer
6670,CUST-001021,2026-04-19,42.17,payment,success,Bank transfer
6671,CUST-001021,2026-05-16,42.17,payment,success,Bank transfer
6672,CUST-001021,2026-06-16,42.17,payment,success,Bank transfer
6673,CUST-001021,2026-07-16,42.17,failed_payment,failed,Bank transfer
6674,CUST-001021,2026-08-16,42.17,payment,success,Bank transfer
6675,CUST-001022,2026-03-16,39.34,payment,success,Mailed check
6676,CUST-001022,2026-04-16,39.34,payment,success,Mailed check
6677,CUST-001022,2026-05-16,39.34,payment,success,Mailed check
6678,CUST-001022,2026-06-16,39.34,payment,success,Mailed check
6679,CUST-001022,2026-07-16,39.34,payment,success,Mailed check
6680,CUST-001022,2026-08-16,39.34,payment,success,Mailed check
6681,CUST-001023,2026-03-16,51.49,payment,success,Bank transfer
6682,CUST-001023,2026-04-16,51.49,payment,success,Bank transfer
6683,CUST-001023,2026-05-16,51.49,payment,success,Bank transfer
6684,CUST-001023,2026-06-16,51.49,payment,success,Bank transfer
6685,CUST-001023,2026-07-16,51.49,payment,success,Bank transfer
6686,CUST-001023,2026-08-16,51.49,payment,success,Bank transfer
6687,CUST-001024,2026-03-16,110.24,payment,success,Mailed check
6688,CUST-001024,2026-04-16,110.24,payment,success,Mailed check
6689,CUST-001024,2026-05-16,110.24,payment,success,Mailed check
6690,CUST-001024,2026-06-16,110.24,failed_payment,failed,Mailed check
6691,CUST-001024,2026-07-16,110.24,payment,success,Mailed check
6692,CUST-001024,2026-08-16,110.24,payment,success,Mailed check
6693,CUST-001025,2026-03-16,99.65,payment,success,Bank transfer
6694,CUST-001025,2026-04-16,99.65,payment,success,Bank transfer
6695,CUST-001025,2026-05-16,99.65,payment,success,Bank transfer
6696,CUST-001025,2026-06-16,99.65,payment,success,Bank transfer
6697,CUST-001025,2026-07-16,99.65,payment,success,Bank transfer
6698,CUST-001025,2026-08-16,99.65,payment,success,Bank transfer
6699,CUST-001026,2026-03-16,114.69,payment,success,Bank transfer
6700,CUST-001026,2026-04-16,114.69,payment,success,Bank transfer
6701,CUST-001026,2026-05-16,114.69,payment,success,Bank transfer
6702,CUST-001026,2026-06-16,114.69,failed_payment,failed,Bank transfer
6703,CUST-001026,2026-06-19,114.69,payment,success,Bank transfer
6704,CUST-001026,2026-07-16,114.69,failed_payment,failed,Bank transfer
6705,CUST-001026,2026-07-19,114.69,payment,success,Bank transfer
6706,CUST-001026,2026-08-16,114.69,payment,success,Bank transfer
6707,CUST-001027,2026-03-16,85.2,payment,success,Electronic check
6708,CUST-001027,2026-04-16,85.2,payment,success,Electronic check
6709,CUST-001027,2026-05-16,85.2,payment,success,Electronic check
6710,CUST-001027,2026-06-16,85.2,failed_payment,failed,Electronic check
6711,CUST-001027,2026-06-19,85.2,payment,success,Electronic check
6712,CUST-001027,2026-07-16,85.2,payment,success,Electronic check
6713,CUST-001027,2026-08-16,85.2,payment,success,Electronic check
6714,CUST-001028,2026-03-16,86.29,payment,success,Mailed check
6715,CUST-001028,2026-04-16,86.29,failed_payment,failed,Mailed check
6716,CUST-001028,2026-04-19,86.29,payment,success,Mailed check
6717,CUST-001028,2026-05-16,86.29,payment,success,Mailed check
6718,CUST-001028,2026-06-16,86.29,payment,success,Mailed check
6719,CUST-001028,2026-07-16,86.29,payment,success,Mailed check
6720,CUST-001028,2026-08-16,86.29,payment,success,Mailed check
6721,CUST-001029,2026-03-16,68.0,payment,success,Bank transfer
6722,CUST-001029,2026-04-16,68.0,payment,success,Bank transfer
6723,CUST-001029,2026-05-16,68.0,payment,success,Bank transfer
6724,CUST-001029,2026-06-16,68.0,payment,success,Bank transfer
6725,CUST-001029,2026-07-16,68.0,payment,success,Bank transfer
6726,CUST-001029,2026-08-16,68.0,payment,success,Bank transfer
6727,CUST-001030,2026-03-16,110.52,failed_payment,failed,Bank transfer
6728,CUST-001030,2026-03-19,110.52,payment,success,Bank transfer
6729,CUST-001030,2026-04-16,110.52,payment,success,Bank transfer
6730,CUST-001030,2026-05-16,110.52,payment,success,Bank transfer
6731,CUST-001030,2026-06-16,110.52,payment,success,Bank transfer
6732,CUST-001030,2026-07-16,110.52,payment,success,Bank transfer
6733,CUST-001030,2026-08-16,110.52,failed_payment,failed,Bank transfer
6734,CUST-001030,2026-08-19,110.52,payment,success,Bank transfer
6735,CUST-001031,2026-03-16,71.09,payment,success,Electronic check
6736,CUST-001031,2026-04-16,71.09,payment,success,Electronic check
6737,CUST-001031,2026-05-16,71.09,payment,success,Electronic check
6738,CUST-001031,2026-06-16,71.09,payment,success,Electronic check
6739,CUST-001031,2026-07-16,71.09,payment,success,Electronic check
6740,CUST-001031,2026-08-16,71.09,payment,success,Electronic check
6741,CUST-001032,2026-03-16,55.51,payment,success,Credit card
6742,CUST-001032,2026-04-16,55.51,payment,success,Credit card
6743,CUST-001032,2026-05-16,55.51,payment,success,Credit card
6744,CUST-001032,2026-06-16,55.51,payment,success,Credit card
6745,CUST-001032,2026-07-16,55.51,payment,success,Credit card
6746,CUST-001032,2026-08-16,55.51,payment,success,Credit card
6747,CUST-001033,2026-03-16,84.04,payment,success,Electronic check
6748,CUST-001033,2026-04-16,84.04,payment,success,Electronic check
6749,CUST-001033,2026-05-16,84.04,failed_payment,failed,Electronic check
6750,CUST-001033,2026-06-16,84.04,payment,success,Electronic check
6751,CUST-001033,2026-07-16,84.04,payment,success,Electronic check
6752,CUST-001033,2026-08-16,84.04,failed_payment,failed,Electronic check
6753,CUST-001033,2026-08-19,84.04,payment,success,Electronic check
6754,CUST-001034,2026-03-16,74.61,payment,success,Credit card
6755,CUST-001034,2026-04-16,74.61,payment,success,Credit card
6756,CUST-001034,2026-05-16,74.61,payment,success,Credit card
6757,CUST-001034,2026-06-16,74.61,payment,success,Credit card
6758,CUST-001034,2026-07-16,74.61,payment,success,Credit card
6759,CUST-001034,2026-08-16,74.61,payment,success,Credit card
6760,CUST-001035,2026-03-16,32.4,payment,success,Bank transfer
6761,CUST-001035,2026-04-16,32.4,payment,success,Bank transfer
6762,CUST-001035,2026-05-16,32.4,failed_payment,failed,Bank transfer
6763,CUST-001035,2026-06-16,32.4,failed_payment,failed,Bank transfer
6764,CUST-001035,2026-07-16,32.4,failed_payment,failed,Bank transfer
6765,CUST-001035,2026-07-19,32.4,payment,success,Bank transfer
6766,CUST-001035,2026-08-16,32.4,payment,success,Bank transfer
6767,CUST-001036,2026-03-16,59.27,payment,success,Mailed check
6768,CUST-001036,2026-04-16,59.27,payment,success,Mailed check
6769,CUST-001036,2026-05-16,59.27,payment,success,Mailed check
6770,CUST-001036,2026-06-16,59.27,payment,success,Mailed check
6771,CUST-001036,2026-07-16,59.27,payment,success,Mailed check
6772,CUST-001036,2026-08-16,59.27,payment,success,Mailed check
6773,CUST-001037,2026-03-16,51.33,payment,success,Electronic check
6774,CUST-001037,2026-04-16,51.33,payment,success,Electronic check
6775,CUST-001037,2026-05-16,51.33,payment,success,Electronic check
6776,CUST-001037,2026-06-16,51.33,payment,success,Electronic check
6777,CUST-001037,2026-07-16,51.33,payment,success,Electronic check
6778,CUST-001037,2026-08-16,51.33,payment,success,Electronic check
6779,CUST-001038,2026-03-16,104.68,payment,success,Credit card
6780,CUST-001038,2026-04-16,104.68,payment,success,Credit card
6781,CUST-001038,2026-05-16,104.68,payment,success,Credit card
6782,CUST-001038,2026-06-16,104.68,payment,success,Credit card
6783,CUST-001038,2026-07-16,104.68,failed_payment,failed,Credit card
6784,CUST-001038,2026-07-19,104.68,payment,success,Credit card
6785,CUST-001038,2026-08-16,104.68,payment,success,Credit card
6786,CUST-001039,2026-03-16,57.88,payment,success,Bank transfer
6787,CUST-001039,2026-04-16,57.88,payment,success,Bank transfer
6788,CUST-001039,2026-05-16,57.88,payment,success,Bank transfer
6789,CUST-001039,2026-06-16,57.88,payment,success,Bank transfer
6790,CUST-001039,2026-07-16,57.88,payment,success,Bank transfer
6791,CUST-001039,2026-08-16,57.88,payment,success,Bank transfer
6792,CUST-001040,2026-03-16,102.16,payment,success,Credit card
6793,CUST-001040,2026-04-16,102.16,payment,success,Credit card
6794,CUST-001040,2026-05-16,102.16,payment,success,Credit card
6795,CUST-001040,2026-06-16,102.16,failed_payment,failed,Credit card
6796,CUST-001040,2026-06-19,102.16,payment,success,Credit card
6797,CUST-001040,2026-07-16,102.16,payment,success,Credit card
6798,CUST-001040,2026-08-16,102.16,payment,success,Credit card
6799,CUST-001041,2026-03-16,64.24,failed_payment,failed,Credit card
6800,CUST-001041,2026-04-16,64.24,failed_payment,failed,Credit card
6801,CUST-001041,2026-04-19,64.24,payment,success,Credit card
6802,CUST-001041,2026-05-16,64.24,payment,success,Credit card
6803,CUST-001041,2026-06-16,64.24,payment,success,Credit card
6804,CUST-001041,2026-07-16,64.24,payment,success,Credit card
6805,CUST-001041,2026-08-16,64.24,payment,success,Credit card
6806,CUST-001042,2026-03-16,95.35,payment,success,Electronic check
6807,CUST-001042,2026-04-16,95.35,payment,success,Electronic check
6808,CUST-001042,2026-05-16,95.35,payment,success,Electronic check
6809,CUST-001042,2026-06-16,95.35,payment,success,Electronic check
6810,CUST-001042,2026-07-16,95.35,payment,success,Electronic check
6811,CUST-001042,2026-08-16,95.35,payment,success,Electronic check
6812,CUST-001043,2026-03-16,33.53,payment,success,Bank transfer
6813,CUST-001043,2026-04-16,33.53,payment,success,Bank transfer
6814,CUST-001043,2026-05-16,33.53,payment,success,Bank transfer
6815,CUST-001043,2026-06-16,33.53,payment,success,Bank transfer
6816,CUST-001043,2026-07-16,33.53,payment,success,Bank transfer
6817,CUST-001043,2026-08-16,33.53,payment,success,Bank transfer
6818,CUST-001044,2026-03-16,112.47,failed_payment,failed,Mailed check
6819,CUST-001044,2026-03-19,112.47,payment,success,Mailed check
6820,CUST-001044,2026-04-16,112.47,payment,success,Mailed check
6821,CUST-001044,2026-05-16,112.47,payment,success,Mailed check
6822,CUST-001044,2026-06-16,112.47,payment,success,Mailed check
6823,CUST-001044,2026-07-16,112.47,failed_payment,failed,Mailed check
6824,CUST-001044,2026-07-19,112.47,payment,success,Mailed check
6825,CUST-001044,2026-08-16,112.47,failed_payment,failed,Mailed check
6826,CUST-001044,2026-08-19,112.47,payment,success,Mailed check
6827,CUST-001045,2026-03-16,68.06,payment,success,Credit card
6828,CUST-001045,2026-04-16,68.06,payment,success,Credit card
6829,CUST-001045,2026-05-16,68.06,payment,success,Credit card
6830,CUST-001045,2026-06-16,68.06,payment,success,Credit card
6831,CUST-001045,2026-07-16,68.06,payment,success,Credit card
6832,CUST-001045,2026-08-16,68.06,payment,success,Credit card
6833,CUST-001046,2026-03-16,45.98,payment,success,Electronic check
6834,CUST-001046,2026-04-16,45.98,payment,success,Electronic check
6835,CUST-001046,2026-05-16,45.98,payment,success,Electronic check
6836,CUST-001046,2026-06-16,45.98,payment,success,Electronic check
6837,CUST-001046,2026-07-16,45.98,payment,success,Electronic check
6838,CUST-001046,2026-08-16,45.98,payment,success,Electronic check
6839,CUST-001047,2026-03-16,44.15,payment,success,Electronic check
6840,CUST-001047,2026-04-16,44.15,payment,success,Electronic check
6841,CUST-001047,2026-05-16,44.15,payment,success,Electronic check
6842,CUST-001047,2026-06-16,44.15,payment,success,Electronic check
6843,CUST-001047,2026-07-16,44.15,payment,success,Electronic check
6844,CUST-001047,2026-08-16,44.15,payment,success,Electronic check
6845,CUST-001048,2026-03-16,46.51,payment,success,Bank transfer
6846,CUST-001048,2026-04-16,46.51,payment,success,Bank transfer
6847,CUST-001048,2026-05-16,46.51,payment,success,Bank transfer
6848,CUST-001048,2026-06-16,46.51,payment,success,Bank transfer
6849,CUST-001048,2026-07-16,46.51,payment,success,Bank transfer
6850,CUST-001048,2026-08-16,46.51,payment,success,Bank transfer
6851,CUST-001049,2026-03-16,56.67,payment,success,Bank transfer
6852,CUST-001049,2026-04-16,56.67,payment,success,Bank transfer
6853,CUST-001049,2026-05-16,56.67,payment,success,Bank transfer
6854,CUST-001049,2026-06-16,56.67,payment,success,Bank transfer
6855,CUST-001049,2026-07-16,56.67,payment,success,Bank transfer
6856,CUST-001049,2026-08-16,56.67,payment,success,Bank transfer
6857,CUST-001050,2026-03-16,91.75,payment,success,Bank transfer
6858,CUST-001050,2026-04-16,91.75,payment,success,Bank transfer
6859,CUST-001050,2026-05-16,91.75,payment,success,Bank transfer
6860,CUST-001050,2026-06-16,91.75,payment,success,Bank transfer
6861,CUST-001050,2026-07-16,91.75,payment,success,Bank transfer
6862,CUST-001050,2026-08-16,91.75,payment,success,Bank transfer
6863,CUST-001051,2026-03-16,114.96,payment,success,Mailed check
6864,CUST-001051,2026-04-16,114.96,payment,success,Mailed check
6865,CUST-001051,2026-05-16,114.96,payment,success,Mailed check
6866,CUST-001051,2026-06-16,114.96,payment,success,Mailed check
6867,CUST-001051,2026-07-16,114.96,payment,success,Mailed check
6868,CUST-001051,2026-08-16,114.96,payment,success,Mailed check
6869,CUST-001052,2026-03-16,86.9,payment,success,Mailed check
6870,CUST-001052,2026-04-16,86.9,payment,success,Mailed check
6871,CUST-001052,2026-05-16,86.9,payment,success,Mailed check
6872,CUST-001052,2026-06-16,86.9,payment,success,Mailed check
6873,CUST-001052,2026-07-16,86.9,failed_payment,failed,Mailed check
6874,CUST-001052,2026-07-19,86.9,payment,success,Mailed check
6875,CUST-001052,2026-08-16,86.9,payment,success,Mailed check
6876,CUST-001053,2026-03-16,74.72,payment,success,Credit card
6877,CUST-001053,2026-04-16,74.72,payment,success,Credit card
6878,CUST-001053,2026-05-16,74.72,payment,success,Credit card
6879,CUST-001053,2026-06-16,74.72,failed_payment,failed,Credit card
6880,CUST-001053,2026-06-19,74.72,payment,success,Credit card
6881,CUST-001053,2026-07-16,74.72,payment,success,Credit card
6882,CUST-001053,2026-08-16,74.72,payment,success,Credit card
6883,CUST-001054,2026-03-16,64.86,payment,success,Credit card
6884,CUST-001054,2026-04-16,64.86,payment,success,Credit card
6885,CUST-001054,2026-05-16,64.86,payment,success,Credit card
6886,CUST-001054,2026-06-16,64.86,payment,success,Credit card
6887,CUST-001054,2026-07-16,64.86,payment,success,Credit card
6888,CUST-001054,2026-08-16,64.86,payment,success,Credit card
6889,CUST-001055,2026-03-16,102.82,payment,success,Credit card
6890,CUST-001055,2026-04-16,102.82,payment,success,Credit card
6891,CUST-001055,2026-05-16,102.82,payment,success,Credit card
6892,CUST-001055,2026-06-16,102.82,payment,success,Credit card
6893,CUST-001055,2026-07-16,102.82,payment,success,Credit card
6894,CUST-001055,2026-08-16,102.82,payment,success,Credit card
6895,CUST-001056,2026-03-16,104.97,payment,success,Mailed check
6896,CUST-001056,2026-04-16,104.97,payment,success,Mailed check
6897,CUST-001056,2026-05-16,104.97,payment,success,Mailed check
6898,CUST-001056,2026-06-16,104.97,payment,success,Mailed check
6899,CUST-001056,2026-07-16,104.97,payment,success,Mailed check
6900,CUST-001056,2026-08-16,104.97,payment,success,Mailed check
6901,CUST-001057,2026-03-16,49.3,payment,success,Credit card
6902,CUST-001057,2026-04-16,49.3,payment,success,Credit card
6903,CUST-001057,2026-05-16,49.3,payment,success,Credit card
6904,CUST-001057,2026-06-16,49.3,payment,success,Credit card
6905,CUST-001057,2026-07-16,49.3,failed_payment,failed,Credit card
6906,CUST-001057,2026-07-19,49.3,payment,success,Credit card
6907,CUST-001057,2026-08-16,49.3,payment,success,Credit card
6908,CUST-001058,2026-03-16,115.34,payment,success,Mailed check
6909,CUST-001058,2026-04-16,115.34,payment,success,Mailed check
6910,CUST-001058,2026-05-16,115.34,failed_payment,failed,Mailed check
6911,CUST-001058,2026-05-19,115.34,payment,success,Mailed check
6912,CUST-001058,2026-06-16,115.34,payment,success,Mailed check
6913,CUST-001058,2026-07-16,115.34,payment,success,Mailed check
6914,CUST-001058,2026-08-16,115.34,payment,success,Mailed check
6915,CUST-001059,2026-03-16,59.51,payment,success,Credit card
6916,CUST-001059,2026-04-16,59.51,payment,success,Credit card
6917,CUST-001059,2026-05-16,59.51,failed_payment,failed,Credit card
6918,CUST-001059,2026-05-19,59.51,payment,success,Credit card
6919,CUST-001059,2026-06-16,59.51,payment,success,Credit card
6920,CUST-001059,2026-07-16,59.51,payment,success,Credit card
6921,CUST-001059,2026-08-16,59.51,payment,success,Credit card
6922,CUST-001060,2026-03-16,100.01,payment,success,Credit card
6923,CUST-001060,2026-04-16,100.01,payment,success,Credit card
6924,CUST-001060,2026-05-16,100.01,payment,success,Credit card
6925,CUST-001060,2026-06-16,100.01,payment,success,Credit card
6926,CUST-001060,2026-07-16,100.01,payment,success,Credit card
6927,CUST-001060,2026-08-16,100.01,payment,success,Credit card
6928,CUST-001061,2026-03-16,116.68,payment,success,Electronic check
6929,CUST-001061,2026-04-16,116.68,payment,success,Electronic check
6930,CUST-001061,2026-05-16,116.68,payment,success,Electronic check
6931,CUST-001061,2026-06-16,116.68,payment,success,Electronic check
6932,CUST-001061,2026-07-16,116.68,payment,success,Electronic check
6933,CUST-001061,2026-08-16,116.68,payment,success,Electronic check
6934,CUST-001062,2026-03-16,90.37,payment,success,Credit card
6935,CUST-001062,2026-04-16,90.37,payment,success,Credit card
6936,CUST-001062,2026-05-16,90.37,payment,success,Credit card
6937,CUST-001062,2026-06-16,90.37,payment,success,Credit card
6938,CUST-001062,2026-07-16,90.37,payment,success,Credit card
6939,CUST-001062,2026-08-16,90.37,payment,success,Credit card
6940,CUST-001063,2026-03-16,36.16,payment,success,Bank transfer
6941,CUST-001063,2026-04-16,36.16,payment,success,Bank transfer
6942,CUST-001063,2026-05-16,36.16,payment,success,Bank transfer
6943,CUST-001063,2026-06-16,36.16,payment,success,Bank transfer
6944,CUST-001063,2026-07-16,36.16,payment,success,Bank transfer
6945,CUST-001063,2026-08-16,36.16,payment,success,Bank transfer
6946,CUST-001064,2026-03-16,78.61,payment,success,Credit card
6947,CUST-001064,2026-04-16,78.61,payment,success,Credit card
6948,CUST-001064,2026-05-16,78.61,payment,success,Credit card
6949,CUST-001064,2026-06-16,78.61,payment,success,Credit card
6950,CUST-001064,2026-07-16,78.61,payment,success,Credit card
6951,CUST-001064,2026-08-16,78.61,payment,success,Credit card
6952,CUST-001065,2026-03-16,31.88,payment,success,Bank transfer
6953,CUST-001065,2026-04-16,31.88,payment,success,Bank transfer
6954,CUST-001065,2026-05-16,31.88,payment,success,Bank transfer
6955,CUST-001065,2026-06-16,31.88,payment,success,Bank transfer
6956,CUST-001065,2026-07-16,31.88,payment,success,Bank transfer
6957,CUST-001065,2026-08-16,31.88,payment,success,Bank transfer
6958,CUST-001066,2026-03-16,98.91,payment,success,Electronic check
6959,CUST-001066,2026-04-16,98.91,payment,success,Electronic check
6960,CUST-001066,2026-05-16,98.91,payment,success,Electronic check
6961,CUST-001066,2026-06-16,98.91,payment,success,Electronic check
6962,CUST-001066,2026-07-16,98.91,payment,success,Electronic check
6963,CUST-001066,2026-08-16,98.91,payment,success,Electronic check
6964,CUST-001067,2026-03-16,48.13,payment,success,Credit card
6965,CUST-001067,2026-04-16,48.13,payment,success,Credit card
6966,CUST-001067,2026-05-16,48.13,payment,success,Credit card
6967,CUST-001067,2026-06-16,48.13,payment,success,Credit card
6968,CUST-001067,2026-07-16,48.13,payment,success,Credit card
6969,CUST-001067,2026-08-16,48.13,payment,success,Credit card
6970,CUST-001068,2026-03-16,89.52,payment,success,Electronic check
6971,CUST-001068,2026-04-16,89.52,payment,success,Electronic check
6972,CUST-001068,2026-05-16,89.52,payment,success,Electronic check
6973,CUST-001068,2026-06-16,89.52,payment,success,Electronic check
6974,CUST-001068,2026-07-16,89.52,payment,success,Electronic check
6975,CUST-001068,2026-08-16,89.52,payment,success,Electronic check
6976,CUST-001069,2026-03-16,111.01,payment,success,Credit card
6977,CUST-001069,2026-04-16,111.01,payment,success,Credit card
6978,CUST-001069,2026-05-16,111.01,payment,success,Credit card
6979,CUST-001069,2026-06-16,111.01,payment,success,Credit card
6980,CUST-001069,2026-07-16,111.01,failed_payment,failed,Credit card
6981,CUST-001069,2026-08-16,111.01,payment,success,Credit card
6982,CUST-001070,2026-03-16,38.1,payment,success,Electronic check
6983,CUST-001070,2026-04-16,38.1,payment,success,Electronic check
6984,CUST-001070,2026-05-16,38.1,payment,success,Electronic check
6985,CUST-001070,2026-06-16,38.1,payment,success,Electronic check
6986,CUST-001070,2026-07-16,38.1,payment,success,Electronic check
6987,CUST-001070,2026-08-16,38.1,payment,success,Electronic check
6988,CUST-001071,2026-03-16,59.29,payment,success,Credit card
6989,CUST-001071,2026-04-16,59.29,payment,success,Credit card
6990,CUST-001071,2026-05-16,59.29,payment,success,Credit card
6991,CUST-001071,2026-06-16,59.29,payment,success,Credit card
6992,CUST-001071,2026-07-16,59.29,payment,success,Credit card
6993,CUST-001071,2026-08-16,59.29,payment,success,Credit card
6994,CUST-001072,2026-03-16,84.71,payment,success,Mailed check
6995,CUST-001072,2026-04-16,84.71,payment,success,Mailed check
6996,CUST-001072,2026-05-16,84.71,payment,success,Mailed check
6997,CUST-001072,2026-06-16,84.71,payment,success,Mailed check
6998,CUST-001072,2026-07-16,84.71,payment,success,Mailed check
6999,CUST-001072,2026-08-16,84.71,payment,success,Mailed check
7000,CUST-001073,2026-03-16,61.97,payment,success,Electronic check
7001,CUST-001073,2026-04-16,61.97,payment,success,Electronic check
7002,CUST-001073,2026-05-16,61.97,payment,success,Electronic check
7003,CUST-001073,2026-06-16,61.97,failed_payment,failed,Electronic check
7004,CUST-001073,2026-07-16,61.97,failed_payment,failed,Electronic check
7005,CUST-001073,2026-08-16,61.97,payment,success,Electronic check
7006,CUST-001074,2026-03-16,37.48,payment,success,Electronic check
7007,CUST-001074,2026-04-16,37.48,payment,success,Electronic check
7008,CUST-001074,2026-05-16,37.48,payment,success,Electronic check
7009,CUST-001074,2026-06-16,37.48,payment,success,Electronic check
7010,CUST-001074,2026-07-16,37.48,payment,success,Electronic check
7011,CUST-001074,2026-08-16,37.48,payment,success,Electronic check
7012,CUST-001075,2026-03-16,22.91,payment,success,Mailed check
7013,CUST-001075,2026-04-16,22.91,payment,success,Mailed check
7014,CUST-001075,2026-05-16,22.91,payment,success,Mailed check
7015,CUST-001075,2026-06-16,22.91,payment,success,Mailed check
7016,CUST-001075,2026-07-16,22.91,payment,success,Mailed check
7017,CUST-001075,2026-08-16,22.91,payment,success,Mailed check
7018,CUST-001076,2026-03-16,60.66,payment,success,Credit card
7019,CUST-001076,2026-04-16,60.66,payment,success,Credit card
7020,CUST-001076,2026-05-16,60.66,payment,success,Credit card
7021,CUST-001076,2026-06-16,60.66,payment,success,Credit card
7022,CUST-001076,2026-07-16,60.66,payment,success,Credit card
7023,CUST-001076,2026-08-16,60.66,payment,success,Credit card
7024,CUST-001077,2026-03-16,84.92,payment,success,Credit card
7025,CUST-001077,2026-04-16,84.92,payment,success,Credit card
7026,CUST-001077,2026-05-16,84.92,payment,success,Credit card
7027,CUST-001077,2026-06-16,84.92,payment,success,Credit card
7028,CUST-001077,2026-07-16,84.92,payment,success,Credit card
7029,CUST-001077,2026-08-16,84.92,payment,success,Credit card
7030,CUST-001078,2026-03-16,77.4,failed_payment,failed,Bank transfer
7031,CUST-001078,2026-03-19,77.4,payment,success,Bank transfer
7032,CUST-001078,2026-04-16,77.4,payment,success,Bank transfer
7033,CUST-001078,2026-05-16,77.4,payment,success,Bank transfer
7034,CUST-001078,2026-06-16,77.4,payment,success,Bank transfer
7035,CUST-001078,2026-07-16,77.4,payment,success,Bank transfer
7036,CUST-001078,2026-08-16,77.4,failed_payment,failed,Bank transfer
7037,CUST-001078,2026-08-19,77.4,payment,success,Bank transfer
7038,CUST-001079,2026-03-16,35.62,payment,success,Bank transfer
7039,CUST-001079,2026-04-16,35.62,payment,success,Bank transfer
7040,CUST-001079,2026-05-16,35.62,payment,success,Bank transfer
7041,CUST-001079,2026-06-16,35.62,payment,success,Bank transfer
7042,CUST-001079,2026-07-16,35.62,payment,success,Bank transfer
7043,CUST-001079,2026-08-16,35.62,payment,success,Bank transfer
7044,CUST-001080,2026-03-16,65.07,payment,success,Mailed check
7045,CUST-001080,2026-04-16,65.07,payment,success,Mailed check
7046,CUST-001080,2026-05-16,65.07,payment,success,Mailed check
7047,CUST-001080,2026-06-16,65.07,payment,success,Mailed check
7048,CUST-001080,2026-07-16,65.07,payment,success,Mailed check
7049,CUST-001080,2026-08-16,65.07,payment,success,Mailed check
7050,CUST-001081,2026-03-16,56.95,payment,success,Credit card
7051,CUST-001081,2026-04-16,56.95,payment,success,Credit card
7052,CUST-001081,2026-05-16,56.95,payment,success,Credit card
7053,CUST-001081,2026-06-16,56.95,failed_payment,failed,Credit card
7054,CUST-001081,2026-06-19,56.95,payment,success,Credit card
7055,CUST-001081,2026-07-16,56.95,failed_payment,failed,Credit card
7056,CUST-001081,2026-07-19,56.95,payment,success,Credit card
7057,CUST-001081,2026-08-16,56.95,payment,success,Credit card
7058,CUST-001082,2026-03-16,47.42,payment,success,Mailed check
7059,CUST-001082,2026-04-16,47.42,payment,success,Mailed check
7060,CUST-001082,2026-05-16,47.42,payment,success,Mailed check
7061,CUST-001082,2026-06-16,47.42,payment,success,Mailed check
7062,CUST-001082,2026-07-16,47.42,failed_payment,failed,Mailed check
7063,CUST-001082,2026-07-19,47.42,payment,success,Mailed check
7064,CUST-001082,2026-08-16,47.42,payment,success,Mailed check
7065,CUST-001083,2026-03-16,92.93,payment,success,Credit card
7066,CUST-001083,2026-04-16,92.93,payment,success,Credit card
7067,CUST-001083,2026-05-16,92.93,payment,success,Credit card
7068,CUST-001083,2026-06-16,92.93,payment,success,Credit card
7069,CUST-001083,2026-07-16,92.93,payment,success,Credit card
7070,CUST-001083,2026-08-16,92.93,payment,success,Credit card
7071,CUST-001084,2026-03-16,50.97,payment,success,Mailed check
7072,CUST-001084,2026-04-16,50.97,payment,success,Mailed check
7073,CUST-001084,2026-05-16,50.97,payment,success,Mailed check
7074,CUST-001084,2026-06-16,50.97,payment,success,Mailed check
7075,CUST-001084,2026-07-16,50.97,payment,success,Mailed check
7076,CUST-001084,2026-08-16,50.97,payment,success,Mailed check
7077,CUST-001085,2026-03-16,74.01,payment,success,Mailed check
7078,CUST-001085,2026-04-16,74.01,payment,success,Mailed check
7079,CUST-001085,2026-05-16,74.01,payment,success,Mailed check
7080,CUST-001085,2026-06-16,74.01,payment,success,Mailed check
7081,CUST-001085,2026-07-16,74.01,payment,success,Mailed check
7082,CUST-001085,2026-08-16,74.01,payment,success,Mailed check
7083,CUST-001086,2026-03-16,112.32,payment,success,Mailed check
7084,CUST-001086,2026-04-16,112.32,payment,success,Mailed check
7085,CUST-001086,2026-05-16,112.32,payment,success,Mailed check
7086,CUST-001086,2026-06-16,112.32,payment,success,Mailed check
7087,CUST-001086,2026-07-16,112.32,payment,success,Mailed check
7088,CUST-001086,2026-08-16,112.32,payment,success,Mailed check
7089,CUST-001087,2026-03-16,73.93,payment,success,Bank transfer
7090,CUST-001087,2026-04-16,73.93,payment,success,Bank transfer
7091,CUST-001087,2026-05-16,73.93,payment,success,Bank transfer
7092,CUST-001087,2026-06-16,73.93,payment,success,Bank transfer
7093,CUST-001087,2026-07-16,73.93,payment,success,Bank transfer
7094,CUST-001087,2026-08-16,73.93,payment,success,Bank transfer
7095,CUST-001088,2026-03-16,81.7,payment,success,Bank transfer
7096,CUST-001088,2026-04-16,81.7,payment,success,Bank transfer
7097,CUST-001088,2026-05-16,81.7,payment,success,Bank transfer
7098,CUST-001088,2026-06-16,81.7,payment,success,Bank transfer
7099,CUST-001088,2026-07-16,81.7,payment,success,Bank transfer
7100,CUST-001088,2026-08-16,81.7,payment,success,Bank transfer
7101,CUST-001089,2026-03-16,27.32,payment,success,Credit card
7102,CUST-001089,2026-04-16,27.32,failed_payment,failed,Credit card
7103,CUST-001089,2026-04-19,27.32,payment,success,Credit card
7104,CUST-001089,2026-05-16,27.32,failed_payment,failed,Credit card
7105,CUST-001089,2026-05-19,27.32,payment,success,Credit card
7106,CUST-001089,2026-06-16,27.32,payment,success,Credit card
7107,CUST-001089,2026-07-16,27.32,payment,success,Credit card
7108,CUST-001089,2026-08-16,27.32,payment,success,Credit card
7109,CUST-001090,2026-03-16,37.81,payment,success,Electronic check
7110,CUST-001090,2026-04-16,37.81,payment,success,Electronic check
7111,CUST-001090,2026-05-16,37.81,payment,success,Electronic check
7112,CUST-001090,2026-06-16,37.81,payment,success,Electronic check
7113,CUST-001090,2026-07-16,37.81,payment,success,Electronic check
7114,CUST-001090,2026-08-16,37.81,payment,success,Electronic check
7115,CUST-001091,2026-03-16,30.1,failed_payment,failed,Electronic check
7116,CUST-001091,2026-03-19,30.1,payment,success,Electronic check
7117,CUST-001091,2026-04-16,30.1,failed_payment,failed,Electronic check
7118,CUST-001091,2026-04-19,30.1,payment,success,Electronic check
7119,CUST-001091,2026-05-16,30.1,failed_payment,failed,Electronic check
7120,CUST-001091,2026-05-19,30.1,payment,success,Electronic check
7121,CUST-001091,2026-06-16,30.1,failed_payment,failed,Electronic check
7122,CUST-001091,2026-06-19,30.1,payment,success,Electronic check
7123,CUST-001091,2026-07-16,30.1,payment,success,Electronic check
7124,CUST-001091,2026-08-16,30.1,failed_payment,failed,Electronic check
7125,CUST-001091,2026-08-19,30.1,payment,success,Electronic check
7126,CUST-001092,2026-03-16,96.48,payment,success,Credit card
7127,CUST-001092,2026-04-16,96.48,payment,success,Credit card
7128,CUST-001092,2026-05-16,96.48,payment,success,Credit card
7129,CUST-001092,2026-06-16,96.48,payment,success,Credit card
7130,CUST-001092,2026-07-16,96.48,payment,success,Credit card
7131,CUST-001092,2026-08-16,96.48,payment,success,Credit card
7132,CUST-001093,2026-03-16,103.59,payment,success,Credit card
7133,CUST-001093,2026-04-16,103.59,failed_payment,failed,Credit card
7134,CUST-001093,2026-04-19,103.59,payment,success,Credit card
7135,CUST-001093,2026-05-16,103.59,payment,success,Credit card
7136,CUST-001093,2026-06-16,103.59,payment,success,Credit card
7137,CUST-001093,2026-07-16,103.59,failed_payment,failed,Credit card
7138,CUST-001093,2026-07-19,103.59,payment,success,Credit card
7139,CUST-001093,2026-08-16,103.59,payment,success,Credit card
7140,CUST-001094,2026-03-16,38.65,payment,success,Electronic check
7141,CUST-001094,2026-04-16,38.65,payment,success,Electronic check
7142,CUST-001094,2026-05-16,38.65,payment,success,Electronic check
7143,CUST-001094,2026-06-16,38.65,payment,success,Electronic check
7144,CUST-001094,2026-07-16,38.65,payment,success,Electronic check
7145,CUST-001094,2026-08-16,38.65,payment,success,Electronic check
7146,CUST-001095,2026-03-16,41.93,payment,success,Credit card
7147,CUST-001095,2026-04-16,41.93,failed_payment,failed,Credit card
7148,CUST-001095,2026-04-19,41.93,payment,success,Credit card
7149,CUST-001095,2026-05-16,41.93,payment,success,Credit card
7150,CUST-001095,2026-06-16,41.93,payment,success,Credit card
7151,CUST-001095,2026-07-16,41.93,payment,success,Credit card
7152,CUST-001095,2026-08-16,41.93,payment,success,Credit card
7153,CUST-001096,2026-03-16,52.32,failed_payment,failed,Mailed check
7154,CUST-001096,2026-03-19,52.32,payment,success,Mailed check
7155,CUST-001096,2026-04-16,52.32,failed_payment,failed,Mailed check
7156,CUST-001096,2026-04-19,52.32,payment,success,Mailed check
7157,CUST-001096,2026-05-16,52.32,failed_payment,failed,Mailed check
7158,CUST-001096,2026-06-16,52.32,failed_payment,failed,Mailed check
7159,CUST-001096,2026-06-19,52.32,payment,success,Mailed check
7160,CUST-001096,2026-07-16,52.32,payment,success,Mailed check
7161,CUST-001096,2026-08-16,52.32,payment,success,Mailed check
7162,CUST-001097,2026-03-16,79.11,payment,success,Credit card
7163,CUST-001097,2026-04-16,79.11,payment,success,Credit card
7164,CUST-001097,2026-05-16,79.11,payment,success,Credit card
7165,CUST-001097,2026-06-16,79.11,payment,success,Credit card
7166,CUST-001097,2026-07-16,79.11,payment,success,Credit card
7167,CUST-001097,2026-08-16,79.11,payment,success,Credit card
7168,CUST-001098,2026-03-16,82.18,payment,success,Credit card
7169,CUST-001098,2026-04-16,82.18,failed_payment,failed,Credit card
7170,CUST-001098,2026-05-16,82.18,payment,success,Credit card
7171,CUST-001098,2026-06-16,82.18,payment,success,Credit card
7172,CUST-001098,2026-07-16,82.18,payment,success,Credit card
7173,CUST-001098,2026-08-16,82.18,payment,success,Credit card
7174,CUST-001099,2026-03-16,88.68,payment,success,Bank transfer
7175,CUST-001099,2026-04-16,88.68,payment,success,Bank transfer
7176,CUST-001099,2026-05-16,88.68,payment,success,Bank transfer
7177,CUST-001099,2026-06-16,88.68,payment,success,Bank transfer
7178,CUST-001099,2026-07-16,88.68,payment,success,Bank transfer
7179,CUST-001099,2026-08-16,88.68,payment,success,Bank transfer
7180,CUST-001100,2026-03-16,110.52,payment,success,Electronic check
7181,CUST-001100,2026-04-16,110.52,payment,success,Electronic check
7182,CUST-001100,2026-05-16,110.52,payment,success,Electronic check
7183,CUST-001100,2026-06-16,110.52,payment,success,Electronic check
7184,CUST-001100,2026-07-16,110.52,payment,success,Electronic check
7185,CUST-001100,2026-08-16,110.52,failed_payment,failed,Electronic check
7186,CUST-001100,2026-08-19,110.52,payment,success,Electronic check
7187,CUST-001101,2026-03-16,49.5,payment,success,Credit card
7188,CUST-001101,2026-04-16,49.5,payment,success,Credit card
7189,CUST-001101,2026-05-16,49.5,payment,success,Credit card
7190,CUST-001101,2026-06-16,49.5,payment,success,Credit card
7191,CUST-001101,2026-07-16,49.5,payment,success,Credit card
7192,CUST-001101,2026-08-16,49.5,payment,success,Credit card
7193,CUST-001102,2026-03-16,85.88,payment,success,Electronic check
7194,CUST-001102,2026-04-16,85.88,payment,success,Electronic check
7195,CUST-001102,2026-05-16,85.88,payment,success,Electronic check
7196,CUST-001102,2026-06-16,85.88,payment,success,Electronic check
7197,CUST-001102,2026-07-16,85.88,payment,success,Electronic check
7198,CUST-001102,2026-08-16,85.88,payment,success,Electronic check
7199,CUST-001103,2026-03-16,75.97,payment,success,Mailed check
7200,CUST-001103,2026-04-16,75.97,payment,success,Mailed check
7201,CUST-001103,2026-05-16,75.97,payment,success,Mailed check
7202,CUST-001103,2026-06-16,75.97,payment,success,Mailed check
7203,CUST-001103,2026-07-16,75.97,payment,success,Mailed check
7204,CUST-001103,2026-08-16,75.97,payment,success,Mailed check
7205,CUST-001104,2026-03-16,50.58,payment,success,Bank transfer
7206,CUST-001104,2026-04-16,50.58,payment,success,Bank transfer
7207,CUST-001104,2026-05-16,50.58,payment,success,Bank transfer
7208,CUST-001104,2026-06-16,50.58,payment,success,Bank transfer
7209,CUST-001104,2026-07-16,50.58,payment,success,Bank transfer
7210,CUST-001104,2026-08-16,50.58,failed_payment,failed,Bank transfer
7211,CUST-001104,2026-08-19,50.58,payment,success,Bank transfer
7212,CUST-001105,2026-03-16,110.74,payment,success,Electronic check
7213,CUST-001105,2026-04-16,110.74,payment,success,Electronic check
7214,CUST-001105,2026-05-16,110.74,failed_payment,failed,Electronic check
7215,CUST-001105,2026-05-19,110.74,payment,success,Electronic check
7216,CUST-001105,2026-06-16,110.74,failed_payment,failed,Electronic check
7217,CUST-001105,2026-06-19,110.74,payment,success,Electronic check
7218,CUST-001105,2026-07-16,110.74,failed_payment,failed,Electronic check
7219,CUST-001105,2026-08-16,110.74,payment,success,Electronic check
7220,CUST-001106,2026-03-16,29.55,payment,success,Mailed check
7221,CUST-001106,2026-04-16,29.55,failed_payment,failed,Mailed check
7222,CUST-001106,2026-05-16,29.55,payment,success,Mailed check
7223,CUST-001106,2026-06-16,29.55,payment,success,Mailed check
7224,CUST-001106,2026-07-16,29.55,payment,success,Mailed check
7225,CUST-001106,2026-08-16,29.55,payment,success,Mailed check
7226,CUST-001107,2026-03-16,91.2,failed_payment,failed,Credit card
7227,CUST-001107,2026-03-19,91.2,payment,success,Credit card
7228,CUST-001107,2026-04-16,91.2,payment,success,Credit card
7229,CUST-001107,2026-05-16,91.2,failed_payment,failed,Credit card
7230,CUST-001107,2026-05-19,91.2,payment,success,Credit card
7231,CUST-001107,2026-06-16,91.2,payment,success,Credit card
7232,CUST-001107,2026-07-16,91.2,payment,success,Credit card
7233,CUST-001107,2026-08-16,91.2,payment,success,Credit card
7234,CUST-001108,2026-03-16,92.79,payment,success,Electronic check
7235,CUST-001108,2026-04-16,92.79,payment,success,Electronic check
7236,CUST-001108,2026-05-16,92.79,payment,success,Electronic check
7237,CUST-001108,2026-06-16,92.79,payment,success,Electronic check
7238,CUST-001108,2026-07-16,92.79,payment,success,Electronic check
7239,CUST-001108,2026-08-16,92.79,payment,success,Electronic check
7240,CUST-001109,2026-03-16,111.53,payment,success,Mailed check
7241,CUST-001109,2026-04-16,111.53,payment,success,Mailed check
7242,CUST-001109,2026-05-16,111.53,payment,success,Mailed check
7243,CUST-001109,2026-06-16,111.53,payment,success,Mailed check
7244,CUST-001109,2026-07-16,111.53,payment,success,Mailed check
7245,CUST-001109,2026-08-16,111.53,payment,success,Mailed check
7246,CUST-001110,2026-03-16,71.86,payment,success,Electronic check
7247,CUST-001110,2026-04-16,71.86,failed_payment,failed,Electronic check
7248,CUST-001110,2026-04-19,71.86,payment,success,Electronic check
7249,CUST-001110,2026-05-16,71.86,failed_payment,failed,Electronic check
7250,CUST-001110,2026-06-16,71.86,failed_payment,failed,Electronic check
7251,CUST-001110,2026-07-16,71.86,payment,success,Electronic check
7252,CUST-001110,2026-08-16,71.86,payment,success,Electronic check
7253,CUST-001111,2026-03-16,52.16,payment,success,Bank transfer
7254,CUST-001111,2026-04-16,52.16,payment,success,Bank transfer
7255,CUST-001111,2026-05-16,52.16,failed_payment,failed,Bank transfer
7256,CUST-001111,2026-05-19,52.16,payment,success,Bank transfer
7257,CUST-001111,2026-06-16,52.16,payment,success,Bank transfer
7258,CUST-001111,2026-07-16,52.16,payment,success,Bank transfer
7259,CUST-001111,2026-08-16,52.16,payment,success,Bank transfer
7260,CUST-001112,2026-03-16,102.77,payment,success,Electronic check
7261,CUST-001112,2026-04-16,102.77,payment,success,Electronic check
7262,CUST-001112,2026-05-16,102.77,payment,success,Electronic check
7263,CUST-001112,2026-06-16,102.77,payment,success,Electronic check
7264,CUST-001112,2026-07-16,102.77,payment,success,Electronic check
7265,CUST-001112,2026-08-16,102.77,payment,success,Electronic check
7266,CUST-001113,2026-03-16,97.08,payment,success,Mailed check
7267,CUST-001113,2026-04-16,97.08,payment,success,Mailed check
7268,CUST-001113,2026-05-16,97.08,payment,success,Mailed check
7269,CUST-001113,2026-06-16,97.08,payment,success,Mailed check
7270,CUST-001113,2026-07-16,97.08,payment,success,Mailed check
7271,CUST-001113,2026-08-16,97.08,payment,success,Mailed check
7272,CUST-001114,2026-03-16,70.03,payment,success,Bank transfer
7273,CUST-001114,2026-04-16,70.03,payment,success,Bank transfer
7274,CUST-001114,2026-05-16,70.03,payment,success,Bank transfer
7275,CUST-001114,2026-06-16,70.03,payment,success,Bank transfer
7276,CUST-001114,2026-07-16,70.03,payment,success,Bank transfer
7277,CUST-001114,2026-08-16,70.03,payment,success,Bank transfer
7278,CUST-001115,2026-03-16,96.79,payment,success,Electronic check
7279,CUST-001115,2026-04-16,96.79,payment,success,Electronic check
7280,CUST-001115,2026-05-16,96.79,failed_payment,failed,Electronic check
7281,CUST-001115,2026-05-19,96.79,payment,success,Electronic check
7282,CUST-001115,2026-06-16,96.79,payment,success,Electronic check
7283,CUST-001115,2026-07-16,96.79,payment,success,Electronic check
7284,CUST-001115,2026-08-16,96.79,payment,success,Electronic check
7285,CUST-001116,2026-03-16,46.79,payment,success,Electronic check
7286,CUST-001116,2026-04-16,46.79,payment,success,Electronic check
7287,CUST-001116,2026-05-16,46.79,payment,success,Electronic check
7288,CUST-001116,2026-06-16,46.79,payment,success,Electronic check
7289,CUST-001116,2026-07-16,46.79,payment,success,Electronic check
7290,CUST-001116,2026-08-16,46.79,payment,success,Electronic check
7291,CUST-001117,2026-03-16,78.95,payment,success,Credit card
7292,CUST-001117,2026-04-16,78.95,payment,success,Credit card
7293,CUST-001117,2026-05-16,78.95,failed_payment,failed,Credit card
7294,CUST-001117,2026-05-19,78.95,payment,success,Credit card
7295,CUST-001117,2026-06-16,78.95,payment,success,Credit card
7296,CUST-001117,2026-07-16,78.95,payment,success,Credit card
7297,CUST-001117,2026-08-16,78.95,payment,success,Credit card
7298,CUST-001118,2026-03-16,106.52,payment,success,Credit card
7299,CUST-001118,2026-04-16,106.52,payment,success,Credit card
7300,CUST-001118,2026-05-16,106.52,payment,success,Credit card
7301,CUST-001118,2026-06-16,106.52,payment,success,Credit card
7302,CUST-001118,2026-07-16,106.52,payment,success,Credit card
7303,CUST-001118,2026-08-16,106.52,payment,success,Credit card
7304,CUST-001119,2026-03-16,51.8,failed_payment,failed,Electronic check
7305,CUST-001119,2026-03-19,51.8,payment,success,Electronic check
7306,CUST-001119,2026-04-16,51.8,payment,success,Electronic check
7307,CUST-001119,2026-05-16,51.8,payment,success,Electronic check
7308,CUST-001119,2026-06-16,51.8,failed_payment,failed,Electronic check
7309,CUST-001119,2026-07-16,51.8,payment,success,Electronic check
7310,CUST-001119,2026-08-16,51.8,payment,success,Electronic check
7311,CUST-001120,2026-03-16,68.35,payment,success,Credit card
7312,CUST-001120,2026-04-16,68.35,payment,success,Credit card
7313,CUST-001120,2026-05-16,68.35,payment,success,Credit card
7314,CUST-001120,2026-06-16,68.35,payment,success,Credit card
7315,CUST-001120,2026-07-16,68.35,payment,success,Credit card
7316,CUST-001120,2026-08-16,68.35,payment,success,Credit card
7317,CUST-001121,2026-03-16,115.1,payment,success,Mailed check
7318,CUST-001121,2026-04-16,115.1,payment,success,Mailed check
7319,CUST-001121,2026-05-16,115.1,payment,success,Mailed check
7320,CUST-001121,2026-06-16,115.1,payment,success,Mailed check
7321,CUST-001121,2026-07-16,115.1,payment,success,Mailed check
7322,CUST-001121,2026-08-16,115.1,payment,success,Mailed check
7323,CUST-001122,2026-03-16,99.82,payment,success,Electronic check
7324,CUST-001122,2026-04-16,99.82,payment,success,Electronic check
7325,CUST-001122,2026-05-16,99.82,payment,success,Electronic check
7326,CUST-001122,2026-06-16,99.82,failed_payment,failed,Electronic check
7327,CUST-001122,2026-06-19,99.82,payment,success,Electronic check
7328,CUST-001122,2026-07-16,99.82,failed_payment,failed,Electronic check
7329,CUST-001122,2026-08-16,99.82,payment,success,Electronic check
7330,CUST-001123,2026-03-16,108.7,payment,success,Credit card
7331,CUST-001123,2026-04-16,108.7,payment,success,Credit card
7332,CUST-001123,2026-05-16,108.7,payment,success,Credit card
7333,CUST-001123,2026-06-16,108.7,payment,success,Credit card
7334,CUST-001123,2026-07-16,108.7,payment,success,Credit card
7335,CUST-001123,2026-08-16,108.7,payment,success,Credit card
7336,CUST-001124,2026-03-16,58.52,payment,success,Mailed check
7337,CUST-001124,2026-04-16,58.52,payment,success,Mailed check
7338,CUST-001124,2026-05-16,58.52,failed_payment,failed,Mailed check
7339,CUST-001124,2026-06-16,58.52,failed_payment,failed,Mailed check
7340,CUST-001124,2026-07-16,58.52,failed_payment,failed,Mailed check
7341,CUST-001124,2026-08-16,58.52,payment,success,Mailed check
7342,CUST-001125,2026-03-16,119.65,payment,success,Mailed check
7343,CUST-001125,2026-04-16,119.65,payment,success,Mailed check
7344,CUST-001125,2026-05-16,119.65,payment,success,Mailed check
7345,CUST-001125,2026-06-16,119.65,failed_payment,failed,Mailed check
7346,CUST-001125,2026-07-16,119.65,payment,success,Mailed check
7347,CUST-001125,2026-08-16,119.65,payment,success,Mailed check
7348,CUST-001126,2026-03-16,35.26,failed_payment,failed,Electronic check
7349,CUST-001126,2026-03-19,35.26,payment,success,Electronic check
7350,CUST-001126,2026-04-16,35.26,payment,success,Electronic check
7351,CUST-001126,2026-05-16,35.26,payment,success,Electronic check
7352,CUST-001126,2026-06-16,35.26,payment,success,Electronic check
7353,CUST-001126,2026-07-16,35.26,payment,success,Electronic check
7354,CUST-001126,2026-08-16,35.26,payment,success,Electronic check
7355,CUST-001127,2026-03-16,71.88,payment,success,Credit card
7356,CUST-001127,2026-04-16,71.88,failed_payment,failed,Credit card
7357,CUST-001127,2026-04-19,71.88,payment,success,Credit card
7358,CUST-001127,2026-05-16,71.88,payment,success,Credit card
7359,CUST-001127,2026-06-16,71.88,payment,success,Credit card
7360,CUST-001127,2026-07-16,71.88,failed_payment,failed,Credit card
7361,CUST-001127,2026-07-19,71.88,payment,success,Credit card
7362,CUST-001127,2026-08-16,71.88,failed_payment,failed,Credit card
7363,CUST-001128,2026-03-16,67.93,payment,success,Mailed check
7364,CUST-001128,2026-04-16,67.93,payment,success,Mailed check
7365,CUST-001128,2026-05-16,67.93,payment,success,Mailed check
7366,CUST-001128,2026-06-16,67.93,payment,success,Mailed check
7367,CUST-001128,2026-07-16,67.93,payment,success,Mailed check
7368,CUST-001128,2026-08-16,67.93,payment,success,Mailed check
7369,CUST-001129,2026-03-16,99.84,payment,success,Bank transfer
7370,CUST-001129,2026-04-16,99.84,payment,success,Bank transfer
7371,CUST-001129,2026-05-16,99.84,payment,success,Bank transfer
7372,CUST-001129,2026-06-16,99.84,failed_payment,failed,Bank transfer
7373,CUST-001129,2026-06-19,99.84,payment,success,Bank transfer
7374,CUST-001129,2026-07-16,99.84,payment,success,Bank transfer
7375,CUST-001129,2026-08-16,99.84,payment,success,Bank transfer
7376,CUST-001130,2026-03-16,110.86,payment,success,Electronic check
7377,CUST-001130,2026-04-16,110.86,payment,success,Electronic check
7378,CUST-001130,2026-05-16,110.86,payment,success,Electronic check
7379,CUST-001130,2026-06-16,110.86,payment,success,Electronic check
7380,CUST-001130,2026-07-16,110.86,payment,success,Electronic check
7381,CUST-001130,2026-08-16,110.86,payment,success,Electronic check
7382,CUST-001131,2026-03-16,93.11,payment,success,Credit card
7383,CUST-001131,2026-04-16,93.11,payment,success,Credit card
7384,CUST-001131,2026-05-16,93.11,payment,success,Credit card
7385,CUST-001131,2026-06-16,93.11,payment,success,Credit card
7386,CUST-001131,2026-07-16,93.11,payment,success,Credit card
7387,CUST-001131,2026-08-16,93.11,payment,success,Credit card
7388,CUST-001132,2026-03-16,82.68,payment,success,Credit card
7389,CUST-001132,2026-04-16,82.68,payment,success,Credit card
7390,CUST-001132,2026-05-16,82.68,payment,success,Credit card
7391,CUST-001132,2026-06-16,82.68,payment,success,Credit card
7392,CUST-001132,2026-07-16,82.68,payment,success,Credit card
7393,CUST-001132,2026-08-16,82.68,payment,success,Credit card
7394,CUST-001133,2026-03-16,62.74,payment,success,Bank transfer
7395,CUST-001133,2026-04-16,62.74,payment,success,Bank transfer
7396,CUST-001133,2026-05-16,62.74,payment,success,Bank transfer
7397,CUST-001133,2026-06-16,62.74,failed_payment,failed,Bank transfer
7398,CUST-001133,2026-06-19,62.74,payment,success,Bank transfer
7399,CUST-001133,2026-07-16,62.74,payment,success,Bank transfer
7400,CUST-001133,2026-08-16,62.74,failed_payment,failed,Bank transfer
7401,CUST-001134,2026-03-16,71.03,payment,success,Mailed check
7402,CUST-001134,2026-04-16,71.03,payment,success,Mailed check
7403,CUST-001134,2026-05-16,71.03,payment,success,Mailed check
7404,CUST-001134,2026-06-16,71.03,payment,success,Mailed check
7405,CUST-001134,2026-07-16,71.03,payment,success,Mailed check
7406,CUST-001134,2026-08-16,71.03,failed_payment,failed,Mailed check
7407,CUST-001134,2026-08-19,71.03,payment,success,Mailed check
7408,CUST-001135,2026-03-16,70.93,payment,success,Bank transfer
7409,CUST-001135,2026-04-16,70.93,payment,success,Bank transfer
7410,CUST-001135,2026-05-16,70.93,payment,success,Bank transfer
7411,CUST-001135,2026-06-16,70.93,payment,success,Bank transfer
7412,CUST-001135,2026-07-16,70.93,payment,success,Bank transfer
7413,CUST-001135,2026-08-16,70.93,payment,success,Bank transfer
7414,CUST-001136,2026-03-16,22.04,payment,success,Mailed check
7415,CUST-001136,2026-04-16,22.04,payment,success,Mailed check
7416,CUST-001136,2026-05-16,22.04,payment,success,Mailed check
7417,CUST-001136,2026-06-16,22.04,payment,success,Mailed check
7418,CUST-001136,2026-07-16,22.04,payment,success,Mailed check
7419,CUST-001136,2026-08-16,22.04,failed_payment,failed,Mailed check
7420,CUST-001136,2026-08-19,22.04,payment,success,Mailed check
7421,CUST-001137,2026-03-16,70.3,payment,success,Credit card
7422,CUST-001137,2026-04-16,70.3,payment,success,Credit card
7423,CUST-001137,2026-05-16,70.3,failed_payment,failed,Credit card
7424,CUST-001137,2026-05-19,70.3,payment,success,Credit card
7425,CUST-001137,2026-06-16,70.3,payment,success,Credit card
7426,CUST-001137,2026-07-16,70.3,payment,success,Credit card
7427,CUST-001137,2026-08-16,70.3,payment,success,Credit card
7428,CUST-001138,2026-03-16,105.6,failed_payment,failed,Bank transfer
7429,CUST-001138,2026-04-16,105.6,payment,success,Bank transfer
7430,CUST-001138,2026-05-16,105.6,payment,success,Bank transfer
7431,CUST-001138,2026-06-16,105.6,payment,success,Bank transfer
7432,CUST-001138,2026-07-16,105.6,payment,success,Bank transfer
7433,CUST-001138,2026-08-16,105.6,failed_payment,failed,Bank transfer
7434,CUST-001138,2026-08-19,105.6,payment,success,Bank transfer
7435,CUST-001139,2026-03-16,90.93,payment,success,Electronic check
7436,CUST-001139,2026-04-16,90.93,payment,success,Electronic check
7437,CUST-001139,2026-05-16,90.93,payment,success,Electronic check
7438,CUST-001139,2026-06-16,90.93,payment,success,Electronic check
7439,CUST-001139,2026-07-16,90.93,payment,success,Electronic check
7440,CUST-001139,2026-08-16,90.93,payment,success,Electronic check
7441,CUST-001140,2026-03-16,99.57,payment,success,Credit card
7442,CUST-001140,2026-04-16,99.57,payment,success,Credit card
7443,CUST-001140,2026-05-16,99.57,payment,success,Credit card
7444,CUST-001140,2026-06-16,99.57,payment,success,Credit card
7445,CUST-001140,2026-07-16,99.57,payment,success,Credit card
7446,CUST-001140,2026-08-16,99.57,payment,success,Credit card
7447,CUST-001141,2026-03-16,59.05,payment,success,Electronic check
7448,CUST-001141,2026-04-16,59.05,payment,success,Electronic check
7449,CUST-001141,2026-05-16,59.05,payment,success,Electronic check
7450,CUST-001141,2026-06-16,59.05,payment,success,Electronic check
7451,CUST-001141,2026-07-16,59.05,payment,success,Electronic check
7452,CUST-001141,2026-08-16,59.05,payment,success,Electronic check
7453,CUST-001142,2026-03-16,72.9,payment,success,Mailed check
7454,CUST-001142,2026-04-16,72.9,payment,success,Mailed check
7455,CUST-001142,2026-05-16,72.9,payment,success,Mailed check
7456,CUST-001142,2026-06-16,72.9,payment,success,Mailed check
7457,CUST-001142,2026-07-16,72.9,payment,success,Mailed check
7458,CUST-001142,2026-08-16,72.9,payment,success,Mailed check
7459,CUST-001143,2026-03-16,23.35,payment,success,Mailed check
7460,CUST-001143,2026-04-16,23.35,failed_payment,failed,Mailed check
7461,CUST-001143,2026-04-19,23.35,payment,success,Mailed check
7462,CUST-001143,2026-05-16,23.35,payment,success,Mailed check
7463,CUST-001143,2026-06-16,23.35,payment,success,Mailed check
7464,CUST-001143,2026-07-16,23.35,payment,success,Mailed check
7465,CUST-001143,2026-08-16,23.35,payment,success,Mailed check
7466,CUST-001144,2026-03-16,58.3,payment,success,Electronic check
7467,CUST-001144,2026-04-16,58.3,payment,success,Electronic check
7468,CUST-001144,2026-05-16,58.3,failed_payment,failed,Electronic check
7469,CUST-001144,2026-05-19,58.3,payment,success,Electronic check
7470,CUST-001144,2026-06-16,58.3,payment,success,Electronic check
7471,CUST-001144,2026-07-16,58.3,payment,success,Electronic check
7472,CUST-001144,2026-08-16,58.3,payment,success,Electronic check
7473,CUST-001145,2026-03-16,67.44,payment,success,Credit card
7474,CUST-001145,2026-04-16,67.44,payment,success,Credit card
7475,CUST-001145,2026-05-16,67.44,payment,success,Credit card
7476,CUST-001145,2026-06-16,67.44,payment,success,Credit card
7477,CUST-001145,2026-07-16,67.44,failed_payment,failed,Credit card
7478,CUST-001145,2026-07-19,67.44,payment,success,Credit card
7479,CUST-001145,2026-08-16,67.44,payment,success,Credit card
7480,CUST-001146,2026-03-16,45.52,payment,success,Credit card
7481,CUST-001146,2026-04-16,45.52,payment,success,Credit card
7482,CUST-001146,2026-05-16,45.52,payment,success,Credit card
7483,CUST-001146,2026-06-16,45.52,payment,success,Credit card
7484,CUST-001146,2026-07-16,45.52,payment,success,Credit card
7485,CUST-001146,2026-08-16,45.52,payment,success,Credit card
7486,CUST-001147,2026-03-16,23.12,payment,success,Electronic check
7487,CUST-001147,2026-04-16,23.12,payment,success,Electronic check
7488,CUST-001147,2026-05-16,23.12,payment,success,Electronic check
7489,CUST-001147,2026-06-16,23.12,payment,success,Electronic check
7490,CUST-001147,2026-07-16,23.12,payment,success,Electronic check
7491,CUST-001147,2026-08-16,23.12,payment,success,Electronic check
7492,CUST-001148,2026-03-16,89.04,payment,success,Mailed check
7493,CUST-001148,2026-04-16,89.04,payment,success,Mailed check
7494,CUST-001148,2026-05-16,89.04,payment,success,Mailed check
7495,CUST-001148,2026-06-16,89.04,payment,success,Mailed check
7496,CUST-001148,2026-07-16,89.04,payment,success,Mailed check
7497,CUST-001148,2026-08-16,89.04,failed_payment,failed,Mailed check
7498,CUST-001148,2026-08-19,89.04,payment,success,Mailed check
7499,CUST-001149,2026-03-16,63.51,payment,success,Mailed check
7500,CUST-001149,2026-04-16,63.51,payment,success,Mailed check
7501,CUST-001149,2026-05-16,63.51,payment,success,Mailed check
7502,CUST-001149,2026-06-16,63.51,payment,success,Mailed check
7503,CUST-001149,2026-07-16,63.51,payment,success,Mailed check
7504,CUST-001149,2026-08-16,63.51,payment,success,Mailed check
7505,CUST-001150,2026-03-16,61.57,payment,success,Bank transfer
7506,CUST-001150,2026-04-16,61.57,payment,success,Bank transfer
7507,CUST-001150,2026-05-16,61.57,payment,success,Bank transfer
7508,CUST-001150,2026-06-16,61.57,payment,success,Bank transfer
7509,CUST-001150,2026-07-16,61.57,payment,success,Bank transfer
7510,CUST-001150,2026-08-16,61.57,payment,success,Bank transfer
7511,CUST-001151,2026-03-16,45.0,payment,success,Bank transfer
7512,CUST-001151,2026-04-16,45.0,payment,success,Bank transfer
7513,CUST-001151,2026-05-16,45.0,payment,success,Bank transfer
7514,CUST-001151,2026-06-16,45.0,payment,success,Bank transfer
7515,CUST-001151,2026-07-16,45.0,payment,success,Bank transfer
7516,CUST-001151,2026-08-16,45.0,payment,success,Bank transfer
7517,CUST-001152,2026-03-16,73.78,payment,success,Bank transfer
7518,CUST-001152,2026-04-16,73.78,payment,success,Bank transfer
7519,CUST-001152,2026-05-16,73.78,payment,success,Bank transfer
7520,CUST-001152,2026-06-16,73.78,payment,success,Bank transfer
7521,CUST-001152,2026-07-16,73.78,payment,success,Bank transfer
7522,CUST-001152,2026-08-16,73.78,payment,success,Bank transfer
7523,CUST-001153,2026-03-16,63.8,failed_payment,failed,Electronic check
7524,CUST-001153,2026-03-19,63.8,payment,success,Electronic check
7525,CUST-001153,2026-04-16,63.8,payment,success,Electronic check
7526,CUST-001153,2026-05-16,63.8,payment,success,Electronic check
7527,CUST-001153,2026-06-16,63.8,payment,success,Electronic check
7528,CUST-001153,2026-07-16,63.8,payment,success,Electronic check
7529,CUST-001153,2026-08-16,63.8,payment,success,Electronic check
7530,CUST-001154,2026-03-16,67.4,payment,success,Bank transfer
7531,CUST-001154,2026-04-16,67.4,payment,success,Bank transfer
7532,CUST-001154,2026-05-16,67.4,failed_payment,failed,Bank transfer
7533,CUST-001154,2026-05-19,67.4,payment,success,Bank transfer
7534,CUST-001154,2026-06-16,67.4,failed_payment,failed,Bank transfer
7535,CUST-001154,2026-07-16,67.4,payment,success,Bank transfer
7536,CUST-001154,2026-08-16,67.4,payment,success,Bank transfer
7537,CUST-001155,2026-03-16,78.09,failed_payment,failed,Electronic check
7538,CUST-001155,2026-03-19,78.09,payment,success,Electronic check
7539,CUST-001155,2026-04-16,78.09,payment,success,Electronic check
7540,CUST-001155,2026-05-16,78.09,payment,success,Electronic check
7541,CUST-001155,2026-06-16,78.09,payment,success,Electronic check
7542,CUST-001155,2026-07-16,78.09,payment,success,Electronic check
7543,CUST-001155,2026-08-16,78.09,payment,success,Electronic check
7544,CUST-001156,2026-03-16,20.63,failed_payment,failed,Electronic check
7545,CUST-001156,2026-03-19,20.63,payment,success,Electronic check
7546,CUST-001156,2026-04-16,20.63,payment,success,Electronic check
7547,CUST-001156,2026-05-16,20.63,payment,success,Electronic check
7548,CUST-001156,2026-06-16,20.63,payment,success,Electronic check
7549,CUST-001156,2026-07-16,20.63,payment,success,Electronic check
7550,CUST-001156,2026-08-16,20.63,payment,success,Electronic check
7551,CUST-001157,2026-03-16,110.77,payment,success,Credit card
7552,CUST-001157,2026-04-16,110.77,payment,success,Credit card
7553,CUST-001157,2026-05-16,110.77,payment,success,Credit card
7554,CUST-001157,2026-06-16,110.77,payment,success,Credit card
7555,CUST-001157,2026-07-16,110.77,payment,success,Credit card
7556,CUST-001157,2026-08-16,110.77,payment,success,Credit card
7557,CUST-001158,2026-03-16,27.11,payment,success,Electronic check
7558,CUST-001158,2026-04-16,27.11,payment,success,Electronic check
7559,CUST-001158,2026-05-16,27.11,payment,success,Electronic check
7560,CUST-001158,2026-06-16,27.11,payment,success,Electronic check
7561,CUST-001158,2026-07-16,27.11,payment,success,Electronic check
7562,CUST-001158,2026-08-16,27.11,payment,success,Electronic check
7563,CUST-001159,2026-03-16,65.09,payment,success,Electronic check
7564,CUST-001159,2026-04-16,65.09,payment,success,Electronic check
7565,CUST-001159,2026-05-16,65.09,failed_payment,failed,Electronic check
7566,CUST-001159,2026-05-19,65.09,payment,success,Electronic check
7567,CUST-001159,2026-06-16,65.09,payment,success,Electronic check
7568,CUST-001159,2026-07-16,65.09,failed_payment,failed,Electronic check
7569,CUST-001159,2026-08-16,65.09,failed_payment,failed,Electronic check
7570,CUST-001159,2026-08-19,65.09,payment,success,Electronic check
7571,CUST-001160,2026-03-16,40.74,payment,success,Mailed check
7572,CUST-001160,2026-04-16,40.74,payment,success,Mailed check
7573,CUST-001160,2026-05-16,40.74,failed_payment,failed,Mailed check
7574,CUST-001160,2026-05-19,40.74,payment,success,Mailed check
7575,CUST-001160,2026-06-16,40.74,payment,success,Mailed check
7576,CUST-001160,2026-07-16,40.74,payment,success,Mailed check
7577,CUST-001160,2026-08-16,40.74,failed_payment,failed,Mailed check
7578,CUST-001160,2026-08-19,40.74,payment,success,Mailed check
7579,CUST-001161,2026-03-16,72.38,failed_payment,failed,Bank transfer
7580,CUST-001161,2026-03-19,72.38,payment,success,Bank transfer
7581,CUST-001161,2026-04-16,72.38,failed_payment,failed,Bank transfer
7582,CUST-001161,2026-04-19,72.38,payment,success,Bank transfer
7583,CUST-001161,2026-05-16,72.38,payment,success,Bank transfer
7584,CUST-001161,2026-06-16,72.38,failed_payment,failed,Bank transfer
7585,CUST-001161,2026-06-19,72.38,payment,success,Bank transfer
7586,CUST-001161,2026-07-16,72.38,failed_payment,failed,Bank transfer
7587,CUST-001161,2026-07-19,72.38,payment,success,Bank transfer
7588,CUST-001161,2026-08-16,72.38,failed_payment,failed,Bank transfer
7589,CUST-001162,2026-03-16,48.02,payment,success,Bank transfer
7590,CUST-001162,2026-04-16,48.02,payment,success,Bank transfer
7591,CUST-001162,2026-05-16,48.02,payment,success,Bank transfer
7592,CUST-001162,2026-06-16,48.02,payment,success,Bank transfer
7593,CUST-001162,2026-07-16,48.02,payment,success,Bank transfer
7594,CUST-001162,2026-08-16,48.02,payment,success,Bank transfer
7595,CUST-001163,2026-03-16,106.0,payment,success,Electronic check
7596,CUST-001163,2026-04-16,106.0,payment,success,Electronic check
7597,CUST-001163,2026-05-16,106.0,payment,success,Electronic check
7598,CUST-001163,2026-06-16,106.0,payment,success,Electronic check
7599,CUST-001163,2026-07-16,106.0,payment,success,Electronic check
7600,CUST-001163,2026-08-16,106.0,payment,success,Electronic check
7601,CUST-001164,2026-03-16,59.64,payment,success,Credit card
7602,CUST-001164,2026-04-16,59.64,payment,success,Credit card
7603,CUST-001164,2026-05-16,59.64,payment,success,Credit card
7604,CUST-001164,2026-06-16,59.64,payment,success,Credit card
7605,CUST-001164,2026-07-16,59.64,payment,success,Credit card
7606,CUST-001164,2026-08-16,59.64,payment,success,Credit card
7607,CUST-001165,2026-03-16,83.88,payment,success,Mailed check
7608,CUST-001165,2026-04-16,83.88,payment,success,Mailed check
7609,CUST-001165,2026-05-16,83.88,payment,success,Mailed check
7610,CUST-001165,2026-06-16,83.88,payment,success,Mailed check
7611,CUST-001165,2026-07-16,83.88,payment,success,Mailed check
7612,CUST-001165,2026-08-16,83.88,payment,success,Mailed check
7613,CUST-001166,2026-03-16,44.89,payment,success,Bank transfer
7614,CUST-001166,2026-04-16,44.89,payment,success,Bank transfer
7615,CUST-001166,2026-05-16,44.89,payment,success,Bank transfer
7616,CUST-001166,2026-06-16,44.89,payment,success,Bank transfer
7617,CUST-001166,2026-07-16,44.89,payment,success,Bank transfer
7618,CUST-001166,2026-08-16,44.89,payment,success,Bank transfer
7619,CUST-001167,2026-03-16,21.94,payment,success,Electronic check
7620,CUST-001167,2026-04-16,21.94,payment,success,Electronic check
7621,CUST-001167,2026-05-16,21.94,payment,success,Electronic check
7622,CUST-001167,2026-06-16,21.94,payment,success,Electronic check
7623,CUST-001167,2026-07-16,21.94,payment,success,Electronic check
7624,CUST-001167,2026-08-16,21.94,payment,success,Electronic check
7625,CUST-001168,2026-03-16,60.42,failed_payment,failed,Credit card
7626,CUST-001168,2026-03-19,60.42,payment,success,Credit card
7627,CUST-001168,2026-04-16,60.42,failed_payment,failed,Credit card
7628,CUST-001168,2026-04-19,60.42,payment,success,Credit card
7629,CUST-001168,2026-05-16,60.42,failed_payment,failed,Credit card
7630,CUST-001168,2026-05-19,60.42,payment,success,Credit card
7631,CUST-001168,2026-06-16,60.42,failed_payment,failed,Credit card
7632,CUST-001168,2026-06-19,60.42,payment,success,Credit card
7633,CUST-001168,2026-07-16,60.42,payment,success,Credit card
7634,CUST-001168,2026-08-16,60.42,failed_payment,failed,Credit card
7635,CUST-001168,2026-08-19,60.42,payment,success,Credit card
7636,CUST-001169,2026-03-16,73.65,failed_payment,failed,Mailed check
7637,CUST-001169,2026-03-19,73.65,payment,success,Mailed check
7638,CUST-001169,2026-04-16,73.65,payment,success,Mailed check
7639,CUST-001169,2026-05-16,73.65,payment,success,Mailed check
7640,CUST-001169,2026-06-16,73.65,payment,success,Mailed check
7641,CUST-001169,2026-07-16,73.65,payment,success,Mailed check
7642,CUST-001169,2026-08-16,73.65,payment,success,Mailed check
7643,CUST-001170,2026-03-16,65.95,payment,success,Credit card
7644,CUST-001170,2026-04-16,65.95,payment,success,Credit card
7645,CUST-001170,2026-05-16,65.95,payment,success,Credit card
7646,CUST-001170,2026-06-16,65.95,payment,success,Credit card
7647,CUST-001170,2026-07-16,65.95,payment,success,Credit card
7648,CUST-001170,2026-08-16,65.95,payment,success,Credit card
7649,CUST-001171,2026-03-16,116.2,failed_payment,failed,Mailed check
7650,CUST-001171,2026-04-16,116.2,payment,success,Mailed check
7651,CUST-001171,2026-05-16,116.2,payment,success,Mailed check
7652,CUST-001171,2026-06-16,116.2,payment,success,Mailed check
7653,CUST-001171,2026-07-16,116.2,payment,success,Mailed check
7654,CUST-001171,2026-08-16,116.2,failed_payment,failed,Mailed check
7655,CUST-001171,2026-08-19,116.2,payment,success,Mailed check
7656,CUST-001172,2026-03-16,90.68,payment,success,Bank transfer
7657,CUST-001172,2026-04-16,90.68,payment,success,Bank transfer
7658,CUST-001172,2026-05-16,90.68,failed_payment,failed,Bank transfer
7659,CUST-001172,2026-05-19,90.68,payment,success,Bank transfer
7660,CUST-001172,2026-06-16,90.68,payment,success,Bank transfer
7661,CUST-001172,2026-07-16,90.68,payment,success,Bank transfer
7662,CUST-001172,2026-08-16,90.68,payment,success,Bank transfer
7663,CUST-001173,2026-03-16,119.57,payment,success,Bank transfer
7664,CUST-001173,2026-04-16,119.57,payment,success,Bank transfer
7665,CUST-001173,2026-05-16,119.57,payment,success,Bank transfer
7666,CUST-001173,2026-06-16,119.57,payment,success,Bank transfer
7667,CUST-001173,2026-07-16,119.57,payment,success,Bank transfer
7668,CUST-001173,2026-08-16,119.57,payment,success,Bank transfer
7669,CUST-001174,2026-03-16,49.51,payment,success,Electronic check
7670,CUST-001174,2026-04-16,49.51,payment,success,Electronic check
7671,CUST-001174,2026-05-16,49.51,payment,success,Electronic check
7672,CUST-001174,2026-06-16,49.51,payment,success,Electronic check
7673,CUST-001174,2026-07-16,49.51,payment,success,Electronic check
7674,CUST-001174,2026-08-16,49.51,payment,success,Electronic check
7675,CUST-001175,2026-03-16,98.91,failed_payment,failed,Electronic check
7676,CUST-001175,2026-03-19,98.91,payment,success,Electronic check
7677,CUST-001175,2026-04-16,98.91,failed_payment,failed,Electronic check
7678,CUST-001175,2026-04-19,98.91,payment,success,Electronic check
7679,CUST-001175,2026-05-16,98.91,payment,success,Electronic check
7680,CUST-001175,2026-06-16,98.91,payment,success,Electronic check
7681,CUST-001175,2026-07-16,98.91,failed_payment,failed,Electronic check
7682,CUST-001175,2026-07-19,98.91,payment,success,Electronic check
7683,CUST-001175,2026-08-16,98.91,payment,success,Electronic check
7684,CUST-001176,2026-03-16,75.56,payment,success,Mailed check
7685,CUST-001176,2026-04-16,75.56,payment,success,Mailed check
7686,CUST-001176,2026-05-16,75.56,payment,success,Mailed check
7687,CUST-001176,2026-06-16,75.56,payment,success,Mailed check
7688,CUST-001176,2026-07-16,75.56,payment,success,Mailed check
7689,CUST-001176,2026-08-16,75.56,payment,success,Mailed check
7690,CUST-001177,2026-03-16,81.18,payment,success,Electronic check
7691,CUST-001177,2026-04-16,81.18,failed_payment,failed,Electronic check
7692,CUST-001177,2026-05-16,81.18,failed_payment,failed,Electronic check
7693,CUST-001177,2026-05-19,81.18,payment,success,Electronic check
7694,CUST-001177,2026-06-16,81.18,failed_payment,failed,Electronic check
7695,CUST-001177,2026-06-19,81.18,payment,success,Electronic check
7696,CUST-001177,2026-07-16,81.18,failed_payment,failed,Electronic check
7697,CUST-001177,2026-07-19,81.18,payment,success,Electronic check
7698,CUST-001177,2026-08-16,81.18,payment,success,Electronic check
7699,CUST-001178,2026-03-16,118.59,failed_payment,failed,Bank transfer
7700,CUST-001178,2026-04-16,118.59,payment,success,Bank transfer
7701,CUST-001178,2026-05-16,118.59,failed_payment,failed,Bank transfer
7702,CUST-001178,2026-06-16,118.59,payment,success,Bank transfer
7703,CUST-001178,2026-07-16,118.59,failed_payment,failed,Bank transfer
7704,CUST-001178,2026-07-19,118.59,payment,success,Bank transfer
7705,CUST-001178,2026-08-16,118.59,payment,success,Bank transfer
7706,CUST-001179,2026-03-16,85.4,payment,success,Electronic check
7707,CUST-001179,2026-04-16,85.4,payment,success,Electronic check
7708,CUST-001179,2026-05-16,85.4,payment,success,Electronic check
7709,CUST-001179,2026-06-16,85.4,payment,success,Electronic check
7710,CUST-001179,2026-07-16,85.4,payment,success,Electronic check
7711,CUST-001179,2026-08-16,85.4,failed_payment,failed,Electronic check
7712,CUST-001180,2026-03-16,109.88,payment,success,Bank transfer
7713,CUST-001180,2026-04-16,109.88,payment,success,Bank transfer
7714,CUST-001180,2026-05-16,109.88,failed_payment,failed,Bank transfer
7715,CUST-001180,2026-05-19,109.88,payment,success,Bank transfer
7716,CUST-001180,2026-06-16,109.88,payment,success,Bank transfer
7717,CUST-001180,2026-07-16,109.88,payment,success,Bank transfer
7718,CUST-001180,2026-08-16,109.88,payment,success,Bank transfer
7719,CUST-001181,2026-03-16,92.58,payment,success,Electronic check
7720,CUST-001181,2026-04-16,92.58,payment,success,Electronic check
7721,CUST-001181,2026-05-16,92.58,payment,success,Electronic check
7722,CUST-001181,2026-06-16,92.58,payment,success,Electronic check
7723,CUST-001181,2026-07-16,92.58,payment,success,Electronic check
7724,CUST-001181,2026-08-16,92.58,payment,success,Electronic check
7725,CUST-001182,2026-03-16,32.74,payment,success,Electronic check
7726,CUST-001182,2026-04-16,32.74,payment,success,Electronic check
7727,CUST-001182,2026-05-16,32.74,payment,success,Electronic check
7728,CUST-001182,2026-06-16,32.74,payment,success,Electronic check
7729,CUST-001182,2026-07-16,32.74,payment,success,Electronic check
7730,CUST-001182,2026-08-16,32.74,payment,success,Electronic check
7731,CUST-001183,2026-03-16,89.94,payment,success,Mailed check
7732,CUST-001183,2026-04-16,89.94,payment,success,Mailed check
7733,CUST-001183,2026-05-16,89.94,payment,success,Mailed check
7734,CUST-001183,2026-06-16,89.94,payment,success,Mailed check
7735,CUST-001183,2026-07-16,89.94,payment,success,Mailed check
7736,CUST-001183,2026-08-16,89.94,payment,success,Mailed check
7737,CUST-001184,2026-03-16,68.43,payment,success,Bank transfer
7738,CUST-001184,2026-04-16,68.43,payment,success,Bank transfer
7739,CUST-001184,2026-05-16,68.43,payment,success,Bank transfer
7740,CUST-001184,2026-06-16,68.43,payment,success,Bank transfer
7741,CUST-001184,2026-07-16,68.43,payment,success,Bank transfer
7742,CUST-001184,2026-08-16,68.43,payment,success,Bank transfer
7743,CUST-001185,2026-03-16,111.88,failed_payment,failed,Mailed check
7744,CUST-001185,2026-03-19,111.88,payment,success,Mailed check
7745,CUST-001185,2026-04-16,111.88,payment,success,Mailed check
7746,CUST-001185,2026-05-16,111.88,failed_payment,failed,Mailed check
7747,CUST-001185,2026-05-19,111.88,payment,success,Mailed check
7748,CUST-001185,2026-06-16,111.88,payment,success,Mailed check
7749,CUST-001185,2026-07-16,111.88,failed_payment,failed,Mailed check
7750,CUST-001185,2026-07-19,111.88,payment,success,Mailed check
7751,CUST-001185,2026-08-16,111.88,failed_payment,failed,Mailed check
7752,CUST-001185,2026-08-19,111.88,payment,success,Mailed check
7753,CUST-001186,2026-03-16,100.68,payment,success,Mailed check
7754,CUST-001186,2026-04-16,100.68,payment,success,Mailed check
7755,CUST-001186,2026-05-16,100.68,payment,success,Mailed check
7756,CUST-001186,2026-06-16,100.68,payment,success,Mailed check
7757,CUST-001186,2026-07-16,100.68,payment,success,Mailed check
7758,CUST-001186,2026-08-16,100.68,payment,success,Mailed check
7759,CUST-001187,2026-03-16,30.41,payment,success,Mailed check
7760,CUST-001187,2026-04-16,30.41,payment,success,Mailed check
7761,CUST-001187,2026-05-16,30.41,payment,success,Mailed check
7762,CUST-001187,2026-06-16,30.41,payment,success,Mailed check
7763,CUST-001187,2026-07-16,30.41,payment,success,Mailed check
7764,CUST-001187,2026-08-16,30.41,payment,success,Mailed check
7765,CUST-001188,2026-03-16,33.39,payment,success,Mailed check
7766,CUST-001188,2026-04-16,33.39,payment,success,Mailed check
7767,CUST-001188,2026-05-16,33.39,payment,success,Mailed check
7768,CUST-001188,2026-06-16,33.39,failed_payment,failed,Mailed check
7769,CUST-001188,2026-06-19,33.39,payment,success,Mailed check
7770,CUST-001188,2026-07-16,33.39,payment,success,Mailed check
7771,CUST-001188,2026-08-16,33.39,payment,success,Mailed check
7772,CUST-001189,2026-03-16,26.96,payment,success,Mailed check
7773,CUST-001189,2026-04-16,26.96,payment,success,Mailed check
7774,CUST-001189,2026-05-16,26.96,payment,success,Mailed check
7775,CUST-001189,2026-06-16,26.96,payment,success,Mailed check
7776,CUST-001189,2026-07-16,26.96,payment,success,Mailed check
7777,CUST-001189,2026-08-16,26.96,payment,success,Mailed check
7778,CUST-001190,2026-03-16,69.32,payment,success,Credit card
7779,CUST-001190,2026-04-16,69.32,payment,success,Credit card
7780,CUST-001190,2026-05-16,69.32,payment,success,Credit card
7781,CUST-001190,2026-06-16,69.32,payment,success,Credit card
7782,CUST-001190,2026-07-16,69.32,payment,success,Credit card
7783,CUST-001190,2026-08-16,69.32,payment,success,Credit card
7784,CUST-001191,2026-03-16,28.08,payment,success,Bank transfer
7785,CUST-001191,2026-04-16,28.08,payment,success,Bank transfer
7786,CUST-001191,2026-05-16,28.08,payment,success,Bank transfer
7787,CUST-001191,2026-06-16,28.08,payment,success,Bank transfer
7788,CUST-001191,2026-07-16,28.08,payment,success,Bank transfer
7789,CUST-001191,2026-08-16,28.08,payment,success,Bank transfer
7790,CUST-001192,2026-03-16,92.37,payment,success,Mailed check
7791,CUST-001192,2026-04-16,92.37,payment,success,Mailed check
7792,CUST-001192,2026-05-16,92.37,payment,success,Mailed check
7793,CUST-001192,2026-06-16,92.37,payment,success,Mailed check
7794,CUST-001192,2026-07-16,92.37,payment,success,Mailed check
7795,CUST-001192,2026-08-16,92.37,payment,success,Mailed check
7796,CUST-001193,2026-03-16,75.24,payment,success,Bank transfer
7797,CUST-001193,2026-04-16,75.24,payment,success,Bank transfer
7798,CUST-001193,2026-05-16,75.24,payment,success,Bank transfer
7799,CUST-001193,2026-06-16,75.24,payment,success,Bank transfer
7800,CUST-001193,2026-07-16,75.24,payment,success,Bank transfer
7801,CUST-001193,2026-08-16,75.24,payment,success,Bank transfer
7802,CUST-001194,2026-03-16,103.59,payment,success,Bank transfer
7803,CUST-001194,2026-04-16,103.59,payment,success,Bank transfer
7804,CUST-001194,2026-05-16,103.59,payment,success,Bank transfer
7805,CUST-001194,2026-06-16,103.59,payment,success,Bank transfer
7806,CUST-001194,2026-07-16,103.59,payment,success,Bank transfer
7807,CUST-001194,2026-08-16,103.59,payment,success,Bank transfer
7808,CUST-001195,2026-03-16,47.98,payment,success,Credit card
7809,CUST-001195,2026-04-16,47.98,payment,success,Credit card
7810,CUST-001195,2026-05-16,47.98,payment,success,Credit card
7811,CUST-001195,2026-06-16,47.98,payment,success,Credit card
7812,CUST-001195,2026-07-16,47.98,payment,success,Credit card
7813,CUST-001195,2026-08-16,47.98,payment,success,Credit card
7814,CUST-001196,2026-03-16,71.91,payment,success,Bank transfer
7815,CUST-001196,2026-04-16,71.91,payment,success,Bank transfer
7816,CUST-001196,2026-05-16,71.91,payment,success,Bank transfer
7817,CUST-001196,2026-06-16,71.91,failed_payment,failed,Bank transfer
7818,CUST-001196,2026-06-19,71.91,payment,success,Bank transfer
7819,CUST-001196,2026-07-16,71.91,payment,success,Bank transfer
7820,CUST-001196,2026-08-16,71.91,payment,success,Bank transfer
7821,CUST-001197,2026-03-16,31.75,payment,success,Electronic check
7822,CUST-001197,2026-04-16,31.75,payment,success,Electronic check
7823,CUST-001197,2026-05-16,31.75,payment,success,Electronic check
7824,CUST-001197,2026-06-16,31.75,failed_payment,failed,Electronic check
7825,CUST-001197,2026-07-16,31.75,payment,success,Electronic check
7826,CUST-001197,2026-08-16,31.75,payment,success,Electronic check
7827,CUST-001198,2026-03-16,108.46,payment,success,Bank transfer
7828,CUST-001198,2026-04-16,108.46,payment,success,Bank transfer
7829,CUST-001198,2026-05-16,108.46,payment,success,Bank transfer
7830,CUST-001198,2026-06-16,108.46,payment,success,Bank transfer
7831,CUST-001198,2026-07-16,108.46,payment,success,Bank transfer
7832,CUST-001198,2026-08-16,108.46,payment,success,Bank transfer
7833,CUST-001199,2026-03-16,37.5,payment,success,Credit card
7834,CUST-001199,2026-04-16,37.5,payment,success,Credit card
7835,CUST-001199,2026-05-16,37.5,payment,success,Credit card
7836,CUST-001199,2026-06-16,37.5,payment,success,Credit card
7837,CUST-001199,2026-07-16,37.5,payment,success,Credit card
7838,CUST-001199,2026-08-16,37.5,payment,success,Credit card
7839,CUST-001200,2026-03-16,30.24,payment,success,Electronic check
7840,CUST-001200,2026-04-16,30.24,payment,success,Electronic check
7841,CUST-001200,2026-05-16,30.24,payment,success,Electronic check
7842,CUST-001200,2026-06-16,30.24,payment,success,Electronic check
7843,CUST-001200,2026-07-16,30.24,payment,success,Electronic check
7844,CUST-001200,2026-08-16,30.24,payment,success,Electronic check
7845,CUST-001201,2026-03-16,40.51,payment,success,Electronic check
7846,CUST-001201,2026-04-16,40.51,payment,success,Electronic check
7847,CUST-001201,2026-05-16,40.51,payment,success,Electronic check
7848,CUST-001201,2026-06-16,40.51,payment,success,Electronic check
7849,CUST-001201,2026-07-16,40.51,payment,success,Electronic check
7850,CUST-001201,2026-08-16,40.51,payment,success,Electronic check
7851,CUST-001202,2026-03-16,100.62,payment,success,Bank transfer
7852,CUST-001202,2026-04-16,100.62,payment,success,Bank transfer
7853,CUST-001202,2026-05-16,100.62,payment,success,Bank transfer
7854,CUST-001202,2026-06-16,100.62,payment,success,Bank transfer
7855,CUST-001202,2026-07-16,100.62,payment,success,Bank transfer
7856,CUST-001202,2026-08-16,100.62,payment,success,Bank transfer
7857,CUST-001203,2026-03-16,30.58,payment,success,Credit card
7858,CUST-001203,2026-04-16,30.58,payment,success,Credit card
7859,CUST-001203,2026-05-16,30.58,payment,success,Credit card
7860,CUST-001203,2026-06-16,30.58,payment,success,Credit card
7861,CUST-001203,2026-07-16,30.58,payment,success,Credit card
7862,CUST-001203,2026-08-16,30.58,payment,success,Credit card
7863,CUST-001204,2026-03-16,81.44,payment,success,Mailed check
7864,CUST-001204,2026-04-16,81.44,payment,success,Mailed check
7865,CUST-001204,2026-05-16,81.44,failed_payment,failed,Mailed check
7866,CUST-001204,2026-05-19,81.44,payment,success,Mailed check
7867,CUST-001204,2026-06-16,81.44,payment,success,Mailed check
7868,CUST-001204,2026-07-16,81.44,payment,success,Mailed check
7869,CUST-001204,2026-08-16,81.44,payment,success,Mailed check
7870,CUST-001205,2026-03-16,94.62,payment,success,Bank transfer
7871,CUST-001205,2026-04-16,94.62,payment,success,Bank transfer
7872,CUST-001205,2026-05-16,94.62,payment,success,Bank transfer
7873,CUST-001205,2026-06-16,94.62,payment,success,Bank transfer
7874,CUST-001205,2026-07-16,94.62,payment,success,Bank transfer
7875,CUST-001205,2026-08-16,94.62,payment,success,Bank transfer
7876,CUST-001206,2026-03-16,95.11,payment,success,Bank transfer
7877,CUST-001206,2026-04-16,95.11,payment,success,Bank transfer
7878,CUST-001206,2026-05-16,95.11,payment,success,Bank transfer
7879,CUST-001206,2026-06-16,95.11,payment,success,Bank transfer
7880,CUST-001206,2026-07-16,95.11,payment,success,Bank transfer
7881,CUST-001206,2026-08-16,95.11,payment,success,Bank transfer
7882,CUST-001207,2026-03-16,39.01,payment,success,Bank transfer
7883,CUST-001207,2026-04-16,39.01,payment,success,Bank transfer
7884,CUST-001207,2026-05-16,39.01,payment,success,Bank transfer
7885,CUST-001207,2026-06-16,39.01,payment,success,Bank transfer
7886,CUST-001207,2026-07-16,39.01,payment,success,Bank transfer
7887,CUST-001207,2026-08-16,39.01,payment,success,Bank transfer
7888,CUST-001208,2026-03-16,26.16,payment,success,Electronic check
7889,CUST-001208,2026-04-16,26.16,payment,success,Electronic check
7890,CUST-001208,2026-05-16,26.16,payment,success,Electronic check
7891,CUST-001208,2026-06-16,26.16,payment,success,Electronic check
7892,CUST-001208,2026-07-16,26.16,payment,success,Electronic check
7893,CUST-001208,2026-08-16,26.16,payment,success,Electronic check
7894,CUST-001209,2026-03-16,64.88,failed_payment,failed,Mailed check
7895,CUST-001209,2026-04-16,64.88,payment,success,Mailed check
7896,CUST-001209,2026-05-16,64.88,payment,success,Mailed check
7897,CUST-001209,2026-06-16,64.88,payment,success,Mailed check
7898,CUST-001209,2026-07-16,64.88,failed_payment,failed,Mailed check
7899,CUST-001209,2026-07-19,64.88,payment,success,Mailed check
7900,CUST-001209,2026-08-16,64.88,payment,success,Mailed check
7901,CUST-001210,2026-03-16,40.25,payment,success,Credit card
7902,CUST-001210,2026-04-16,40.25,failed_payment,failed,Credit card
7903,CUST-001210,2026-04-19,40.25,payment,success,Credit card
7904,CUST-001210,2026-05-16,40.25,failed_payment,failed,Credit card
7905,CUST-001210,2026-06-16,40.25,failed_payment,failed,Credit card
7906,CUST-001210,2026-06-19,40.25,payment,success,Credit card
7907,CUST-001210,2026-07-16,40.25,failed_payment,failed,Credit card
7908,CUST-001210,2026-07-19,40.25,payment,success,Credit card
7909,CUST-001210,2026-08-16,40.25,failed_payment,failed,Credit card
7910,CUST-001210,2026-08-19,40.25,payment,success,Credit card
7911,CUST-001211,2026-03-16,89.93,payment,success,Credit card
7912,CUST-001211,2026-04-16,89.93,payment,success,Credit card
7913,CUST-001211,2026-05-16,89.93,payment,success,Credit card
7914,CUST-001211,2026-06-16,89.93,payment,success,Credit card
7915,CUST-001211,2026-07-16,89.93,payment,success,Credit card
7916,CUST-001211,2026-08-16,89.93,payment,success,Credit card
7917,CUST-001212,2026-03-16,55.67,payment,success,Credit card
7918,CUST-001212,2026-04-16,55.67,payment,success,Credit card
7919,CUST-001212,2026-05-16,55.67,payment,success,Credit card
7920,CUST-001212,2026-06-16,55.67,payment,success,Credit card
7921,CUST-001212,2026-07-16,55.67,payment,success,Credit card
7922,CUST-001212,2026-08-16,55.67,payment,success,Credit card
7923,CUST-001213,2026-03-16,64.94,payment,success,Electronic check
7924,CUST-001213,2026-04-16,64.94,payment,success,Electronic check
7925,CUST-001213,2026-05-16,64.94,payment,success,Electronic check
7926,CUST-001213,2026-06-16,64.94,payment,success,Electronic check
7927,CUST-001213,2026-07-16,64.94,payment,success,Electronic check
7928,CUST-001213,2026-08-16,64.94,payment,success,Electronic check
7929,CUST-001214,2026-03-16,31.35,payment,success,Mailed check
7930,CUST-001214,2026-04-16,31.35,payment,success,Mailed check
7931,CUST-001214,2026-05-16,31.35,payment,success,Mailed check
7932,CUST-001214,2026-06-16,31.35,payment,success,Mailed check
7933,CUST-001214,2026-07-16,31.35,failed_payment,failed,Mailed check
7934,CUST-001214,2026-07-19,31.35,payment,success,Mailed check
7935,CUST-001214,2026-08-16,31.35,payment,success,Mailed check
7936,CUST-001215,2026-03-16,76.76,payment,success,Electronic check
7937,CUST-001215,2026-04-16,76.76,payment,success,Electronic check
7938,CUST-001215,2026-05-16,76.76,payment,success,Electronic check
7939,CUST-001215,2026-06-16,76.76,payment,success,Electronic check
7940,CUST-001215,2026-07-16,76.76,payment,success,Electronic check
7941,CUST-001215,2026-08-16,76.76,payment,success,Electronic check
7942,CUST-001216,2026-03-16,38.55,payment,success,Mailed check
7943,CUST-001216,2026-04-16,38.55,payment,success,Mailed check
7944,CUST-001216,2026-05-16,38.55,payment,success,Mailed check
7945,CUST-001216,2026-06-16,38.55,payment,success,Mailed check
7946,CUST-001216,2026-07-16,38.55,payment,success,Mailed check
7947,CUST-001216,2026-08-16,38.55,payment,success,Mailed check
7948,CUST-001217,2026-03-16,87.9,payment,success,Credit card
7949,CUST-001217,2026-04-16,87.9,failed_payment,failed,Credit card
7950,CUST-001217,2026-05-16,87.9,failed_payment,failed,Credit card
7951,CUST-001217,2026-05-19,87.9,payment,success,Credit card
7952,CUST-001217,2026-06-16,87.9,payment,success,Credit card
7953,CUST-001217,2026-07-16,87.9,payment,success,Credit card
7954,CUST-001217,2026-08-16,87.9,payment,success,Credit card
7955,CUST-001218,2026-03-16,27.12,payment,success,Mailed check
7956,CUST-001218,2026-04-16,27.12,failed_payment,failed,Mailed check
7957,CUST-001218,2026-05-16,27.12,payment,success,Mailed check
7958,CUST-001218,2026-06-16,27.12,payment,success,Mailed check
7959,CUST-001218,2026-07-16,27.12,payment,success,Mailed check
7960,CUST-001218,2026-08-16,27.12,payment,success,Mailed check
7961,CUST-001219,2026-03-16,117.59,payment,success,Electronic check
7962,CUST-001219,2026-04-16,117.59,payment,success,Electronic check
7963,CUST-001219,2026-05-16,117.59,payment,success,Electronic check
7964,CUST-001219,2026-06-16,117.59,payment,success,Electronic check
7965,CUST-001219,2026-07-16,117.59,payment,success,Electronic check
7966,CUST-001219,2026-08-16,117.59,payment,success,Electronic check
7967,CUST-001220,2026-03-16,88.45,payment,success,Bank transfer
7968,CUST-001220,2026-04-16,88.45,payment,success,Bank transfer
7969,CUST-001220,2026-05-16,88.45,failed_payment,failed,Bank transfer
7970,CUST-001220,2026-05-19,88.45,payment,success,Bank transfer
7971,CUST-001220,2026-06-16,88.45,payment,success,Bank transfer
7972,CUST-001220,2026-07-16,88.45,payment,success,Bank transfer
7973,CUST-001220,2026-08-16,88.45,payment,success,Bank transfer
7974,CUST-001221,2026-03-16,38.17,payment,success,Credit card
7975,CUST-001221,2026-04-16,38.17,payment,success,Credit card
7976,CUST-001221,2026-05-16,38.17,payment,success,Credit card
7977,CUST-001221,2026-06-16,38.17,payment,success,Credit card
7978,CUST-001221,2026-07-16,38.17,payment,success,Credit card
7979,CUST-001221,2026-08-16,38.17,payment,success,Credit card
7980,CUST-001222,2026-03-16,21.41,payment,success,Bank transfer
7981,CUST-001222,2026-04-16,21.41,payment,success,Bank transfer
7982,CUST-001222,2026-05-16,21.41,payment,success,Bank transfer
7983,CUST-001222,2026-06-16,21.41,payment,success,Bank transfer
7984,CUST-001222,2026-07-16,21.41,payment,success,Bank transfer
7985,CUST-001222,2026-08-16,21.41,payment,success,Bank transfer
7986,CUST-001223,2026-03-16,53.45,payment,success,Credit card
7987,CUST-001223,2026-04-16,53.45,payment,success,Credit card
7988,CUST-001223,2026-05-16,53.45,payment,success,Credit card
7989,CUST-001223,2026-06-16,53.45,payment,success,Credit card
7990,CUST-001223,2026-07-16,53.45,payment,success,Credit card
7991,CUST-001223,2026-08-16,53.45,payment,success,Credit card
7992,CUST-001224,2026-03-16,35.28,payment,success,Bank transfer
7993,CUST-001224,2026-04-16,35.28,payment,success,Bank transfer
7994,CUST-001224,2026-05-16,35.28,payment,success,Bank transfer
7995,CUST-001224,2026-06-16,35.28,payment,success,Bank transfer
7996,CUST-001224,2026-07-16,35.28,payment,success,Bank transfer
7997,CUST-001224,2026-08-16,35.28,payment,success,Bank transfer
7998,CUST-001225,2026-03-16,41.84,payment,success,Bank transfer
7999,CUST-001225,2026-04-16,41.84,failed_payment,failed,Bank transfer
8000,CUST-001225,2026-05-16,41.84,payment,success,Bank transfer
8001,CUST-001225,2026-06-16,41.84,payment,success,Bank transfer
8002,CUST-001225,2026-07-16,41.84,failed_payment,failed,Bank transfer
8003,CUST-001225,2026-07-19,41.84,payment,success,Bank transfer
8004,CUST-001225,2026-08-16,41.84,failed_payment,failed,Bank transfer
8005,CUST-001225,2026-08-19,41.84,payment,success,Bank transfer
8006,CUST-001226,2026-03-16,107.28,payment,success,Credit card
8007,CUST-001226,2026-04-16,107.28,payment,success,Credit card
8008,CUST-001226,2026-05-16,107.28,payment,success,Credit card
8009,CUST-001226,2026-06-16,107.28,payment,success,Credit card
8010,CUST-001226,2026-07-16,107.28,payment,success,Credit card
8011,CUST-001226,2026-08-16,107.28,payment,success,Credit card
8012,CUST-001227,2026-03-16,80.32,payment,success,Mailed check
8013,CUST-001227,2026-04-16,80.32,failed_payment,failed,Mailed check
8014,CUST-001227,2026-04-19,80.32,payment,success,Mailed check
8015,CUST-001227,2026-05-16,80.32,payment,success,Mailed check
8016,CUST-001227,2026-06-16,80.32,payment,success,Mailed check
8017,CUST-001227,2026-07-16,80.32,payment,success,Mailed check
8018,CUST-001227,2026-08-16,80.32,failed_payment,failed,Mailed check
8019,CUST-001228,2026-03-16,37.65,payment,success,Mailed check
8020,CUST-001228,2026-04-16,37.65,payment,success,Mailed check
8021,CUST-001228,2026-05-16,37.65,payment,success,Mailed check
8022,CUST-001228,2026-06-16,37.65,payment,success,Mailed check
8023,CUST-001228,2026-07-16,37.65,payment,success,Mailed check
8024,CUST-001228,2026-08-16,37.65,payment,success,Mailed check
8025,CUST-001229,2026-03-16,75.67,failed_payment,failed,Bank transfer
8026,CUST-001229,2026-03-19,75.67,payment,success,Bank transfer
8027,CUST-001229,2026-04-16,75.67,payment,success,Bank transfer
8028,CUST-001229,2026-05-16,75.67,payment,success,Bank transfer
8029,CUST-001229,2026-06-16,75.67,failed_payment,failed,Bank transfer
8030,CUST-001229,2026-07-16,75.67,payment,success,Bank transfer
8031,CUST-001229,2026-08-16,75.67,payment,success,Bank transfer
8032,CUST-001230,2026-03-16,45.58,failed_payment,failed,Bank transfer
8033,CUST-001230,2026-03-19,45.58,payment,success,Bank transfer
8034,CUST-001230,2026-04-16,45.58,payment,success,Bank transfer
8035,CUST-001230,2026-05-16,45.58,failed_payment,failed,Bank transfer
8036,CUST-001230,2026-05-19,45.58,payment,success,Bank transfer
8037,CUST-001230,2026-06-16,45.58,failed_payment,failed,Bank transfer
8038,CUST-001230,2026-07-16,45.58,payment,success,Bank transfer
8039,CUST-001230,2026-08-16,45.58,payment,success,Bank transfer
8040,CUST-001231,2026-03-16,117.62,payment,success,Mailed check
8041,CUST-001231,2026-04-16,117.62,payment,success,Mailed check
8042,CUST-001231,2026-05-16,117.62,payment,success,Mailed check
8043,CUST-001231,2026-06-16,117.62,payment,success,Mailed check
8044,CUST-001231,2026-07-16,117.62,payment,success,Mailed check
8045,CUST-001231,2026-08-16,117.62,payment,success,Mailed check
8046,CUST-001232,2026-03-16,23.28,failed_payment,failed,Mailed check
8047,CUST-001232,2026-03-19,23.28,payment,success,Mailed check
8048,CUST-001232,2026-04-16,23.28,payment,success,Mailed check
8049,CUST-001232,2026-05-16,23.28,payment,success,Mailed check
8050,CUST-001232,2026-06-16,23.28,payment,success,Mailed check
8051,CUST-001232,2026-07-16,23.28,payment,success,Mailed check
8052,CUST-001232,2026-08-16,23.28,payment,success,Mailed check
8053,CUST-001233,2026-03-16,93.23,payment,success,Electronic check
8054,CUST-001233,2026-04-16,93.23,payment,success,Electronic check
8055,CUST-001233,2026-05-16,93.23,failed_payment,failed,Electronic check
8056,CUST-001233,2026-05-19,93.23,payment,success,Electronic check
8057,CUST-001233,2026-06-16,93.23,payment,success,Electronic check
8058,CUST-001233,2026-07-16,93.23,failed_payment,failed,Electronic check
8059,CUST-001233,2026-07-19,93.23,payment,success,Electronic check
8060,CUST-001233,2026-08-16,93.23,payment,success,Electronic check
8061,CUST-001234,2026-03-16,97.3,payment,success,Bank transfer
8062,CUST-001234,2026-04-16,97.3,payment,success,Bank transfer
8063,CUST-001234,2026-05-16,97.3,payment,success,Bank transfer
8064,CUST-001234,2026-06-16,97.3,payment,success,Bank transfer
8065,CUST-001234,2026-07-16,97.3,payment,success,Bank transfer
8066,CUST-001234,2026-08-16,97.3,payment,success,Bank transfer
8067,CUST-001235,2026-03-16,26.72,payment,success,Electronic check
8068,CUST-001235,2026-04-16,26.72,payment,success,Electronic check
8069,CUST-001235,2026-05-16,26.72,payment,success,Electronic check
8070,CUST-001235,2026-06-16,26.72,payment,success,Electronic check
8071,CUST-001235,2026-07-16,26.72,payment,success,Electronic check
8072,CUST-001235,2026-08-16,26.72,payment,success,Electronic check
8073,CUST-001236,2026-03-16,37.19,payment,success,Mailed check
8074,CUST-001236,2026-04-16,37.19,payment,success,Mailed check
8075,CUST-001236,2026-05-16,37.19,payment,success,Mailed check
8076,CUST-001236,2026-06-16,37.19,payment,success,Mailed check
8077,CUST-001236,2026-07-16,37.19,payment,success,Mailed check
8078,CUST-001236,2026-08-16,37.19,payment,success,Mailed check
8079,CUST-001237,2026-03-16,58.43,failed_payment,failed,Mailed check
8080,CUST-001237,2026-03-19,58.43,payment,success,Mailed check
8081,CUST-001237,2026-04-16,58.43,payment,success,Mailed check
8082,CUST-001237,2026-05-16,58.43,failed_payment,failed,Mailed check
8083,CUST-001237,2026-06-16,58.43,failed_payment,failed,Mailed check
8084,CUST-001237,2026-07-16,58.43,payment,success,Mailed check
8085,CUST-001237,2026-08-16,58.43,payment,success,Mailed check
8086,CUST-001238,2026-03-16,106.82,payment,success,Credit card
8087,CUST-001238,2026-04-16,106.82,payment,success,Credit card
8088,CUST-001238,2026-05-16,106.82,payment,success,Credit card
8089,CUST-001238,2026-06-16,106.82,payment,success,Credit card
8090,CUST-001238,2026-07-16,106.82,payment,success,Credit card
8091,CUST-001238,2026-08-16,106.82,payment,success,Credit card
8092,CUST-001239,2026-03-16,73.7,payment,success,Mailed check
8093,CUST-001239,2026-04-16,73.7,payment,success,Mailed check
8094,CUST-001239,2026-05-16,73.7,failed_payment,failed,Mailed check
8095,CUST-001239,2026-06-16,73.7,payment,success,Mailed check
8096,CUST-001239,2026-07-16,73.7,payment,success,Mailed check
8097,CUST-001239,2026-08-16,73.7,payment,success,Mailed check
8098,CUST-001240,2026-03-16,85.53,payment,success,Electronic check
8099,CUST-001240,2026-04-16,85.53,payment,success,Electronic check
8100,CUST-001240,2026-05-16,85.53,payment,success,Electronic check
8101,CUST-001240,2026-06-16,85.53,payment,success,Electronic check
8102,CUST-001240,2026-07-16,85.53,failed_payment,failed,Electronic check
8103,CUST-001240,2026-07-19,85.53,payment,success,Electronic check
8104,CUST-001240,2026-08-16,85.53,payment,success,Electronic check
8105,CUST-001241,2026-03-16,98.3,payment,success,Bank transfer
8106,CUST-001241,2026-04-16,98.3,payment,success,Bank transfer
8107,CUST-001241,2026-05-16,98.3,payment,success,Bank transfer
8108,CUST-001241,2026-06-16,98.3,payment,success,Bank transfer
8109,CUST-001241,2026-07-16,98.3,payment,success,Bank transfer
8110,CUST-001241,2026-08-16,98.3,payment,success,Bank transfer
8111,CUST-001242,2026-03-16,102.81,failed_payment,failed,Electronic check
8112,CUST-001242,2026-03-19,102.81,payment,success,Electronic check
8113,CUST-001242,2026-04-16,102.81,payment,success,Electronic check
8114,CUST-001242,2026-05-16,102.81,failed_payment,failed,Electronic check
8115,CUST-001242,2026-06-16,102.81,failed_payment,failed,Electronic check
8116,CUST-001242,2026-07-16,102.81,failed_payment,failed,Electronic check
8117,CUST-001242,2026-08-16,102.81,payment,success,Electronic check
8118,CUST-001243,2026-03-16,67.63,payment,success,Mailed check
8119,CUST-001243,2026-04-16,67.63,payment,success,Mailed check
8120,CUST-001243,2026-05-16,67.63,payment,success,Mailed check
8121,CUST-001243,2026-06-16,67.63,payment,success,Mailed check
8122,CUST-001243,2026-07-16,67.63,payment,success,Mailed check
8123,CUST-001243,2026-08-16,67.63,payment,success,Mailed check
8124,CUST-001244,2026-03-16,70.88,payment,success,Mailed check
8125,CUST-001244,2026-04-16,70.88,failed_payment,failed,Mailed check
8126,CUST-001244,2026-05-16,70.88,payment,success,Mailed check
8127,CUST-001244,2026-06-16,70.88,payment,success,Mailed check
8128,CUST-001244,2026-07-16,70.88,payment,success,Mailed check
8129,CUST-001244,2026-08-16,70.88,payment,success,Mailed check
8130,CUST-001245,2026-03-16,91.8,payment,success,Electronic check
8131,CUST-001245,2026-04-16,91.8,payment,success,Electronic check
8132,CUST-001245,2026-05-16,91.8,payment,success,Electronic check
8133,CUST-001245,2026-06-16,91.8,payment,success,Electronic check
8134,CUST-001245,2026-07-16,91.8,payment,success,Electronic check
8135,CUST-001245,2026-08-16,91.8,failed_payment,failed,Electronic check
8136,CUST-001245,2026-08-19,91.8,payment,success,Electronic check
8137,CUST-001246,2026-03-16,46.33,failed_payment,failed,Credit card
8138,CUST-001246,2026-03-19,46.33,payment,success,Credit card
8139,CUST-001246,2026-04-16,46.33,payment,success,Credit card
8140,CUST-001246,2026-05-16,46.33,payment,success,Credit card
8141,CUST-001246,2026-06-16,46.33,payment,success,Credit card
8142,CUST-001246,2026-07-16,46.33,payment,success,Credit card
8143,CUST-001246,2026-08-16,46.33,payment,success,Credit card
8144,CUST-001247,2026-03-16,105.45,payment,success,Mailed check
8145,CUST-001247,2026-04-16,105.45,payment,success,Mailed check
8146,CUST-001247,2026-05-16,105.45,payment,success,Mailed check
8147,CUST-001247,2026-06-16,105.45,payment,success,Mailed check
8148,CUST-001247,2026-07-16,105.45,payment,success,Mailed check
8149,CUST-001247,2026-08-16,105.45,payment,success,Mailed check
8150,CUST-001248,2026-03-16,22.08,payment,success,Bank transfer
8151,CUST-001248,2026-04-16,22.08,payment,success,Bank transfer
8152,CUST-001248,2026-05-16,22.08,payment,success,Bank transfer
8153,CUST-001248,2026-06-16,22.08,payment,success,Bank transfer
8154,CUST-001248,2026-07-16,22.08,payment,success,Bank transfer
8155,CUST-001248,2026-08-16,22.08,payment,success,Bank transfer
8156,CUST-001249,2026-03-16,39.58,payment,success,Credit card
8157,CUST-001249,2026-04-16,39.58,payment,success,Credit card
8158,CUST-001249,2026-05-16,39.58,payment,success,Credit card
8159,CUST-001249,2026-06-16,39.58,payment,success,Credit card
8160,CUST-001249,2026-07-16,39.58,failed_payment,failed,Credit card
8161,CUST-001249,2026-08-16,39.58,payment,success,Credit card
8162,CUST-001250,2026-03-16,100.02,payment,success,Mailed check
8163,CUST-001250,2026-04-16,100.02,payment,success,Mailed check
8164,CUST-001250,2026-05-16,100.02,payment,success,Mailed check
8165,CUST-001250,2026-06-16,100.02,payment,success,Mailed check
8166,CUST-001250,2026-07-16,100.02,payment,success,Mailed check
8167,CUST-001250,2026-08-16,100.02,payment,success,Mailed check
8168,CUST-001251,2026-03-16,54.03,payment,success,Credit card
8169,CUST-001251,2026-04-16,54.03,failed_payment,failed,Credit card
8170,CUST-001251,2026-05-16,54.03,failed_payment,failed,Credit card
8171,CUST-001251,2026-05-19,54.03,payment,success,Credit card
8172,CUST-001251,2026-06-16,54.03,failed_payment,failed,Credit card
8173,CUST-001251,2026-07-16,54.03,payment,success,Credit card
8174,CUST-001251,2026-08-16,54.03,failed_payment,failed,Credit card
8175,CUST-001252,2026-03-16,34.98,payment,success,Mailed check
8176,CUST-001252,2026-04-16,34.98,payment,success,Mailed check
8177,CUST-001252,2026-05-16,34.98,payment,success,Mailed check
8178,CUST-001252,2026-06-16,34.98,payment,success,Mailed check
8179,CUST-001252,2026-07-16,34.98,payment,success,Mailed check
8180,CUST-001252,2026-08-16,34.98,payment,success,Mailed check
8181,CUST-001253,2026-03-16,38.68,payment,success,Credit card
8182,CUST-001253,2026-04-16,38.68,payment,success,Credit card
8183,CUST-001253,2026-05-16,38.68,payment,success,Credit card
8184,CUST-001253,2026-06-16,38.68,payment,success,Credit card
8185,CUST-001253,2026-07-16,38.68,payment,success,Credit card
8186,CUST-001253,2026-08-16,38.68,payment,success,Credit card
8187,CUST-001254,2026-03-16,73.08,payment,success,Mailed check
8188,CUST-001254,2026-04-16,73.08,payment,success,Mailed check
8189,CUST-001254,2026-05-16,73.08,payment,success,Mailed check
8190,CUST-001254,2026-06-16,73.08,payment,success,Mailed check
8191,CUST-001254,2026-07-16,73.08,payment,success,Mailed check
8192,CUST-001254,2026-08-16,73.08,payment,success,Mailed check
8193,CUST-001255,2026-03-16,104.62,payment,success,Electronic check
8194,CUST-001255,2026-04-16,104.62,payment,success,Electronic check
8195,CUST-001255,2026-05-16,104.62,payment,success,Electronic check
8196,CUST-001255,2026-06-16,104.62,payment,success,Electronic check
8197,CUST-001255,2026-07-16,104.62,payment,success,Electronic check
8198,CUST-001255,2026-08-16,104.62,payment,success,Electronic check
8199,CUST-001256,2026-03-16,27.07,payment,success,Credit card
8200,CUST-001256,2026-04-16,27.07,payment,success,Credit card
8201,CUST-001256,2026-05-16,27.07,payment,success,Credit card
8202,CUST-001256,2026-06-16,27.07,payment,success,Credit card
8203,CUST-001256,2026-07-16,27.07,payment,success,Credit card
8204,CUST-001256,2026-08-16,27.07,payment,success,Credit card
8205,CUST-001257,2026-03-16,23.05,payment,success,Credit card
8206,CUST-001257,2026-04-16,23.05,payment,success,Credit card
8207,CUST-001257,2026-05-16,23.05,payment,success,Credit card
8208,CUST-001257,2026-06-16,23.05,payment,success,Credit card
8209,CUST-001257,2026-07-16,23.05,payment,success,Credit card
8210,CUST-001257,2026-08-16,23.05,payment,success,Credit card
8211,CUST-001258,2026-03-16,66.52,failed_payment,failed,Credit card
8212,CUST-001258,2026-03-19,66.52,payment,success,Credit card
8213,CUST-001258,2026-04-16,66.52,payment,success,Credit card
8214,CUST-001258,2026-05-16,66.52,payment,success,Credit card
8215,CUST-001258,2026-06-16,66.52,payment,success,Credit card
8216,CUST-001258,2026-07-16,66.52,payment,success,Credit card
8217,CUST-001258,2026-08-16,66.52,payment,success,Credit card
8218,CUST-001259,2026-03-16,115.62,payment,success,Electronic check
8219,CUST-001259,2026-04-16,115.62,payment,success,Electronic check
8220,CUST-001259,2026-05-16,115.62,payment,success,Electronic check
8221,CUST-001259,2026-06-16,115.62,payment,success,Electronic check
8222,CUST-001259,2026-07-16,115.62,payment,success,Electronic check
8223,CUST-001259,2026-08-16,115.62,failed_payment,failed,Electronic check
8224,CUST-001260,2026-03-16,47.9,payment,success,Credit card
8225,CUST-001260,2026-04-16,47.9,payment,success,Credit card
8226,CUST-001260,2026-05-16,47.9,payment,success,Credit card
8227,CUST-001260,2026-06-16,47.9,payment,success,Credit card
8228,CUST-001260,2026-07-16,47.9,payment,success,Credit card
8229,CUST-001260,2026-08-16,47.9,payment,success,Credit card
8230,CUST-001261,2026-03-16,115.92,payment,success,Mailed check
8231,CUST-001261,2026-04-16,115.92,payment,success,Mailed check
8232,CUST-001261,2026-05-16,115.92,payment,success,Mailed check
8233,CUST-001261,2026-06-16,115.92,payment,success,Mailed check
8234,CUST-001261,2026-07-16,115.92,failed_payment,failed,Mailed check
8235,CUST-001261,2026-07-19,115.92,payment,success,Mailed check
8236,CUST-001261,2026-08-16,115.92,payment,success,Mailed check
8237,CUST-001262,2026-03-16,108.77,payment,success,Credit card
8238,CUST-001262,2026-04-16,108.77,failed_payment,failed,Credit card
8239,CUST-001262,2026-04-19,108.77,payment,success,Credit card
8240,CUST-001262,2026-05-16,108.77,failed_payment,failed,Credit card
8241,CUST-001262,2026-05-19,108.77,payment,success,Credit card
8242,CUST-001262,2026-06-16,108.77,payment,success,Credit card
8243,CUST-001262,2026-07-16,108.77,payment,success,Credit card
8244,CUST-001262,2026-08-16,108.77,failed_payment,failed,Credit card
8245,CUST-001263,2026-03-16,48.31,payment,success,Credit card
8246,CUST-001263,2026-04-16,48.31,payment,success,Credit card
8247,CUST-001263,2026-05-16,48.31,payment,success,Credit card
8248,CUST-001263,2026-06-16,48.31,payment,success,Credit card
8249,CUST-001263,2026-07-16,48.31,payment,success,Credit card
8250,CUST-001263,2026-08-16,48.31,payment,success,Credit card
8251,CUST-001264,2026-03-16,101.69,payment,success,Electronic check
8252,CUST-001264,2026-04-16,101.69,failed_payment,failed,Electronic check
8253,CUST-001264,2026-04-19,101.69,payment,success,Electronic check
8254,CUST-001264,2026-05-16,101.69,payment,success,Electronic check
8255,CUST-001264,2026-06-16,101.69,payment,success,Electronic check
8256,CUST-001264,2026-07-16,101.69,payment,success,Electronic check
8257,CUST-001264,2026-08-16,101.69,payment,success,Electronic check
8258,CUST-001265,2026-03-16,88.59,payment,success,Mailed check
8259,CUST-001265,2026-04-16,88.59,payment,success,Mailed check
8260,CUST-001265,2026-05-16,88.59,payment,success,Mailed check
8261,CUST-001265,2026-06-16,88.59,payment,success,Mailed check
8262,CUST-001265,2026-07-16,88.59,payment,success,Mailed check
8263,CUST-001265,2026-08-16,88.59,failed_payment,failed,Mailed check
8264,CUST-001265,2026-08-19,88.59,payment,success,Mailed check
8265,CUST-001266,2026-03-16,71.18,payment,success,Mailed check
8266,CUST-001266,2026-04-16,71.18,payment,success,Mailed check
8267,CUST-001266,2026-05-16,71.18,payment,success,Mailed check
8268,CUST-001266,2026-06-16,71.18,payment,success,Mailed check
8269,CUST-001266,2026-07-16,71.18,payment,success,Mailed check
8270,CUST-001266,2026-08-16,71.18,failed_payment,failed,Mailed check
8271,CUST-001267,2026-03-16,62.29,failed_payment,failed,Mailed check
8272,CUST-001267,2026-03-19,62.29,payment,success,Mailed check
8273,CUST-001267,2026-04-16,62.29,payment,success,Mailed check
8274,CUST-001267,2026-05-16,62.29,payment,success,Mailed check
8275,CUST-001267,2026-06-16,62.29,payment,success,Mailed check
8276,CUST-001267,2026-07-16,62.29,failed_payment,failed,Mailed check
8277,CUST-001267,2026-08-16,62.29,payment,success,Mailed check
8278,CUST-001268,2026-03-16,101.55,payment,success,Bank transfer
8279,CUST-001268,2026-04-16,101.55,failed_payment,failed,Bank transfer
8280,CUST-001268,2026-05-16,101.55,payment,success,Bank transfer
8281,CUST-001268,2026-06-16,101.55,payment,success,Bank transfer
8282,CUST-001268,2026-07-16,101.55,payment,success,Bank transfer
8283,CUST-001268,2026-08-16,101.55,payment,success,Bank transfer
8284,CUST-001269,2026-03-16,99.31,payment,success,Mailed check
8285,CUST-001269,2026-04-16,99.31,payment,success,Mailed check
8286,CUST-001269,2026-05-16,99.31,payment,success,Mailed check
8287,CUST-001269,2026-06-16,99.31,payment,success,Mailed check
8288,CUST-001269,2026-07-16,99.31,payment,success,Mailed check
8289,CUST-001269,2026-08-16,99.31,payment,success,Mailed check
8290,CUST-001270,2026-03-16,95.69,payment,success,Bank transfer
8291,CUST-001270,2026-04-16,95.69,payment,success,Bank transfer
8292,CUST-001270,2026-05-16,95.69,payment,success,Bank transfer
8293,CUST-001270,2026-06-16,95.69,payment,success,Bank transfer
8294,CUST-001270,2026-07-16,95.69,failed_payment,failed,Bank transfer
8295,CUST-001270,2026-07-19,95.69,payment,success,Bank transfer
8296,CUST-001270,2026-08-16,95.69,payment,success,Bank transfer
8297,CUST-001271,2026-03-16,119.83,payment,success,Bank transfer
8298,CUST-001271,2026-04-16,119.83,payment,success,Bank transfer
8299,CUST-001271,2026-05-16,119.83,payment,success,Bank transfer
8300,CUST-001271,2026-06-16,119.83,payment,success,Bank transfer
8301,CUST-001271,2026-07-16,119.83,payment,success,Bank transfer
8302,CUST-001271,2026-08-16,119.83,payment,success,Bank transfer
8303,CUST-001272,2026-03-16,67.85,payment,success,Electronic check
8304,CUST-001272,2026-04-16,67.85,payment,success,Electronic check
8305,CUST-001272,2026-05-16,67.85,payment,success,Electronic check
8306,CUST-001272,2026-06-16,67.85,payment,success,Electronic check
8307,CUST-001272,2026-07-16,67.85,payment,success,Electronic check
8308,CUST-001272,2026-08-16,67.85,payment,success,Electronic check
8309,CUST-001273,2026-03-16,100.69,payment,success,Electronic check
8310,CUST-001273,2026-04-16,100.69,payment,success,Electronic check
8311,CUST-001273,2026-05-16,100.69,payment,success,Electronic check
8312,CUST-001273,2026-06-16,100.69,failed_payment,failed,Electronic check
8313,CUST-001273,2026-06-19,100.69,payment,success,Electronic check
8314,CUST-001273,2026-07-16,100.69,payment,success,Electronic check
8315,CUST-001273,2026-08-16,100.69,failed_payment,failed,Electronic check
8316,CUST-001273,2026-08-19,100.69,payment,success,Electronic check
8317,CUST-001274,2026-03-16,106.25,payment,success,Bank transfer
8318,CUST-001274,2026-04-16,106.25,payment,success,Bank transfer
8319,CUST-001274,2026-05-16,106.25,payment,success,Bank transfer
8320,CUST-001274,2026-06-16,106.25,payment,success,Bank transfer
8321,CUST-001274,2026-07-16,106.25,payment,success,Bank transfer
8322,CUST-001274,2026-08-16,106.25,payment,success,Bank transfer
8323,CUST-001275,2026-03-16,41.16,payment,success,Electronic check
8324,CUST-001275,2026-04-16,41.16,payment,success,Electronic check
8325,CUST-001275,2026-05-16,41.16,payment,success,Electronic check
8326,CUST-001275,2026-06-16,41.16,payment,success,Electronic check
8327,CUST-001275,2026-07-16,41.16,payment,success,Electronic check
8328,CUST-001275,2026-08-16,41.16,payment,success,Electronic check
8329,CUST-001276,2026-03-16,24.21,payment,success,Electronic check
8330,CUST-001276,2026-04-16,24.21,failed_payment,failed,Electronic check
8331,CUST-001276,2026-05-16,24.21,failed_payment,failed,Electronic check
8332,CUST-001276,2026-05-19,24.21,payment,success,Electronic check
8333,CUST-001276,2026-06-16,24.21,payment,success,Electronic check
8334,CUST-001276,2026-07-16,24.21,failed_payment,failed,Electronic check
8335,CUST-001276,2026-08-16,24.21,payment,success,Electronic check
8336,CUST-001277,2026-03-16,60.47,payment,success,Bank transfer
8337,CUST-001277,2026-04-16,60.47,payment,success,Bank transfer
8338,CUST-001277,2026-05-16,60.47,payment,success,Bank transfer
8339,CUST-001277,2026-06-16,60.47,payment,success,Bank transfer
8340,CUST-001277,2026-07-16,60.47,failed_payment,failed,Bank transfer
8341,CUST-001277,2026-07-19,60.47,payment,success,Bank transfer
8342,CUST-001277,2026-08-16,60.47,payment,success,Bank transfer
8343,CUST-001278,2026-03-16,105.67,payment,success,Mailed check
8344,CUST-001278,2026-04-16,105.67,payment,success,Mailed check
8345,CUST-001278,2026-05-16,105.67,payment,success,Mailed check
8346,CUST-001278,2026-06-16,105.67,payment,success,Mailed check
8347,CUST-001278,2026-07-16,105.67,payment,success,Mailed check
8348,CUST-001278,2026-08-16,105.67,payment,success,Mailed check
8349,CUST-001279,2026-03-16,48.91,payment,success,Electronic check
8350,CUST-001279,2026-04-16,48.91,payment,success,Electronic check
8351,CUST-001279,2026-05-16,48.91,payment,success,Electronic check
8352,CUST-001279,2026-06-16,48.91,payment,success,Electronic check
8353,CUST-001279,2026-07-16,48.91,payment,success,Electronic check
8354,CUST-001279,2026-08-16,48.91,payment,success,Electronic check
8355,CUST-001280,2026-03-16,90.0,payment,success,Mailed check
8356,CUST-001280,2026-04-16,90.0,payment,success,Mailed check
8357,CUST-001280,2026-05-16,90.0,payment,success,Mailed check
8358,CUST-001280,2026-06-16,90.0,payment,success,Mailed check
8359,CUST-001280,2026-07-16,90.0,failed_payment,failed,Mailed check
8360,CUST-001280,2026-07-19,90.0,payment,success,Mailed check
8361,CUST-001280,2026-08-16,90.0,payment,success,Mailed check
8362,CUST-001281,2026-03-16,20.73,payment,success,Bank transfer
8363,CUST-001281,2026-04-16,20.73,payment,success,Bank transfer
8364,CUST-001281,2026-05-16,20.73,payment,success,Bank transfer
8365,CUST-001281,2026-06-16,20.73,payment,success,Bank transfer
8366,CUST-001281,2026-07-16,20.73,payment,success,Bank transfer
8367,CUST-001281,2026-08-16,20.73,payment,success,Bank transfer
8368,CUST-001282,2026-03-16,55.54,payment,success,Credit card
8369,CUST-001282,2026-04-16,55.54,payment,success,Credit card
8370,CUST-001282,2026-05-16,55.54,payment,success,Credit card
8371,CUST-001282,2026-06-16,55.54,payment,success,Credit card
8372,CUST-001282,2026-07-16,55.54,payment,success,Credit card
8373,CUST-001282,2026-08-16,55.54,payment,success,Credit card
8374,CUST-001283,2026-03-16,81.55,payment,success,Credit card
8375,CUST-001283,2026-04-16,81.55,payment,success,Credit card
8376,CUST-001283,2026-05-16,81.55,payment,success,Credit card
8377,CUST-001283,2026-06-16,81.55,payment,success,Credit card
8378,CUST-001283,2026-07-16,81.55,payment,success,Credit card
8379,CUST-001283,2026-08-16,81.55,payment,success,Credit card
8380,CUST-001284,2026-03-16,32.98,payment,success,Bank transfer
8381,CUST-001284,2026-04-16,32.98,payment,success,Bank transfer
8382,CUST-001284,2026-05-16,32.98,payment,success,Bank transfer
8383,CUST-001284,2026-06-16,32.98,payment,success,Bank transfer
8384,CUST-001284,2026-07-16,32.98,payment,success,Bank transfer
8385,CUST-001284,2026-08-16,32.98,payment,success,Bank transfer
8386,CUST-001285,2026-03-16,109.66,payment,success,Credit card
8387,CUST-001285,2026-04-16,109.66,payment,success,Credit card
8388,CUST-001285,2026-05-16,109.66,payment,success,Credit card
8389,CUST-001285,2026-06-16,109.66,payment,success,Credit card
8390,CUST-001285,2026-07-16,109.66,payment,success,Credit card
8391,CUST-001285,2026-08-16,109.66,payment,success,Credit card
8392,CUST-001286,2026-03-16,35.63,payment,success,Bank transfer
8393,CUST-001286,2026-04-16,35.63,payment,success,Bank transfer
8394,CUST-001286,2026-05-16,35.63,payment,success,Bank transfer
8395,CUST-001286,2026-06-16,35.63,payment,success,Bank transfer
8396,CUST-001286,2026-07-16,35.63,payment,success,Bank transfer
8397,CUST-001286,2026-08-16,35.63,payment,success,Bank transfer
8398,CUST-001287,2026-03-16,110.98,failed_payment,failed,Mailed check
8399,CUST-001287,2026-03-19,110.98,payment,success,Mailed check
8400,CUST-001287,2026-04-16,110.98,payment,success,Mailed check
8401,CUST-001287,2026-05-16,110.98,payment,success,Mailed check
8402,CUST-001287,2026-06-16,110.98,payment,success,Mailed check
8403,CUST-001287,2026-07-16,110.98,payment,success,Mailed check
8404,CUST-001287,2026-08-16,110.98,payment,success,Mailed check
8405,CUST-001288,2026-03-16,41.64,payment,success,Credit card
8406,CUST-001288,2026-04-16,41.64,payment,success,Credit card
8407,CUST-001288,2026-05-16,41.64,payment,success,Credit card
8408,CUST-001288,2026-06-16,41.64,payment,success,Credit card
8409,CUST-001288,2026-07-16,41.64,payment,success,Credit card
8410,CUST-001288,2026-08-16,41.64,payment,success,Credit card
8411,CUST-001289,2026-03-16,119.43,payment,success,Mailed check
8412,CUST-001289,2026-04-16,119.43,payment,success,Mailed check
8413,CUST-001289,2026-05-16,119.43,payment,success,Mailed check
8414,CUST-001289,2026-06-16,119.43,payment,success,Mailed check
8415,CUST-001289,2026-07-16,119.43,payment,success,Mailed check
8416,CUST-001289,2026-08-16,119.43,payment,success,Mailed check
8417,CUST-001290,2026-03-16,80.47,payment,success,Credit card
8418,CUST-001290,2026-04-16,80.47,payment,success,Credit card
8419,CUST-001290,2026-05-16,80.47,payment,success,Credit card
8420,CUST-001290,2026-06-16,80.47,payment,success,Credit card
8421,CUST-001290,2026-07-16,80.47,failed_payment,failed,Credit card
8422,CUST-001290,2026-08-16,80.47,payment,success,Credit card
8423,CUST-001291,2026-03-16,28.43,failed_payment,failed,Credit card
8424,CUST-001291,2026-03-19,28.43,payment,success,Credit card
8425,CUST-001291,2026-04-16,28.43,failed_payment,failed,Credit card
8426,CUST-001291,2026-05-16,28.43,payment,success,Credit card
8427,CUST-001291,2026-06-16,28.43,failed_payment,failed,Credit card
8428,CUST-001291,2026-06-19,28.43,payment,success,Credit card
8429,CUST-001291,2026-07-16,28.43,payment,success,Credit card
8430,CUST-001291,2026-08-16,28.43,failed_payment,failed,Credit card
8431,CUST-001292,2026-03-16,26.53,payment,success,Mailed check
8432,CUST-001292,2026-04-16,26.53,payment,success,Mailed check
8433,CUST-001292,2026-05-16,26.53,payment,success,Mailed check
8434,CUST-001292,2026-06-16,26.53,payment,success,Mailed check
8435,CUST-001292,2026-07-16,26.53,payment,success,Mailed check
8436,CUST-001292,2026-08-16,26.53,failed_payment,failed,Mailed check
8437,CUST-001293,2026-03-16,27.49,payment,success,Bank transfer
8438,CUST-001293,2026-04-16,27.49,failed_payment,failed,Bank transfer
8439,CUST-001293,2026-04-19,27.49,payment,success,Bank transfer
8440,CUST-001293,2026-05-16,27.49,payment,success,Bank transfer
8441,CUST-001293,2026-06-16,27.49,payment,success,Bank transfer
8442,CUST-001293,2026-07-16,27.49,payment,success,Bank transfer
8443,CUST-001293,2026-08-16,27.49,payment,success,Bank transfer
8444,CUST-001294,2026-03-16,78.99,payment,success,Credit card
8445,CUST-001294,2026-04-16,78.99,payment,success,Credit card
8446,CUST-001294,2026-05-16,78.99,payment,success,Credit card
8447,CUST-001294,2026-06-16,78.99,payment,success,Credit card
8448,CUST-001294,2026-07-16,78.99,payment,success,Credit card
8449,CUST-001294,2026-08-16,78.99,payment,success,Credit card
8450,CUST-001295,2026-03-16,100.96,payment,success,Credit card
8451,CUST-001295,2026-04-16,100.96,payment,success,Credit card
8452,CUST-001295,2026-05-16,100.96,payment,success,Credit card
8453,CUST-001295,2026-06-16,100.96,payment,success,Credit card
8454,CUST-001295,2026-07-16,100.96,payment,success,Credit card
8455,CUST-001295,2026-08-16,100.96,payment,success,Credit card
8456,CUST-001296,2026-03-16,60.3,payment,success,Electronic check
8457,CUST-001296,2026-04-16,60.3,payment,success,Electronic check
8458,CUST-001296,2026-05-16,60.3,payment,success,Electronic check
8459,CUST-001296,2026-06-16,60.3,payment,success,Electronic check
8460,CUST-001296,2026-07-16,60.3,payment,success,Electronic check
8461,CUST-001296,2026-08-16,60.3,payment,success,Electronic check
8462,CUST-001297,2026-03-16,64.48,failed_payment,failed,Credit card
8463,CUST-001297,2026-03-19,64.48,payment,success,Credit card
8464,CUST-001297,2026-04-16,64.48,payment,success,Credit card
8465,CUST-001297,2026-05-16,64.48,payment,success,Credit card
8466,CUST-001297,2026-06-16,64.48,payment,success,Credit card
8467,CUST-001297,2026-07-16,64.48,failed_payment,failed,Credit card
8468,CUST-001297,2026-07-19,64.48,payment,success,Credit card
8469,CUST-001297,2026-08-16,64.48,payment,success,Credit card
8470,CUST-001298,2026-03-16,78.93,payment,success,Bank transfer
8471,CUST-001298,2026-04-16,78.93,payment,success,Bank transfer
8472,CUST-001298,2026-05-16,78.93,payment,success,Bank transfer
8473,CUST-001298,2026-06-16,78.93,payment,success,Bank transfer
8474,CUST-001298,2026-07-16,78.93,failed_payment,failed,Bank transfer
8475,CUST-001298,2026-07-19,78.93,payment,success,Bank transfer
8476,CUST-001298,2026-08-16,78.93,payment,success,Bank transfer
8477,CUST-001299,2026-03-16,73.3,failed_payment,failed,Electronic check
8478,CUST-001299,2026-03-19,73.3,payment,success,Electronic check
8479,CUST-001299,2026-04-16,73.3,payment,success,Electronic check
8480,CUST-001299,2026-05-16,73.3,payment,success,Electronic check
8481,CUST-001299,2026-06-16,73.3,payment,success,Electronic check
8482,CUST-001299,2026-07-16,73.3,payment,success,Electronic check
8483,CUST-001299,2026-08-16,73.3,payment,success,Electronic check
8484,CUST-001300,2026-03-16,88.81,payment,success,Electronic check
8485,CUST-001300,2026-04-16,88.81,payment,success,Electronic check
8486,CUST-001300,2026-05-16,88.81,payment,success,Electronic check
8487,CUST-001300,2026-06-16,88.81,payment,success,Electronic check
8488,CUST-001300,2026-07-16,88.81,failed_payment,failed,Electronic check
8489,CUST-001300,2026-08-16,88.81,payment,success,Electronic check
8490,CUST-001301,2026-03-16,67.18,payment,success,Bank transfer
8491,CUST-001301,2026-04-16,67.18,payment,success,Bank transfer
8492,CUST-001301,2026-05-16,67.18,payment,success,Bank transfer
8493,CUST-001301,2026-06-16,67.18,payment,success,Bank transfer
8494,CUST-001301,2026-07-16,67.18,payment,success,Bank transfer
8495,CUST-001301,2026-08-16,67.18,payment,success,Bank transfer
8496,CUST-001302,2026-03-16,91.39,payment,success,Mailed check
8497,CUST-001302,2026-04-16,91.39,payment,success,Mailed check
8498,CUST-001302,2026-05-16,91.39,payment,success,Mailed check
8499,CUST-001302,2026-06-16,91.39,payment,success,Mailed check
8500,CUST-001302,2026-07-16,91.39,payment,success,Mailed check
8501,CUST-001302,2026-08-16,91.39,payment,success,Mailed check
8502,CUST-001303,2026-03-16,119.73,payment,success,Electronic check
8503,CUST-001303,2026-04-16,119.73,payment,success,Electronic check
8504,CUST-001303,2026-05-16,119.73,payment,success,Electronic check
8505,CUST-001303,2026-06-16,119.73,payment,success,Electronic check
8506,CUST-001303,2026-07-16,119.73,failed_payment,failed,Electronic check
8507,CUST-001303,2026-08-16,119.73,payment,success,Electronic check
8508,CUST-001304,2026-03-16,55.03,payment,success,Bank transfer
8509,CUST-001304,2026-04-16,55.03,payment,success,Bank transfer
8510,CUST-001304,2026-05-16,55.03,payment,success,Bank transfer
8511,CUST-001304,2026-06-16,55.03,payment,success,Bank transfer
8512,CUST-001304,2026-07-16,55.03,payment,success,Bank transfer
8513,CUST-001304,2026-08-16,55.03,payment,success,Bank transfer
8514,CUST-001305,2026-03-16,21.22,payment,success,Bank transfer
8515,CUST-001305,2026-04-16,21.22,payment,success,Bank transfer
8516,CUST-001305,2026-05-16,21.22,payment,success,Bank transfer
8517,CUST-001305,2026-06-16,21.22,payment,success,Bank transfer
8518,CUST-001305,2026-07-16,21.22,payment,success,Bank transfer
8519,CUST-001305,2026-08-16,21.22,payment,success,Bank transfer
8520,CUST-001306,2026-03-16,32.56,payment,success,Electronic check
8521,CUST-001306,2026-04-16,32.56,payment,success,Electronic check
8522,CUST-001306,2026-05-16,32.56,payment,success,Electronic check
8523,CUST-001306,2026-06-16,32.56,payment,success,Electronic check
8524,CUST-001306,2026-07-16,32.56,payment,success,Electronic check
8525,CUST-001306,2026-08-16,32.56,failed_payment,failed,Electronic check
8526,CUST-001307,2026-03-16,75.35,payment,success,Mailed check
8527,CUST-001307,2026-04-16,75.35,payment,success,Mailed check
8528,CUST-001307,2026-05-16,75.35,payment,success,Mailed check
8529,CUST-001307,2026-06-16,75.35,payment,success,Mailed check
8530,CUST-001307,2026-07-16,75.35,payment,success,Mailed check
8531,CUST-001307,2026-08-16,75.35,payment,success,Mailed check
8532,CUST-001308,2026-03-16,54.43,payment,success,Mailed check
8533,CUST-001308,2026-04-16,54.43,payment,success,Mailed check
8534,CUST-001308,2026-05-16,54.43,payment,success,Mailed check
8535,CUST-001308,2026-06-16,54.43,payment,success,Mailed check
8536,CUST-001308,2026-07-16,54.43,payment,success,Mailed check
8537,CUST-001308,2026-08-16,54.43,payment,success,Mailed check
8538,CUST-001309,2026-03-16,114.0,payment,success,Credit card
8539,CUST-001309,2026-04-16,114.0,payment,success,Credit card
8540,CUST-001309,2026-05-16,114.0,failed_payment,failed,Credit card
8541,CUST-001309,2026-05-19,114.0,payment,success,Credit card
8542,CUST-001309,2026-06-16,114.0,failed_payment,failed,Credit card
8543,CUST-001309,2026-06-19,114.0,payment,success,Credit card
8544,CUST-001309,2026-07-16,114.0,failed_payment,failed,Credit card
8545,CUST-001309,2026-07-19,114.0,payment,success,Credit card
8546,CUST-001309,2026-08-16,114.0,failed_payment,failed,Credit card
8547,CUST-001310,2026-03-16,82.74,payment,success,Bank transfer
8548,CUST-001310,2026-04-16,82.74,payment,success,Bank transfer
8549,CUST-001310,2026-05-16,82.74,payment,success,Bank transfer
8550,CUST-001310,2026-06-16,82.74,payment,success,Bank transfer
8551,CUST-001310,2026-07-16,82.74,payment,success,Bank transfer
8552,CUST-001310,2026-08-16,82.74,payment,success,Bank transfer
8553,CUST-001311,2026-03-16,72.04,payment,success,Electronic check
8554,CUST-001311,2026-04-16,72.04,payment,success,Electronic check
8555,CUST-001311,2026-05-16,72.04,payment,success,Electronic check
8556,CUST-001311,2026-06-16,72.04,payment,success,Electronic check
8557,CUST-001311,2026-07-16,72.04,payment,success,Electronic check
8558,CUST-001311,2026-08-16,72.04,payment,success,Electronic check
8559,CUST-001312,2026-03-16,99.8,payment,success,Bank transfer
8560,CUST-001312,2026-04-16,99.8,failed_payment,failed,Bank transfer
8561,CUST-001312,2026-05-16,99.8,failed_payment,failed,Bank transfer
8562,CUST-001312,2026-05-19,99.8,payment,success,Bank transfer
8563,CUST-001312,2026-06-16,99.8,payment,success,Bank transfer
8564,CUST-001312,2026-07-16,99.8,payment,success,Bank transfer
8565,CUST-001312,2026-08-16,99.8,payment,success,Bank transfer
8566,CUST-001313,2026-03-16,45.86,payment,success,Credit card
8567,CUST-001313,2026-04-16,45.86,payment,success,Credit card
8568,CUST-001313,2026-05-16,45.86,payment,success,Credit card
8569,CUST-001313,2026-06-16,45.86,payment,success,Credit card
8570,CUST-001313,2026-07-16,45.86,payment,success,Credit card
8571,CUST-001313,2026-08-16,45.86,payment,success,Credit card
8572,CUST-001314,2026-03-16,101.97,payment,success,Electronic check
8573,CUST-001314,2026-04-16,101.97,payment,success,Electronic check
8574,CUST-001314,2026-05-16,101.97,payment,success,Electronic check
8575,CUST-001314,2026-06-16,101.97,payment,success,Electronic check
8576,CUST-001314,2026-07-16,101.97,payment,success,Electronic check
8577,CUST-001314,2026-08-16,101.97,payment,success,Electronic check
8578,CUST-001315,2026-03-16,20.31,payment,success,Credit card
8579,CUST-001315,2026-04-16,20.31,payment,success,Credit card
8580,CUST-001315,2026-05-16,20.31,payment,success,Credit card
8581,CUST-001315,2026-06-16,20.31,payment,success,Credit card
8582,CUST-001315,2026-07-16,20.31,payment,success,Credit card
8583,CUST-001315,2026-08-16,20.31,failed_payment,failed,Credit card
8584,CUST-001315,2026-08-19,20.31,payment,success,Credit card
8585,CUST-001316,2026-03-16,81.97,payment,success,Electronic check
8586,CUST-001316,2026-04-16,81.97,payment,success,Electronic check
8587,CUST-001316,2026-05-16,81.97,payment,success,Electronic check
8588,CUST-001316,2026-06-16,81.97,payment,success,Electronic check
8589,CUST-001316,2026-07-16,81.97,payment,success,Electronic check
8590,CUST-001316,2026-08-16,81.97,payment,success,Electronic check
8591,CUST-001317,2026-03-16,113.48,payment,success,Bank transfer
8592,CUST-001317,2026-04-16,113.48,payment,success,Bank transfer
8593,CUST-001317,2026-05-16,113.48,payment,success,Bank transfer
8594,CUST-001317,2026-06-16,113.48,payment,success,Bank transfer
8595,CUST-001317,2026-07-16,113.48,payment,success,Bank transfer
8596,CUST-001317,2026-08-16,113.48,payment,success,Bank transfer
8597,CUST-001318,2026-03-16,98.79,payment,success,Mailed check
8598,CUST-001318,2026-04-16,98.79,payment,success,Mailed check
8599,CUST-001318,2026-05-16,98.79,failed_payment,failed,Mailed check
8600,CUST-001318,2026-05-19,98.79,payment,success,Mailed check
8601,CUST-001318,2026-06-16,98.79,payment,success,Mailed check
8602,CUST-001318,2026-07-16,98.79,failed_payment,failed,Mailed check
8603,CUST-001318,2026-07-19,98.79,payment,success,Mailed check
8604,CUST-001318,2026-08-16,98.79,payment,success,Mailed check
8605,CUST-001319,2026-03-16,105.36,payment,success,Bank transfer
8606,CUST-001319,2026-04-16,105.36,payment,success,Bank transfer
8607,CUST-001319,2026-05-16,105.36,payment,success,Bank transfer
8608,CUST-001319,2026-06-16,105.36,payment,success,Bank transfer
8609,CUST-001319,2026-07-16,105.36,payment,success,Bank transfer
8610,CUST-001319,2026-08-16,105.36,payment,success,Bank transfer
8611,CUST-001320,2026-03-16,59.7,payment,success,Credit card
8612,CUST-001320,2026-04-16,59.7,payment,success,Credit card
8613,CUST-001320,2026-05-16,59.7,payment,success,Credit card
8614,CUST-001320,2026-06-16,59.7,payment,success,Credit card
8615,CUST-001320,2026-07-16,59.7,payment,success,Credit card
8616,CUST-001320,2026-08-16,59.7,payment,success,Credit card
8617,CUST-001321,2026-03-16,102.42,failed_payment,failed,Credit card
8618,CUST-001321,2026-04-16,102.42,failed_payment,failed,Credit card
8619,CUST-001321,2026-05-16,102.42,payment,success,Credit card
8620,CUST-001321,2026-06-16,102.42,payment,success,Credit card
8621,CUST-001321,2026-07-16,102.42,failed_payment,failed,Credit card
8622,CUST-001321,2026-07-19,102.42,payment,success,Credit card
8623,CUST-001321,2026-08-16,102.42,failed_payment,failed,Credit card
8624,CUST-001321,2026-08-19,102.42,payment,success,Credit card
8625,CUST-001322,2026-03-16,75.08,failed_payment,failed,Credit card
8626,CUST-001322,2026-03-19,75.08,payment,success,Credit card
8627,CUST-001322,2026-04-16,75.08,payment,success,Credit card
8628,CUST-001322,2026-05-16,75.08,payment,success,Credit card
8629,CUST-001322,2026-06-16,75.08,payment,success,Credit card
8630,CUST-001322,2026-07-16,75.08,failed_payment,failed,Credit card
8631,CUST-001322,2026-08-16,75.08,failed_payment,failed,Credit card
8632,CUST-001323,2026-03-16,81.85,failed_payment,failed,Credit card
8633,CUST-001323,2026-03-19,81.85,payment,success,Credit card
8634,CUST-001323,2026-04-16,81.85,payment,success,Credit card
8635,CUST-001323,2026-05-16,81.85,payment,success,Credit card
8636,CUST-001323,2026-06-16,81.85,payment,success,Credit card
8637,CUST-001323,2026-07-16,81.85,payment,success,Credit card
8638,CUST-001323,2026-08-16,81.85,payment,success,Credit card
8639,CUST-001324,2026-03-16,25.89,payment,success,Mailed check
8640,CUST-001324,2026-04-16,25.89,payment,success,Mailed check
8641,CUST-001324,2026-05-16,25.89,failed_payment,failed,Mailed check
8642,CUST-001324,2026-06-16,25.89,payment,success,Mailed check
8643,CUST-001324,2026-07-16,25.89,payment,success,Mailed check
8644,CUST-001324,2026-08-16,25.89,payment,success,Mailed check
8645,CUST-001325,2026-03-16,40.16,payment,success,Mailed check
8646,CUST-001325,2026-04-16,40.16,payment,success,Mailed check
8647,CUST-001325,2026-05-16,40.16,payment,success,Mailed check
8648,CUST-001325,2026-06-16,40.16,payment,success,Mailed check
8649,CUST-001325,2026-07-16,40.16,payment,success,Mailed check
8650,CUST-001325,2026-08-16,40.16,payment,success,Mailed check
8651,CUST-001326,2026-03-16,75.1,payment,success,Bank transfer
8652,CUST-001326,2026-04-16,75.1,payment,success,Bank transfer
8653,CUST-001326,2026-05-16,75.1,payment,success,Bank transfer
8654,CUST-001326,2026-06-16,75.1,payment,success,Bank transfer
8655,CUST-001326,2026-07-16,75.1,payment,success,Bank transfer
8656,CUST-001326,2026-08-16,75.1,payment,success,Bank transfer
8657,CUST-001327,2026-03-16,25.88,payment,success,Electronic check
8658,CUST-001327,2026-04-16,25.88,payment,success,Electronic check
8659,CUST-001327,2026-05-16,25.88,payment,success,Electronic check
8660,CUST-001327,2026-06-16,25.88,payment,success,Electronic check
8661,CUST-001327,2026-07-16,25.88,payment,success,Electronic check
8662,CUST-001327,2026-08-16,25.88,payment,success,Electronic check
8663,CUST-001328,2026-03-16,94.14,payment,success,Bank transfer
8664,CUST-001328,2026-04-16,94.14,payment,success,Bank transfer
8665,CUST-001328,2026-05-16,94.14,payment,success,Bank transfer
8666,CUST-001328,2026-06-16,94.14,payment,success,Bank transfer
8667,CUST-001328,2026-07-16,94.14,payment,success,Bank transfer
8668,CUST-001328,2026-08-16,94.14,payment,success,Bank transfer
8669,CUST-001329,2026-03-16,104.01,payment,success,Bank transfer
8670,CUST-001329,2026-04-16,104.01,payment,success,Bank transfer
8671,CUST-001329,2026-05-16,104.01,payment,success,Bank transfer
8672,CUST-001329,2026-06-16,104.01,failed_payment,failed,Bank transfer
8673,CUST-001329,2026-06-19,104.01,payment,success,Bank transfer
8674,CUST-001329,2026-07-16,104.01,failed_payment,failed,Bank transfer
8675,CUST-001329,2026-07-19,104.01,payment,success,Bank transfer
8676,CUST-001329,2026-08-16,104.01,payment,success,Bank transfer
8677,CUST-001330,2026-03-16,112.04,payment,success,Credit card
8678,CUST-001330,2026-04-16,112.04,failed_payment,failed,Credit card
8679,CUST-001330,2026-04-19,112.04,payment,success,Credit card
8680,CUST-001330,2026-05-16,112.04,failed_payment,failed,Credit card
8681,CUST-001330,2026-06-16,112.04,failed_payment,failed,Credit card
8682,CUST-001330,2026-06-19,112.04,payment,success,Credit card
8683,CUST-001330,2026-07-16,112.04,failed_payment,failed,Credit card
8684,CUST-001330,2026-08-16,112.04,failed_payment,failed,Credit card
8685,CUST-001331,2026-03-16,30.18,payment,success,Electronic check
8686,CUST-001331,2026-04-16,30.18,payment,success,Electronic check
8687,CUST-001331,2026-05-16,30.18,payment,success,Electronic check
8688,CUST-001331,2026-06-16,30.18,payment,success,Electronic check
8689,CUST-001331,2026-07-16,30.18,payment,success,Electronic check
8690,CUST-001331,2026-08-16,30.18,payment,success,Electronic check
8691,CUST-001332,2026-03-16,113.97,payment,success,Electronic check
8692,CUST-001332,2026-04-16,113.97,payment,success,Electronic check
8693,CUST-001332,2026-05-16,113.97,payment,success,Electronic check
8694,CUST-001332,2026-06-16,113.97,payment,success,Electronic check
8695,CUST-001332,2026-07-16,113.97,payment,success,Electronic check
8696,CUST-001332,2026-08-16,113.97,payment,success,Electronic check
8697,CUST-001333,2026-03-16,26.76,payment,success,Electronic check
8698,CUST-001333,2026-04-16,26.76,payment,success,Electronic check
8699,CUST-001333,2026-05-16,26.76,payment,success,Electronic check
8700,CUST-001333,2026-06-16,26.76,payment,success,Electronic check
8701,CUST-001333,2026-07-16,26.76,payment,success,Electronic check
8702,CUST-001333,2026-08-16,26.76,payment,success,Electronic check
8703,CUST-001334,2026-03-16,67.41,payment,success,Bank transfer
8704,CUST-001334,2026-04-16,67.41,payment,success,Bank transfer
8705,CUST-001334,2026-05-16,67.41,payment,success,Bank transfer
8706,CUST-001334,2026-06-16,67.41,payment,success,Bank transfer
8707,CUST-001334,2026-07-16,67.41,payment,success,Bank transfer
8708,CUST-001334,2026-08-16,67.41,payment,success,Bank transfer
8709,CUST-001335,2026-03-16,104.03,payment,success,Bank transfer
8710,CUST-001335,2026-04-16,104.03,payment,success,Bank transfer
8711,CUST-001335,2026-05-16,104.03,payment,success,Bank transfer
8712,CUST-001335,2026-06-16,104.03,payment,success,Bank transfer
8713,CUST-001335,2026-07-16,104.03,payment,success,Bank transfer
8714,CUST-001335,2026-08-16,104.03,failed_payment,failed,Bank transfer
8715,CUST-001335,2026-08-19,104.03,payment,success,Bank transfer
8716,CUST-001336,2026-03-16,27.03,payment,success,Bank transfer
8717,CUST-001336,2026-04-16,27.03,payment,success,Bank transfer
8718,CUST-001336,2026-05-16,27.03,payment,success,Bank transfer
8719,CUST-001336,2026-06-16,27.03,payment,success,Bank transfer
8720,CUST-001336,2026-07-16,27.03,payment,success,Bank transfer
8721,CUST-001336,2026-08-16,27.03,payment,success,Bank transfer
8722,CUST-001337,2026-03-16,21.82,payment,success,Electronic check
8723,CUST-001337,2026-04-16,21.82,payment,success,Electronic check
8724,CUST-001337,2026-05-16,21.82,payment,success,Electronic check
8725,CUST-001337,2026-06-16,21.82,payment,success,Electronic check
8726,CUST-001337,2026-07-16,21.82,payment,success,Electronic check
8727,CUST-001337,2026-08-16,21.82,payment,success,Electronic check
8728,CUST-001338,2026-03-16,22.49,failed_payment,failed,Mailed check
8729,CUST-001338,2026-03-19,22.49,payment,success,Mailed check
8730,CUST-001338,2026-04-16,22.49,payment,success,Mailed check
8731,CUST-001338,2026-05-16,22.49,payment,success,Mailed check
8732,CUST-001338,2026-06-16,22.49,payment,success,Mailed check
8733,CUST-001338,2026-07-16,22.49,payment,success,Mailed check
8734,CUST-001338,2026-08-16,22.49,payment,success,Mailed check
8735,CUST-001339,2026-03-16,71.13,payment,success,Mailed check
8736,CUST-001339,2026-04-16,71.13,payment,success,Mailed check
8737,CUST-001339,2026-05-16,71.13,payment,success,Mailed check
8738,CUST-001339,2026-06-16,71.13,payment,success,Mailed check
8739,CUST-001339,2026-07-16,71.13,payment,success,Mailed check
8740,CUST-001339,2026-08-16,71.13,payment,success,Mailed check
8741,CUST-001340,2026-03-16,101.16,payment,success,Electronic check
8742,CUST-001340,2026-04-16,101.16,payment,success,Electronic check
8743,CUST-001340,2026-05-16,101.16,payment,success,Electronic check
8744,CUST-001340,2026-06-16,101.16,failed_payment,failed,Electronic check
8745,CUST-001340,2026-06-19,101.16,payment,success,Electronic check
8746,CUST-001340,2026-07-16,101.16,failed_payment,failed,Electronic check
8747,CUST-001340,2026-07-19,101.16,payment,success,Electronic check
8748,CUST-001340,2026-08-16,101.16,failed_payment,failed,Electronic check
8749,CUST-001340,2026-08-19,101.16,payment,success,Electronic check
8750,CUST-001341,2026-03-16,32.74,payment,success,Credit card
8751,CUST-001341,2026-04-16,32.74,payment,success,Credit card
8752,CUST-001341,2026-05-16,32.74,payment,success,Credit card
8753,CUST-001341,2026-06-16,32.74,payment,success,Credit card
8754,CUST-001341,2026-07-16,32.74,payment,success,Credit card
8755,CUST-001341,2026-08-16,32.74,payment,success,Credit card
8756,CUST-001342,2026-03-16,32.46,payment,success,Electronic check
8757,CUST-001342,2026-04-16,32.46,payment,success,Electronic check
8758,CUST-001342,2026-05-16,32.46,payment,success,Electronic check
8759,CUST-001342,2026-06-16,32.46,payment,success,Electronic check
8760,CUST-001342,2026-07-16,32.46,payment,success,Electronic check
8761,CUST-001342,2026-08-16,32.46,payment,success,Electronic check
8762,CUST-001343,2026-03-16,76.85,payment,success,Bank transfer
8763,CUST-001343,2026-04-16,76.85,payment,success,Bank transfer
8764,CUST-001343,2026-05-16,76.85,payment,success,Bank transfer
8765,CUST-001343,2026-06-16,76.85,payment,success,Bank transfer
8766,CUST-001343,2026-07-16,76.85,payment,success,Bank transfer
8767,CUST-001343,2026-08-16,76.85,payment,success,Bank transfer
8768,CUST-001344,2026-03-16,43.43,payment,success,Mailed check
8769,CUST-001344,2026-04-16,43.43,payment,success,Mailed check
8770,CUST-001344,2026-05-16,43.43,payment,success,Mailed check
8771,CUST-001344,2026-06-16,43.43,payment,success,Mailed check
8772,CUST-001344,2026-07-16,43.43,payment,success,Mailed check
8773,CUST-001344,2026-08-16,43.43,payment,success,Mailed check
8774,CUST-001345,2026-03-16,93.02,payment,success,Credit card
8775,CUST-001345,2026-04-16,93.02,payment,success,Credit card
8776,CUST-001345,2026-05-16,93.02,payment,success,Credit card
8777,CUST-001345,2026-06-16,93.02,payment,success,Credit card
8778,CUST-001345,2026-07-16,93.02,payment,success,Credit card
8779,CUST-001345,2026-08-16,93.02,payment,success,Credit card
8780,CUST-001346,2026-03-16,114.96,payment,success,Bank transfer
8781,CUST-001346,2026-04-16,114.96,payment,success,Bank transfer
8782,CUST-001346,2026-05-16,114.96,payment,success,Bank transfer
8783,CUST-001346,2026-06-16,114.96,payment,success,Bank transfer
8784,CUST-001346,2026-07-16,114.96,failed_payment,failed,Bank transfer
8785,CUST-001346,2026-07-19,114.96,payment,success,Bank transfer
8786,CUST-001346,2026-08-16,114.96,payment,success,Bank transfer
8787,CUST-001347,2026-03-16,96.6,payment,success,Mailed check
8788,CUST-001347,2026-04-16,96.6,payment,success,Mailed check
8789,CUST-001347,2026-05-16,96.6,payment,success,Mailed check
8790,CUST-001347,2026-06-16,96.6,payment,success,Mailed check
8791,CUST-001347,2026-07-16,96.6,payment,success,Mailed check
8792,CUST-001347,2026-08-16,96.6,payment,success,Mailed check
8793,CUST-001348,2026-03-16,107.72,payment,success,Bank transfer
8794,CUST-001348,2026-04-16,107.72,failed_payment,failed,Bank transfer
8795,CUST-001348,2026-05-16,107.72,payment,success,Bank transfer
8796,CUST-001348,2026-06-16,107.72,payment,success,Bank transfer
8797,CUST-001348,2026-07-16,107.72,failed_payment,failed,Bank transfer
8798,CUST-001348,2026-07-19,107.72,payment,success,Bank transfer
8799,CUST-001348,2026-08-16,107.72,failed_payment,failed,Bank transfer
8800,CUST-001348,2026-08-19,107.72,payment,success,Bank transfer
8801,CUST-001349,2026-03-16,71.96,failed_payment,failed,Electronic check
8802,CUST-001349,2026-03-19,71.96,payment,success,Electronic check
8803,CUST-001349,2026-04-16,71.96,payment,success,Electronic check
8804,CUST-001349,2026-05-16,71.96,failed_payment,failed,Electronic check
8805,CUST-001349,2026-06-16,71.96,payment,success,Electronic check
8806,CUST-001349,2026-07-16,71.96,payment,success,Electronic check
8807,CUST-001349,2026-08-16,71.96,payment,success,Electronic check
8808,CUST-001350,2026-03-16,103.23,payment,success,Electronic check
8809,CUST-001350,2026-04-16,103.23,payment,success,Electronic check
8810,CUST-001350,2026-05-16,103.23,payment,success,Electronic check
8811,CUST-001350,2026-06-16,103.23,payment,success,Electronic check
8812,CUST-001350,2026-07-16,103.23,failed_payment,failed,Electronic check
8813,CUST-001350,2026-07-19,103.23,payment,success,Electronic check
8814,CUST-001350,2026-08-16,103.23,failed_payment,failed,Electronic check
8815,CUST-001351,2026-03-16,38.29,payment,success,Mailed check
8816,CUST-001351,2026-04-16,38.29,payment,success,Mailed check
8817,CUST-001351,2026-05-16,38.29,payment,success,Mailed check
8818,CUST-001351,2026-06-16,38.29,payment,success,Mailed check
8819,CUST-001351,2026-07-16,38.29,payment,success,Mailed check
8820,CUST-001351,2026-08-16,38.29,payment,success,Mailed check
8821,CUST-001352,2026-03-16,26.83,payment,success,Credit card
8822,CUST-001352,2026-04-16,26.83,failed_payment,failed,Credit card
8823,CUST-001352,2026-04-19,26.83,payment,success,Credit card
8824,CUST-001352,2026-05-16,26.83,payment,success,Credit card
8825,CUST-001352,2026-06-16,26.83,payment,success,Credit card
8826,CUST-001352,2026-07-16,26.83,payment,success,Credit card
8827,CUST-001352,2026-08-16,26.83,payment,success,Credit card
8828,CUST-001353,2026-03-16,85.6,payment,success,Credit card
8829,CUST-001353,2026-04-16,85.6,payment,success,Credit card
8830,CUST-001353,2026-05-16,85.6,payment,success,Credit card
8831,CUST-001353,2026-06-16,85.6,payment,success,Credit card
8832,CUST-001353,2026-07-16,85.6,failed_payment,failed,Credit card
8833,CUST-001353,2026-08-16,85.6,failed_payment,failed,Credit card
8834,CUST-001354,2026-03-16,25.2,payment,success,Mailed check
8835,CUST-001354,2026-04-16,25.2,payment,success,Mailed check
8836,CUST-001354,2026-05-16,25.2,failed_payment,failed,Mailed check
8837,CUST-001354,2026-05-19,25.2,payment,success,Mailed check
8838,CUST-001354,2026-06-16,25.2,payment,success,Mailed check
8839,CUST-001354,2026-07-16,25.2,payment,success,Mailed check
8840,CUST-001354,2026-08-16,25.2,payment,success,Mailed check
8841,CUST-001355,2026-03-16,109.25,payment,success,Mailed check
8842,CUST-001355,2026-04-16,109.25,payment,success,Mailed check
8843,CUST-001355,2026-05-16,109.25,payment,success,Mailed check
8844,CUST-001355,2026-06-16,109.25,payment,success,Mailed check
8845,CUST-001355,2026-07-16,109.25,payment,success,Mailed check
8846,CUST-001355,2026-08-16,109.25,payment,success,Mailed check
8847,CUST-001356,2026-03-16,89.16,payment,success,Credit card
8848,CUST-001356,2026-04-16,89.16,payment,success,Credit card
8849,CUST-001356,2026-05-16,89.16,payment,success,Credit card
8850,CUST-001356,2026-06-16,89.16,payment,success,Credit card
8851,CUST-001356,2026-07-16,89.16,payment,success,Credit card
8852,CUST-001356,2026-08-16,89.16,payment,success,Credit card
8853,CUST-001357,2026-03-16,115.22,payment,success,Bank transfer
8854,CUST-001357,2026-04-16,115.22,payment,success,Bank transfer
8855,CUST-001357,2026-05-16,115.22,payment,success,Bank transfer
8856,CUST-001357,2026-06-16,115.22,payment,success,Bank transfer
8857,CUST-001357,2026-07-16,115.22,payment,success,Bank transfer
8858,CUST-001357,2026-08-16,115.22,payment,success,Bank transfer
8859,CUST-001358,2026-03-16,51.39,payment,success,Electronic check
8860,CUST-001358,2026-04-16,51.39,payment,success,Electronic check
8861,CUST-001358,2026-05-16,51.39,payment,success,Electronic check
8862,CUST-001358,2026-06-16,51.39,payment,success,Electronic check
8863,CUST-001358,2026-07-16,51.39,payment,success,Electronic check
8864,CUST-001358,2026-08-16,51.39,payment,success,Electronic check
8865,CUST-001359,2026-03-16,68.62,payment,success,Electronic check
8866,CUST-001359,2026-04-16,68.62,payment,success,Electronic check
8867,CUST-001359,2026-05-16,68.62,payment,success,Electronic check
8868,CUST-001359,2026-06-16,68.62,payment,success,Electronic check
8869,CUST-001359,2026-07-16,68.62,payment,success,Electronic check
8870,CUST-001359,2026-08-16,68.62,payment,success,Electronic check
8871,CUST-001360,2026-03-16,94.17,payment,success,Credit card
8872,CUST-001360,2026-04-16,94.17,payment,success,Credit card
8873,CUST-001360,2026-05-16,94.17,payment,success,Credit card
8874,CUST-001360,2026-06-16,94.17,payment,success,Credit card
8875,CUST-001360,2026-07-16,94.17,payment,success,Credit card
8876,CUST-001360,2026-08-16,94.17,payment,success,Credit card
8877,CUST-001361,2026-03-16,44.28,payment,success,Credit card
8878,CUST-001361,2026-04-16,44.28,payment,success,Credit card
8879,CUST-001361,2026-05-16,44.28,failed_payment,failed,Credit card
8880,CUST-001361,2026-05-19,44.28,payment,success,Credit card
8881,CUST-001361,2026-06-16,44.28,payment,success,Credit card
8882,CUST-001361,2026-07-16,44.28,payment,success,Credit card
8883,CUST-001361,2026-08-16,44.28,payment,success,Credit card
8884,CUST-001362,2026-03-16,74.18,payment,success,Credit card
8885,CUST-001362,2026-04-16,74.18,payment,success,Credit card
8886,CUST-001362,2026-05-16,74.18,payment,success,Credit card
8887,CUST-001362,2026-06-16,74.18,payment,success,Credit card
8888,CUST-001362,2026-07-16,74.18,payment,success,Credit card
8889,CUST-001362,2026-08-16,74.18,payment,success,Credit card
8890,CUST-001363,2026-03-16,85.95,payment,success,Electronic check
8891,CUST-001363,2026-04-16,85.95,payment,success,Electronic check
8892,CUST-001363,2026-05-16,85.95,payment,success,Electronic check
8893,CUST-001363,2026-06-16,85.95,payment,success,Electronic check
8894,CUST-001363,2026-07-16,85.95,payment,success,Electronic check
8895,CUST-001363,2026-08-16,85.95,payment,success,Electronic check
8896,CUST-001364,2026-03-16,117.88,payment,success,Credit card
8897,CUST-001364,2026-04-16,117.88,payment,success,Credit card
8898,CUST-001364,2026-05-16,117.88,payment,success,Credit card
8899,CUST-001364,2026-06-16,117.88,payment,success,Credit card
8900,CUST-001364,2026-07-16,117.88,payment,success,Credit card
8901,CUST-001364,2026-08-16,117.88,payment,success,Credit card
8902,CUST-001365,2026-03-16,94.47,failed_payment,failed,Electronic check
8903,CUST-001365,2026-03-19,94.47,payment,success,Electronic check
8904,CUST-001365,2026-04-16,94.47,payment,success,Electronic check
8905,CUST-001365,2026-05-16,94.47,failed_payment,failed,Electronic check
8906,CUST-001365,2026-05-19,94.47,payment,success,Electronic check
8907,CUST-001365,2026-06-16,94.47,payment,success,Electronic check
8908,CUST-001365,2026-07-16,94.47,failed_payment,failed,Electronic check
8909,CUST-001365,2026-07-19,94.47,payment,success,Electronic check
8910,CUST-001365,2026-08-16,94.47,failed_payment,failed,Electronic check
8911,CUST-001366,2026-03-16,31.81,failed_payment,failed,Credit card
8912,CUST-001366,2026-03-19,31.81,payment,success,Credit card
8913,CUST-001366,2026-04-16,31.81,payment,success,Credit card
8914,CUST-001366,2026-05-16,31.81,failed_payment,failed,Credit card
8915,CUST-001366,2026-06-16,31.81,payment,success,Credit card
8916,CUST-001366,2026-07-16,31.81,payment,success,Credit card
8917,CUST-001366,2026-08-16,31.81,payment,success,Credit card
8918,CUST-001367,2026-03-16,67.53,failed_payment,failed,Credit card
8919,CUST-001367,2026-04-16,67.53,payment,success,Credit card
8920,CUST-001367,2026-05-16,67.53,payment,success,Credit card
8921,CUST-001367,2026-06-16,67.53,payment,success,Credit card
8922,CUST-001367,2026-07-16,67.53,payment,success,Credit card
8923,CUST-001367,2026-08-16,67.53,failed_payment,failed,Credit card
8924,CUST-001367,2026-08-19,67.53,payment,success,Credit card
8925,CUST-001368,2026-03-16,78.88,payment,success,Mailed check
8926,CUST-001368,2026-04-16,78.88,payment,success,Mailed check
8927,CUST-001368,2026-05-16,78.88,payment,success,Mailed check
8928,CUST-001368,2026-06-16,78.88,payment,success,Mailed check
8929,CUST-001368,2026-07-16,78.88,payment,success,Mailed check
8930,CUST-001368,2026-08-16,78.88,payment,success,Mailed check
8931,CUST-001369,2026-03-16,34.66,payment,success,Electronic check
8932,CUST-001369,2026-04-16,34.66,payment,success,Electronic check
8933,CUST-001369,2026-05-16,34.66,payment,success,Electronic check
8934,CUST-001369,2026-06-16,34.66,payment,success,Electronic check
8935,CUST-001369,2026-07-16,34.66,payment,success,Electronic check
8936,CUST-001369,2026-08-16,34.66,payment,success,Electronic check
8937,CUST-001370,2026-03-16,63.2,failed_payment,failed,Bank transfer
8938,CUST-001370,2026-03-19,63.2,payment,success,Bank transfer
8939,CUST-001370,2026-04-16,63.2,failed_payment,failed,Bank transfer
8940,CUST-001370,2026-04-19,63.2,payment,success,Bank transfer
8941,CUST-001370,2026-05-16,63.2,failed_payment,failed,Bank transfer
8942,CUST-001370,2026-06-16,63.2,payment,success,Bank transfer
8943,CUST-001370,2026-07-16,63.2,payment,success,Bank transfer
8944,CUST-001370,2026-08-16,63.2,payment,success,Bank transfer
8945,CUST-001371,2026-03-16,48.4,payment,success,Electronic check
8946,CUST-001371,2026-04-16,48.4,payment,success,Electronic check
8947,CUST-001371,2026-05-16,48.4,payment,success,Electronic check
8948,CUST-001371,2026-06-16,48.4,payment,success,Electronic check
8949,CUST-001371,2026-07-16,48.4,payment,success,Electronic check
8950,CUST-001371,2026-08-16,48.4,payment,success,Electronic check
8951,CUST-001372,2026-03-16,31.88,payment,success,Bank transfer
8952,CUST-001372,2026-04-16,31.88,payment,success,Bank transfer
8953,CUST-001372,2026-05-16,31.88,payment,success,Bank transfer
8954,CUST-001372,2026-06-16,31.88,payment,success,Bank transfer
8955,CUST-001372,2026-07-16,31.88,payment,success,Bank transfer
8956,CUST-001372,2026-08-16,31.88,payment,success,Bank transfer
8957,CUST-001373,2026-03-16,71.2,failed_payment,failed,Mailed check
8958,CUST-001373,2026-03-19,71.2,payment,success,Mailed check
8959,CUST-001373,2026-04-16,71.2,failed_payment,failed,Mailed check
8960,CUST-001373,2026-05-16,71.2,payment,success,Mailed check
8961,CUST-001373,2026-06-16,71.2,failed_payment,failed,Mailed check
8962,CUST-001373,2026-06-19,71.2,payment,success,Mailed check
8963,CUST-001373,2026-07-16,71.2,payment,success,Mailed check
8964,CUST-001373,2026-08-16,71.2,failed_payment,failed,Mailed check
8965,CUST-001374,2026-03-16,36.56,payment,success,Mailed check
8966,CUST-001374,2026-04-16,36.56,payment,success,Mailed check
8967,CUST-001374,2026-05-16,36.56,payment,success,Mailed check
8968,CUST-001374,2026-06-16,36.56,payment,success,Mailed check
8969,CUST-001374,2026-07-16,36.56,payment,success,Mailed check
8970,CUST-001374,2026-08-16,36.56,payment,success,Mailed check
8971,CUST-001375,2026-03-16,79.05,payment,success,Credit card
8972,CUST-001375,2026-04-16,79.05,payment,success,Credit card
8973,CUST-001375,2026-05-16,79.05,payment,success,Credit card
8974,CUST-001375,2026-06-16,79.05,payment,success,Credit card
8975,CUST-001375,2026-07-16,79.05,payment,success,Credit card
8976,CUST-001375,2026-08-16,79.05,payment,success,Credit card
8977,CUST-001376,2026-03-16,36.97,payment,success,Credit card
8978,CUST-001376,2026-04-16,36.97,payment,success,Credit card
8979,CUST-001376,2026-05-16,36.97,payment,success,Credit card
8980,CUST-001376,2026-06-16,36.97,payment,success,Credit card
8981,CUST-001376,2026-07-16,36.97,payment,success,Credit card
8982,CUST-001376,2026-08-16,36.97,payment,success,Credit card
8983,CUST-001377,2026-03-16,92.36,payment,success,Mailed check
8984,CUST-001377,2026-04-16,92.36,payment,success,Mailed check
8985,CUST-001377,2026-05-16,92.36,payment,success,Mailed check
8986,CUST-001377,2026-06-16,92.36,payment,success,Mailed check
8987,CUST-001377,2026-07-16,92.36,payment,success,Mailed check
8988,CUST-001377,2026-08-16,92.36,payment,success,Mailed check
8989,CUST-001378,2026-03-16,39.52,payment,success,Mailed check
8990,CUST-001378,2026-04-16,39.52,payment,success,Mailed check
8991,CUST-001378,2026-05-16,39.52,failed_payment,failed,Mailed check
8992,CUST-001378,2026-05-19,39.52,payment,success,Mailed check
8993,CUST-001378,2026-06-16,39.52,payment,success,Mailed check
8994,CUST-001378,2026-07-16,39.52,payment,success,Mailed check
8995,CUST-001378,2026-08-16,39.52,payment,success,Mailed check
8996,CUST-001379,2026-03-16,109.63,payment,success,Credit card
8997,CUST-001379,2026-04-16,109.63,payment,success,Credit card
8998,CUST-001379,2026-05-16,109.63,payment,success,Credit card
8999,CUST-001379,2026-06-16,109.63,payment,success,Credit card
9000,CUST-001379,2026-07-16,109.63,payment,success,Credit card
9001,CUST-001379,2026-08-16,109.63,payment,success,Credit card
9002,CUST-001380,2026-03-16,22.62,payment,success,Mailed check
9003,CUST-001380,2026-04-16,22.62,payment,success,Mailed check
9004,CUST-001380,2026-05-16,22.62,payment,success,Mailed check
9005,CUST-001380,2026-06-16,22.62,payment,success,Mailed check
9006,CUST-001380,2026-07-16,22.62,payment,success,Mailed check
9007,CUST-001380,2026-08-16,22.62,payment,success,Mailed check
9008,CUST-001381,2026-03-16,72.2,payment,success,Electronic check
9009,CUST-001381,2026-04-16,72.2,payment,success,Electronic check
9010,CUST-001381,2026-05-16,72.2,payment,success,Electronic check
9011,CUST-001381,2026-06-16,72.2,payment,success,Electronic check
9012,CUST-001381,2026-07-16,72.2,payment,success,Electronic check
9013,CUST-001381,2026-08-16,72.2,payment,success,Electronic check
9014,CUST-001382,2026-03-16,52.01,payment,success,Credit card
9015,CUST-001382,2026-04-16,52.01,payment,success,Credit card
9016,CUST-001382,2026-05-16,52.01,payment,success,Credit card
9017,CUST-001382,2026-06-16,52.01,payment,success,Credit card
9018,CUST-001382,2026-07-16,52.01,payment,success,Credit card
9019,CUST-001382,2026-08-16,52.01,payment,success,Credit card
9020,CUST-001383,2026-03-16,42.51,payment,success,Credit card
9021,CUST-001383,2026-04-16,42.51,failed_payment,failed,Credit card
9022,CUST-001383,2026-04-19,42.51,payment,success,Credit card
9023,CUST-001383,2026-05-16,42.51,payment,success,Credit card
9024,CUST-001383,2026-06-16,42.51,payment,success,Credit card
9025,CUST-001383,2026-07-16,42.51,failed_payment,failed,Credit card
9026,CUST-001383,2026-07-19,42.51,payment,success,Credit card
9027,CUST-001383,2026-08-16,42.51,failed_payment,failed,Credit card
9028,CUST-001383,2026-08-19,42.51,payment,success,Credit card
9029,CUST-001384,2026-03-16,67.16,payment,success,Mailed check
9030,CUST-001384,2026-04-16,67.16,payment,success,Mailed check
9031,CUST-001384,2026-05-16,67.16,payment,success,Mailed check
9032,CUST-001384,2026-06-16,67.16,payment,success,Mailed check
9033,CUST-001384,2026-07-16,67.16,payment,success,Mailed check
9034,CUST-001384,2026-08-16,67.16,payment,success,Mailed check
9035,CUST-001385,2026-03-16,104.2,payment,success,Electronic check
9036,CUST-001385,2026-04-16,104.2,payment,success,Electronic check
9037,CUST-001385,2026-05-16,104.2,payment,success,Electronic check
9038,CUST-001385,2026-06-16,104.2,payment,success,Electronic check
9039,CUST-001385,2026-07-16,104.2,payment,success,Electronic check
9040,CUST-001385,2026-08-16,104.2,payment,success,Electronic check
9041,CUST-001386,2026-03-16,111.53,payment,success,Electronic check
9042,CUST-001386,2026-04-16,111.53,payment,success,Electronic check
9043,CUST-001386,2026-05-16,111.53,payment,success,Electronic check
9044,CUST-001386,2026-06-16,111.53,payment,success,Electronic check
9045,CUST-001386,2026-07-16,111.53,payment,success,Electronic check
9046,CUST-001386,2026-08-16,111.53,failed_payment,failed,Electronic check
9047,CUST-001387,2026-03-16,50.32,payment,success,Bank transfer
9048,CUST-001387,2026-04-16,50.32,payment,success,Bank transfer
9049,CUST-001387,2026-05-16,50.32,payment,success,Bank transfer
9050,CUST-001387,2026-06-16,50.32,payment,success,Bank transfer
9051,CUST-001387,2026-07-16,50.32,payment,success,Bank transfer
9052,CUST-001387,2026-08-16,50.32,payment,success,Bank transfer
9053,CUST-001388,2026-03-16,35.42,payment,success,Mailed check
9054,CUST-001388,2026-04-16,35.42,payment,success,Mailed check
9055,CUST-001388,2026-05-16,35.42,payment,success,Mailed check
9056,CUST-001388,2026-06-16,35.42,payment,success,Mailed check
9057,CUST-001388,2026-07-16,35.42,payment,success,Mailed check
9058,CUST-001388,2026-08-16,35.42,payment,success,Mailed check
9059,CUST-001389,2026-03-16,92.01,payment,success,Bank transfer
9060,CUST-001389,2026-04-16,92.01,payment,success,Bank transfer
9061,CUST-001389,2026-05-16,92.01,payment,success,Bank transfer
9062,CUST-001389,2026-06-16,92.01,payment,success,Bank transfer
9063,CUST-001389,2026-07-16,92.01,payment,success,Bank transfer
9064,CUST-001389,2026-08-16,92.01,payment,success,Bank transfer
9065,CUST-001390,2026-03-16,78.2,payment,success,Credit card
9066,CUST-001390,2026-04-16,78.2,payment,success,Credit card
9067,CUST-001390,2026-05-16,78.2,payment,success,Credit card
9068,CUST-001390,2026-06-16,78.2,payment,success,Credit card
9069,CUST-001390,2026-07-16,78.2,payment,success,Credit card
9070,CUST-001390,2026-08-16,78.2,payment,success,Credit card
9071,CUST-001391,2026-03-16,40.1,payment,success,Electronic check
9072,CUST-001391,2026-04-16,40.1,payment,success,Electronic check
9073,CUST-001391,2026-05-16,40.1,payment,success,Electronic check
9074,CUST-001391,2026-06-16,40.1,payment,success,Electronic check
9075,CUST-001391,2026-07-16,40.1,payment,success,Electronic check
9076,CUST-001391,2026-08-16,40.1,payment,success,Electronic check
9077,CUST-001392,2026-03-16,96.03,payment,success,Credit card
9078,CUST-001392,2026-04-16,96.03,payment,success,Credit card
9079,CUST-001392,2026-05-16,96.03,payment,success,Credit card
9080,CUST-001392,2026-06-16,96.03,payment,success,Credit card
9081,CUST-001392,2026-07-16,96.03,payment,success,Credit card
9082,CUST-001392,2026-08-16,96.03,payment,success,Credit card
9083,CUST-001393,2026-03-16,71.89,payment,success,Electronic check
9084,CUST-001393,2026-04-16,71.89,payment,success,Electronic check
9085,CUST-001393,2026-05-16,71.89,failed_payment,failed,Electronic check
9086,CUST-001393,2026-06-16,71.89,payment,success,Electronic check
9087,CUST-001393,2026-07-16,71.89,payment,success,Electronic check
9088,CUST-001393,2026-08-16,71.89,payment,success,Electronic check
9089,CUST-001394,2026-03-16,85.34,payment,success,Electronic check
9090,CUST-001394,2026-04-16,85.34,payment,success,Electronic check
9091,CUST-001394,2026-05-16,85.34,payment,success,Electronic check
9092,CUST-001394,2026-06-16,85.34,payment,success,Electronic check
9093,CUST-001394,2026-07-16,85.34,payment,success,Electronic check
9094,CUST-001394,2026-08-16,85.34,payment,success,Electronic check
9095,CUST-001395,2026-03-16,55.93,payment,success,Bank transfer
9096,CUST-001395,2026-04-16,55.93,payment,success,Bank transfer
9097,CUST-001395,2026-05-16,55.93,payment,success,Bank transfer
9098,CUST-001395,2026-06-16,55.93,payment,success,Bank transfer
9099,CUST-001395,2026-07-16,55.93,payment,success,Bank transfer
9100,CUST-001395,2026-08-16,55.93,payment,success,Bank transfer
9101,CUST-001396,2026-03-16,63.91,payment,success,Bank transfer
9102,CUST-001396,2026-04-16,63.91,payment,success,Bank transfer
9103,CUST-001396,2026-05-16,63.91,failed_payment,failed,Bank transfer
9104,CUST-001396,2026-05-19,63.91,payment,success,Bank transfer
9105,CUST-001396,2026-06-16,63.91,payment,success,Bank transfer
9106,CUST-001396,2026-07-16,63.91,payment,success,Bank transfer
9107,CUST-001396,2026-08-16,63.91,failed_payment,failed,Bank transfer
9108,CUST-001397,2026-03-16,38.03,payment,success,Credit card
9109,CUST-001397,2026-04-16,38.03,payment,success,Credit card
9110,CUST-001397,2026-05-16,38.03,payment,success,Credit card
9111,CUST-001397,2026-06-16,38.03,payment,success,Credit card
9112,CUST-001397,2026-07-16,38.03,payment,success,Credit card
9113,CUST-001397,2026-08-16,38.03,payment,success,Credit card
9114,CUST-001398,2026-03-16,95.65,payment,success,Bank transfer
9115,CUST-001398,2026-04-16,95.65,payment,success,Bank transfer
9116,CUST-001398,2026-05-16,95.65,payment,success,Bank transfer
9117,CUST-001398,2026-06-16,95.65,payment,success,Bank transfer
9118,CUST-001398,2026-07-16,95.65,payment,success,Bank transfer
9119,CUST-001398,2026-08-16,95.65,payment,success,Bank transfer
9120,CUST-001399,2026-03-16,35.7,payment,success,Mailed check
9121,CUST-001399,2026-04-16,35.7,failed_payment,failed,Mailed check
9122,CUST-001399,2026-04-19,35.7,payment,success,Mailed check
9123,CUST-001399,2026-05-16,35.7,payment,success,Mailed check
9124,CUST-001399,2026-06-16,35.7,payment,success,Mailed check
9125,CUST-001399,2026-07-16,35.7,payment,success,Mailed check
9126,CUST-001399,2026-08-16,35.7,payment,success,Mailed check
9127,CUST-001400,2026-03-16,97.83,payment,success,Bank transfer
9128,CUST-001400,2026-04-16,97.83,failed_payment,failed,Bank transfer
9129,CUST-001400,2026-04-19,97.83,payment,success,Bank transfer
9130,CUST-001400,2026-05-16,97.83,payment,success,Bank transfer
9131,CUST-001400,2026-06-16,97.83,payment,success,Bank transfer
9132,CUST-001400,2026-07-16,97.83,payment,success,Bank transfer
9133,CUST-001400,2026-08-16,97.83,payment,success,Bank transfer
9134,CUST-001401,2026-03-16,99.8,failed_payment,failed,Credit card
9135,CUST-001401,2026-03-19,99.8,payment,success,Credit card
9136,CUST-001401,2026-04-16,99.8,failed_payment,failed,Credit card
9137,CUST-001401,2026-05-16,99.8,payment,success,Credit card
9138,CUST-001401,2026-06-16,99.8,payment,success,Credit card
9139,CUST-001401,2026-07-16,99.8,payment,success,Credit card
9140,CUST-001401,2026-08-16,99.8,payment,success,Credit card
9141,CUST-001402,2026-03-16,94.66,payment,success,Bank transfer
9142,CUST-001402,2026-04-16,94.66,failed_payment,failed,Bank transfer
9143,CUST-001402,2026-05-16,94.66,failed_payment,failed,Bank transfer
9144,CUST-001402,2026-06-16,94.66,failed_payment,failed,Bank transfer
9145,CUST-001402,2026-06-19,94.66,payment,success,Bank transfer
9146,CUST-001402,2026-07-16,94.66,failed_payment,failed,Bank transfer
9147,CUST-001402,2026-07-19,94.66,payment,success,Bank transfer
9148,CUST-001402,2026-08-16,94.66,payment,success,Bank transfer
9149,CUST-001403,2026-03-16,21.94,payment,success,Mailed check
9150,CUST-001403,2026-04-16,21.94,payment,success,Mailed check
9151,CUST-001403,2026-05-16,21.94,payment,success,Mailed check
9152,CUST-001403,2026-06-16,21.94,payment,success,Mailed check
9153,CUST-001403,2026-07-16,21.94,payment,success,Mailed check
9154,CUST-001403,2026-08-16,21.94,payment,success,Mailed check
9155,CUST-001404,2026-03-16,47.31,failed_payment,failed,Credit card
9156,CUST-001404,2026-03-19,47.31,payment,success,Credit card
9157,CUST-001404,2026-04-16,47.31,failed_payment,failed,Credit card
9158,CUST-001404,2026-04-19,47.31,payment,success,Credit card
9159,CUST-001404,2026-05-16,47.31,payment,success,Credit card
9160,CUST-001404,2026-06-16,47.31,failed_payment,failed,Credit card
9161,CUST-001404,2026-07-16,47.31,failed_payment,failed,Credit card
9162,CUST-001404,2026-07-19,47.31,payment,success,Credit card
9163,CUST-001404,2026-08-16,47.31,payment,success,Credit card
9164,CUST-001405,2026-03-16,66.83,payment,success,Mailed check
9165,CUST-001405,2026-04-16,66.83,payment,success,Mailed check
9166,CUST-001405,2026-05-16,66.83,payment,success,Mailed check
9167,CUST-001405,2026-06-16,66.83,payment,success,Mailed check
9168,CUST-001405,2026-07-16,66.83,failed_payment,failed,Mailed check
9169,CUST-001405,2026-07-19,66.83,payment,success,Mailed check
9170,CUST-001405,2026-08-16,66.83,payment,success,Mailed check
9171,CUST-001406,2026-03-16,79.55,payment,success,Mailed check
9172,CUST-001406,2026-04-16,79.55,payment,success,Mailed check
9173,CUST-001406,2026-05-16,79.55,payment,success,Mailed check
9174,CUST-001406,2026-06-16,79.55,payment,success,Mailed check
9175,CUST-001406,2026-07-16,79.55,payment,success,Mailed check
9176,CUST-001406,2026-08-16,79.55,failed_payment,failed,Mailed check
9177,CUST-001407,2026-03-16,111.92,payment,success,Mailed check
9178,CUST-001407,2026-04-16,111.92,payment,success,Mailed check
9179,CUST-001407,2026-05-16,111.92,payment,success,Mailed check
9180,CUST-001407,2026-06-16,111.92,payment,success,Mailed check
9181,CUST-001407,2026-07-16,111.92,payment,success,Mailed check
9182,CUST-001407,2026-08-16,111.92,payment,success,Mailed check
9183,CUST-001408,2026-03-16,57.56,failed_payment,failed,Mailed check
9184,CUST-001408,2026-03-19,57.56,payment,success,Mailed check
9185,CUST-001408,2026-04-16,57.56,failed_payment,failed,Mailed check
9186,CUST-001408,2026-04-19,57.56,payment,success,Mailed check
9187,CUST-001408,2026-05-16,57.56,failed_payment,failed,Mailed check
9188,CUST-001408,2026-05-19,57.56,payment,success,Mailed check
9189,CUST-001408,2026-06-16,57.56,failed_payment,failed,Mailed check
9190,CUST-001408,2026-06-19,57.56,payment,success,Mailed check
9191,CUST-001408,2026-07-16,57.56,payment,success,Mailed check
9192,CUST-001408,2026-08-16,57.56,payment,success,Mailed check
9193,CUST-001409,2026-03-16,107.5,failed_payment,failed,Electronic check
9194,CUST-001409,2026-03-19,107.5,payment,success,Electronic check
9195,CUST-001409,2026-04-16,107.5,failed_payment,failed,Electronic check
9196,CUST-001409,2026-04-19,107.5,payment,success,Electronic check
9197,CUST-001409,2026-05-16,107.5,payment,success,Electronic check
9198,CUST-001409,2026-06-16,107.5,payment,success,Electronic check
9199,CUST-001409,2026-07-16,107.5,payment,success,Electronic check
9200,CUST-001409,2026-08-16,107.5,payment,success,Electronic check
9201,CUST-001410,2026-03-16,36.34,failed_payment,failed,Bank transfer
9202,CUST-001410,2026-03-19,36.34,payment,success,Bank transfer
9203,CUST-001410,2026-04-16,36.34,payment,success,Bank transfer
9204,CUST-001410,2026-05-16,36.34,payment,success,Bank transfer
9205,CUST-001410,2026-06-16,36.34,payment,success,Bank transfer
9206,CUST-001410,2026-07-16,36.34,payment,success,Bank transfer
9207,CUST-001410,2026-08-16,36.34,payment,success,Bank transfer
9208,CUST-001411,2026-03-16,57.13,payment,success,Bank transfer
9209,CUST-001411,2026-04-16,57.13,failed_payment,failed,Bank transfer
9210,CUST-001411,2026-04-19,57.13,payment,success,Bank transfer
9211,CUST-001411,2026-05-16,57.13,payment,success,Bank transfer
9212,CUST-001411,2026-06-16,57.13,payment,success,Bank transfer
9213,CUST-001411,2026-07-16,57.13,payment,success,Bank transfer
9214,CUST-001411,2026-08-16,57.13,payment,success,Bank transfer
9215,CUST-001412,2026-03-16,25.23,payment,success,Mailed check
9216,CUST-001412,2026-04-16,25.23,payment,success,Mailed check
9217,CUST-001412,2026-05-16,25.23,failed_payment,failed,Mailed check
9218,CUST-001412,2026-06-16,25.23,payment,success,Mailed check
9219,CUST-001412,2026-07-16,25.23,payment,success,Mailed check
9220,CUST-001412,2026-08-16,25.23,payment,success,Mailed check
9221,CUST-001413,2026-03-16,94.25,payment,success,Credit card
9222,CUST-001413,2026-04-16,94.25,failed_payment,failed,Credit card
9223,CUST-001413,2026-04-19,94.25,payment,success,Credit card
9224,CUST-001413,2026-05-16,94.25,payment,success,Credit card
9225,CUST-001413,2026-06-16,94.25,payment,success,Credit card
9226,CUST-001413,2026-07-16,94.25,payment,success,Credit card
9227,CUST-001413,2026-08-16,94.25,payment,success,Credit card
9228,CUST-001414,2026-03-16,35.07,payment,success,Mailed check
9229,CUST-001414,2026-04-16,35.07,payment,success,Mailed check
9230,CUST-001414,2026-05-16,35.07,payment,success,Mailed check
9231,CUST-001414,2026-06-16,35.07,payment,success,Mailed check
9232,CUST-001414,2026-07-16,35.07,payment,success,Mailed check
9233,CUST-001414,2026-08-16,35.07,payment,success,Mailed check
9234,CUST-001415,2026-03-16,45.7,payment,success,Mailed check
9235,CUST-001415,2026-04-16,45.7,failed_payment,failed,Mailed check
9236,CUST-001415,2026-04-19,45.7,payment,success,Mailed check
9237,CUST-001415,2026-05-16,45.7,payment,success,Mailed check
9238,CUST-001415,2026-06-16,45.7,payment,success,Mailed check
9239,CUST-001415,2026-07-16,45.7,payment,success,Mailed check
9240,CUST-001415,2026-08-16,45.7,payment,success,Mailed check
9241,CUST-001416,2026-03-16,97.52,payment,success,Electronic check
9242,CUST-001416,2026-04-16,97.52,payment,success,Electronic check
9243,CUST-001416,2026-05-16,97.52,payment,success,Electronic check
9244,CUST-001416,2026-06-16,97.52,payment,success,Electronic check
9245,CUST-001416,2026-07-16,97.52,payment,success,Electronic check
9246,CUST-001416,2026-08-16,97.52,payment,success,Electronic check
9247,CUST-001417,2026-03-16,73.47,payment,success,Credit card
9248,CUST-001417,2026-04-16,73.47,payment,success,Credit card
9249,CUST-001417,2026-05-16,73.47,payment,success,Credit card
9250,CUST-001417,2026-06-16,73.47,payment,success,Credit card
9251,CUST-001417,2026-07-16,73.47,payment,success,Credit card
9252,CUST-001417,2026-08-16,73.47,payment,success,Credit card
9253,CUST-001418,2026-03-16,21.4,payment,success,Electronic check
9254,CUST-001418,2026-04-16,21.4,payment,success,Electronic check
9255,CUST-001418,2026-05-16,21.4,payment,success,Electronic check
9256,CUST-001418,2026-06-16,21.4,payment,success,Electronic check
9257,CUST-001418,2026-07-16,21.4,payment,success,Electronic check
9258,CUST-001418,2026-08-16,21.4,payment,success,Electronic check
9259,CUST-001419,2026-03-16,20.22,payment,success,Electronic check
9260,CUST-001419,2026-04-16,20.22,payment,success,Electronic check
9261,CUST-001419,2026-05-16,20.22,payment,success,Electronic check
9262,CUST-001419,2026-06-16,20.22,payment,success,Electronic check
9263,CUST-001419,2026-07-16,20.22,payment,success,Electronic check
9264,CUST-001419,2026-08-16,20.22,payment,success,Electronic check
9265,CUST-001420,2026-03-16,71.07,payment,success,Credit card
9266,CUST-001420,2026-04-16,71.07,failed_payment,failed,Credit card
9267,CUST-001420,2026-04-19,71.07,payment,success,Credit card
9268,CUST-001420,2026-05-16,71.07,payment,success,Credit card
9269,CUST-001420,2026-06-16,71.07,payment,success,Credit card
9270,CUST-001420,2026-07-16,71.07,payment,success,Credit card
9271,CUST-001420,2026-08-16,71.07,payment,success,Credit card
9272,CUST-001421,2026-03-16,50.5,payment,success,Bank transfer
9273,CUST-001421,2026-04-16,50.5,payment,success,Bank transfer
9274,CUST-001421,2026-05-16,50.5,payment,success,Bank transfer
9275,CUST-001421,2026-06-16,50.5,payment,success,Bank transfer
9276,CUST-001421,2026-07-16,50.5,payment,success,Bank transfer
9277,CUST-001421,2026-08-16,50.5,payment,success,Bank transfer
9278,CUST-001422,2026-03-16,38.03,payment,success,Electronic check
9279,CUST-001422,2026-04-16,38.03,payment,success,Electronic check
9280,CUST-001422,2026-05-16,38.03,payment,success,Electronic check
9281,CUST-001422,2026-06-16,38.03,payment,success,Electronic check
9282,CUST-001422,2026-07-16,38.03,payment,success,Electronic check
9283,CUST-001422,2026-08-16,38.03,payment,success,Electronic check
9284,CUST-001423,2026-03-16,81.36,failed_payment,failed,Mailed check
9285,CUST-001423,2026-04-16,81.36,failed_payment,failed,Mailed check
9286,CUST-001423,2026-05-16,81.36,payment,success,Mailed check
9287,CUST-001423,2026-06-16,81.36,payment,success,Mailed check
9288,CUST-001423,2026-07-16,81.36,payment,success,Mailed check
9289,CUST-001423,2026-08-16,81.36,payment,success,Mailed check
9290,CUST-001424,2026-03-16,42.84,payment,success,Bank transfer
9291,CUST-001424,2026-04-16,42.84,payment,success,Bank transfer
9292,CUST-001424,2026-05-16,42.84,payment,success,Bank transfer
9293,CUST-001424,2026-06-16,42.84,failed_payment,failed,Bank transfer
9294,CUST-001424,2026-07-16,42.84,payment,success,Bank transfer
9295,CUST-001424,2026-08-16,42.84,payment,success,Bank transfer
9296,CUST-001425,2026-03-16,79.22,payment,success,Electronic check
9297,CUST-001425,2026-04-16,79.22,payment,success,Electronic check
9298,CUST-001425,2026-05-16,79.22,payment,success,Electronic check
9299,CUST-001425,2026-06-16,79.22,payment,success,Electronic check
9300,CUST-001425,2026-07-16,79.22,payment,success,Electronic check
9301,CUST-001425,2026-08-16,79.22,payment,success,Electronic check
9302,CUST-001426,2026-03-16,57.93,failed_payment,failed,Credit card
9303,CUST-001426,2026-04-16,57.93,failed_payment,failed,Credit card
9304,CUST-001426,2026-05-16,57.93,payment,success,Credit card
9305,CUST-001426,2026-06-16,57.93,failed_payment,failed,Credit card
9306,CUST-001426,2026-06-19,57.93,payment,success,Credit card
9307,CUST-001426,2026-07-16,57.93,payment,success,Credit card
9308,CUST-001426,2026-08-16,57.93,failed_payment,failed,Credit card
9309,CUST-001426,2026-08-19,57.93,payment,success,Credit card
9310,CUST-001427,2026-03-16,38.67,payment,success,Bank transfer
9311,CUST-001427,2026-04-16,38.67,payment,success,Bank transfer
9312,CUST-001427,2026-05-16,38.67,failed_payment,failed,Bank transfer
9313,CUST-001427,2026-05-19,38.67,payment,success,Bank transfer
9314,CUST-001427,2026-06-16,38.67,failed_payment,failed,Bank transfer
9315,CUST-001427,2026-06-19,38.67,payment,success,Bank transfer
9316,CUST-001427,2026-07-16,38.67,payment,success,Bank transfer
9317,CUST-001427,2026-08-16,38.67,payment,success,Bank transfer
9318,CUST-001428,2026-03-16,33.81,payment,success,Electronic check
9319,CUST-001428,2026-04-16,33.81,payment,success,Electronic check
9320,CUST-001428,2026-05-16,33.81,payment,success,Electronic check
9321,CUST-001428,2026-06-16,33.81,payment,success,Electronic check
9322,CUST-001428,2026-07-16,33.81,payment,success,Electronic check
9323,CUST-001428,2026-08-16,33.81,payment,success,Electronic check
9324,CUST-001429,2026-03-16,43.69,payment,success,Bank transfer
9325,CUST-001429,2026-04-16,43.69,payment,success,Bank transfer
9326,CUST-001429,2026-05-16,43.69,payment,success,Bank transfer
9327,CUST-001429,2026-06-16,43.69,payment,success,Bank transfer
9328,CUST-001429,2026-07-16,43.69,payment,success,Bank transfer
9329,CUST-001429,2026-08-16,43.69,payment,success,Bank transfer
9330,CUST-001430,2026-03-16,22.98,payment,success,Electronic check
9331,CUST-001430,2026-04-16,22.98,payment,success,Electronic check
9332,CUST-001430,2026-05-16,22.98,payment,success,Electronic check
9333,CUST-001430,2026-06-16,22.98,payment,success,Electronic check
9334,CUST-001430,2026-07-16,22.98,payment,success,Electronic check
9335,CUST-001430,2026-08-16,22.98,payment,success,Electronic check
9336,CUST-001431,2026-03-16,50.81,payment,success,Bank transfer
9337,CUST-001431,2026-04-16,50.81,payment,success,Bank transfer
9338,CUST-001431,2026-05-16,50.81,payment,success,Bank transfer
9339,CUST-001431,2026-06-16,50.81,payment,success,Bank transfer
9340,CUST-001431,2026-07-16,50.81,payment,success,Bank transfer
9341,CUST-001431,2026-08-16,50.81,payment,success,Bank transfer
9342,CUST-001432,2026-03-16,110.2,payment,success,Mailed check
9343,CUST-001432,2026-04-16,110.2,payment,success,Mailed check
9344,CUST-001432,2026-05-16,110.2,payment,success,Mailed check
9345,CUST-001432,2026-06-16,110.2,payment,success,Mailed check
9346,CUST-001432,2026-07-16,110.2,payment,success,Mailed check
9347,CUST-001432,2026-08-16,110.2,payment,success,Mailed check
9348,CUST-001433,2026-03-16,103.14,payment,success,Electronic check
9349,CUST-001433,2026-04-16,103.14,failed_payment,failed,Electronic check
9350,CUST-001433,2026-05-16,103.14,payment,success,Electronic check
9351,CUST-001433,2026-06-16,103.14,payment,success,Electronic check
9352,CUST-001433,2026-07-16,103.14,payment,success,Electronic check
9353,CUST-001433,2026-08-16,103.14,payment,success,Electronic check
9354,CUST-001434,2026-03-16,57.2,payment,success,Bank transfer
9355,CUST-001434,2026-04-16,57.2,payment,success,Bank transfer
9356,CUST-001434,2026-05-16,57.2,payment,success,Bank transfer
9357,CUST-001434,2026-06-16,57.2,payment,success,Bank transfer
9358,CUST-001434,2026-07-16,57.2,payment,success,Bank transfer
9359,CUST-001434,2026-08-16,57.2,failed_payment,failed,Bank transfer
9360,CUST-001434,2026-08-19,57.2,payment,success,Bank transfer
9361,CUST-001435,2026-03-16,77.58,payment,success,Mailed check
9362,CUST-001435,2026-04-16,77.58,failed_payment,failed,Mailed check
9363,CUST-001435,2026-04-19,77.58,payment,success,Mailed check
9364,CUST-001435,2026-05-16,77.58,payment,success,Mailed check
9365,CUST-001435,2026-06-16,77.58,failed_payment,failed,Mailed check
9366,CUST-001435,2026-06-19,77.58,payment,success,Mailed check
9367,CUST-001435,2026-07-16,77.58,payment,success,Mailed check
9368,CUST-001435,2026-08-16,77.58,failed_payment,failed,Mailed check
9369,CUST-001435,2026-08-19,77.58,payment,success,Mailed check
9370,CUST-001436,2026-03-16,76.74,payment,success,Mailed check
9371,CUST-001436,2026-04-16,76.74,payment,success,Mailed check
9372,CUST-001436,2026-05-16,76.74,failed_payment,failed,Mailed check
9373,CUST-001436,2026-05-19,76.74,payment,success,Mailed check
9374,CUST-001436,2026-06-16,76.74,payment,success,Mailed check
9375,CUST-001436,2026-07-16,76.74,payment,success,Mailed check
9376,CUST-001436,2026-08-16,76.74,payment,success,Mailed check
9377,CUST-001437,2026-03-16,102.87,payment,success,Credit card
9378,CUST-001437,2026-04-16,102.87,failed_payment,failed,Credit card
9379,CUST-001437,2026-04-19,102.87,payment,success,Credit card
9380,CUST-001437,2026-05-16,102.87,failed_payment,failed,Credit card
9381,CUST-001437,2026-05-19,102.87,payment,success,Credit card
9382,CUST-001437,2026-06-16,102.87,payment,success,Credit card
9383,CUST-001437,2026-07-16,102.87,failed_payment,failed,Credit card
9384,CUST-001437,2026-07-19,102.87,payment,success,Credit card
9385,CUST-001437,2026-08-16,102.87,failed_payment,failed,Credit card
9386,CUST-001438,2026-03-16,43.63,payment,success,Bank transfer
9387,CUST-001438,2026-04-16,43.63,payment,success,Bank transfer
9388,CUST-001438,2026-05-16,43.63,payment,success,Bank transfer
9389,CUST-001438,2026-06-16,43.63,failed_payment,failed,Bank transfer
9390,CUST-001438,2026-06-19,43.63,payment,success,Bank transfer
9391,CUST-001438,2026-07-16,43.63,failed_payment,failed,Bank transfer
9392,CUST-001438,2026-07-19,43.63,payment,success,Bank transfer
9393,CUST-001438,2026-08-16,43.63,payment,success,Bank transfer
9394,CUST-001439,2026-03-16,49.64,payment,success,Mailed check
9395,CUST-001439,2026-04-16,49.64,payment,success,Mailed check
9396,CUST-001439,2026-05-16,49.64,payment,success,Mailed check
9397,CUST-001439,2026-06-16,49.64,payment,success,Mailed check
9398,CUST-001439,2026-07-16,49.64,payment,success,Mailed check
9399,CUST-001439,2026-08-16,49.64,payment,success,Mailed check
9400,CUST-001440,2026-03-16,50.18,payment,success,Electronic check
9401,CUST-001440,2026-04-16,50.18,payment,success,Electronic check
9402,CUST-001440,2026-05-16,50.18,payment,success,Electronic check
9403,CUST-001440,2026-06-16,50.18,payment,success,Electronic check
9404,CUST-001440,2026-07-16,50.18,payment,success,Electronic check
9405,CUST-001440,2026-08-16,50.18,payment,success,Electronic check
9406,CUST-001441,2026-03-16,24.09,payment,success,Bank transfer
9407,CUST-001441,2026-04-16,24.09,payment,success,Bank transfer
9408,CUST-001441,2026-05-16,24.09,payment,success,Bank transfer
9409,CUST-001441,2026-06-16,24.09,payment,success,Bank transfer
9410,CUST-001441,2026-07-16,24.09,payment,success,Bank transfer
9411,CUST-001441,2026-08-16,24.09,payment,success,Bank transfer
9412,CUST-001442,2026-03-16,51.47,payment,success,Electronic check
9413,CUST-001442,2026-04-16,51.47,payment,success,Electronic check
9414,CUST-001442,2026-05-16,51.47,payment,success,Electronic check
9415,CUST-001442,2026-06-16,51.47,payment,success,Electronic check
9416,CUST-001442,2026-07-16,51.47,payment,success,Electronic check
9417,CUST-001442,2026-08-16,51.47,payment,success,Electronic check
9418,CUST-001443,2026-03-16,107.79,payment,success,Credit card
9419,CUST-001443,2026-04-16,107.79,payment,success,Credit card
9420,CUST-001443,2026-05-16,107.79,payment,success,Credit card
9421,CUST-001443,2026-06-16,107.79,payment,success,Credit card
9422,CUST-001443,2026-07-16,107.79,payment,success,Credit card
9423,CUST-001443,2026-08-16,107.79,payment,success,Credit card
9424,CUST-001444,2026-03-16,111.2,payment,success,Electronic check
9425,CUST-001444,2026-04-16,111.2,payment,success,Electronic check
9426,CUST-001444,2026-05-16,111.2,payment,success,Electronic check
9427,CUST-001444,2026-06-16,111.2,payment,success,Electronic check
9428,CUST-001444,2026-07-16,111.2,payment,success,Electronic check
9429,CUST-001444,2026-08-16,111.2,payment,success,Electronic check
9430,CUST-001445,2026-03-16,30.96,payment,success,Bank transfer
9431,CUST-001445,2026-04-16,30.96,payment,success,Bank transfer
9432,CUST-001445,2026-05-16,30.96,payment,success,Bank transfer
9433,CUST-001445,2026-06-16,30.96,payment,success,Bank transfer
9434,CUST-001445,2026-07-16,30.96,payment,success,Bank transfer
9435,CUST-001445,2026-08-16,30.96,payment,success,Bank transfer
9436,CUST-001446,2026-03-16,65.81,payment,success,Mailed check
9437,CUST-001446,2026-04-16,65.81,payment,success,Mailed check
9438,CUST-001446,2026-05-16,65.81,payment,success,Mailed check
9439,CUST-001446,2026-06-16,65.81,payment,success,Mailed check
9440,CUST-001446,2026-07-16,65.81,payment,success,Mailed check
9441,CUST-001446,2026-08-16,65.81,payment,success,Mailed check
9442,CUST-001447,2026-03-16,58.13,payment,success,Bank transfer
9443,CUST-001447,2026-04-16,58.13,payment,success,Bank transfer
9444,CUST-001447,2026-05-16,58.13,payment,success,Bank transfer
9445,CUST-001447,2026-06-16,58.13,payment,success,Bank transfer
9446,CUST-001447,2026-07-16,58.13,payment,success,Bank transfer
9447,CUST-001447,2026-08-16,58.13,payment,success,Bank transfer
9448,CUST-001448,2026-03-16,68.94,payment,success,Mailed check
9449,CUST-001448,2026-04-16,68.94,payment,success,Mailed check
9450,CUST-001448,2026-05-16,68.94,payment,success,Mailed check
9451,CUST-001448,2026-06-16,68.94,payment,success,Mailed check
9452,CUST-001448,2026-07-16,68.94,payment,success,Mailed check
9453,CUST-001448,2026-08-16,68.94,payment,success,Mailed check
9454,CUST-001449,2026-03-16,75.47,payment,success,Electronic check
9455,CUST-001449,2026-04-16,75.47,payment,success,Electronic check
9456,CUST-001449,2026-05-16,75.47,payment,success,Electronic check
9457,CUST-001449,2026-06-16,75.47,payment,success,Electronic check
9458,CUST-001449,2026-07-16,75.47,payment,success,Electronic check
9459,CUST-001449,2026-08-16,75.47,payment,success,Electronic check
9460,CUST-001450,2026-03-16,22.03,failed_payment,failed,Credit card
9461,CUST-001450,2026-04-16,22.03,failed_payment,failed,Credit card
9462,CUST-001450,2026-04-19,22.03,payment,success,Credit card
9463,CUST-001450,2026-05-16,22.03,payment,success,Credit card
9464,CUST-001450,2026-06-16,22.03,payment,success,Credit card
9465,CUST-001450,2026-07-16,22.03,payment,success,Credit card
9466,CUST-001450,2026-08-16,22.03,payment,success,Credit card
9467,CUST-001451,2026-03-16,104.22,payment,success,Credit card
9468,CUST-001451,2026-04-16,104.22,payment,success,Credit card
9469,CUST-001451,2026-05-16,104.22,payment,success,Credit card
9470,CUST-001451,2026-06-16,104.22,payment,success,Credit card
9471,CUST-001451,2026-07-16,104.22,payment,success,Credit card
9472,CUST-001451,2026-08-16,104.22,payment,success,Credit card
9473,CUST-001452,2026-03-16,117.37,payment,success,Electronic check
9474,CUST-001452,2026-04-16,117.37,payment,success,Electronic check
9475,CUST-001452,2026-05-16,117.37,payment,success,Electronic check
9476,CUST-001452,2026-06-16,117.37,failed_payment,failed,Electronic check
9477,CUST-001452,2026-07-16,117.37,payment,success,Electronic check
9478,CUST-001452,2026-08-16,117.37,payment,success,Electronic check
9479,CUST-001453,2026-03-16,85.34,payment,success,Electronic check
9480,CUST-001453,2026-04-16,85.34,payment,success,Electronic check
9481,CUST-001453,2026-05-16,85.34,payment,success,Electronic check
9482,CUST-001453,2026-06-16,85.34,payment,success,Electronic check
9483,CUST-001453,2026-07-16,85.34,payment,success,Electronic check
9484,CUST-001453,2026-08-16,85.34,payment,success,Electronic check
9485,CUST-001454,2026-03-16,86.05,payment,success,Bank transfer
9486,CUST-001454,2026-04-16,86.05,payment,success,Bank transfer
9487,CUST-001454,2026-05-16,86.05,payment,success,Bank transfer
9488,CUST-001454,2026-06-16,86.05,payment,success,Bank transfer
9489,CUST-001454,2026-07-16,86.05,payment,success,Bank transfer
9490,CUST-001454,2026-08-16,86.05,payment,success,Bank transfer
9491,CUST-001455,2026-03-16,72.8,payment,success,Credit card
9492,CUST-001455,2026-04-16,72.8,payment,success,Credit card
9493,CUST-001455,2026-05-16,72.8,payment,success,Credit card
9494,CUST-001455,2026-06-16,72.8,payment,success,Credit card
9495,CUST-001455,2026-07-16,72.8,payment,success,Credit card
9496,CUST-001455,2026-08-16,72.8,payment,success,Credit card
9497,CUST-001456,2026-03-16,53.43,payment,success,Bank transfer
9498,CUST-001456,2026-04-16,53.43,payment,success,Bank transfer
9499,CUST-001456,2026-05-16,53.43,payment,success,Bank transfer
9500,CUST-001456,2026-06-16,53.43,payment,success,Bank transfer
9501,CUST-001456,2026-07-16,53.43,payment,success,Bank transfer
9502,CUST-001456,2026-08-16,53.43,failed_payment,failed,Bank transfer
9503,CUST-001456,2026-08-19,53.43,payment,success,Bank transfer
9504,CUST-001457,2026-03-16,34.9,payment,success,Electronic check
9505,CUST-001457,2026-04-16,34.9,payment,success,Electronic check
9506,CUST-001457,2026-05-16,34.9,payment,success,Electronic check
9507,CUST-001457,2026-06-16,34.9,payment,success,Electronic check
9508,CUST-001457,2026-07-16,34.9,payment,success,Electronic check
9509,CUST-001457,2026-08-16,34.9,payment,success,Electronic check
9510,CUST-001458,2026-03-16,78.41,payment,success,Bank transfer
9511,CUST-001458,2026-04-16,78.41,payment,success,Bank transfer
9512,CUST-001458,2026-05-16,78.41,payment,success,Bank transfer
9513,CUST-001458,2026-06-16,78.41,failed_payment,failed,Bank transfer
9514,CUST-001458,2026-06-19,78.41,payment,success,Bank transfer
9515,CUST-001458,2026-07-16,78.41,payment,success,Bank transfer
9516,CUST-001458,2026-08-16,78.41,payment,success,Bank transfer
9517,CUST-001459,2026-03-16,24.49,payment,success,Mailed check
9518,CUST-001459,2026-04-16,24.49,payment,success,Mailed check
9519,CUST-001459,2026-05-16,24.49,payment,success,Mailed check
9520,CUST-001459,2026-06-16,24.49,payment,success,Mailed check
9521,CUST-001459,2026-07-16,24.49,payment,success,Mailed check
9522,CUST-001459,2026-08-16,24.49,payment,success,Mailed check
9523,CUST-001460,2026-03-16,102.45,payment,success,Bank transfer
9524,CUST-001460,2026-04-16,102.45,payment,success,Bank transfer
9525,CUST-001460,2026-05-16,102.45,failed_payment,failed,Bank transfer
9526,CUST-001460,2026-05-19,102.45,payment,success,Bank transfer
9527,CUST-001460,2026-06-16,102.45,payment,success,Bank transfer
9528,CUST-001460,2026-07-16,102.45,payment,success,Bank transfer
9529,CUST-001460,2026-08-16,102.45,payment,success,Bank transfer
9530,CUST-001461,2026-03-16,62.09,payment,success,Mailed check
9531,CUST-001461,2026-04-16,62.09,payment,success,Mailed check
9532,CUST-001461,2026-05-16,62.09,payment,success,Mailed check
9533,CUST-001461,2026-06-16,62.09,payment,success,Mailed check
9534,CUST-001461,2026-07-16,62.09,payment,success,Mailed check
9535,CUST-001461,2026-08-16,62.09,payment,success,Mailed check
9536,CUST-001462,2026-03-16,61.48,payment,success,Electronic check
9537,CUST-001462,2026-04-16,61.48,payment,success,Electronic check
9538,CUST-001462,2026-05-16,61.48,payment,success,Electronic check
9539,CUST-001462,2026-06-16,61.48,payment,success,Electronic check
9540,CUST-001462,2026-07-16,61.48,failed_payment,failed,Electronic check
9541,CUST-001462,2026-08-16,61.48,failed_payment,failed,Electronic check
9542,CUST-001463,2026-03-16,52.72,payment,success,Electronic check
9543,CUST-001463,2026-04-16,52.72,payment,success,Electronic check
9544,CUST-001463,2026-05-16,52.72,payment,success,Electronic check
9545,CUST-001463,2026-06-16,52.72,payment,success,Electronic check
9546,CUST-001463,2026-07-16,52.72,payment,success,Electronic check
9547,CUST-001463,2026-08-16,52.72,payment,success,Electronic check
9548,CUST-001464,2026-03-16,116.94,failed_payment,failed,Bank transfer
9549,CUST-001464,2026-03-19,116.94,payment,success,Bank transfer
9550,CUST-001464,2026-04-16,116.94,payment,success,Bank transfer
9551,CUST-001464,2026-05-16,116.94,failed_payment,failed,Bank transfer
9552,CUST-001464,2026-05-19,116.94,payment,success,Bank transfer
9553,CUST-001464,2026-06-16,116.94,payment,success,Bank transfer
9554,CUST-001464,2026-07-16,116.94,payment,success,Bank transfer
9555,CUST-001464,2026-08-16,116.94,payment,success,Bank transfer
9556,CUST-001465,2026-03-16,37.49,payment,success,Bank transfer
9557,CUST-001465,2026-04-16,37.49,payment,success,Bank transfer
9558,CUST-001465,2026-05-16,37.49,payment,success,Bank transfer
9559,CUST-001465,2026-06-16,37.49,payment,success,Bank transfer
9560,CUST-001465,2026-07-16,37.49,payment,success,Bank transfer
9561,CUST-001465,2026-08-16,37.49,payment,success,Bank transfer
9562,CUST-001466,2026-03-16,35.13,payment,success,Mailed check
9563,CUST-001466,2026-04-16,35.13,failed_payment,failed,Mailed check
9564,CUST-001466,2026-05-16,35.13,payment,success,Mailed check
9565,CUST-001466,2026-06-16,35.13,payment,success,Mailed check
9566,CUST-001466,2026-07-16,35.13,payment,success,Mailed check
9567,CUST-001466,2026-08-16,35.13,payment,success,Mailed check
9568,CUST-001467,2026-03-16,36.55,payment,success,Electronic check
9569,CUST-001467,2026-04-16,36.55,payment,success,Electronic check
9570,CUST-001467,2026-05-16,36.55,payment,success,Electronic check
9571,CUST-001467,2026-06-16,36.55,payment,success,Electronic check
9572,CUST-001467,2026-07-16,36.55,failed_payment,failed,Electronic check
9573,CUST-001467,2026-07-19,36.55,payment,success,Electronic check
9574,CUST-001467,2026-08-16,36.55,payment,success,Electronic check
9575,CUST-001468,2026-03-16,85.85,failed_payment,failed,Credit card
9576,CUST-001468,2026-03-19,85.85,payment,success,Credit card
9577,CUST-001468,2026-04-16,85.85,failed_payment,failed,Credit card
9578,CUST-001468,2026-04-19,85.85,payment,success,Credit card
9579,CUST-001468,2026-05-16,85.85,failed_payment,failed,Credit card
9580,CUST-001468,2026-06-16,85.85,failed_payment,failed,Credit card
9581,CUST-001468,2026-07-16,85.85,payment,success,Credit card
9582,CUST-001468,2026-08-16,85.85,payment,success,Credit card
9583,CUST-001469,2026-03-16,119.19,payment,success,Electronic check
9584,CUST-001469,2026-04-16,119.19,payment,success,Electronic check
9585,CUST-001469,2026-05-16,119.19,payment,success,Electronic check
9586,CUST-001469,2026-06-16,119.19,payment,success,Electronic check
9587,CUST-001469,2026-07-16,119.19,payment,success,Electronic check
9588,CUST-001469,2026-08-16,119.19,payment,success,Electronic check
9589,CUST-001470,2026-03-16,43.55,payment,success,Electronic check
9590,CUST-001470,2026-04-16,43.55,payment,success,Electronic check
9591,CUST-001470,2026-05-16,43.55,payment,success,Electronic check
9592,CUST-001470,2026-06-16,43.55,payment,success,Electronic check
9593,CUST-001470,2026-07-16,43.55,failed_payment,failed,Electronic check
9594,CUST-001470,2026-07-19,43.55,payment,success,Electronic check
9595,CUST-001470,2026-08-16,43.55,payment,success,Electronic check
9596,CUST-001471,2026-03-16,110.56,payment,success,Mailed check
9597,CUST-001471,2026-04-16,110.56,payment,success,Mailed check
9598,CUST-001471,2026-05-16,110.56,payment,success,Mailed check
9599,CUST-001471,2026-06-16,110.56,payment,success,Mailed check
9600,CUST-001471,2026-07-16,110.56,payment,success,Mailed check
9601,CUST-001471,2026-08-16,110.56,payment,success,Mailed check
9602,CUST-001472,2026-03-16,47.86,payment,success,Bank transfer
9603,CUST-001472,2026-04-16,47.86,failed_payment,failed,Bank transfer
9604,CUST-001472,2026-04-19,47.86,payment,success,Bank transfer
9605,CUST-001472,2026-05-16,47.86,payment,success,Bank transfer
9606,CUST-001472,2026-06-16,47.86,payment,success,Bank transfer
9607,CUST-001472,2026-07-16,47.86,payment,success,Bank transfer
9608,CUST-001472,2026-08-16,47.86,payment,success,Bank transfer
9609,CUST-001473,2026-03-16,84.79,payment,success,Credit card
9610,CUST-001473,2026-04-16,84.79,payment,success,Credit card
9611,CUST-001473,2026-05-16,84.79,payment,success,Credit card
9612,CUST-001473,2026-06-16,84.79,payment,success,Credit card
9613,CUST-001473,2026-07-16,84.79,payment,success,Credit card
9614,CUST-001473,2026-08-16,84.79,failed_payment,failed,Credit card
9615,CUST-001473,2026-08-19,84.79,payment,success,Credit card
9616,CUST-001474,2026-03-16,24.05,failed_payment,failed,Bank transfer
9617,CUST-001474,2026-04-16,24.05,failed_payment,failed,Bank transfer
9618,CUST-001474,2026-04-19,24.05,payment,success,Bank transfer
9619,CUST-001474,2026-05-16,24.05,payment,success,Bank transfer
9620,CUST-001474,2026-06-16,24.05,payment,success,Bank transfer
9621,CUST-001474,2026-07-16,24.05,failed_payment,failed,Bank transfer
9622,CUST-001474,2026-07-19,24.05,payment,success,Bank transfer
9623,CUST-001474,2026-08-16,24.05,failed_payment,failed,Bank transfer
9624,CUST-001474,2026-08-19,24.05,payment,success,Bank transfer
9625,CUST-001475,2026-03-16,69.57,failed_payment,failed,Credit card
9626,CUST-001475,2026-03-19,69.57,payment,success,Credit card
9627,CUST-001475,2026-04-16,69.57,failed_payment,failed,Credit card
9628,CUST-001475,2026-05-16,69.57,payment,success,Credit card
9629,CUST-001475,2026-06-16,69.57,payment,success,Credit card
9630,CUST-001475,2026-07-16,69.57,payment,success,Credit card
9631,CUST-001475,2026-08-16,69.57,payment,success,Credit card
9632,CUST-001476,2026-03-16,85.46,payment,success,Bank transfer
9633,CUST-001476,2026-04-16,85.46,payment,success,Bank transfer
9634,CUST-001476,2026-05-16,85.46,payment,success,Bank transfer
9635,CUST-001476,2026-06-16,85.46,payment,success,Bank transfer
9636,CUST-001476,2026-07-16,85.46,payment,success,Bank transfer
9637,CUST-001476,2026-08-16,85.46,payment,success,Bank transfer
9638,CUST-001477,2026-03-16,73.63,payment,success,Credit card
9639,CUST-001477,2026-04-16,73.63,failed_payment,failed,Credit card
9640,CUST-001477,2026-05-16,73.63,failed_payment,failed,Credit card
9641,CUST-001477,2026-06-16,73.63,payment,success,Credit card
9642,CUST-001477,2026-07-16,73.63,failed_payment,failed,Credit card
9643,CUST-001477,2026-07-19,73.63,payment,success,Credit card
9644,CUST-001477,2026-08-16,73.63,payment,success,Credit card
9645,CUST-001478,2026-03-16,43.78,payment,success,Electronic check
9646,CUST-001478,2026-04-16,43.78,payment,success,Electronic check
9647,CUST-001478,2026-05-16,43.78,payment,success,Electronic check
9648,CUST-001478,2026-06-16,43.78,payment,success,Electronic check
9649,CUST-001478,2026-07-16,43.78,payment,success,Electronic check
9650,CUST-001478,2026-08-16,43.78,payment,success,Electronic check
9651,CUST-001479,2026-03-16,102.85,failed_payment,failed,Electronic check
9652,CUST-001479,2026-03-19,102.85,payment,success,Electronic check
9653,CUST-001479,2026-04-16,102.85,failed_payment,failed,Electronic check
9654,CUST-001479,2026-05-16,102.85,payment,success,Electronic check
9655,CUST-001479,2026-06-16,102.85,payment,success,Electronic check
9656,CUST-001479,2026-07-16,102.85,payment,success,Electronic check
9657,CUST-001479,2026-08-16,102.85,payment,success,Electronic check
9658,CUST-001480,2026-03-16,117.01,failed_payment,failed,Bank transfer
9659,CUST-001480,2026-03-19,117.01,payment,success,Bank transfer
9660,CUST-001480,2026-04-16,117.01,payment,success,Bank transfer
9661,CUST-001480,2026-05-16,117.01,payment,success,Bank transfer
9662,CUST-001480,2026-06-16,117.01,payment,success,Bank transfer
9663,CUST-001480,2026-07-16,117.01,failed_payment,failed,Bank transfer
9664,CUST-001480,2026-07-19,117.01,payment,success,Bank transfer
9665,CUST-001480,2026-08-16,117.01,failed_payment,failed,Bank transfer
9666,CUST-001480,2026-08-19,117.01,payment,success,Bank transfer
9667,CUST-001481,2026-03-16,65.92,payment,success,Credit card
9668,CUST-001481,2026-04-16,65.92,payment,success,Credit card
9669,CUST-001481,2026-05-16,65.92,payment,success,Credit card
9670,CUST-001481,2026-06-16,65.92,payment,success,Credit card
9671,CUST-001481,2026-07-16,65.92,payment,success,Credit card
9672,CUST-001481,2026-08-16,65.92,payment,success,Credit card
9673,CUST-001482,2026-03-16,83.59,payment,success,Bank transfer
9674,CUST-001482,2026-04-16,83.59,failed_payment,failed,Bank transfer
9675,CUST-001482,2026-04-19,83.59,payment,success,Bank transfer
9676,CUST-001482,2026-05-16,83.59,failed_payment,failed,Bank transfer
9677,CUST-001482,2026-05-19,83.59,payment,success,Bank transfer
9678,CUST-001482,2026-06-16,83.59,payment,success,Bank transfer
9679,CUST-001482,2026-07-16,83.59,failed_payment,failed,Bank transfer
9680,CUST-001482,2026-07-19,83.59,payment,success,Bank transfer
9681,CUST-001482,2026-08-16,83.59,failed_payment,failed,Bank transfer
9682,CUST-001482,2026-08-19,83.59,payment,success,Bank transfer
9683,CUST-001483,2026-03-16,99.04,payment,success,Mailed check
9684,CUST-001483,2026-04-16,99.04,payment,success,Mailed check
9685,CUST-001483,2026-05-16,99.04,payment,success,Mailed check
9686,CUST-001483,2026-06-16,99.04,payment,success,Mailed check
9687,CUST-001483,2026-07-16,99.04,payment,success,Mailed check
9688,CUST-001483,2026-08-16,99.04,payment,success,Mailed check
9689,CUST-001484,2026-03-16,44.15,payment,success,Mailed check
9690,CUST-001484,2026-04-16,44.15,payment,success,Mailed check
9691,CUST-001484,2026-05-16,44.15,payment,success,Mailed check
9692,CUST-001484,2026-06-16,44.15,payment,success,Mailed check
9693,CUST-001484,2026-07-16,44.15,payment,success,Mailed check
9694,CUST-001484,2026-08-16,44.15,payment,success,Mailed check
9695,CUST-001485,2026-03-16,106.45,payment,success,Electronic check
9696,CUST-001485,2026-04-16,106.45,payment,success,Electronic check
9697,CUST-001485,2026-05-16,106.45,payment,success,Electronic check
9698,CUST-001485,2026-06-16,106.45,failed_payment,failed,Electronic check
9699,CUST-001485,2026-06-19,106.45,payment,success,Electronic check
9700,CUST-001485,2026-07-16,106.45,payment,success,Electronic check
9701,CUST-001485,2026-08-16,106.45,payment,success,Electronic check
9702,CUST-001486,2026-03-16,48.02,payment,success,Mailed check
9703,CUST-001486,2026-04-16,48.02,payment,success,Mailed check
9704,CUST-001486,2026-05-16,48.02,payment,success,Mailed check
9705,CUST-001486,2026-06-16,48.02,payment,success,Mailed check
9706,CUST-001486,2026-07-16,48.02,payment,success,Mailed check
9707,CUST-001486,2026-08-16,48.02,payment,success,Mailed check
9708,CUST-001487,2026-03-16,97.58,payment,success,Bank transfer
9709,CUST-001487,2026-04-16,97.58,payment,success,Bank transfer
9710,CUST-001487,2026-05-16,97.58,payment,success,Bank transfer
9711,CUST-001487,2026-06-16,97.58,payment,success,Bank transfer
9712,CUST-001487,2026-07-16,97.58,payment,success,Bank transfer
9713,CUST-001487,2026-08-16,97.58,payment,success,Bank transfer
9714,CUST-001488,2026-03-16,31.21,failed_payment,failed,Electronic check
9715,CUST-001488,2026-03-19,31.21,payment,success,Electronic check
9716,CUST-001488,2026-04-16,31.21,payment,success,Electronic check
9717,CUST-001488,2026-05-16,31.21,payment,success,Electronic check
9718,CUST-001488,2026-06-16,31.21,payment,success,Electronic check
9719,CUST-001488,2026-07-16,31.21,payment,success,Electronic check
9720,CUST-001488,2026-08-16,31.21,failed_payment,failed,Electronic check
9721,CUST-001489,2026-03-16,48.84,payment,success,Mailed check
9722,CUST-001489,2026-04-16,48.84,payment,success,Mailed check
9723,CUST-001489,2026-05-16,48.84,payment,success,Mailed check
9724,CUST-001489,2026-06-16,48.84,payment,success,Mailed check
9725,CUST-001489,2026-07-16,48.84,payment,success,Mailed check
9726,CUST-001489,2026-08-16,48.84,payment,success,Mailed check
9727,CUST-001490,2026-03-16,73.36,payment,success,Mailed check
9728,CUST-001490,2026-04-16,73.36,payment,success,Mailed check
9729,CUST-001490,2026-05-16,73.36,failed_payment,failed,Mailed check
9730,CUST-001490,2026-05-19,73.36,payment,success,Mailed check
9731,CUST-001490,2026-06-16,73.36,payment,success,Mailed check
9732,CUST-001490,2026-07-16,73.36,payment,success,Mailed check
9733,CUST-001490,2026-08-16,73.36,payment,success,Mailed check
9734,CUST-001491,2026-03-16,72.49,payment,success,Mailed check
9735,CUST-001491,2026-04-16,72.49,failed_payment,failed,Mailed check
9736,CUST-001491,2026-04-19,72.49,payment,success,Mailed check
9737,CUST-001491,2026-05-16,72.49,payment,success,Mailed check
9738,CUST-001491,2026-06-16,72.49,failed_payment,failed,Mailed check
9739,CUST-001491,2026-06-19,72.49,payment,success,Mailed check
9740,CUST-001491,2026-07-16,72.49,payment,success,Mailed check
9741,CUST-001491,2026-08-16,72.49,failed_payment,failed,Mailed check
9742,CUST-001491,2026-08-19,72.49,payment,success,Mailed check
9743,CUST-001492,2026-03-16,105.04,payment,success,Credit card
9744,CUST-001492,2026-04-16,105.04,payment,success,Credit card
9745,CUST-001492,2026-05-16,105.04,payment,success,Credit card
9746,CUST-001492,2026-06-16,105.04,payment,success,Credit card
9747,CUST-001492,2026-07-16,105.04,payment,success,Credit card
9748,CUST-001492,2026-08-16,105.04,payment,success,Credit card
9749,CUST-001493,2026-03-16,119.61,payment,success,Credit card
9750,CUST-001493,2026-04-16,119.61,payment,success,Credit card
9751,CUST-001493,2026-05-16,119.61,payment,success,Credit card
9752,CUST-001493,2026-06-16,119.61,payment,success,Credit card
9753,CUST-001493,2026-07-16,119.61,payment,success,Credit card
9754,CUST-001493,2026-08-16,119.61,payment,success,Credit card
9755,CUST-001494,2026-03-16,30.72,payment,success,Mailed check
9756,CUST-001494,2026-04-16,30.72,payment,success,Mailed check
9757,CUST-001494,2026-05-16,30.72,payment,success,Mailed check
9758,CUST-001494,2026-06-16,30.72,payment,success,Mailed check
9759,CUST-001494,2026-07-16,30.72,payment,success,Mailed check
9760,CUST-001494,2026-08-16,30.72,payment,success,Mailed check
9761,CUST-001495,2026-03-16,47.14,payment,success,Credit card
9762,CUST-001495,2026-04-16,47.14,payment,success,Credit card
9763,CUST-001495,2026-05-16,47.14,payment,success,Credit card
9764,CUST-001495,2026-06-16,47.14,payment,success,Credit card
9765,CUST-001495,2026-07-16,47.14,payment,success,Credit card
9766,CUST-001495,2026-08-16,47.14,payment,success,Credit card
9767,CUST-001496,2026-03-16,55.76,payment,success,Bank transfer
9768,CUST-001496,2026-04-16,55.76,payment,success,Bank transfer
9769,CUST-001496,2026-05-16,55.76,payment,success,Bank transfer
9770,CUST-001496,2026-06-16,55.76,payment,success,Bank transfer
9771,CUST-001496,2026-07-16,55.76,failed_payment,failed,Bank transfer
9772,CUST-001496,2026-07-19,55.76,payment,success,Bank transfer
9773,CUST-001496,2026-08-16,55.76,payment,success,Bank transfer
9774,CUST-001497,2026-03-16,67.89,payment,success,Credit card
9775,CUST-001497,2026-04-16,67.89,payment,success,Credit card
9776,CUST-001497,2026-05-16,67.89,payment,success,Credit card
9777,CUST-001497,2026-06-16,67.89,payment,success,Credit card
9778,CUST-001497,2026-07-16,67.89,payment,success,Credit card
9779,CUST-001497,2026-08-16,67.89,payment,success,Credit card
9780,CUST-001498,2026-03-16,69.39,payment,success,Bank transfer
9781,CUST-001498,2026-04-16,69.39,payment,success,Bank transfer
9782,CUST-001498,2026-05-16,69.39,payment,success,Bank transfer
9783,CUST-001498,2026-06-16,69.39,payment,success,Bank transfer
9784,CUST-001498,2026-07-16,69.39,payment,success,Bank transfer
9785,CUST-001498,2026-08-16,69.39,payment,success,Bank transfer
9786,CUST-001499,2026-03-16,105.62,payment,success,Bank transfer
9787,CUST-001499,2026-04-16,105.62,payment,success,Bank transfer
9788,CUST-001499,2026-05-16,105.62,payment,success,Bank transfer
9789,CUST-001499,2026-06-16,105.62,payment,success,Bank transfer
9790,CUST-001499,2026-07-16,105.62,payment,success,Bank transfer
9791,CUST-001499,2026-08-16,105.62,payment,success,Bank transfer
9792,CUST-001500,2026-03-16,97.06,payment,success,Bank transfer
9793,CUST-001500,2026-04-16,97.06,payment,success,Bank transfer
9794,CUST-001500,2026-05-16,97.06,payment,success,Bank transfer
9795,CUST-001500,2026-06-16,97.06,payment,success,Bank transfer
9796,CUST-001500,2026-07-16,97.06,payment,success,Bank transfer
9797,CUST-001500,2026-08-16,97.06,payment,success,Bank transfer
9798,CUST-001501,2026-03-16,21.89,payment,success,Mailed check
9799,CUST-001501,2026-04-16,21.89,payment,success,Mailed check
9800,CUST-001501,2026-05-16,21.89,payment,success,Mailed check
9801,CUST-001501,2026-06-16,21.89,payment,success,Mailed check
9802,CUST-001501,2026-07-16,21.89,payment,success,Mailed check
9803,CUST-001501,2026-08-16,21.89,payment,success,Mailed check
9804,CUST-001502,2026-03-16,65.5,payment,success,Bank transfer
9805,CUST-001502,2026-04-16,65.5,failed_payment,failed,Bank transfer
9806,CUST-001502,2026-05-16,65.5,payment,success,Bank transfer
9807,CUST-001502,2026-06-16,65.5,payment,success,Bank transfer
9808,CUST-001502,2026-07-16,65.5,payment,success,Bank transfer
9809,CUST-001502,2026-08-16,65.5,payment,success,Bank transfer
9810,CUST-001503,2026-03-16,81.81,payment,success,Bank transfer
9811,CUST-001503,2026-04-16,81.81,payment,success,Bank transfer
9812,CUST-001503,2026-05-16,81.81,failed_payment,failed,Bank transfer
9813,CUST-001503,2026-06-16,81.81,failed_payment,failed,Bank transfer
9814,CUST-001503,2026-07-16,81.81,failed_payment,failed,Bank transfer
9815,CUST-001503,2026-07-19,81.81,payment,success,Bank transfer
9816,CUST-001503,2026-08-16,81.81,payment,success,Bank transfer
9817,CUST-001504,2026-03-16,66.04,payment,success,Bank transfer
9818,CUST-001504,2026-04-16,66.04,payment,success,Bank transfer
9819,CUST-001504,2026-05-16,66.04,failed_payment,failed,Bank transfer
9820,CUST-001504,2026-05-19,66.04,payment,success,Bank transfer
9821,CUST-001504,2026-06-16,66.04,payment,success,Bank transfer
9822,CUST-001504,2026-07-16,66.04,failed_payment,failed,Bank transfer
9823,CUST-001504,2026-08-16,66.04,payment,success,Bank transfer
9824,CUST-001505,2026-03-16,33.06,failed_payment,failed,Electronic check
9825,CUST-001505,2026-04-16,33.06,failed_payment,failed,Electronic check
9826,CUST-001505,2026-04-19,33.06,payment,success,Electronic check
9827,CUST-001505,2026-05-16,33.06,payment,success,Electronic check
9828,CUST-001505,2026-06-16,33.06,payment,success,Electronic check
9829,CUST-001505,2026-07-16,33.06,payment,success,Electronic check
9830,CUST-001505,2026-08-16,33.06,payment,success,Electronic check
9831,CUST-001506,2026-03-16,59.75,payment,success,Bank transfer
9832,CUST-001506,2026-04-16,59.75,failed_payment,failed,Bank transfer
9833,CUST-001506,2026-04-19,59.75,payment,success,Bank transfer
9834,CUST-001506,2026-05-16,59.75,payment,success,Bank transfer
9835,CUST-001506,2026-06-16,59.75,payment,success,Bank transfer
9836,CUST-001506,2026-07-16,59.75,payment,success,Bank transfer
9837,CUST-001506,2026-08-16,59.75,payment,success,Bank transfer
9838,CUST-001507,2026-03-16,61.17,payment,success,Bank transfer
9839,CUST-001507,2026-04-16,61.17,payment,success,Bank transfer
9840,CUST-001507,2026-05-16,61.17,payment,success,Bank transfer
9841,CUST-001507,2026-06-16,61.17,payment,success,Bank transfer
9842,CUST-001507,2026-07-16,61.17,payment,success,Bank transfer
9843,CUST-001507,2026-08-16,61.17,payment,success,Bank transfer
9844,CUST-001508,2026-03-16,38.77,payment,success,Electronic check
9845,CUST-001508,2026-04-16,38.77,payment,success,Electronic check
9846,CUST-001508,2026-05-16,38.77,failed_payment,failed,Electronic check
9847,CUST-001508,2026-05-19,38.77,payment,success,Electronic check
9848,CUST-001508,2026-06-16,38.77,failed_payment,failed,Electronic check
9849,CUST-001508,2026-06-19,38.77,payment,success,Electronic check
9850,CUST-001508,2026-07-16,38.77,payment,success,Electronic check
9851,CUST-001508,2026-08-16,38.77,failed_payment,failed,Electronic check
9852,CUST-001508,2026-08-19,38.77,payment,success,Electronic check
9853,CUST-001509,2026-03-16,95.63,payment,success,Credit card
9854,CUST-001509,2026-04-16,95.63,payment,success,Credit card
9855,CUST-001509,2026-05-16,95.63,payment,success,Credit card
9856,CUST-001509,2026-06-16,95.63,payment,success,Credit card
9857,CUST-001509,2026-07-16,95.63,payment,success,Credit card
9858,CUST-001509,2026-08-16,95.63,payment,success,Credit card
9859,CUST-001510,2026-03-16,52.14,payment,success,Credit card
9860,CUST-001510,2026-04-16,52.14,payment,success,Credit card
9861,CUST-001510,2026-05-16,52.14,failed_payment,failed,Credit card
9862,CUST-001510,2026-05-19,52.14,payment,success,Credit card
9863,CUST-001510,2026-06-16,52.14,payment,success,Credit card
9864,CUST-001510,2026-07-16,52.14,payment,success,Credit card
9865,CUST-001510,2026-08-16,52.14,payment,success,Credit card
9866,CUST-001511,2026-03-16,78.9,payment,success,Bank transfer
9867,CUST-001511,2026-04-16,78.9,payment,success,Bank transfer
9868,CUST-001511,2026-05-16,78.9,payment,success,Bank transfer
9869,CUST-001511,2026-06-16,78.9,payment,success,Bank transfer
9870,CUST-001511,2026-07-16,78.9,failed_payment,failed,Bank transfer
9871,CUST-001511,2026-07-19,78.9,payment,success,Bank transfer
9872,CUST-001511,2026-08-16,78.9,failed_payment,failed,Bank transfer
9873,CUST-001511,2026-08-19,78.9,payment,success,Bank transfer
9874,CUST-001512,2026-03-16,71.57,payment,success,Credit card
9875,CUST-001512,2026-04-16,71.57,payment,success,Credit card
9876,CUST-001512,2026-05-16,71.57,payment,success,Credit card
9877,CUST-001512,2026-06-16,71.57,payment,success,Credit card
9878,CUST-001512,2026-07-16,71.57,payment,success,Credit card
9879,CUST-001512,2026-08-16,71.57,failed_payment,failed,Credit card
9880,CUST-001513,2026-03-16,107.74,payment,success,Credit card
9881,CUST-001513,2026-04-16,107.74,payment,success,Credit card
9882,CUST-001513,2026-05-16,107.74,payment,success,Credit card
9883,CUST-001513,2026-06-16,107.74,payment,success,Credit card
9884,CUST-001513,2026-07-16,107.74,payment,success,Credit card
9885,CUST-001513,2026-08-16,107.74,payment,success,Credit card
9886,CUST-001514,2026-03-16,32.2,payment,success,Mailed check
9887,CUST-001514,2026-04-16,32.2,payment,success,Mailed check
9888,CUST-001514,2026-05-16,32.2,payment,success,Mailed check
9889,CUST-001514,2026-06-16,32.2,payment,success,Mailed check
9890,CUST-001514,2026-07-16,32.2,payment,success,Mailed check
9891,CUST-001514,2026-08-16,32.2,payment,success,Mailed check
9892,CUST-001515,2026-03-16,31.43,payment,success,Credit card
9893,CUST-001515,2026-04-16,31.43,payment,success,Credit card
9894,CUST-001515,2026-05-16,31.43,payment,success,Credit card
9895,CUST-001515,2026-06-16,31.43,payment,success,Credit card
9896,CUST-001515,2026-07-16,31.43,payment,success,Credit card
9897,CUST-001515,2026-08-16,31.43,payment,success,Credit card
9898,CUST-001516,2026-03-16,50.03,failed_payment,failed,Credit card
9899,CUST-001516,2026-03-19,50.03,payment,success,Credit card
9900,CUST-001516,2026-04-16,50.03,payment,success,Credit card
9901,CUST-001516,2026-05-16,50.03,failed_payment,failed,Credit card
9902,CUST-001516,2026-06-16,50.03,payment,success,Credit card
9903,CUST-001516,2026-07-16,50.03,payment,success,Credit card
9904,CUST-001516,2026-08-16,50.03,payment,success,Credit card
9905,CUST-001517,2026-03-16,63.12,payment,success,Electronic check
9906,CUST-001517,2026-04-16,63.12,payment,success,Electronic check
9907,CUST-001517,2026-05-16,63.12,payment,success,Electronic check
9908,CUST-001517,2026-06-16,63.12,payment,success,Electronic check
9909,CUST-001517,2026-07-16,63.12,payment,success,Electronic check
9910,CUST-001517,2026-08-16,63.12,payment,success,Electronic check
9911,CUST-001518,2026-03-16,49.85,payment,success,Credit card
9912,CUST-001518,2026-04-16,49.85,payment,success,Credit card
9913,CUST-001518,2026-05-16,49.85,payment,success,Credit card
9914,CUST-001518,2026-06-16,49.85,payment,success,Credit card
9915,CUST-001518,2026-07-16,49.85,payment,success,Credit card
9916,CUST-001518,2026-08-16,49.85,failed_payment,failed,Credit card
9917,CUST-001518,2026-08-19,49.85,payment,success,Credit card
9918,CUST-001519,2026-03-16,96.32,payment,success,Electronic check
9919,CUST-001519,2026-04-16,96.32,payment,success,Electronic check
9920,CUST-001519,2026-05-16,96.32,payment,success,Electronic check
9921,CUST-001519,2026-06-16,96.32,payment,success,Electronic check
9922,CUST-001519,2026-07-16,96.32,payment,success,Electronic check
9923,CUST-001519,2026-08-16,96.32,payment,success,Electronic check
9924,CUST-001520,2026-03-16,44.53,payment,success,Mailed check
9925,CUST-001520,2026-04-16,44.53,payment,success,Mailed check
9926,CUST-001520,2026-05-16,44.53,payment,success,Mailed check
9927,CUST-001520,2026-06-16,44.53,payment,success,Mailed check
9928,CUST-001520,2026-07-16,44.53,payment,success,Mailed check
9929,CUST-001520,2026-08-16,44.53,payment,success,Mailed check
9930,CUST-001521,2026-03-16,28.48,failed_payment,failed,Credit card
9931,CUST-001521,2026-04-16,28.48,payment,success,Credit card
9932,CUST-001521,2026-05-16,28.48,failed_payment,failed,Credit card
9933,CUST-001521,2026-05-19,28.48,payment,success,Credit card
9934,CUST-001521,2026-06-16,28.48,payment,success,Credit card
9935,CUST-001521,2026-07-16,28.48,payment,success,Credit card
9936,CUST-001521,2026-08-16,28.48,payment,success,Credit card
9937,CUST-001522,2026-03-16,61.38,payment,success,Bank transfer
9938,CUST-001522,2026-04-16,61.38,payment,success,Bank transfer
9939,CUST-001522,2026-05-16,61.38,payment,success,Bank transfer
9940,CUST-001522,2026-06-16,61.38,failed_payment,failed,Bank transfer
9941,CUST-001522,2026-06-19,61.38,payment,success,Bank transfer
9942,CUST-001522,2026-07-16,61.38,payment,success,Bank transfer
9943,CUST-001522,2026-08-16,61.38,payment,success,Bank transfer
9944,CUST-001523,2026-03-16,97.34,payment,success,Mailed check
9945,CUST-001523,2026-04-16,97.34,payment,success,Mailed check
9946,CUST-001523,2026-05-16,97.34,payment,success,Mailed check
9947,CUST-001523,2026-06-16,97.34,payment,success,Mailed check
9948,CUST-001523,2026-07-16,97.34,payment,success,Mailed check
9949,CUST-001523,2026-08-16,97.34,payment,success,Mailed check
9950,CUST-001524,2026-03-16,105.06,payment,success,Bank transfer
9951,CUST-001524,2026-04-16,105.06,payment,success,Bank transfer
9952,CUST-001524,2026-05-16,105.06,payment,success,Bank transfer
9953,CUST-001524,2026-06-16,105.06,payment,success,Bank transfer
9954,CUST-001524,2026-07-16,105.06,payment,success,Bank transfer
9955,CUST-001524,2026-08-16,105.06,payment,success,Bank transfer
9956,CUST-001525,2026-03-16,93.33,payment,success,Electronic check
9957,CUST-001525,2026-04-16,93.33,payment,success,Electronic check
9958,CUST-001525,2026-05-16,93.33,payment,success,Electronic check
9959,CUST-001525,2026-06-16,93.33,payment,success,Electronic check
9960,CUST-001525,2026-07-16,93.33,payment,success,Electronic check
9961,CUST-001525,2026-08-16,93.33,payment,success,Electronic check
9962,CUST-001526,2026-03-16,75.79,failed_payment,failed,Electronic check
9963,CUST-001526,2026-04-16,75.79,payment,success,Electronic check
9964,CUST-001526,2026-05-16,75.79,failed_payment,failed,Electronic check
9965,CUST-001526,2026-05-19,75.79,payment,success,Electronic check
9966,CUST-001526,2026-06-16,75.79,payment,success,Electronic check
9967,CUST-001526,2026-07-16,75.79,payment,success,Electronic check
9968,CUST-001526,2026-08-16,75.79,payment,success,Electronic check
9969,CUST-001527,2026-03-16,92.42,payment,success,Credit card
9970,CUST-001527,2026-04-16,92.42,payment,success,Credit card
9971,CUST-001527,2026-05-16,92.42,failed_payment,failed,Credit card
9972,CUST-001527,2026-05-19,92.42,payment,success,Credit card
9973,CUST-001527,2026-06-16,92.42,payment,success,Credit card
9974,CUST-001527,2026-07-16,92.42,failed_payment,failed,Credit card
9975,CUST-001527,2026-07-19,92.42,payment,success,Credit card
9976,CUST-001527,2026-08-16,92.42,payment,success,Credit card
9977,CUST-001528,2026-03-16,88.14,payment,success,Electronic check
9978,CUST-001528,2026-04-16,88.14,payment,success,Electronic check
9979,CUST-001528,2026-05-16,88.14,failed_payment,failed,Electronic check
9980,CUST-001528,2026-05-19,88.14,payment,success,Electronic check
9981,CUST-001528,2026-06-16,88.14,payment,success,Electronic check
9982,CUST-001528,2026-07-16,88.14,failed_payment,failed,Electronic check
9983,CUST-001528,2026-07-19,88.14,payment,success,Electronic check
9984,CUST-001528,2026-08-16,88.14,payment,success,Electronic check
9985,CUST-001529,2026-03-16,43.44,failed_payment,failed,Credit card
9986,CUST-001529,2026-03-19,43.44,payment,success,Credit card
9987,CUST-001529,2026-04-16,43.44,payment,success,Credit card
9988,CUST-001529,2026-05-16,43.44,failed_payment,failed,Credit card
9989,CUST-001529,2026-05-19,43.44,payment,success,Credit card
9990,CUST-001529,2026-06-16,43.44,payment,success,Credit card
9991,CUST-001529,2026-07-16,43.44,failed_payment,failed,Credit card
9992,CUST-001529,2026-08-16,43.44,payment,success,Credit card
9993,CUST-001530,2026-03-16,75.08,payment,success,Mailed check
9994,CUST-001530,2026-04-16,75.08,payment,success,Mailed check
9995,CUST-001530,2026-05-16,75.08,payment,success,Mailed check
9996,CUST-001530,2026-06-16,75.08,payment,success,Mailed check
9997,CUST-001530,2026-07-16,75.08,payment,success,Mailed check
9998,CUST-001530,2026-08-16,75.08,payment,success,Mailed check
9999,CUST-001531,2026-03-16,97.06,payment,success,Electronic check
10000,CUST-001531,2026-04-16,97.06,payment,success,Electronic check
10001,CUST-001531,2026-05-16,97.06,payment,success,Electronic check
10002,CUST-001531,2026-06-16,97.06,payment,success,Electronic check
10003,CUST-001531,2026-07-16,97.06,payment,success,Electronic check
10004,CUST-001531,2026-08-16,97.06,payment,success,Electronic check
10005,CUST-001532,2026-03-16,51.71,failed_payment,failed,Credit card
10006,CUST-001532,2026-03-19,51.71,payment,success,Credit card
10007,CUST-001532,2026-04-16,51.71,payment,success,Credit card
10008,CUST-001532,2026-05-16,51.71,payment,success,Credit card
10009,CUST-001532,2026-06-16,51.71,payment,success,Credit card
10010,CUST-001532,2026-07-16,51.71,failed_payment,failed,Credit card
10011,CUST-001532,2026-07-19,51.71,payment,success,Credit card
10012,CUST-001532,2026-08-16,51.71,payment,success,Credit card
10013,CUST-001533,2026-03-16,85.4,payment,success,Electronic check
10014,CUST-001533,2026-04-16,85.4,payment,success,Electronic check
10015,CUST-001533,2026-05-16,85.4,payment,success,Electronic check
10016,CUST-001533,2026-06-16,85.4,payment,success,Electronic check
10017,CUST-001533,2026-07-16,85.4,payment,success,Electronic check
10018,CUST-001533,2026-08-16,85.4,payment,success,Electronic check
10019,CUST-001534,2026-03-16,68.15,payment,success,Mailed check
10020,CUST-001534,2026-04-16,68.15,failed_payment,failed,Mailed check
10021,CUST-001534,2026-04-19,68.15,payment,success,Mailed check
10022,CUST-001534,2026-05-16,68.15,payment,success,Mailed check
10023,CUST-001534,2026-06-16,68.15,payment,success,Mailed check
10024,CUST-001534,2026-07-16,68.15,payment,success,Mailed check
10025,CUST-001534,2026-08-16,68.15,payment,success,Mailed check
10026,CUST-001535,2026-03-16,70.32,failed_payment,failed,Electronic check
10027,CUST-001535,2026-03-19,70.32,payment,success,Electronic check
10028,CUST-001535,2026-04-16,70.32,failed_payment,failed,Electronic check
10029,CUST-001535,2026-04-19,70.32,payment,success,Electronic check
10030,CUST-001535,2026-05-16,70.32,payment,success,Electronic check
10031,CUST-001535,2026-06-16,70.32,payment,success,Electronic check
10032,CUST-001535,2026-07-16,70.32,payment,success,Electronic check
10033,CUST-001535,2026-08-16,70.32,failed_payment,failed,Electronic check
10034,CUST-001535,2026-08-19,70.32,payment,success,Electronic check
10035,CUST-001536,2026-03-16,29.01,payment,success,Credit card
10036,CUST-001536,2026-04-16,29.01,payment,success,Credit card
10037,CUST-001536,2026-05-16,29.01,payment,success,Credit card
10038,CUST-001536,2026-06-16,29.01,payment,success,Credit card
10039,CUST-001536,2026-07-16,29.01,payment,success,Credit card
10040,CUST-001536,2026-08-16,29.01,payment,success,Credit card
10041,CUST-001537,2026-03-16,86.62,payment,success,Mailed check
10042,CUST-001537,2026-04-16,86.62,payment,success,Mailed check
10043,CUST-001537,2026-05-16,86.62,payment,success,Mailed check
10044,CUST-001537,2026-06-16,86.62,payment,success,Mailed check
10045,CUST-001537,2026-07-16,86.62,payment,success,Mailed check
10046,CUST-001537,2026-08-16,86.62,failed_payment,failed,Mailed check
10047,CUST-001538,2026-03-16,106.57,payment,success,Bank transfer
10048,CUST-001538,2026-04-16,106.57,payment,success,Bank transfer
10049,CUST-001538,2026-05-16,106.57,payment,success,Bank transfer
10050,CUST-001538,2026-06-16,106.57,payment,success,Bank transfer
10051,CUST-001538,2026-07-16,106.57,payment,success,Bank transfer
10052,CUST-001538,2026-08-16,106.57,payment,success,Bank transfer
10053,CUST-001539,2026-03-16,34.14,payment,success,Electronic check
10054,CUST-001539,2026-04-16,34.14,payment,success,Electronic check
10055,CUST-001539,2026-05-16,34.14,failed_payment,failed,Electronic check
10056,CUST-001539,2026-06-16,34.14,payment,success,Electronic check
10057,CUST-001539,2026-07-16,34.14,payment,success,Electronic check
10058,CUST-001539,2026-08-16,34.14,payment,success,Electronic check
10059,CUST-001540,2026-03-16,56.61,failed_payment,failed,Bank transfer
10060,CUST-001540,2026-03-19,56.61,payment,success,Bank transfer
10061,CUST-001540,2026-04-16,56.61,payment,success,Bank transfer
10062,CUST-001540,2026-05-16,56.61,failed_payment,failed,Bank transfer
10063,CUST-001540,2026-05-19,56.61,payment,success,Bank transfer
10064,CUST-001540,2026-06-16,56.61,failed_payment,failed,Bank transfer
10065,CUST-001540,2026-06-19,56.61,payment,success,Bank transfer
10066,CUST-001540,2026-07-16,56.61,payment,success,Bank transfer
10067,CUST-001540,2026-08-16,56.61,payment,success,Bank transfer
10068,CUST-001541,2026-03-16,24.87,payment,success,Bank transfer
10069,CUST-001541,2026-04-16,24.87,payment,success,Bank transfer
10070,CUST-001541,2026-05-16,24.87,payment,success,Bank transfer
10071,CUST-001541,2026-06-16,24.87,payment,success,Bank transfer
10072,CUST-001541,2026-07-16,24.87,payment,success,Bank transfer
10073,CUST-001541,2026-08-16,24.87,payment,success,Bank transfer
10074,CUST-001542,2026-03-16,22.96,payment,success,Mailed check
10075,CUST-001542,2026-04-16,22.96,payment,success,Mailed check
10076,CUST-001542,2026-05-16,22.96,payment,success,Mailed check
10077,CUST-001542,2026-06-16,22.96,payment,success,Mailed check
10078,CUST-001542,2026-07-16,22.96,payment,success,Mailed check
10079,CUST-001542,2026-08-16,22.96,payment,success,Mailed check
10080,CUST-001543,2026-03-16,118.97,failed_payment,failed,Credit card
10081,CUST-001543,2026-03-19,118.97,payment,success,Credit card
10082,CUST-001543,2026-04-16,118.97,failed_payment,failed,Credit card
10083,CUST-001543,2026-04-19,118.97,payment,success,Credit card
10084,CUST-001543,2026-05-16,118.97,failed_payment,failed,Credit card
10085,CUST-001543,2026-05-19,118.97,payment,success,Credit card
10086,CUST-001543,2026-06-16,118.97,failed_payment,failed,Credit card
10087,CUST-001543,2026-06-19,118.97,payment,success,Credit card
10088,CUST-001543,2026-07-16,118.97,payment,success,Credit card
10089,CUST-001543,2026-08-16,118.97,failed_payment,failed,Credit card
10090,CUST-001543,2026-08-19,118.97,payment,success,Credit card
10091,CUST-001544,2026-03-16,69.35,payment,success,Mailed check
10092,CUST-001544,2026-04-16,69.35,payment,success,Mailed check
10093,CUST-001544,2026-05-16,69.35,payment,success,Mailed check
10094,CUST-001544,2026-06-16,69.35,payment,success,Mailed check
10095,CUST-001544,2026-07-16,69.35,payment,success,Mailed check
10096,CUST-001544,2026-08-16,69.35,payment,success,Mailed check
10097,CUST-001545,2026-03-16,55.55,payment,success,Bank transfer
10098,CUST-001545,2026-04-16,55.55,payment,success,Bank transfer
10099,CUST-001545,2026-05-16,55.55,payment,success,Bank transfer
10100,CUST-001545,2026-06-16,55.55,failed_payment,failed,Bank transfer
10101,CUST-001545,2026-06-19,55.55,payment,success,Bank transfer
10102,CUST-001545,2026-07-16,55.55,payment,success,Bank transfer
10103,CUST-001545,2026-08-16,55.55,payment,success,Bank transfer
10104,CUST-001546,2026-03-16,47.49,payment,success,Electronic check
10105,CUST-001546,2026-04-16,47.49,payment,success,Electronic check
10106,CUST-001546,2026-05-16,47.49,payment,success,Electronic check
10107,CUST-001546,2026-06-16,47.49,payment,success,Electronic check
10108,CUST-001546,2026-07-16,47.49,payment,success,Electronic check
10109,CUST-001546,2026-08-16,47.49,payment,success,Electronic check
10110,CUST-001547,2026-03-16,118.0,payment,success,Credit card
10111,CUST-001547,2026-04-16,118.0,payment,success,Credit card
10112,CUST-001547,2026-05-16,118.0,payment,success,Credit card
10113,CUST-001547,2026-06-16,118.0,payment,success,Credit card
10114,CUST-001547,2026-07-16,118.0,payment,success,Credit card
10115,CUST-001547,2026-08-16,118.0,payment,success,Credit card
10116,CUST-001548,2026-03-16,45.23,payment,success,Electronic check
10117,CUST-001548,2026-04-16,45.23,payment,success,Electronic check
10118,CUST-001548,2026-05-16,45.23,payment,success,Electronic check
10119,CUST-001548,2026-06-16,45.23,payment,success,Electronic check
10120,CUST-001548,2026-07-16,45.23,payment,success,Electronic check
10121,CUST-001548,2026-08-16,45.23,payment,success,Electronic check
10122,CUST-001549,2026-03-16,92.57,payment,success,Bank transfer
10123,CUST-001549,2026-04-16,92.57,payment,success,Bank transfer
10124,CUST-001549,2026-05-16,92.57,payment,success,Bank transfer
10125,CUST-001549,2026-06-16,92.57,payment,success,Bank transfer
10126,CUST-001549,2026-07-16,92.57,payment,success,Bank transfer
10127,CUST-001549,2026-08-16,92.57,payment,success,Bank transfer
10128,CUST-001550,2026-03-16,48.38,failed_payment,failed,Electronic check
10129,CUST-001550,2026-03-19,48.38,payment,success,Electronic check
10130,CUST-001550,2026-04-16,48.38,payment,success,Electronic check
10131,CUST-001550,2026-05-16,48.38,payment,success,Electronic check
10132,CUST-001550,2026-06-16,48.38,failed_payment,failed,Electronic check
10133,CUST-001550,2026-06-19,48.38,payment,success,Electronic check
10134,CUST-001550,2026-07-16,48.38,payment,success,Electronic check
10135,CUST-001550,2026-08-16,48.38,failed_payment,failed,Electronic check
10136,CUST-001551,2026-03-16,27.05,payment,success,Electronic check
10137,CUST-001551,2026-04-16,27.05,payment,success,Electronic check
10138,CUST-001551,2026-05-16,27.05,payment,success,Electronic check
10139,CUST-001551,2026-06-16,27.05,payment,success,Electronic check
10140,CUST-001551,2026-07-16,27.05,payment,success,Electronic check
10141,CUST-001551,2026-08-16,27.05,payment,success,Electronic check
10142,CUST-001552,2026-03-16,88.33,payment,success,Electronic check
10143,CUST-001552,2026-04-16,88.33,payment,success,Electronic check
10144,CUST-001552,2026-05-16,88.33,payment,success,Electronic check
10145,CUST-001552,2026-06-16,88.33,payment,success,Electronic check
10146,CUST-001552,2026-07-16,88.33,payment,success,Electronic check
10147,CUST-001552,2026-08-16,88.33,payment,success,Electronic check
10148,CUST-001553,2026-03-16,20.16,payment,success,Credit card
10149,CUST-001553,2026-04-16,20.16,payment,success,Credit card
10150,CUST-001553,2026-05-16,20.16,payment,success,Credit card
10151,CUST-001553,2026-06-16,20.16,payment,success,Credit card
10152,CUST-001553,2026-07-16,20.16,payment,success,Credit card
10153,CUST-001553,2026-08-16,20.16,payment,success,Credit card
10154,CUST-001554,2026-03-16,87.57,payment,success,Electronic check
10155,CUST-001554,2026-04-16,87.57,payment,success,Electronic check
10156,CUST-001554,2026-05-16,87.57,payment,success,Electronic check
10157,CUST-001554,2026-06-16,87.57,payment,success,Electronic check
10158,CUST-001554,2026-07-16,87.57,payment,success,Electronic check
10159,CUST-001554,2026-08-16,87.57,payment,success,Electronic check
10160,CUST-001555,2026-03-16,45.04,payment,success,Credit card
10161,CUST-001555,2026-04-16,45.04,payment,success,Credit card
10162,CUST-001555,2026-05-16,45.04,failed_payment,failed,Credit card
10163,CUST-001555,2026-05-19,45.04,payment,success,Credit card
10164,CUST-001555,2026-06-16,45.04,payment,success,Credit card
10165,CUST-001555,2026-07-16,45.04,payment,success,Credit card
10166,CUST-001555,2026-08-16,45.04,payment,success,Credit card
10167,CUST-001556,2026-03-16,94.61,payment,success,Bank transfer
10168,CUST-001556,2026-04-16,94.61,payment,success,Bank transfer
10169,CUST-001556,2026-05-16,94.61,payment,success,Bank transfer
10170,CUST-001556,2026-06-16,94.61,payment,success,Bank transfer
10171,CUST-001556,2026-07-16,94.61,payment,success,Bank transfer
10172,CUST-001556,2026-08-16,94.61,payment,success,Bank transfer
10173,CUST-001557,2026-03-16,96.98,payment,success,Electronic check
10174,CUST-001557,2026-04-16,96.98,payment,success,Electronic check
10175,CUST-001557,2026-05-16,96.98,payment,success,Electronic check
10176,CUST-001557,2026-06-16,96.98,payment,success,Electronic check
10177,CUST-001557,2026-07-16,96.98,payment,success,Electronic check
10178,CUST-001557,2026-08-16,96.98,payment,success,Electronic check
10179,CUST-001558,2026-03-16,92.41,payment,success,Mailed check
10180,CUST-001558,2026-04-16,92.41,payment,success,Mailed check
10181,CUST-001558,2026-05-16,92.41,payment,success,Mailed check
10182,CUST-001558,2026-06-16,92.41,payment,success,Mailed check
10183,CUST-001558,2026-07-16,92.41,failed_payment,failed,Mailed check
10184,CUST-001558,2026-08-16,92.41,failed_payment,failed,Mailed check
10185,CUST-001559,2026-03-16,22.45,payment,success,Mailed check
10186,CUST-001559,2026-04-16,22.45,payment,success,Mailed check
10187,CUST-001559,2026-05-16,22.45,payment,success,Mailed check
10188,CUST-001559,2026-06-16,22.45,payment,success,Mailed check
10189,CUST-001559,2026-07-16,22.45,payment,success,Mailed check
10190,CUST-001559,2026-08-16,22.45,payment,success,Mailed check
10191,CUST-001560,2026-03-16,90.37,payment,success,Mailed check
10192,CUST-001560,2026-04-16,90.37,payment,success,Mailed check
10193,CUST-001560,2026-05-16,90.37,payment,success,Mailed check
10194,CUST-001560,2026-06-16,90.37,payment,success,Mailed check
10195,CUST-001560,2026-07-16,90.37,payment,success,Mailed check
10196,CUST-001560,2026-08-16,90.37,payment,success,Mailed check
10197,CUST-001561,2026-03-16,119.01,payment,success,Bank transfer
10198,CUST-001561,2026-04-16,119.01,payment,success,Bank transfer
10199,CUST-001561,2026-05-16,119.01,payment,success,Bank transfer
10200,CUST-001561,2026-06-16,119.01,payment,success,Bank transfer
10201,CUST-001561,2026-07-16,119.01,payment,success,Bank transfer
10202,CUST-001561,2026-08-16,119.01,payment,success,Bank transfer
10203,CUST-001562,2026-03-16,44.26,payment,success,Credit card
10204,CUST-001562,2026-04-16,44.26,payment,success,Credit card
10205,CUST-001562,2026-05-16,44.26,payment,success,Credit card
10206,CUST-001562,2026-06-16,44.26,payment,success,Credit card
10207,CUST-001562,2026-07-16,44.26,payment,success,Credit card
10208,CUST-001562,2026-08-16,44.26,payment,success,Credit card
10209,CUST-001563,2026-03-16,47.42,payment,success,Credit card
10210,CUST-001563,2026-04-16,47.42,payment,success,Credit card
10211,CUST-001563,2026-05-16,47.42,payment,success,Credit card
10212,CUST-001563,2026-06-16,47.42,payment,success,Credit card
10213,CUST-001563,2026-07-16,47.42,payment,success,Credit card
10214,CUST-001563,2026-08-16,47.42,payment,success,Credit card
10215,CUST-001564,2026-03-16,101.35,payment,success,Bank transfer
10216,CUST-001564,2026-04-16,101.35,payment,success,Bank transfer
10217,CUST-001564,2026-05-16,101.35,payment,success,Bank transfer
10218,CUST-001564,2026-06-16,101.35,failed_payment,failed,Bank transfer
10219,CUST-001564,2026-06-19,101.35,payment,success,Bank transfer
10220,CUST-001564,2026-07-16,101.35,payment,success,Bank transfer
10221,CUST-001564,2026-08-16,101.35,payment,success,Bank transfer
10222,CUST-001565,2026-03-16,36.04,payment,success,Credit card
10223,CUST-001565,2026-04-16,36.04,payment,success,Credit card
10224,CUST-001565,2026-05-16,36.04,payment,success,Credit card
10225,CUST-001565,2026-06-16,36.04,payment,success,Credit card
10226,CUST-001565,2026-07-16,36.04,payment,success,Credit card
10227,CUST-001565,2026-08-16,36.04,payment,success,Credit card
10228,CUST-001566,2026-03-16,86.06,payment,success,Credit card
10229,CUST-001566,2026-04-16,86.06,payment,success,Credit card
10230,CUST-001566,2026-05-16,86.06,payment,success,Credit card
10231,CUST-001566,2026-06-16,86.06,payment,success,Credit card
10232,CUST-001566,2026-07-16,86.06,payment,success,Credit card
10233,CUST-001566,2026-08-16,86.06,payment,success,Credit card
10234,CUST-001567,2026-03-16,95.5,payment,success,Electronic check
10235,CUST-001567,2026-04-16,95.5,payment,success,Electronic check
10236,CUST-001567,2026-05-16,95.5,payment,success,Electronic check
10237,CUST-001567,2026-06-16,95.5,payment,success,Electronic check
10238,CUST-001567,2026-07-16,95.5,payment,success,Electronic check
10239,CUST-001567,2026-08-16,95.5,payment,success,Electronic check
10240,CUST-001568,2026-03-16,23.72,payment,success,Bank transfer
10241,CUST-001568,2026-04-16,23.72,payment,success,Bank transfer
10242,CUST-001568,2026-05-16,23.72,failed_payment,failed,Bank transfer
10243,CUST-001568,2026-05-19,23.72,payment,success,Bank transfer
10244,CUST-001568,2026-06-16,23.72,payment,success,Bank transfer
10245,CUST-001568,2026-07-16,23.72,payment,success,Bank transfer
10246,CUST-001568,2026-08-16,23.72,failed_payment,failed,Bank transfer
10247,CUST-001568,2026-08-19,23.72,payment,success,Bank transfer
10248,CUST-001569,2026-03-16,75.38,payment,success,Credit card
10249,CUST-001569,2026-04-16,75.38,payment,success,Credit card
10250,CUST-001569,2026-05-16,75.38,failed_payment,failed,Credit card
10251,CUST-001569,2026-05-19,75.38,payment,success,Credit card
10252,CUST-001569,2026-06-16,75.38,payment,success,Credit card
10253,CUST-001569,2026-07-16,75.38,payment,success,Credit card
10254,CUST-001569,2026-08-16,75.38,payment,success,Credit card
10255,CUST-001570,2026-03-16,77.59,payment,success,Electronic check
10256,CUST-001570,2026-04-16,77.59,payment,success,Electronic check
10257,CUST-001570,2026-05-16,77.59,payment,success,Electronic check
10258,CUST-001570,2026-06-16,77.59,payment,success,Electronic check
10259,CUST-001570,2026-07-16,77.59,payment,success,Electronic check
10260,CUST-001570,2026-08-16,77.59,payment,success,Electronic check
10261,CUST-001571,2026-03-16,50.34,failed_payment,failed,Bank transfer
10262,CUST-001571,2026-03-19,50.34,payment,success,Bank transfer
10263,CUST-001571,2026-04-16,50.34,payment,success,Bank transfer
10264,CUST-001571,2026-05-16,50.34,failed_payment,failed,Bank transfer
10265,CUST-001571,2026-05-19,50.34,payment,success,Bank transfer
10266,CUST-001571,2026-06-16,50.34,payment,success,Bank transfer
10267,CUST-001571,2026-07-16,50.34,payment,success,Bank transfer
10268,CUST-001571,2026-08-16,50.34,payment,success,Bank transfer
10269,CUST-001572,2026-03-16,107.63,failed_payment,failed,Credit card
10270,CUST-001572,2026-04-16,107.63,payment,success,Credit card
10271,CUST-001572,2026-05-16,107.63,payment,success,Credit card
10272,CUST-001572,2026-06-16,107.63,payment,success,Credit card
10273,CUST-001572,2026-07-16,107.63,payment,success,Credit card
10274,CUST-001572,2026-08-16,107.63,payment,success,Credit card
10275,CUST-001573,2026-03-16,36.27,payment,success,Mailed check
10276,CUST-001573,2026-04-16,36.27,payment,success,Mailed check
10277,CUST-001573,2026-05-16,36.27,payment,success,Mailed check
10278,CUST-001573,2026-06-16,36.27,payment,success,Mailed check
10279,CUST-001573,2026-07-16,36.27,payment,success,Mailed check
10280,CUST-001573,2026-08-16,36.27,payment,success,Mailed check
10281,CUST-001574,2026-03-16,56.42,payment,success,Credit card
10282,CUST-001574,2026-04-16,56.42,payment,success,Credit card
10283,CUST-001574,2026-05-16,56.42,payment,success,Credit card
10284,CUST-001574,2026-06-16,56.42,payment,success,Credit card
10285,CUST-001574,2026-07-16,56.42,payment,success,Credit card
10286,CUST-001574,2026-08-16,56.42,payment,success,Credit card
10287,CUST-001575,2026-03-16,104.87,payment,success,Credit card
10288,CUST-001575,2026-04-16,104.87,failed_payment,failed,Credit card
10289,CUST-001575,2026-05-16,104.87,payment,success,Credit card
10290,CUST-001575,2026-06-16,104.87,failed_payment,failed,Credit card
10291,CUST-001575,2026-07-16,104.87,failed_payment,failed,Credit card
10292,CUST-001575,2026-07-19,104.87,payment,success,Credit card
10293,CUST-001575,2026-08-16,104.87,payment,success,Credit card
10294,CUST-001576,2026-03-16,39.06,payment,success,Bank transfer
10295,CUST-001576,2026-04-16,39.06,payment,success,Bank transfer
10296,CUST-001576,2026-05-16,39.06,payment,success,Bank transfer
10297,CUST-001576,2026-06-16,39.06,payment,success,Bank transfer
10298,CUST-001576,2026-07-16,39.06,payment,success,Bank transfer
10299,CUST-001576,2026-08-16,39.06,payment,success,Bank transfer
10300,CUST-001577,2026-03-16,102.14,payment,success,Bank transfer
10301,CUST-001577,2026-04-16,102.14,payment,success,Bank transfer
10302,CUST-001577,2026-05-16,102.14,payment,success,Bank transfer
10303,CUST-001577,2026-06-16,102.14,payment,success,Bank transfer
10304,CUST-001577,2026-07-16,102.14,payment,success,Bank transfer
10305,CUST-001577,2026-08-16,102.14,payment,success,Bank transfer
10306,CUST-001578,2026-03-16,27.91,payment,success,Bank transfer
10307,CUST-001578,2026-04-16,27.91,payment,success,Bank transfer
10308,CUST-001578,2026-05-16,27.91,payment,success,Bank transfer
10309,CUST-001578,2026-06-16,27.91,payment,success,Bank transfer
10310,CUST-001578,2026-07-16,27.91,payment,success,Bank transfer
10311,CUST-001578,2026-08-16,27.91,payment,success,Bank transfer
10312,CUST-001579,2026-03-16,68.92,payment,success,Mailed check
10313,CUST-001579,2026-04-16,68.92,payment,success,Mailed check
10314,CUST-001579,2026-05-16,68.92,payment,success,Mailed check
10315,CUST-001579,2026-06-16,68.92,payment,success,Mailed check
10316,CUST-001579,2026-07-16,68.92,payment,success,Mailed check
10317,CUST-001579,2026-08-16,68.92,payment,success,Mailed check
10318,CUST-001580,2026-03-16,27.53,failed_payment,failed,Mailed check
10319,CUST-001580,2026-03-19,27.53,payment,success,Mailed check
10320,CUST-001580,2026-04-16,27.53,payment,success,Mailed check
10321,CUST-001580,2026-05-16,27.53,payment,success,Mailed check
10322,CUST-001580,2026-06-16,27.53,payment,success,Mailed check
10323,CUST-001580,2026-07-16,27.53,payment,success,Mailed check
10324,CUST-001580,2026-08-16,27.53,payment,success,Mailed check
10325,CUST-001581,2026-03-16,87.79,payment,success,Bank transfer
10326,CUST-001581,2026-04-16,87.79,payment,success,Bank transfer
10327,CUST-001581,2026-05-16,87.79,payment,success,Bank transfer
10328,CUST-001581,2026-06-16,87.79,payment,success,Bank transfer
10329,CUST-001581,2026-07-16,87.79,payment,success,Bank transfer
10330,CUST-001581,2026-08-16,87.79,payment,success,Bank transfer
10331,CUST-001582,2026-03-16,99.06,payment,success,Mailed check
10332,CUST-001582,2026-04-16,99.06,payment,success,Mailed check
10333,CUST-001582,2026-05-16,99.06,payment,success,Mailed check
10334,CUST-001582,2026-06-16,99.06,failed_payment,failed,Mailed check
10335,CUST-001582,2026-07-16,99.06,payment,success,Mailed check
10336,CUST-001582,2026-08-16,99.06,payment,success,Mailed check
10337,CUST-001583,2026-03-16,104.99,payment,success,Credit card
10338,CUST-001583,2026-04-16,104.99,failed_payment,failed,Credit card
10339,CUST-001583,2026-04-19,104.99,payment,success,Credit card
10340,CUST-001583,2026-05-16,104.99,payment,success,Credit card
10341,CUST-001583,2026-06-16,104.99,failed_payment,failed,Credit card
10342,CUST-001583,2026-06-19,104.99,payment,success,Credit card
10343,CUST-001583,2026-07-16,104.99,payment,success,Credit card
10344,CUST-001583,2026-08-16,104.99,payment,success,Credit card
10345,CUST-001584,2026-03-16,118.13,failed_payment,failed,Credit card
10346,CUST-001584,2026-03-19,118.13,payment,success,Credit card
10347,CUST-001584,2026-04-16,118.13,failed_payment,failed,Credit card
10348,CUST-001584,2026-04-19,118.13,payment,success,Credit card
10349,CUST-001584,2026-05-16,118.13,failed_payment,failed,Credit card
10350,CUST-001584,2026-06-16,118.13,payment,success,Credit card
10351,CUST-001584,2026-07-16,118.13,payment,success,Credit card
10352,CUST-001584,2026-08-16,118.13,failed_payment,failed,Credit card
10353,CUST-001585,2026-03-16,87.2,payment,success,Mailed check
10354,CUST-001585,2026-04-16,87.2,payment,success,Mailed check
10355,CUST-001585,2026-05-16,87.2,payment,success,Mailed check
10356,CUST-001585,2026-06-16,87.2,payment,success,Mailed check
10357,CUST-001585,2026-07-16,87.2,payment,success,Mailed check
10358,CUST-001585,2026-08-16,87.2,payment,success,Mailed check
10359,CUST-001586,2026-03-16,96.91,payment,success,Bank transfer
10360,CUST-001586,2026-04-16,96.91,payment,success,Bank transfer
10361,CUST-001586,2026-05-16,96.91,payment,success,Bank transfer
10362,CUST-001586,2026-06-16,96.91,payment,success,Bank transfer
10363,CUST-001586,2026-07-16,96.91,payment,success,Bank transfer
10364,CUST-001586,2026-08-16,96.91,payment,success,Bank transfer
10365,CUST-001587,2026-03-16,70.58,payment,success,Electronic check
10366,CUST-001587,2026-04-16,70.58,payment,success,Electronic check
10367,CUST-001587,2026-05-16,70.58,payment,success,Electronic check
10368,CUST-001587,2026-06-16,70.58,failed_payment,failed,Electronic check
10369,CUST-001587,2026-06-19,70.58,payment,success,Electronic check
10370,CUST-001587,2026-07-16,70.58,payment,success,Electronic check
10371,CUST-001587,2026-08-16,70.58,payment,success,Electronic check
10372,CUST-001588,2026-03-16,111.27,payment,success,Electronic check
10373,CUST-001588,2026-04-16,111.27,payment,success,Electronic check
10374,CUST-001588,2026-05-16,111.27,payment,success,Electronic check
10375,CUST-001588,2026-06-16,111.27,payment,success,Electronic check
10376,CUST-001588,2026-07-16,111.27,payment,success,Electronic check
10377,CUST-001588,2026-08-16,111.27,payment,success,Electronic check
10378,CUST-001589,2026-03-16,84.38,payment,success,Mailed check
10379,CUST-001589,2026-04-16,84.38,payment,success,Mailed check
10380,CUST-001589,2026-05-16,84.38,payment,success,Mailed check
10381,CUST-001589,2026-06-16,84.38,payment,success,Mailed check
10382,CUST-001589,2026-07-16,84.38,payment,success,Mailed check
10383,CUST-001589,2026-08-16,84.38,payment,success,Mailed check
10384,CUST-001590,2026-03-16,108.36,failed_payment,failed,Electronic check
10385,CUST-001590,2026-04-16,108.36,payment,success,Electronic check
10386,CUST-001590,2026-05-16,108.36,payment,success,Electronic check
10387,CUST-001590,2026-06-16,108.36,failed_payment,failed,Electronic check
10388,CUST-001590,2026-06-19,108.36,payment,success,Electronic check
10389,CUST-001590,2026-07-16,108.36,failed_payment,failed,Electronic check
10390,CUST-001590,2026-07-19,108.36,payment,success,Electronic check
10391,CUST-001590,2026-08-16,108.36,failed_payment,failed,Electronic check
10392,CUST-001590,2026-08-19,108.36,payment,success,Electronic check
10393,CUST-001591,2026-03-16,43.55,payment,success,Credit card
10394,CUST-001591,2026-04-16,43.55,payment,success,Credit card
10395,CUST-001591,2026-05-16,43.55,payment,success,Credit card
10396,CUST-001591,2026-06-16,43.55,payment,success,Credit card
10397,CUST-001591,2026-07-16,43.55,failed_payment,failed,Credit card
10398,CUST-001591,2026-07-19,43.55,payment,success,Credit card
10399,CUST-001591,2026-08-16,43.55,payment,success,Credit card
10400,CUST-001592,2026-03-16,69.67,payment,success,Electronic check
10401,CUST-001592,2026-04-16,69.67,payment,success,Electronic check
10402,CUST-001592,2026-05-16,69.67,payment,success,Electronic check
10403,CUST-001592,2026-06-16,69.67,failed_payment,failed,Electronic check
10404,CUST-001592,2026-06-19,69.67,payment,success,Electronic check
10405,CUST-001592,2026-07-16,69.67,failed_payment,failed,Electronic check
10406,CUST-001592,2026-07-19,69.67,payment,success,Electronic check
10407,CUST-001592,2026-08-16,69.67,payment,success,Electronic check
10408,CUST-001593,2026-03-16,92.98,payment,success,Mailed check
10409,CUST-001593,2026-04-16,92.98,payment,success,Mailed check
10410,CUST-001593,2026-05-16,92.98,payment,success,Mailed check
10411,CUST-001593,2026-06-16,92.98,payment,success,Mailed check
10412,CUST-001593,2026-07-16,92.98,payment,success,Mailed check
10413,CUST-001593,2026-08-16,92.98,payment,success,Mailed check
10414,CUST-001594,2026-03-16,40.27,payment,success,Mailed check
10415,CUST-001594,2026-04-16,40.27,payment,success,Mailed check
10416,CUST-001594,2026-05-16,40.27,payment,success,Mailed check
10417,CUST-001594,2026-06-16,40.27,payment,success,Mailed check
10418,CUST-001594,2026-07-16,40.27,payment,success,Mailed check
10419,CUST-001594,2026-08-16,40.27,payment,success,Mailed check
10420,CUST-001595,2026-03-16,41.13,payment,success,Electronic check
10421,CUST-001595,2026-04-16,41.13,payment,success,Electronic check
10422,CUST-001595,2026-05-16,41.13,payment,success,Electronic check
10423,CUST-001595,2026-06-16,41.13,payment,success,Electronic check
10424,CUST-001595,2026-07-16,41.13,payment,success,Electronic check
10425,CUST-001595,2026-08-16,41.13,payment,success,Electronic check
10426,CUST-001596,2026-03-16,117.8,payment,success,Mailed check
10427,CUST-001596,2026-04-16,117.8,payment,success,Mailed check
10428,CUST-001596,2026-05-16,117.8,payment,success,Mailed check
10429,CUST-001596,2026-06-16,117.8,payment,success,Mailed check
10430,CUST-001596,2026-07-16,117.8,payment,success,Mailed check
10431,CUST-001596,2026-08-16,117.8,payment,success,Mailed check
10432,CUST-001597,2026-03-16,63.46,payment,success,Bank transfer
10433,CUST-001597,2026-04-16,63.46,payment,success,Bank transfer
10434,CUST-001597,2026-05-16,63.46,payment,success,Bank transfer
10435,CUST-001597,2026-06-16,63.46,payment,success,Bank transfer
10436,CUST-001597,2026-07-16,63.46,payment,success,Bank transfer
10437,CUST-001597,2026-08-16,63.46,failed_payment,failed,Bank transfer
10438,CUST-001597,2026-08-19,63.46,payment,success,Bank transfer
10439,CUST-001598,2026-03-16,38.18,payment,success,Credit card
10440,CUST-001598,2026-04-16,38.18,payment,success,Credit card
10441,CUST-001598,2026-05-16,38.18,payment,success,Credit card
10442,CUST-001598,2026-06-16,38.18,payment,success,Credit card
10443,CUST-001598,2026-07-16,38.18,payment,success,Credit card
10444,CUST-001598,2026-08-16,38.18,payment,success,Credit card
10445,CUST-001599,2026-03-16,53.15,payment,success,Electronic check
10446,CUST-001599,2026-04-16,53.15,payment,success,Electronic check
10447,CUST-001599,2026-05-16,53.15,payment,success,Electronic check
10448,CUST-001599,2026-06-16,53.15,payment,success,Electronic check
10449,CUST-001599,2026-07-16,53.15,payment,success,Electronic check
10450,CUST-001599,2026-08-16,53.15,payment,success,Electronic check
10451,CUST-001600,2026-03-16,59.74,payment,success,Electronic check
10452,CUST-001600,2026-04-16,59.74,payment,success,Electronic check
10453,CUST-001600,2026-05-16,59.74,payment,success,Electronic check
10454,CUST-001600,2026-06-16,59.74,payment,success,Electronic check
10455,CUST-001600,2026-07-16,59.74,payment,success,Electronic check
10456,CUST-001600,2026-08-16,59.74,payment,success,Electronic check
10457,CUST-001601,2026-03-16,82.31,payment,success,Mailed check
10458,CUST-001601,2026-04-16,82.31,payment,success,Mailed check
10459,CUST-001601,2026-05-16,82.31,payment,success,Mailed check
10460,CUST-001601,2026-06-16,82.31,payment,success,Mailed check
10461,CUST-001601,2026-07-16,82.31,payment,success,Mailed check
10462,CUST-001601,2026-08-16,82.31,payment,success,Mailed check
10463,CUST-001602,2026-03-16,112.3,payment,success,Mailed check
10464,CUST-001602,2026-04-16,112.3,payment,success,Mailed check
10465,CUST-001602,2026-05-16,112.3,payment,success,Mailed check
10466,CUST-001602,2026-06-16,112.3,failed_payment,failed,Mailed check
10467,CUST-001602,2026-06-19,112.3,payment,success,Mailed check
10468,CUST-001602,2026-07-16,112.3,payment,success,Mailed check
10469,CUST-001602,2026-08-16,112.3,payment,success,Mailed check
10470,CUST-001603,2026-03-16,118.66,payment,success,Credit card
10471,CUST-001603,2026-04-16,118.66,payment,success,Credit card
10472,CUST-001603,2026-05-16,118.66,payment,success,Credit card
10473,CUST-001603,2026-06-16,118.66,payment,success,Credit card
10474,CUST-001603,2026-07-16,118.66,payment,success,Credit card
10475,CUST-001603,2026-08-16,118.66,payment,success,Credit card
10476,CUST-001604,2026-03-16,85.17,payment,success,Electronic check
10477,CUST-001604,2026-04-16,85.17,payment,success,Electronic check
10478,CUST-001604,2026-05-16,85.17,payment,success,Electronic check
10479,CUST-001604,2026-06-16,85.17,payment,success,Electronic check
10480,CUST-001604,2026-07-16,85.17,payment,success,Electronic check
10481,CUST-001604,2026-08-16,85.17,payment,success,Electronic check
10482,CUST-001605,2026-03-16,89.99,payment,success,Mailed check
10483,CUST-001605,2026-04-16,89.99,failed_payment,failed,Mailed check
10484,CUST-001605,2026-05-16,89.99,failed_payment,failed,Mailed check
10485,CUST-001605,2026-05-19,89.99,payment,success,Mailed check
10486,CUST-001605,2026-06-16,89.99,payment,success,Mailed check
10487,CUST-001605,2026-07-16,89.99,payment,success,Mailed check
10488,CUST-001605,2026-08-16,89.99,payment,success,Mailed check
10489,CUST-001606,2026-03-16,52.18,failed_payment,failed,Bank transfer
10490,CUST-001606,2026-03-19,52.18,payment,success,Bank transfer
10491,CUST-001606,2026-04-16,52.18,payment,success,Bank transfer
10492,CUST-001606,2026-05-16,52.18,failed_payment,failed,Bank transfer
10493,CUST-001606,2026-06-16,52.18,payment,success,Bank transfer
10494,CUST-001606,2026-07-16,52.18,failed_payment,failed,Bank transfer
10495,CUST-001606,2026-07-19,52.18,payment,success,Bank transfer
10496,CUST-001606,2026-08-16,52.18,payment,success,Bank transfer
10497,CUST-001607,2026-03-16,105.72,payment,success,Mailed check
10498,CUST-001607,2026-04-16,105.72,payment,success,Mailed check
10499,CUST-001607,2026-05-16,105.72,payment,success,Mailed check
10500,CUST-001607,2026-06-16,105.72,payment,success,Mailed check
10501,CUST-001607,2026-07-16,105.72,payment,success,Mailed check
10502,CUST-001607,2026-08-16,105.72,payment,success,Mailed check
10503,CUST-001608,2026-03-16,41.78,payment,success,Bank transfer
10504,CUST-001608,2026-04-16,41.78,payment,success,Bank transfer
10505,CUST-001608,2026-05-16,41.78,payment,success,Bank transfer
10506,CUST-001608,2026-06-16,41.78,payment,success,Bank transfer
10507,CUST-001608,2026-07-16,41.78,payment,success,Bank transfer
10508,CUST-001608,2026-08-16,41.78,payment,success,Bank transfer
10509,CUST-001609,2026-03-16,30.64,payment,success,Credit card
10510,CUST-001609,2026-04-16,30.64,payment,success,Credit card
10511,CUST-001609,2026-05-16,30.64,payment,success,Credit card
10512,CUST-001609,2026-06-16,30.64,payment,success,Credit card
10513,CUST-001609,2026-07-16,30.64,payment,success,Credit card
10514,CUST-001609,2026-08-16,30.64,payment,success,Credit card
10515,CUST-001610,2026-03-16,117.33,payment,success,Bank transfer
10516,CUST-001610,2026-04-16,117.33,payment,success,Bank transfer
10517,CUST-001610,2026-05-16,117.33,payment,success,Bank transfer
10518,CUST-001610,2026-06-16,117.33,payment,success,Bank transfer
10519,CUST-001610,2026-07-16,117.33,payment,success,Bank transfer
10520,CUST-001610,2026-08-16,117.33,payment,success,Bank transfer
10521,CUST-001611,2026-03-16,106.41,payment,success,Mailed check
10522,CUST-001611,2026-04-16,106.41,payment,success,Mailed check
10523,CUST-001611,2026-05-16,106.41,payment,success,Mailed check
10524,CUST-001611,2026-06-16,106.41,payment,success,Mailed check
10525,CUST-001611,2026-07-16,106.41,payment,success,Mailed check
10526,CUST-001611,2026-08-16,106.41,payment,success,Mailed check
10527,CUST-001612,2026-03-16,50.36,payment,success,Credit card
10528,CUST-001612,2026-04-16,50.36,payment,success,Credit card
10529,CUST-001612,2026-05-16,50.36,payment,success,Credit card
10530,CUST-001612,2026-06-16,50.36,payment,success,Credit card
10531,CUST-001612,2026-07-16,50.36,payment,success,Credit card
10532,CUST-001612,2026-08-16,50.36,payment,success,Credit card
10533,CUST-001613,2026-03-16,87.52,payment,success,Credit card
10534,CUST-001613,2026-04-16,87.52,payment,success,Credit card
10535,CUST-001613,2026-05-16,87.52,payment,success,Credit card
10536,CUST-001613,2026-06-16,87.52,payment,success,Credit card
10537,CUST-001613,2026-07-16,87.52,payment,success,Credit card
10538,CUST-001613,2026-08-16,87.52,payment,success,Credit card
10539,CUST-001614,2026-03-16,66.7,payment,success,Credit card
10540,CUST-001614,2026-04-16,66.7,payment,success,Credit card
10541,CUST-001614,2026-05-16,66.7,failed_payment,failed,Credit card
10542,CUST-001614,2026-06-16,66.7,payment,success,Credit card
10543,CUST-001614,2026-07-16,66.7,payment,success,Credit card
10544,CUST-001614,2026-08-16,66.7,payment,success,Credit card
10545,CUST-001615,2026-03-16,52.31,payment,success,Electronic check
10546,CUST-001615,2026-04-16,52.31,payment,success,Electronic check
10547,CUST-001615,2026-05-16,52.31,payment,success,Electronic check
10548,CUST-001615,2026-06-16,52.31,payment,success,Electronic check
10549,CUST-001615,2026-07-16,52.31,payment,success,Electronic check
10550,CUST-001615,2026-08-16,52.31,payment,success,Electronic check
10551,CUST-001616,2026-03-16,48.68,failed_payment,failed,Credit card
10552,CUST-001616,2026-03-19,48.68,payment,success,Credit card
10553,CUST-001616,2026-04-16,48.68,payment,success,Credit card
10554,CUST-001616,2026-05-16,48.68,payment,success,Credit card
10555,CUST-001616,2026-06-16,48.68,payment,success,Credit card
10556,CUST-001616,2026-07-16,48.68,payment,success,Credit card
10557,CUST-001616,2026-08-16,48.68,payment,success,Credit card
10558,CUST-001617,2026-03-16,33.6,payment,success,Credit card
10559,CUST-001617,2026-04-16,33.6,payment,success,Credit card
10560,CUST-001617,2026-05-16,33.6,payment,success,Credit card
10561,CUST-001617,2026-06-16,33.6,payment,success,Credit card
10562,CUST-001617,2026-07-16,33.6,payment,success,Credit card
10563,CUST-001617,2026-08-16,33.6,payment,success,Credit card
10564,CUST-001618,2026-03-16,74.93,payment,success,Credit card
10565,CUST-001618,2026-04-16,74.93,payment,success,Credit card
10566,CUST-001618,2026-05-16,74.93,payment,success,Credit card
10567,CUST-001618,2026-06-16,74.93,payment,success,Credit card
10568,CUST-001618,2026-07-16,74.93,payment,success,Credit card
10569,CUST-001618,2026-08-16,74.93,payment,success,Credit card
10570,CUST-001619,2026-03-16,64.66,payment,success,Bank transfer
10571,CUST-001619,2026-04-16,64.66,payment,success,Bank transfer
10572,CUST-001619,2026-05-16,64.66,payment,success,Bank transfer
10573,CUST-001619,2026-06-16,64.66,payment,success,Bank transfer
10574,CUST-001619,2026-07-16,64.66,payment,success,Bank transfer
10575,CUST-001619,2026-08-16,64.66,payment,success,Bank transfer
10576,CUST-001620,2026-03-16,71.22,failed_payment,failed,Mailed check
10577,CUST-001620,2026-03-19,71.22,payment,success,Mailed check
10578,CUST-001620,2026-04-16,71.22,payment,success,Mailed check
10579,CUST-001620,2026-05-16,71.22,payment,success,Mailed check
10580,CUST-001620,2026-06-16,71.22,failed_payment,failed,Mailed check
10581,CUST-001620,2026-06-19,71.22,payment,success,Mailed check
10582,CUST-001620,2026-07-16,71.22,payment,success,Mailed check
10583,CUST-001620,2026-08-16,71.22,payment,success,Mailed check
10584,CUST-001621,2026-03-16,41.54,payment,success,Bank transfer
10585,CUST-001621,2026-04-16,41.54,payment,success,Bank transfer
10586,CUST-001621,2026-05-16,41.54,payment,success,Bank transfer
10587,CUST-001621,2026-06-16,41.54,failed_payment,failed,Bank transfer
10588,CUST-001621,2026-07-16,41.54,failed_payment,failed,Bank transfer
10589,CUST-001621,2026-08-16,41.54,payment,success,Bank transfer
10590,CUST-001622,2026-03-16,113.86,failed_payment,failed,Bank transfer
10591,CUST-001622,2026-04-16,113.86,failed_payment,failed,Bank transfer
10592,CUST-001622,2026-04-19,113.86,payment,success,Bank transfer
10593,CUST-001622,2026-05-16,113.86,failed_payment,failed,Bank transfer
10594,CUST-001622,2026-05-19,113.86,payment,success,Bank transfer
10595,CUST-001622,2026-06-16,113.86,failed_payment,failed,Bank transfer
10596,CUST-001622,2026-06-19,113.86,payment,success,Bank transfer
10597,CUST-001622,2026-07-16,113.86,payment,success,Bank transfer
10598,CUST-001622,2026-08-16,113.86,payment,success,Bank transfer
10599,CUST-001623,2026-03-16,83.86,payment,success,Credit card
10600,CUST-001623,2026-04-16,83.86,payment,success,Credit card
10601,CUST-001623,2026-05-16,83.86,payment,success,Credit card
10602,CUST-001623,2026-06-16,83.86,payment,success,Credit card
10603,CUST-001623,2026-07-16,83.86,payment,success,Credit card
10604,CUST-001623,2026-08-16,83.86,payment,success,Credit card
10605,CUST-001624,2026-03-16,109.96,failed_payment,failed,Mailed check
10606,CUST-001624,2026-03-19,109.96,payment,success,Mailed check
10607,CUST-001624,2026-04-16,109.96,payment,success,Mailed check
10608,CUST-001624,2026-05-16,109.96,payment,success,Mailed check
10609,CUST-001624,2026-06-16,109.96,payment,success,Mailed check
10610,CUST-001624,2026-07-16,109.96,failed_payment,failed,Mailed check
10611,CUST-001624,2026-07-19,109.96,payment,success,Mailed check
10612,CUST-001624,2026-08-16,109.96,payment,success,Mailed check
10613,CUST-001625,2026-03-16,30.93,failed_payment,failed,Bank transfer
10614,CUST-001625,2026-03-19,30.93,payment,success,Bank transfer
10615,CUST-001625,2026-04-16,30.93,payment,success,Bank transfer
10616,CUST-001625,2026-05-16,30.93,payment,success,Bank transfer
10617,CUST-001625,2026-06-16,30.93,failed_payment,failed,Bank transfer
10618,CUST-001625,2026-06-19,30.93,payment,success,Bank transfer
10619,CUST-001625,2026-07-16,30.93,failed_payment,failed,Bank transfer
10620,CUST-001625,2026-07-19,30.93,payment,success,Bank transfer
10621,CUST-001625,2026-08-16,30.93,failed_payment,failed,Bank transfer
10622,CUST-001625,2026-08-19,30.93,payment,success,Bank transfer
10623,CUST-001626,2026-03-16,82.29,payment,success,Credit card
10624,CUST-001626,2026-04-16,82.29,payment,success,Credit card
10625,CUST-001626,2026-05-16,82.29,payment,success,Credit card
10626,CUST-001626,2026-06-16,82.29,payment,success,Credit card
10627,CUST-001626,2026-07-16,82.29,payment,success,Credit card
10628,CUST-001626,2026-08-16,82.29,payment,success,Credit card
10629,CUST-001627,2026-03-16,104.95,failed_payment,failed,Credit card
10630,CUST-001627,2026-04-16,104.95,payment,success,Credit card
10631,CUST-001627,2026-05-16,104.95,failed_payment,failed,Credit card
10632,CUST-001627,2026-05-19,104.95,payment,success,Credit card
10633,CUST-001627,2026-06-16,104.95,payment,success,Credit card
10634,CUST-001627,2026-07-16,104.95,payment,success,Credit card
10635,CUST-001627,2026-08-16,104.95,payment,success,Credit card
10636,CUST-001628,2026-03-16,53.09,payment,success,Electronic check
10637,CUST-001628,2026-04-16,53.09,payment,success,Electronic check
10638,CUST-001628,2026-05-16,53.09,failed_payment,failed,Electronic check
10639,CUST-001628,2026-05-19,53.09,payment,success,Electronic check
10640,CUST-001628,2026-06-16,53.09,payment,success,Electronic check
10641,CUST-001628,2026-07-16,53.09,payment,success,Electronic check
10642,CUST-001628,2026-08-16,53.09,payment,success,Electronic check
10643,CUST-001629,2026-03-16,39.51,payment,success,Credit card
10644,CUST-001629,2026-04-16,39.51,payment,success,Credit card
10645,CUST-001629,2026-05-16,39.51,payment,success,Credit card
10646,CUST-001629,2026-06-16,39.51,payment,success,Credit card
10647,CUST-001629,2026-07-16,39.51,payment,success,Credit card
10648,CUST-001629,2026-08-16,39.51,payment,success,Credit card
10649,CUST-001630,2026-03-16,46.5,payment,success,Electronic check
10650,CUST-001630,2026-04-16,46.5,payment,success,Electronic check
10651,CUST-001630,2026-05-16,46.5,payment,success,Electronic check
10652,CUST-001630,2026-06-16,46.5,payment,success,Electronic check
10653,CUST-001630,2026-07-16,46.5,payment,success,Electronic check
10654,CUST-001630,2026-08-16,46.5,payment,success,Electronic check
10655,CUST-001631,2026-03-16,47.29,payment,success,Credit card
10656,CUST-001631,2026-04-16,47.29,payment,success,Credit card
10657,CUST-001631,2026-05-16,47.29,payment,success,Credit card
10658,CUST-001631,2026-06-16,47.29,failed_payment,failed,Credit card
10659,CUST-001631,2026-07-16,47.29,payment,success,Credit card
10660,CUST-001631,2026-08-16,47.29,failed_payment,failed,Credit card
10661,CUST-001631,2026-08-19,47.29,payment,success,Credit card
10662,CUST-001632,2026-03-16,64.72,payment,success,Electronic check
10663,CUST-001632,2026-04-16,64.72,payment,success,Electronic check
10664,CUST-001632,2026-05-16,64.72,payment,success,Electronic check
10665,CUST-001632,2026-06-16,64.72,payment,success,Electronic check
10666,CUST-001632,2026-07-16,64.72,payment,success,Electronic check
10667,CUST-001632,2026-08-16,64.72,payment,success,Electronic check
10668,CUST-001633,2026-03-16,52.6,payment,success,Electronic check
10669,CUST-001633,2026-04-16,52.6,payment,success,Electronic check
10670,CUST-001633,2026-05-16,52.6,payment,success,Electronic check
10671,CUST-001633,2026-06-16,52.6,payment,success,Electronic check
10672,CUST-001633,2026-07-16,52.6,payment,success,Electronic check
10673,CUST-001633,2026-08-16,52.6,payment,success,Electronic check
10674,CUST-001634,2026-03-16,47.13,payment,success,Bank transfer
10675,CUST-001634,2026-04-16,47.13,payment,success,Bank transfer
10676,CUST-001634,2026-05-16,47.13,payment,success,Bank transfer
10677,CUST-001634,2026-06-16,47.13,payment,success,Bank transfer
10678,CUST-001634,2026-07-16,47.13,payment,success,Bank transfer
10679,CUST-001634,2026-08-16,47.13,payment,success,Bank transfer
10680,CUST-001635,2026-03-16,84.85,payment,success,Bank transfer
10681,CUST-001635,2026-04-16,84.85,payment,success,Bank transfer
10682,CUST-001635,2026-05-16,84.85,payment,success,Bank transfer
10683,CUST-001635,2026-06-16,84.85,payment,success,Bank transfer
10684,CUST-001635,2026-07-16,84.85,payment,success,Bank transfer
10685,CUST-001635,2026-08-16,84.85,payment,success,Bank transfer
10686,CUST-001636,2026-03-16,25.3,payment,success,Bank transfer
10687,CUST-001636,2026-04-16,25.3,failed_payment,failed,Bank transfer
10688,CUST-001636,2026-04-19,25.3,payment,success,Bank transfer
10689,CUST-001636,2026-05-16,25.3,payment,success,Bank transfer
10690,CUST-001636,2026-06-16,25.3,payment,success,Bank transfer
10691,CUST-001636,2026-07-16,25.3,payment,success,Bank transfer
10692,CUST-001636,2026-08-16,25.3,payment,success,Bank transfer
10693,CUST-001637,2026-03-16,54.04,payment,success,Mailed check
10694,CUST-001637,2026-04-16,54.04,payment,success,Mailed check
10695,CUST-001637,2026-05-16,54.04,payment,success,Mailed check
10696,CUST-001637,2026-06-16,54.04,payment,success,Mailed check
10697,CUST-001637,2026-07-16,54.04,payment,success,Mailed check
10698,CUST-001637,2026-08-16,54.04,payment,success,Mailed check
10699,CUST-001638,2026-03-16,88.98,payment,success,Electronic check
10700,CUST-001638,2026-04-16,88.98,payment,success,Electronic check
10701,CUST-001638,2026-05-16,88.98,payment,success,Electronic check
10702,CUST-001638,2026-06-16,88.98,failed_payment,failed,Electronic check
10703,CUST-001638,2026-06-19,88.98,payment,success,Electronic check
10704,CUST-001638,2026-07-16,88.98,payment,success,Electronic check
10705,CUST-001638,2026-08-16,88.98,payment,success,Electronic check
10706,CUST-001639,2026-03-16,37.58,payment,success,Bank transfer
10707,CUST-001639,2026-04-16,37.58,payment,success,Bank transfer
10708,CUST-001639,2026-05-16,37.58,payment,success,Bank transfer
10709,CUST-001639,2026-06-16,37.58,payment,success,Bank transfer
10710,CUST-001639,2026-07-16,37.58,payment,success,Bank transfer
10711,CUST-001639,2026-08-16,37.58,payment,success,Bank transfer
10712,CUST-001640,2026-03-16,42.09,payment,success,Bank transfer
10713,CUST-001640,2026-04-16,42.09,payment,success,Bank transfer
10714,CUST-001640,2026-05-16,42.09,payment,success,Bank transfer
10715,CUST-001640,2026-06-16,42.09,payment,success,Bank transfer
10716,CUST-001640,2026-07-16,42.09,payment,success,Bank transfer
10717,CUST-001640,2026-08-16,42.09,payment,success,Bank transfer
10718,CUST-001641,2026-03-16,40.07,payment,success,Bank transfer
10719,CUST-001641,2026-04-16,40.07,payment,success,Bank transfer
10720,CUST-001641,2026-05-16,40.07,payment,success,Bank transfer
10721,CUST-001641,2026-06-16,40.07,payment,success,Bank transfer
10722,CUST-001641,2026-07-16,40.07,payment,success,Bank transfer
10723,CUST-001641,2026-08-16,40.07,payment,success,Bank transfer
10724,CUST-001642,2026-03-16,20.09,failed_payment,failed,Mailed check
10725,CUST-001642,2026-03-19,20.09,payment,success,Mailed check
10726,CUST-001642,2026-04-16,20.09,payment,success,Mailed check
10727,CUST-001642,2026-05-16,20.09,failed_payment,failed,Mailed check
10728,CUST-001642,2026-05-19,20.09,payment,success,Mailed check
10729,CUST-001642,2026-06-16,20.09,failed_payment,failed,Mailed check
10730,CUST-001642,2026-07-16,20.09,payment,success,Mailed check
10731,CUST-001642,2026-08-16,20.09,failed_payment,failed,Mailed check
10732,CUST-001642,2026-08-19,20.09,payment,success,Mailed check
10733,CUST-001643,2026-03-16,67.38,payment,success,Credit card
10734,CUST-001643,2026-04-16,67.38,payment,success,Credit card
10735,CUST-001643,2026-05-16,67.38,payment,success,Credit card
10736,CUST-001643,2026-06-16,67.38,payment,success,Credit card
10737,CUST-001643,2026-07-16,67.38,payment,success,Credit card
10738,CUST-001643,2026-08-16,67.38,failed_payment,failed,Credit card
10739,CUST-001643,2026-08-19,67.38,payment,success,Credit card
10740,CUST-001644,2026-03-16,23.9,failed_payment,failed,Credit card
10741,CUST-001644,2026-03-19,23.9,payment,success,Credit card
10742,CUST-001644,2026-04-16,23.9,failed_payment,failed,Credit card
10743,CUST-001644,2026-05-16,23.9,failed_payment,failed,Credit card
10744,CUST-001644,2026-05-19,23.9,payment,success,Credit card
10745,CUST-001644,2026-06-16,23.9,payment,success,Credit card
10746,CUST-001644,2026-07-16,23.9,payment,success,Credit card
10747,CUST-001644,2026-08-16,23.9,payment,success,Credit card
10748,CUST-001645,2026-03-16,47.29,failed_payment,failed,Electronic check
10749,CUST-001645,2026-03-19,47.29,payment,success,Electronic check
10750,CUST-001645,2026-04-16,47.29,payment,success,Electronic check
10751,CUST-001645,2026-05-16,47.29,payment,success,Electronic check
10752,CUST-001645,2026-06-16,47.29,payment,success,Electronic check
10753,CUST-001645,2026-07-16,47.29,payment,success,Electronic check
10754,CUST-001645,2026-08-16,47.29,payment,success,Electronic check
10755,CUST-001646,2026-03-16,119.48,payment,success,Electronic check
10756,CUST-001646,2026-04-16,119.48,failed_payment,failed,Electronic check
10757,CUST-001646,2026-05-16,119.48,payment,success,Electronic check
10758,CUST-001646,2026-06-16,119.48,failed_payment,failed,Electronic check
10759,CUST-001646,2026-07-16,119.48,failed_payment,failed,Electronic check
10760,CUST-001646,2026-08-16,119.48,failed_payment,failed,Electronic check
10761,CUST-001647,2026-03-16,111.84,payment,success,Electronic check
10762,CUST-001647,2026-04-16,111.84,failed_payment,failed,Electronic check
10763,CUST-001647,2026-04-19,111.84,payment,success,Electronic check
10764,CUST-001647,2026-05-16,111.84,payment,success,Electronic check
10765,CUST-001647,2026-06-16,111.84,payment,success,Electronic check
10766,CUST-001647,2026-07-16,111.84,payment,success,Electronic check
10767,CUST-001647,2026-08-16,111.84,payment,success,Electronic check
10768,CUST-001648,2026-03-16,41.51,payment,success,Electronic check
10769,CUST-001648,2026-04-16,41.51,payment,success,Electronic check
10770,CUST-001648,2026-05-16,41.51,payment,success,Electronic check
10771,CUST-001648,2026-06-16,41.51,payment,success,Electronic check
10772,CUST-001648,2026-07-16,41.51,payment,success,Electronic check
10773,CUST-001648,2026-08-16,41.51,payment,success,Electronic check
10774,CUST-001649,2026-03-16,51.0,payment,success,Bank transfer
10775,CUST-001649,2026-04-16,51.0,payment,success,Bank transfer
10776,CUST-001649,2026-05-16,51.0,payment,success,Bank transfer
10777,CUST-001649,2026-06-16,51.0,payment,success,Bank transfer
10778,CUST-001649,2026-07-16,51.0,payment,success,Bank transfer
10779,CUST-001649,2026-08-16,51.0,payment,success,Bank transfer
10780,CUST-001650,2026-03-16,66.37,payment,success,Bank transfer
10781,CUST-001650,2026-04-16,66.37,payment,success,Bank transfer
10782,CUST-001650,2026-05-16,66.37,payment,success,Bank transfer
10783,CUST-001650,2026-06-16,66.37,payment,success,Bank transfer
10784,CUST-001650,2026-07-16,66.37,payment,success,Bank transfer
10785,CUST-001650,2026-08-16,66.37,payment,success,Bank transfer
10786,CUST-001651,2026-03-16,104.44,payment,success,Mailed check
10787,CUST-001651,2026-04-16,104.44,payment,success,Mailed check
10788,CUST-001651,2026-05-16,104.44,payment,success,Mailed check
10789,CUST-001651,2026-06-16,104.44,payment,success,Mailed check
10790,CUST-001651,2026-07-16,104.44,payment,success,Mailed check
10791,CUST-001651,2026-08-16,104.44,payment,success,Mailed check
10792,CUST-001652,2026-03-16,100.26,payment,success,Bank transfer
10793,CUST-001652,2026-04-16,100.26,payment,success,Bank transfer
10794,CUST-001652,2026-05-16,100.26,payment,success,Bank transfer
10795,CUST-001652,2026-06-16,100.26,payment,success,Bank transfer
10796,CUST-001652,2026-07-16,100.26,payment,success,Bank transfer
10797,CUST-001652,2026-08-16,100.26,payment,success,Bank transfer
10798,CUST-001653,2026-03-16,32.62,payment,success,Credit card
10799,CUST-001653,2026-04-16,32.62,payment,success,Credit card
10800,CUST-001653,2026-05-16,32.62,failed_payment,failed,Credit card
10801,CUST-001653,2026-06-16,32.62,failed_payment,failed,Credit card
10802,CUST-001653,2026-06-19,32.62,payment,success,Credit card
10803,CUST-001653,2026-07-16,32.62,payment,success,Credit card
10804,CUST-001653,2026-08-16,32.62,payment,success,Credit card
10805,CUST-001654,2026-03-16,32.44,payment,success,Credit card
10806,CUST-001654,2026-04-16,32.44,payment,success,Credit card
10807,CUST-001654,2026-05-16,32.44,failed_payment,failed,Credit card
10808,CUST-001654,2026-05-19,32.44,payment,success,Credit card
10809,CUST-001654,2026-06-16,32.44,payment,success,Credit card
10810,CUST-001654,2026-07-16,32.44,payment,success,Credit card
10811,CUST-001654,2026-08-16,32.44,payment,success,Credit card
10812,CUST-001655,2026-03-16,61.67,payment,success,Mailed check
10813,CUST-001655,2026-04-16,61.67,payment,success,Mailed check
10814,CUST-001655,2026-05-16,61.67,payment,success,Mailed check
10815,CUST-001655,2026-06-16,61.67,payment,success,Mailed check
10816,CUST-001655,2026-07-16,61.67,payment,success,Mailed check
10817,CUST-001655,2026-08-16,61.67,payment,success,Mailed check
10818,CUST-001656,2026-03-16,107.01,failed_payment,failed,Bank transfer
10819,CUST-001656,2026-04-16,107.01,payment,success,Bank transfer
10820,CUST-001656,2026-05-16,107.01,payment,success,Bank transfer
10821,CUST-001656,2026-06-16,107.01,payment,success,Bank transfer
10822,CUST-001656,2026-07-16,107.01,payment,success,Bank transfer
10823,CUST-001656,2026-08-16,107.01,payment,success,Bank transfer
10824,CUST-001657,2026-03-16,108.21,payment,success,Bank transfer
10825,CUST-001657,2026-04-16,108.21,failed_payment,failed,Bank transfer
10826,CUST-001657,2026-04-19,108.21,payment,success,Bank transfer
10827,CUST-001657,2026-05-16,108.21,payment,success,Bank transfer
10828,CUST-001657,2026-06-16,108.21,failed_payment,failed,Bank transfer
10829,CUST-001657,2026-06-19,108.21,payment,success,Bank transfer
10830,CUST-001657,2026-07-16,108.21,failed_payment,failed,Bank transfer
10831,CUST-001657,2026-07-19,108.21,payment,success,Bank transfer
10832,CUST-001657,2026-08-16,108.21,payment,success,Bank transfer
10833,CUST-001658,2026-03-16,30.74,payment,success,Credit card
10834,CUST-001658,2026-04-16,30.74,payment,success,Credit card
10835,CUST-001658,2026-05-16,30.74,payment,success,Credit card
10836,CUST-001658,2026-06-16,30.74,payment,success,Credit card
10837,CUST-001658,2026-07-16,30.74,payment,success,Credit card
10838,CUST-001658,2026-08-16,30.74,payment,success,Credit card
10839,CUST-001659,2026-03-16,77.43,payment,success,Credit card
10840,CUST-001659,2026-04-16,77.43,payment,success,Credit card
10841,CUST-001659,2026-05-16,77.43,payment,success,Credit card
10842,CUST-001659,2026-06-16,77.43,payment,success,Credit card
10843,CUST-001659,2026-07-16,77.43,payment,success,Credit card
10844,CUST-001659,2026-08-16,77.43,payment,success,Credit card
10845,CUST-001660,2026-03-16,35.57,payment,success,Mailed check
10846,CUST-001660,2026-04-16,35.57,failed_payment,failed,Mailed check
10847,CUST-001660,2026-04-19,35.57,payment,success,Mailed check
10848,CUST-001660,2026-05-16,35.57,payment,success,Mailed check
10849,CUST-001660,2026-06-16,35.57,payment,success,Mailed check
10850,CUST-001660,2026-07-16,35.57,payment,success,Mailed check
10851,CUST-001660,2026-08-16,35.57,payment,success,Mailed check
10852,CUST-001661,2026-03-16,88.61,payment,success,Credit card
10853,CUST-001661,2026-04-16,88.61,payment,success,Credit card
10854,CUST-001661,2026-05-16,88.61,payment,success,Credit card
10855,CUST-001661,2026-06-16,88.61,payment,success,Credit card
10856,CUST-001661,2026-07-16,88.61,failed_payment,failed,Credit card
10857,CUST-001661,2026-08-16,88.61,failed_payment,failed,Credit card
10858,CUST-001661,2026-08-19,88.61,payment,success,Credit card
10859,CUST-001662,2026-03-16,111.64,payment,success,Mailed check
10860,CUST-001662,2026-04-16,111.64,payment,success,Mailed check
10861,CUST-001662,2026-05-16,111.64,payment,success,Mailed check
10862,CUST-001662,2026-06-16,111.64,payment,success,Mailed check
10863,CUST-001662,2026-07-16,111.64,payment,success,Mailed check
10864,CUST-001662,2026-08-16,111.64,payment,success,Mailed check
10865,CUST-001663,2026-03-16,65.48,failed_payment,failed,Credit card
10866,CUST-001663,2026-03-19,65.48,payment,success,Credit card
10867,CUST-001663,2026-04-16,65.48,payment,success,Credit card
10868,CUST-001663,2026-05-16,65.48,payment,success,Credit card
10869,CUST-001663,2026-06-16,65.48,payment,success,Credit card
10870,CUST-001663,2026-07-16,65.48,payment,success,Credit card
10871,CUST-001663,2026-08-16,65.48,failed_payment,failed,Credit card
10872,CUST-001663,2026-08-19,65.48,payment,success,Credit card
10873,CUST-001664,2026-03-16,28.31,payment,success,Credit card
10874,CUST-001664,2026-04-16,28.31,payment,success,Credit card
10875,CUST-001664,2026-05-16,28.31,payment,success,Credit card
10876,CUST-001664,2026-06-16,28.31,payment,success,Credit card
10877,CUST-001664,2026-07-16,28.31,payment,success,Credit card
10878,CUST-001664,2026-08-16,28.31,payment,success,Credit card
10879,CUST-001665,2026-03-16,77.93,payment,success,Credit card
10880,CUST-001665,2026-04-16,77.93,payment,success,Credit card
10881,CUST-001665,2026-05-16,77.93,payment,success,Credit card
10882,CUST-001665,2026-06-16,77.93,payment,success,Credit card
10883,CUST-001665,2026-07-16,77.93,payment,success,Credit card
10884,CUST-001665,2026-08-16,77.93,payment,success,Credit card
10885,CUST-001666,2026-03-16,60.85,payment,success,Electronic check
10886,CUST-001666,2026-04-16,60.85,payment,success,Electronic check
10887,CUST-001666,2026-05-16,60.85,payment,success,Electronic check
10888,CUST-001666,2026-06-16,60.85,payment,success,Electronic check
10889,CUST-001666,2026-07-16,60.85,payment,success,Electronic check
10890,CUST-001666,2026-08-16,60.85,payment,success,Electronic check
10891,CUST-001667,2026-03-16,101.09,payment,success,Electronic check
10892,CUST-001667,2026-04-16,101.09,payment,success,Electronic check
10893,CUST-001667,2026-05-16,101.09,payment,success,Electronic check
10894,CUST-001667,2026-06-16,101.09,payment,success,Electronic check
10895,CUST-001667,2026-07-16,101.09,payment,success,Electronic check
10896,CUST-001667,2026-08-16,101.09,payment,success,Electronic check
10897,CUST-001668,2026-03-16,54.03,payment,success,Credit card
10898,CUST-001668,2026-04-16,54.03,failed_payment,failed,Credit card
10899,CUST-001668,2026-04-19,54.03,payment,success,Credit card
10900,CUST-001668,2026-05-16,54.03,payment,success,Credit card
10901,CUST-001668,2026-06-16,54.03,payment,success,Credit card
10902,CUST-001668,2026-07-16,54.03,payment,success,Credit card
10903,CUST-001668,2026-08-16,54.03,payment,success,Credit card
10904,CUST-001669,2026-03-16,107.49,payment,success,Electronic check
10905,CUST-001669,2026-04-16,107.49,payment,success,Electronic check
10906,CUST-001669,2026-05-16,107.49,payment,success,Electronic check
10907,CUST-001669,2026-06-16,107.49,payment,success,Electronic check
10908,CUST-001669,2026-07-16,107.49,failed_payment,failed,Electronic check
10909,CUST-001669,2026-07-19,107.49,payment,success,Electronic check
10910,CUST-001669,2026-08-16,107.49,payment,success,Electronic check
10911,CUST-001670,2026-03-16,47.37,payment,success,Electronic check
10912,CUST-001670,2026-04-16,47.37,payment,success,Electronic check
10913,CUST-001670,2026-05-16,47.37,payment,success,Electronic check
10914,CUST-001670,2026-06-16,47.37,payment,success,Electronic check
10915,CUST-001670,2026-07-16,47.37,payment,success,Electronic check
10916,CUST-001670,2026-08-16,47.37,payment,success,Electronic check
10917,CUST-001671,2026-03-16,35.75,payment,success,Mailed check
10918,CUST-001671,2026-04-16,35.75,payment,success,Mailed check
10919,CUST-001671,2026-05-16,35.75,payment,success,Mailed check
10920,CUST-001671,2026-06-16,35.75,payment,success,Mailed check
10921,CUST-001671,2026-07-16,35.75,payment,success,Mailed check
10922,CUST-001671,2026-08-16,35.75,payment,success,Mailed check
10923,CUST-001672,2026-03-16,50.65,payment,success,Mailed check
10924,CUST-001672,2026-04-16,50.65,payment,success,Mailed check
10925,CUST-001672,2026-05-16,50.65,payment,success,Mailed check
10926,CUST-001672,2026-06-16,50.65,payment,success,Mailed check
10927,CUST-001672,2026-07-16,50.65,payment,success,Mailed check
10928,CUST-001672,2026-08-16,50.65,payment,success,Mailed check
10929,CUST-001673,2026-03-16,23.49,payment,success,Electronic check
10930,CUST-001673,2026-04-16,23.49,payment,success,Electronic check
10931,CUST-001673,2026-05-16,23.49,payment,success,Electronic check
10932,CUST-001673,2026-06-16,23.49,failed_payment,failed,Electronic check
10933,CUST-001673,2026-06-19,23.49,payment,success,Electronic check
10934,CUST-001673,2026-07-16,23.49,payment,success,Electronic check
10935,CUST-001673,2026-08-16,23.49,payment,success,Electronic check
10936,CUST-001674,2026-03-16,48.12,failed_payment,failed,Electronic check
10937,CUST-001674,2026-04-16,48.12,payment,success,Electronic check
10938,CUST-001674,2026-05-16,48.12,payment,success,Electronic check
10939,CUST-001674,2026-06-16,48.12,payment,success,Electronic check
10940,CUST-001674,2026-07-16,48.12,payment,success,Electronic check
10941,CUST-001674,2026-08-16,48.12,payment,success,Electronic check
10942,CUST-001675,2026-03-16,86.01,payment,success,Mailed check
10943,CUST-001675,2026-04-16,86.01,payment,success,Mailed check
10944,CUST-001675,2026-05-16,86.01,payment,success,Mailed check
10945,CUST-001675,2026-06-16,86.01,payment,success,Mailed check
10946,CUST-001675,2026-07-16,86.01,payment,success,Mailed check
10947,CUST-001675,2026-08-16,86.01,payment,success,Mailed check
10948,CUST-001676,2026-03-16,34.23,payment,success,Bank transfer
10949,CUST-001676,2026-04-16,34.23,payment,success,Bank transfer
10950,CUST-001676,2026-05-16,34.23,payment,success,Bank transfer
10951,CUST-001676,2026-06-16,34.23,payment,success,Bank transfer
10952,CUST-001676,2026-07-16,34.23,payment,success,Bank transfer
10953,CUST-001676,2026-08-16,34.23,payment,success,Bank transfer
10954,CUST-001677,2026-03-16,31.14,payment,success,Bank transfer
10955,CUST-001677,2026-04-16,31.14,payment,success,Bank transfer
10956,CUST-001677,2026-05-16,31.14,payment,success,Bank transfer
10957,CUST-001677,2026-06-16,31.14,payment,success,Bank transfer
10958,CUST-001677,2026-07-16,31.14,payment,success,Bank transfer
10959,CUST-001677,2026-08-16,31.14,payment,success,Bank transfer
10960,CUST-001678,2026-03-16,33.24,payment,success,Credit card
10961,CUST-001678,2026-04-16,33.24,payment,success,Credit card
10962,CUST-001678,2026-05-16,33.24,failed_payment,failed,Credit card
10963,CUST-001678,2026-05-19,33.24,payment,success,Credit card
10964,CUST-001678,2026-06-16,33.24,payment,success,Credit card
10965,CUST-001678,2026-07-16,33.24,payment,success,Credit card
10966,CUST-001678,2026-08-16,33.24,payment,success,Credit card
10967,CUST-001679,2026-03-16,27.76,payment,success,Credit card
10968,CUST-001679,2026-04-16,27.76,payment,success,Credit card
10969,CUST-001679,2026-05-16,27.76,payment,success,Credit card
10970,CUST-001679,2026-06-16,27.76,payment,success,Credit card
10971,CUST-001679,2026-07-16,27.76,payment,success,Credit card
10972,CUST-001679,2026-08-16,27.76,payment,success,Credit card
10973,CUST-001680,2026-03-16,107.46,failed_payment,failed,Electronic check
10974,CUST-001680,2026-03-19,107.46,payment,success,Electronic check
10975,CUST-001680,2026-04-16,107.46,payment,success,Electronic check
10976,CUST-001680,2026-05-16,107.46,payment,success,Electronic check
10977,CUST-001680,2026-06-16,107.46,failed_payment,failed,Electronic check
10978,CUST-001680,2026-06-19,107.46,payment,success,Electronic check
10979,CUST-001680,2026-07-16,107.46,failed_payment,failed,Electronic check
10980,CUST-001680,2026-08-16,107.46,payment,success,Electronic check
10981,CUST-001681,2026-03-16,114.41,payment,success,Bank transfer
10982,CUST-001681,2026-04-16,114.41,payment,success,Bank transfer
10983,CUST-001681,2026-05-16,114.41,payment,success,Bank transfer
10984,CUST-001681,2026-06-16,114.41,payment,success,Bank transfer
10985,CUST-001681,2026-07-16,114.41,payment,success,Bank transfer
10986,CUST-001681,2026-08-16,114.41,payment,success,Bank transfer
10987,CUST-001682,2026-03-16,24.66,payment,success,Electronic check
10988,CUST-001682,2026-04-16,24.66,payment,success,Electronic check
10989,CUST-001682,2026-05-16,24.66,failed_payment,failed,Electronic check
10990,CUST-001682,2026-05-19,24.66,payment,success,Electronic check
10991,CUST-001682,2026-06-16,24.66,payment,success,Electronic check
10992,CUST-001682,2026-07-16,24.66,payment,success,Electronic check
10993,CUST-001682,2026-08-16,24.66,payment,success,Electronic check
10994,CUST-001683,2026-03-16,96.01,payment,success,Mailed check
10995,CUST-001683,2026-04-16,96.01,payment,success,Mailed check
10996,CUST-001683,2026-05-16,96.01,payment,success,Mailed check
10997,CUST-001683,2026-06-16,96.01,payment,success,Mailed check
10998,CUST-001683,2026-07-16,96.01,payment,success,Mailed check
10999,CUST-001683,2026-08-16,96.01,payment,success,Mailed check
11000,CUST-001684,2026-03-16,93.72,failed_payment,failed,Mailed check
11001,CUST-001684,2026-03-19,93.72,payment,success,Mailed check
11002,CUST-001684,2026-04-16,93.72,failed_payment,failed,Mailed check
11003,CUST-001684,2026-04-19,93.72,payment,success,Mailed check
11004,CUST-001684,2026-05-16,93.72,payment,success,Mailed check
11005,CUST-001684,2026-06-16,93.72,failed_payment,failed,Mailed check
11006,CUST-001684,2026-07-16,93.72,failed_payment,failed,Mailed check
11007,CUST-001684,2026-07-19,93.72,payment,success,Mailed check
11008,CUST-001684,2026-08-16,93.72,failed_payment,failed,Mailed check
11009,CUST-001684,2026-08-19,93.72,payment,success,Mailed check
11010,CUST-001685,2026-03-16,119.69,payment,success,Bank transfer
11011,CUST-001685,2026-04-16,119.69,payment,success,Bank transfer
11012,CUST-001685,2026-05-16,119.69,payment,success,Bank transfer
11013,CUST-001685,2026-06-16,119.69,payment,success,Bank transfer
11014,CUST-001685,2026-07-16,119.69,payment,success,Bank transfer
11015,CUST-001685,2026-08-16,119.69,payment,success,Bank transfer
11016,CUST-001686,2026-03-16,54.79,payment,success,Mailed check
11017,CUST-001686,2026-04-16,54.79,payment,success,Mailed check
11018,CUST-001686,2026-05-16,54.79,failed_payment,failed,Mailed check
11019,CUST-001686,2026-05-19,54.79,payment,success,Mailed check
11020,CUST-001686,2026-06-16,54.79,payment,success,Mailed check
11021,CUST-001686,2026-07-16,54.79,payment,success,Mailed check
11022,CUST-001686,2026-08-16,54.79,failed_payment,failed,Mailed check
11023,CUST-001686,2026-08-19,54.79,payment,success,Mailed check
11024,CUST-001687,2026-03-16,48.55,failed_payment,failed,Credit card
11025,CUST-001687,2026-03-19,48.55,payment,success,Credit card
11026,CUST-001687,2026-04-16,48.55,payment,success,Credit card
11027,CUST-001687,2026-05-16,48.55,payment,success,Credit card
11028,CUST-001687,2026-06-16,48.55,payment,success,Credit card
11029,CUST-001687,2026-07-16,48.55,payment,success,Credit card
11030,CUST-001687,2026-08-16,48.55,payment,success,Credit card
11031,CUST-001688,2026-03-16,65.31,payment,success,Mailed check
11032,CUST-001688,2026-04-16,65.31,payment,success,Mailed check
11033,CUST-001688,2026-05-16,65.31,payment,success,Mailed check
11034,CUST-001688,2026-06-16,65.31,payment,success,Mailed check
11035,CUST-001688,2026-07-16,65.31,payment,success,Mailed check
11036,CUST-001688,2026-08-16,65.31,payment,success,Mailed check
11037,CUST-001689,2026-03-16,105.66,payment,success,Credit card
11038,CUST-001689,2026-04-16,105.66,payment,success,Credit card
11039,CUST-001689,2026-05-16,105.66,payment,success,Credit card
11040,CUST-001689,2026-06-16,105.66,payment,success,Credit card
11041,CUST-001689,2026-07-16,105.66,failed_payment,failed,Credit card
11042,CUST-001689,2026-07-19,105.66,payment,success,Credit card
11043,CUST-001689,2026-08-16,105.66,payment,success,Credit card
11044,CUST-001690,2026-03-16,92.86,payment,success,Credit card
11045,CUST-001690,2026-04-16,92.86,failed_payment,failed,Credit card
11046,CUST-001690,2026-04-19,92.86,payment,success,Credit card
11047,CUST-001690,2026-05-16,92.86,payment,success,Credit card
11048,CUST-001690,2026-06-16,92.86,failed_payment,failed,Credit card
11049,CUST-001690,2026-07-16,92.86,payment,success,Credit card
11050,CUST-001690,2026-08-16,92.86,payment,success,Credit card
11051,CUST-001691,2026-03-16,67.16,payment,success,Bank transfer
11052,CUST-001691,2026-04-16,67.16,payment,success,Bank transfer
11053,CUST-001691,2026-05-16,67.16,payment,success,Bank transfer
11054,CUST-001691,2026-06-16,67.16,payment,success,Bank transfer
11055,CUST-001691,2026-07-16,67.16,payment,success,Bank transfer
11056,CUST-001691,2026-08-16,67.16,payment,success,Bank transfer
11057,CUST-001692,2026-03-16,44.46,failed_payment,failed,Electronic check
11058,CUST-001692,2026-03-19,44.46,payment,success,Electronic check
11059,CUST-001692,2026-04-16,44.46,payment,success,Electronic check
11060,CUST-001692,2026-05-16,44.46,payment,success,Electronic check
11061,CUST-001692,2026-06-16,44.46,payment,success,Electronic check
11062,CUST-001692,2026-07-16,44.46,payment,success,Electronic check
11063,CUST-001692,2026-08-16,44.46,payment,success,Electronic check
11064,CUST-001693,2026-03-16,92.7,failed_payment,failed,Bank transfer
11065,CUST-001693,2026-03-19,92.7,payment,success,Bank transfer
11066,CUST-001693,2026-04-16,92.7,payment,success,Bank transfer
11067,CUST-001693,2026-05-16,92.7,payment,success,Bank transfer
11068,CUST-001693,2026-06-16,92.7,payment,success,Bank transfer
11069,CUST-001693,2026-07-16,92.7,failed_payment,failed,Bank transfer
11070,CUST-001693,2026-08-16,92.7,payment,success,Bank transfer
11071,CUST-001694,2026-03-16,105.45,payment,success,Mailed check
11072,CUST-001694,2026-04-16,105.45,payment,success,Mailed check
11073,CUST-001694,2026-05-16,105.45,payment,success,Mailed check
11074,CUST-001694,2026-06-16,105.45,payment,success,Mailed check
11075,CUST-001694,2026-07-16,105.45,payment,success,Mailed check
11076,CUST-001694,2026-08-16,105.45,payment,success,Mailed check
11077,CUST-001695,2026-03-16,60.0,payment,success,Mailed check
11078,CUST-001695,2026-04-16,60.0,payment,success,Mailed check
11079,CUST-001695,2026-05-16,60.0,payment,success,Mailed check
11080,CUST-001695,2026-06-16,60.0,payment,success,Mailed check
11081,CUST-001695,2026-07-16,60.0,payment,success,Mailed check
11082,CUST-001695,2026-08-16,60.0,payment,success,Mailed check
11083,CUST-001696,2026-03-16,86.86,payment,success,Mailed check
11084,CUST-001696,2026-04-16,86.86,payment,success,Mailed check
11085,CUST-001696,2026-05-16,86.86,failed_payment,failed,Mailed check
11086,CUST-001696,2026-06-16,86.86,failed_payment,failed,Mailed check
11087,CUST-001696,2026-06-19,86.86,payment,success,Mailed check
11088,CUST-001696,2026-07-16,86.86,payment,success,Mailed check
11089,CUST-001696,2026-08-16,86.86,failed_payment,failed,Mailed check
11090,CUST-001696,2026-08-19,86.86,payment,success,Mailed check
11091,CUST-001697,2026-03-16,60.02,payment,success,Mailed check
11092,CUST-001697,2026-04-16,60.02,payment,success,Mailed check
11093,CUST-001697,2026-05-16,60.02,payment,success,Mailed check
11094,CUST-001697,2026-06-16,60.02,failed_payment,failed,Mailed check
11095,CUST-001697,2026-06-19,60.02,payment,success,Mailed check
11096,CUST-001697,2026-07-16,60.02,failed_payment,failed,Mailed check
11097,CUST-001697,2026-07-19,60.02,payment,success,Mailed check
11098,CUST-001697,2026-08-16,60.02,failed_payment,failed,Mailed check
11099,CUST-001697,2026-08-19,60.02,payment,success,Mailed check
11100,CUST-001698,2026-03-16,67.85,payment,success,Mailed check
11101,CUST-001698,2026-04-16,67.85,payment,success,Mailed check
11102,CUST-001698,2026-05-16,67.85,payment,success,Mailed check
11103,CUST-001698,2026-06-16,67.85,payment,success,Mailed check
11104,CUST-001698,2026-07-16,67.85,payment,success,Mailed check
11105,CUST-001698,2026-08-16,67.85,failed_payment,failed,Mailed check
11106,CUST-001698,2026-08-19,67.85,payment,success,Mailed check
11107,CUST-001699,2026-03-16,72.49,payment,success,Credit card
11108,CUST-001699,2026-04-16,72.49,payment,success,Credit card
11109,CUST-001699,2026-05-16,72.49,payment,success,Credit card
11110,CUST-001699,2026-06-16,72.49,payment,success,Credit card
11111,CUST-001699,2026-07-16,72.49,payment,success,Credit card
11112,CUST-001699,2026-08-16,72.49,payment,success,Credit card
11113,CUST-001700,2026-03-16,97.57,payment,success,Mailed check
11114,CUST-001700,2026-04-16,97.57,payment,success,Mailed check
11115,CUST-001700,2026-05-16,97.57,payment,success,Mailed check
11116,CUST-001700,2026-06-16,97.57,payment,success,Mailed check
11117,CUST-001700,2026-07-16,97.57,payment,success,Mailed check
11118,CUST-001700,2026-08-16,97.57,payment,success,Mailed check
11119,CUST-001701,2026-03-16,117.75,payment,success,Mailed check
11120,CUST-001701,2026-04-16,117.75,payment,success,Mailed check
11121,CUST-001701,2026-05-16,117.75,payment,success,Mailed check
11122,CUST-001701,2026-06-16,117.75,payment,success,Mailed check
11123,CUST-001701,2026-07-16,117.75,payment,success,Mailed check
11124,CUST-001701,2026-08-16,117.75,payment,success,Mailed check
11125,CUST-001702,2026-03-16,64.44,payment,success,Bank transfer
11126,CUST-001702,2026-04-16,64.44,payment,success,Bank transfer
11127,CUST-001702,2026-05-16,64.44,payment,success,Bank transfer
11128,CUST-001702,2026-06-16,64.44,payment,success,Bank transfer
11129,CUST-001702,2026-07-16,64.44,failed_payment,failed,Bank transfer
11130,CUST-001702,2026-08-16,64.44,payment,success,Bank transfer
11131,CUST-001703,2026-03-16,54.23,payment,success,Electronic check
11132,CUST-001703,2026-04-16,54.23,payment,success,Electronic check
11133,CUST-001703,2026-05-16,54.23,payment,success,Electronic check
11134,CUST-001703,2026-06-16,54.23,payment,success,Electronic check
11135,CUST-001703,2026-07-16,54.23,payment,success,Electronic check
11136,CUST-001703,2026-08-16,54.23,payment,success,Electronic check
11137,CUST-001704,2026-03-16,57.36,payment,success,Bank transfer
11138,CUST-001704,2026-04-16,57.36,payment,success,Bank transfer
11139,CUST-001704,2026-05-16,57.36,payment,success,Bank transfer
11140,CUST-001704,2026-06-16,57.36,payment,success,Bank transfer
11141,CUST-001704,2026-07-16,57.36,payment,success,Bank transfer
11142,CUST-001704,2026-08-16,57.36,payment,success,Bank transfer
11143,CUST-001705,2026-03-16,33.39,failed_payment,failed,Credit card
11144,CUST-001705,2026-03-19,33.39,payment,success,Credit card
11145,CUST-001705,2026-04-16,33.39,payment,success,Credit card
11146,CUST-001705,2026-05-16,33.39,failed_payment,failed,Credit card
11147,CUST-001705,2026-05-19,33.39,payment,success,Credit card
11148,CUST-001705,2026-06-16,33.39,failed_payment,failed,Credit card
11149,CUST-001705,2026-07-16,33.39,payment,success,Credit card
11150,CUST-001705,2026-08-16,33.39,payment,success,Credit card
11151,CUST-001706,2026-03-16,49.69,payment,success,Credit card
11152,CUST-001706,2026-04-16,49.69,payment,success,Credit card
11153,CUST-001706,2026-05-16,49.69,payment,success,Credit card
11154,CUST-001706,2026-06-16,49.69,payment,success,Credit card
11155,CUST-001706,2026-07-16,49.69,payment,success,Credit card
11156,CUST-001706,2026-08-16,49.69,payment,success,Credit card
11157,CUST-001707,2026-03-16,28.64,payment,success,Electronic check
11158,CUST-001707,2026-04-16,28.64,payment,success,Electronic check
11159,CUST-001707,2026-05-16,28.64,payment,success,Electronic check
11160,CUST-001707,2026-06-16,28.64,payment,success,Electronic check
11161,CUST-001707,2026-07-16,28.64,payment,success,Electronic check
11162,CUST-001707,2026-08-16,28.64,payment,success,Electronic check
11163,CUST-001708,2026-03-16,62.79,failed_payment,failed,Mailed check
11164,CUST-001708,2026-03-19,62.79,payment,success,Mailed check
11165,CUST-001708,2026-04-16,62.79,failed_payment,failed,Mailed check
11166,CUST-001708,2026-04-19,62.79,payment,success,Mailed check
11167,CUST-001708,2026-05-16,62.79,payment,success,Mailed check
11168,CUST-001708,2026-06-16,62.79,payment,success,Mailed check
11169,CUST-001708,2026-07-16,62.79,failed_payment,failed,Mailed check
11170,CUST-001708,2026-08-16,62.79,failed_payment,failed,Mailed check
11171,CUST-001708,2026-08-19,62.79,payment,success,Mailed check
11172,CUST-001709,2026-03-16,36.74,payment,success,Electronic check
11173,CUST-001709,2026-04-16,36.74,payment,success,Electronic check
11174,CUST-001709,2026-05-16,36.74,payment,success,Electronic check
11175,CUST-001709,2026-06-16,36.74,payment,success,Electronic check
11176,CUST-001709,2026-07-16,36.74,payment,success,Electronic check
11177,CUST-001709,2026-08-16,36.74,payment,success,Electronic check
11178,CUST-001710,2026-03-16,54.64,payment,success,Bank transfer
11179,CUST-001710,2026-04-16,54.64,payment,success,Bank transfer
11180,CUST-001710,2026-05-16,54.64,payment,success,Bank transfer
11181,CUST-001710,2026-06-16,54.64,payment,success,Bank transfer
11182,CUST-001710,2026-07-16,54.64,payment,success,Bank transfer
11183,CUST-001710,2026-08-16,54.64,failed_payment,failed,Bank transfer
11184,CUST-001710,2026-08-19,54.64,payment,success,Bank transfer
11185,CUST-001711,2026-03-16,99.36,payment,success,Mailed check
11186,CUST-001711,2026-04-16,99.36,payment,success,Mailed check
11187,CUST-001711,2026-05-16,99.36,payment,success,Mailed check
11188,CUST-001711,2026-06-16,99.36,payment,success,Mailed check
11189,CUST-001711,2026-07-16,99.36,payment,success,Mailed check
11190,CUST-001711,2026-08-16,99.36,payment,success,Mailed check
11191,CUST-001712,2026-03-16,44.59,payment,success,Credit card
11192,CUST-001712,2026-04-16,44.59,payment,success,Credit card
11193,CUST-001712,2026-05-16,44.59,payment,success,Credit card
11194,CUST-001712,2026-06-16,44.59,payment,success,Credit card
11195,CUST-001712,2026-07-16,44.59,payment,success,Credit card
11196,CUST-001712,2026-08-16,44.59,payment,success,Credit card
11197,CUST-001713,2026-03-16,81.19,payment,success,Electronic check
11198,CUST-001713,2026-04-16,81.19,payment,success,Electronic check
11199,CUST-001713,2026-05-16,81.19,payment,success,Electronic check
11200,CUST-001713,2026-06-16,81.19,payment,success,Electronic check
11201,CUST-001713,2026-07-16,81.19,payment,success,Electronic check
11202,CUST-001713,2026-08-16,81.19,payment,success,Electronic check
11203,CUST-001714,2026-03-16,110.12,payment,success,Credit card
11204,CUST-001714,2026-04-16,110.12,payment,success,Credit card
11205,CUST-001714,2026-05-16,110.12,payment,success,Credit card
11206,CUST-001714,2026-06-16,110.12,payment,success,Credit card
11207,CUST-001714,2026-07-16,110.12,payment,success,Credit card
11208,CUST-001714,2026-08-16,110.12,payment,success,Credit card
11209,CUST-001715,2026-03-16,76.69,payment,success,Mailed check
11210,CUST-001715,2026-04-16,76.69,payment,success,Mailed check
11211,CUST-001715,2026-05-16,76.69,payment,success,Mailed check
11212,CUST-001715,2026-06-16,76.69,payment,success,Mailed check
11213,CUST-001715,2026-07-16,76.69,payment,success,Mailed check
11214,CUST-001715,2026-08-16,76.69,payment,success,Mailed check
11215,CUST-001716,2026-03-16,39.38,payment,success,Credit card
11216,CUST-001716,2026-04-16,39.38,payment,success,Credit card
11217,CUST-001716,2026-05-16,39.38,payment,success,Credit card
11218,CUST-001716,2026-06-16,39.38,payment,success,Credit card
11219,CUST-001716,2026-07-16,39.38,payment,success,Credit card
11220,CUST-001716,2026-08-16,39.38,payment,success,Credit card
11221,CUST-001717,2026-03-16,54.48,payment,success,Electronic check
11222,CUST-001717,2026-04-16,54.48,payment,success,Electronic check
11223,CUST-001717,2026-05-16,54.48,failed_payment,failed,Electronic check
11224,CUST-001717,2026-06-16,54.48,payment,success,Electronic check
11225,CUST-001717,2026-07-16,54.48,payment,success,Electronic check
11226,CUST-001717,2026-08-16,54.48,payment,success,Electronic check
11227,CUST-001718,2026-03-16,79.04,payment,success,Mailed check
11228,CUST-001718,2026-04-16,79.04,payment,success,Mailed check
11229,CUST-001718,2026-05-16,79.04,failed_payment,failed,Mailed check
11230,CUST-001718,2026-06-16,79.04,payment,success,Mailed check
11231,CUST-001718,2026-07-16,79.04,payment,success,Mailed check
11232,CUST-001718,2026-08-16,79.04,payment,success,Mailed check
11233,CUST-001719,2026-03-16,70.66,payment,success,Mailed check
11234,CUST-001719,2026-04-16,70.66,payment,success,Mailed check
11235,CUST-001719,2026-05-16,70.66,payment,success,Mailed check
11236,CUST-001719,2026-06-16,70.66,payment,success,Mailed check
11237,CUST-001719,2026-07-16,70.66,payment,success,Mailed check
11238,CUST-001719,2026-08-16,70.66,payment,success,Mailed check
11239,CUST-001720,2026-03-16,34.86,payment,success,Credit card
11240,CUST-001720,2026-04-16,34.86,payment,success,Credit card
11241,CUST-001720,2026-05-16,34.86,payment,success,Credit card
11242,CUST-001720,2026-06-16,34.86,payment,success,Credit card
11243,CUST-001720,2026-07-16,34.86,payment,success,Credit card
11244,CUST-001720,2026-08-16,34.86,payment,success,Credit card
11245,CUST-001721,2026-03-16,64.68,failed_payment,failed,Bank transfer
11246,CUST-001721,2026-03-19,64.68,payment,success,Bank transfer
11247,CUST-001721,2026-04-16,64.68,failed_payment,failed,Bank transfer
11248,CUST-001721,2026-05-16,64.68,failed_payment,failed,Bank transfer
11249,CUST-001721,2026-05-19,64.68,payment,success,Bank transfer
11250,CUST-001721,2026-06-16,64.68,payment,success,Bank transfer
11251,CUST-001721,2026-07-16,64.68,payment,success,Bank transfer
11252,CUST-001721,2026-08-16,64.68,payment,success,Bank transfer
11253,CUST-001722,2026-03-16,74.31,payment,success,Credit card
11254,CUST-001722,2026-04-16,74.31,failed_payment,failed,Credit card
11255,CUST-001722,2026-04-19,74.31,payment,success,Credit card
11256,CUST-001722,2026-05-16,74.31,payment,success,Credit card
11257,CUST-001722,2026-06-16,74.31,failed_payment,failed,Credit card
11258,CUST-001722,2026-06-19,74.31,payment,success,Credit card
11259,CUST-001722,2026-07-16,74.31,failed_payment,failed,Credit card
11260,CUST-001722,2026-07-19,74.31,payment,success,Credit card
11261,CUST-001722,2026-08-16,74.31,failed_payment,failed,Credit card
11262,CUST-001723,2026-03-16,46.73,payment,success,Bank transfer
11263,CUST-001723,2026-04-16,46.73,payment,success,Bank transfer
11264,CUST-001723,2026-05-16,46.73,payment,success,Bank transfer
11265,CUST-001723,2026-06-16,46.73,payment,success,Bank transfer
11266,CUST-001723,2026-07-16,46.73,payment,success,Bank transfer
11267,CUST-001723,2026-08-16,46.73,payment,success,Bank transfer
11268,CUST-001724,2026-03-16,81.24,payment,success,Credit card
11269,CUST-001724,2026-04-16,81.24,payment,success,Credit card
11270,CUST-001724,2026-05-16,81.24,payment,success,Credit card
11271,CUST-001724,2026-06-16,81.24,payment,success,Credit card
11272,CUST-001724,2026-07-16,81.24,payment,success,Credit card
11273,CUST-001724,2026-08-16,81.24,failed_payment,failed,Credit card
11274,CUST-001724,2026-08-19,81.24,payment,success,Credit card
11275,CUST-001725,2026-03-16,27.02,payment,success,Bank transfer
11276,CUST-001725,2026-04-16,27.02,payment,success,Bank transfer
11277,CUST-001725,2026-05-16,27.02,payment,success,Bank transfer
11278,CUST-001725,2026-06-16,27.02,payment,success,Bank transfer
11279,CUST-001725,2026-07-16,27.02,payment,success,Bank transfer
11280,CUST-001725,2026-08-16,27.02,failed_payment,failed,Bank transfer
11281,CUST-001725,2026-08-19,27.02,payment,success,Bank transfer
11282,CUST-001726,2026-03-16,53.66,payment,success,Bank transfer
11283,CUST-001726,2026-04-16,53.66,payment,success,Bank transfer
11284,CUST-001726,2026-05-16,53.66,payment,success,Bank transfer
11285,CUST-001726,2026-06-16,53.66,payment,success,Bank transfer
11286,CUST-001726,2026-07-16,53.66,payment,success,Bank transfer
11287,CUST-001726,2026-08-16,53.66,payment,success,Bank transfer
11288,CUST-001727,2026-03-16,100.43,payment,success,Credit card
11289,CUST-001727,2026-04-16,100.43,payment,success,Credit card
11290,CUST-001727,2026-05-16,100.43,payment,success,Credit card
11291,CUST-001727,2026-06-16,100.43,payment,success,Credit card
11292,CUST-001727,2026-07-16,100.43,payment,success,Credit card
11293,CUST-001727,2026-08-16,100.43,payment,success,Credit card
11294,CUST-001728,2026-03-16,45.93,payment,success,Credit card
11295,CUST-001728,2026-04-16,45.93,payment,success,Credit card
11296,CUST-001728,2026-05-16,45.93,payment,success,Credit card
11297,CUST-001728,2026-06-16,45.93,payment,success,Credit card
11298,CUST-001728,2026-07-16,45.93,payment,success,Credit card
11299,CUST-001728,2026-08-16,45.93,payment,success,Credit card
11300,CUST-001729,2026-03-16,80.52,payment,success,Bank transfer
11301,CUST-001729,2026-04-16,80.52,payment,success,Bank transfer
11302,CUST-001729,2026-05-16,80.52,failed_payment,failed,Bank transfer
11303,CUST-001729,2026-05-19,80.52,payment,success,Bank transfer
11304,CUST-001729,2026-06-16,80.52,payment,success,Bank transfer
11305,CUST-001729,2026-07-16,80.52,payment,success,Bank transfer
11306,CUST-001729,2026-08-16,80.52,payment,success,Bank transfer
11307,CUST-001730,2026-03-16,61.0,failed_payment,failed,Mailed check
11308,CUST-001730,2026-03-19,61.0,payment,success,Mailed check
11309,CUST-001730,2026-04-16,61.0,payment,success,Mailed check
11310,CUST-001730,2026-05-16,61.0,payment,success,Mailed check
11311,CUST-001730,2026-06-16,61.0,payment,success,Mailed check
11312,CUST-001730,2026-07-16,61.0,payment,success,Mailed check
11313,CUST-001730,2026-08-16,61.0,payment,success,Mailed check
11314,CUST-001731,2026-03-16,51.65,payment,success,Bank transfer
11315,CUST-001731,2026-04-16,51.65,payment,success,Bank transfer
11316,CUST-001731,2026-05-16,51.65,payment,success,Bank transfer
11317,CUST-001731,2026-06-16,51.65,payment,success,Bank transfer
11318,CUST-001731,2026-07-16,51.65,payment,success,Bank transfer
11319,CUST-001731,2026-08-16,51.65,payment,success,Bank transfer
11320,CUST-001732,2026-03-16,111.61,payment,success,Bank transfer
11321,CUST-001732,2026-04-16,111.61,payment,success,Bank transfer
11322,CUST-001732,2026-05-16,111.61,payment,success,Bank transfer
11323,CUST-001732,2026-06-16,111.61,payment,success,Bank transfer
11324,CUST-001732,2026-07-16,111.61,payment,success,Bank transfer
11325,CUST-001732,2026-08-16,111.61,payment,success,Bank transfer
11326,CUST-001733,2026-03-16,54.33,payment,success,Credit card
11327,CUST-001733,2026-04-16,54.33,payment,success,Credit card
11328,CUST-001733,2026-05-16,54.33,payment,success,Credit card
11329,CUST-001733,2026-06-16,54.33,payment,success,Credit card
11330,CUST-001733,2026-07-16,54.33,payment,success,Credit card
11331,CUST-001733,2026-08-16,54.33,payment,success,Credit card
11332,CUST-001734,2026-03-16,43.67,payment,success,Bank transfer
11333,CUST-001734,2026-04-16,43.67,payment,success,Bank transfer
11334,CUST-001734,2026-05-16,43.67,payment,success,Bank transfer
11335,CUST-001734,2026-06-16,43.67,payment,success,Bank transfer
11336,CUST-001734,2026-07-16,43.67,payment,success,Bank transfer
11337,CUST-001734,2026-08-16,43.67,payment,success,Bank transfer
11338,CUST-001735,2026-03-16,110.93,payment,success,Credit card
11339,CUST-001735,2026-04-16,110.93,payment,success,Credit card
11340,CUST-001735,2026-05-16,110.93,payment,success,Credit card
11341,CUST-001735,2026-06-16,110.93,payment,success,Credit card
11342,CUST-001735,2026-07-16,110.93,payment,success,Credit card
11343,CUST-001735,2026-08-16,110.93,payment,success,Credit card
11344,CUST-001736,2026-03-16,94.59,payment,success,Bank transfer
11345,CUST-001736,2026-04-16,94.59,payment,success,Bank transfer
11346,CUST-001736,2026-05-16,94.59,payment,success,Bank transfer
11347,CUST-001736,2026-06-16,94.59,payment,success,Bank transfer
11348,CUST-001736,2026-07-16,94.59,payment,success,Bank transfer
11349,CUST-001736,2026-08-16,94.59,payment,success,Bank transfer
11350,CUST-001737,2026-03-16,88.18,payment,success,Credit card
11351,CUST-001737,2026-04-16,88.18,payment,success,Credit card
11352,CUST-001737,2026-05-16,88.18,payment,success,Credit card
11353,CUST-001737,2026-06-16,88.18,payment,success,Credit card
11354,CUST-001737,2026-07-16,88.18,payment,success,Credit card
11355,CUST-001737,2026-08-16,88.18,payment,success,Credit card
11356,CUST-001738,2026-03-16,24.95,payment,success,Credit card
11357,CUST-001738,2026-04-16,24.95,payment,success,Credit card
11358,CUST-001738,2026-05-16,24.95,payment,success,Credit card
11359,CUST-001738,2026-06-16,24.95,payment,success,Credit card
11360,CUST-001738,2026-07-16,24.95,payment,success,Credit card
11361,CUST-001738,2026-08-16,24.95,payment,success,Credit card
11362,CUST-001739,2026-03-16,33.12,payment,success,Credit card
11363,CUST-001739,2026-04-16,33.12,payment,success,Credit card
11364,CUST-001739,2026-05-16,33.12,payment,success,Credit card
11365,CUST-001739,2026-06-16,33.12,failed_payment,failed,Credit card
11366,CUST-001739,2026-06-19,33.12,payment,success,Credit card
11367,CUST-001739,2026-07-16,33.12,payment,success,Credit card
11368,CUST-001739,2026-08-16,33.12,payment,success,Credit card
11369,CUST-001740,2026-03-16,83.83,payment,success,Electronic check
11370,CUST-001740,2026-04-16,83.83,payment,success,Electronic check
11371,CUST-001740,2026-05-16,83.83,payment,success,Electronic check
11372,CUST-001740,2026-06-16,83.83,payment,success,Electronic check
11373,CUST-001740,2026-07-16,83.83,payment,success,Electronic check
11374,CUST-001740,2026-08-16,83.83,payment,success,Electronic check
11375,CUST-001741,2026-03-16,40.94,payment,success,Credit card
11376,CUST-001741,2026-04-16,40.94,payment,success,Credit card
11377,CUST-001741,2026-05-16,40.94,payment,success,Credit card
11378,CUST-001741,2026-06-16,40.94,failed_payment,failed,Credit card
11379,CUST-001741,2026-06-19,40.94,payment,success,Credit card
11380,CUST-001741,2026-07-16,40.94,payment,success,Credit card
11381,CUST-001741,2026-08-16,40.94,payment,success,Credit card
11382,CUST-001742,2026-03-16,42.56,payment,success,Mailed check
11383,CUST-001742,2026-04-16,42.56,payment,success,Mailed check
11384,CUST-001742,2026-05-16,42.56,payment,success,Mailed check
11385,CUST-001742,2026-06-16,42.56,payment,success,Mailed check
11386,CUST-001742,2026-07-16,42.56,payment,success,Mailed check
11387,CUST-001742,2026-08-16,42.56,payment,success,Mailed check
11388,CUST-001743,2026-03-16,97.91,payment,success,Credit card
11389,CUST-001743,2026-04-16,97.91,payment,success,Credit card
11390,CUST-001743,2026-05-16,97.91,payment,success,Credit card
11391,CUST-001743,2026-06-16,97.91,payment,success,Credit card
11392,CUST-001743,2026-07-16,97.91,payment,success,Credit card
11393,CUST-001743,2026-08-16,97.91,payment,success,Credit card
11394,CUST-001744,2026-03-16,48.59,payment,success,Mailed check
11395,CUST-001744,2026-04-16,48.59,payment,success,Mailed check
11396,CUST-001744,2026-05-16,48.59,payment,success,Mailed check
11397,CUST-001744,2026-06-16,48.59,payment,success,Mailed check
11398,CUST-001744,2026-07-16,48.59,payment,success,Mailed check
11399,CUST-001744,2026-08-16,48.59,payment,success,Mailed check
11400,CUST-001745,2026-03-16,27.16,payment,success,Mailed check
11401,CUST-001745,2026-04-16,27.16,payment,success,Mailed check
11402,CUST-001745,2026-05-16,27.16,payment,success,Mailed check
11403,CUST-001745,2026-06-16,27.16,payment,success,Mailed check
11404,CUST-001745,2026-07-16,27.16,payment,success,Mailed check
11405,CUST-001745,2026-08-16,27.16,payment,success,Mailed check
11406,CUST-001746,2026-03-16,23.64,payment,success,Bank transfer
11407,CUST-001746,2026-04-16,23.64,payment,success,Bank transfer
11408,CUST-001746,2026-05-16,23.64,payment,success,Bank transfer
11409,CUST-001746,2026-06-16,23.64,payment,success,Bank transfer
11410,CUST-001746,2026-07-16,23.64,payment,success,Bank transfer
11411,CUST-001746,2026-08-16,23.64,payment,success,Bank transfer
11412,CUST-001747,2026-03-16,64.32,payment,success,Bank transfer
11413,CUST-001747,2026-04-16,64.32,payment,success,Bank transfer
11414,CUST-001747,2026-05-16,64.32,payment,success,Bank transfer
11415,CUST-001747,2026-06-16,64.32,payment,success,Bank transfer
11416,CUST-001747,2026-07-16,64.32,payment,success,Bank transfer
11417,CUST-001747,2026-08-16,64.32,payment,success,Bank transfer
11418,CUST-001748,2026-03-16,81.71,payment,success,Bank transfer
11419,CUST-001748,2026-04-16,81.71,failed_payment,failed,Bank transfer
11420,CUST-001748,2026-04-19,81.71,payment,success,Bank transfer
11421,CUST-001748,2026-05-16,81.71,payment,success,Bank transfer
11422,CUST-001748,2026-06-16,81.71,payment,success,Bank transfer
11423,CUST-001748,2026-07-16,81.71,failed_payment,failed,Bank transfer
11424,CUST-001748,2026-08-16,81.71,payment,success,Bank transfer
11425,CUST-001749,2026-03-16,106.89,payment,success,Electronic check
11426,CUST-001749,2026-04-16,106.89,payment,success,Electronic check
11427,CUST-001749,2026-05-16,106.89,payment,success,Electronic check
11428,CUST-001749,2026-06-16,106.89,payment,success,Electronic check
11429,CUST-001749,2026-07-16,106.89,payment,success,Electronic check
11430,CUST-001749,2026-08-16,106.89,payment,success,Electronic check
11431,CUST-001750,2026-03-16,31.08,payment,success,Credit card
11432,CUST-001750,2026-04-16,31.08,payment,success,Credit card
11433,CUST-001750,2026-05-16,31.08,payment,success,Credit card
11434,CUST-001750,2026-06-16,31.08,payment,success,Credit card
11435,CUST-001750,2026-07-16,31.08,payment,success,Credit card
11436,CUST-001750,2026-08-16,31.08,payment,success,Credit card
11437,CUST-001751,2026-03-16,39.67,payment,success,Mailed check
11438,CUST-001751,2026-04-16,39.67,payment,success,Mailed check
11439,CUST-001751,2026-05-16,39.67,payment,success,Mailed check
11440,CUST-001751,2026-06-16,39.67,payment,success,Mailed check
11441,CUST-001751,2026-07-16,39.67,payment,success,Mailed check
11442,CUST-001751,2026-08-16,39.67,payment,success,Mailed check
11443,CUST-001752,2026-03-16,72.98,payment,success,Credit card
11444,CUST-001752,2026-04-16,72.98,payment,success,Credit card
11445,CUST-001752,2026-05-16,72.98,failed_payment,failed,Credit card
11446,CUST-001752,2026-05-19,72.98,payment,success,Credit card
11447,CUST-001752,2026-06-16,72.98,payment,success,Credit card
11448,CUST-001752,2026-07-16,72.98,payment,success,Credit card
11449,CUST-001752,2026-08-16,72.98,payment,success,Credit card
11450,CUST-001753,2026-03-16,56.41,payment,success,Mailed check
11451,CUST-001753,2026-04-16,56.41,payment,success,Mailed check
11452,CUST-001753,2026-05-16,56.41,payment,success,Mailed check
11453,CUST-001753,2026-06-16,56.41,payment,success,Mailed check
11454,CUST-001753,2026-07-16,56.41,payment,success,Mailed check
11455,CUST-001753,2026-08-16,56.41,payment,success,Mailed check
11456,CUST-001754,2026-03-16,68.25,payment,success,Bank transfer
11457,CUST-001754,2026-04-16,68.25,payment,success,Bank transfer
11458,CUST-001754,2026-05-16,68.25,payment,success,Bank transfer
11459,CUST-001754,2026-06-16,68.25,failed_payment,failed,Bank transfer
11460,CUST-001754,2026-06-19,68.25,payment,success,Bank transfer
11461,CUST-001754,2026-07-16,68.25,payment,success,Bank transfer
11462,CUST-001754,2026-08-16,68.25,payment,success,Bank transfer
11463,CUST-001755,2026-03-16,112.41,payment,success,Bank transfer
11464,CUST-001755,2026-04-16,112.41,payment,success,Bank transfer
11465,CUST-001755,2026-05-16,112.41,payment,success,Bank transfer
11466,CUST-001755,2026-06-16,112.41,payment,success,Bank transfer
11467,CUST-001755,2026-07-16,112.41,payment,success,Bank transfer
11468,CUST-001755,2026-08-16,112.41,payment,success,Bank transfer
11469,CUST-001756,2026-03-16,74.49,payment,success,Electronic check
11470,CUST-001756,2026-04-16,74.49,payment,success,Electronic check
11471,CUST-001756,2026-05-16,74.49,payment,success,Electronic check
11472,CUST-001756,2026-06-16,74.49,payment,success,Electronic check
11473,CUST-001756,2026-07-16,74.49,payment,success,Electronic check
11474,CUST-001756,2026-08-16,74.49,payment,success,Electronic check
11475,CUST-001757,2026-03-16,61.51,payment,success,Mailed check
11476,CUST-001757,2026-04-16,61.51,failed_payment,failed,Mailed check
11477,CUST-001757,2026-04-19,61.51,payment,success,Mailed check
11478,CUST-001757,2026-05-16,61.51,payment,success,Mailed check
11479,CUST-001757,2026-06-16,61.51,payment,success,Mailed check
11480,CUST-001757,2026-07-16,61.51,payment,success,Mailed check
11481,CUST-001757,2026-08-16,61.51,payment,success,Mailed check
11482,CUST-001758,2026-03-16,118.94,payment,success,Bank transfer
11483,CUST-001758,2026-04-16,118.94,payment,success,Bank transfer
11484,CUST-001758,2026-05-16,118.94,payment,success,Bank transfer
11485,CUST-001758,2026-06-16,118.94,payment,success,Bank transfer
11486,CUST-001758,2026-07-16,118.94,payment,success,Bank transfer
11487,CUST-001758,2026-08-16,118.94,payment,success,Bank transfer
11488,CUST-001759,2026-03-16,26.52,payment,success,Credit card
11489,CUST-001759,2026-04-16,26.52,payment,success,Credit card
11490,CUST-001759,2026-05-16,26.52,payment,success,Credit card
11491,CUST-001759,2026-06-16,26.52,payment,success,Credit card
11492,CUST-001759,2026-07-16,26.52,payment,success,Credit card
11493,CUST-001759,2026-08-16,26.52,payment,success,Credit card
11494,CUST-001760,2026-03-16,113.21,payment,success,Credit card
11495,CUST-001760,2026-04-16,113.21,payment,success,Credit card
11496,CUST-001760,2026-05-16,113.21,payment,success,Credit card
11497,CUST-001760,2026-06-16,113.21,payment,success,Credit card
11498,CUST-001760,2026-07-16,113.21,payment,success,Credit card
11499,CUST-001760,2026-08-16,113.21,payment,success,Credit card
11500,CUST-001761,2026-03-16,70.17,failed_payment,failed,Mailed check
11501,CUST-001761,2026-03-19,70.17,payment,success,Mailed check
11502,CUST-001761,2026-04-16,70.17,payment,success,Mailed check
11503,CUST-001761,2026-05-16,70.17,failed_payment,failed,Mailed check
11504,CUST-001761,2026-05-19,70.17,payment,success,Mailed check
11505,CUST-001761,2026-06-16,70.17,payment,success,Mailed check
11506,CUST-001761,2026-07-16,70.17,failed_payment,failed,Mailed check
11507,CUST-001761,2026-07-19,70.17,payment,success,Mailed check
11508,CUST-001761,2026-08-16,70.17,payment,success,Mailed check
11509,CUST-001762,2026-03-16,70.38,payment,success,Bank transfer
11510,CUST-001762,2026-04-16,70.38,failed_payment,failed,Bank transfer
11511,CUST-001762,2026-05-16,70.38,failed_payment,failed,Bank transfer
11512,CUST-001762,2026-05-19,70.38,payment,success,Bank transfer
11513,CUST-001762,2026-06-16,70.38,payment,success,Bank transfer
11514,CUST-001762,2026-07-16,70.38,payment,success,Bank transfer
11515,CUST-001762,2026-08-16,70.38,payment,success,Bank transfer
11516,CUST-001763,2026-03-16,112.2,failed_payment,failed,Electronic check
11517,CUST-001763,2026-04-16,112.2,failed_payment,failed,Electronic check
11518,CUST-001763,2026-04-19,112.2,payment,success,Electronic check
11519,CUST-001763,2026-05-16,112.2,payment,success,Electronic check
11520,CUST-001763,2026-06-16,112.2,payment,success,Electronic check
11521,CUST-001763,2026-07-16,112.2,payment,success,Electronic check
11522,CUST-001763,2026-08-16,112.2,payment,success,Electronic check
11523,CUST-001764,2026-03-16,70.73,failed_payment,failed,Credit card
11524,CUST-001764,2026-04-16,70.73,payment,success,Credit card
11525,CUST-001764,2026-05-16,70.73,payment,success,Credit card
11526,CUST-001764,2026-06-16,70.73,payment,success,Credit card
11527,CUST-001764,2026-07-16,70.73,payment,success,Credit card
11528,CUST-001764,2026-08-16,70.73,failed_payment,failed,Credit card
11529,CUST-001764,2026-08-19,70.73,payment,success,Credit card
11530,CUST-001765,2026-03-16,63.84,payment,success,Credit card
11531,CUST-001765,2026-04-16,63.84,payment,success,Credit card
11532,CUST-001765,2026-05-16,63.84,payment,success,Credit card
11533,CUST-001765,2026-06-16,63.84,payment,success,Credit card
11534,CUST-001765,2026-07-16,63.84,payment,success,Credit card
11535,CUST-001765,2026-08-16,63.84,payment,success,Credit card
11536,CUST-001766,2026-03-16,47.25,payment,success,Credit card
11537,CUST-001766,2026-04-16,47.25,payment,success,Credit card
11538,CUST-001766,2026-05-16,47.25,payment,success,Credit card
11539,CUST-001766,2026-06-16,47.25,payment,success,Credit card
11540,CUST-001766,2026-07-16,47.25,payment,success,Credit card
11541,CUST-001766,2026-08-16,47.25,payment,success,Credit card
11542,CUST-001767,2026-03-16,85.88,payment,success,Mailed check
11543,CUST-001767,2026-04-16,85.88,payment,success,Mailed check
11544,CUST-001767,2026-05-16,85.88,payment,success,Mailed check
11545,CUST-001767,2026-06-16,85.88,payment,success,Mailed check
11546,CUST-001767,2026-07-16,85.88,payment,success,Mailed check
11547,CUST-001767,2026-08-16,85.88,payment,success,Mailed check
11548,CUST-001768,2026-03-16,76.96,payment,success,Mailed check
11549,CUST-001768,2026-04-16,76.96,payment,success,Mailed check
11550,CUST-001768,2026-05-16,76.96,payment,success,Mailed check
11551,CUST-001768,2026-06-16,76.96,payment,success,Mailed check
11552,CUST-001768,2026-07-16,76.96,payment,success,Mailed check
11553,CUST-001768,2026-08-16,76.96,payment,success,Mailed check
11554,CUST-001769,2026-03-16,41.43,payment,success,Credit card
11555,CUST-001769,2026-04-16,41.43,payment,success,Credit card
11556,CUST-001769,2026-05-16,41.43,payment,success,Credit card
11557,CUST-001769,2026-06-16,41.43,payment,success,Credit card
11558,CUST-001769,2026-07-16,41.43,payment,success,Credit card
11559,CUST-001769,2026-08-16,41.43,payment,success,Credit card
11560,CUST-001770,2026-03-16,90.94,payment,success,Bank transfer
11561,CUST-001770,2026-04-16,90.94,payment,success,Bank transfer
11562,CUST-001770,2026-05-16,90.94,payment,success,Bank transfer
11563,CUST-001770,2026-06-16,90.94,payment,success,Bank transfer
11564,CUST-001770,2026-07-16,90.94,payment,success,Bank transfer
11565,CUST-001770,2026-08-16,90.94,payment,success,Bank transfer
11566,CUST-001771,2026-03-16,84.41,payment,success,Electronic check
11567,CUST-001771,2026-04-16,84.41,payment,success,Electronic check
11568,CUST-001771,2026-05-16,84.41,payment,success,Electronic check
11569,CUST-001771,2026-06-16,84.41,payment,success,Electronic check
11570,CUST-001771,2026-07-16,84.41,payment,success,Electronic check
11571,CUST-001771,2026-08-16,84.41,payment,success,Electronic check
11572,CUST-001772,2026-03-16,59.73,payment,success,Bank transfer
11573,CUST-001772,2026-04-16,59.73,payment,success,Bank transfer
11574,CUST-001772,2026-05-16,59.73,failed_payment,failed,Bank transfer
11575,CUST-001772,2026-06-16,59.73,payment,success,Bank transfer
11576,CUST-001772,2026-07-16,59.73,payment,success,Bank transfer
11577,CUST-001772,2026-08-16,59.73,failed_payment,failed,Bank transfer
11578,CUST-001772,2026-08-19,59.73,payment,success,Bank transfer
11579,CUST-001773,2026-03-16,20.44,payment,success,Bank transfer
11580,CUST-001773,2026-04-16,20.44,payment,success,Bank transfer
11581,CUST-001773,2026-05-16,20.44,payment,success,Bank transfer
11582,CUST-001773,2026-06-16,20.44,payment,success,Bank transfer
11583,CUST-001773,2026-07-16,20.44,payment,success,Bank transfer
11584,CUST-001773,2026-08-16,20.44,payment,success,Bank transfer
11585,CUST-001774,2026-03-16,64.66,payment,success,Mailed check
11586,CUST-001774,2026-04-16,64.66,payment,success,Mailed check
11587,CUST-001774,2026-05-16,64.66,payment,success,Mailed check
11588,CUST-001774,2026-06-16,64.66,payment,success,Mailed check
11589,CUST-001774,2026-07-16,64.66,payment,success,Mailed check
11590,CUST-001774,2026-08-16,64.66,payment,success,Mailed check
11591,CUST-001775,2026-03-16,20.61,payment,success,Mailed check
11592,CUST-001775,2026-04-16,20.61,payment,success,Mailed check
11593,CUST-001775,2026-05-16,20.61,failed_payment,failed,Mailed check
11594,CUST-001775,2026-05-19,20.61,payment,success,Mailed check
11595,CUST-001775,2026-06-16,20.61,failed_payment,failed,Mailed check
11596,CUST-001775,2026-06-19,20.61,payment,success,Mailed check
11597,CUST-001775,2026-07-16,20.61,payment,success,Mailed check
11598,CUST-001775,2026-08-16,20.61,payment,success,Mailed check
11599,CUST-001776,2026-03-16,27.5,payment,success,Electronic check
11600,CUST-001776,2026-04-16,27.5,payment,success,Electronic check
11601,CUST-001776,2026-05-16,27.5,payment,success,Electronic check
11602,CUST-001776,2026-06-16,27.5,payment,success,Electronic check
11603,CUST-001776,2026-07-16,27.5,payment,success,Electronic check
11604,CUST-001776,2026-08-16,27.5,failed_payment,failed,Electronic check
11605,CUST-001777,2026-03-16,63.06,failed_payment,failed,Mailed check
11606,CUST-001777,2026-03-19,63.06,payment,success,Mailed check
11607,CUST-001777,2026-04-16,63.06,payment,success,Mailed check
11608,CUST-001777,2026-05-16,63.06,payment,success,Mailed check
11609,CUST-001777,2026-06-16,63.06,payment,success,Mailed check
11610,CUST-001777,2026-07-16,63.06,payment,success,Mailed check
11611,CUST-001777,2026-08-16,63.06,payment,success,Mailed check
11612,CUST-001778,2026-03-16,28.19,payment,success,Electronic check
11613,CUST-001778,2026-04-16,28.19,payment,success,Electronic check
11614,CUST-001778,2026-05-16,28.19,payment,success,Electronic check
11615,CUST-001778,2026-06-16,28.19,payment,success,Electronic check
11616,CUST-001778,2026-07-16,28.19,payment,success,Electronic check
11617,CUST-001778,2026-08-16,28.19,payment,success,Electronic check
11618,CUST-001779,2026-03-16,47.57,payment,success,Mailed check
11619,CUST-001779,2026-04-16,47.57,failed_payment,failed,Mailed check
11620,CUST-001779,2026-04-19,47.57,payment,success,Mailed check
11621,CUST-001779,2026-05-16,47.57,payment,success,Mailed check
11622,CUST-001779,2026-06-16,47.57,payment,success,Mailed check
11623,CUST-001779,2026-07-16,47.57,payment,success,Mailed check
11624,CUST-001779,2026-08-16,47.57,payment,success,Mailed check
11625,CUST-001780,2026-03-16,85.55,failed_payment,failed,Electronic check
11626,CUST-001780,2026-03-19,85.55,payment,success,Electronic check
11627,CUST-001780,2026-04-16,85.55,payment,success,Electronic check
11628,CUST-001780,2026-05-16,85.55,failed_payment,failed,Electronic check
11629,CUST-001780,2026-05-19,85.55,payment,success,Electronic check
11630,CUST-001780,2026-06-16,85.55,payment,success,Electronic check
11631,CUST-001780,2026-07-16,85.55,payment,success,Electronic check
11632,CUST-001780,2026-08-16,85.55,failed_payment,failed,Electronic check
11633,CUST-001780,2026-08-19,85.55,payment,success,Electronic check
11634,CUST-001781,2026-03-16,50.86,payment,success,Mailed check
11635,CUST-001781,2026-04-16,50.86,payment,success,Mailed check
11636,CUST-001781,2026-05-16,50.86,payment,success,Mailed check
11637,CUST-001781,2026-06-16,50.86,payment,success,Mailed check
11638,CUST-001781,2026-07-16,50.86,payment,success,Mailed check
11639,CUST-001781,2026-08-16,50.86,payment,success,Mailed check
11640,CUST-001782,2026-03-16,119.76,payment,success,Bank transfer
11641,CUST-001782,2026-04-16,119.76,payment,success,Bank transfer
11642,CUST-001782,2026-05-16,119.76,payment,success,Bank transfer
11643,CUST-001782,2026-06-16,119.76,failed_payment,failed,Bank transfer
11644,CUST-001782,2026-06-19,119.76,payment,success,Bank transfer
11645,CUST-001782,2026-07-16,119.76,payment,success,Bank transfer
11646,CUST-001782,2026-08-16,119.76,failed_payment,failed,Bank transfer
11647,CUST-001782,2026-08-19,119.76,payment,success,Bank transfer
11648,CUST-001783,2026-03-16,111.63,failed_payment,failed,Mailed check
11649,CUST-001783,2026-04-16,111.63,payment,success,Mailed check
11650,CUST-001783,2026-05-16,111.63,payment,success,Mailed check
11651,CUST-001783,2026-06-16,111.63,failed_payment,failed,Mailed check
11652,CUST-001783,2026-06-19,111.63,payment,success,Mailed check
11653,CUST-001783,2026-07-16,111.63,failed_payment,failed,Mailed check
11654,CUST-001783,2026-07-19,111.63,payment,success,Mailed check
11655,CUST-001783,2026-08-16,111.63,payment,success,Mailed check
11656,CUST-001784,2026-03-16,78.53,payment,success,Electronic check
11657,CUST-001784,2026-04-16,78.53,payment,success,Electronic check
11658,CUST-001784,2026-05-16,78.53,payment,success,Electronic check
11659,CUST-001784,2026-06-16,78.53,payment,success,Electronic check
11660,CUST-001784,2026-07-16,78.53,payment,success,Electronic check
11661,CUST-001784,2026-08-16,78.53,payment,success,Electronic check
11662,CUST-001785,2026-03-16,116.69,failed_payment,failed,Credit card
11663,CUST-001785,2026-03-19,116.69,payment,success,Credit card
11664,CUST-001785,2026-04-16,116.69,payment,success,Credit card
11665,CUST-001785,2026-05-16,116.69,failed_payment,failed,Credit card
11666,CUST-001785,2026-05-19,116.69,payment,success,Credit card
11667,CUST-001785,2026-06-16,116.69,payment,success,Credit card
11668,CUST-001785,2026-07-16,116.69,payment,success,Credit card
11669,CUST-001785,2026-08-16,116.69,payment,success,Credit card
11670,CUST-001786,2026-03-16,106.8,payment,success,Mailed check
11671,CUST-001786,2026-04-16,106.8,payment,success,Mailed check
11672,CUST-001786,2026-05-16,106.8,payment,success,Mailed check
11673,CUST-001786,2026-06-16,106.8,payment,success,Mailed check
11674,CUST-001786,2026-07-16,106.8,payment,success,Mailed check
11675,CUST-001786,2026-08-16,106.8,payment,success,Mailed check
11676,CUST-001787,2026-03-16,51.89,payment,success,Bank transfer
11677,CUST-001787,2026-04-16,51.89,payment,success,Bank transfer
11678,CUST-001787,2026-05-16,51.89,payment,success,Bank transfer
11679,CUST-001787,2026-06-16,51.89,payment,success,Bank transfer
11680,CUST-001787,2026-07-16,51.89,payment,success,Bank transfer
11681,CUST-001787,2026-08-16,51.89,payment,success,Bank transfer
11682,CUST-001788,2026-03-16,94.96,payment,success,Bank transfer
11683,CUST-001788,2026-04-16,94.96,payment,success,Bank transfer
11684,CUST-001788,2026-05-16,94.96,payment,success,Bank transfer
11685,CUST-001788,2026-06-16,94.96,payment,success,Bank transfer
11686,CUST-001788,2026-07-16,94.96,failed_payment,failed,Bank transfer
11687,CUST-001788,2026-07-19,94.96,payment,success,Bank transfer
11688,CUST-001788,2026-08-16,94.96,payment,success,Bank transfer
11689,CUST-001789,2026-03-16,33.68,payment,success,Bank transfer
11690,CUST-001789,2026-04-16,33.68,failed_payment,failed,Bank transfer
11691,CUST-001789,2026-05-16,33.68,payment,success,Bank transfer
11692,CUST-001789,2026-06-16,33.68,payment,success,Bank transfer
11693,CUST-001789,2026-07-16,33.68,payment,success,Bank transfer
11694,CUST-001789,2026-08-16,33.68,payment,success,Bank transfer
11695,CUST-001790,2026-03-16,88.46,payment,success,Mailed check
11696,CUST-001790,2026-04-16,88.46,payment,success,Mailed check
11697,CUST-001790,2026-05-16,88.46,payment,success,Mailed check
11698,CUST-001790,2026-06-16,88.46,payment,success,Mailed check
11699,CUST-001790,2026-07-16,88.46,payment,success,Mailed check
11700,CUST-001790,2026-08-16,88.46,payment,success,Mailed check
11701,CUST-001791,2026-03-16,69.11,payment,success,Credit card
11702,CUST-001791,2026-04-16,69.11,payment,success,Credit card
11703,CUST-001791,2026-05-16,69.11,payment,success,Credit card
11704,CUST-001791,2026-06-16,69.11,payment,success,Credit card
11705,CUST-001791,2026-07-16,69.11,payment,success,Credit card
11706,CUST-001791,2026-08-16,69.11,payment,success,Credit card
11707,CUST-001792,2026-03-16,21.68,payment,success,Credit card
11708,CUST-001792,2026-04-16,21.68,payment,success,Credit card
11709,CUST-001792,2026-05-16,21.68,payment,success,Credit card
11710,CUST-001792,2026-06-16,21.68,payment,success,Credit card
11711,CUST-001792,2026-07-16,21.68,payment,success,Credit card
11712,CUST-001792,2026-08-16,21.68,payment,success,Credit card
11713,CUST-001793,2026-03-16,47.42,payment,success,Credit card
11714,CUST-001793,2026-04-16,47.42,payment,success,Credit card
11715,CUST-001793,2026-05-16,47.42,failed_payment,failed,Credit card
11716,CUST-001793,2026-06-16,47.42,payment,success,Credit card
11717,CUST-001793,2026-07-16,47.42,payment,success,Credit card
11718,CUST-001793,2026-08-16,47.42,payment,success,Credit card
11719,CUST-001794,2026-03-16,115.54,payment,success,Mailed check
11720,CUST-001794,2026-04-16,115.54,payment,success,Mailed check
11721,CUST-001794,2026-05-16,115.54,payment,success,Mailed check
11722,CUST-001794,2026-06-16,115.54,payment,success,Mailed check
11723,CUST-001794,2026-07-16,115.54,payment,success,Mailed check
11724,CUST-001794,2026-08-16,115.54,payment,success,Mailed check
11725,CUST-001795,2026-03-16,51.58,payment,success,Mailed check
11726,CUST-001795,2026-04-16,51.58,payment,success,Mailed check
11727,CUST-001795,2026-05-16,51.58,payment,success,Mailed check
11728,CUST-001795,2026-06-16,51.58,payment,success,Mailed check
11729,CUST-001795,2026-07-16,51.58,payment,success,Mailed check
11730,CUST-001795,2026-08-16,51.58,payment,success,Mailed check
11731,CUST-001796,2026-03-16,38.15,payment,success,Electronic check
11732,CUST-001796,2026-04-16,38.15,failed_payment,failed,Electronic check
11733,CUST-001796,2026-04-19,38.15,payment,success,Electronic check
11734,CUST-001796,2026-05-16,38.15,payment,success,Electronic check
11735,CUST-001796,2026-06-16,38.15,failed_payment,failed,Electronic check
11736,CUST-001796,2026-06-19,38.15,payment,success,Electronic check
11737,CUST-001796,2026-07-16,38.15,payment,success,Electronic check
11738,CUST-001796,2026-08-16,38.15,payment,success,Electronic check
11739,CUST-001797,2026-03-16,38.75,payment,success,Mailed check
11740,CUST-001797,2026-04-16,38.75,payment,success,Mailed check
11741,CUST-001797,2026-05-16,38.75,payment,success,Mailed check
11742,CUST-001797,2026-06-16,38.75,payment,success,Mailed check
11743,CUST-001797,2026-07-16,38.75,payment,success,Mailed check
11744,CUST-001797,2026-08-16,38.75,payment,success,Mailed check
11745,CUST-001798,2026-03-16,67.92,payment,success,Credit card
11746,CUST-001798,2026-04-16,67.92,payment,success,Credit card
11747,CUST-001798,2026-05-16,67.92,payment,success,Credit card
11748,CUST-001798,2026-06-16,67.92,payment,success,Credit card
11749,CUST-001798,2026-07-16,67.92,failed_payment,failed,Credit card
11750,CUST-001798,2026-07-19,67.92,payment,success,Credit card
11751,CUST-001798,2026-08-16,67.92,failed_payment,failed,Credit card
11752,CUST-001798,2026-08-19,67.92,payment,success,Credit card
11753,CUST-001799,2026-03-16,104.26,payment,success,Mailed check
11754,CUST-001799,2026-04-16,104.26,payment,success,Mailed check
11755,CUST-001799,2026-05-16,104.26,payment,success,Mailed check
11756,CUST-001799,2026-06-16,104.26,payment,success,Mailed check
11757,CUST-001799,2026-07-16,104.26,payment,success,Mailed check
11758,CUST-001799,2026-08-16,104.26,payment,success,Mailed check
11759,CUST-001800,2026-03-16,95.8,failed_payment,failed,Credit card
11760,CUST-001800,2026-04-16,95.8,payment,success,Credit card
11761,CUST-001800,2026-05-16,95.8,payment,success,Credit card
11762,CUST-001800,2026-06-16,95.8,payment,success,Credit card
11763,CUST-001800,2026-07-16,95.8,payment,success,Credit card
11764,CUST-001800,2026-08-16,95.8,payment,success,Credit card
11765,CUST-001801,2026-03-16,63.69,failed_payment,failed,Credit card
11766,CUST-001801,2026-04-16,63.69,payment,success,Credit card
11767,CUST-001801,2026-05-16,63.69,payment,success,Credit card
11768,CUST-001801,2026-06-16,63.69,payment,success,Credit card
11769,CUST-001801,2026-07-16,63.69,payment,success,Credit card
11770,CUST-001801,2026-08-16,63.69,payment,success,Credit card
11771,CUST-001802,2026-03-16,40.87,payment,success,Bank transfer
11772,CUST-001802,2026-04-16,40.87,payment,success,Bank transfer
11773,CUST-001802,2026-05-16,40.87,payment,success,Bank transfer
11774,CUST-001802,2026-06-16,40.87,payment,success,Bank transfer
11775,CUST-001802,2026-07-16,40.87,payment,success,Bank transfer
11776,CUST-001802,2026-08-16,40.87,payment,success,Bank transfer
11777,CUST-001803,2026-03-16,24.61,payment,success,Bank transfer
11778,CUST-001803,2026-04-16,24.61,payment,success,Bank transfer
11779,CUST-001803,2026-05-16,24.61,payment,success,Bank transfer
11780,CUST-001803,2026-06-16,24.61,payment,success,Bank transfer
11781,CUST-001803,2026-07-16,24.61,payment,success,Bank transfer
11782,CUST-001803,2026-08-16,24.61,payment,success,Bank transfer
11783,CUST-001804,2026-03-16,66.26,payment,success,Credit card
11784,CUST-001804,2026-04-16,66.26,payment,success,Credit card
11785,CUST-001804,2026-05-16,66.26,payment,success,Credit card
11786,CUST-001804,2026-06-16,66.26,payment,success,Credit card
11787,CUST-001804,2026-07-16,66.26,payment,success,Credit card
11788,CUST-001804,2026-08-16,66.26,payment,success,Credit card
11789,CUST-001805,2026-03-16,101.48,failed_payment,failed,Electronic check
11790,CUST-001805,2026-03-19,101.48,payment,success,Electronic check
11791,CUST-001805,2026-04-16,101.48,payment,success,Electronic check
11792,CUST-001805,2026-05-16,101.48,payment,success,Electronic check
11793,CUST-001805,2026-06-16,101.48,payment,success,Electronic check
11794,CUST-001805,2026-07-16,101.48,payment,success,Electronic check
11795,CUST-001805,2026-08-16,101.48,payment,success,Electronic check
11796,CUST-001806,2026-03-16,92.97,payment,success,Electronic check
11797,CUST-001806,2026-04-16,92.97,payment,success,Electronic check
11798,CUST-001806,2026-05-16,92.97,payment,success,Electronic check
11799,CUST-001806,2026-06-16,92.97,payment,success,Electronic check
11800,CUST-001806,2026-07-16,92.97,payment,success,Electronic check
11801,CUST-001806,2026-08-16,92.97,payment,success,Electronic check
11802,CUST-001807,2026-03-16,60.86,failed_payment,failed,Electronic check
11803,CUST-001807,2026-03-19,60.86,payment,success,Electronic check
11804,CUST-001807,2026-04-16,60.86,payment,success,Electronic check
11805,CUST-001807,2026-05-16,60.86,failed_payment,failed,Electronic check
11806,CUST-001807,2026-05-19,60.86,payment,success,Electronic check
11807,CUST-001807,2026-06-16,60.86,payment,success,Electronic check
11808,CUST-001807,2026-07-16,60.86,payment,success,Electronic check
11809,CUST-001807,2026-08-16,60.86,payment,success,Electronic check
11810,CUST-001808,2026-03-16,79.47,payment,success,Credit card
11811,CUST-001808,2026-04-16,79.47,payment,success,Credit card
11812,CUST-001808,2026-05-16,79.47,payment,success,Credit card
11813,CUST-001808,2026-06-16,79.47,payment,success,Credit card
11814,CUST-001808,2026-07-16,79.47,payment,success,Credit card
11815,CUST-001808,2026-08-16,79.47,payment,success,Credit card
11816,CUST-001809,2026-03-16,63.62,payment,success,Mailed check
11817,CUST-001809,2026-04-16,63.62,payment,success,Mailed check
11818,CUST-001809,2026-05-16,63.62,payment,success,Mailed check
11819,CUST-001809,2026-06-16,63.62,payment,success,Mailed check
11820,CUST-001809,2026-07-16,63.62,payment,success,Mailed check
11821,CUST-001809,2026-08-16,63.62,payment,success,Mailed check
11822,CUST-001810,2026-03-16,77.9,payment,success,Electronic check
11823,CUST-001810,2026-04-16,77.9,payment,success,Electronic check
11824,CUST-001810,2026-05-16,77.9,payment,success,Electronic check
11825,CUST-001810,2026-06-16,77.9,failed_payment,failed,Electronic check
11826,CUST-001810,2026-07-16,77.9,payment,success,Electronic check
11827,CUST-001810,2026-08-16,77.9,payment,success,Electronic check
11828,CUST-001811,2026-03-16,71.75,failed_payment,failed,Electronic check
11829,CUST-001811,2026-04-16,71.75,payment,success,Electronic check
11830,CUST-001811,2026-05-16,71.75,payment,success,Electronic check
11831,CUST-001811,2026-06-16,71.75,failed_payment,failed,Electronic check
11832,CUST-001811,2026-06-19,71.75,payment,success,Electronic check
11833,CUST-001811,2026-07-16,71.75,failed_payment,failed,Electronic check
11834,CUST-001811,2026-07-19,71.75,payment,success,Electronic check
11835,CUST-001811,2026-08-16,71.75,payment,success,Electronic check
11836,CUST-001812,2026-03-16,88.1,payment,success,Mailed check
11837,CUST-001812,2026-04-16,88.1,payment,success,Mailed check
11838,CUST-001812,2026-05-16,88.1,payment,success,Mailed check
11839,CUST-001812,2026-06-16,88.1,payment,success,Mailed check
11840,CUST-001812,2026-07-16,88.1,payment,success,Mailed check
11841,CUST-001812,2026-08-16,88.1,payment,success,Mailed check
11842,CUST-001813,2026-03-16,70.77,payment,success,Mailed check
11843,CUST-001813,2026-04-16,70.77,payment,success,Mailed check
11844,CUST-001813,2026-05-16,70.77,payment,success,Mailed check
11845,CUST-001813,2026-06-16,70.77,payment,success,Mailed check
11846,CUST-001813,2026-07-16,70.77,payment,success,Mailed check
11847,CUST-001813,2026-08-16,70.77,payment,success,Mailed check
11848,CUST-001814,2026-03-16,114.06,payment,success,Electronic check
11849,CUST-001814,2026-04-16,114.06,failed_payment,failed,Electronic check
11850,CUST-001814,2026-05-16,114.06,payment,success,Electronic check
11851,CUST-001814,2026-06-16,114.06,payment,success,Electronic check
11852,CUST-001814,2026-07-16,114.06,payment,success,Electronic check
11853,CUST-001814,2026-08-16,114.06,payment,success,Electronic check
11854,CUST-001815,2026-03-16,62.8,payment,success,Electronic check
11855,CUST-001815,2026-04-16,62.8,payment,success,Electronic check
11856,CUST-001815,2026-05-16,62.8,payment,success,Electronic check
11857,CUST-001815,2026-06-16,62.8,payment,success,Electronic check
11858,CUST-001815,2026-07-16,62.8,payment,success,Electronic check
11859,CUST-001815,2026-08-16,62.8,payment,success,Electronic check
11860,CUST-001816,2026-03-16,21.59,payment,success,Credit card
11861,CUST-001816,2026-04-16,21.59,payment,success,Credit card
11862,CUST-001816,2026-05-16,21.59,payment,success,Credit card
11863,CUST-001816,2026-06-16,21.59,payment,success,Credit card
11864,CUST-001816,2026-07-16,21.59,payment,success,Credit card
11865,CUST-001816,2026-08-16,21.59,payment,success,Credit card
11866,CUST-001817,2026-03-16,43.64,payment,success,Credit card
11867,CUST-001817,2026-04-16,43.64,payment,success,Credit card
11868,CUST-001817,2026-05-16,43.64,payment,success,Credit card
11869,CUST-001817,2026-06-16,43.64,payment,success,Credit card
11870,CUST-001817,2026-07-16,43.64,payment,success,Credit card
11871,CUST-001817,2026-08-16,43.64,payment,success,Credit card
11872,CUST-001818,2026-03-16,70.06,payment,success,Electronic check
11873,CUST-001818,2026-04-16,70.06,payment,success,Electronic check
11874,CUST-001818,2026-05-16,70.06,payment,success,Electronic check
11875,CUST-001818,2026-06-16,70.06,payment,success,Electronic check
11876,CUST-001818,2026-07-16,70.06,payment,success,Electronic check
11877,CUST-001818,2026-08-16,70.06,payment,success,Electronic check
11878,CUST-001819,2026-03-16,74.06,payment,success,Mailed check
11879,CUST-001819,2026-04-16,74.06,payment,success,Mailed check
11880,CUST-001819,2026-05-16,74.06,failed_payment,failed,Mailed check
11881,CUST-001819,2026-06-16,74.06,payment,success,Mailed check
11882,CUST-001819,2026-07-16,74.06,payment,success,Mailed check
11883,CUST-001819,2026-08-16,74.06,payment,success,Mailed check
11884,CUST-001820,2026-03-16,75.24,payment,success,Mailed check
11885,CUST-001820,2026-04-16,75.24,payment,success,Mailed check
11886,CUST-001820,2026-05-16,75.24,payment,success,Mailed check
11887,CUST-001820,2026-06-16,75.24,payment,success,Mailed check
11888,CUST-001820,2026-07-16,75.24,payment,success,Mailed check
11889,CUST-001820,2026-08-16,75.24,payment,success,Mailed check
11890,CUST-001821,2026-03-16,91.46,payment,success,Mailed check
11891,CUST-001821,2026-04-16,91.46,payment,success,Mailed check
11892,CUST-001821,2026-05-16,91.46,payment,success,Mailed check
11893,CUST-001821,2026-06-16,91.46,payment,success,Mailed check
11894,CUST-001821,2026-07-16,91.46,payment,success,Mailed check
11895,CUST-001821,2026-08-16,91.46,payment,success,Mailed check
11896,CUST-001822,2026-03-16,47.46,failed_payment,failed,Electronic check
11897,CUST-001822,2026-03-19,47.46,payment,success,Electronic check
11898,CUST-001822,2026-04-16,47.46,payment,success,Electronic check
11899,CUST-001822,2026-05-16,47.46,payment,success,Electronic check
11900,CUST-001822,2026-06-16,47.46,payment,success,Electronic check
11901,CUST-001822,2026-07-16,47.46,payment,success,Electronic check
11902,CUST-001822,2026-08-16,47.46,payment,success,Electronic check
11903,CUST-001823,2026-03-16,86.49,failed_payment,failed,Credit card
11904,CUST-001823,2026-03-19,86.49,payment,success,Credit card
11905,CUST-001823,2026-04-16,86.49,failed_payment,failed,Credit card
11906,CUST-001823,2026-04-19,86.49,payment,success,Credit card
11907,CUST-001823,2026-05-16,86.49,payment,success,Credit card
11908,CUST-001823,2026-06-16,86.49,failed_payment,failed,Credit card
11909,CUST-001823,2026-06-19,86.49,payment,success,Credit card
11910,CUST-001823,2026-07-16,86.49,payment,success,Credit card
11911,CUST-001823,2026-08-16,86.49,payment,success,Credit card
11912,CUST-001824,2026-03-16,90.4,payment,success,Bank transfer
11913,CUST-001824,2026-04-16,90.4,payment,success,Bank transfer
11914,CUST-001824,2026-05-16,90.4,payment,success,Bank transfer
11915,CUST-001824,2026-06-16,90.4,payment,success,Bank transfer
11916,CUST-001824,2026-07-16,90.4,payment,success,Bank transfer
11917,CUST-001824,2026-08-16,90.4,failed_payment,failed,Bank transfer
11918,CUST-001825,2026-03-16,61.13,payment,success,Credit card
11919,CUST-001825,2026-04-16,61.13,failed_payment,failed,Credit card
11920,CUST-001825,2026-04-19,61.13,payment,success,Credit card
11921,CUST-001825,2026-05-16,61.13,payment,success,Credit card
11922,CUST-001825,2026-06-16,61.13,payment,success,Credit card
11923,CUST-001825,2026-07-16,61.13,payment,success,Credit card
11924,CUST-001825,2026-08-16,61.13,payment,success,Credit card
11925,CUST-001826,2026-03-16,60.22,payment,success,Mailed check
11926,CUST-001826,2026-04-16,60.22,payment,success,Mailed check
11927,CUST-001826,2026-05-16,60.22,payment,success,Mailed check
11928,CUST-001826,2026-06-16,60.22,payment,success,Mailed check
11929,CUST-001826,2026-07-16,60.22,payment,success,Mailed check
11930,CUST-001826,2026-08-16,60.22,payment,success,Mailed check
11931,CUST-001827,2026-03-16,37.89,payment,success,Credit card
11932,CUST-001827,2026-04-16,37.89,failed_payment,failed,Credit card
11933,CUST-001827,2026-05-16,37.89,failed_payment,failed,Credit card
11934,CUST-001827,2026-05-19,37.89,payment,success,Credit card
11935,CUST-001827,2026-06-16,37.89,payment,success,Credit card
11936,CUST-001827,2026-07-16,37.89,failed_payment,failed,Credit card
11937,CUST-001827,2026-08-16,37.89,payment,success,Credit card
11938,CUST-001828,2026-03-16,61.4,payment,success,Bank transfer
11939,CUST-001828,2026-04-16,61.4,payment,success,Bank transfer
11940,CUST-001828,2026-05-16,61.4,failed_payment,failed,Bank transfer
11941,CUST-001828,2026-06-16,61.4,payment,success,Bank transfer
11942,CUST-001828,2026-07-16,61.4,payment,success,Bank transfer
11943,CUST-001828,2026-08-16,61.4,payment,success,Bank transfer
11944,CUST-001829,2026-03-16,98.68,payment,success,Electronic check
11945,CUST-001829,2026-04-16,98.68,failed_payment,failed,Electronic check
11946,CUST-001829,2026-04-19,98.68,payment,success,Electronic check
11947,CUST-001829,2026-05-16,98.68,payment,success,Electronic check
11948,CUST-001829,2026-06-16,98.68,payment,success,Electronic check
11949,CUST-001829,2026-07-16,98.68,payment,success,Electronic check
11950,CUST-001829,2026-08-16,98.68,payment,success,Electronic check
11951,CUST-001830,2026-03-16,110.9,payment,success,Mailed check
11952,CUST-001830,2026-04-16,110.9,failed_payment,failed,Mailed check
11953,CUST-001830,2026-04-19,110.9,payment,success,Mailed check
11954,CUST-001830,2026-05-16,110.9,failed_payment,failed,Mailed check
11955,CUST-001830,2026-05-19,110.9,payment,success,Mailed check
11956,CUST-001830,2026-06-16,110.9,failed_payment,failed,Mailed check
11957,CUST-001830,2026-06-19,110.9,payment,success,Mailed check
11958,CUST-001830,2026-07-16,110.9,payment,success,Mailed check
11959,CUST-001830,2026-08-16,110.9,payment,success,Mailed check
11960,CUST-001831,2026-03-16,79.36,failed_payment,failed,Credit card
11961,CUST-001831,2026-03-19,79.36,payment,success,Credit card
11962,CUST-001831,2026-04-16,79.36,payment,success,Credit card
11963,CUST-001831,2026-05-16,79.36,payment,success,Credit card
11964,CUST-001831,2026-06-16,79.36,failed_payment,failed,Credit card
11965,CUST-001831,2026-07-16,79.36,payment,success,Credit card
11966,CUST-001831,2026-08-16,79.36,payment,success,Credit card
11967,CUST-001832,2026-03-16,49.94,payment,success,Credit card
11968,CUST-001832,2026-04-16,49.94,payment,success,Credit card
11969,CUST-001832,2026-05-16,49.94,payment,success,Credit card
11970,CUST-001832,2026-06-16,49.94,payment,success,Credit card
11971,CUST-001832,2026-07-16,49.94,payment,success,Credit card
11972,CUST-001832,2026-08-16,49.94,payment,success,Credit card
11973,CUST-001833,2026-03-16,88.23,payment,success,Bank transfer
11974,CUST-001833,2026-04-16,88.23,payment,success,Bank transfer
11975,CUST-001833,2026-05-16,88.23,payment,success,Bank transfer
11976,CUST-001833,2026-06-16,88.23,payment,success,Bank transfer
11977,CUST-001833,2026-07-16,88.23,payment,success,Bank transfer
11978,CUST-001833,2026-08-16,88.23,payment,success,Bank transfer
11979,CUST-001834,2026-03-16,94.01,payment,success,Electronic check
11980,CUST-001834,2026-04-16,94.01,payment,success,Electronic check
11981,CUST-001834,2026-05-16,94.01,payment,success,Electronic check
11982,CUST-001834,2026-06-16,94.01,payment,success,Electronic check
11983,CUST-001834,2026-07-16,94.01,failed_payment,failed,Electronic check
11984,CUST-001834,2026-07-19,94.01,payment,success,Electronic check
11985,CUST-001834,2026-08-16,94.01,failed_payment,failed,Electronic check
11986,CUST-001834,2026-08-19,94.01,payment,success,Electronic check
11987,CUST-001835,2026-03-16,53.22,payment,success,Bank transfer
11988,CUST-001835,2026-04-16,53.22,payment,success,Bank transfer
11989,CUST-001835,2026-05-16,53.22,payment,success,Bank transfer
11990,CUST-001835,2026-06-16,53.22,payment,success,Bank transfer
11991,CUST-001835,2026-07-16,53.22,payment,success,Bank transfer
11992,CUST-001835,2026-08-16,53.22,payment,success,Bank transfer
11993,CUST-001836,2026-03-16,102.65,payment,success,Credit card
11994,CUST-001836,2026-04-16,102.65,payment,success,Credit card
11995,CUST-001836,2026-05-16,102.65,payment,success,Credit card
11996,CUST-001836,2026-06-16,102.65,payment,success,Credit card
11997,CUST-001836,2026-07-16,102.65,payment,success,Credit card
11998,CUST-001836,2026-08-16,102.65,payment,success,Credit card
11999,CUST-001837,2026-03-16,27.37,payment,success,Electronic check
12000,CUST-001837,2026-04-16,27.37,payment,success,Electronic check
12001,CUST-001837,2026-05-16,27.37,payment,success,Electronic check
12002,CUST-001837,2026-06-16,27.37,failed_payment,failed,Electronic check
12003,CUST-001837,2026-06-19,27.37,payment,success,Electronic check
12004,CUST-001837,2026-07-16,27.37,payment,success,Electronic check
12005,CUST-001837,2026-08-16,27.37,payment,success,Electronic check
12006,CUST-001838,2026-03-16,21.08,payment,success,Mailed check
12007,CUST-001838,2026-04-16,21.08,failed_payment,failed,Mailed check
12008,CUST-001838,2026-04-19,21.08,payment,success,Mailed check
12009,CUST-001838,2026-05-16,21.08,payment,success,Mailed check
12010,CUST-001838,2026-06-16,21.08,payment,success,Mailed check
12011,CUST-001838,2026-07-16,21.08,payment,success,Mailed check
12012,CUST-001838,2026-08-16,21.08,payment,success,Mailed check
12013,CUST-001839,2026-03-16,32.3,payment,success,Electronic check
12014,CUST-001839,2026-04-16,32.3,payment,success,Electronic check
12015,CUST-001839,2026-05-16,32.3,payment,success,Electronic check
12016,CUST-001839,2026-06-16,32.3,payment,success,Electronic check
12017,CUST-001839,2026-07-16,32.3,payment,success,Electronic check
12018,CUST-001839,2026-08-16,32.3,payment,success,Electronic check
12019,CUST-001840,2026-03-16,35.6,payment,success,Electronic check
12020,CUST-001840,2026-04-16,35.6,payment,success,Electronic check
12021,CUST-001840,2026-05-16,35.6,payment,success,Electronic check
12022,CUST-001840,2026-06-16,35.6,payment,success,Electronic check
12023,CUST-001840,2026-07-16,35.6,payment,success,Electronic check
12024,CUST-001840,2026-08-16,35.6,failed_payment,failed,Electronic check
12025,CUST-001841,2026-03-16,107.89,payment,success,Credit card
12026,CUST-001841,2026-04-16,107.89,payment,success,Credit card
12027,CUST-001841,2026-05-16,107.89,payment,success,Credit card
12028,CUST-001841,2026-06-16,107.89,payment,success,Credit card
12029,CUST-001841,2026-07-16,107.89,payment,success,Credit card
12030,CUST-001841,2026-08-16,107.89,payment,success,Credit card
12031,CUST-001842,2026-03-16,62.5,payment,success,Electronic check
12032,CUST-001842,2026-04-16,62.5,payment,success,Electronic check
12033,CUST-001842,2026-05-16,62.5,payment,success,Electronic check
12034,CUST-001842,2026-06-16,62.5,payment,success,Electronic check
12035,CUST-001842,2026-07-16,62.5,failed_payment,failed,Electronic check
12036,CUST-001842,2026-07-19,62.5,payment,success,Electronic check
12037,CUST-001842,2026-08-16,62.5,payment,success,Electronic check
12038,CUST-001843,2026-03-16,47.49,failed_payment,failed,Electronic check
12039,CUST-001843,2026-03-19,47.49,payment,success,Electronic check
12040,CUST-001843,2026-04-16,47.49,payment,success,Electronic check
12041,CUST-001843,2026-05-16,47.49,failed_payment,failed,Electronic check
12042,CUST-001843,2026-05-19,47.49,payment,success,Electronic check
12043,CUST-001843,2026-06-16,47.49,payment,success,Electronic check
12044,CUST-001843,2026-07-16,47.49,payment,success,Electronic check
12045,CUST-001843,2026-08-16,47.49,payment,success,Electronic check
12046,CUST-001844,2026-03-16,62.91,payment,success,Electronic check
12047,CUST-001844,2026-04-16,62.91,payment,success,Electronic check
12048,CUST-001844,2026-05-16,62.91,payment,success,Electronic check
12049,CUST-001844,2026-06-16,62.91,payment,success,Electronic check
12050,CUST-001844,2026-07-16,62.91,payment,success,Electronic check
12051,CUST-001844,2026-08-16,62.91,payment,success,Electronic check
12052,CUST-001845,2026-03-16,59.48,payment,success,Credit card
12053,CUST-001845,2026-04-16,59.48,payment,success,Credit card
12054,CUST-001845,2026-05-16,59.48,payment,success,Credit card
12055,CUST-001845,2026-06-16,59.48,payment,success,Credit card
12056,CUST-001845,2026-07-16,59.48,payment,success,Credit card
12057,CUST-001845,2026-08-16,59.48,payment,success,Credit card
12058,CUST-001846,2026-03-16,50.15,payment,success,Mailed check
12059,CUST-001846,2026-04-16,50.15,failed_payment,failed,Mailed check
12060,CUST-001846,2026-04-19,50.15,payment,success,Mailed check
12061,CUST-001846,2026-05-16,50.15,payment,success,Mailed check
12062,CUST-001846,2026-06-16,50.15,payment,success,Mailed check
12063,CUST-001846,2026-07-16,50.15,payment,success,Mailed check
12064,CUST-001846,2026-08-16,50.15,payment,success,Mailed check
12065,CUST-001847,2026-03-16,33.79,payment,success,Credit card
12066,CUST-001847,2026-04-16,33.79,payment,success,Credit card
12067,CUST-001847,2026-05-16,33.79,payment,success,Credit card
12068,CUST-001847,2026-06-16,33.79,payment,success,Credit card
12069,CUST-001847,2026-07-16,33.79,payment,success,Credit card
12070,CUST-001847,2026-08-16,33.79,payment,success,Credit card
12071,CUST-001848,2026-03-16,85.59,payment,success,Mailed check
12072,CUST-001848,2026-04-16,85.59,payment,success,Mailed check
12073,CUST-001848,2026-05-16,85.59,payment,success,Mailed check
12074,CUST-001848,2026-06-16,85.59,payment,success,Mailed check
12075,CUST-001848,2026-07-16,85.59,payment,success,Mailed check
12076,CUST-001848,2026-08-16,85.59,payment,success,Mailed check
12077,CUST-001849,2026-03-16,33.66,payment,success,Bank transfer
12078,CUST-001849,2026-04-16,33.66,payment,success,Bank transfer
12079,CUST-001849,2026-05-16,33.66,payment,success,Bank transfer
12080,CUST-001849,2026-06-16,33.66,payment,success,Bank transfer
12081,CUST-001849,2026-07-16,33.66,payment,success,Bank transfer
12082,CUST-001849,2026-08-16,33.66,payment,success,Bank transfer
12083,CUST-001850,2026-03-16,97.54,payment,success,Credit card
12084,CUST-001850,2026-04-16,97.54,failed_payment,failed,Credit card
12085,CUST-001850,2026-05-16,97.54,failed_payment,failed,Credit card
12086,CUST-001850,2026-05-19,97.54,payment,success,Credit card
12087,CUST-001850,2026-06-16,97.54,failed_payment,failed,Credit card
12088,CUST-001850,2026-06-19,97.54,payment,success,Credit card
12089,CUST-001850,2026-07-16,97.54,payment,success,Credit card
12090,CUST-001850,2026-08-16,97.54,payment,success,Credit card
12091,CUST-001851,2026-03-16,40.17,payment,success,Bank transfer
12092,CUST-001851,2026-04-16,40.17,payment,success,Bank transfer
12093,CUST-001851,2026-05-16,40.17,payment,success,Bank transfer
12094,CUST-001851,2026-06-16,40.17,failed_payment,failed,Bank transfer
12095,CUST-001851,2026-07-16,40.17,payment,success,Bank transfer
12096,CUST-001851,2026-08-16,40.17,payment,success,Bank transfer
12097,CUST-001852,2026-03-16,93.14,payment,success,Bank transfer
12098,CUST-001852,2026-04-16,93.14,payment,success,Bank transfer
12099,CUST-001852,2026-05-16,93.14,payment,success,Bank transfer
12100,CUST-001852,2026-06-16,93.14,payment,success,Bank transfer
12101,CUST-001852,2026-07-16,93.14,payment,success,Bank transfer
12102,CUST-001852,2026-08-16,93.14,payment,success,Bank transfer
12103,CUST-001853,2026-03-16,100.56,payment,success,Electronic check
12104,CUST-001853,2026-04-16,100.56,failed_payment,failed,Electronic check
12105,CUST-001853,2026-04-19,100.56,payment,success,Electronic check
12106,CUST-001853,2026-05-16,100.56,payment,success,Electronic check
12107,CUST-001853,2026-06-16,100.56,failed_payment,failed,Electronic check
12108,CUST-001853,2026-07-16,100.56,failed_payment,failed,Electronic check
12109,CUST-001853,2026-07-19,100.56,payment,success,Electronic check
12110,CUST-001853,2026-08-16,100.56,failed_payment,failed,Electronic check
12111,CUST-001853,2026-08-19,100.56,payment,success,Electronic check
12112,CUST-001854,2026-03-16,32.53,failed_payment,failed,Electronic check
12113,CUST-001854,2026-04-16,32.53,payment,success,Electronic check
12114,CUST-001854,2026-05-16,32.53,payment,success,Electronic check
12115,CUST-001854,2026-06-16,32.53,payment,success,Electronic check
12116,CUST-001854,2026-07-16,32.53,payment,success,Electronic check
12117,CUST-001854,2026-08-16,32.53,payment,success,Electronic check
12118,CUST-001855,2026-03-16,28.67,payment,success,Bank transfer
12119,CUST-001855,2026-04-16,28.67,payment,success,Bank transfer
12120,CUST-001855,2026-05-16,28.67,payment,success,Bank transfer
12121,CUST-001855,2026-06-16,28.67,payment,success,Bank transfer
12122,CUST-001855,2026-07-16,28.67,payment,success,Bank transfer
12123,CUST-001855,2026-08-16,28.67,payment,success,Bank transfer
12124,CUST-001856,2026-03-16,114.96,payment,success,Mailed check
12125,CUST-001856,2026-04-16,114.96,payment,success,Mailed check
12126,CUST-001856,2026-05-16,114.96,payment,success,Mailed check
12127,CUST-001856,2026-06-16,114.96,payment,success,Mailed check
12128,CUST-001856,2026-07-16,114.96,payment,success,Mailed check
12129,CUST-001856,2026-08-16,114.96,payment,success,Mailed check
12130,CUST-001857,2026-03-16,66.3,payment,success,Electronic check
12131,CUST-001857,2026-04-16,66.3,payment,success,Electronic check
12132,CUST-001857,2026-05-16,66.3,payment,success,Electronic check
12133,CUST-001857,2026-06-16,66.3,payment,success,Electronic check
12134,CUST-001857,2026-07-16,66.3,failed_payment,failed,Electronic check
12135,CUST-001857,2026-07-19,66.3,payment,success,Electronic check
12136,CUST-001857,2026-08-16,66.3,payment,success,Electronic check
12137,CUST-001858,2026-03-16,83.02,payment,success,Electronic check
12138,CUST-001858,2026-04-16,83.02,payment,success,Electronic check
12139,CUST-001858,2026-05-16,83.02,payment,success,Electronic check
12140,CUST-001858,2026-06-16,83.02,failed_payment,failed,Electronic check
12141,CUST-001858,2026-06-19,83.02,payment,success,Electronic check
12142,CUST-001858,2026-07-16,83.02,payment,success,Electronic check
12143,CUST-001858,2026-08-16,83.02,payment,success,Electronic check
12144,CUST-001859,2026-03-16,22.33,payment,success,Mailed check
12145,CUST-001859,2026-04-16,22.33,payment,success,Mailed check
12146,CUST-001859,2026-05-16,22.33,failed_payment,failed,Mailed check
12147,CUST-001859,2026-05-19,22.33,payment,success,Mailed check
12148,CUST-001859,2026-06-16,22.33,payment,success,Mailed check
12149,CUST-001859,2026-07-16,22.33,failed_payment,failed,Mailed check
12150,CUST-001859,2026-07-19,22.33,payment,success,Mailed check
12151,CUST-001859,2026-08-16,22.33,failed_payment,failed,Mailed check
12152,CUST-001859,2026-08-19,22.33,payment,success,Mailed check
12153,CUST-001860,2026-03-16,47.87,payment,success,Electronic check
12154,CUST-001860,2026-04-16,47.87,payment,success,Electronic check
12155,CUST-001860,2026-05-16,47.87,payment,success,Electronic check
12156,CUST-001860,2026-06-16,47.87,payment,success,Electronic check
12157,CUST-001860,2026-07-16,47.87,payment,success,Electronic check
12158,CUST-001860,2026-08-16,47.87,payment,success,Electronic check
12159,CUST-001861,2026-03-16,70.54,payment,success,Bank transfer
12160,CUST-001861,2026-04-16,70.54,payment,success,Bank transfer
12161,CUST-001861,2026-05-16,70.54,payment,success,Bank transfer
12162,CUST-001861,2026-06-16,70.54,payment,success,Bank transfer
12163,CUST-001861,2026-07-16,70.54,payment,success,Bank transfer
12164,CUST-001861,2026-08-16,70.54,payment,success,Bank transfer
12165,CUST-001862,2026-03-16,108.62,failed_payment,failed,Mailed check
12166,CUST-001862,2026-03-19,108.62,payment,success,Mailed check
12167,CUST-001862,2026-04-16,108.62,payment,success,Mailed check
12168,CUST-001862,2026-05-16,108.62,payment,success,Mailed check
12169,CUST-001862,2026-06-16,108.62,payment,success,Mailed check
12170,CUST-001862,2026-07-16,108.62,payment,success,Mailed check
12171,CUST-001862,2026-08-16,108.62,payment,success,Mailed check
12172,CUST-001863,2026-03-16,47.14,payment,success,Mailed check
12173,CUST-001863,2026-04-16,47.14,payment,success,Mailed check
12174,CUST-001863,2026-05-16,47.14,payment,success,Mailed check
12175,CUST-001863,2026-06-16,47.14,payment,success,Mailed check
12176,CUST-001863,2026-07-16,47.14,payment,success,Mailed check
12177,CUST-001863,2026-08-16,47.14,payment,success,Mailed check
12178,CUST-001864,2026-03-16,97.52,payment,success,Electronic check
12179,CUST-001864,2026-04-16,97.52,failed_payment,failed,Electronic check
12180,CUST-001864,2026-04-19,97.52,payment,success,Electronic check
12181,CUST-001864,2026-05-16,97.52,failed_payment,failed,Electronic check
12182,CUST-001864,2026-05-19,97.52,payment,success,Electronic check
12183,CUST-001864,2026-06-16,97.52,payment,success,Electronic check
12184,CUST-001864,2026-07-16,97.52,failed_payment,failed,Electronic check
12185,CUST-001864,2026-07-19,97.52,payment,success,Electronic check
12186,CUST-001864,2026-08-16,97.52,payment,success,Electronic check
12187,CUST-001865,2026-03-16,86.22,payment,success,Bank transfer
12188,CUST-001865,2026-04-16,86.22,payment,success,Bank transfer
12189,CUST-001865,2026-05-16,86.22,payment,success,Bank transfer
12190,CUST-001865,2026-06-16,86.22,payment,success,Bank transfer
12191,CUST-001865,2026-07-16,86.22,payment,success,Bank transfer
12192,CUST-001865,2026-08-16,86.22,payment,success,Bank transfer
12193,CUST-001866,2026-03-16,31.53,payment,success,Electronic check
12194,CUST-001866,2026-04-16,31.53,payment,success,Electronic check
12195,CUST-001866,2026-05-16,31.53,payment,success,Electronic check
12196,CUST-001866,2026-06-16,31.53,payment,success,Electronic check
12197,CUST-001866,2026-07-16,31.53,payment,success,Electronic check
12198,CUST-001866,2026-08-16,31.53,payment,success,Electronic check
12199,CUST-001867,2026-03-16,49.34,payment,success,Bank transfer
12200,CUST-001867,2026-04-16,49.34,payment,success,Bank transfer
12201,CUST-001867,2026-05-16,49.34,payment,success,Bank transfer
12202,CUST-001867,2026-06-16,49.34,payment,success,Bank transfer
12203,CUST-001867,2026-07-16,49.34,payment,success,Bank transfer
12204,CUST-001867,2026-08-16,49.34,payment,success,Bank transfer
12205,CUST-001868,2026-03-16,43.79,failed_payment,failed,Credit card
12206,CUST-001868,2026-03-19,43.79,payment,success,Credit card
12207,CUST-001868,2026-04-16,43.79,payment,success,Credit card
12208,CUST-001868,2026-05-16,43.79,payment,success,Credit card
12209,CUST-001868,2026-06-16,43.79,payment,success,Credit card
12210,CUST-001868,2026-07-16,43.79,payment,success,Credit card
12211,CUST-001868,2026-08-16,43.79,payment,success,Credit card
12212,CUST-001869,2026-03-16,64.25,payment,success,Credit card
12213,CUST-001869,2026-04-16,64.25,payment,success,Credit card
12214,CUST-001869,2026-05-16,64.25,payment,success,Credit card
12215,CUST-001869,2026-06-16,64.25,payment,success,Credit card
12216,CUST-001869,2026-07-16,64.25,payment,success,Credit card
12217,CUST-001869,2026-08-16,64.25,payment,success,Credit card
12218,CUST-001870,2026-03-16,83.53,payment,success,Bank transfer
12219,CUST-001870,2026-04-16,83.53,payment,success,Bank transfer
12220,CUST-001870,2026-05-16,83.53,payment,success,Bank transfer
12221,CUST-001870,2026-06-16,83.53,payment,success,Bank transfer
12222,CUST-001870,2026-07-16,83.53,payment,success,Bank transfer
12223,CUST-001870,2026-08-16,83.53,payment,success,Bank transfer
12224,CUST-001871,2026-03-16,63.34,failed_payment,failed,Credit card
12225,CUST-001871,2026-03-19,63.34,payment,success,Credit card
12226,CUST-001871,2026-04-16,63.34,payment,success,Credit card
12227,CUST-001871,2026-05-16,63.34,payment,success,Credit card
12228,CUST-001871,2026-06-16,63.34,payment,success,Credit card
12229,CUST-001871,2026-07-16,63.34,payment,success,Credit card
12230,CUST-001871,2026-08-16,63.34,payment,success,Credit card
12231,CUST-001872,2026-03-16,44.45,failed_payment,failed,Credit card
12232,CUST-001872,2026-03-19,44.45,payment,success,Credit card
12233,CUST-001872,2026-04-16,44.45,failed_payment,failed,Credit card
12234,CUST-001872,2026-04-19,44.45,payment,success,Credit card
12235,CUST-001872,2026-05-16,44.45,payment,success,Credit card
12236,CUST-001872,2026-06-16,44.45,payment,success,Credit card
12237,CUST-001872,2026-07-16,44.45,payment,success,Credit card
12238,CUST-001872,2026-08-16,44.45,failed_payment,failed,Credit card
12239,CUST-001872,2026-08-19,44.45,payment,success,Credit card
12240,CUST-001873,2026-03-16,89.59,payment,success,Bank transfer
12241,CUST-001873,2026-04-16,89.59,failed_payment,failed,Bank transfer
12242,CUST-001873,2026-05-16,89.59,payment,success,Bank transfer
12243,CUST-001873,2026-06-16,89.59,payment,success,Bank transfer
12244,CUST-001873,2026-07-16,89.59,payment,success,Bank transfer
12245,CUST-001873,2026-08-16,89.59,payment,success,Bank transfer
12246,CUST-001874,2026-03-16,78.45,payment,success,Mailed check
12247,CUST-001874,2026-04-16,78.45,payment,success,Mailed check
12248,CUST-001874,2026-05-16,78.45,payment,success,Mailed check
12249,CUST-001874,2026-06-16,78.45,payment,success,Mailed check
12250,CUST-001874,2026-07-16,78.45,payment,success,Mailed check
12251,CUST-001874,2026-08-16,78.45,payment,success,Mailed check
12252,CUST-001875,2026-03-16,71.93,payment,success,Bank transfer
12253,CUST-001875,2026-04-16,71.93,payment,success,Bank transfer
12254,CUST-001875,2026-05-16,71.93,payment,success,Bank transfer
12255,CUST-001875,2026-06-16,71.93,payment,success,Bank transfer
12256,CUST-001875,2026-07-16,71.93,payment,success,Bank transfer
12257,CUST-001875,2026-08-16,71.93,payment,success,Bank transfer
12258,CUST-001876,2026-03-16,75.44,payment,success,Credit card
12259,CUST-001876,2026-04-16,75.44,payment,success,Credit card
12260,CUST-001876,2026-05-16,75.44,payment,success,Credit card
12261,CUST-001876,2026-06-16,75.44,payment,success,Credit card
12262,CUST-001876,2026-07-16,75.44,payment,success,Credit card
12263,CUST-001876,2026-08-16,75.44,payment,success,Credit card
12264,CUST-001877,2026-03-16,42.19,payment,success,Bank transfer
12265,CUST-001877,2026-04-16,42.19,payment,success,Bank transfer
12266,CUST-001877,2026-05-16,42.19,payment,success,Bank transfer
12267,CUST-001877,2026-06-16,42.19,payment,success,Bank transfer
12268,CUST-001877,2026-07-16,42.19,payment,success,Bank transfer
12269,CUST-001877,2026-08-16,42.19,payment,success,Bank transfer
12270,CUST-001878,2026-03-16,88.04,payment,success,Mailed check
12271,CUST-001878,2026-04-16,88.04,failed_payment,failed,Mailed check
12272,CUST-001878,2026-04-19,88.04,payment,success,Mailed check
12273,CUST-001878,2026-05-16,88.04,payment,success,Mailed check
12274,CUST-001878,2026-06-16,88.04,payment,success,Mailed check
12275,CUST-001878,2026-07-16,88.04,failed_payment,failed,Mailed check
12276,CUST-001878,2026-07-19,88.04,payment,success,Mailed check
12277,CUST-001878,2026-08-16,88.04,payment,success,Mailed check
12278,CUST-001879,2026-03-16,58.75,payment,success,Electronic check
12279,CUST-001879,2026-04-16,58.75,payment,success,Electronic check
12280,CUST-001879,2026-05-16,58.75,payment,success,Electronic check
12281,CUST-001879,2026-06-16,58.75,payment,success,Electronic check
12282,CUST-001879,2026-07-16,58.75,payment,success,Electronic check
12283,CUST-001879,2026-08-16,58.75,payment,success,Electronic check
12284,CUST-001880,2026-03-16,56.35,payment,success,Electronic check
12285,CUST-001880,2026-04-16,56.35,payment,success,Electronic check
12286,CUST-001880,2026-05-16,56.35,payment,success,Electronic check
12287,CUST-001880,2026-06-16,56.35,payment,success,Electronic check
12288,CUST-001880,2026-07-16,56.35,failed_payment,failed,Electronic check
12289,CUST-001880,2026-07-19,56.35,payment,success,Electronic check
12290,CUST-001880,2026-08-16,56.35,payment,success,Electronic check
12291,CUST-001881,2026-03-16,34.97,failed_payment,failed,Mailed check
12292,CUST-001881,2026-03-19,34.97,payment,success,Mailed check
12293,CUST-001881,2026-04-16,34.97,failed_payment,failed,Mailed check
12294,CUST-001881,2026-05-16,34.97,failed_payment,failed,Mailed check
12295,CUST-001881,2026-06-16,34.97,payment,success,Mailed check
12296,CUST-001881,2026-07-16,34.97,payment,success,Mailed check
12297,CUST-001881,2026-08-16,34.97,failed_payment,failed,Mailed check
12298,CUST-001881,2026-08-19,34.97,payment,success,Mailed check
12299,CUST-001882,2026-03-16,79.68,payment,success,Credit card
12300,CUST-001882,2026-04-16,79.68,payment,success,Credit card
12301,CUST-001882,2026-05-16,79.68,payment,success,Credit card
12302,CUST-001882,2026-06-16,79.68,payment,success,Credit card
12303,CUST-001882,2026-07-16,79.68,payment,success,Credit card
12304,CUST-001882,2026-08-16,79.68,payment,success,Credit card
12305,CUST-001883,2026-03-16,80.27,payment,success,Bank transfer
12306,CUST-001883,2026-04-16,80.27,failed_payment,failed,Bank transfer
12307,CUST-001883,2026-05-16,80.27,payment,success,Bank transfer
12308,CUST-001883,2026-06-16,80.27,payment,success,Bank transfer
12309,CUST-001883,2026-07-16,80.27,payment,success,Bank transfer
12310,CUST-001883,2026-08-16,80.27,payment,success,Bank transfer
12311,CUST-001884,2026-03-16,54.03,payment,success,Electronic check
12312,CUST-001884,2026-04-16,54.03,payment,success,Electronic check
12313,CUST-001884,2026-05-16,54.03,payment,success,Electronic check
12314,CUST-001884,2026-06-16,54.03,payment,success,Electronic check
12315,CUST-001884,2026-07-16,54.03,payment,success,Electronic check
12316,CUST-001884,2026-08-16,54.03,payment,success,Electronic check
12317,CUST-001885,2026-03-16,105.99,payment,success,Credit card
12318,CUST-001885,2026-04-16,105.99,payment,success,Credit card
12319,CUST-001885,2026-05-16,105.99,failed_payment,failed,Credit card
12320,CUST-001885,2026-05-19,105.99,payment,success,Credit card
12321,CUST-001885,2026-06-16,105.99,failed_payment,failed,Credit card
12322,CUST-001885,2026-06-19,105.99,payment,success,Credit card
12323,CUST-001885,2026-07-16,105.99,payment,success,Credit card
12324,CUST-001885,2026-08-16,105.99,failed_payment,failed,Credit card
12325,CUST-001885,2026-08-19,105.99,payment,success,Credit card
12326,CUST-001886,2026-03-16,104.55,payment,success,Mailed check
12327,CUST-001886,2026-04-16,104.55,payment,success,Mailed check
12328,CUST-001886,2026-05-16,104.55,payment,success,Mailed check
12329,CUST-001886,2026-06-16,104.55,payment,success,Mailed check
12330,CUST-001886,2026-07-16,104.55,payment,success,Mailed check
12331,CUST-001886,2026-08-16,104.55,payment,success,Mailed check
12332,CUST-001887,2026-03-16,30.91,payment,success,Mailed check
12333,CUST-001887,2026-04-16,30.91,payment,success,Mailed check
12334,CUST-001887,2026-05-16,30.91,payment,success,Mailed check
12335,CUST-001887,2026-06-16,30.91,payment,success,Mailed check
12336,CUST-001887,2026-07-16,30.91,payment,success,Mailed check
12337,CUST-001887,2026-08-16,30.91,payment,success,Mailed check
12338,CUST-001888,2026-03-16,89.5,payment,success,Credit card
12339,CUST-001888,2026-04-16,89.5,payment,success,Credit card
12340,CUST-001888,2026-05-16,89.5,failed_payment,failed,Credit card
12341,CUST-001888,2026-05-19,89.5,payment,success,Credit card
12342,CUST-001888,2026-06-16,89.5,failed_payment,failed,Credit card
12343,CUST-001888,2026-06-19,89.5,payment,success,Credit card
12344,CUST-001888,2026-07-16,89.5,payment,success,Credit card
12345,CUST-001888,2026-08-16,89.5,failed_payment,failed,Credit card
12346,CUST-001888,2026-08-19,89.5,payment,success,Credit card
12347,CUST-001889,2026-03-16,59.38,payment,success,Mailed check
12348,CUST-001889,2026-04-16,59.38,payment,success,Mailed check
12349,CUST-001889,2026-05-16,59.38,payment,success,Mailed check
12350,CUST-001889,2026-06-16,59.38,payment,success,Mailed check
12351,CUST-001889,2026-07-16,59.38,payment,success,Mailed check
12352,CUST-001889,2026-08-16,59.38,payment,success,Mailed check
12353,CUST-001890,2026-03-16,119.97,payment,success,Bank transfer
12354,CUST-001890,2026-04-16,119.97,failed_payment,failed,Bank transfer
12355,CUST-001890,2026-04-19,119.97,payment,success,Bank transfer
12356,CUST-001890,2026-05-16,119.97,failed_payment,failed,Bank transfer
12357,CUST-001890,2026-06-16,119.97,payment,success,Bank transfer
12358,CUST-001890,2026-07-16,119.97,payment,success,Bank transfer
12359,CUST-001890,2026-08-16,119.97,failed_payment,failed,Bank transfer
12360,CUST-001890,2026-08-19,119.97,payment,success,Bank transfer
12361,CUST-001891,2026-03-16,42.5,payment,success,Credit card
12362,CUST-001891,2026-04-16,42.5,payment,success,Credit card
12363,CUST-001891,2026-05-16,42.5,failed_payment,failed,Credit card
12364,CUST-001891,2026-06-16,42.5,payment,success,Credit card
12365,CUST-001891,2026-07-16,42.5,payment,success,Credit card
12366,CUST-001891,2026-08-16,42.5,payment,success,Credit card
12367,CUST-001892,2026-03-16,48.05,payment,success,Bank transfer
12368,CUST-001892,2026-04-16,48.05,payment,success,Bank transfer
12369,CUST-001892,2026-05-16,48.05,payment,success,Bank transfer
12370,CUST-001892,2026-06-16,48.05,payment,success,Bank transfer
12371,CUST-001892,2026-07-16,48.05,payment,success,Bank transfer
12372,CUST-001892,2026-08-16,48.05,payment,success,Bank transfer
12373,CUST-001893,2026-03-16,64.21,payment,success,Bank transfer
12374,CUST-001893,2026-04-16,64.21,payment,success,Bank transfer
12375,CUST-001893,2026-05-16,64.21,payment,success,Bank transfer
12376,CUST-001893,2026-06-16,64.21,payment,success,Bank transfer
12377,CUST-001893,2026-07-16,64.21,payment,success,Bank transfer
12378,CUST-001893,2026-08-16,64.21,payment,success,Bank transfer
12379,CUST-001894,2026-03-16,46.87,payment,success,Mailed check
12380,CUST-001894,2026-04-16,46.87,payment,success,Mailed check
12381,CUST-001894,2026-05-16,46.87,payment,success,Mailed check
12382,CUST-001894,2026-06-16,46.87,payment,success,Mailed check
12383,CUST-001894,2026-07-16,46.87,payment,success,Mailed check
12384,CUST-001894,2026-08-16,46.87,payment,success,Mailed check
12385,CUST-001895,2026-03-16,89.2,payment,success,Credit card
12386,CUST-001895,2026-04-16,89.2,payment,success,Credit card
12387,CUST-001895,2026-05-16,89.2,payment,success,Credit card
12388,CUST-001895,2026-06-16,89.2,payment,success,Credit card
12389,CUST-001895,2026-07-16,89.2,payment,success,Credit card
12390,CUST-001895,2026-08-16,89.2,payment,success,Credit card
12391,CUST-001896,2026-03-16,68.09,payment,success,Electronic check
12392,CUST-001896,2026-04-16,68.09,payment,success,Electronic check
12393,CUST-001896,2026-05-16,68.09,payment,success,Electronic check
12394,CUST-001896,2026-06-16,68.09,payment,success,Electronic check
12395,CUST-001896,2026-07-16,68.09,payment,success,Electronic check
12396,CUST-001896,2026-08-16,68.09,payment,success,Electronic check
12397,CUST-001897,2026-03-16,42.09,payment,success,Mailed check
12398,CUST-001897,2026-04-16,42.09,payment,success,Mailed check
12399,CUST-001897,2026-05-16,42.09,payment,success,Mailed check
12400,CUST-001897,2026-06-16,42.09,payment,success,Mailed check
12401,CUST-001897,2026-07-16,42.09,payment,success,Mailed check
12402,CUST-001897,2026-08-16,42.09,payment,success,Mailed check
12403,CUST-001898,2026-03-16,70.64,payment,success,Credit card
12404,CUST-001898,2026-04-16,70.64,payment,success,Credit card
12405,CUST-001898,2026-05-16,70.64,payment,success,Credit card
12406,CUST-001898,2026-06-16,70.64,payment,success,Credit card
12407,CUST-001898,2026-07-16,70.64,payment,success,Credit card
12408,CUST-001898,2026-08-16,70.64,payment,success,Credit card
12409,CUST-001899,2026-03-16,108.88,payment,success,Mailed check
12410,CUST-001899,2026-04-16,108.88,payment,success,Mailed check
12411,CUST-001899,2026-05-16,108.88,payment,success,Mailed check
12412,CUST-001899,2026-06-16,108.88,payment,success,Mailed check
12413,CUST-001899,2026-07-16,108.88,payment,success,Mailed check
12414,CUST-001899,2026-08-16,108.88,payment,success,Mailed check
12415,CUST-001900,2026-03-16,99.24,payment,success,Electronic check
12416,CUST-001900,2026-04-16,99.24,payment,success,Electronic check
12417,CUST-001900,2026-05-16,99.24,payment,success,Electronic check
12418,CUST-001900,2026-06-16,99.24,payment,success,Electronic check
12419,CUST-001900,2026-07-16,99.24,payment,success,Electronic check
12420,CUST-001900,2026-08-16,99.24,payment,success,Electronic check
12421,CUST-001901,2026-03-16,69.88,payment,success,Mailed check
12422,CUST-001901,2026-04-16,69.88,payment,success,Mailed check
12423,CUST-001901,2026-05-16,69.88,payment,success,Mailed check
12424,CUST-001901,2026-06-16,69.88,payment,success,Mailed check
12425,CUST-001901,2026-07-16,69.88,payment,success,Mailed check
12426,CUST-001901,2026-08-16,69.88,payment,success,Mailed check
12427,CUST-001902,2026-03-16,48.85,payment,success,Mailed check
12428,CUST-001902,2026-04-16,48.85,failed_payment,failed,Mailed check
12429,CUST-001902,2026-04-19,48.85,payment,success,Mailed check
12430,CUST-001902,2026-05-16,48.85,payment,success,Mailed check
12431,CUST-001902,2026-06-16,48.85,payment,success,Mailed check
12432,CUST-001902,2026-07-16,48.85,failed_payment,failed,Mailed check
12433,CUST-001902,2026-07-19,48.85,payment,success,Mailed check
12434,CUST-001902,2026-08-16,48.85,failed_payment,failed,Mailed check
12435,CUST-001902,2026-08-19,48.85,payment,success,Mailed check
12436,CUST-001903,2026-03-16,37.99,payment,success,Bank transfer
12437,CUST-001903,2026-04-16,37.99,payment,success,Bank transfer
12438,CUST-001903,2026-05-16,37.99,payment,success,Bank transfer
12439,CUST-001903,2026-06-16,37.99,payment,success,Bank transfer
12440,CUST-001903,2026-07-16,37.99,payment,success,Bank transfer
12441,CUST-001903,2026-08-16,37.99,payment,success,Bank transfer
12442,CUST-001904,2026-03-16,107.84,payment,success,Electronic check
12443,CUST-001904,2026-04-16,107.84,payment,success,Electronic check
12444,CUST-001904,2026-05-16,107.84,payment,success,Electronic check
12445,CUST-001904,2026-06-16,107.84,payment,success,Electronic check
12446,CUST-001904,2026-07-16,107.84,payment,success,Electronic check
12447,CUST-001904,2026-08-16,107.84,payment,success,Electronic check
12448,CUST-001905,2026-03-16,91.02,failed_payment,failed,Mailed check
12449,CUST-001905,2026-04-16,91.02,payment,success,Mailed check
12450,CUST-001905,2026-05-16,91.02,payment,success,Mailed check
12451,CUST-001905,2026-06-16,91.02,payment,success,Mailed check
12452,CUST-001905,2026-07-16,91.02,payment,success,Mailed check
12453,CUST-001905,2026-08-16,91.02,payment,success,Mailed check
12454,CUST-001906,2026-03-16,77.22,failed_payment,failed,Credit card
12455,CUST-001906,2026-04-16,77.22,payment,success,Credit card
12456,CUST-001906,2026-05-16,77.22,payment,success,Credit card
12457,CUST-001906,2026-06-16,77.22,payment,success,Credit card
12458,CUST-001906,2026-07-16,77.22,failed_payment,failed,Credit card
12459,CUST-001906,2026-07-19,77.22,payment,success,Credit card
12460,CUST-001906,2026-08-16,77.22,payment,success,Credit card
12461,CUST-001907,2026-03-16,107.94,payment,success,Electronic check
12462,CUST-001907,2026-04-16,107.94,payment,success,Electronic check
12463,CUST-001907,2026-05-16,107.94,payment,success,Electronic check
12464,CUST-001907,2026-06-16,107.94,payment,success,Electronic check
12465,CUST-001907,2026-07-16,107.94,payment,success,Electronic check
12466,CUST-001907,2026-08-16,107.94,payment,success,Electronic check
12467,CUST-001908,2026-03-16,32.17,payment,success,Credit card
12468,CUST-001908,2026-04-16,32.17,payment,success,Credit card
12469,CUST-001908,2026-05-16,32.17,payment,success,Credit card
12470,CUST-001908,2026-06-16,32.17,payment,success,Credit card
12471,CUST-001908,2026-07-16,32.17,payment,success,Credit card
12472,CUST-001908,2026-08-16,32.17,payment,success,Credit card
12473,CUST-001909,2026-03-16,88.25,payment,success,Electronic check
12474,CUST-001909,2026-04-16,88.25,failed_payment,failed,Electronic check
12475,CUST-001909,2026-05-16,88.25,payment,success,Electronic check
12476,CUST-001909,2026-06-16,88.25,payment,success,Electronic check
12477,CUST-001909,2026-07-16,88.25,payment,success,Electronic check
12478,CUST-001909,2026-08-16,88.25,payment,success,Electronic check
12479,CUST-001910,2026-03-16,41.67,payment,success,Mailed check
12480,CUST-001910,2026-04-16,41.67,payment,success,Mailed check
12481,CUST-001910,2026-05-16,41.67,payment,success,Mailed check
12482,CUST-001910,2026-06-16,41.67,payment,success,Mailed check
12483,CUST-001910,2026-07-16,41.67,payment,success,Mailed check
12484,CUST-001910,2026-08-16,41.67,payment,success,Mailed check
12485,CUST-001911,2026-03-16,32.06,payment,success,Bank transfer
12486,CUST-001911,2026-04-16,32.06,payment,success,Bank transfer
12487,CUST-001911,2026-05-16,32.06,failed_payment,failed,Bank transfer
12488,CUST-001911,2026-05-19,32.06,payment,success,Bank transfer
12489,CUST-001911,2026-06-16,32.06,payment,success,Bank transfer
12490,CUST-001911,2026-07-16,32.06,payment,success,Bank transfer
12491,CUST-001911,2026-08-16,32.06,payment,success,Bank transfer
12492,CUST-001912,2026-03-16,66.56,failed_payment,failed,Credit card
12493,CUST-001912,2026-04-16,66.56,failed_payment,failed,Credit card
12494,CUST-001912,2026-04-19,66.56,payment,success,Credit card
12495,CUST-001912,2026-05-16,66.56,failed_payment,failed,Credit card
12496,CUST-001912,2026-05-19,66.56,payment,success,Credit card
12497,CUST-001912,2026-06-16,66.56,payment,success,Credit card
12498,CUST-001912,2026-07-16,66.56,payment,success,Credit card
12499,CUST-001912,2026-08-16,66.56,failed_payment,failed,Credit card
12500,CUST-001912,2026-08-19,66.56,payment,success,Credit card
12501,CUST-001913,2026-03-16,58.74,payment,success,Mailed check
12502,CUST-001913,2026-04-16,58.74,payment,success,Mailed check
12503,CUST-001913,2026-05-16,58.74,payment,success,Mailed check
12504,CUST-001913,2026-06-16,58.74,failed_payment,failed,Mailed check
12505,CUST-001913,2026-06-19,58.74,payment,success,Mailed check
12506,CUST-001913,2026-07-16,58.74,payment,success,Mailed check
12507,CUST-001913,2026-08-16,58.74,payment,success,Mailed check
12508,CUST-001914,2026-03-16,114.12,failed_payment,failed,Electronic check
12509,CUST-001914,2026-03-19,114.12,payment,success,Electronic check
12510,CUST-001914,2026-04-16,114.12,payment,success,Electronic check
12511,CUST-001914,2026-05-16,114.12,payment,success,Electronic check
12512,CUST-001914,2026-06-16,114.12,payment,success,Electronic check
12513,CUST-001914,2026-07-16,114.12,payment,success,Electronic check
12514,CUST-001914,2026-08-16,114.12,failed_payment,failed,Electronic check
12515,CUST-001915,2026-03-16,52.4,payment,success,Credit card
12516,CUST-001915,2026-04-16,52.4,payment,success,Credit card
12517,CUST-001915,2026-05-16,52.4,payment,success,Credit card
12518,CUST-001915,2026-06-16,52.4,payment,success,Credit card
12519,CUST-001915,2026-07-16,52.4,payment,success,Credit card
12520,CUST-001915,2026-08-16,52.4,payment,success,Credit card
12521,CUST-001916,2026-03-16,101.49,payment,success,Credit card
12522,CUST-001916,2026-04-16,101.49,payment,success,Credit card
12523,CUST-001916,2026-05-16,101.49,failed_payment,failed,Credit card
12524,CUST-001916,2026-06-16,101.49,payment,success,Credit card
12525,CUST-001916,2026-07-16,101.49,failed_payment,failed,Credit card
12526,CUST-001916,2026-08-16,101.49,payment,success,Credit card
12527,CUST-001917,2026-03-16,94.88,payment,success,Bank transfer
12528,CUST-001917,2026-04-16,94.88,payment,success,Bank transfer
12529,CUST-001917,2026-05-16,94.88,payment,success,Bank transfer
12530,CUST-001917,2026-06-16,94.88,payment,success,Bank transfer
12531,CUST-001917,2026-07-16,94.88,payment,success,Bank transfer
12532,CUST-001917,2026-08-16,94.88,payment,success,Bank transfer
12533,CUST-001918,2026-03-16,86.79,payment,success,Electronic check
12534,CUST-001918,2026-04-16,86.79,payment,success,Electronic check
12535,CUST-001918,2026-05-16,86.79,payment,success,Electronic check
12536,CUST-001918,2026-06-16,86.79,payment,success,Electronic check
12537,CUST-001918,2026-07-16,86.79,payment,success,Electronic check
12538,CUST-001918,2026-08-16,86.79,payment,success,Electronic check
12539,CUST-001919,2026-03-16,112.04,payment,success,Bank transfer
12540,CUST-001919,2026-04-16,112.04,payment,success,Bank transfer
12541,CUST-001919,2026-05-16,112.04,payment,success,Bank transfer
12542,CUST-001919,2026-06-16,112.04,payment,success,Bank transfer
12543,CUST-001919,2026-07-16,112.04,payment,success,Bank transfer
12544,CUST-001919,2026-08-16,112.04,payment,success,Bank transfer
12545,CUST-001920,2026-03-16,60.79,payment,success,Mailed check
12546,CUST-001920,2026-04-16,60.79,payment,success,Mailed check
12547,CUST-001920,2026-05-16,60.79,payment,success,Mailed check
12548,CUST-001920,2026-06-16,60.79,payment,success,Mailed check
12549,CUST-001920,2026-07-16,60.79,payment,success,Mailed check
12550,CUST-001920,2026-08-16,60.79,payment,success,Mailed check
12551,CUST-001921,2026-03-16,58.97,payment,success,Mailed check
12552,CUST-001921,2026-04-16,58.97,payment,success,Mailed check
12553,CUST-001921,2026-05-16,58.97,failed_payment,failed,Mailed check
12554,CUST-001921,2026-05-19,58.97,payment,success,Mailed check
12555,CUST-001921,2026-06-16,58.97,payment,success,Mailed check
12556,CUST-001921,2026-07-16,58.97,failed_payment,failed,Mailed check
12557,CUST-001921,2026-08-16,58.97,payment,success,Mailed check
12558,CUST-001922,2026-03-16,36.09,payment,success,Electronic check
12559,CUST-001922,2026-04-16,36.09,payment,success,Electronic check
12560,CUST-001922,2026-05-16,36.09,payment,success,Electronic check
12561,CUST-001922,2026-06-16,36.09,payment,success,Electronic check
12562,CUST-001922,2026-07-16,36.09,payment,success,Electronic check
12563,CUST-001922,2026-08-16,36.09,payment,success,Electronic check
12564,CUST-001923,2026-03-16,47.58,payment,success,Mailed check
12565,CUST-001923,2026-04-16,47.58,failed_payment,failed,Mailed check
12566,CUST-001923,2026-05-16,47.58,payment,success,Mailed check
12567,CUST-001923,2026-06-16,47.58,payment,success,Mailed check
12568,CUST-001923,2026-07-16,47.58,failed_payment,failed,Mailed check
12569,CUST-001923,2026-07-19,47.58,payment,success,Mailed check
12570,CUST-001923,2026-08-16,47.58,payment,success,Mailed check
12571,CUST-001924,2026-03-16,107.98,payment,success,Credit card
12572,CUST-001924,2026-04-16,107.98,payment,success,Credit card
12573,CUST-001924,2026-05-16,107.98,payment,success,Credit card
12574,CUST-001924,2026-06-16,107.98,payment,success,Credit card
12575,CUST-001924,2026-07-16,107.98,payment,success,Credit card
12576,CUST-001924,2026-08-16,107.98,payment,success,Credit card
12577,CUST-001925,2026-03-16,67.44,payment,success,Electronic check
12578,CUST-001925,2026-04-16,67.44,payment,success,Electronic check
12579,CUST-001925,2026-05-16,67.44,payment,success,Electronic check
12580,CUST-001925,2026-06-16,67.44,payment,success,Electronic check
12581,CUST-001925,2026-07-16,67.44,failed_payment,failed,Electronic check
12582,CUST-001925,2026-08-16,67.44,payment,success,Electronic check
12583,CUST-001926,2026-03-16,54.14,payment,success,Credit card
12584,CUST-001926,2026-04-16,54.14,payment,success,Credit card
12585,CUST-001926,2026-05-16,54.14,failed_payment,failed,Credit card
12586,CUST-001926,2026-05-19,54.14,payment,success,Credit card
12587,CUST-001926,2026-06-16,54.14,payment,success,Credit card
12588,CUST-001926,2026-07-16,54.14,failed_payment,failed,Credit card
12589,CUST-001926,2026-07-19,54.14,payment,success,Credit card
12590,CUST-001926,2026-08-16,54.14,failed_payment,failed,Credit card
12591,CUST-001926,2026-08-19,54.14,payment,success,Credit card
12592,CUST-001927,2026-03-16,41.61,payment,success,Bank transfer
12593,CUST-001927,2026-04-16,41.61,payment,success,Bank transfer
12594,CUST-001927,2026-05-16,41.61,payment,success,Bank transfer
12595,CUST-001927,2026-06-16,41.61,payment,success,Bank transfer
12596,CUST-001927,2026-07-16,41.61,payment,success,Bank transfer
12597,CUST-001927,2026-08-16,41.61,payment,success,Bank transfer
12598,CUST-001928,2026-03-16,68.5,payment,success,Bank transfer
12599,CUST-001928,2026-04-16,68.5,payment,success,Bank transfer
12600,CUST-001928,2026-05-16,68.5,payment,success,Bank transfer
12601,CUST-001928,2026-06-16,68.5,payment,success,Bank transfer
12602,CUST-001928,2026-07-16,68.5,payment,success,Bank transfer
12603,CUST-001928,2026-08-16,68.5,payment,success,Bank transfer
12604,CUST-001929,2026-03-16,91.67,payment,success,Credit card
12605,CUST-001929,2026-04-16,91.67,payment,success,Credit card
12606,CUST-001929,2026-05-16,91.67,payment,success,Credit card
12607,CUST-001929,2026-06-16,91.67,payment,success,Credit card
12608,CUST-001929,2026-07-16,91.67,payment,success,Credit card
12609,CUST-001929,2026-08-16,91.67,failed_payment,failed,Credit card
12610,CUST-001929,2026-08-19,91.67,payment,success,Credit card
12611,CUST-001930,2026-03-16,48.67,payment,success,Electronic check
12612,CUST-001930,2026-04-16,48.67,failed_payment,failed,Electronic check
12613,CUST-001930,2026-05-16,48.67,failed_payment,failed,Electronic check
12614,CUST-001930,2026-05-19,48.67,payment,success,Electronic check
12615,CUST-001930,2026-06-16,48.67,failed_payment,failed,Electronic check
12616,CUST-001930,2026-06-19,48.67,payment,success,Electronic check
12617,CUST-001930,2026-07-16,48.67,failed_payment,failed,Electronic check
12618,CUST-001930,2026-08-16,48.67,payment,success,Electronic check
12619,CUST-001931,2026-03-16,95.77,failed_payment,failed,Credit card
12620,CUST-001931,2026-03-19,95.77,payment,success,Credit card
12621,CUST-001931,2026-04-16,95.77,payment,success,Credit card
12622,CUST-001931,2026-05-16,95.77,payment,success,Credit card
12623,CUST-001931,2026-06-16,95.77,payment,success,Credit card
12624,CUST-001931,2026-07-16,95.77,payment,success,Credit card
12625,CUST-001931,2026-08-16,95.77,payment,success,Credit card
12626,CUST-001932,2026-03-16,82.98,payment,success,Mailed check
12627,CUST-001932,2026-04-16,82.98,payment,success,Mailed check
12628,CUST-001932,2026-05-16,82.98,payment,success,Mailed check
12629,CUST-001932,2026-06-16,82.98,payment,success,Mailed check
12630,CUST-001932,2026-07-16,82.98,payment,success,Mailed check
12631,CUST-001932,2026-08-16,82.98,payment,success,Mailed check
12632,CUST-001933,2026-03-16,98.76,payment,success,Mailed check
12633,CUST-001933,2026-04-16,98.76,failed_payment,failed,Mailed check
12634,CUST-001933,2026-04-19,98.76,payment,success,Mailed check
12635,CUST-001933,2026-05-16,98.76,payment,success,Mailed check
12636,CUST-001933,2026-06-16,98.76,payment,success,Mailed check
12637,CUST-001933,2026-07-16,98.76,payment,success,Mailed check
12638,CUST-001933,2026-08-16,98.76,payment,success,Mailed check
12639,CUST-001934,2026-03-16,45.09,payment,success,Mailed check
12640,CUST-001934,2026-04-16,45.09,payment,success,Mailed check
12641,CUST-001934,2026-05-16,45.09,payment,success,Mailed check
12642,CUST-001934,2026-06-16,45.09,payment,success,Mailed check
12643,CUST-001934,2026-07-16,45.09,payment,success,Mailed check
12644,CUST-001934,2026-08-16,45.09,payment,success,Mailed check
12645,CUST-001935,2026-03-16,83.1,payment,success,Bank transfer
12646,CUST-001935,2026-04-16,83.1,payment,success,Bank transfer
12647,CUST-001935,2026-05-16,83.1,payment,success,Bank transfer
12648,CUST-001935,2026-06-16,83.1,payment,success,Bank transfer
12649,CUST-001935,2026-07-16,83.1,payment,success,Bank transfer
12650,CUST-001935,2026-08-16,83.1,payment,success,Bank transfer
12651,CUST-001936,2026-03-16,35.37,payment,success,Mailed check
12652,CUST-001936,2026-04-16,35.37,payment,success,Mailed check
12653,CUST-001936,2026-05-16,35.37,failed_payment,failed,Mailed check
12654,CUST-001936,2026-05-19,35.37,payment,success,Mailed check
12655,CUST-001936,2026-06-16,35.37,failed_payment,failed,Mailed check
12656,CUST-001936,2026-06-19,35.37,payment,success,Mailed check
12657,CUST-001936,2026-07-16,35.37,failed_payment,failed,Mailed check
12658,CUST-001936,2026-07-19,35.37,payment,success,Mailed check
12659,CUST-001936,2026-08-16,35.37,payment,success,Mailed check
12660,CUST-001937,2026-03-16,56.38,failed_payment,failed,Credit card
12661,CUST-001937,2026-03-19,56.38,payment,success,Credit card
12662,CUST-001937,2026-04-16,56.38,payment,success,Credit card
12663,CUST-001937,2026-05-16,56.38,payment,success,Credit card
12664,CUST-001937,2026-06-16,56.38,payment,success,Credit card
12665,CUST-001937,2026-07-16,56.38,payment,success,Credit card
12666,CUST-001937,2026-08-16,56.38,failed_payment,failed,Credit card
12667,CUST-001938,2026-03-16,92.44,payment,success,Electronic check
12668,CUST-001938,2026-04-16,92.44,payment,success,Electronic check
12669,CUST-001938,2026-05-16,92.44,payment,success,Electronic check
12670,CUST-001938,2026-06-16,92.44,payment,success,Electronic check
12671,CUST-001938,2026-07-16,92.44,payment,success,Electronic check
12672,CUST-001938,2026-08-16,92.44,payment,success,Electronic check
12673,CUST-001939,2026-03-16,83.17,payment,success,Bank transfer
12674,CUST-001939,2026-04-16,83.17,payment,success,Bank transfer
12675,CUST-001939,2026-05-16,83.17,payment,success,Bank transfer
12676,CUST-001939,2026-06-16,83.17,payment,success,Bank transfer
12677,CUST-001939,2026-07-16,83.17,payment,success,Bank transfer
12678,CUST-001939,2026-08-16,83.17,payment,success,Bank transfer
12679,CUST-001940,2026-03-16,38.79,failed_payment,failed,Bank transfer
12680,CUST-001940,2026-03-19,38.79,payment,success,Bank transfer
12681,CUST-001940,2026-04-16,38.79,failed_payment,failed,Bank transfer
12682,CUST-001940,2026-05-16,38.79,failed_payment,failed,Bank transfer
12683,CUST-001940,2026-05-19,38.79,payment,success,Bank transfer
12684,CUST-001940,2026-06-16,38.79,payment,success,Bank transfer
12685,CUST-001940,2026-07-16,38.79,payment,success,Bank transfer
12686,CUST-001940,2026-08-16,38.79,failed_payment,failed,Bank transfer
12687,CUST-001941,2026-03-16,105.83,payment,success,Bank transfer
12688,CUST-001941,2026-04-16,105.83,payment,success,Bank transfer
12689,CUST-001941,2026-05-16,105.83,payment,success,Bank transfer
12690,CUST-001941,2026-06-16,105.83,payment,success,Bank transfer
12691,CUST-001941,2026-07-16,105.83,payment,success,Bank transfer
12692,CUST-001941,2026-08-16,105.83,failed_payment,failed,Bank transfer
12693,CUST-001942,2026-03-16,25.34,failed_payment,failed,Bank transfer
12694,CUST-001942,2026-03-19,25.34,payment,success,Bank transfer
12695,CUST-001942,2026-04-16,25.34,payment,success,Bank transfer
12696,CUST-001942,2026-05-16,25.34,payment,success,Bank transfer
12697,CUST-001942,2026-06-16,25.34,payment,success,Bank transfer
12698,CUST-001942,2026-07-16,25.34,payment,success,Bank transfer
12699,CUST-001942,2026-08-16,25.34,payment,success,Bank transfer
12700,CUST-001943,2026-03-16,79.52,payment,success,Bank transfer
12701,CUST-001943,2026-04-16,79.52,payment,success,Bank transfer
12702,CUST-001943,2026-05-16,79.52,payment,success,Bank transfer
12703,CUST-001943,2026-06-16,79.52,payment,success,Bank transfer
12704,CUST-001943,2026-07-16,79.52,payment,success,Bank transfer
12705,CUST-001943,2026-08-16,79.52,payment,success,Bank transfer
12706,CUST-001944,2026-03-16,118.38,failed_payment,failed,Credit card
12707,CUST-001944,2026-03-19,118.38,payment,success,Credit card
12708,CUST-001944,2026-04-16,118.38,payment,success,Credit card
12709,CUST-001944,2026-05-16,118.38,failed_payment,failed,Credit card
12710,CUST-001944,2026-05-19,118.38,payment,success,Credit card
12711,CUST-001944,2026-06-16,118.38,payment,success,Credit card
12712,CUST-001944,2026-07-16,118.38,failed_payment,failed,Credit card
12713,CUST-001944,2026-07-19,118.38,payment,success,Credit card
12714,CUST-001944,2026-08-16,118.38,payment,success,Credit card
12715,CUST-001945,2026-03-16,73.15,payment,success,Electronic check
12716,CUST-001945,2026-04-16,73.15,payment,success,Electronic check
12717,CUST-001945,2026-05-16,73.15,payment,success,Electronic check
12718,CUST-001945,2026-06-16,73.15,payment,success,Electronic check
12719,CUST-001945,2026-07-16,73.15,payment,success,Electronic check
12720,CUST-001945,2026-08-16,73.15,payment,success,Electronic check
12721,CUST-001946,2026-03-16,100.07,payment,success,Mailed check
12722,CUST-001946,2026-04-16,100.07,payment,success,Mailed check
12723,CUST-001946,2026-05-16,100.07,payment,success,Mailed check
12724,CUST-001946,2026-06-16,100.07,payment,success,Mailed check
12725,CUST-001946,2026-07-16,100.07,payment,success,Mailed check
12726,CUST-001946,2026-08-16,100.07,payment,success,Mailed check
12727,CUST-001947,2026-03-16,79.52,payment,success,Bank transfer
12728,CUST-001947,2026-04-16,79.52,payment,success,Bank transfer
12729,CUST-001947,2026-05-16,79.52,failed_payment,failed,Bank transfer
12730,CUST-001947,2026-06-16,79.52,payment,success,Bank transfer
12731,CUST-001947,2026-07-16,79.52,payment,success,Bank transfer
12732,CUST-001947,2026-08-16,79.52,payment,success,Bank transfer
12733,CUST-001948,2026-03-16,98.31,payment,success,Mailed check
12734,CUST-001948,2026-04-16,98.31,payment,success,Mailed check
12735,CUST-001948,2026-05-16,98.31,failed_payment,failed,Mailed check
12736,CUST-001948,2026-05-19,98.31,payment,success,Mailed check
12737,CUST-001948,2026-06-16,98.31,payment,success,Mailed check
12738,CUST-001948,2026-07-16,98.31,payment,success,Mailed check
12739,CUST-001948,2026-08-16,98.31,payment,success,Mailed check
12740,CUST-001949,2026-03-16,85.56,payment,success,Credit card
12741,CUST-001949,2026-04-16,85.56,payment,success,Credit card
12742,CUST-001949,2026-05-16,85.56,payment,success,Credit card
12743,CUST-001949,2026-06-16,85.56,payment,success,Credit card
12744,CUST-001949,2026-07-16,85.56,payment,success,Credit card
12745,CUST-001949,2026-08-16,85.56,payment,success,Credit card
12746,CUST-001950,2026-03-16,89.11,failed_payment,failed,Bank transfer
12747,CUST-001950,2026-04-16,89.11,payment,success,Bank transfer
12748,CUST-001950,2026-05-16,89.11,payment,success,Bank transfer
12749,CUST-001950,2026-06-16,89.11,payment,success,Bank transfer
12750,CUST-001950,2026-07-16,89.11,payment,success,Bank transfer
12751,CUST-001950,2026-08-16,89.11,payment,success,Bank transfer
12752,CUST-001951,2026-03-16,42.78,payment,success,Bank transfer
12753,CUST-001951,2026-04-16,42.78,payment,success,Bank transfer
12754,CUST-001951,2026-05-16,42.78,payment,success,Bank transfer
12755,CUST-001951,2026-06-16,42.78,payment,success,Bank transfer
12756,CUST-001951,2026-07-16,42.78,payment,success,Bank transfer
12757,CUST-001951,2026-08-16,42.78,payment,success,Bank transfer
12758,CUST-001952,2026-03-16,94.18,payment,success,Electronic check
12759,CUST-001952,2026-04-16,94.18,payment,success,Electronic check
12760,CUST-001952,2026-05-16,94.18,payment,success,Electronic check
12761,CUST-001952,2026-06-16,94.18,payment,success,Electronic check
12762,CUST-001952,2026-07-16,94.18,payment,success,Electronic check
12763,CUST-001952,2026-08-16,94.18,payment,success,Electronic check
12764,CUST-001953,2026-03-16,43.79,payment,success,Mailed check
12765,CUST-001953,2026-04-16,43.79,payment,success,Mailed check
12766,CUST-001953,2026-05-16,43.79,payment,success,Mailed check
12767,CUST-001953,2026-06-16,43.79,payment,success,Mailed check
12768,CUST-001953,2026-07-16,43.79,payment,success,Mailed check
12769,CUST-001953,2026-08-16,43.79,payment,success,Mailed check
12770,CUST-001954,2026-03-16,118.06,payment,success,Bank transfer
12771,CUST-001954,2026-04-16,118.06,payment,success,Bank transfer
12772,CUST-001954,2026-05-16,118.06,payment,success,Bank transfer
12773,CUST-001954,2026-06-16,118.06,payment,success,Bank transfer
12774,CUST-001954,2026-07-16,118.06,payment,success,Bank transfer
12775,CUST-001954,2026-08-16,118.06,payment,success,Bank transfer
12776,CUST-001955,2026-03-16,42.78,payment,success,Mailed check
12777,CUST-001955,2026-04-16,42.78,failed_payment,failed,Mailed check
12778,CUST-001955,2026-04-19,42.78,payment,success,Mailed check
12779,CUST-001955,2026-05-16,42.78,payment,success,Mailed check
12780,CUST-001955,2026-06-16,42.78,payment,success,Mailed check
12781,CUST-001955,2026-07-16,42.78,payment,success,Mailed check
12782,CUST-001955,2026-08-16,42.78,payment,success,Mailed check
12783,CUST-001956,2026-03-16,43.67,failed_payment,failed,Credit card
12784,CUST-001956,2026-03-19,43.67,payment,success,Credit card
12785,CUST-001956,2026-04-16,43.67,payment,success,Credit card
12786,CUST-001956,2026-05-16,43.67,payment,success,Credit card
12787,CUST-001956,2026-06-16,43.67,payment,success,Credit card
12788,CUST-001956,2026-07-16,43.67,payment,success,Credit card
12789,CUST-001956,2026-08-16,43.67,payment,success,Credit card
12790,CUST-001957,2026-03-16,105.87,payment,success,Electronic check
12791,CUST-001957,2026-04-16,105.87,payment,success,Electronic check
12792,CUST-001957,2026-05-16,105.87,payment,success,Electronic check
12793,CUST-001957,2026-06-16,105.87,payment,success,Electronic check
12794,CUST-001957,2026-07-16,105.87,payment,success,Electronic check
12795,CUST-001957,2026-08-16,105.87,payment,success,Electronic check
12796,CUST-001958,2026-03-16,44.3,payment,success,Electronic check
12797,CUST-001958,2026-04-16,44.3,payment,success,Electronic check
12798,CUST-001958,2026-05-16,44.3,payment,success,Electronic check
12799,CUST-001958,2026-06-16,44.3,payment,success,Electronic check
12800,CUST-001958,2026-07-16,44.3,payment,success,Electronic check
12801,CUST-001958,2026-08-16,44.3,payment,success,Electronic check
12802,CUST-001959,2026-03-16,56.09,payment,success,Mailed check
12803,CUST-001959,2026-04-16,56.09,payment,success,Mailed check
12804,CUST-001959,2026-05-16,56.09,payment,success,Mailed check
12805,CUST-001959,2026-06-16,56.09,payment,success,Mailed check
12806,CUST-001959,2026-07-16,56.09,payment,success,Mailed check
12807,CUST-001959,2026-08-16,56.09,payment,success,Mailed check
12808,CUST-001960,2026-03-16,91.46,payment,success,Mailed check
12809,CUST-001960,2026-04-16,91.46,payment,success,Mailed check
12810,CUST-001960,2026-05-16,91.46,payment,success,Mailed check
12811,CUST-001960,2026-06-16,91.46,payment,success,Mailed check
12812,CUST-001960,2026-07-16,91.46,payment,success,Mailed check
12813,CUST-001960,2026-08-16,91.46,payment,success,Mailed check
12814,CUST-001961,2026-03-16,35.87,payment,success,Credit card
12815,CUST-001961,2026-04-16,35.87,payment,success,Credit card
12816,CUST-001961,2026-05-16,35.87,payment,success,Credit card
12817,CUST-001961,2026-06-16,35.87,payment,success,Credit card
12818,CUST-001961,2026-07-16,35.87,payment,success,Credit card
12819,CUST-001961,2026-08-16,35.87,payment,success,Credit card
12820,CUST-001962,2026-03-16,35.91,failed_payment,failed,Credit card
12821,CUST-001962,2026-03-19,35.91,payment,success,Credit card
12822,CUST-001962,2026-04-16,35.91,payment,success,Credit card
12823,CUST-001962,2026-05-16,35.91,failed_payment,failed,Credit card
12824,CUST-001962,2026-05-19,35.91,payment,success,Credit card
12825,CUST-001962,2026-06-16,35.91,failed_payment,failed,Credit card
12826,CUST-001962,2026-06-19,35.91,payment,success,Credit card
12827,CUST-001962,2026-07-16,35.91,payment,success,Credit card
12828,CUST-001962,2026-08-16,35.91,failed_payment,failed,Credit card
12829,CUST-001962,2026-08-19,35.91,payment,success,Credit card
12830,CUST-001963,2026-03-16,68.64,payment,success,Mailed check
12831,CUST-001963,2026-04-16,68.64,payment,success,Mailed check
12832,CUST-001963,2026-05-16,68.64,payment,success,Mailed check
12833,CUST-001963,2026-06-16,68.64,payment,success,Mailed check
12834,CUST-001963,2026-07-16,68.64,failed_payment,failed,Mailed check
12835,CUST-001963,2026-07-19,68.64,payment,success,Mailed check
12836,CUST-001963,2026-08-16,68.64,payment,success,Mailed check
12837,CUST-001964,2026-03-16,44.37,failed_payment,failed,Bank transfer
12838,CUST-001964,2026-03-19,44.37,payment,success,Bank transfer
12839,CUST-001964,2026-04-16,44.37,payment,success,Bank transfer
12840,CUST-001964,2026-05-16,44.37,failed_payment,failed,Bank transfer
12841,CUST-001964,2026-06-16,44.37,failed_payment,failed,Bank transfer
12842,CUST-001964,2026-07-16,44.37,payment,success,Bank transfer
12843,CUST-001964,2026-08-16,44.37,payment,success,Bank transfer
12844,CUST-001965,2026-03-16,43.57,payment,success,Mailed check
12845,CUST-001965,2026-04-16,43.57,payment,success,Mailed check
12846,CUST-001965,2026-05-16,43.57,payment,success,Mailed check
12847,CUST-001965,2026-06-16,43.57,payment,success,Mailed check
12848,CUST-001965,2026-07-16,43.57,payment,success,Mailed check
12849,CUST-001965,2026-08-16,43.57,payment,success,Mailed check
12850,CUST-001966,2026-03-16,20.92,payment,success,Bank transfer
12851,CUST-001966,2026-04-16,20.92,payment,success,Bank transfer
12852,CUST-001966,2026-05-16,20.92,payment,success,Bank transfer
12853,CUST-001966,2026-06-16,20.92,payment,success,Bank transfer
12854,CUST-001966,2026-07-16,20.92,payment,success,Bank transfer
12855,CUST-001966,2026-08-16,20.92,payment,success,Bank transfer
12856,CUST-001967,2026-03-16,57.04,payment,success,Bank transfer
12857,CUST-001967,2026-04-16,57.04,payment,success,Bank transfer
12858,CUST-001967,2026-05-16,57.04,payment,success,Bank transfer
12859,CUST-001967,2026-06-16,57.04,payment,success,Bank transfer
12860,CUST-001967,2026-07-16,57.04,payment,success,Bank transfer
12861,CUST-001967,2026-08-16,57.04,payment,success,Bank transfer
12862,CUST-001968,2026-03-16,51.83,payment,success,Bank transfer
12863,CUST-001968,2026-04-16,51.83,payment,success,Bank transfer
12864,CUST-001968,2026-05-16,51.83,payment,success,Bank transfer
12865,CUST-001968,2026-06-16,51.83,payment,success,Bank transfer
12866,CUST-001968,2026-07-16,51.83,payment,success,Bank transfer
12867,CUST-001968,2026-08-16,51.83,payment,success,Bank transfer
12868,CUST-001969,2026-03-16,23.12,payment,success,Credit card
12869,CUST-001969,2026-04-16,23.12,payment,success,Credit card
12870,CUST-001969,2026-05-16,23.12,payment,success,Credit card
12871,CUST-001969,2026-06-16,23.12,payment,success,Credit card
12872,CUST-001969,2026-07-16,23.12,payment,success,Credit card
12873,CUST-001969,2026-08-16,23.12,payment,success,Credit card
12874,CUST-001970,2026-03-16,82.12,payment,success,Bank transfer
12875,CUST-001970,2026-04-16,82.12,payment,success,Bank transfer
12876,CUST-001970,2026-05-16,82.12,payment,success,Bank transfer
12877,CUST-001970,2026-06-16,82.12,payment,success,Bank transfer
12878,CUST-001970,2026-07-16,82.12,payment,success,Bank transfer
12879,CUST-001970,2026-08-16,82.12,payment,success,Bank transfer
12880,CUST-001971,2026-03-16,82.67,failed_payment,failed,Mailed check
12881,CUST-001971,2026-04-16,82.67,payment,success,Mailed check
12882,CUST-001971,2026-05-16,82.67,failed_payment,failed,Mailed check
12883,CUST-001971,2026-05-19,82.67,payment,success,Mailed check
12884,CUST-001971,2026-06-16,82.67,payment,success,Mailed check
12885,CUST-001971,2026-07-16,82.67,failed_payment,failed,Mailed check
12886,CUST-001971,2026-08-16,82.67,payment,success,Mailed check
12887,CUST-001972,2026-03-16,27.08,payment,success,Electronic check
12888,CUST-001972,2026-04-16,27.08,payment,success,Electronic check
12889,CUST-001972,2026-05-16,27.08,payment,success,Electronic check
12890,CUST-001972,2026-06-16,27.08,payment,success,Electronic check
12891,CUST-001972,2026-07-16,27.08,payment,success,Electronic check
12892,CUST-001972,2026-08-16,27.08,payment,success,Electronic check
12893,CUST-001973,2026-03-16,51.7,payment,success,Bank transfer
12894,CUST-001973,2026-04-16,51.7,payment,success,Bank transfer
12895,CUST-001973,2026-05-16,51.7,payment,success,Bank transfer
12896,CUST-001973,2026-06-16,51.7,payment,success,Bank transfer
12897,CUST-001973,2026-07-16,51.7,payment,success,Bank transfer
12898,CUST-001973,2026-08-16,51.7,payment,success,Bank transfer
12899,CUST-001974,2026-03-16,107.28,failed_payment,failed,Credit card
12900,CUST-001974,2026-03-19,107.28,payment,success,Credit card
12901,CUST-001974,2026-04-16,107.28,payment,success,Credit card
12902,CUST-001974,2026-05-16,107.28,payment,success,Credit card
12903,CUST-001974,2026-06-16,107.28,payment,success,Credit card
12904,CUST-001974,2026-07-16,107.28,payment,success,Credit card
12905,CUST-001974,2026-08-16,107.28,failed_payment,failed,Credit card
12906,CUST-001974,2026-08-19,107.28,payment,success,Credit card
12907,CUST-001975,2026-03-16,78.22,payment,success,Bank transfer
12908,CUST-001975,2026-04-16,78.22,payment,success,Bank transfer
12909,CUST-001975,2026-05-16,78.22,payment,success,Bank transfer
12910,CUST-001975,2026-06-16,78.22,payment,success,Bank transfer
12911,CUST-001975,2026-07-16,78.22,payment,success,Bank transfer
12912,CUST-001975,2026-08-16,78.22,payment,success,Bank transfer
12913,CUST-001976,2026-03-16,61.2,payment,success,Credit card
12914,CUST-001976,2026-04-16,61.2,payment,success,Credit card
12915,CUST-001976,2026-05-16,61.2,payment,success,Credit card
12916,CUST-001976,2026-06-16,61.2,payment,success,Credit card
12917,CUST-001976,2026-07-16,61.2,payment,success,Credit card
12918,CUST-001976,2026-08-16,61.2,payment,success,Credit card
12919,CUST-001977,2026-03-16,66.51,payment,success,Mailed check
12920,CUST-001977,2026-04-16,66.51,payment,success,Mailed check
12921,CUST-001977,2026-05-16,66.51,payment,success,Mailed check
12922,CUST-001977,2026-06-16,66.51,payment,success,Mailed check
12923,CUST-001977,2026-07-16,66.51,payment,success,Mailed check
12924,CUST-001977,2026-08-16,66.51,payment,success,Mailed check
12925,CUST-001978,2026-03-16,40.83,payment,success,Electronic check
12926,CUST-001978,2026-04-16,40.83,payment,success,Electronic check
12927,CUST-001978,2026-05-16,40.83,payment,success,Electronic check
12928,CUST-001978,2026-06-16,40.83,payment,success,Electronic check
12929,CUST-001978,2026-07-16,40.83,payment,success,Electronic check
12930,CUST-001978,2026-08-16,40.83,payment,success,Electronic check
12931,CUST-001979,2026-03-16,101.19,payment,success,Bank transfer
12932,CUST-001979,2026-04-16,101.19,payment,success,Bank transfer
12933,CUST-001979,2026-05-16,101.19,failed_payment,failed,Bank transfer
12934,CUST-001979,2026-06-16,101.19,payment,success,Bank transfer
12935,CUST-001979,2026-07-16,101.19,payment,success,Bank transfer
12936,CUST-001979,2026-08-16,101.19,payment,success,Bank transfer
12937,CUST-001980,2026-03-16,111.4,payment,success,Electronic check
12938,CUST-001980,2026-04-16,111.4,failed_payment,failed,Electronic check
12939,CUST-001980,2026-04-19,111.4,payment,success,Electronic check
12940,CUST-001980,2026-05-16,111.4,payment,success,Electronic check
12941,CUST-001980,2026-06-16,111.4,payment,success,Electronic check
12942,CUST-001980,2026-07-16,111.4,payment,success,Electronic check
12943,CUST-001980,2026-08-16,111.4,payment,success,Electronic check
12944,CUST-001981,2026-03-16,111.07,payment,success,Electronic check
12945,CUST-001981,2026-04-16,111.07,payment,success,Electronic check
12946,CUST-001981,2026-05-16,111.07,payment,success,Electronic check
12947,CUST-001981,2026-06-16,111.07,payment,success,Electronic check
12948,CUST-001981,2026-07-16,111.07,payment,success,Electronic check
12949,CUST-001981,2026-08-16,111.07,payment,success,Electronic check
12950,CUST-001982,2026-03-16,42.39,payment,success,Bank transfer
12951,CUST-001982,2026-04-16,42.39,payment,success,Bank transfer
12952,CUST-001982,2026-05-16,42.39,payment,success,Bank transfer
12953,CUST-001982,2026-06-16,42.39,payment,success,Bank transfer
12954,CUST-001982,2026-07-16,42.39,payment,success,Bank transfer
12955,CUST-001982,2026-08-16,42.39,payment,success,Bank transfer
12956,CUST-001983,2026-03-16,51.07,payment,success,Mailed check
12957,CUST-001983,2026-04-16,51.07,failed_payment,failed,Mailed check
12958,CUST-001983,2026-04-19,51.07,payment,success,Mailed check
12959,CUST-001983,2026-05-16,51.07,payment,success,Mailed check
12960,CUST-001983,2026-06-16,51.07,payment,success,Mailed check
12961,CUST-001983,2026-07-16,51.07,payment,success,Mailed check
12962,CUST-001983,2026-08-16,51.07,payment,success,Mailed check
12963,CUST-001984,2026-03-16,36.06,payment,success,Bank transfer
12964,CUST-001984,2026-04-16,36.06,payment,success,Bank transfer
12965,CUST-001984,2026-05-16,36.06,payment,success,Bank transfer
12966,CUST-001984,2026-06-16,36.06,failed_payment,failed,Bank transfer
12967,CUST-001984,2026-07-16,36.06,failed_payment,failed,Bank transfer
12968,CUST-001984,2026-07-19,36.06,payment,success,Bank transfer
12969,CUST-001984,2026-08-16,36.06,payment,success,Bank transfer
12970,CUST-001985,2026-03-16,50.72,payment,success,Bank transfer
12971,CUST-001985,2026-04-16,50.72,payment,success,Bank transfer
12972,CUST-001985,2026-05-16,50.72,payment,success,Bank transfer
12973,CUST-001985,2026-06-16,50.72,payment,success,Bank transfer
12974,CUST-001985,2026-07-16,50.72,payment,success,Bank transfer
12975,CUST-001985,2026-08-16,50.72,payment,success,Bank transfer
12976,CUST-001986,2026-03-16,53.28,payment,success,Mailed check
12977,CUST-001986,2026-04-16,53.28,payment,success,Mailed check
12978,CUST-001986,2026-05-16,53.28,payment,success,Mailed check
12979,CUST-001986,2026-06-16,53.28,failed_payment,failed,Mailed check
12980,CUST-001986,2026-06-19,53.28,payment,success,Mailed check
12981,CUST-001986,2026-07-16,53.28,payment,success,Mailed check
12982,CUST-001986,2026-08-16,53.28,payment,success,Mailed check
12983,CUST-001987,2026-03-16,83.31,payment,success,Bank transfer
12984,CUST-001987,2026-04-16,83.31,payment,success,Bank transfer
12985,CUST-001987,2026-05-16,83.31,payment,success,Bank transfer
12986,CUST-001987,2026-06-16,83.31,payment,success,Bank transfer
12987,CUST-001987,2026-07-16,83.31,payment,success,Bank transfer
12988,CUST-001987,2026-08-16,83.31,payment,success,Bank transfer
12989,CUST-001988,2026-03-16,38.96,payment,success,Bank transfer
12990,CUST-001988,2026-04-16,38.96,payment,success,Bank transfer
12991,CUST-001988,2026-05-16,38.96,payment,success,Bank transfer
12992,CUST-001988,2026-06-16,38.96,payment,success,Bank transfer
12993,CUST-001988,2026-07-16,38.96,payment,success,Bank transfer
12994,CUST-001988,2026-08-16,38.96,payment,success,Bank transfer
12995,CUST-001989,2026-03-16,111.94,payment,success,Bank transfer
12996,CUST-001989,2026-04-16,111.94,payment,success,Bank transfer
12997,CUST-001989,2026-05-16,111.94,payment,success,Bank transfer
12998,CUST-001989,2026-06-16,111.94,payment,success,Bank transfer
12999,CUST-001989,2026-07-16,111.94,payment,success,Bank transfer
13000,CUST-001989,2026-08-16,111.94,payment,success,Bank transfer
13001,CUST-001990,2026-03-16,30.31,payment,success,Bank transfer
13002,CUST-001990,2026-04-16,30.31,payment,success,Bank transfer
13003,CUST-001990,2026-05-16,30.31,payment,success,Bank transfer
13004,CUST-001990,2026-06-16,30.31,payment,success,Bank transfer
13005,CUST-001990,2026-07-16,30.31,payment,success,Bank transfer
13006,CUST-001990,2026-08-16,30.31,payment,success,Bank transfer
13007,CUST-001991,2026-03-16,20.69,payment,success,Mailed check
13008,CUST-001991,2026-04-16,20.69,failed_payment,failed,Mailed check
13009,CUST-001991,2026-04-19,20.69,payment,success,Mailed check
13010,CUST-001991,2026-05-16,20.69,payment,success,Mailed check
13011,CUST-001991,2026-06-16,20.69,failed_payment,failed,Mailed check
13012,CUST-001991,2026-06-19,20.69,payment,success,Mailed check
13013,CUST-001991,2026-07-16,20.69,payment,success,Mailed check
13014,CUST-001991,2026-08-16,20.69,payment,success,Mailed check
13015,CUST-001992,2026-03-16,105.49,payment,success,Bank transfer
13016,CUST-001992,2026-04-16,105.49,payment,success,Bank transfer
13017,CUST-001992,2026-05-16,105.49,payment,success,Bank transfer
13018,CUST-001992,2026-06-16,105.49,payment,success,Bank transfer
13019,CUST-001992,2026-07-16,105.49,payment,success,Bank transfer
13020,CUST-001992,2026-08-16,105.49,payment,success,Bank transfer
13021,CUST-001993,2026-03-16,90.38,payment,success,Bank transfer
13022,CUST-001993,2026-04-16,90.38,payment,success,Bank transfer
13023,CUST-001993,2026-05-16,90.38,payment,success,Bank transfer
13024,CUST-001993,2026-06-16,90.38,payment,success,Bank transfer
13025,CUST-001993,2026-07-16,90.38,payment,success,Bank transfer
13026,CUST-001993,2026-08-16,90.38,payment,success,Bank transfer
13027,CUST-001994,2026-03-16,55.54,payment,success,Electronic check
13028,CUST-001994,2026-04-16,55.54,payment,success,Electronic check
13029,CUST-001994,2026-05-16,55.54,payment,success,Electronic check
13030,CUST-001994,2026-06-16,55.54,payment,success,Electronic check
13031,CUST-001994,2026-07-16,55.54,payment,success,Electronic check
13032,CUST-001994,2026-08-16,55.54,payment,success,Electronic check
13033,CUST-001995,2026-03-16,79.55,payment,success,Electronic check
13034,CUST-001995,2026-04-16,79.55,payment,success,Electronic check
13035,CUST-001995,2026-05-16,79.55,payment,success,Electronic check
13036,CUST-001995,2026-06-16,79.55,failed_payment,failed,Electronic check
13037,CUST-001995,2026-06-19,79.55,payment,success,Electronic check
13038,CUST-001995,2026-07-16,79.55,failed_payment,failed,Electronic check
13039,CUST-001995,2026-08-16,79.55,failed_payment,failed,Electronic check
13040,CUST-001995,2026-08-19,79.55,payment,success,Electronic check
13041,CUST-001996,2026-03-16,42.35,payment,success,Electronic check
13042,CUST-001996,2026-04-16,42.35,payment,success,Electronic check
13043,CUST-001996,2026-05-16,42.35,payment,success,Electronic check
13044,CUST-001996,2026-06-16,42.35,failed_payment,failed,Electronic check
13045,CUST-001996,2026-07-16,42.35,payment,success,Electronic check
13046,CUST-001996,2026-08-16,42.35,payment,success,Electronic check
13047,CUST-001997,2026-03-16,36.84,payment,success,Electronic check
13048,CUST-001997,2026-04-16,36.84,payment,success,Electronic check
13049,CUST-001997,2026-05-16,36.84,payment,success,Electronic check
13050,CUST-001997,2026-06-16,36.84,payment,success,Electronic check
13051,CUST-001997,2026-07-16,36.84,payment,success,Electronic check
13052,CUST-001997,2026-08-16,36.84,payment,success,Electronic check
13053,CUST-001998,2026-03-16,67.11,payment,success,Mailed check
13054,CUST-001998,2026-04-16,67.11,payment,success,Mailed check
13055,CUST-001998,2026-05-16,67.11,payment,success,Mailed check
13056,CUST-001998,2026-06-16,67.11,payment,success,Mailed check
13057,CUST-001998,2026-07-16,67.11,failed_payment,failed,Mailed check
13058,CUST-001998,2026-08-16,67.11,payment,success,Mailed check
13059,CUST-001999,2026-03-16,55.32,payment,success,Credit card
13060,CUST-001999,2026-04-16,55.32,payment,success,Credit card
13061,CUST-001999,2026-05-16,55.32,payment,success,Credit card
13062,CUST-001999,2026-06-16,55.32,payment,success,Credit card
13063,CUST-001999,2026-07-16,55.32,payment,success,Credit card
13064,CUST-001999,2026-08-16,55.32,payment,success,Credit card
13065,CUST-002000,2026-03-16,81.52,failed_payment,failed,Credit card
13066,CUST-002000,2026-03-19,81.52,payment,success,Credit card
13067,CUST-002000,2026-04-16,81.52,failed_payment,failed,Credit card
13068,CUST-002000,2026-04-19,81.52,payment,success,Credit card
13069,CUST-002000,2026-05-16,81.52,payment,success,Credit card
13070,CUST-002000,2026-06-16,81.52,failed_payment,failed,Credit card
13071,CUST-002000,2026-06-19,81.52,payment,success,Credit card
13072,CUST-002000,2026-07-16,81.52,payment,success,Credit card
13073,CUST-002000,2026-08-16,81.52,failed_payment,failed,Credit card
13074,CUST-002000,2026-08-19,81.52,payment,success,Credit card
