customer_id,log_month,session_count,avg_session_minutes,feature_adoption_score,last_active_date
CUST-000001,2026-03-01,11,6.43,0.637,2026-03-12
CUST-000001,2026-04-01,11,10.69,0.646,2026-04-07
CUST-000001,2026-05-01,10,18.06,0.712,2026-05-27
CUST-000001,2026-06-01,10,9.11,0.805,2026-06-04
CUST-000001,2026-07-01,8,13.23,0.669,2026-07-25
CUST-000001,2026-08-01,12,18.58,0.677,2026-08-23
CUST-000002,2026-03-01,25,42.85,0.712,2026-03-08
CUST-000002,2026-04-01,22,39.19,0.643,2026-04-03
CUST-000002,2026-05-01,18,43.29,0.666,2026-05-25
CUST-000002,2026-06-01,18,41.01,0.66,2026-06-11
CUST-000002,2026-07-01,21,38.48,0.686,2026-07-18
CUST-000002,2026-08-01,18,39.82,0.713,2026-08-25
CUST-000003,2026-03-01,12,23.61,0.444,2026-03-27
CUST-000003,2026-04-01,11,26.96,0.486,2026-04-23
CUST-000003,2026-05-01,17,25.45,0.426,2026-05-03
CUST-000003,2026-06-01,8,21.7,0.408,2026-06-17
CUST-000003,2026-07-01,12,25.54,0.442,2026-07-11
CUST-000003,2026-08-01,15,28.12,0.409,2026-08-06
CUST-000004,2026-03-01,7,20.2,0.755,2026-03-22
CUST-000004,2026-04-01,13,19.61,0.754,2026-04-22
CUST-000004,2026-05-01,10,23.98,0.815,2026-05-13
CUST-000004,2026-06-01,15,24.3,0.705,2026-06-26
CUST-000004,2026-07-01,9,21.37,0.729,2026-07-19
CUST-000004,2026-08-01,13,20.81,0.741,2026-08-04
CUST-000005,2026-03-01,14,45.82,0.37,2026-03-05
CUST-000005,2026-04-01,10,44.24,0.364,2026-04-10
CUST-000005,2026-05-01,10,50.07,0.397,2026-05-04
CUST-000005,2026-06-01,13,42.93,0.417,2026-06-14
CUST-000005,2026-07-01,16,39.4,0.399,2026-07-19
CUST-000005,2026-08-01,12,47.09,0.42,2026-08-18
CUST-000006,2026-03-01,20,24.14,0.65,2026-03-22
CUST-000006,2026-04-01,18,24.04,0.628,2026-04-08
CUST-000006,2026-05-01,18,31.05,0.665,2026-05-05
CUST-000006,2026-06-01,15,31.07,0.576,2026-06-22
CUST-000006,2026-07-01,19,25.35,0.603,2026-07-25
CUST-000006,2026-08-01,16,29.42,0.612,2026-08-23
CUST-000007,2026-03-01,20,10.77,0.721,2026-03-10
CUST-000007,2026-04-01,18,11.12,0.646,2026-04-21
CUST-000007,2026-05-01,19,11.4,0.625,2026-05-24
CUST-000007,2026-06-01,18,14.17,0.716,2026-06-23
CUST-000007,2026-07-01,24,10.88,0.715,2026-07-03
CUST-000007,2026-08-01,20,15.13,0.73,2026-08-22
CUST-000008,2026-03-01,15,31.84,0.799,2026-03-14
CUST-000008,2026-04-01,18,34.02,0.691,2026-04-05
CUST-000008,2026-05-01,14,37.76,0.803,2026-05-09
CUST-000008,2026-06-01,17,39.71,0.767,2026-06-22
CUST-000008,2026-07-01,13,41.75,0.728,2026-07-03
CUST-000008,2026-08-01,13,34.19,0.693,2026-08-01
CUST-000009,2026-03-01,18,25.96,0.362,2026-03-02
CUST-000009,2026-04-01,15,21.25,0.308,2026-04-02
CUST-000009,2026-05-01,12,19.59,0.233,2026-05-27
CUST-000009,2026-06-01,13,11.47,0.207,2026-06-24
CUST-000009,2026-07-01,9,12.87,0.18,2026-07-26
CUST-000009,2026-08-01,5,11.56,0.157,2026-08-27
CUST-000010,2026-03-01,15,17.94,0.601,2026-03-12
CUST-000010,2026-04-01,12,0.6,0.535,2026-04-23
CUST-000010,2026-05-01,13,6.4,0.397,2026-05-03
CUST-000010,2026-06-01,10,6.62,0.398,2026-06-06
CUST-000010,2026-07-01,8,8.64,0.325,2026-07-07
CUST-000010,2026-08-01,2,0.89,0.241,2026-08-14
CUST-000011,2026-03-01,7,34.44,0.3,2026-03-26
CUST-000011,2026-04-01,13,33.61,0.307,2026-04-22
CUST-000011,2026-05-01,8,28.26,0.22,2026-05-15
CUST-000011,2026-06-01,5,29.38,0.207,2026-06-13
CUST-000011,2026-07-01,5,22.34,0.117,2026-07-02
CUST-000011,2026-08-01,4,12.28,0.127,2026-08-01
CUST-000012,2026-03-01,14,36.33,0.531,2026-03-21
CUST-000012,2026-04-01,10,30.89,0.451,2026-04-21
CUST-000012,2026-05-01,9,37.53,0.51,2026-05-16
CUST-000012,2026-06-01,7,35.74,0.497,2026-06-26
CUST-000012,2026-07-01,9,35.89,0.518,2026-07-16
CUST-000012,2026-08-01,7,33.57,0.507,2026-08-09
CUST-000013,2026-03-01,22,41.39,0.376,2026-03-17
CUST-000013,2026-04-01,21,37.15,0.394,2026-04-09
CUST-000013,2026-05-01,27,37.18,0.408,2026-05-27
CUST-000013,2026-06-01,22,42.94,0.39,2026-06-14
CUST-000013,2026-07-01,20,43.22,0.48,2026-07-04
CUST-000013,2026-08-01,26,38.21,0.443,2026-08-09
CUST-000014,2026-03-01,18,22.25,0.333,2026-03-16
CUST-000014,2026-04-01,22,25.98,0.389,2026-04-13
CUST-000014,2026-05-01,21,21.6,0.326,2026-05-04
CUST-000014,2026-06-01,20,14.24,0.359,2026-06-18
CUST-000014,2026-07-01,18,13.53,0.267,2026-07-22
CUST-000014,2026-08-01,22,16.72,0.328,2026-08-19
CUST-000015,2026-03-01,15,33.1,0.736,2026-03-01
CUST-000015,2026-04-01,12,35.69,0.769,2026-04-18
CUST-000015,2026-05-01,15,32.07,0.744,2026-05-21
CUST-000015,2026-06-01,18,37.08,0.744,2026-06-05
CUST-000015,2026-07-01,18,33.36,0.799,2026-07-11
CUST-000015,2026-08-01,17,33.31,0.764,2026-08-12
CUST-000016,2026-03-01,14,20.09,0.566,2026-03-24
CUST-000016,2026-04-01,14,19.5,0.508,2026-04-10
CUST-000016,2026-05-01,9,15.43,0.44,2026-05-21
CUST-000016,2026-06-01,6,16.03,0.373,2026-06-10
CUST-000016,2026-07-01,3,9.91,0.297,2026-07-14
CUST-000016,2026-08-01,5,5.31,0.295,2026-08-20
CUST-000017,2026-03-01,19,16.68,0.382,2026-03-08
CUST-000017,2026-04-01,16,15.79,0.344,2026-04-18
CUST-000017,2026-05-01,20,16.23,0.375,2026-05-10
CUST-000017,2026-06-01,15,17.1,0.38,2026-06-04
CUST-000017,2026-07-01,15,22.62,0.413,2026-07-20
CUST-000017,2026-08-01,19,19.1,0.412,2026-08-19
CUST-000018,2026-03-01,14,29.33,0.404,2026-03-19
CUST-000018,2026-04-01,14,32.92,0.335,2026-04-09
CUST-000018,2026-05-01,13,28.15,0.307,2026-05-03
CUST-000018,2026-06-01,13,21.46,0.249,2026-06-01
CUST-000018,2026-07-01,5,21.85,0.198,2026-07-26
CUST-000018,2026-08-01,5,15.92,0.135,2026-08-22
CUST-000019,2026-03-01,22,36.57,0.676,2026-03-10
CUST-000019,2026-04-01,18,31.28,0.658,2026-04-24
CUST-000019,2026-05-01,20,37.02,0.673,2026-05-26
CUST-000019,2026-06-01,23,33.86,0.639,2026-06-09
CUST-000019,2026-07-01,17,35.63,0.665,2026-07-19
CUST-000019,2026-08-01,15,38.12,0.63,2026-08-04
CUST-000020,2026-03-01,22,26.42,0.495,2026-03-06
CUST-000020,2026-04-01,26,25.98,0.422,2026-04-19
CUST-000020,2026-05-01,20,29.22,0.445,2026-05-25
CUST-000020,2026-06-01,23,28.81,0.483,2026-06-05
CUST-000020,2026-07-01,23,29.53,0.504,2026-07-22
CUST-000020,2026-08-01,19,23.62,0.417,2026-08-11
CUST-000021,2026-03-01,14,13.51,0.795,2026-03-11
CUST-000021,2026-04-01,13,7.73,0.768,2026-04-19
CUST-000021,2026-05-01,16,10.23,0.821,2026-05-12
CUST-000021,2026-06-01,20,10.75,0.749,2026-06-14
CUST-000021,2026-07-01,17,15.47,0.81,2026-07-17
CUST-000021,2026-08-01,18,15.59,0.815,2026-08-23
CUST-000022,2026-03-01,16,43.01,0.431,2026-03-16
CUST-000022,2026-04-01,12,41.87,0.42,2026-04-20
CUST-000022,2026-05-01,13,42.83,0.438,2026-05-06
CUST-000022,2026-06-01,17,43.16,0.472,2026-06-22
CUST-000022,2026-07-01,13,36.78,0.437,2026-07-09
CUST-000022,2026-08-01,16,39.73,0.481,2026-08-26
CUST-000023,2026-03-01,21,21.69,0.627,2026-03-09
CUST-000023,2026-04-01,23,22.03,0.634,2026-04-01
CUST-000023,2026-05-01,22,27.44,0.732,2026-05-05
CUST-000023,2026-06-01,25,21.42,0.637,2026-06-08
CUST-000023,2026-07-01,19,23.28,0.583,2026-07-09
CUST-000023,2026-08-01,29,26.68,0.722,2026-08-01
CUST-000024,2026-03-01,11,32.43,0.479,2026-03-27
CUST-000024,2026-04-01,17,31.18,0.42,2026-04-07
CUST-000024,2026-05-01,12,24.75,0.449,2026-05-17
CUST-000024,2026-06-01,12,23.44,0.394,2026-06-22
CUST-000024,2026-07-01,15,29.43,0.411,2026-07-03
CUST-000024,2026-08-01,12,25.35,0.386,2026-08-07
CUST-000025,2026-03-01,16,36.72,0.643,2026-03-24
CUST-000025,2026-04-01,18,30.5,0.611,2026-04-13
CUST-000025,2026-05-01,17,40.67,0.774,2026-05-21
CUST-000025,2026-06-01,14,34.44,0.686,2026-06-20
CUST-000025,2026-07-01,15,35.8,0.665,2026-07-11
CUST-000025,2026-08-01,15,35.04,0.682,2026-08-23
CUST-000026,2026-03-01,18,21.32,0.358,2026-03-11
CUST-000026,2026-04-01,13,14.04,0.225,2026-04-21
CUST-000026,2026-05-01,14,16.46,0.259,2026-05-16
CUST-000026,2026-06-01,8,17.09,0.269,2026-06-21
CUST-000026,2026-07-01,7,13.6,0.186,2026-07-27
CUST-000026,2026-08-01,10,7.91,0.182,2026-08-08
CUST-000027,2026-03-01,14,16.52,0.432,2026-03-21
CUST-000027,2026-04-01,15,14.77,0.412,2026-04-01
CUST-000027,2026-05-01,3,10.97,0.335,2026-05-17
CUST-000027,2026-06-01,11,9.05,0.302,2026-06-11
CUST-000027,2026-07-01,7,11.38,0.258,2026-07-13
CUST-000027,2026-08-01,7,8.98,0.219,2026-08-25
CUST-000028,2026-03-01,22,19.29,0.424,2026-03-14
CUST-000028,2026-04-01,12,16.13,0.373,2026-04-14
CUST-000028,2026-05-01,18,13.2,0.321,2026-05-09
CUST-000028,2026-06-01,11,9.75,0.285,2026-06-08
CUST-000028,2026-07-01,9,9.7,0.258,2026-07-23
CUST-000028,2026-08-01,5,8.04,0.213,2026-08-09
CUST-000029,2026-03-01,29,55.42,0.714,2026-03-13
CUST-000029,2026-04-01,23,43.71,0.752,2026-04-27
CUST-000029,2026-05-01,21,41.73,0.715,2026-05-04
CUST-000029,2026-06-01,21,44.6,0.707,2026-06-10
CUST-000029,2026-07-01,22,42.97,0.781,2026-07-22
CUST-000029,2026-08-01,24,47.84,0.681,2026-08-22
CUST-000030,2026-03-01,15,36.81,0.741,2026-03-17
CUST-000030,2026-04-01,15,36.37,0.699,2026-04-21
CUST-000030,2026-05-01,17,40.0,0.759,2026-05-23
CUST-000030,2026-06-01,19,31.87,0.649,2026-06-15
CUST-000030,2026-07-01,13,32.88,0.708,2026-07-15
CUST-000030,2026-08-01,17,27.91,0.725,2026-08-05
CUST-000031,2026-03-01,21,37.93,0.78,2026-03-06
CUST-000031,2026-04-01,21,42.06,0.797,2026-04-17
CUST-000031,2026-05-01,18,44.32,0.711,2026-05-07
CUST-000031,2026-06-01,19,41.45,0.722,2026-06-22
CUST-000031,2026-07-01,21,40.93,0.817,2026-07-27
CUST-000031,2026-08-01,23,47.23,0.799,2026-08-01
CUST-000032,2026-03-01,16,36.58,0.353,2026-03-17
CUST-000032,2026-04-01,17,45.72,0.285,2026-04-06
CUST-000032,2026-05-01,13,47.13,0.325,2026-05-10
CUST-000032,2026-06-01,18,48.91,0.337,2026-06-02
CUST-000032,2026-07-01,11,41.26,0.283,2026-07-02
CUST-000032,2026-08-01,17,50.32,0.369,2026-08-13
CUST-000033,2026-03-01,6,20.59,0.503,2026-03-14
CUST-000033,2026-04-01,5,18.23,0.447,2026-04-06
CUST-000033,2026-05-01,6,22.45,0.353,2026-05-06
CUST-000033,2026-06-01,5,13.74,0.3,2026-06-15
CUST-000033,2026-07-01,1,14.49,0.276,2026-07-23
CUST-000033,2026-08-01,4,10.02,0.249,2026-08-19
CUST-000034,2026-03-01,13,15.84,0.628,2026-03-10
CUST-000034,2026-04-01,10,9.15,0.535,2026-04-03
CUST-000034,2026-05-01,10,7.11,0.475,2026-05-13
CUST-000034,2026-06-01,11,15.82,0.417,2026-06-04
CUST-000034,2026-07-01,6,10.09,0.336,2026-07-16
CUST-000034,2026-08-01,4,5.13,0.264,2026-08-08
CUST-000035,2026-03-01,26,24.98,0.476,2026-03-25
CUST-000035,2026-04-01,19,21.16,0.522,2026-04-26
CUST-000035,2026-05-01,24,26.71,0.441,2026-05-11
CUST-000035,2026-06-01,26,21.33,0.509,2026-06-10
CUST-000035,2026-07-01,27,22.39,0.593,2026-07-24
CUST-000035,2026-08-01,22,21.65,0.471,2026-08-03
CUST-000036,2026-03-01,17,21.21,0.478,2026-03-04
CUST-000036,2026-04-01,18,17.24,0.414,2026-04-11
CUST-000036,2026-05-01,15,18.59,0.426,2026-05-08
CUST-000036,2026-06-01,13,13.95,0.289,2026-06-01
CUST-000036,2026-07-01,12,12.31,0.244,2026-07-15
CUST-000036,2026-08-01,8,5.88,0.216,2026-08-27
CUST-000037,2026-03-01,9,44.08,0.6,2026-03-26
CUST-000037,2026-04-01,10,47.96,0.581,2026-04-26
CUST-000037,2026-05-01,13,46.37,0.67,2026-05-05
CUST-000037,2026-06-01,7,40.43,0.598,2026-06-17
CUST-000037,2026-07-01,6,42.07,0.534,2026-07-21
CUST-000037,2026-08-01,7,44.68,0.553,2026-08-15
CUST-000038,2026-03-01,10,26.04,0.73,2026-03-21
CUST-000038,2026-04-01,14,25.95,0.718,2026-04-06
CUST-000038,2026-05-01,17,27.61,0.837,2026-05-23
CUST-000038,2026-06-01,17,23.2,0.757,2026-06-18
CUST-000038,2026-07-01,16,26.25,0.747,2026-07-22
CUST-000038,2026-08-01,17,26.74,0.842,2026-08-24
CUST-000039,2026-03-01,12,17.93,0.755,2026-03-26
CUST-000039,2026-04-01,20,25.13,0.79,2026-04-10
CUST-000039,2026-05-01,17,28.2,0.84,2026-05-26
CUST-000039,2026-06-01,15,21.84,0.71,2026-06-20
CUST-000039,2026-07-01,12,26.26,0.695,2026-07-07
CUST-000039,2026-08-01,17,20.63,0.743,2026-08-17
CUST-000040,2026-03-01,17,35.73,0.465,2026-03-24
CUST-000040,2026-04-01,17,38.8,0.448,2026-04-18
CUST-000040,2026-05-01,17,33.82,0.413,2026-05-24
CUST-000040,2026-06-01,19,36.99,0.438,2026-06-26
CUST-000040,2026-07-01,16,37.54,0.423,2026-07-23
CUST-000040,2026-08-01,17,33.84,0.446,2026-08-02
CUST-000041,2026-03-01,12,22.94,0.555,2026-03-22
CUST-000041,2026-04-01,10,14.51,0.506,2026-04-03
CUST-000041,2026-05-01,9,18.25,0.452,2026-05-07
CUST-000041,2026-06-01,1,13.59,0.392,2026-06-27
CUST-000041,2026-07-01,0,11.23,0.262,2026-07-25
CUST-000041,2026-08-01,8,10.36,0.252,2026-08-25
CUST-000042,2026-03-01,10,34.64,0.801,2026-03-27
CUST-000042,2026-04-01,8,37.45,0.773,2026-04-15
CUST-000042,2026-05-01,10,31.68,0.839,2026-05-03
CUST-000042,2026-06-01,8,31.95,0.799,2026-06-27
CUST-000042,2026-07-01,7,29.92,0.797,2026-07-06
CUST-000042,2026-08-01,12,33.65,0.725,2026-08-08
CUST-000043,2026-03-01,27,40.07,0.767,2026-03-27
CUST-000043,2026-04-01,25,39.52,0.719,2026-04-15
CUST-000043,2026-05-01,22,35.31,0.655,2026-05-15
CUST-000043,2026-06-01,25,34.86,0.719,2026-06-17
CUST-000043,2026-07-01,24,34.04,0.656,2026-07-01
CUST-000043,2026-08-01,22,33.79,0.646,2026-08-22
CUST-000044,2026-03-01,13,32.48,0.753,2026-03-04
CUST-000044,2026-04-01,14,34.4,0.671,2026-04-14
CUST-000044,2026-05-01,10,29.81,0.542,2026-05-09
CUST-000044,2026-06-01,9,25.41,0.449,2026-06-09
CUST-000044,2026-07-01,7,19.54,0.385,2026-07-09
CUST-000044,2026-08-01,3,16.31,0.362,2026-08-18
CUST-000045,2026-03-01,19,44.7,0.388,2026-03-16
CUST-000045,2026-04-01,26,43.83,0.371,2026-04-21
CUST-000045,2026-05-01,18,47.03,0.362,2026-05-12
CUST-000045,2026-06-01,20,44.53,0.347,2026-06-20
CUST-000045,2026-07-01,23,41.37,0.339,2026-07-17
CUST-000045,2026-08-01,22,46.87,0.374,2026-08-20
CUST-000046,2026-03-01,25,38.35,0.779,2026-03-19
CUST-000046,2026-04-01,28,37.42,0.833,2026-04-13
CUST-000046,2026-05-01,23,41.77,0.775,2026-05-04
CUST-000046,2026-06-01,25,32.61,0.811,2026-06-09
CUST-000046,2026-07-01,26,36.36,0.833,2026-07-10
CUST-000046,2026-08-01,25,33.63,0.854,2026-08-23
CUST-000047,2026-03-01,11,32.99,0.334,2026-03-08
CUST-000047,2026-04-01,12,24.5,0.235,2026-04-10
CUST-000047,2026-05-01,11,21.4,0.232,2026-05-18
CUST-000047,2026-06-01,8,22.84,0.157,2026-06-14
CUST-000047,2026-07-01,13,14.58,0.192,2026-07-11
CUST-000047,2026-08-01,5,15.02,0.163,2026-08-15
CUST-000048,2026-03-01,15,35.87,0.349,2026-03-14
CUST-000048,2026-04-01,15,22.03,0.273,2026-04-11
CUST-000048,2026-05-01,13,28.0,0.261,2026-05-14
CUST-000048,2026-06-01,12,19.66,0.214,2026-06-03
CUST-000048,2026-07-01,9,16.26,0.228,2026-07-25
CUST-000048,2026-08-01,7,16.29,0.136,2026-08-13
CUST-000049,2026-03-01,15,13.88,0.406,2026-03-18
CUST-000049,2026-04-01,23,14.44,0.397,2026-04-19
CUST-000049,2026-05-01,17,9.58,0.371,2026-05-25
CUST-000049,2026-06-01,18,7.68,0.369,2026-06-01
CUST-000049,2026-07-01,20,9.34,0.46,2026-07-12
CUST-000049,2026-08-01,13,18.98,0.361,2026-08-04
CUST-000050,2026-03-01,9,26.14,0.571,2026-03-21
CUST-000050,2026-04-01,6,24.59,0.505,2026-04-10
CUST-000050,2026-05-01,6,23.38,0.41,2026-05-23
CUST-000050,2026-06-01,7,18.37,0.354,2026-06-23
CUST-000050,2026-07-01,5,15.08,0.324,2026-07-18
CUST-000050,2026-08-01,4,10.74,0.267,2026-08-10
CUST-000051,2026-03-01,12,37.05,0.283,2026-03-10
CUST-000051,2026-04-01,12,35.34,0.257,2026-04-07
CUST-000051,2026-05-01,6,32.12,0.226,2026-05-26
CUST-000051,2026-06-01,7,21.73,0.222,2026-06-20
CUST-000051,2026-07-01,7,21.07,0.157,2026-07-23
CUST-000051,2026-08-01,0,12.18,0.104,2026-08-16
CUST-000052,2026-03-01,8,26.32,0.635,2026-03-02
CUST-000052,2026-04-01,7,22.91,0.589,2026-04-21
CUST-000052,2026-05-01,7,12.22,0.485,2026-05-05
CUST-000052,2026-06-01,1,18.76,0.454,2026-06-23
CUST-000052,2026-07-01,3,9.78,0.423,2026-07-09
CUST-000052,2026-08-01,3,10.22,0.273,2026-08-20
CUST-000053,2026-03-01,8,43.54,0.436,2026-03-15
CUST-000053,2026-04-01,8,36.38,0.442,2026-04-21
CUST-000053,2026-05-01,7,39.58,0.467,2026-05-10
CUST-000053,2026-06-01,10,51.25,0.474,2026-06-21
CUST-000053,2026-07-01,10,46.3,0.461,2026-07-12
CUST-000053,2026-08-01,10,46.55,0.417,2026-08-25
CUST-000054,2026-03-01,10,13.47,0.473,2026-03-21
CUST-000054,2026-04-01,11,12.47,0.413,2026-04-06
CUST-000054,2026-05-01,11,12.1,0.524,2026-05-17
CUST-000054,2026-06-01,8,10.1,0.582,2026-06-17
CUST-000054,2026-07-01,6,14.39,0.485,2026-07-16
CUST-000054,2026-08-01,8,12.23,0.49,2026-08-05
CUST-000055,2026-03-01,15,28.36,0.78,2026-03-08
CUST-000055,2026-04-01,12,32.31,0.861,2026-04-25
CUST-000055,2026-05-01,12,32.94,0.785,2026-05-12
CUST-000055,2026-06-01,15,35.25,0.838,2026-06-19
CUST-000055,2026-07-01,17,31.03,0.89,2026-07-25
CUST-000055,2026-08-01,12,34.12,0.829,2026-08-12
CUST-000056,2026-03-01,22,23.25,0.329,2026-03-09
CUST-000056,2026-04-01,22,24.17,0.348,2026-04-03
CUST-000056,2026-05-01,24,25.31,0.443,2026-05-19
CUST-000056,2026-06-01,19,18.66,0.267,2026-06-21
CUST-000056,2026-07-01,21,27.44,0.361,2026-07-01
CUST-000056,2026-08-01,23,27.43,0.345,2026-08-19
CUST-000057,2026-03-01,15,16.88,0.781,2026-03-24
CUST-000057,2026-04-01,14,17.68,0.74,2026-04-02
CUST-000057,2026-05-01,11,15.96,0.719,2026-05-07
CUST-000057,2026-06-01,18,21.18,0.79,2026-06-01
CUST-000057,2026-07-01,12,13.62,0.723,2026-07-03
CUST-000057,2026-08-01,11,17.45,0.756,2026-08-10
CUST-000058,2026-03-01,12,17.34,0.33,2026-03-05
CUST-000058,2026-04-01,13,11.34,0.298,2026-04-10
CUST-000058,2026-05-01,11,10.9,0.381,2026-05-20
CUST-000058,2026-06-01,10,13.78,0.301,2026-06-16
CUST-000058,2026-07-01,12,18.29,0.324,2026-07-20
CUST-000058,2026-08-01,7,18.68,0.314,2026-08-24
CUST-000059,2026-03-01,8,19.22,0.505,2026-03-07
CUST-000059,2026-04-01,12,14.28,0.573,2026-04-10
CUST-000059,2026-05-01,10,14.91,0.441,2026-05-09
CUST-000059,2026-06-01,11,14.27,0.479,2026-06-12
CUST-000059,2026-07-01,9,15.53,0.515,2026-07-12
CUST-000059,2026-08-01,12,16.13,0.424,2026-08-01
CUST-000060,2026-03-01,17,29.48,0.598,2026-03-09
CUST-000060,2026-04-01,15,28.13,0.493,2026-04-16
CUST-000060,2026-05-01,11,31.54,0.455,2026-05-20
CUST-000060,2026-06-01,12,23.55,0.379,2026-06-24
CUST-000060,2026-07-01,7,16.08,0.359,2026-07-02
CUST-000060,2026-08-01,8,16.15,0.271,2026-08-14
CUST-000061,2026-03-01,12,35.12,0.879,2026-03-02
CUST-000061,2026-04-01,13,40.18,0.87,2026-04-24
CUST-000061,2026-05-01,16,31.34,0.856,2026-05-22
CUST-000061,2026-06-01,13,28.66,0.818,2026-06-05
CUST-000061,2026-07-01,12,32.78,0.811,2026-07-26
CUST-000061,2026-08-01,10,37.46,0.798,2026-08-05
CUST-000062,2026-03-01,9,21.19,0.542,2026-03-10
CUST-000062,2026-04-01,8,17.51,0.446,2026-04-23
CUST-000062,2026-05-01,7,20.18,0.398,2026-05-22
CUST-000062,2026-06-01,6,14.84,0.416,2026-06-06
CUST-000062,2026-07-01,8,16.45,0.263,2026-07-02
CUST-000062,2026-08-01,3,8.45,0.165,2026-08-06
CUST-000063,2026-03-01,11,25.42,0.664,2026-03-23
CUST-000063,2026-04-01,5,27.78,0.662,2026-04-06
CUST-000063,2026-05-01,7,21.92,0.58,2026-05-09
CUST-000063,2026-06-01,10,26.25,0.671,2026-06-12
CUST-000063,2026-07-01,7,25.51,0.596,2026-07-23
CUST-000063,2026-08-01,7,24.05,0.676,2026-08-05
CUST-000064,2026-03-01,15,31.67,0.564,2026-03-18
CUST-000064,2026-04-01,15,25.78,0.575,2026-04-02
CUST-000064,2026-05-01,14,31.91,0.598,2026-05-08
CUST-000064,2026-06-01,19,33.6,0.559,2026-06-27
CUST-000064,2026-07-01,19,30.48,0.598,2026-07-22
CUST-000064,2026-08-01,14,24.33,0.487,2026-08-04
CUST-000065,2026-03-01,18,14.07,0.62,2026-03-24
CUST-000065,2026-04-01,19,15.57,0.627,2026-04-02
CUST-000065,2026-05-01,19,14.95,0.576,2026-05-26
CUST-000065,2026-06-01,22,13.1,0.635,2026-06-17
CUST-000065,2026-07-01,17,17.41,0.577,2026-07-22
CUST-000065,2026-08-01,17,13.47,0.582,2026-08-09
CUST-000066,2026-03-01,12,18.69,0.554,2026-03-08
CUST-000066,2026-04-01,7,14.71,0.574,2026-04-18
CUST-000066,2026-05-01,13,13.41,0.555,2026-05-12
CUST-000066,2026-06-01,8,15.2,0.592,2026-06-13
CUST-000066,2026-07-01,10,18.14,0.625,2026-07-12
CUST-000066,2026-08-01,11,16.2,0.589,2026-08-15
CUST-000067,2026-03-01,18,43.55,0.458,2026-03-07
CUST-000067,2026-04-01,20,34.4,0.446,2026-04-17
CUST-000067,2026-05-01,15,39.38,0.384,2026-05-02
CUST-000067,2026-06-01,20,37.57,0.422,2026-06-22
CUST-000067,2026-07-01,20,43.13,0.371,2026-07-06
CUST-000067,2026-08-01,19,37.3,0.432,2026-08-06
CUST-000068,2026-03-01,14,12.81,0.39,2026-03-27
CUST-000068,2026-04-01,10,12.26,0.309,2026-04-01
CUST-000068,2026-05-01,13,9.94,0.303,2026-05-24
CUST-000068,2026-06-01,7,10.08,0.284,2026-06-24
CUST-000068,2026-07-01,5,7.37,0.221,2026-07-21
CUST-000068,2026-08-01,4,10.55,0.184,2026-08-26
CUST-000069,2026-03-01,22,9.97,0.66,2026-03-15
CUST-000069,2026-04-01,18,13.43,0.586,2026-04-20
CUST-000069,2026-05-01,20,15.49,0.43,2026-05-05
CUST-000069,2026-06-01,15,7.79,0.467,2026-06-27
CUST-000069,2026-07-01,15,5.28,0.339,2026-07-02
CUST-000069,2026-08-01,9,5.5,0.304,2026-08-23
CUST-000070,2026-03-01,18,18.51,0.607,2026-03-22
CUST-000070,2026-04-01,15,15.42,0.501,2026-04-13
CUST-000070,2026-05-01,14,14.14,0.488,2026-05-24
CUST-000070,2026-06-01,12,12.02,0.425,2026-06-09
CUST-000070,2026-07-01,11,14.53,0.3,2026-07-12
CUST-000070,2026-08-01,7,5.42,0.265,2026-08-01
CUST-000071,2026-03-01,14,11.08,0.651,2026-03-21
CUST-000071,2026-04-01,14,13.06,0.55,2026-04-15
CUST-000071,2026-05-01,11,13.53,0.484,2026-05-19
CUST-000071,2026-06-01,11,7.96,0.46,2026-06-08
CUST-000071,2026-07-01,6,11.25,0.386,2026-07-27
CUST-000071,2026-08-01,9,5.88,0.281,2026-08-01
CUST-000072,2026-03-01,19,27.17,0.569,2026-03-20
CUST-000072,2026-04-01,19,19.68,0.52,2026-04-22
CUST-000072,2026-05-01,15,15.05,0.415,2026-05-18
CUST-000072,2026-06-01,15,18.91,0.403,2026-06-09
CUST-000072,2026-07-01,12,14.59,0.326,2026-07-07
CUST-000072,2026-08-01,9,6.47,0.23,2026-08-25
CUST-000073,2026-03-01,13,16.06,0.578,2026-03-23
CUST-000073,2026-04-01,13,14.88,0.654,2026-04-15
CUST-000073,2026-05-01,11,20.13,0.627,2026-05-02
CUST-000073,2026-06-01,10,17.37,0.522,2026-06-05
CUST-000073,2026-07-01,7,15.17,0.626,2026-07-19
CUST-000073,2026-08-01,18,22.68,0.639,2026-08-20
CUST-000074,2026-03-01,16,42.75,0.454,2026-03-07
CUST-000074,2026-04-01,15,39.5,0.448,2026-04-01
CUST-000074,2026-05-01,16,38.63,0.496,2026-05-27
CUST-000074,2026-06-01,13,41.03,0.458,2026-06-26
CUST-000074,2026-07-01,13,43.43,0.496,2026-07-27
CUST-000074,2026-08-01,15,40.18,0.547,2026-08-26
CUST-000075,2026-03-01,20,27.96,0.774,2026-03-19
CUST-000075,2026-04-01,14,22.32,0.645,2026-04-06
CUST-000075,2026-05-01,16,30.93,0.814,2026-05-07
CUST-000075,2026-06-01,15,26.7,0.78,2026-06-02
CUST-000075,2026-07-01,15,23.38,0.774,2026-07-18
CUST-000075,2026-08-01,16,25.61,0.776,2026-08-18
CUST-000076,2026-03-01,22,10.02,0.357,2026-03-27
CUST-000076,2026-04-01,19,13.2,0.397,2026-04-04
CUST-000076,2026-05-01,10,13.47,0.325,2026-05-11
CUST-000076,2026-06-01,14,8.83,0.282,2026-06-20
CUST-000076,2026-07-01,12,8.22,0.181,2026-07-04
CUST-000076,2026-08-01,5,7.49,0.222,2026-08-09
CUST-000077,2026-03-01,20,23.36,0.705,2026-03-16
CUST-000077,2026-04-01,21,22.97,0.605,2026-04-19
CUST-000077,2026-05-01,19,21.61,0.605,2026-05-14
CUST-000077,2026-06-01,13,11.8,0.446,2026-06-08
CUST-000077,2026-07-01,12,14.83,0.438,2026-07-19
CUST-000077,2026-08-01,9,9.52,0.3,2026-08-12
CUST-000078,2026-03-01,17,40.8,0.545,2026-03-25
CUST-000078,2026-04-01,14,39.5,0.578,2026-04-26
CUST-000078,2026-05-01,14,44.34,0.591,2026-05-17
CUST-000078,2026-06-01,13,32.07,0.566,2026-06-07
CUST-000078,2026-07-01,13,39.21,0.638,2026-07-19
CUST-000078,2026-08-01,16,38.15,0.577,2026-08-11
CUST-000079,2026-03-01,27,21.33,0.283,2026-03-12
CUST-000079,2026-04-01,27,24.22,0.346,2026-04-25
CUST-000079,2026-05-01,21,17.72,0.357,2026-05-24
CUST-000079,2026-06-01,23,20.11,0.35,2026-06-08
CUST-000079,2026-07-01,20,22.33,0.27,2026-07-05
CUST-000079,2026-08-01,19,20.02,0.3,2026-08-06
CUST-000080,2026-03-01,8,19.92,0.351,2026-03-09
CUST-000080,2026-04-01,8,18.37,0.421,2026-04-14
CUST-000080,2026-05-01,9,17.88,0.299,2026-05-22
CUST-000080,2026-06-01,8,21.34,0.43,2026-06-19
CUST-000080,2026-07-01,6,17.87,0.367,2026-07-18
CUST-000080,2026-08-01,10,25.58,0.375,2026-08-11
CUST-000081,2026-03-01,24,19.35,0.407,2026-03-17
CUST-000081,2026-04-01,26,22.09,0.398,2026-04-21
CUST-000081,2026-05-01,25,17.73,0.416,2026-05-20
CUST-000081,2026-06-01,26,21.12,0.39,2026-06-21
CUST-000081,2026-07-01,23,15.44,0.356,2026-07-12
CUST-000081,2026-08-01,24,17.66,0.431,2026-08-01
CUST-000082,2026-03-01,22,12.53,0.632,2026-03-10
CUST-000082,2026-04-01,17,16.01,0.535,2026-04-17
CUST-000082,2026-05-01,16,14.59,0.586,2026-05-05
CUST-000082,2026-06-01,20,12.17,0.552,2026-06-05
CUST-000082,2026-07-01,19,15.88,0.649,2026-07-08
CUST-000082,2026-08-01,18,12.78,0.59,2026-08-15
CUST-000083,2026-03-01,22,38.84,0.652,2026-03-16
CUST-000083,2026-04-01,17,33.98,0.581,2026-04-08
CUST-000083,2026-05-01,23,36.39,0.667,2026-05-19
CUST-000083,2026-06-01,21,36.08,0.587,2026-06-24
CUST-000083,2026-07-01,17,33.85,0.553,2026-07-07
CUST-000083,2026-08-01,23,39.37,0.661,2026-08-23
CUST-000084,2026-03-01,14,6.11,0.865,2026-03-20
CUST-000084,2026-04-01,11,1.8,0.685,2026-04-09
CUST-000084,2026-05-01,14,7.14,0.898,2026-05-10
CUST-000084,2026-06-01,12,11.39,0.796,2026-06-26
CUST-000084,2026-07-01,16,11.01,0.89,2026-07-15
CUST-000084,2026-08-01,11,14.79,0.75,2026-08-19
CUST-000085,2026-03-01,9,30.73,0.552,2026-03-18
CUST-000085,2026-04-01,10,25.48,0.557,2026-04-05
CUST-000085,2026-05-01,12,28.18,0.593,2026-05-14
CUST-000085,2026-06-01,9,26.41,0.631,2026-06-02
CUST-000085,2026-07-01,9,28.06,0.597,2026-07-12
CUST-000085,2026-08-01,13,30.8,0.659,2026-08-01
CUST-000086,2026-03-01,10,37.57,0.44,2026-03-04
CUST-000086,2026-04-01,7,32.6,0.3,2026-04-16
CUST-000086,2026-05-01,6,36.78,0.345,2026-05-20
CUST-000086,2026-06-01,5,33.23,0.328,2026-06-13
CUST-000086,2026-07-01,8,35.4,0.328,2026-07-02
CUST-000086,2026-08-01,9,38.39,0.331,2026-08-20
CUST-000087,2026-03-01,13,43.96,0.624,2026-03-10
CUST-000087,2026-04-01,18,41.64,0.728,2026-04-06
CUST-000087,2026-05-01,15,48.52,0.665,2026-05-19
CUST-000087,2026-06-01,15,48.19,0.693,2026-06-01
CUST-000087,2026-07-01,13,43.91,0.661,2026-07-26
CUST-000087,2026-08-01,12,38.29,0.668,2026-08-24
CUST-000088,2026-03-01,25,33.94,0.382,2026-03-04
CUST-000088,2026-04-01,23,33.46,0.283,2026-04-19
CUST-000088,2026-05-01,26,34.36,0.32,2026-05-01
CUST-000088,2026-06-01,21,29.03,0.26,2026-06-27
CUST-000088,2026-07-01,27,32.25,0.32,2026-07-05
CUST-000088,2026-08-01,19,23.84,0.293,2026-08-03
CUST-000089,2026-03-01,20,49.98,0.674,2026-03-03
CUST-000089,2026-04-01,12,51.86,0.659,2026-04-25
CUST-000089,2026-05-01,13,44.22,0.583,2026-05-26
CUST-000089,2026-06-01,15,46.73,0.64,2026-06-18
CUST-000089,2026-07-01,17,48.95,0.668,2026-07-14
CUST-000089,2026-08-01,21,50.01,0.658,2026-08-03
CUST-000090,2026-03-01,12,38.67,0.67,2026-03-08
CUST-000090,2026-04-01,12,30.22,0.671,2026-04-14
CUST-000090,2026-05-01,13,31.08,0.652,2026-05-06
CUST-000090,2026-06-01,17,36.39,0.736,2026-06-11
CUST-000090,2026-07-01,14,35.09,0.728,2026-07-11
CUST-000090,2026-08-01,14,33.75,0.658,2026-08-06
CUST-000091,2026-03-01,5,31.04,0.563,2026-03-12
CUST-000091,2026-04-01,5,24.96,0.525,2026-04-11
CUST-000091,2026-05-01,3,17.45,0.408,2026-05-18
CUST-000091,2026-06-01,4,20.91,0.399,2026-06-01
CUST-000091,2026-07-01,5,17.5,0.313,2026-07-01
CUST-000091,2026-08-01,1,9.57,0.204,2026-08-07
CUST-000092,2026-03-01,6,16.93,0.41,2026-03-17
CUST-000092,2026-04-01,8,23.11,0.427,2026-04-07
CUST-000092,2026-05-01,11,14.79,0.458,2026-05-18
CUST-000092,2026-06-01,7,25.11,0.434,2026-06-10
CUST-000092,2026-07-01,7,17.65,0.384,2026-07-25
CUST-000092,2026-08-01,7,14.97,0.412,2026-08-13
CUST-000093,2026-03-01,10,48.6,0.333,2026-03-24
CUST-000093,2026-04-01,8,48.99,0.369,2026-04-05
CUST-000093,2026-05-01,7,41.24,0.263,2026-05-18
CUST-000093,2026-06-01,7,51.59,0.327,2026-06-14
CUST-000093,2026-07-01,9,48.99,0.326,2026-07-23
CUST-000093,2026-08-01,10,50.79,0.302,2026-08-22
CUST-000094,2026-03-01,14,32.31,0.374,2026-03-24
CUST-000094,2026-04-01,14,32.52,0.295,2026-04-19
CUST-000094,2026-05-01,13,30.25,0.279,2026-05-19
CUST-000094,2026-06-01,6,19.7,0.309,2026-06-27
CUST-000094,2026-07-01,7,15.72,0.186,2026-07-25
CUST-000094,2026-08-01,7,13.78,0.228,2026-08-03
CUST-000095,2026-03-01,9,15.61,0.562,2026-03-01
CUST-000095,2026-04-01,12,20.95,0.557,2026-04-08
CUST-000095,2026-05-01,11,23.87,0.552,2026-05-18
CUST-000095,2026-06-01,13,24.9,0.628,2026-06-27
CUST-000095,2026-07-01,13,24.91,0.617,2026-07-22
CUST-000095,2026-08-01,13,16.58,0.554,2026-08-06
CUST-000096,2026-03-01,11,37.02,0.391,2026-03-05
CUST-000096,2026-04-01,8,37.17,0.465,2026-04-09
CUST-000096,2026-05-01,12,32.47,0.405,2026-05-10
CUST-000096,2026-06-01,12,41.2,0.48,2026-06-19
CUST-000096,2026-07-01,11,40.93,0.447,2026-07-26
CUST-000096,2026-08-01,11,36.77,0.458,2026-08-27
CUST-000097,2026-03-01,12,11.7,0.574,2026-03-01
CUST-000097,2026-04-01,16,15.8,0.589,2026-04-10
CUST-000097,2026-05-01,16,16.56,0.553,2026-05-26
CUST-000097,2026-06-01,13,10.8,0.448,2026-06-22
CUST-000097,2026-07-01,12,11.11,0.469,2026-07-19
CUST-000097,2026-08-01,14,10.34,0.538,2026-08-26
CUST-000098,2026-03-01,19,16.87,0.429,2026-03-23
CUST-000098,2026-04-01,19,17.64,0.443,2026-04-10
CUST-000098,2026-05-01,18,20.23,0.364,2026-05-09
CUST-000098,2026-06-01,12,14.79,0.278,2026-06-26
CUST-000098,2026-07-01,8,14.84,0.21,2026-07-27
CUST-000098,2026-08-01,7,11.59,0.236,2026-08-03
CUST-000099,2026-03-01,14,13.1,0.55,2026-03-03
CUST-000099,2026-04-01,8,15.21,0.446,2026-04-24
CUST-000099,2026-05-01,9,10.18,0.406,2026-05-11
CUST-000099,2026-06-01,11,11.73,0.485,2026-06-17
CUST-000099,2026-07-01,13,18.29,0.561,2026-07-25
CUST-000099,2026-08-01,14,13.23,0.481,2026-08-21
CUST-000100,2026-03-01,24,35.7,0.553,2026-03-18
CUST-000100,2026-04-01,23,32.09,0.496,2026-04-22
CUST-000100,2026-05-01,22,37.53,0.459,2026-05-09
CUST-000100,2026-06-01,20,33.45,0.51,2026-06-16
CUST-000100,2026-07-01,24,41.22,0.488,2026-07-09
CUST-000100,2026-08-01,20,34.92,0.516,2026-08-15
CUST-000101,2026-03-01,23,29.27,0.414,2026-03-22
CUST-000101,2026-04-01,21,29.35,0.407,2026-04-12
CUST-000101,2026-05-01,18,25.96,0.434,2026-05-05
CUST-000101,2026-06-01,23,29.52,0.403,2026-06-27
CUST-000101,2026-07-01,22,28.49,0.438,2026-07-17
CUST-000101,2026-08-01,16,17.5,0.41,2026-08-03
CUST-000102,2026-03-01,17,43.4,0.747,2026-03-26
CUST-000102,2026-04-01,19,42.87,0.702,2026-04-02
CUST-000102,2026-05-01,21,45.46,0.801,2026-05-19
CUST-000102,2026-06-01,18,36.47,0.715,2026-06-17
CUST-000102,2026-07-01,15,39.99,0.777,2026-07-27
CUST-000102,2026-08-01,15,41.89,0.772,2026-08-08
CUST-000103,2026-03-01,23,38.96,0.304,2026-03-05
CUST-000103,2026-04-01,17,33.37,0.306,2026-04-05
CUST-000103,2026-05-01,14,32.64,0.225,2026-05-22
CUST-000103,2026-06-01,18,23.98,0.169,2026-06-13
CUST-000103,2026-07-01,11,20.06,0.169,2026-07-15
CUST-000103,2026-08-01,10,18.6,0.131,2026-08-10
CUST-000104,2026-03-01,18,24.17,0.407,2026-03-12
CUST-000104,2026-04-01,17,26.75,0.406,2026-04-19
CUST-000104,2026-05-01,10,27.0,0.386,2026-05-23
CUST-000104,2026-06-01,16,20.87,0.346,2026-06-20
CUST-000104,2026-07-01,13,19.75,0.309,2026-07-20
CUST-000104,2026-08-01,12,32.26,0.374,2026-08-22
CUST-000105,2026-03-01,19,30.22,0.674,2026-03-07
CUST-000105,2026-04-01,19,34.96,0.677,2026-04-26
CUST-000105,2026-05-01,16,22.87,0.61,2026-05-18
CUST-000105,2026-06-01,17,37.19,0.64,2026-06-19
CUST-000105,2026-07-01,15,26.27,0.621,2026-07-03
CUST-000105,2026-08-01,16,31.48,0.578,2026-08-01
CUST-000106,2026-03-01,14,42.14,0.441,2026-03-10
CUST-000106,2026-04-01,13,35.87,0.443,2026-04-24
CUST-000106,2026-05-01,15,35.55,0.502,2026-05-08
CUST-000106,2026-06-01,15,37.54,0.492,2026-06-18
CUST-000106,2026-07-01,16,36.64,0.451,2026-07-09
CUST-000106,2026-08-01,17,27.34,0.472,2026-08-27
CUST-000107,2026-03-01,12,19.71,0.459,2026-03-02
CUST-000107,2026-04-01,7,9.68,0.431,2026-04-25
CUST-000107,2026-05-01,9,11.72,0.349,2026-05-09
CUST-000107,2026-06-01,9,8.97,0.301,2026-06-16
CUST-000107,2026-07-01,5,3.81,0.23,2026-07-16
CUST-000107,2026-08-01,6,6.91,0.221,2026-08-09
CUST-000108,2026-03-01,11,37.04,0.624,2026-03-09
CUST-000108,2026-04-01,10,42.66,0.639,2026-04-19
CUST-000108,2026-05-01,10,43.12,0.69,2026-05-22
CUST-000108,2026-06-01,11,40.72,0.675,2026-06-09
CUST-000108,2026-07-01,10,41.65,0.617,2026-07-01
CUST-000108,2026-08-01,11,35.74,0.602,2026-08-13
CUST-000109,2026-03-01,21,18.19,0.732,2026-03-01
CUST-000109,2026-04-01,23,11.66,0.676,2026-04-04
CUST-000109,2026-05-01,21,12.96,0.733,2026-05-21
CUST-000109,2026-06-01,22,18.46,0.741,2026-06-25
CUST-000109,2026-07-01,24,15.47,0.714,2026-07-06
CUST-000109,2026-08-01,27,20.06,0.766,2026-08-19
CUST-000110,2026-03-01,21,21.77,0.815,2026-03-01
CUST-000110,2026-04-01,21,20.44,0.837,2026-04-21
CUST-000110,2026-05-01,21,21.81,0.773,2026-05-14
CUST-000110,2026-06-01,21,11.54,0.769,2026-06-27
CUST-000110,2026-07-01,22,21.0,0.835,2026-07-06
CUST-000110,2026-08-01,19,18.01,0.837,2026-08-20
CUST-000111,2026-03-01,12,15.57,0.608,2026-03-23
CUST-000111,2026-04-01,10,5.12,0.544,2026-04-06
CUST-000111,2026-05-01,7,8.71,0.459,2026-05-15
CUST-000111,2026-06-01,2,12.49,0.413,2026-06-04
CUST-000111,2026-07-01,0,5.56,0.359,2026-07-13
CUST-000111,2026-08-01,6,8.98,0.225,2026-08-05
CUST-000112,2026-03-01,14,13.93,0.332,2026-03-25
CUST-000112,2026-04-01,18,16.72,0.375,2026-04-22
CUST-000112,2026-05-01,15,22.65,0.276,2026-05-14
CUST-000112,2026-06-01,16,15.24,0.284,2026-06-14
CUST-000112,2026-07-01,14,18.87,0.366,2026-07-16
CUST-000112,2026-08-01,12,11.43,0.36,2026-08-07
CUST-000113,2026-03-01,15,13.75,0.292,2026-03-27
CUST-000113,2026-04-01,11,16.94,0.233,2026-04-14
CUST-000113,2026-05-01,12,12.94,0.242,2026-05-17
CUST-000113,2026-06-01,8,12.38,0.195,2026-06-18
CUST-000113,2026-07-01,9,12.62,0.135,2026-07-26
CUST-000113,2026-08-01,3,7.25,0.115,2026-08-03
CUST-000114,2026-03-01,20,7.11,0.724,2026-03-05
CUST-000114,2026-04-01,23,5.84,0.699,2026-04-22
CUST-000114,2026-05-01,23,3.88,0.709,2026-05-27
CUST-000114,2026-06-01,26,7.92,0.771,2026-06-05
CUST-000114,2026-07-01,26,10.56,0.649,2026-07-06
CUST-000114,2026-08-01,21,5.98,0.745,2026-08-26
CUST-000115,2026-03-01,15,13.42,0.605,2026-03-09
CUST-000115,2026-04-01,14,10.07,0.606,2026-04-17
CUST-000115,2026-05-01,13,18.43,0.614,2026-05-20
CUST-000115,2026-06-01,15,15.66,0.712,2026-06-15
CUST-000115,2026-07-01,13,16.86,0.64,2026-07-04
CUST-000115,2026-08-01,15,16.16,0.703,2026-08-27
CUST-000116,2026-03-01,11,23.59,0.659,2026-03-22
CUST-000116,2026-04-01,14,27.5,0.653,2026-04-23
CUST-000116,2026-05-01,18,29.94,0.728,2026-05-14
CUST-000116,2026-06-01,12,25.2,0.675,2026-06-06
CUST-000116,2026-07-01,14,30.11,0.717,2026-07-13
CUST-000116,2026-08-01,18,27.91,0.593,2026-08-20
CUST-000117,2026-03-01,23,9.26,0.496,2026-03-02
CUST-000117,2026-04-01,22,10.98,0.445,2026-04-24
CUST-000117,2026-05-01,24,14.28,0.47,2026-05-22
CUST-000117,2026-06-01,24,15.31,0.466,2026-06-20
CUST-000117,2026-07-01,19,10.79,0.399,2026-07-22
CUST-000117,2026-08-01,24,17.6,0.464,2026-08-22
CUST-000118,2026-03-01,20,23.23,0.522,2026-03-11
CUST-000118,2026-04-01,16,22.83,0.546,2026-04-05
CUST-000118,2026-05-01,18,23.11,0.528,2026-05-04
CUST-000118,2026-06-01,21,24.95,0.559,2026-06-11
CUST-000118,2026-07-01,18,21.24,0.562,2026-07-13
CUST-000118,2026-08-01,23,25.86,0.553,2026-08-24
CUST-000119,2026-03-01,14,25.95,0.656,2026-03-24
CUST-000119,2026-04-01,15,18.11,0.614,2026-04-23
CUST-000119,2026-05-01,13,14.41,0.496,2026-05-26
CUST-000119,2026-06-01,11,14.97,0.442,2026-06-03
CUST-000119,2026-07-01,5,11.02,0.419,2026-07-21
CUST-000119,2026-08-01,5,5.89,0.298,2026-08-19
CUST-000120,2026-03-01,17,42.17,0.735,2026-03-03
CUST-000120,2026-04-01,16,41.8,0.764,2026-04-27
CUST-000120,2026-05-01,16,45.58,0.817,2026-05-10
CUST-000120,2026-06-01,15,41.96,0.757,2026-06-14
CUST-000120,2026-07-01,18,40.76,0.722,2026-07-01
CUST-000120,2026-08-01,17,36.13,0.78,2026-08-05
CUST-000121,2026-03-01,22,21.74,0.64,2026-03-25
CUST-000121,2026-04-01,21,19.13,0.608,2026-04-16
CUST-000121,2026-05-01,21,13.51,0.58,2026-05-24
CUST-000121,2026-06-01,24,18.58,0.623,2026-06-04
CUST-000121,2026-07-01,18,24.5,0.623,2026-07-10
CUST-000121,2026-08-01,20,20.56,0.606,2026-08-25
CUST-000122,2026-03-01,17,20.12,0.749,2026-03-16
CUST-000122,2026-04-01,19,18.63,0.821,2026-04-20
CUST-000122,2026-05-01,19,23.59,0.749,2026-05-14
CUST-000122,2026-06-01,20,18.49,0.838,2026-06-14
CUST-000122,2026-07-01,18,18.96,0.794,2026-07-26
CUST-000122,2026-08-01,19,18.86,0.791,2026-08-22
CUST-000123,2026-03-01,15,40.16,0.594,2026-03-01
CUST-000123,2026-04-01,14,34.01,0.553,2026-04-07
CUST-000123,2026-05-01,12,35.65,0.627,2026-05-27
CUST-000123,2026-06-01,12,34.93,0.565,2026-06-13
CUST-000123,2026-07-01,15,39.75,0.574,2026-07-13
CUST-000123,2026-08-01,13,36.37,0.563,2026-08-19
CUST-000124,2026-03-01,21,19.17,0.37,2026-03-16
CUST-000124,2026-04-01,15,16.19,0.32,2026-04-19
CUST-000124,2026-05-01,21,15.66,0.4,2026-05-04
CUST-000124,2026-06-01,15,16.07,0.358,2026-06-21
CUST-000124,2026-07-01,19,18.55,0.282,2026-07-27
CUST-000124,2026-08-01,22,18.58,0.392,2026-08-08
CUST-000125,2026-03-01,20,27.04,0.481,2026-03-02
CUST-000125,2026-04-01,20,23.23,0.504,2026-04-08
CUST-000125,2026-05-01,17,29.56,0.544,2026-05-27
CUST-000125,2026-06-01,20,27.09,0.519,2026-06-27
CUST-000125,2026-07-01,22,19.79,0.472,2026-07-01
CUST-000125,2026-08-01,19,27.12,0.516,2026-08-17
CUST-000126,2026-03-01,5,34.47,0.592,2026-03-17
CUST-000126,2026-04-01,7,42.43,0.658,2026-04-25
CUST-000126,2026-05-01,12,39.78,0.575,2026-05-22
CUST-000126,2026-06-01,13,42.81,0.629,2026-06-04
CUST-000126,2026-07-01,11,36.75,0.592,2026-07-20
CUST-000126,2026-08-01,8,36.26,0.52,2026-08-17
CUST-000127,2026-03-01,16,43.47,0.793,2026-03-27
CUST-000127,2026-04-01,18,37.97,0.779,2026-04-02
CUST-000127,2026-05-01,14,40.17,0.729,2026-05-27
CUST-000127,2026-06-01,18,33.2,0.726,2026-06-13
CUST-000127,2026-07-01,15,36.9,0.766,2026-07-05
CUST-000127,2026-08-01,15,38.87,0.816,2026-08-26
CUST-000128,2026-03-01,8,18.48,0.746,2026-03-01
CUST-000128,2026-04-01,8,15.62,0.79,2026-04-18
CUST-000128,2026-05-01,12,18.81,0.821,2026-05-25
CUST-000128,2026-06-01,5,11.41,0.796,2026-06-14
CUST-000128,2026-07-01,9,21.7,0.81,2026-07-01
CUST-000128,2026-08-01,14,19.57,0.817,2026-08-08
CUST-000129,2026-03-01,13,19.04,0.617,2026-03-21
CUST-000129,2026-04-01,11,16.28,0.54,2026-04-20
CUST-000129,2026-05-01,11,14.77,0.453,2026-05-26
CUST-000129,2026-06-01,9,12.71,0.397,2026-06-03
CUST-000129,2026-07-01,8,12.38,0.359,2026-07-04
CUST-000129,2026-08-01,3,12.72,0.282,2026-08-08
CUST-000130,2026-03-01,26,29.62,0.539,2026-03-07
CUST-000130,2026-04-01,24,28.79,0.528,2026-04-24
CUST-000130,2026-05-01,20,28.16,0.521,2026-05-12
CUST-000130,2026-06-01,24,20.98,0.532,2026-06-08
CUST-000130,2026-07-01,21,21.01,0.401,2026-07-17
CUST-000130,2026-08-01,22,23.28,0.559,2026-08-12
CUST-000131,2026-03-01,13,26.6,0.585,2026-03-27
CUST-000131,2026-04-01,5,28.7,0.56,2026-04-03
CUST-000131,2026-05-01,9,15.39,0.485,2026-05-07
CUST-000131,2026-06-01,8,12.98,0.451,2026-06-08
CUST-000131,2026-07-01,3,14.23,0.257,2026-07-16
CUST-000131,2026-08-01,4,14.63,0.244,2026-08-01
CUST-000132,2026-03-01,21,13.36,0.712,2026-03-19
CUST-000132,2026-04-01,19,13.99,0.771,2026-04-27
CUST-000132,2026-05-01,19,13.41,0.685,2026-05-27
CUST-000132,2026-06-01,21,10.27,0.691,2026-06-20
CUST-000132,2026-07-01,22,12.95,0.626,2026-07-08
CUST-000132,2026-08-01,23,10.35,0.646,2026-08-18
CUST-000133,2026-03-01,20,18.16,0.722,2026-03-20
CUST-000133,2026-04-01,21,13.06,0.66,2026-04-04
CUST-000133,2026-05-01,19,17.55,0.718,2026-05-13
CUST-000133,2026-06-01,14,10.55,0.589,2026-06-27
CUST-000133,2026-07-01,15,14.98,0.725,2026-07-21
CUST-000133,2026-08-01,16,8.96,0.732,2026-08-07
CUST-000134,2026-03-01,14,19.4,0.41,2026-03-12
CUST-000134,2026-04-01,15,18.36,0.439,2026-04-09
CUST-000134,2026-05-01,15,24.14,0.518,2026-05-10
CUST-000134,2026-06-01,14,24.05,0.469,2026-06-18
CUST-000134,2026-07-01,12,13.64,0.513,2026-07-01
CUST-000134,2026-08-01,11,20.03,0.497,2026-08-25
CUST-000135,2026-03-01,12,39.32,0.784,2026-03-27
CUST-000135,2026-04-01,11,42.31,0.673,2026-04-26
CUST-000135,2026-05-01,15,42.31,0.788,2026-05-11
CUST-000135,2026-06-01,6,39.98,0.762,2026-06-07
CUST-000135,2026-07-01,10,41.33,0.812,2026-07-10
CUST-000135,2026-08-01,13,36.93,0.731,2026-08-24
CUST-000136,2026-03-01,17,21.14,0.503,2026-03-03
CUST-000136,2026-04-01,23,31.86,0.476,2026-04-18
CUST-000136,2026-05-01,23,29.36,0.528,2026-05-01
CUST-000136,2026-06-01,20,23.71,0.484,2026-06-27
CUST-000136,2026-07-01,24,32.96,0.462,2026-07-14
CUST-000136,2026-08-01,18,35.28,0.514,2026-08-09
CUST-000137,2026-03-01,10,24.05,0.694,2026-03-20
CUST-000137,2026-04-01,6,23.26,0.61,2026-04-04
CUST-000137,2026-05-01,9,18.04,0.741,2026-05-24
CUST-000137,2026-06-01,9,16.28,0.703,2026-06-01
CUST-000137,2026-07-01,7,18.24,0.612,2026-07-15
CUST-000137,2026-08-01,7,22.26,0.679,2026-08-27
CUST-000138,2026-03-01,15,19.03,0.345,2026-03-03
CUST-000138,2026-04-01,12,23.04,0.304,2026-04-24
CUST-000138,2026-05-01,17,20.91,0.329,2026-05-25
CUST-000138,2026-06-01,14,22.09,0.349,2026-06-25
CUST-000138,2026-07-01,19,19.19,0.273,2026-07-26
CUST-000138,2026-08-01,12,17.49,0.31,2026-08-27
CUST-000139,2026-03-01,15,16.48,0.322,2026-03-16
CUST-000139,2026-04-01,18,12.03,0.364,2026-04-01
CUST-000139,2026-05-01,19,12.05,0.421,2026-05-06
CUST-000139,2026-06-01,16,13.91,0.35,2026-06-16
CUST-000139,2026-07-01,16,13.27,0.38,2026-07-11
CUST-000139,2026-08-01,19,13.53,0.447,2026-08-15
CUST-000140,2026-03-01,23,47.93,0.338,2026-03-15
CUST-000140,2026-04-01,21,42.22,0.366,2026-04-25
CUST-000140,2026-05-01,21,47.83,0.304,2026-05-17
CUST-000140,2026-06-01,25,50.29,0.308,2026-06-20
CUST-000140,2026-07-01,26,42.93,0.311,2026-07-23
CUST-000140,2026-08-01,20,45.9,0.287,2026-08-05
CUST-000141,2026-03-01,23,25.27,0.403,2026-03-16
CUST-000141,2026-04-01,19,26.83,0.351,2026-04-25
CUST-000141,2026-05-01,21,24.19,0.326,2026-05-01
CUST-000141,2026-06-01,13,18.07,0.246,2026-06-14
CUST-000141,2026-07-01,15,9.6,0.194,2026-07-26
CUST-000141,2026-08-01,12,14.5,0.193,2026-08-20
CUST-000142,2026-03-01,12,33.79,0.581,2026-03-04
CUST-000142,2026-04-01,14,32.94,0.531,2026-04-16
CUST-000142,2026-05-01,13,38.82,0.545,2026-05-14
CUST-000142,2026-06-01,14,36.55,0.56,2026-06-05
CUST-000142,2026-07-01,6,34.71,0.499,2026-07-09
CUST-000142,2026-08-01,16,38.75,0.571,2026-08-24
CUST-000143,2026-03-01,24,28.95,0.513,2026-03-03
CUST-000143,2026-04-01,19,23.43,0.435,2026-04-01
CUST-000143,2026-05-01,21,26.15,0.462,2026-05-27
CUST-000143,2026-06-01,21,21.8,0.478,2026-06-22
CUST-000143,2026-07-01,20,29.81,0.47,2026-07-10
CUST-000143,2026-08-01,19,23.97,0.542,2026-08-06
CUST-000144,2026-03-01,12,35.87,0.604,2026-03-27
CUST-000144,2026-04-01,11,29.37,0.679,2026-04-02
CUST-000144,2026-05-01,16,32.07,0.715,2026-05-09
CUST-000144,2026-06-01,16,32.67,0.662,2026-06-22
CUST-000144,2026-07-01,19,35.9,0.695,2026-07-19
CUST-000144,2026-08-01,17,33.61,0.634,2026-08-26
CUST-000145,2026-03-01,19,14.54,0.601,2026-03-12
CUST-000145,2026-04-01,13,20.07,0.551,2026-04-16
CUST-000145,2026-05-01,12,13.03,0.473,2026-05-09
CUST-000145,2026-06-01,7,13.71,0.448,2026-06-14
CUST-000145,2026-07-01,9,7.84,0.346,2026-07-08
CUST-000145,2026-08-01,10,10.38,0.274,2026-08-12
CUST-000146,2026-03-01,9,21.24,0.321,2026-03-16
CUST-000146,2026-04-01,8,10.8,0.308,2026-04-15
CUST-000146,2026-05-01,6,11.19,0.24,2026-05-06
CUST-000146,2026-06-01,5,11.8,0.219,2026-06-22
CUST-000146,2026-07-01,5,16.28,0.182,2026-07-13
CUST-000146,2026-08-01,5,7.19,0.157,2026-08-04
CUST-000147,2026-03-01,7,26.05,0.387,2026-03-13
CUST-000147,2026-04-01,9,36.29,0.314,2026-04-11
CUST-000147,2026-05-01,7,41.14,0.361,2026-05-23
CUST-000147,2026-06-01,12,30.94,0.382,2026-06-23
CUST-000147,2026-07-01,9,34.47,0.341,2026-07-18
CUST-000147,2026-08-01,7,38.02,0.379,2026-08-27
CUST-000148,2026-03-01,20,31.54,0.387,2026-03-23
CUST-000148,2026-04-01,18,25.55,0.3,2026-04-26
CUST-000148,2026-05-01,16,22.1,0.352,2026-05-02
CUST-000148,2026-06-01,19,24.33,0.349,2026-06-23
CUST-000148,2026-07-01,19,21.54,0.365,2026-07-08
CUST-000148,2026-08-01,22,28.7,0.389,2026-08-18
CUST-000149,2026-03-01,13,22.45,0.742,2026-03-23
CUST-000149,2026-04-01,7,14.88,0.663,2026-04-25
CUST-000149,2026-05-01,9,21.23,0.71,2026-05-13
CUST-000149,2026-06-01,10,17.64,0.747,2026-06-04
CUST-000149,2026-07-01,10,17.16,0.686,2026-07-01
CUST-000149,2026-08-01,10,16.23,0.691,2026-08-12
CUST-000150,2026-03-01,22,14.73,0.606,2026-03-06
CUST-000150,2026-04-01,21,16.66,0.541,2026-04-02
CUST-000150,2026-05-01,12,5.87,0.494,2026-05-05
CUST-000150,2026-06-01,11,9.43,0.384,2026-06-10
CUST-000150,2026-07-01,10,11.76,0.34,2026-07-27
CUST-000150,2026-08-01,14,2.52,0.283,2026-08-08
CUST-000151,2026-03-01,18,32.77,0.575,2026-03-18
CUST-000151,2026-04-01,19,34.83,0.575,2026-04-17
CUST-000151,2026-05-01,20,35.26,0.597,2026-05-04
CUST-000151,2026-06-01,18,34.08,0.633,2026-06-22
CUST-000151,2026-07-01,18,30.73,0.577,2026-07-14
CUST-000151,2026-08-01,21,32.99,0.576,2026-08-15
CUST-000152,2026-03-01,15,53.95,0.564,2026-03-24
CUST-000152,2026-04-01,20,47.8,0.619,2026-04-07
CUST-000152,2026-05-01,16,41.63,0.498,2026-05-07
CUST-000152,2026-06-01,21,47.85,0.583,2026-06-26
CUST-000152,2026-07-01,17,47.04,0.493,2026-07-05
CUST-000152,2026-08-01,17,41.02,0.502,2026-08-04
CUST-000153,2026-03-01,20,17.56,0.789,2026-03-15
CUST-000153,2026-04-01,23,11.43,0.737,2026-04-15
CUST-000153,2026-05-01,19,14.82,0.79,2026-05-13
CUST-000153,2026-06-01,17,14.72,0.683,2026-06-24
CUST-000153,2026-07-01,22,16.01,0.735,2026-07-05
CUST-000153,2026-08-01,19,17.57,0.739,2026-08-11
CUST-000154,2026-03-01,16,36.05,0.412,2026-03-06
CUST-000154,2026-04-01,16,32.38,0.402,2026-04-02
CUST-000154,2026-05-01,10,36.02,0.395,2026-05-20
CUST-000154,2026-06-01,17,34.68,0.376,2026-06-05
CUST-000154,2026-07-01,15,33.21,0.434,2026-07-06
CUST-000154,2026-08-01,15,30.3,0.41,2026-08-26
CUST-000155,2026-03-01,18,24.13,0.564,2026-03-19
CUST-000155,2026-04-01,14,19.98,0.584,2026-04-22
CUST-000155,2026-05-01,16,11.89,0.494,2026-05-01
CUST-000155,2026-06-01,18,16.37,0.361,2026-06-17
CUST-000155,2026-07-01,11,17.25,0.329,2026-07-13
CUST-000155,2026-08-01,7,11.08,0.193,2026-08-23
CUST-000156,2026-03-01,13,26.99,0.47,2026-03-02
CUST-000156,2026-04-01,15,32.87,0.494,2026-04-17
CUST-000156,2026-05-01,19,29.37,0.545,2026-05-12
CUST-000156,2026-06-01,18,24.59,0.533,2026-06-15
CUST-000156,2026-07-01,13,29.24,0.41,2026-07-19
CUST-000156,2026-08-01,18,29.07,0.454,2026-08-21
CUST-000157,2026-03-01,20,40.0,0.775,2026-03-18
CUST-000157,2026-04-01,23,43.21,0.752,2026-04-08
CUST-000157,2026-05-01,21,38.63,0.757,2026-05-18
CUST-000157,2026-06-01,20,40.28,0.788,2026-06-03
CUST-000157,2026-07-01,19,38.3,0.701,2026-07-19
CUST-000157,2026-08-01,18,40.74,0.707,2026-08-11
CUST-000158,2026-03-01,12,10.04,0.472,2026-03-27
CUST-000158,2026-04-01,13,13.67,0.532,2026-04-26
CUST-000158,2026-05-01,14,14.18,0.484,2026-05-21
CUST-000158,2026-06-01,16,15.04,0.559,2026-06-18
CUST-000158,2026-07-01,11,17.03,0.518,2026-07-23
CUST-000158,2026-08-01,10,9.05,0.548,2026-08-14
CUST-000159,2026-03-01,24,40.37,0.541,2026-03-02
CUST-000159,2026-04-01,23,41.17,0.522,2026-04-18
CUST-000159,2026-05-01,28,42.76,0.559,2026-05-11
CUST-000159,2026-06-01,24,45.12,0.561,2026-06-18
CUST-000159,2026-07-01,28,41.08,0.6,2026-07-04
CUST-000159,2026-08-01,20,44.06,0.552,2026-08-10
CUST-000160,2026-03-01,24,12.74,0.518,2026-03-21
CUST-000160,2026-04-01,22,15.75,0.562,2026-04-21
CUST-000160,2026-05-01,21,12.59,0.523,2026-05-09
CUST-000160,2026-06-01,22,10.91,0.505,2026-06-15
CUST-000160,2026-07-01,20,11.65,0.53,2026-07-11
CUST-000160,2026-08-01,25,10.08,0.52,2026-08-17
CUST-000161,2026-03-01,22,37.42,0.573,2026-03-19
CUST-000161,2026-04-01,26,35.28,0.648,2026-04-24
CUST-000161,2026-05-01,25,36.57,0.68,2026-05-08
CUST-000161,2026-06-01,25,35.66,0.718,2026-06-24
CUST-000161,2026-07-01,21,40.89,0.709,2026-07-07
CUST-000161,2026-08-01,28,40.55,0.746,2026-08-12
CUST-000162,2026-03-01,15,11.73,0.35,2026-03-23
CUST-000162,2026-04-01,13,15.58,0.321,2026-04-15
CUST-000162,2026-05-01,18,17.23,0.389,2026-05-20
CUST-000162,2026-06-01,16,15.83,0.421,2026-06-16
CUST-000162,2026-07-01,17,12.03,0.347,2026-07-18
CUST-000162,2026-08-01,13,13.9,0.278,2026-08-17
CUST-000163,2026-03-01,19,21.84,0.821,2026-03-24
CUST-000163,2026-04-01,15,12.68,0.715,2026-04-08
CUST-000163,2026-05-01,20,22.04,0.82,2026-05-06
CUST-000163,2026-06-01,14,18.52,0.801,2026-06-21
CUST-000163,2026-07-01,20,20.22,0.768,2026-07-13
CUST-000163,2026-08-01,19,16.02,0.802,2026-08-08
CUST-000164,2026-03-01,11,36.94,0.484,2026-03-21
CUST-000164,2026-04-01,16,32.56,0.396,2026-04-25
CUST-000164,2026-05-01,12,25.96,0.402,2026-05-09
CUST-000164,2026-06-01,10,18.66,0.314,2026-06-24
CUST-000164,2026-07-01,7,16.09,0.253,2026-07-04
CUST-000164,2026-08-01,6,11.09,0.2,2026-08-12
CUST-000165,2026-03-01,20,24.61,0.515,2026-03-27
CUST-000165,2026-04-01,25,31.16,0.573,2026-04-18
CUST-000165,2026-05-01,20,28.78,0.572,2026-05-03
CUST-000165,2026-06-01,21,24.19,0.533,2026-06-07
CUST-000165,2026-07-01,18,17.77,0.467,2026-07-01
CUST-000165,2026-08-01,21,26.51,0.492,2026-08-06
CUST-000166,2026-03-01,26,31.74,0.623,2026-03-18
CUST-000166,2026-04-01,26,27.82,0.578,2026-04-05
CUST-000166,2026-05-01,22,30.13,0.615,2026-05-15
CUST-000166,2026-06-01,24,26.66,0.661,2026-06-22
CUST-000166,2026-07-01,21,28.29,0.566,2026-07-18
CUST-000166,2026-08-01,25,30.23,0.693,2026-08-10
CUST-000167,2026-03-01,27,26.18,0.721,2026-03-22
CUST-000167,2026-04-01,24,23.84,0.738,2026-04-01
CUST-000167,2026-05-01,24,26.64,0.699,2026-05-05
CUST-000167,2026-06-01,26,19.55,0.742,2026-06-11
CUST-000167,2026-07-01,22,24.29,0.669,2026-07-01
CUST-000167,2026-08-01,24,29.02,0.726,2026-08-23
CUST-000168,2026-03-01,17,44.05,0.848,2026-03-04
CUST-000168,2026-04-01,15,42.14,0.72,2026-04-12
CUST-000168,2026-05-01,19,40.24,0.827,2026-05-20
CUST-000168,2026-06-01,14,39.28,0.75,2026-06-01
CUST-000168,2026-07-01,16,39.36,0.773,2026-07-17
CUST-000168,2026-08-01,18,39.79,0.829,2026-08-07
CUST-000169,2026-03-01,16,39.93,0.387,2026-03-22
CUST-000169,2026-04-01,17,36.09,0.332,2026-04-10
CUST-000169,2026-05-01,23,39.24,0.318,2026-05-13
CUST-000169,2026-06-01,17,38.37,0.398,2026-06-18
CUST-000169,2026-07-01,15,30.39,0.342,2026-07-26
CUST-000169,2026-08-01,17,38.41,0.379,2026-08-22
CUST-000170,2026-03-01,10,13.91,0.485,2026-03-07
CUST-000170,2026-04-01,14,19.07,0.614,2026-04-15
CUST-000170,2026-05-01,11,14.88,0.653,2026-05-21
CUST-000170,2026-06-01,13,14.72,0.534,2026-06-11
CUST-000170,2026-07-01,12,16.49,0.599,2026-07-12
CUST-000170,2026-08-01,15,19.29,0.574,2026-08-08
CUST-000171,2026-03-01,8,17.92,0.742,2026-03-12
CUST-000171,2026-04-01,5,18.01,0.632,2026-04-13
CUST-000171,2026-05-01,1,9.91,0.532,2026-05-03
CUST-000171,2026-06-01,9,11.72,0.457,2026-06-10
CUST-000171,2026-07-01,3,12.7,0.431,2026-07-26
CUST-000171,2026-08-01,3,6.12,0.308,2026-08-20
CUST-000172,2026-03-01,17,31.45,0.489,2026-03-27
CUST-000172,2026-04-01,17,34.28,0.444,2026-04-08
CUST-000172,2026-05-01,15,28.02,0.439,2026-05-05
CUST-000172,2026-06-01,10,21.82,0.365,2026-06-27
CUST-000172,2026-07-01,9,21.81,0.29,2026-07-11
CUST-000172,2026-08-01,7,15.79,0.252,2026-08-10
CUST-000173,2026-03-01,10,24.11,0.248,2026-03-12
CUST-000173,2026-04-01,12,20.96,0.293,2026-04-08
CUST-000173,2026-05-01,10,12.03,0.28,2026-05-01
CUST-000173,2026-06-01,5,14.15,0.19,2026-06-21
CUST-000173,2026-07-01,6,12.11,0.224,2026-07-18
CUST-000173,2026-08-01,6,9.96,0.118,2026-08-04
CUST-000174,2026-03-01,18,20.73,0.398,2026-03-08
CUST-000174,2026-04-01,17,30.44,0.485,2026-04-04
CUST-000174,2026-05-01,17,30.61,0.476,2026-05-09
CUST-000174,2026-06-01,17,30.87,0.521,2026-06-01
CUST-000174,2026-07-01,18,25.83,0.458,2026-07-19
CUST-000174,2026-08-01,17,24.13,0.456,2026-08-13
CUST-000175,2026-03-01,11,28.6,0.651,2026-03-15
CUST-000175,2026-04-01,15,37.72,0.694,2026-04-23
CUST-000175,2026-05-01,17,29.32,0.621,2026-05-18
CUST-000175,2026-06-01,10,34.56,0.551,2026-06-12
CUST-000175,2026-07-01,18,43.69,0.724,2026-07-08
CUST-000175,2026-08-01,14,32.99,0.617,2026-08-17
CUST-000176,2026-03-01,12,29.95,0.638,2026-03-10
CUST-000176,2026-04-01,14,33.23,0.725,2026-04-11
CUST-000176,2026-05-01,12,35.19,0.672,2026-05-11
CUST-000176,2026-06-01,15,31.76,0.688,2026-06-15
CUST-000176,2026-07-01,15,34.12,0.662,2026-07-03
CUST-000176,2026-08-01,10,36.01,0.71,2026-08-06
CUST-000177,2026-03-01,12,10.91,0.473,2026-03-11
CUST-000177,2026-04-01,9,10.31,0.431,2026-04-18
CUST-000177,2026-05-01,14,6.67,0.344,2026-05-21
CUST-000177,2026-06-01,10,7.73,0.327,2026-06-15
CUST-000177,2026-07-01,5,7.39,0.235,2026-07-24
CUST-000177,2026-08-01,9,0.76,0.197,2026-08-08
CUST-000178,2026-03-01,15,41.39,0.748,2026-03-01
CUST-000178,2026-04-01,10,38.18,0.726,2026-04-16
CUST-000178,2026-05-01,17,34.45,0.759,2026-05-01
CUST-000178,2026-06-01,16,34.08,0.702,2026-06-24
CUST-000178,2026-07-01,15,35.98,0.733,2026-07-03
CUST-000178,2026-08-01,16,38.88,0.775,2026-08-19
CUST-000179,2026-03-01,11,35.17,0.598,2026-03-08
CUST-000179,2026-04-01,16,40.14,0.659,2026-04-09
CUST-000179,2026-05-01,11,40.06,0.705,2026-05-11
CUST-000179,2026-06-01,12,36.11,0.621,2026-06-20
CUST-000179,2026-07-01,16,40.21,0.722,2026-07-01
CUST-000179,2026-08-01,15,38.29,0.679,2026-08-11
CUST-000180,2026-03-01,28,45.72,0.401,2026-03-22
CUST-000180,2026-04-01,28,38.47,0.402,2026-04-22
CUST-000180,2026-05-01,28,47.88,0.37,2026-05-22
CUST-000180,2026-06-01,26,45.86,0.376,2026-06-04
CUST-000180,2026-07-01,27,41.04,0.386,2026-07-20
CUST-000180,2026-08-01,27,39.43,0.344,2026-08-23
CUST-000181,2026-03-01,17,40.77,0.456,2026-03-24
CUST-000181,2026-04-01,13,37.63,0.54,2026-04-08
CUST-000181,2026-05-01,16,36.67,0.443,2026-05-09
CUST-000181,2026-06-01,17,41.25,0.547,2026-06-18
CUST-000181,2026-07-01,12,40.78,0.457,2026-07-11
CUST-000181,2026-08-01,15,31.34,0.444,2026-08-09
CUST-000182,2026-03-01,9,21.03,0.472,2026-03-05
CUST-000182,2026-04-01,12,23.81,0.531,2026-04-09
CUST-000182,2026-05-01,13,28.41,0.489,2026-05-25
CUST-000182,2026-06-01,12,17.11,0.522,2026-06-22
CUST-000182,2026-07-01,13,21.17,0.567,2026-07-22
CUST-000182,2026-08-01,10,21.94,0.525,2026-08-09
CUST-000183,2026-03-01,7,33.95,0.321,2026-03-13
CUST-000183,2026-04-01,6,28.79,0.198,2026-04-12
CUST-000183,2026-05-01,5,28.99,0.172,2026-05-04
CUST-000183,2026-06-01,6,21.53,0.191,2026-06-01
CUST-000183,2026-07-01,3,21.79,0.133,2026-07-10
CUST-000183,2026-08-01,3,17.48,0.139,2026-08-05
CUST-000184,2026-03-01,17,22.49,0.478,2026-03-18
CUST-000184,2026-04-01,16,22.92,0.407,2026-04-22
CUST-000184,2026-05-01,20,18.86,0.45,2026-05-04
CUST-000184,2026-06-01,19,24.88,0.487,2026-06-16
CUST-000184,2026-07-01,19,21.3,0.501,2026-07-02
CUST-000184,2026-08-01,18,25.69,0.485,2026-08-15
CUST-000185,2026-03-01,23,11.4,0.63,2026-03-23
CUST-000185,2026-04-01,25,12.08,0.572,2026-04-19
CUST-000185,2026-05-01,20,10.53,0.564,2026-05-27
CUST-000185,2026-06-01,22,6.91,0.606,2026-06-08
CUST-000185,2026-07-01,25,10.29,0.573,2026-07-23
CUST-000185,2026-08-01,24,12.38,0.606,2026-08-12
CUST-000186,2026-03-01,10,25.81,0.664,2026-03-14
CUST-000186,2026-04-01,8,29.0,0.58,2026-04-13
CUST-000186,2026-05-01,11,27.93,0.596,2026-05-07
CUST-000186,2026-06-01,11,23.63,0.646,2026-06-26
CUST-000186,2026-07-01,9,19.7,0.541,2026-07-03
CUST-000186,2026-08-01,10,22.56,0.582,2026-08-03
CUST-000187,2026-03-01,12,31.01,0.419,2026-03-22
CUST-000187,2026-04-01,7,25.8,0.349,2026-04-13
CUST-000187,2026-05-01,7,27.95,0.272,2026-05-08
CUST-000187,2026-06-01,4,24.72,0.258,2026-06-10
CUST-000187,2026-07-01,5,12.25,0.223,2026-07-09
CUST-000187,2026-08-01,5,13.35,0.137,2026-08-14
CUST-000188,2026-03-01,19,9.48,0.72,2026-03-02
CUST-000188,2026-04-01,22,8.05,0.738,2026-04-24
CUST-000188,2026-05-01,16,9.68,0.702,2026-05-26
CUST-000188,2026-06-01,16,13.04,0.607,2026-06-04
CUST-000188,2026-07-01,17,11.86,0.612,2026-07-20
CUST-000188,2026-08-01,18,8.4,0.747,2026-08-05
CUST-000189,2026-03-01,17,39.72,0.667,2026-03-23
CUST-000189,2026-04-01,12,43.54,0.556,2026-04-10
CUST-000189,2026-05-01,17,43.84,0.639,2026-05-25
CUST-000189,2026-06-01,15,40.4,0.621,2026-06-22
CUST-000189,2026-07-01,17,45.69,0.627,2026-07-15
CUST-000189,2026-08-01,13,34.02,0.531,2026-08-25
CUST-000190,2026-03-01,16,35.38,0.777,2026-03-23
CUST-000190,2026-04-01,11,30.7,0.67,2026-04-11
CUST-000190,2026-05-01,12,27.83,0.645,2026-05-01
CUST-000190,2026-06-01,10,31.4,0.737,2026-06-02
CUST-000190,2026-07-01,11,29.47,0.731,2026-07-11
CUST-000190,2026-08-01,14,37.49,0.811,2026-08-12
CUST-000191,2026-03-01,15,21.87,0.63,2026-03-27
CUST-000191,2026-04-01,13,30.34,0.564,2026-04-26
CUST-000191,2026-05-01,16,28.21,0.653,2026-05-07
CUST-000191,2026-06-01,15,28.55,0.657,2026-06-04
CUST-000191,2026-07-01,9,29.09,0.587,2026-07-09
CUST-000191,2026-08-01,11,25.63,0.714,2026-08-15
CUST-000192,2026-03-01,10,31.23,0.434,2026-03-12
CUST-000192,2026-04-01,15,30.16,0.383,2026-04-22
CUST-000192,2026-05-01,14,35.68,0.501,2026-05-25
CUST-000192,2026-06-01,12,29.69,0.452,2026-06-27
CUST-000192,2026-07-01,15,29.22,0.487,2026-07-23
CUST-000192,2026-08-01,14,33.77,0.448,2026-08-06
CUST-000193,2026-03-01,21,40.75,0.684,2026-03-27
CUST-000193,2026-04-01,22,39.88,0.729,2026-04-12
CUST-000193,2026-05-01,27,41.87,0.674,2026-05-07
CUST-000193,2026-06-01,26,39.76,0.626,2026-06-21
CUST-000193,2026-07-01,25,40.79,0.635,2026-07-10
CUST-000193,2026-08-01,19,38.72,0.706,2026-08-24
CUST-000194,2026-03-01,13,23.54,0.474,2026-03-05
CUST-000194,2026-04-01,9,24.48,0.392,2026-04-15
CUST-000194,2026-05-01,10,19.97,0.354,2026-05-02
CUST-000194,2026-06-01,6,18.56,0.271,2026-06-22
CUST-000194,2026-07-01,8,16.81,0.225,2026-07-02
CUST-000194,2026-08-01,3,7.22,0.18,2026-08-21
CUST-000195,2026-03-01,20,29.64,0.645,2026-03-06
CUST-000195,2026-04-01,18,28.2,0.544,2026-04-03
CUST-000195,2026-05-01,22,26.4,0.569,2026-05-03
CUST-000195,2026-06-01,26,32.63,0.56,2026-06-01
CUST-000195,2026-07-01,21,27.75,0.581,2026-07-09
CUST-000195,2026-08-01,20,29.92,0.629,2026-08-17
CUST-000196,2026-03-01,14,24.81,0.588,2026-03-23
CUST-000196,2026-04-01,11,25.43,0.476,2026-04-08
CUST-000196,2026-05-01,8,23.56,0.408,2026-05-25
CUST-000196,2026-06-01,10,24.65,0.359,2026-06-03
CUST-000196,2026-07-01,6,12.07,0.37,2026-07-21
CUST-000196,2026-08-01,4,18.26,0.284,2026-08-09
CUST-000197,2026-03-01,15,33.83,0.492,2026-03-09
CUST-000197,2026-04-01,17,35.18,0.576,2026-04-01
CUST-000197,2026-05-01,14,35.57,0.587,2026-05-12
CUST-000197,2026-06-01,14,28.78,0.56,2026-06-03
CUST-000197,2026-07-01,13,30.47,0.567,2026-07-07
CUST-000197,2026-08-01,17,31.29,0.563,2026-08-09
CUST-000198,2026-03-01,23,14.26,0.595,2026-03-13
CUST-000198,2026-04-01,23,13.97,0.596,2026-04-13
CUST-000198,2026-05-01,22,10.91,0.601,2026-05-24
CUST-000198,2026-06-01,17,7.61,0.504,2026-06-14
CUST-000198,2026-07-01,19,12.46,0.616,2026-07-23
CUST-000198,2026-08-01,19,6.52,0.642,2026-08-02
CUST-000199,2026-03-01,11,37.55,0.469,2026-03-27
CUST-000199,2026-04-01,11,38.52,0.516,2026-04-23
CUST-000199,2026-05-01,14,33.14,0.477,2026-05-21
CUST-000199,2026-06-01,10,33.22,0.458,2026-06-08
CUST-000199,2026-07-01,13,36.46,0.48,2026-07-12
CUST-000199,2026-08-01,7,47.05,0.486,2026-08-23
CUST-000200,2026-03-01,13,11.01,0.282,2026-03-25
CUST-000200,2026-04-01,10,13.23,0.305,2026-04-08
CUST-000200,2026-05-01,10,9.36,0.201,2026-05-10
CUST-000200,2026-06-01,10,7.41,0.213,2026-06-04
CUST-000200,2026-07-01,8,3.56,0.204,2026-07-11
CUST-000200,2026-08-01,9,6.64,0.193,2026-08-15
CUST-000201,2026-03-01,22,11.94,0.615,2026-03-27
CUST-000201,2026-04-01,24,9.02,0.687,2026-04-19
CUST-000201,2026-05-01,25,15.16,0.669,2026-05-20
CUST-000201,2026-06-01,23,15.23,0.702,2026-06-18
CUST-000201,2026-07-01,17,12.05,0.616,2026-07-25
CUST-000201,2026-08-01,24,10.28,0.71,2026-08-08
CUST-000202,2026-03-01,15,37.38,0.712,2026-03-03
CUST-000202,2026-04-01,17,33.82,0.725,2026-04-19
CUST-000202,2026-05-01,19,32.88,0.702,2026-05-08
CUST-000202,2026-06-01,16,38.35,0.708,2026-06-19
CUST-000202,2026-07-01,15,36.9,0.682,2026-07-14
CUST-000202,2026-08-01,17,44.26,0.65,2026-08-26
CUST-000203,2026-03-01,14,32.44,0.503,2026-03-04
CUST-000203,2026-04-01,11,30.61,0.465,2026-04-22
CUST-000203,2026-05-01,14,25.62,0.351,2026-05-03
CUST-000203,2026-06-01,6,20.03,0.347,2026-06-27
CUST-000203,2026-07-01,8,13.75,0.26,2026-07-19
CUST-000203,2026-08-01,6,18.02,0.19,2026-08-07
CUST-000204,2026-03-01,7,24.04,0.274,2026-03-27
CUST-000204,2026-04-01,10,21.21,0.264,2026-04-20
CUST-000204,2026-05-01,6,22.74,0.198,2026-05-16
CUST-000204,2026-06-01,8,23.42,0.26,2026-06-07
CUST-000204,2026-07-01,4,13.35,0.178,2026-07-07
CUST-000204,2026-08-01,0,12.38,0.115,2026-08-17
CUST-000205,2026-03-01,18,15.45,0.474,2026-03-16
CUST-000205,2026-04-01,16,8.93,0.406,2026-04-06
CUST-000205,2026-05-01,15,12.76,0.356,2026-05-24
CUST-000205,2026-06-01,12,9.72,0.346,2026-06-16
CUST-000205,2026-07-01,8,4.9,0.28,2026-07-09
CUST-000205,2026-08-01,7,9.29,0.165,2026-08-16
CUST-000206,2026-03-01,21,17.25,0.42,2026-03-04
CUST-000206,2026-04-01,23,17.71,0.365,2026-04-16
CUST-000206,2026-05-01,22,15.14,0.429,2026-05-23
CUST-000206,2026-06-01,21,24.91,0.333,2026-06-08
CUST-000206,2026-07-01,20,17.69,0.405,2026-07-04
CUST-000206,2026-08-01,20,14.36,0.411,2026-08-15
CUST-000207,2026-03-01,26,47.99,0.852,2026-03-09
CUST-000207,2026-04-01,26,44.28,0.859,2026-04-19
CUST-000207,2026-05-01,25,43.65,0.804,2026-05-20
CUST-000207,2026-06-01,19,36.42,0.727,2026-06-17
CUST-000207,2026-07-01,26,45.08,0.862,2026-07-05
CUST-000207,2026-08-01,25,44.28,0.761,2026-08-01
CUST-000208,2026-03-01,21,23.63,0.659,2026-03-16
CUST-000208,2026-04-01,21,23.55,0.66,2026-04-20
CUST-000208,2026-05-01,19,26.56,0.723,2026-05-14
CUST-000208,2026-06-01,25,26.9,0.766,2026-06-22
CUST-000208,2026-07-01,17,24.67,0.69,2026-07-19
CUST-000208,2026-08-01,20,26.52,0.708,2026-08-02
CUST-000209,2026-03-01,23,21.62,0.401,2026-03-23
CUST-000209,2026-04-01,15,16.21,0.295,2026-04-17
CUST-000209,2026-05-01,23,17.01,0.348,2026-05-17
CUST-000209,2026-06-01,18,22.57,0.373,2026-06-18
CUST-000209,2026-07-01,17,16.61,0.321,2026-07-19
CUST-000209,2026-08-01,20,19.88,0.363,2026-08-13
CUST-000210,2026-03-01,15,26.8,0.521,2026-03-09
CUST-000210,2026-04-01,18,25.63,0.532,2026-04-12
CUST-000210,2026-05-01,17,20.5,0.52,2026-05-01
CUST-000210,2026-06-01,15,27.65,0.537,2026-06-17
CUST-000210,2026-07-01,14,28.6,0.467,2026-07-08
CUST-000210,2026-08-01,16,25.31,0.485,2026-08-24
CUST-000211,2026-03-01,16,17.48,0.772,2026-03-03
CUST-000211,2026-04-01,17,15.07,0.744,2026-04-25
CUST-000211,2026-05-01,9,17.9,0.675,2026-05-25
CUST-000211,2026-06-01,14,14.09,0.698,2026-06-01
CUST-000211,2026-07-01,16,12.94,0.71,2026-07-05
CUST-000211,2026-08-01,17,11.06,0.652,2026-08-27
CUST-000212,2026-03-01,15,43.58,0.53,2026-03-23
CUST-000212,2026-04-01,18,43.2,0.393,2026-04-23
CUST-000212,2026-05-01,21,40.79,0.562,2026-05-12
CUST-000212,2026-06-01,16,45.35,0.528,2026-06-11
CUST-000212,2026-07-01,22,45.23,0.631,2026-07-22
CUST-000212,2026-08-01,16,38.22,0.465,2026-08-13
CUST-000213,2026-03-01,10,36.02,0.569,2026-03-22
CUST-000213,2026-04-01,8,33.43,0.522,2026-04-13
CUST-000213,2026-05-01,7,33.09,0.44,2026-05-02
CUST-000213,2026-06-01,9,24.45,0.397,2026-06-23
CUST-000213,2026-07-01,4,22.67,0.386,2026-07-03
CUST-000213,2026-08-01,6,13.83,0.337,2026-08-26
CUST-000214,2026-03-01,12,27.48,0.408,2026-03-22
CUST-000214,2026-04-01,12,32.08,0.502,2026-04-07
CUST-000214,2026-05-01,12,32.41,0.469,2026-05-22
CUST-000214,2026-06-01,9,27.37,0.4,2026-06-22
CUST-000214,2026-07-01,11,29.64,0.441,2026-07-03
CUST-000214,2026-08-01,9,33.3,0.504,2026-08-20
CUST-000215,2026-03-01,11,29.85,0.352,2026-03-24
CUST-000215,2026-04-01,7,25.1,0.339,2026-04-24
CUST-000215,2026-05-01,8,30.8,0.377,2026-05-05
CUST-000215,2026-06-01,8,28.56,0.28,2026-06-06
CUST-000215,2026-07-01,7,29.37,0.324,2026-07-07
CUST-000215,2026-08-01,9,25.1,0.352,2026-08-13
CUST-000216,2026-03-01,24,31.17,0.791,2026-03-11
CUST-000216,2026-04-01,25,34.55,0.739,2026-04-17
CUST-000216,2026-05-01,25,37.4,0.716,2026-05-16
CUST-000216,2026-06-01,25,32.94,0.686,2026-06-04
CUST-000216,2026-07-01,27,39.85,0.832,2026-07-25
CUST-000216,2026-08-01,28,41.06,0.68,2026-08-24
CUST-000217,2026-03-01,16,43.61,0.893,2026-03-14
CUST-000217,2026-04-01,17,50.41,0.864,2026-04-25
CUST-000217,2026-05-01,17,52.33,0.867,2026-05-17
CUST-000217,2026-06-01,18,49.25,0.834,2026-06-24
CUST-000217,2026-07-01,15,36.44,0.733,2026-07-02
CUST-000217,2026-08-01,15,48.19,0.74,2026-08-02
CUST-000218,2026-03-01,17,40.52,0.496,2026-03-17
CUST-000218,2026-04-01,18,27.08,0.403,2026-04-20
CUST-000218,2026-05-01,14,27.92,0.264,2026-05-19
CUST-000218,2026-06-01,12,24.96,0.291,2026-06-19
CUST-000218,2026-07-01,10,23.15,0.254,2026-07-21
CUST-000218,2026-08-01,8,15.08,0.18,2026-08-16
CUST-000219,2026-03-01,11,28.99,0.382,2026-03-13
CUST-000219,2026-04-01,12,21.98,0.338,2026-04-06
CUST-000219,2026-05-01,11,18.39,0.377,2026-05-27
CUST-000219,2026-06-01,9,24.52,0.369,2026-06-06
CUST-000219,2026-07-01,11,25.19,0.38,2026-07-13
CUST-000219,2026-08-01,9,25.55,0.376,2026-08-16
CUST-000220,2026-03-01,14,18.9,0.523,2026-03-13
CUST-000220,2026-04-01,13,15.28,0.565,2026-04-21
CUST-000220,2026-05-01,14,11.31,0.568,2026-05-15
CUST-000220,2026-06-01,16,10.97,0.52,2026-06-02
CUST-000220,2026-07-01,13,6.69,0.51,2026-07-08
CUST-000220,2026-08-01,12,16.02,0.587,2026-08-04
CUST-000221,2026-03-01,12,19.31,0.746,2026-03-22
CUST-000221,2026-04-01,12,22.71,0.781,2026-04-18
CUST-000221,2026-05-01,13,26.09,0.671,2026-05-06
CUST-000221,2026-06-01,11,28.45,0.72,2026-06-17
CUST-000221,2026-07-01,12,32.51,0.668,2026-07-15
CUST-000221,2026-08-01,12,29.4,0.725,2026-08-07
CUST-000222,2026-03-01,23,10.35,0.752,2026-03-08
CUST-000222,2026-04-01,23,13.01,0.684,2026-04-04
CUST-000222,2026-05-01,23,15.86,0.711,2026-05-11
CUST-000222,2026-06-01,20,11.48,0.603,2026-06-25
CUST-000222,2026-07-01,22,10.07,0.652,2026-07-04
CUST-000222,2026-08-01,19,13.16,0.669,2026-08-01
CUST-000223,2026-03-01,11,36.85,0.726,2026-03-24
CUST-000223,2026-04-01,13,45.32,0.676,2026-04-11
CUST-000223,2026-05-01,12,40.24,0.629,2026-05-06
CUST-000223,2026-06-01,12,39.57,0.735,2026-06-05
CUST-000223,2026-07-01,6,42.48,0.618,2026-07-20
CUST-000223,2026-08-01,11,43.7,0.767,2026-08-02
CUST-000224,2026-03-01,17,21.1,0.746,2026-03-16
CUST-000224,2026-04-01,17,19.56,0.813,2026-04-08
CUST-000224,2026-05-01,16,25.6,0.747,2026-05-05
CUST-000224,2026-06-01,19,26.04,0.896,2026-06-16
CUST-000224,2026-07-01,15,20.87,0.792,2026-07-24
CUST-000224,2026-08-01,17,29.05,0.84,2026-08-26
CUST-000225,2026-03-01,27,43.16,0.532,2026-03-09
CUST-000225,2026-04-01,23,47.77,0.529,2026-04-20
CUST-000225,2026-05-01,29,53.97,0.68,2026-05-20
CUST-000225,2026-06-01,24,40.61,0.555,2026-06-21
CUST-000225,2026-07-01,28,46.42,0.641,2026-07-24
CUST-000225,2026-08-01,22,46.43,0.533,2026-08-24
CUST-000226,2026-03-01,20,34.15,0.4,2026-03-08
CUST-000226,2026-04-01,16,36.41,0.429,2026-04-04
CUST-000226,2026-05-01,21,36.81,0.484,2026-05-21
CUST-000226,2026-06-01,17,38.36,0.413,2026-06-18
CUST-000226,2026-07-01,16,44.69,0.376,2026-07-04
CUST-000226,2026-08-01,19,36.38,0.467,2026-08-19
CUST-000227,2026-03-01,11,49.39,0.442,2026-03-25
CUST-000227,2026-04-01,15,44.83,0.363,2026-04-26
CUST-000227,2026-05-01,18,40.35,0.394,2026-05-09
CUST-000227,2026-06-01,17,39.91,0.376,2026-06-26
CUST-000227,2026-07-01,17,46.15,0.49,2026-07-11
CUST-000227,2026-08-01,15,47.55,0.356,2026-08-17
CUST-000228,2026-03-01,20,11.3,0.418,2026-03-02
CUST-000228,2026-04-01,18,10.87,0.395,2026-04-10
CUST-000228,2026-05-01,15,15.13,0.336,2026-05-20
CUST-000228,2026-06-01,18,9.67,0.415,2026-06-02
CUST-000228,2026-07-01,13,5.55,0.39,2026-07-15
CUST-000228,2026-08-01,17,14.94,0.324,2026-08-02
CUST-000229,2026-03-01,12,45.83,0.83,2026-03-26
CUST-000229,2026-04-01,8,37.48,0.744,2026-04-19
CUST-000229,2026-05-01,9,47.18,0.758,2026-05-21
CUST-000229,2026-06-01,13,43.87,0.823,2026-06-09
CUST-000229,2026-07-01,10,43.25,0.772,2026-07-12
CUST-000229,2026-08-01,9,46.3,0.813,2026-08-22
CUST-000230,2026-03-01,5,28.71,0.354,2026-03-23
CUST-000230,2026-04-01,6,27.33,0.267,2026-04-23
CUST-000230,2026-05-01,5,18.09,0.343,2026-05-14
CUST-000230,2026-06-01,5,20.7,0.259,2026-06-12
CUST-000230,2026-07-01,6,11.98,0.24,2026-07-19
CUST-000230,2026-08-01,3,12.98,0.068,2026-08-10
CUST-000231,2026-03-01,15,21.34,0.649,2026-03-07
CUST-000231,2026-04-01,11,25.72,0.493,2026-04-07
CUST-000231,2026-05-01,8,15.51,0.437,2026-05-19
CUST-000231,2026-06-01,11,14.28,0.394,2026-06-08
CUST-000231,2026-07-01,8,5.04,0.283,2026-07-09
CUST-000231,2026-08-01,4,8.89,0.305,2026-08-11
CUST-000232,2026-03-01,28,16.66,0.807,2026-03-25
CUST-000232,2026-04-01,23,12.26,0.791,2026-04-04
CUST-000232,2026-05-01,20,17.38,0.788,2026-05-17
CUST-000232,2026-06-01,24,20.98,0.827,2026-06-25
CUST-000232,2026-07-01,24,12.97,0.861,2026-07-18
CUST-000232,2026-08-01,19,14.17,0.76,2026-08-17
CUST-000233,2026-03-01,12,37.35,0.403,2026-03-15
CUST-000233,2026-04-01,13,51.04,0.492,2026-04-18
CUST-000233,2026-05-01,9,43.2,0.49,2026-05-22
CUST-000233,2026-06-01,13,49.61,0.486,2026-06-27
CUST-000233,2026-07-01,11,48.03,0.496,2026-07-10
CUST-000233,2026-08-01,10,37.34,0.472,2026-08-02
CUST-000234,2026-03-01,11,48.4,0.502,2026-03-18
CUST-000234,2026-04-01,9,43.25,0.411,2026-04-19
CUST-000234,2026-05-01,9,44.69,0.434,2026-05-06
CUST-000234,2026-06-01,7,44.52,0.485,2026-06-11
CUST-000234,2026-07-01,11,50.27,0.488,2026-07-24
CUST-000234,2026-08-01,8,48.51,0.445,2026-08-26
CUST-000235,2026-03-01,10,41.95,0.723,2026-03-18
CUST-000235,2026-04-01,19,35.56,0.761,2026-04-02
CUST-000235,2026-05-01,12,32.56,0.785,2026-05-10
CUST-000235,2026-06-01,12,36.03,0.634,2026-06-18
CUST-000235,2026-07-01,19,40.75,0.749,2026-07-05
CUST-000235,2026-08-01,15,39.22,0.823,2026-08-23
CUST-000236,2026-03-01,14,12.78,0.524,2026-03-14
CUST-000236,2026-04-01,14,9.78,0.51,2026-04-05
CUST-000236,2026-05-01,13,15.01,0.532,2026-05-27
CUST-000236,2026-06-01,12,15.05,0.5,2026-06-19
CUST-000236,2026-07-01,15,13.88,0.469,2026-07-24
CUST-000236,2026-08-01,17,7.77,0.511,2026-08-13
CUST-000237,2026-03-01,13,26.49,0.541,2026-03-10
CUST-000237,2026-04-01,13,26.72,0.444,2026-04-15
CUST-000237,2026-05-01,12,25.11,0.36,2026-05-26
CUST-000237,2026-06-01,13,14.54,0.392,2026-06-22
CUST-000237,2026-07-01,9,17.82,0.308,2026-07-23
CUST-000237,2026-08-01,6,12.03,0.247,2026-08-01
CUST-000238,2026-03-01,24,33.71,0.689,2026-03-05
CUST-000238,2026-04-01,24,34.65,0.702,2026-04-24
CUST-000238,2026-05-01,23,39.42,0.717,2026-05-19
CUST-000238,2026-06-01,23,41.47,0.794,2026-06-18
CUST-000238,2026-07-01,29,40.87,0.838,2026-07-20
CUST-000238,2026-08-01,24,39.02,0.68,2026-08-05
CUST-000239,2026-03-01,12,32.19,0.359,2026-03-08
CUST-000239,2026-04-01,14,29.01,0.361,2026-04-05
CUST-000239,2026-05-01,14,28.92,0.33,2026-05-08
CUST-000239,2026-06-01,12,36.74,0.36,2026-06-08
CUST-000239,2026-07-01,9,32.16,0.329,2026-07-15
CUST-000239,2026-08-01,9,27.85,0.335,2026-08-20
CUST-000240,2026-03-01,11,14.56,0.32,2026-03-19
CUST-000240,2026-04-01,16,22.43,0.383,2026-04-02
CUST-000240,2026-05-01,15,18.37,0.369,2026-05-14
CUST-000240,2026-06-01,14,15.67,0.385,2026-06-11
CUST-000240,2026-07-01,13,21.09,0.299,2026-07-26
CUST-000240,2026-08-01,13,16.78,0.369,2026-08-26
CUST-000241,2026-03-01,19,17.65,0.284,2026-03-23
CUST-000241,2026-04-01,27,16.72,0.328,2026-04-12
CUST-000241,2026-05-01,20,16.9,0.339,2026-05-25
CUST-000241,2026-06-01,20,19.38,0.327,2026-06-25
CUST-000241,2026-07-01,24,13.39,0.349,2026-07-08
CUST-000241,2026-08-01,25,18.78,0.354,2026-08-07
CUST-000242,2026-03-01,16,17.55,0.505,2026-03-17
CUST-000242,2026-04-01,17,20.71,0.521,2026-04-25
CUST-000242,2026-05-01,23,8.25,0.59,2026-05-02
CUST-000242,2026-06-01,18,8.92,0.498,2026-06-02
CUST-000242,2026-07-01,17,15.73,0.485,2026-07-25
CUST-000242,2026-08-01,15,10.11,0.497,2026-08-05
CUST-000243,2026-03-01,23,28.84,0.613,2026-03-25
CUST-000243,2026-04-01,25,22.46,0.663,2026-04-08
CUST-000243,2026-05-01,28,26.55,0.666,2026-05-11
CUST-000243,2026-06-01,25,24.21,0.602,2026-06-14
CUST-000243,2026-07-01,23,25.91,0.651,2026-07-16
CUST-000243,2026-08-01,27,27.43,0.724,2026-08-17
CUST-000244,2026-03-01,17,12.71,0.347,2026-03-07
CUST-000244,2026-04-01,13,8.01,0.339,2026-04-20
CUST-000244,2026-05-01,16,5.33,0.302,2026-05-15
CUST-000244,2026-06-01,13,8.48,0.27,2026-06-07
CUST-000244,2026-07-01,10,3.98,0.26,2026-07-23
CUST-000244,2026-08-01,6,8.56,0.149,2026-08-14
CUST-000245,2026-03-01,21,44.3,0.819,2026-03-02
CUST-000245,2026-04-01,19,34.02,0.747,2026-04-25
CUST-000245,2026-05-01,19,38.04,0.723,2026-05-16
CUST-000245,2026-06-01,22,40.85,0.749,2026-06-13
CUST-000245,2026-07-01,15,45.84,0.766,2026-07-18
CUST-000245,2026-08-01,16,37.8,0.714,2026-08-13
CUST-000246,2026-03-01,22,30.5,0.604,2026-03-17
CUST-000246,2026-04-01,28,40.8,0.754,2026-04-12
CUST-000246,2026-05-01,25,45.79,0.679,2026-05-22
CUST-000246,2026-06-01,25,33.52,0.707,2026-06-09
CUST-000246,2026-07-01,26,40.52,0.762,2026-07-24
CUST-000246,2026-08-01,22,35.15,0.767,2026-08-11
CUST-000247,2026-03-01,15,34.9,0.413,2026-03-04
CUST-000247,2026-04-01,19,32.27,0.383,2026-04-23
CUST-000247,2026-05-01,14,30.99,0.331,2026-05-16
CUST-000247,2026-06-01,21,36.72,0.412,2026-06-21
CUST-000247,2026-07-01,18,27.76,0.403,2026-07-24
CUST-000247,2026-08-01,20,36.98,0.437,2026-08-08
CUST-000248,2026-03-01,21,34.99,0.728,2026-03-23
CUST-000248,2026-04-01,18,32.94,0.609,2026-04-13
CUST-000248,2026-05-01,17,27.16,0.498,2026-05-08
CUST-000248,2026-06-01,14,24.3,0.492,2026-06-08
CUST-000248,2026-07-01,13,16.87,0.419,2026-07-25
CUST-000248,2026-08-01,11,16.63,0.36,2026-08-14
CUST-000249,2026-03-01,23,32.58,0.289,2026-03-17
CUST-000249,2026-04-01,15,25.36,0.279,2026-04-19
CUST-000249,2026-05-01,16,23.2,0.255,2026-05-13
CUST-000249,2026-06-01,12,28.71,0.226,2026-06-18
CUST-000249,2026-07-01,13,14.47,0.134,2026-07-15
CUST-000249,2026-08-01,12,12.04,0.146,2026-08-15
CUST-000250,2026-03-01,15,23.38,0.524,2026-03-11
CUST-000250,2026-04-01,15,26.06,0.519,2026-04-13
CUST-000250,2026-05-01,10,24.25,0.46,2026-05-21
CUST-000250,2026-06-01,10,16.25,0.382,2026-06-11
CUST-000250,2026-07-01,12,18.58,0.306,2026-07-08
CUST-000250,2026-08-01,5,14.32,0.226,2026-08-05
CUST-000251,2026-03-01,18,24.09,0.638,2026-03-16
CUST-000251,2026-04-01,14,22.96,0.605,2026-04-14
CUST-000251,2026-05-01,16,28.32,0.544,2026-05-24
CUST-000251,2026-06-01,14,26.14,0.532,2026-06-13
CUST-000251,2026-07-01,14,19.9,0.47,2026-07-12
CUST-000251,2026-08-01,17,25.26,0.699,2026-08-07
CUST-000252,2026-03-01,14,31.05,0.613,2026-03-27
CUST-000252,2026-04-01,16,35.64,0.621,2026-04-27
CUST-000252,2026-05-01,12,31.66,0.597,2026-05-04
CUST-000252,2026-06-01,12,29.07,0.566,2026-06-05
CUST-000252,2026-07-01,14,35.79,0.619,2026-07-08
CUST-000252,2026-08-01,13,30.68,0.643,2026-08-22
CUST-000253,2026-03-01,19,42.08,0.651,2026-03-25
CUST-000253,2026-04-01,13,40.96,0.669,2026-04-03
CUST-000253,2026-05-01,16,50.6,0.754,2026-05-25
CUST-000253,2026-06-01,13,45.12,0.584,2026-06-27
CUST-000253,2026-07-01,15,47.61,0.662,2026-07-12
CUST-000253,2026-08-01,11,42.5,0.595,2026-08-25
CUST-000254,2026-03-01,17,28.28,0.652,2026-03-06
CUST-000254,2026-04-01,14,22.14,0.511,2026-04-09
CUST-000254,2026-05-01,14,21.57,0.513,2026-05-09
CUST-000254,2026-06-01,14,17.61,0.407,2026-06-18
CUST-000254,2026-07-01,12,16.74,0.329,2026-07-24
CUST-000254,2026-08-01,7,5.19,0.289,2026-08-27
CUST-000255,2026-03-01,20,35.81,0.332,2026-03-01
CUST-000255,2026-04-01,22,36.37,0.337,2026-04-13
CUST-000255,2026-05-01,27,33.03,0.37,2026-05-24
CUST-000255,2026-06-01,22,31.0,0.364,2026-06-13
CUST-000255,2026-07-01,20,37.15,0.331,2026-07-17
CUST-000255,2026-08-01,25,30.77,0.369,2026-08-22
CUST-000256,2026-03-01,20,37.52,0.57,2026-03-10
CUST-000256,2026-04-01,18,30.1,0.522,2026-04-05
CUST-000256,2026-05-01,19,36.19,0.486,2026-05-14
CUST-000256,2026-06-01,23,39.44,0.59,2026-06-02
CUST-000256,2026-07-01,15,34.96,0.444,2026-07-13
CUST-000256,2026-08-01,18,40.72,0.581,2026-08-25
CUST-000257,2026-03-01,21,14.74,0.386,2026-03-15
CUST-000257,2026-04-01,23,11.0,0.341,2026-04-25
CUST-000257,2026-05-01,22,10.76,0.338,2026-05-03
CUST-000257,2026-06-01,18,12.54,0.332,2026-06-27
CUST-000257,2026-07-01,19,13.96,0.33,2026-07-03
CUST-000257,2026-08-01,21,11.79,0.394,2026-08-16
CUST-000258,2026-03-01,17,11.79,0.442,2026-03-26
CUST-000258,2026-04-01,14,17.56,0.509,2026-04-26
CUST-000258,2026-05-01,13,6.74,0.408,2026-05-21
CUST-000258,2026-06-01,10,7.5,0.316,2026-06-05
CUST-000258,2026-07-01,9,3.88,0.255,2026-07-14
CUST-000258,2026-08-01,7,6.63,0.154,2026-08-19
CUST-000259,2026-03-01,18,26.26,0.438,2026-03-14
CUST-000259,2026-04-01,17,27.43,0.489,2026-04-10
CUST-000259,2026-05-01,14,25.79,0.366,2026-05-16
CUST-000259,2026-06-01,10,17.12,0.329,2026-06-20
CUST-000259,2026-07-01,7,16.51,0.262,2026-07-18
CUST-000259,2026-08-01,7,11.39,0.243,2026-08-07
CUST-000260,2026-03-01,18,29.59,0.387,2026-03-15
CUST-000260,2026-04-01,18,31.9,0.341,2026-04-18
CUST-000260,2026-05-01,16,35.31,0.405,2026-05-11
CUST-000260,2026-06-01,20,32.57,0.356,2026-06-04
CUST-000260,2026-07-01,16,26.87,0.353,2026-07-10
CUST-000260,2026-08-01,18,34.43,0.426,2026-08-14
CUST-000261,2026-03-01,23,34.3,0.354,2026-03-20
CUST-000261,2026-04-01,18,31.87,0.389,2026-04-01
CUST-000261,2026-05-01,14,18.38,0.303,2026-05-01
CUST-000261,2026-06-01,18,23.19,0.287,2026-06-17
CUST-000261,2026-07-01,15,21.87,0.23,2026-07-26
CUST-000261,2026-08-01,9,14.88,0.16,2026-08-17
CUST-000262,2026-03-01,17,11.45,0.674,2026-03-19
CUST-000262,2026-04-01,16,11.33,0.64,2026-04-07
CUST-000262,2026-05-01,16,11.63,0.665,2026-05-18
CUST-000262,2026-06-01,16,10.24,0.694,2026-06-02
CUST-000262,2026-07-01,17,14.39,0.705,2026-07-18
CUST-000262,2026-08-01,12,16.41,0.662,2026-08-12
CUST-000263,2026-03-01,21,35.95,0.828,2026-03-21
CUST-000263,2026-04-01,26,42.83,0.747,2026-04-16
CUST-000263,2026-05-01,22,40.19,0.766,2026-05-07
CUST-000263,2026-06-01,24,33.57,0.751,2026-06-21
CUST-000263,2026-07-01,19,36.2,0.72,2026-07-10
CUST-000263,2026-08-01,27,40.74,0.833,2026-08-03
CUST-000264,2026-03-01,16,27.58,0.368,2026-03-16
CUST-000264,2026-04-01,13,27.08,0.4,2026-04-08
CUST-000264,2026-05-01,17,30.45,0.319,2026-05-05
CUST-000264,2026-06-01,14,32.13,0.344,2026-06-17
CUST-000264,2026-07-01,11,30.21,0.34,2026-07-01
CUST-000264,2026-08-01,13,34.06,0.429,2026-08-21
CUST-000265,2026-03-01,21,15.56,0.632,2026-03-26
CUST-000265,2026-04-01,19,20.17,0.7,2026-04-23
CUST-000265,2026-05-01,25,17.69,0.699,2026-05-27
CUST-000265,2026-06-01,21,18.23,0.652,2026-06-26
CUST-000265,2026-07-01,22,14.77,0.697,2026-07-02
CUST-000265,2026-08-01,22,10.05,0.604,2026-08-12
CUST-000266,2026-03-01,26,15.9,0.607,2026-03-19
CUST-000266,2026-04-01,23,13.59,0.65,2026-04-27
CUST-000266,2026-05-01,23,15.44,0.711,2026-05-19
CUST-000266,2026-06-01,25,14.63,0.671,2026-06-12
CUST-000266,2026-07-01,24,11.28,0.668,2026-07-19
CUST-000266,2026-08-01,25,17.81,0.605,2026-08-05
CUST-000267,2026-03-01,19,10.73,0.498,2026-03-15
CUST-000267,2026-04-01,20,7.94,0.421,2026-04-26
CUST-000267,2026-05-01,18,11.76,0.514,2026-05-23
CUST-000267,2026-06-01,15,7.07,0.462,2026-06-18
CUST-000267,2026-07-01,18,6.05,0.444,2026-07-08
CUST-000267,2026-08-01,19,11.1,0.463,2026-08-21
CUST-000268,2026-03-01,19,29.55,0.422,2026-03-19
CUST-000268,2026-04-01,17,26.6,0.425,2026-04-25
CUST-000268,2026-05-01,18,26.19,0.291,2026-05-08
CUST-000268,2026-06-01,14,22.05,0.268,2026-06-13
CUST-000268,2026-07-01,10,20.63,0.257,2026-07-24
CUST-000268,2026-08-01,8,11.6,0.218,2026-08-20
CUST-000269,2026-03-01,12,16.9,0.335,2026-03-22
CUST-000269,2026-04-01,14,14.26,0.268,2026-04-13
CUST-000269,2026-05-01,11,13.67,0.231,2026-05-12
CUST-000269,2026-06-01,8,16.25,0.206,2026-06-13
CUST-000269,2026-07-01,7,8.31,0.159,2026-07-10
CUST-000269,2026-08-01,8,5.93,0.07,2026-08-23
CUST-000270,2026-03-01,16,34.61,0.427,2026-03-23
CUST-000270,2026-04-01,21,29.55,0.351,2026-04-26
CUST-000270,2026-05-01,23,29.17,0.353,2026-05-17
CUST-000270,2026-06-01,23,23.21,0.38,2026-06-14
CUST-000270,2026-07-01,20,30.26,0.316,2026-07-07
CUST-000270,2026-08-01,20,30.12,0.415,2026-08-07
CUST-000271,2026-03-01,10,24.59,0.401,2026-03-05
CUST-000271,2026-04-01,10,24.3,0.449,2026-04-23
CUST-000271,2026-05-01,8,24.07,0.442,2026-05-06
CUST-000271,2026-06-01,10,23.1,0.417,2026-06-16
CUST-000271,2026-07-01,10,19.07,0.421,2026-07-15
CUST-000271,2026-08-01,12,21.31,0.388,2026-08-21
CUST-000272,2026-03-01,7,20.99,0.383,2026-03-26
CUST-000272,2026-04-01,9,20.48,0.351,2026-04-03
CUST-000272,2026-05-01,6,18.81,0.263,2026-05-19
CUST-000272,2026-06-01,3,14.41,0.237,2026-06-19
CUST-000272,2026-07-01,7,12.84,0.215,2026-07-07
CUST-000272,2026-08-01,0,4.43,0.16,2026-08-17
CUST-000273,2026-03-01,20,26.63,0.355,2026-03-15
CUST-000273,2026-04-01,21,25.8,0.386,2026-04-03
CUST-000273,2026-05-01,23,21.07,0.318,2026-05-15
CUST-000273,2026-06-01,22,17.1,0.346,2026-06-13
CUST-000273,2026-07-01,22,21.73,0.371,2026-07-12
CUST-000273,2026-08-01,21,26.45,0.381,2026-08-11
CUST-000274,2026-03-01,10,39.86,0.455,2026-03-05
CUST-000274,2026-04-01,8,37.52,0.412,2026-04-04
CUST-000274,2026-05-01,15,34.93,0.483,2026-05-15
CUST-000274,2026-06-01,13,39.41,0.419,2026-06-12
CUST-000274,2026-07-01,13,33.53,0.375,2026-07-25
CUST-000274,2026-08-01,14,34.8,0.391,2026-08-11
CUST-000275,2026-03-01,25,30.42,0.582,2026-03-04
CUST-000275,2026-04-01,22,29.62,0.567,2026-04-20
CUST-000275,2026-05-01,20,29.65,0.511,2026-05-11
CUST-000275,2026-06-01,20,26.15,0.528,2026-06-19
CUST-000275,2026-07-01,25,31.23,0.574,2026-07-17
CUST-000275,2026-08-01,22,27.54,0.499,2026-08-16
CUST-000276,2026-03-01,10,36.72,0.732,2026-03-14
CUST-000276,2026-04-01,13,28.21,0.587,2026-04-20
CUST-000276,2026-05-01,8,30.91,0.549,2026-05-09
CUST-000276,2026-06-01,6,23.12,0.462,2026-06-18
CUST-000276,2026-07-01,8,21.34,0.374,2026-07-03
CUST-000276,2026-08-01,5,18.88,0.315,2026-08-11
CUST-000277,2026-03-01,20,41.39,0.518,2026-03-15
CUST-000277,2026-04-01,24,43.16,0.585,2026-04-06
CUST-000277,2026-05-01,23,42.6,0.501,2026-05-08
CUST-000277,2026-06-01,27,48.42,0.642,2026-06-03
CUST-000277,2026-07-01,22,43.59,0.523,2026-07-06
CUST-000277,2026-08-01,24,37.95,0.543,2026-08-03
CUST-000278,2026-03-01,18,39.86,0.462,2026-03-05
CUST-000278,2026-04-01,16,40.33,0.45,2026-04-15
CUST-000278,2026-05-01,20,46.13,0.479,2026-05-27
CUST-000278,2026-06-01,21,46.03,0.491,2026-06-20
CUST-000278,2026-07-01,22,40.77,0.51,2026-07-26
CUST-000278,2026-08-01,21,42.8,0.476,2026-08-09
CUST-000279,2026-03-01,7,14.64,0.498,2026-03-27
CUST-000279,2026-04-01,10,11.82,0.471,2026-04-15
CUST-000279,2026-05-01,10,9.68,0.461,2026-05-06
CUST-000279,2026-06-01,11,11.95,0.485,2026-06-22
CUST-000279,2026-07-01,12,10.49,0.475,2026-07-09
CUST-000279,2026-08-01,14,14.46,0.523,2026-08-27
CUST-000280,2026-03-01,18,7.66,0.605,2026-03-03
CUST-000280,2026-04-01,16,8.78,0.599,2026-04-03
CUST-000280,2026-05-01,17,7.53,0.688,2026-05-03
CUST-000280,2026-06-01,17,16.47,0.763,2026-06-18
CUST-000280,2026-07-01,15,12.26,0.706,2026-07-19
CUST-000280,2026-08-01,22,8.42,0.717,2026-08-04
CUST-000281,2026-03-01,25,42.54,0.834,2026-03-04
CUST-000281,2026-04-01,25,30.2,0.786,2026-04-10
CUST-000281,2026-05-01,16,33.9,0.701,2026-05-05
CUST-000281,2026-06-01,17,36.33,0.758,2026-06-18
CUST-000281,2026-07-01,20,34.74,0.733,2026-07-18
CUST-000281,2026-08-01,21,35.91,0.823,2026-08-07
CUST-000282,2026-03-01,19,14.65,0.78,2026-03-03
CUST-000282,2026-04-01,15,22.3,0.857,2026-04-05
CUST-000282,2026-05-01,17,17.6,0.758,2026-05-13
CUST-000282,2026-06-01,13,22.08,0.715,2026-06-22
CUST-000282,2026-07-01,18,13.95,0.768,2026-07-01
CUST-000282,2026-08-01,16,17.55,0.768,2026-08-24
CUST-000283,2026-03-01,24,17.19,0.688,2026-03-25
CUST-000283,2026-04-01,18,22.21,0.723,2026-04-22
CUST-000283,2026-05-01,23,14.09,0.701,2026-05-25
CUST-000283,2026-06-01,20,22.92,0.76,2026-06-09
CUST-000283,2026-07-01,21,16.72,0.808,2026-07-19
CUST-000283,2026-08-01,17,16.16,0.729,2026-08-01
CUST-000284,2026-03-01,11,19.72,0.522,2026-03-09
CUST-000284,2026-04-01,13,18.92,0.463,2026-04-04
CUST-000284,2026-05-01,12,19.24,0.406,2026-05-27
CUST-000284,2026-06-01,14,16.76,0.392,2026-06-23
CUST-000284,2026-07-01,7,7.12,0.279,2026-07-08
CUST-000284,2026-08-01,9,6.13,0.224,2026-08-18
CUST-000285,2026-03-01,23,24.21,0.7,2026-03-05
CUST-000285,2026-04-01,20,26.1,0.779,2026-04-03
CUST-000285,2026-05-01,24,14.35,0.706,2026-05-10
CUST-000285,2026-06-01,20,18.65,0.717,2026-06-24
CUST-000285,2026-07-01,18,21.76,0.696,2026-07-17
CUST-000285,2026-08-01,22,23.94,0.715,2026-08-12
CUST-000286,2026-03-01,20,25.79,0.541,2026-03-25
CUST-000286,2026-04-01,24,21.4,0.518,2026-04-13
CUST-000286,2026-05-01,20,20.43,0.507,2026-05-05
CUST-000286,2026-06-01,22,20.8,0.469,2026-06-18
CUST-000286,2026-07-01,22,22.31,0.5,2026-07-26
CUST-000286,2026-08-01,20,19.99,0.53,2026-08-23
CUST-000287,2026-03-01,23,28.37,0.45,2026-03-10
CUST-000287,2026-04-01,21,26.95,0.429,2026-04-15
CUST-000287,2026-05-01,26,36.13,0.52,2026-05-23
CUST-000287,2026-06-01,19,37.15,0.424,2026-06-13
CUST-000287,2026-07-01,23,33.6,0.47,2026-07-17
CUST-000287,2026-08-01,21,25.33,0.338,2026-08-23
CUST-000288,2026-03-01,9,15.12,0.617,2026-03-02
CUST-000288,2026-04-01,10,17.87,0.559,2026-04-12
CUST-000288,2026-05-01,13,9.17,0.663,2026-05-19
CUST-000288,2026-06-01,9,12.67,0.687,2026-06-08
CUST-000288,2026-07-01,9,17.63,0.59,2026-07-14
CUST-000288,2026-08-01,9,19.13,0.622,2026-08-13
CUST-000289,2026-03-01,16,39.95,0.465,2026-03-03
CUST-000289,2026-04-01,16,38.93,0.503,2026-04-21
CUST-000289,2026-05-01,8,32.35,0.385,2026-05-26
CUST-000289,2026-06-01,17,30.19,0.422,2026-06-22
CUST-000289,2026-07-01,17,38.59,0.47,2026-07-12
CUST-000289,2026-08-01,17,37.17,0.447,2026-08-14
CUST-000290,2026-03-01,12,11.53,0.644,2026-03-26
CUST-000290,2026-04-01,10,7.91,0.623,2026-04-15
CUST-000290,2026-05-01,12,10.27,0.514,2026-05-17
CUST-000290,2026-06-01,7,4.8,0.415,2026-06-03
CUST-000290,2026-07-01,4,5.18,0.376,2026-07-01
CUST-000290,2026-08-01,3,4.79,0.309,2026-08-14
CUST-000291,2026-03-01,17,28.75,0.754,2026-03-23
CUST-000291,2026-04-01,21,29.8,0.768,2026-04-25
CUST-000291,2026-05-01,16,27.07,0.75,2026-05-13
CUST-000291,2026-06-01,18,27.52,0.858,2026-06-21
CUST-000291,2026-07-01,15,22.8,0.75,2026-07-25
CUST-000291,2026-08-01,21,27.67,0.793,2026-08-06
CUST-000292,2026-03-01,21,27.04,0.596,2026-03-25
CUST-000292,2026-04-01,19,23.71,0.567,2026-04-23
CUST-000292,2026-05-01,16,24.2,0.519,2026-05-07
CUST-000292,2026-06-01,17,24.25,0.598,2026-06-12
CUST-000292,2026-07-01,20,26.92,0.52,2026-07-11
CUST-000292,2026-08-01,20,28.64,0.554,2026-08-05
CUST-000293,2026-03-01,18,22.87,0.704,2026-03-17
CUST-000293,2026-04-01,17,20.49,0.667,2026-04-24
CUST-000293,2026-05-01,14,22.98,0.683,2026-05-26
CUST-000293,2026-06-01,18,22.63,0.784,2026-06-04
CUST-000293,2026-07-01,17,21.79,0.755,2026-07-08
CUST-000293,2026-08-01,18,24.64,0.701,2026-08-08
CUST-000294,2026-03-01,16,39.2,0.542,2026-03-07
CUST-000294,2026-04-01,15,35.53,0.474,2026-04-21
CUST-000294,2026-05-01,12,32.91,0.434,2026-05-10
CUST-000294,2026-06-01,11,29.91,0.449,2026-06-04
CUST-000294,2026-07-01,8,22.68,0.338,2026-07-03
CUST-000294,2026-08-01,8,21.98,0.195,2026-08-26
CUST-000295,2026-03-01,10,28.53,0.381,2026-03-01
CUST-000295,2026-04-01,7,34.95,0.379,2026-04-22
CUST-000295,2026-05-01,12,33.12,0.4,2026-05-14
CUST-000295,2026-06-01,7,37.83,0.37,2026-06-20
CUST-000295,2026-07-01,7,33.0,0.315,2026-07-15
CUST-000295,2026-08-01,11,37.84,0.427,2026-08-13
CUST-000296,2026-03-01,8,50.63,0.727,2026-03-10
CUST-000296,2026-04-01,8,41.57,0.674,2026-04-04
CUST-000296,2026-05-01,8,42.4,0.751,2026-05-25
CUST-000296,2026-06-01,8,49.39,0.707,2026-06-01
CUST-000296,2026-07-01,7,39.01,0.702,2026-07-04
CUST-000296,2026-08-01,8,41.72,0.641,2026-08-08
CUST-000297,2026-03-01,21,27.81,0.331,2026-03-16
CUST-000297,2026-04-01,24,32.8,0.324,2026-04-11
CUST-000297,2026-05-01,25,28.95,0.322,2026-05-16
CUST-000297,2026-06-01,22,27.86,0.28,2026-06-15
CUST-000297,2026-07-01,23,25.23,0.308,2026-07-05
CUST-000297,2026-08-01,22,32.49,0.347,2026-08-11
CUST-000298,2026-03-01,7,15.59,0.541,2026-03-25
CUST-000298,2026-04-01,17,14.11,0.573,2026-04-07
CUST-000298,2026-05-01,11,11.7,0.536,2026-05-15
CUST-000298,2026-06-01,11,11.69,0.57,2026-06-05
CUST-000298,2026-07-01,9,11.65,0.586,2026-07-24
CUST-000298,2026-08-01,12,14.09,0.487,2026-08-01
CUST-000299,2026-03-01,21,12.06,0.332,2026-03-21
CUST-000299,2026-04-01,20,13.86,0.425,2026-04-02
CUST-000299,2026-05-01,24,21.65,0.381,2026-05-14
CUST-000299,2026-06-01,16,15.98,0.354,2026-06-12
CUST-000299,2026-07-01,24,10.18,0.372,2026-07-04
CUST-000299,2026-08-01,20,9.68,0.378,2026-08-13
CUST-000300,2026-03-01,15,20.18,0.688,2026-03-26
CUST-000300,2026-04-01,11,21.46,0.583,2026-04-01
CUST-000300,2026-05-01,16,21.05,0.588,2026-05-18
CUST-000300,2026-06-01,9,20.61,0.592,2026-06-15
CUST-000300,2026-07-01,15,22.19,0.56,2026-07-13
CUST-000300,2026-08-01,10,14.03,0.53,2026-08-13
CUST-000301,2026-03-01,8,34.06,0.353,2026-03-09
CUST-000301,2026-04-01,11,31.6,0.308,2026-04-23
CUST-000301,2026-05-01,7,39.43,0.418,2026-05-17
CUST-000301,2026-06-01,9,42.46,0.397,2026-06-21
CUST-000301,2026-07-01,5,43.8,0.374,2026-07-13
CUST-000301,2026-08-01,9,47.84,0.393,2026-08-05
CUST-000302,2026-03-01,22,31.42,0.493,2026-03-01
CUST-000302,2026-04-01,23,42.04,0.58,2026-04-20
CUST-000302,2026-05-01,18,34.35,0.544,2026-05-03
CUST-000302,2026-06-01,22,35.71,0.499,2026-06-18
CUST-000302,2026-07-01,20,35.59,0.594,2026-07-19
CUST-000302,2026-08-01,20,34.75,0.619,2026-08-04
CUST-000303,2026-03-01,10,33.99,0.493,2026-03-12
CUST-000303,2026-04-01,10,29.38,0.415,2026-04-14
CUST-000303,2026-05-01,6,29.97,0.426,2026-05-17
CUST-000303,2026-06-01,3,25.42,0.374,2026-06-26
CUST-000303,2026-07-01,5,25.24,0.239,2026-07-27
CUST-000303,2026-08-01,2,18.62,0.242,2026-08-13
CUST-000304,2026-03-01,15,33.27,0.665,2026-03-26
CUST-000304,2026-04-01,17,25.75,0.606,2026-04-06
CUST-000304,2026-05-01,12,24.12,0.543,2026-05-24
CUST-000304,2026-06-01,12,26.72,0.432,2026-06-24
CUST-000304,2026-07-01,9,16.6,0.385,2026-07-10
CUST-000304,2026-08-01,9,19.06,0.323,2026-08-15
CUST-000305,2026-03-01,14,38.67,0.564,2026-03-01
CUST-000305,2026-04-01,10,40.65,0.491,2026-04-19
CUST-000305,2026-05-01,12,41.09,0.46,2026-05-07
CUST-000305,2026-06-01,12,38.54,0.495,2026-06-27
CUST-000305,2026-07-01,12,35.87,0.425,2026-07-04
CUST-000305,2026-08-01,18,41.51,0.426,2026-08-04
CUST-000306,2026-03-01,22,11.89,0.784,2026-03-27
CUST-000306,2026-04-01,19,17.56,0.741,2026-04-18
CUST-000306,2026-05-01,21,21.13,0.772,2026-05-09
CUST-000306,2026-06-01,21,20.29,0.803,2026-06-03
CUST-000306,2026-07-01,19,17.78,0.792,2026-07-06
CUST-000306,2026-08-01,20,13.8,0.698,2026-08-19
CUST-000307,2026-03-01,12,38.53,0.347,2026-03-16
CUST-000307,2026-04-01,11,37.48,0.358,2026-04-10
CUST-000307,2026-05-01,11,41.45,0.408,2026-05-12
CUST-000307,2026-06-01,12,40.62,0.322,2026-06-01
CUST-000307,2026-07-01,8,35.25,0.356,2026-07-15
CUST-000307,2026-08-01,10,40.64,0.43,2026-08-04
CUST-000308,2026-03-01,9,12.84,0.673,2026-03-13
CUST-000308,2026-04-01,14,19.77,0.729,2026-04-19
CUST-000308,2026-05-01,7,12.97,0.706,2026-05-23
CUST-000308,2026-06-01,11,15.62,0.779,2026-06-02
CUST-000308,2026-07-01,9,18.73,0.667,2026-07-05
CUST-000308,2026-08-01,13,19.46,0.768,2026-08-07
CUST-000309,2026-03-01,10,42.99,0.438,2026-03-23
CUST-000309,2026-04-01,11,45.19,0.498,2026-04-25
CUST-000309,2026-05-01,14,43.54,0.502,2026-05-15
CUST-000309,2026-06-01,13,37.91,0.567,2026-06-06
CUST-000309,2026-07-01,11,40.69,0.49,2026-07-25
CUST-000309,2026-08-01,10,40.4,0.447,2026-08-03
CUST-000310,2026-03-01,10,46.74,0.785,2026-03-18
CUST-000310,2026-04-01,11,53.11,0.878,2026-04-22
CUST-000310,2026-05-01,4,39.62,0.779,2026-05-09
CUST-000310,2026-06-01,4,43.35,0.729,2026-06-21
CUST-000310,2026-07-01,10,39.64,0.721,2026-07-19
CUST-000310,2026-08-01,8,50.63,0.772,2026-08-15
CUST-000311,2026-03-01,10,21.8,0.38,2026-03-24
CUST-000311,2026-04-01,14,24.18,0.39,2026-04-20
CUST-000311,2026-05-01,11,26.73,0.334,2026-05-21
CUST-000311,2026-06-01,15,29.53,0.389,2026-06-09
CUST-000311,2026-07-01,11,21.36,0.339,2026-07-14
CUST-000311,2026-08-01,14,28.54,0.408,2026-08-19
CUST-000312,2026-03-01,23,12.68,0.353,2026-03-05
CUST-000312,2026-04-01,24,9.7,0.365,2026-04-12
CUST-000312,2026-05-01,24,10.08,0.322,2026-05-07
CUST-000312,2026-06-01,22,12.01,0.39,2026-06-02
CUST-000312,2026-07-01,24,10.97,0.39,2026-07-17
CUST-000312,2026-08-01,19,13.33,0.39,2026-08-20
CUST-000313,2026-03-01,15,30.17,0.561,2026-03-07
CUST-000313,2026-04-01,13,21.38,0.511,2026-04-19
CUST-000313,2026-05-01,9,26.84,0.359,2026-05-17
CUST-000313,2026-06-01,6,16.38,0.379,2026-06-07
CUST-000313,2026-07-01,9,15.8,0.335,2026-07-01
CUST-000313,2026-08-01,5,12.41,0.231,2026-08-12
CUST-000314,2026-03-01,22,28.82,0.649,2026-03-11
CUST-000314,2026-04-01,18,30.7,0.608,2026-04-24
CUST-000314,2026-05-01,16,30.88,0.523,2026-05-06
CUST-000314,2026-06-01,14,20.09,0.442,2026-06-02
CUST-000314,2026-07-01,12,15.69,0.356,2026-07-26
CUST-000314,2026-08-01,7,17.44,0.268,2026-08-07
CUST-000315,2026-03-01,23,17.97,0.521,2026-03-02
CUST-000315,2026-04-01,19,11.71,0.472,2026-04-03
CUST-000315,2026-05-01,20,25.68,0.495,2026-05-03
CUST-000315,2026-06-01,22,18.86,0.507,2026-06-22
CUST-000315,2026-07-01,20,17.25,0.492,2026-07-27
CUST-000315,2026-08-01,23,17.54,0.54,2026-08-14
CUST-000316,2026-03-01,20,15.53,0.585,2026-03-22
CUST-000316,2026-04-01,19,20.71,0.491,2026-04-04
CUST-000316,2026-05-01,18,16.59,0.443,2026-05-15
CUST-000316,2026-06-01,12,15.42,0.4,2026-06-17
CUST-000316,2026-07-01,13,7.19,0.266,2026-07-22
CUST-000316,2026-08-01,7,12.23,0.2,2026-08-15
CUST-000317,2026-03-01,11,26.9,0.495,2026-03-23
CUST-000317,2026-04-01,13,28.08,0.459,2026-04-12
CUST-000317,2026-05-01,11,29.48,0.379,2026-05-09
CUST-000317,2026-06-01,8,22.14,0.342,2026-06-13
CUST-000317,2026-07-01,4,17.29,0.298,2026-07-21
CUST-000317,2026-08-01,5,20.3,0.186,2026-08-21
CUST-000318,2026-03-01,9,17.8,0.672,2026-03-10
CUST-000318,2026-04-01,8,16.05,0.612,2026-04-12
CUST-000318,2026-05-01,8,11.77,0.684,2026-05-17
CUST-000318,2026-06-01,8,20.38,0.776,2026-06-08
CUST-000318,2026-07-01,8,21.93,0.677,2026-07-19
CUST-000318,2026-08-01,10,16.82,0.622,2026-08-21
CUST-000319,2026-03-01,15,42.69,0.616,2026-03-23
CUST-000319,2026-04-01,17,43.24,0.673,2026-04-02
CUST-000319,2026-05-01,16,49.16,0.728,2026-05-25
CUST-000319,2026-06-01,16,51.56,0.743,2026-06-22
CUST-000319,2026-07-01,12,38.96,0.656,2026-07-19
CUST-000319,2026-08-01,14,42.56,0.701,2026-08-23
CUST-000320,2026-03-01,13,25.86,0.361,2026-03-20
CUST-000320,2026-04-01,12,25.17,0.34,2026-04-01
CUST-000320,2026-05-01,13,26.83,0.342,2026-05-26
CUST-000320,2026-06-01,14,28.59,0.301,2026-06-16
CUST-000320,2026-07-01,11,23.52,0.413,2026-07-04
CUST-000320,2026-08-01,16,31.31,0.359,2026-08-21
CUST-000321,2026-03-01,18,31.05,0.308,2026-03-13
CUST-000321,2026-04-01,17,36.55,0.321,2026-04-12
CUST-000321,2026-05-01,18,33.65,0.32,2026-05-27
CUST-000321,2026-06-01,18,33.37,0.3,2026-06-07
CUST-000321,2026-07-01,16,26.7,0.25,2026-07-20
CUST-000321,2026-08-01,17,27.88,0.209,2026-08-14
CUST-000322,2026-03-01,10,35.69,0.378,2026-03-21
CUST-000322,2026-04-01,10,27.94,0.357,2026-04-21
CUST-000322,2026-05-01,9,24.18,0.331,2026-05-12
CUST-000322,2026-06-01,6,24.27,0.2,2026-06-22
CUST-000322,2026-07-01,4,20.4,0.233,2026-07-22
CUST-000322,2026-08-01,2,17.17,0.172,2026-08-16
CUST-000323,2026-03-01,20,24.64,0.519,2026-03-22
CUST-000323,2026-04-01,25,20.28,0.459,2026-04-19
CUST-000323,2026-05-01,18,23.87,0.438,2026-05-03
CUST-000323,2026-06-01,23,19.08,0.471,2026-06-20
CUST-000323,2026-07-01,17,19.76,0.388,2026-07-12
CUST-000323,2026-08-01,22,19.55,0.504,2026-08-09
CUST-000324,2026-03-01,26,39.43,0.475,2026-03-07
CUST-000324,2026-04-01,25,26.48,0.455,2026-04-03
CUST-000324,2026-05-01,23,23.83,0.416,2026-05-17
CUST-000324,2026-06-01,22,25.09,0.469,2026-06-20
CUST-000324,2026-07-01,23,38.61,0.477,2026-07-25
CUST-000324,2026-08-01,23,28.04,0.452,2026-08-03
CUST-000325,2026-03-01,17,18.21,0.306,2026-03-22
CUST-000325,2026-04-01,20,16.07,0.253,2026-04-25
CUST-000325,2026-05-01,17,19.27,0.3,2026-05-25
CUST-000325,2026-06-01,15,19.98,0.281,2026-06-13
CUST-000325,2026-07-01,17,22.63,0.296,2026-07-12
CUST-000325,2026-08-01,19,18.06,0.344,2026-08-10
CUST-000326,2026-03-01,19,20.18,0.397,2026-03-02
CUST-000326,2026-04-01,22,20.67,0.367,2026-04-19
CUST-000326,2026-05-01,15,19.1,0.335,2026-05-20
CUST-000326,2026-06-01,21,16.66,0.353,2026-06-18
CUST-000326,2026-07-01,19,25.6,0.38,2026-07-19
CUST-000326,2026-08-01,21,17.55,0.372,2026-08-07
CUST-000327,2026-03-01,15,24.03,0.644,2026-03-14
CUST-000327,2026-04-01,14,15.96,0.648,2026-04-26
CUST-000327,2026-05-01,13,18.45,0.612,2026-05-06
CUST-000327,2026-06-01,12,19.8,0.679,2026-06-14
CUST-000327,2026-07-01,16,17.12,0.674,2026-07-22
CUST-000327,2026-08-01,12,18.25,0.541,2026-08-10
CUST-000328,2026-03-01,7,39.43,0.697,2026-03-10
CUST-000328,2026-04-01,9,34.63,0.675,2026-04-05
CUST-000328,2026-05-01,10,38.57,0.668,2026-05-23
CUST-000328,2026-06-01,7,36.34,0.615,2026-06-21
CUST-000328,2026-07-01,9,30.97,0.591,2026-07-08
CUST-000328,2026-08-01,10,37.43,0.636,2026-08-11
CUST-000329,2026-03-01,23,41.98,0.801,2026-03-14
CUST-000329,2026-04-01,24,45.81,0.707,2026-04-18
CUST-000329,2026-05-01,24,37.96,0.746,2026-05-13
CUST-000329,2026-06-01,20,39.96,0.766,2026-06-04
CUST-000329,2026-07-01,27,41.57,0.742,2026-07-20
CUST-000329,2026-08-01,23,43.47,0.728,2026-08-15
CUST-000330,2026-03-01,20,11.0,0.596,2026-03-12
CUST-000330,2026-04-01,15,14.28,0.639,2026-04-03
CUST-000330,2026-05-01,19,11.13,0.556,2026-05-24
CUST-000330,2026-06-01,20,14.34,0.563,2026-06-16
CUST-000330,2026-07-01,19,13.81,0.537,2026-07-12
CUST-000330,2026-08-01,17,17.64,0.578,2026-08-02
CUST-000331,2026-03-01,24,24.13,0.689,2026-03-11
CUST-000331,2026-04-01,24,21.55,0.688,2026-04-20
CUST-000331,2026-05-01,25,16.53,0.759,2026-05-21
CUST-000331,2026-06-01,25,15.04,0.684,2026-06-10
CUST-000331,2026-07-01,25,16.1,0.708,2026-07-14
CUST-000331,2026-08-01,27,15.35,0.645,2026-08-12
CUST-000332,2026-03-01,19,30.66,0.621,2026-03-22
CUST-000332,2026-04-01,18,27.08,0.593,2026-04-20
CUST-000332,2026-05-01,14,25.75,0.521,2026-05-13
CUST-000332,2026-06-01,15,21.39,0.432,2026-06-05
CUST-000332,2026-07-01,9,19.9,0.338,2026-07-08
CUST-000332,2026-08-01,7,16.41,0.289,2026-08-01
CUST-000333,2026-03-01,22,34.4,0.408,2026-03-18
CUST-000333,2026-04-01,27,33.89,0.42,2026-04-19
CUST-000333,2026-05-01,24,30.47,0.353,2026-05-27
CUST-000333,2026-06-01,22,32.34,0.415,2026-06-15
CUST-000333,2026-07-01,26,28.36,0.473,2026-07-26
CUST-000333,2026-08-01,24,28.14,0.393,2026-08-24
CUST-000334,2026-03-01,23,38.36,0.48,2026-03-23
CUST-000334,2026-04-01,23,39.82,0.438,2026-04-23
CUST-000334,2026-05-01,22,37.57,0.453,2026-05-04
CUST-000334,2026-06-01,25,34.48,0.489,2026-06-13
CUST-000334,2026-07-01,22,38.1,0.48,2026-07-05
CUST-000334,2026-08-01,25,41.19,0.529,2026-08-27
CUST-000335,2026-03-01,8,51.81,0.645,2026-03-20
CUST-000335,2026-04-01,11,41.02,0.617,2026-04-07
CUST-000335,2026-05-01,7,35.71,0.699,2026-05-13
CUST-000335,2026-06-01,9,39.82,0.513,2026-06-21
CUST-000335,2026-07-01,9,46.25,0.606,2026-07-03
CUST-000335,2026-08-01,9,41.95,0.653,2026-08-16
CUST-000336,2026-03-01,10,32.92,0.742,2026-03-09
CUST-000336,2026-04-01,9,35.47,0.61,2026-04-27
CUST-000336,2026-05-01,11,29.54,0.753,2026-05-24
CUST-000336,2026-06-01,8,36.2,0.691,2026-06-02
CUST-000336,2026-07-01,7,30.6,0.648,2026-07-14
CUST-000336,2026-08-01,9,36.16,0.708,2026-08-11
CUST-000337,2026-03-01,18,23.61,0.394,2026-03-16
CUST-000337,2026-04-01,16,20.93,0.403,2026-04-14
CUST-000337,2026-05-01,15,25.96,0.345,2026-05-12
CUST-000337,2026-06-01,19,16.08,0.402,2026-06-04
CUST-000337,2026-07-01,21,18.09,0.47,2026-07-01
CUST-000337,2026-08-01,19,23.09,0.363,2026-08-20
CUST-000338,2026-03-01,14,36.11,0.663,2026-03-04
CUST-000338,2026-04-01,13,43.04,0.785,2026-04-20
CUST-000338,2026-05-01,14,29.02,0.67,2026-05-05
CUST-000338,2026-06-01,11,40.89,0.663,2026-06-21
CUST-000338,2026-07-01,13,40.32,0.732,2026-07-23
CUST-000338,2026-08-01,13,38.52,0.707,2026-08-01
CUST-000339,2026-03-01,11,21.27,0.51,2026-03-11
CUST-000339,2026-04-01,11,24.93,0.534,2026-04-19
CUST-000339,2026-05-01,8,17.67,0.438,2026-05-01
CUST-000339,2026-06-01,8,13.56,0.426,2026-06-18
CUST-000339,2026-07-01,6,13.21,0.233,2026-07-04
CUST-000339,2026-08-01,8,6.59,0.231,2026-08-07
CUST-000340,2026-03-01,16,12.56,0.768,2026-03-24
CUST-000340,2026-04-01,11,18.11,0.744,2026-04-09
CUST-000340,2026-05-01,8,14.3,0.62,2026-05-16
CUST-000340,2026-06-01,11,14.2,0.715,2026-06-15
CUST-000340,2026-07-01,9,13.66,0.663,2026-07-24
CUST-000340,2026-08-01,14,13.12,0.738,2026-08-15
CUST-000341,2026-03-01,14,42.91,0.394,2026-03-12
CUST-000341,2026-04-01,19,31.49,0.365,2026-04-21
CUST-000341,2026-05-01,17,32.38,0.299,2026-05-02
CUST-000341,2026-06-01,11,24.94,0.268,2026-06-05
CUST-000341,2026-07-01,12,21.38,0.264,2026-07-10
CUST-000341,2026-08-01,9,18.66,0.203,2026-08-20
CUST-000342,2026-03-01,16,34.99,0.619,2026-03-07
CUST-000342,2026-04-01,15,38.21,0.647,2026-04-10
CUST-000342,2026-05-01,12,38.2,0.595,2026-05-10
CUST-000342,2026-06-01,20,40.48,0.721,2026-06-24
CUST-000342,2026-07-01,16,34.68,0.648,2026-07-12
CUST-000342,2026-08-01,16,32.77,0.647,2026-08-14
CUST-000343,2026-03-01,21,42.21,0.737,2026-03-05
CUST-000343,2026-04-01,23,43.55,0.748,2026-04-23
CUST-000343,2026-05-01,22,35.32,0.7,2026-05-02
CUST-000343,2026-06-01,19,32.04,0.626,2026-06-05
CUST-000343,2026-07-01,21,42.26,0.699,2026-07-08
CUST-000343,2026-08-01,25,34.33,0.736,2026-08-11
CUST-000344,2026-03-01,24,17.12,0.38,2026-03-15
CUST-000344,2026-04-01,25,22.15,0.331,2026-04-27
CUST-000344,2026-05-01,23,13.31,0.347,2026-05-11
CUST-000344,2026-06-01,23,19.2,0.357,2026-06-16
CUST-000344,2026-07-01,22,19.33,0.371,2026-07-17
CUST-000344,2026-08-01,22,17.77,0.332,2026-08-27
CUST-000345,2026-03-01,26,27.69,0.597,2026-03-13
CUST-000345,2026-04-01,26,32.47,0.613,2026-04-21
CUST-000345,2026-05-01,22,31.02,0.536,2026-05-12
CUST-000345,2026-06-01,27,31.67,0.588,2026-06-26
CUST-000345,2026-07-01,24,39.37,0.581,2026-07-24
CUST-000345,2026-08-01,22,32.2,0.561,2026-08-18
CUST-000346,2026-03-01,27,46.02,0.839,2026-03-06
CUST-000346,2026-04-01,28,42.85,0.762,2026-04-25
CUST-000346,2026-05-01,26,38.78,0.746,2026-05-20
CUST-000346,2026-06-01,21,36.15,0.777,2026-06-10
CUST-000346,2026-07-01,23,33.56,0.756,2026-07-16
CUST-000346,2026-08-01,21,31.39,0.73,2026-08-19
CUST-000347,2026-03-01,11,35.87,0.299,2026-03-17
CUST-000347,2026-04-01,14,35.27,0.319,2026-04-11
CUST-000347,2026-05-01,13,35.18,0.361,2026-05-17
CUST-000347,2026-06-01,12,37.64,0.346,2026-06-11
CUST-000347,2026-07-01,11,39.02,0.355,2026-07-25
CUST-000347,2026-08-01,8,41.57,0.273,2026-08-02
CUST-000348,2026-03-01,4,27.29,0.511,2026-03-02
CUST-000348,2026-04-01,2,28.08,0.414,2026-04-12
CUST-000348,2026-05-01,6,22.95,0.378,2026-05-25
CUST-000348,2026-06-01,2,17.71,0.322,2026-06-04
CUST-000348,2026-07-01,1,18.97,0.266,2026-07-07
CUST-000348,2026-08-01,2,13.76,0.207,2026-08-27
CUST-000349,2026-03-01,10,25.35,0.645,2026-03-06
CUST-000349,2026-04-01,11,20.12,0.571,2026-04-22
CUST-000349,2026-05-01,12,20.75,0.63,2026-05-25
CUST-000349,2026-06-01,12,18.52,0.614,2026-06-08
CUST-000349,2026-07-01,14,24.45,0.647,2026-07-03
CUST-000349,2026-08-01,15,27.74,0.644,2026-08-25
CUST-000350,2026-03-01,11,31.78,0.322,2026-03-22
CUST-000350,2026-04-01,11,32.97,0.222,2026-04-13
CUST-000350,2026-05-01,11,22.82,0.239,2026-05-17
CUST-000350,2026-06-01,8,19.76,0.176,2026-06-09
CUST-000350,2026-07-01,7,21.19,0.141,2026-07-01
CUST-000350,2026-08-01,2,17.6,0.113,2026-08-12
CUST-000351,2026-03-01,7,25.07,0.854,2026-03-01
CUST-000351,2026-04-01,6,21.79,0.798,2026-04-23
CUST-000351,2026-05-01,7,26.98,0.751,2026-05-06
CUST-000351,2026-06-01,12,27.77,0.903,2026-06-12
CUST-000351,2026-07-01,9,22.12,0.729,2026-07-10
CUST-000351,2026-08-01,8,22.91,0.741,2026-08-17
CUST-000352,2026-03-01,19,36.79,0.623,2026-03-16
CUST-000352,2026-04-01,20,34.32,0.562,2026-04-20
CUST-000352,2026-05-01,13,25.61,0.512,2026-05-06
CUST-000352,2026-06-01,13,20.48,0.463,2026-06-04
CUST-000352,2026-07-01,12,20.2,0.361,2026-07-20
CUST-000352,2026-08-01,5,21.39,0.292,2026-08-12
CUST-000353,2026-03-01,14,12.45,0.438,2026-03-15
CUST-000353,2026-04-01,13,19.26,0.485,2026-04-24
CUST-000353,2026-05-01,19,13.96,0.488,2026-05-24
CUST-000353,2026-06-01,8,14.34,0.415,2026-06-19
CUST-000353,2026-07-01,13,13.18,0.483,2026-07-11
CUST-000353,2026-08-01,14,10.28,0.519,2026-08-10
CUST-000354,2026-03-01,18,20.89,0.524,2026-03-09
CUST-000354,2026-04-01,18,16.48,0.49,2026-04-23
CUST-000354,2026-05-01,16,20.52,0.553,2026-05-16
CUST-000354,2026-06-01,20,15.98,0.475,2026-06-08
CUST-000354,2026-07-01,20,23.17,0.498,2026-07-25
CUST-000354,2026-08-01,15,20.27,0.532,2026-08-23
CUST-000355,2026-03-01,16,30.62,0.354,2026-03-15
CUST-000355,2026-04-01,13,29.32,0.351,2026-04-12
CUST-000355,2026-05-01,15,26.01,0.285,2026-05-12
CUST-000355,2026-06-01,14,23.04,0.246,2026-06-20
CUST-000355,2026-07-01,9,19.04,0.224,2026-07-26
CUST-000355,2026-08-01,10,15.1,0.214,2026-08-16
CUST-000356,2026-03-01,25,15.71,0.539,2026-03-04
CUST-000356,2026-04-01,26,9.82,0.534,2026-04-08
CUST-000356,2026-05-01,23,5.69,0.626,2026-05-11
CUST-000356,2026-06-01,28,13.95,0.618,2026-06-27
CUST-000356,2026-07-01,25,9.13,0.518,2026-07-17
CUST-000356,2026-08-01,23,7.94,0.608,2026-08-09
CUST-000357,2026-03-01,16,38.52,0.69,2026-03-16
CUST-000357,2026-04-01,16,34.02,0.624,2026-04-01
CUST-000357,2026-05-01,17,33.23,0.531,2026-05-15
CUST-000357,2026-06-01,16,36.62,0.704,2026-06-12
CUST-000357,2026-07-01,20,34.05,0.717,2026-07-15
CUST-000357,2026-08-01,16,34.39,0.614,2026-08-10
CUST-000358,2026-03-01,11,34.39,0.407,2026-03-11
CUST-000358,2026-04-01,8,36.55,0.405,2026-04-10
CUST-000358,2026-05-01,10,35.91,0.42,2026-05-08
CUST-000358,2026-06-01,10,35.83,0.415,2026-06-15
CUST-000358,2026-07-01,15,37.64,0.414,2026-07-25
CUST-000358,2026-08-01,8,37.83,0.41,2026-08-02
CUST-000359,2026-03-01,11,29.14,0.657,2026-03-26
CUST-000359,2026-04-01,15,21.58,0.628,2026-04-24
CUST-000359,2026-05-01,10,24.59,0.524,2026-05-04
CUST-000359,2026-06-01,9,23.64,0.442,2026-06-03
CUST-000359,2026-07-01,4,18.42,0.358,2026-07-25
CUST-000359,2026-08-01,1,12.29,0.291,2026-08-18
CUST-000360,2026-03-01,14,39.19,0.664,2026-03-17
CUST-000360,2026-04-01,12,36.89,0.584,2026-04-23
CUST-000360,2026-05-01,10,30.13,0.542,2026-05-16
CUST-000360,2026-06-01,12,39.03,0.548,2026-06-03
CUST-000360,2026-07-01,14,39.45,0.612,2026-07-11
CUST-000360,2026-08-01,11,38.71,0.659,2026-08-27
CUST-000361,2026-03-01,11,12.47,0.696,2026-03-20
CUST-000361,2026-04-01,12,14.82,0.771,2026-04-18
CUST-000361,2026-05-01,10,14.95,0.665,2026-05-07
CUST-000361,2026-06-01,12,12.97,0.761,2026-06-10
CUST-000361,2026-07-01,9,13.72,0.672,2026-07-10
CUST-000361,2026-08-01,9,7.47,0.701,2026-08-10
CUST-000362,2026-03-01,16,39.96,0.619,2026-03-06
CUST-000362,2026-04-01,18,43.82,0.616,2026-04-16
CUST-000362,2026-05-01,17,42.86,0.604,2026-05-20
CUST-000362,2026-06-01,16,34.3,0.534,2026-06-15
CUST-000362,2026-07-01,17,36.19,0.607,2026-07-21
CUST-000362,2026-08-01,18,40.56,0.652,2026-08-25
CUST-000363,2026-03-01,11,10.15,0.577,2026-03-20
CUST-000363,2026-04-01,12,7.13,0.612,2026-04-13
CUST-000363,2026-05-01,10,10.22,0.576,2026-05-19
CUST-000363,2026-06-01,11,9.02,0.546,2026-06-20
CUST-000363,2026-07-01,12,16.73,0.514,2026-07-17
CUST-000363,2026-08-01,15,11.74,0.625,2026-08-12
CUST-000364,2026-03-01,24,27.01,0.392,2026-03-02
CUST-000364,2026-04-01,28,23.3,0.384,2026-04-17
CUST-000364,2026-05-01,22,25.66,0.419,2026-05-11
CUST-000364,2026-06-01,26,21.13,0.349,2026-06-14
CUST-000364,2026-07-01,24,18.98,0.378,2026-07-26
CUST-000364,2026-08-01,23,23.7,0.341,2026-08-25
CUST-000365,2026-03-01,28,46.97,0.904,2026-03-16
CUST-000365,2026-04-01,22,48.24,0.782,2026-04-08
CUST-000365,2026-05-01,21,44.26,0.7,2026-05-06
CUST-000365,2026-06-01,23,39.88,0.809,2026-06-16
CUST-000365,2026-07-01,23,47.65,0.851,2026-07-02
CUST-000365,2026-08-01,19,40.14,0.701,2026-08-11
CUST-000366,2026-03-01,12,30.83,0.628,2026-03-13
CUST-000366,2026-04-01,13,28.04,0.58,2026-04-03
CUST-000366,2026-05-01,12,19.78,0.578,2026-05-14
CUST-000366,2026-06-01,10,17.21,0.446,2026-06-11
CUST-000366,2026-07-01,8,12.46,0.331,2026-07-23
CUST-000366,2026-08-01,7,6.7,0.277,2026-08-08
CUST-000367,2026-03-01,19,28.88,0.672,2026-03-13
CUST-000367,2026-04-01,17,31.19,0.556,2026-04-26
CUST-000367,2026-05-01,23,32.78,0.7,2026-05-10
CUST-000367,2026-06-01,19,35.31,0.626,2026-06-24
CUST-000367,2026-07-01,20,30.13,0.656,2026-07-05
CUST-000367,2026-08-01,20,29.7,0.607,2026-08-17
CUST-000368,2026-03-01,19,39.25,0.362,2026-03-16
CUST-000368,2026-04-01,13,34.61,0.276,2026-04-12
CUST-000368,2026-05-01,13,31.59,0.277,2026-05-17
CUST-000368,2026-06-01,12,24.72,0.213,2026-06-04
CUST-000368,2026-07-01,11,17.93,0.135,2026-07-23
CUST-000368,2026-08-01,7,20.85,0.129,2026-08-06
CUST-000369,2026-03-01,15,17.94,0.377,2026-03-04
CUST-000369,2026-04-01,13,24.62,0.462,2026-04-10
CUST-000369,2026-05-01,12,22.32,0.456,2026-05-08
CUST-000369,2026-06-01,11,20.82,0.453,2026-06-14
CUST-000369,2026-07-01,13,25.98,0.485,2026-07-10
CUST-000369,2026-08-01,15,16.78,0.506,2026-08-19
CUST-000370,2026-03-01,6,23.99,0.39,2026-03-02
CUST-000370,2026-04-01,13,20.55,0.484,2026-04-27
CUST-000370,2026-05-01,9,26.17,0.442,2026-05-07
CUST-000370,2026-06-01,6,23.51,0.419,2026-06-06
CUST-000370,2026-07-01,13,26.87,0.44,2026-07-27
CUST-000370,2026-08-01,7,21.47,0.399,2026-08-06
CUST-000371,2026-03-01,9,26.18,0.48,2026-03-20
CUST-000371,2026-04-01,10,27.65,0.533,2026-04-10
CUST-000371,2026-05-01,11,27.01,0.612,2026-05-17
CUST-000371,2026-06-01,10,28.53,0.572,2026-06-15
CUST-000371,2026-07-01,13,25.72,0.555,2026-07-09
CUST-000371,2026-08-01,11,25.41,0.596,2026-08-15
CUST-000372,2026-03-01,14,32.58,0.399,2026-03-05
CUST-000372,2026-04-01,17,36.67,0.334,2026-04-03
CUST-000372,2026-05-01,12,35.81,0.334,2026-05-27
CUST-000372,2026-06-01,15,39.75,0.365,2026-06-26
CUST-000372,2026-07-01,17,37.2,0.356,2026-07-07
CUST-000372,2026-08-01,10,33.54,0.302,2026-08-24
CUST-000373,2026-03-01,19,22.29,0.685,2026-03-11
CUST-000373,2026-04-01,16,17.53,0.58,2026-04-07
CUST-000373,2026-05-01,13,19.72,0.494,2026-05-12
CUST-000373,2026-06-01,11,5.36,0.415,2026-06-10
CUST-000373,2026-07-01,9,9.59,0.308,2026-07-23
CUST-000373,2026-08-01,4,7.21,0.286,2026-08-06
CUST-000374,2026-03-01,10,9.55,0.426,2026-03-24
CUST-000374,2026-04-01,11,10.69,0.375,2026-04-20
CUST-000374,2026-05-01,8,9.74,0.383,2026-05-12
CUST-000374,2026-06-01,6,5.97,0.288,2026-06-06
CUST-000374,2026-07-01,2,5.67,0.256,2026-07-22
CUST-000374,2026-08-01,5,11.19,0.194,2026-08-16
CUST-000375,2026-03-01,7,39.16,0.554,2026-03-01
CUST-000375,2026-04-01,5,33.91,0.507,2026-04-07
CUST-000375,2026-05-01,7,30.66,0.365,2026-05-24
CUST-000375,2026-06-01,5,28.49,0.397,2026-06-01
CUST-000375,2026-07-01,5,22.52,0.353,2026-07-15
CUST-000375,2026-08-01,4,23.7,0.231,2026-08-13
CUST-000376,2026-03-01,10,34.64,0.41,2026-03-19
CUST-000376,2026-04-01,12,32.66,0.359,2026-04-11
CUST-000376,2026-05-01,13,26.54,0.337,2026-05-23
CUST-000376,2026-06-01,9,29.49,0.236,2026-06-23
CUST-000376,2026-07-01,7,16.57,0.197,2026-07-12
CUST-000376,2026-08-01,8,16.21,0.168,2026-08-01
CUST-000377,2026-03-01,16,26.57,0.635,2026-03-16
CUST-000377,2026-04-01,16,22.81,0.592,2026-04-02
CUST-000377,2026-05-01,14,20.85,0.629,2026-05-16
CUST-000377,2026-06-01,15,26.33,0.671,2026-06-15
CUST-000377,2026-07-01,13,21.07,0.575,2026-07-27
CUST-000377,2026-08-01,12,26.9,0.635,2026-08-01
CUST-000378,2026-03-01,23,23.29,0.414,2026-03-23
CUST-000378,2026-04-01,17,17.87,0.437,2026-04-27
CUST-000378,2026-05-01,17,19.39,0.391,2026-05-12
CUST-000378,2026-06-01,10,17.27,0.338,2026-06-19
CUST-000378,2026-07-01,12,12.66,0.278,2026-07-04
CUST-000378,2026-08-01,9,12.06,0.191,2026-08-06
CUST-000379,2026-03-01,26,11.77,0.569,2026-03-27
CUST-000379,2026-04-01,24,15.95,0.551,2026-04-15
CUST-000379,2026-05-01,22,20.62,0.607,2026-05-06
CUST-000379,2026-06-01,21,16.03,0.582,2026-06-03
CUST-000379,2026-07-01,20,21.69,0.558,2026-07-27
CUST-000379,2026-08-01,23,12.64,0.529,2026-08-18
CUST-000380,2026-03-01,11,16.86,0.536,2026-03-21
CUST-000380,2026-04-01,16,27.04,0.626,2026-04-05
CUST-000380,2026-05-01,13,23.65,0.641,2026-05-10
CUST-000380,2026-06-01,13,14.49,0.596,2026-06-22
CUST-000380,2026-07-01,13,21.34,0.582,2026-07-21
CUST-000380,2026-08-01,11,16.98,0.604,2026-08-05
CUST-000381,2026-03-01,24,25.99,0.612,2026-03-25
CUST-000381,2026-04-01,16,25.7,0.625,2026-04-16
CUST-000381,2026-05-01,21,20.58,0.644,2026-05-25
CUST-000381,2026-06-01,21,23.74,0.568,2026-06-05
CUST-000381,2026-07-01,21,28.07,0.609,2026-07-24
CUST-000381,2026-08-01,22,26.84,0.639,2026-08-04
CUST-000382,2026-03-01,12,27.81,0.575,2026-03-11
CUST-000382,2026-04-01,10,41.03,0.56,2026-04-01
CUST-000382,2026-05-01,13,33.61,0.588,2026-05-18
CUST-000382,2026-06-01,11,27.14,0.541,2026-06-01
CUST-000382,2026-07-01,5,31.91,0.57,2026-07-11
CUST-000382,2026-08-01,6,31.34,0.57,2026-08-09
CUST-000383,2026-03-01,14,40.65,0.593,2026-03-04
CUST-000383,2026-04-01,14,37.82,0.594,2026-04-17
CUST-000383,2026-05-01,16,39.21,0.706,2026-05-14
CUST-000383,2026-06-01,15,38.64,0.614,2026-06-12
CUST-000383,2026-07-01,14,40.44,0.625,2026-07-18
CUST-000383,2026-08-01,17,33.4,0.602,2026-08-14
CUST-000384,2026-03-01,8,19.8,0.479,2026-03-27
CUST-000384,2026-04-01,10,11.95,0.471,2026-04-25
CUST-000384,2026-05-01,5,10.4,0.417,2026-05-27
CUST-000384,2026-06-01,6,6.39,0.346,2026-06-20
CUST-000384,2026-07-01,3,11.73,0.288,2026-07-06
CUST-000384,2026-08-01,2,4.41,0.18,2026-08-02
CUST-000385,2026-03-01,16,13.39,0.689,2026-03-13
CUST-000385,2026-04-01,16,10.1,0.615,2026-04-23
CUST-000385,2026-05-01,10,5.2,0.568,2026-05-20
CUST-000385,2026-06-01,11,5.22,0.503,2026-06-22
CUST-000385,2026-07-01,8,3.43,0.361,2026-07-02
CUST-000385,2026-08-01,4,2.41,0.39,2026-08-09
CUST-000386,2026-03-01,8,31.35,0.368,2026-03-01
CUST-000386,2026-04-01,8,38.08,0.355,2026-04-07
CUST-000386,2026-05-01,7,26.03,0.359,2026-05-17
CUST-000386,2026-06-01,8,29.14,0.318,2026-06-25
CUST-000386,2026-07-01,8,33.16,0.374,2026-07-20
CUST-000386,2026-08-01,11,28.72,0.332,2026-08-23
CUST-000387,2026-03-01,24,14.84,0.56,2026-03-14
CUST-000387,2026-04-01,22,15.08,0.507,2026-04-07
CUST-000387,2026-05-01,18,15.82,0.434,2026-05-26
CUST-000387,2026-06-01,24,11.63,0.457,2026-06-07
CUST-000387,2026-07-01,19,17.57,0.416,2026-07-15
CUST-000387,2026-08-01,22,15.82,0.492,2026-08-16
CUST-000388,2026-03-01,23,3.25,0.266,2026-03-03
CUST-000388,2026-04-01,21,11.28,0.321,2026-04-04
CUST-000388,2026-05-01,19,5.2,0.346,2026-05-17
CUST-000388,2026-06-01,23,13.3,0.353,2026-06-02
CUST-000388,2026-07-01,23,10.37,0.304,2026-07-26
CUST-000388,2026-08-01,28,10.94,0.345,2026-08-07
CUST-000389,2026-03-01,17,31.46,0.246,2026-03-19
CUST-000389,2026-04-01,19,35.1,0.4,2026-04-02
CUST-000389,2026-05-01,22,31.27,0.365,2026-05-22
CUST-000389,2026-06-01,22,29.26,0.355,2026-06-18
CUST-000389,2026-07-01,17,24.31,0.368,2026-07-16
CUST-000389,2026-08-01,22,35.27,0.371,2026-08-08
CUST-000390,2026-03-01,16,42.67,0.291,2026-03-25
CUST-000390,2026-04-01,13,35.15,0.344,2026-04-18
CUST-000390,2026-05-01,6,38.85,0.299,2026-05-16
CUST-000390,2026-06-01,9,36.43,0.297,2026-06-16
CUST-000390,2026-07-01,9,38.76,0.337,2026-07-13
CUST-000390,2026-08-01,12,34.17,0.314,2026-08-03
CUST-000391,2026-03-01,15,45.07,0.407,2026-03-16
CUST-000391,2026-04-01,11,42.53,0.442,2026-04-20
CUST-000391,2026-05-01,11,34.94,0.412,2026-05-06
CUST-000391,2026-06-01,15,44.94,0.4,2026-06-24
CUST-000391,2026-07-01,14,38.59,0.368,2026-07-18
CUST-000391,2026-08-01,15,40.25,0.409,2026-08-02
CUST-000392,2026-03-01,17,36.24,0.589,2026-03-14
CUST-000392,2026-04-01,15,30.67,0.489,2026-04-02
CUST-000392,2026-05-01,18,26.37,0.489,2026-05-26
CUST-000392,2026-06-01,13,23.43,0.395,2026-06-20
CUST-000392,2026-07-01,11,20.17,0.277,2026-07-07
CUST-000392,2026-08-01,11,7.99,0.265,2026-08-21
CUST-000393,2026-03-01,19,23.95,0.826,2026-03-11
CUST-000393,2026-04-01,19,14.94,0.756,2026-04-10
CUST-000393,2026-05-01,22,16.38,0.795,2026-05-16
CUST-000393,2026-06-01,20,11.43,0.856,2026-06-23
CUST-000393,2026-07-01,19,12.16,0.756,2026-07-10
CUST-000393,2026-08-01,21,20.34,0.955,2026-08-08
CUST-000394,2026-03-01,13,19.67,0.441,2026-03-11
CUST-000394,2026-04-01,12,19.23,0.364,2026-04-23
CUST-000394,2026-05-01,13,16.93,0.378,2026-05-24
CUST-000394,2026-06-01,13,17.76,0.437,2026-06-15
CUST-000394,2026-07-01,13,13.56,0.388,2026-07-27
CUST-000394,2026-08-01,11,12.49,0.384,2026-08-02
CUST-000395,2026-03-01,9,35.41,0.371,2026-03-23
CUST-000395,2026-04-01,7,25.93,0.355,2026-04-26
CUST-000395,2026-05-01,7,28.47,0.221,2026-05-03
CUST-000395,2026-06-01,4,20.84,0.236,2026-06-15
CUST-000395,2026-07-01,3,18.99,0.222,2026-07-27
CUST-000395,2026-08-01,2,14.46,0.147,2026-08-05
CUST-000396,2026-03-01,15,24.84,0.459,2026-03-01
CUST-000396,2026-04-01,12,31.24,0.439,2026-04-10
CUST-000396,2026-05-01,10,30.19,0.491,2026-05-09
CUST-000396,2026-06-01,19,31.69,0.422,2026-06-17
CUST-000396,2026-07-01,15,34.14,0.488,2026-07-05
CUST-000396,2026-08-01,11,24.06,0.435,2026-08-01
CUST-000397,2026-03-01,10,41.72,0.402,2026-03-13
CUST-000397,2026-04-01,9,50.25,0.505,2026-04-14
CUST-000397,2026-05-01,10,41.74,0.397,2026-05-12
CUST-000397,2026-06-01,11,43.24,0.419,2026-06-12
CUST-000397,2026-07-01,9,43.3,0.378,2026-07-09
CUST-000397,2026-08-01,10,45.63,0.449,2026-08-03
CUST-000398,2026-03-01,11,28.01,0.39,2026-03-09
CUST-000398,2026-04-01,8,19.65,0.336,2026-04-13
CUST-000398,2026-05-01,6,22.08,0.219,2026-05-26
CUST-000398,2026-06-01,9,15.01,0.291,2026-06-03
CUST-000398,2026-07-01,10,13.53,0.251,2026-07-24
CUST-000398,2026-08-01,5,10.49,0.2,2026-08-07
CUST-000399,2026-03-01,21,20.35,0.603,2026-03-22
CUST-000399,2026-04-01,19,16.26,0.478,2026-04-08
CUST-000399,2026-05-01,15,13.07,0.444,2026-05-20
CUST-000399,2026-06-01,8,15.31,0.414,2026-06-03
CUST-000399,2026-07-01,9,8.98,0.307,2026-07-09
CUST-000399,2026-08-01,8,8.58,0.236,2026-08-23
CUST-000400,2026-03-01,26,17.55,0.355,2026-03-27
CUST-000400,2026-04-01,20,13.62,0.316,2026-04-09
CUST-000400,2026-05-01,20,12.0,0.32,2026-05-16
CUST-000400,2026-06-01,23,16.7,0.32,2026-06-22
CUST-000400,2026-07-01,22,21.06,0.347,2026-07-10
CUST-000400,2026-08-01,21,16.96,0.341,2026-08-12
CUST-000401,2026-03-01,8,18.73,0.343,2026-03-27
CUST-000401,2026-04-01,12,17.27,0.28,2026-04-03
CUST-000401,2026-05-01,9,16.11,0.277,2026-05-27
CUST-000401,2026-06-01,4,14.54,0.239,2026-06-27
CUST-000401,2026-07-01,6,13.15,0.204,2026-07-21
CUST-000401,2026-08-01,0,13.23,0.113,2026-08-22
CUST-000402,2026-03-01,12,15.21,0.313,2026-03-12
CUST-000402,2026-04-01,17,15.35,0.275,2026-04-26
CUST-000402,2026-05-01,17,16.21,0.311,2026-05-08
CUST-000402,2026-06-01,16,15.91,0.29,2026-06-10
CUST-000402,2026-07-01,17,22.7,0.34,2026-07-22
CUST-000402,2026-08-01,19,20.81,0.261,2026-08-01
CUST-000403,2026-03-01,11,48.92,0.502,2026-03-07
CUST-000403,2026-04-01,10,40.37,0.481,2026-04-17
CUST-000403,2026-05-01,16,41.59,0.492,2026-05-14
CUST-000403,2026-06-01,14,37.96,0.454,2026-06-22
CUST-000403,2026-07-01,12,39.98,0.503,2026-07-23
CUST-000403,2026-08-01,11,41.32,0.448,2026-08-11
CUST-000404,2026-03-01,25,39.17,0.514,2026-03-01
CUST-000404,2026-04-01,28,40.99,0.484,2026-04-19
CUST-000404,2026-05-01,24,40.92,0.528,2026-05-05
CUST-000404,2026-06-01,24,35.28,0.52,2026-06-04
CUST-000404,2026-07-01,27,42.28,0.514,2026-07-13
CUST-000404,2026-08-01,24,41.26,0.561,2026-08-23
CUST-000405,2026-03-01,7,41.89,0.626,2026-03-12
CUST-000405,2026-04-01,8,33.2,0.539,2026-04-06
CUST-000405,2026-05-01,10,33.94,0.434,2026-05-13
CUST-000405,2026-06-01,8,35.57,0.491,2026-06-10
CUST-000405,2026-07-01,8,34.33,0.502,2026-07-05
CUST-000405,2026-08-01,9,35.21,0.653,2026-08-08
CUST-000406,2026-03-01,28,14.93,0.441,2026-03-21
CUST-000406,2026-04-01,23,14.29,0.378,2026-04-26
CUST-000406,2026-05-01,27,5.87,0.345,2026-05-18
CUST-000406,2026-06-01,26,15.55,0.408,2026-06-04
CUST-000406,2026-07-01,26,13.77,0.415,2026-07-06
CUST-000406,2026-08-01,23,12.73,0.426,2026-08-05
CUST-000407,2026-03-01,10,22.72,0.431,2026-03-06
CUST-000407,2026-04-01,5,22.05,0.322,2026-04-12
CUST-000407,2026-05-01,8,14.34,0.224,2026-05-10
CUST-000407,2026-06-01,6,16.15,0.259,2026-06-10
CUST-000407,2026-07-01,5,8.3,0.207,2026-07-10
CUST-000407,2026-08-01,3,6.26,0.149,2026-08-09
CUST-000408,2026-03-01,11,24.62,0.623,2026-03-26
CUST-000408,2026-04-01,15,22.91,0.573,2026-04-24
CUST-000408,2026-05-01,15,25.98,0.616,2026-05-14
CUST-000408,2026-06-01,13,25.27,0.623,2026-06-16
CUST-000408,2026-07-01,10,22.28,0.563,2026-07-10
CUST-000408,2026-08-01,11,18.83,0.574,2026-08-16
CUST-000409,2026-03-01,21,22.53,0.435,2026-03-05
CUST-000409,2026-04-01,19,17.32,0.441,2026-04-04
CUST-000409,2026-05-01,25,18.14,0.419,2026-05-03
CUST-000409,2026-06-01,26,26.22,0.435,2026-06-25
CUST-000409,2026-07-01,21,21.2,0.488,2026-07-27
CUST-000409,2026-08-01,28,19.16,0.473,2026-08-27
CUST-000410,2026-03-01,13,24.4,0.464,2026-03-13
CUST-000410,2026-04-01,13,29.14,0.578,2026-04-22
CUST-000410,2026-05-01,13,26.0,0.578,2026-05-08
CUST-000410,2026-06-01,15,26.5,0.553,2026-06-22
CUST-000410,2026-07-01,14,19.67,0.562,2026-07-16
CUST-000410,2026-08-01,15,27.3,0.579,2026-08-17
CUST-000411,2026-03-01,21,25.23,0.404,2026-03-04
CUST-000411,2026-04-01,18,24.74,0.371,2026-04-01
CUST-000411,2026-05-01,23,27.18,0.43,2026-05-13
CUST-000411,2026-06-01,28,35.16,0.452,2026-06-24
CUST-000411,2026-07-01,21,33.32,0.33,2026-07-24
CUST-000411,2026-08-01,22,20.88,0.303,2026-08-15
CUST-000412,2026-03-01,18,45.35,0.737,2026-03-26
CUST-000412,2026-04-01,17,39.86,0.775,2026-04-23
CUST-000412,2026-05-01,17,41.42,0.656,2026-05-07
CUST-000412,2026-06-01,18,44.79,0.73,2026-06-09
CUST-000412,2026-07-01,16,41.99,0.785,2026-07-04
CUST-000412,2026-08-01,17,39.43,0.81,2026-08-26
CUST-000413,2026-03-01,21,33.25,0.809,2026-03-02
CUST-000413,2026-04-01,17,29.56,0.816,2026-04-20
CUST-000413,2026-05-01,20,34.17,0.797,2026-05-04
CUST-000413,2026-06-01,22,32.74,0.857,2026-06-12
CUST-000413,2026-07-01,25,29.74,0.798,2026-07-21
CUST-000413,2026-08-01,20,34.11,0.823,2026-08-17
CUST-000414,2026-03-01,7,27.21,0.601,2026-03-17
CUST-000414,2026-04-01,12,22.45,0.592,2026-04-21
CUST-000414,2026-05-01,9,29.86,0.584,2026-05-06
CUST-000414,2026-06-01,9,29.65,0.654,2026-06-18
CUST-000414,2026-07-01,8,27.11,0.629,2026-07-10
CUST-000414,2026-08-01,12,29.22,0.689,2026-08-02
CUST-000415,2026-03-01,10,27.77,0.709,2026-03-17
CUST-000415,2026-04-01,7,31.26,0.619,2026-04-24
CUST-000415,2026-05-01,6,30.24,0.513,2026-05-19
CUST-000415,2026-06-01,7,15.53,0.426,2026-06-07
CUST-000415,2026-07-01,6,16.0,0.393,2026-07-24
CUST-000415,2026-08-01,5,8.83,0.34,2026-08-14
CUST-000416,2026-03-01,21,19.19,0.587,2026-03-09
CUST-000416,2026-04-01,24,25.74,0.532,2026-04-03
CUST-000416,2026-05-01,22,21.15,0.561,2026-05-25
CUST-000416,2026-06-01,21,22.32,0.552,2026-06-11
CUST-000416,2026-07-01,22,28.43,0.555,2026-07-05
CUST-000416,2026-08-01,24,25.99,0.545,2026-08-27
CUST-000417,2026-03-01,3,5.97,0.525,2026-03-05
CUST-000417,2026-04-01,11,4.14,0.487,2026-04-19
CUST-000417,2026-05-01,6,13.62,0.423,2026-05-02
CUST-000417,2026-06-01,5,15.52,0.387,2026-06-15
CUST-000417,2026-07-01,5,6.67,0.306,2026-07-12
CUST-000417,2026-08-01,1,0.0,0.251,2026-08-11
CUST-000418,2026-03-01,22,42.25,0.646,2026-03-07
CUST-000418,2026-04-01,17,39.56,0.655,2026-04-21
CUST-000418,2026-05-01,21,46.32,0.749,2026-05-10
CUST-000418,2026-06-01,21,43.17,0.703,2026-06-14
CUST-000418,2026-07-01,25,48.98,0.731,2026-07-09
CUST-000418,2026-08-01,24,48.89,0.627,2026-08-07
CUST-000419,2026-03-01,8,21.77,0.277,2026-03-06
CUST-000419,2026-04-01,10,25.79,0.343,2026-04-10
CUST-000419,2026-05-01,11,24.13,0.319,2026-05-11
CUST-000419,2026-06-01,9,22.59,0.358,2026-06-13
CUST-000419,2026-07-01,8,15.84,0.342,2026-07-25
CUST-000419,2026-08-01,10,21.57,0.359,2026-08-20
CUST-000420,2026-03-01,25,28.06,0.408,2026-03-13
CUST-000420,2026-04-01,25,38.52,0.424,2026-04-07
CUST-000420,2026-05-01,21,30.57,0.368,2026-05-01
CUST-000420,2026-06-01,23,29.58,0.34,2026-06-04
CUST-000420,2026-07-01,23,36.87,0.342,2026-07-07
CUST-000420,2026-08-01,27,37.35,0.466,2026-08-19
CUST-000421,2026-03-01,6,48.51,0.598,2026-03-20
CUST-000421,2026-04-01,12,44.16,0.566,2026-04-24
CUST-000421,2026-05-01,9,50.99,0.541,2026-05-22
CUST-000421,2026-06-01,13,47.72,0.608,2026-06-19
CUST-000421,2026-07-01,10,49.09,0.664,2026-07-04
CUST-000421,2026-08-01,8,44.99,0.552,2026-08-21
CUST-000422,2026-03-01,20,26.02,0.381,2026-03-07
CUST-000422,2026-04-01,23,31.98,0.432,2026-04-20
CUST-000422,2026-05-01,20,28.22,0.446,2026-05-25
CUST-000422,2026-06-01,21,30.54,0.425,2026-06-08
CUST-000422,2026-07-01,24,32.15,0.414,2026-07-01
CUST-000422,2026-08-01,23,33.18,0.472,2026-08-07
CUST-000423,2026-03-01,18,27.92,0.363,2026-03-07
CUST-000423,2026-04-01,21,35.56,0.362,2026-04-10
CUST-000423,2026-05-01,22,33.41,0.375,2026-05-06
CUST-000423,2026-06-01,21,34.52,0.397,2026-06-05
CUST-000423,2026-07-01,23,34.49,0.332,2026-07-02
CUST-000423,2026-08-01,24,34.83,0.403,2026-08-05
CUST-000424,2026-03-01,6,33.85,0.541,2026-03-21
CUST-000424,2026-04-01,4,29.14,0.474,2026-04-13
CUST-000424,2026-05-01,5,31.11,0.375,2026-05-07
CUST-000424,2026-06-01,3,23.85,0.348,2026-06-23
CUST-000424,2026-07-01,0,21.77,0.258,2026-07-21
CUST-000424,2026-08-01,5,9.71,0.238,2026-08-27
CUST-000425,2026-03-01,20,46.37,0.726,2026-03-17
CUST-000425,2026-04-01,14,39.94,0.526,2026-04-19
CUST-000425,2026-05-01,13,39.91,0.609,2026-05-05
CUST-000425,2026-06-01,13,39.79,0.599,2026-06-22
CUST-000425,2026-07-01,14,42.48,0.626,2026-07-04
CUST-000425,2026-08-01,18,43.17,0.669,2026-08-14
CUST-000426,2026-03-01,14,11.79,0.488,2026-03-04
CUST-000426,2026-04-01,18,16.51,0.563,2026-04-14
CUST-000426,2026-05-01,16,15.55,0.577,2026-05-16
CUST-000426,2026-06-01,18,15.46,0.581,2026-06-12
CUST-000426,2026-07-01,19,15.77,0.533,2026-07-08
CUST-000426,2026-08-01,14,14.88,0.593,2026-08-19
CUST-000427,2026-03-01,22,3.6,0.693,2026-03-10
CUST-000427,2026-04-01,22,6.98,0.642,2026-04-19
CUST-000427,2026-05-01,17,4.06,0.53,2026-05-10
CUST-000427,2026-06-01,14,9.91,0.494,2026-06-07
CUST-000427,2026-07-01,11,2.14,0.356,2026-07-17
CUST-000427,2026-08-01,10,0.0,0.337,2026-08-10
CUST-000428,2026-03-01,29,39.11,0.775,2026-03-10
CUST-000428,2026-04-01,27,35.08,0.678,2026-04-07
CUST-000428,2026-05-01,24,37.65,0.602,2026-05-25
CUST-000428,2026-06-01,23,30.18,0.608,2026-06-11
CUST-000428,2026-07-01,25,37.88,0.74,2026-07-12
CUST-000428,2026-08-01,23,34.13,0.707,2026-08-23
CUST-000429,2026-03-01,13,30.32,0.817,2026-03-13
CUST-000429,2026-04-01,12,28.42,0.681,2026-04-03
CUST-000429,2026-05-01,13,24.5,0.765,2026-05-02
CUST-000429,2026-06-01,11,27.06,0.629,2026-06-04
CUST-000429,2026-07-01,13,29.09,0.7,2026-07-14
CUST-000429,2026-08-01,10,28.97,0.624,2026-08-07
CUST-000430,2026-03-01,9,42.24,0.325,2026-03-09
CUST-000430,2026-04-01,10,42.31,0.362,2026-04-07
CUST-000430,2026-05-01,7,36.26,0.272,2026-05-26
CUST-000430,2026-06-01,6,41.66,0.287,2026-06-06
CUST-000430,2026-07-01,12,45.58,0.313,2026-07-12
CUST-000430,2026-08-01,10,44.48,0.344,2026-08-01
CUST-000431,2026-03-01,9,31.99,0.632,2026-03-08
CUST-000431,2026-04-01,11,46.11,0.554,2026-04-25
CUST-000431,2026-05-01,9,36.89,0.659,2026-05-06
CUST-000431,2026-06-01,8,37.88,0.636,2026-06-08
CUST-000431,2026-07-01,7,45.68,0.65,2026-07-26
CUST-000431,2026-08-01,8,36.49,0.56,2026-08-13
CUST-000432,2026-03-01,16,37.27,0.49,2026-03-16
CUST-000432,2026-04-01,16,28.89,0.496,2026-04-02
CUST-000432,2026-05-01,17,37.49,0.534,2026-05-20
CUST-000432,2026-06-01,16,32.83,0.469,2026-06-19
CUST-000432,2026-07-01,19,37.16,0.559,2026-07-14
CUST-000432,2026-08-01,16,38.52,0.584,2026-08-24
CUST-000433,2026-03-01,22,14.04,0.454,2026-03-27
CUST-000433,2026-04-01,22,14.73,0.433,2026-04-14
CUST-000433,2026-05-01,18,11.44,0.382,2026-05-14
CUST-000433,2026-06-01,23,11.73,0.505,2026-06-25
CUST-000433,2026-07-01,25,12.66,0.401,2026-07-06
CUST-000433,2026-08-01,21,19.08,0.373,2026-08-12
CUST-000434,2026-03-01,26,39.44,0.445,2026-03-05
CUST-000434,2026-04-01,19,40.0,0.519,2026-04-10
CUST-000434,2026-05-01,18,38.22,0.434,2026-05-13
CUST-000434,2026-06-01,22,35.71,0.571,2026-06-27
CUST-000434,2026-07-01,18,42.73,0.487,2026-07-19
CUST-000434,2026-08-01,21,42.9,0.522,2026-08-13
CUST-000435,2026-03-01,25,38.35,0.564,2026-03-09
CUST-000435,2026-04-01,25,40.93,0.54,2026-04-15
CUST-000435,2026-05-01,25,39.77,0.654,2026-05-13
CUST-000435,2026-06-01,26,38.32,0.634,2026-06-18
CUST-000435,2026-07-01,22,35.68,0.583,2026-07-04
CUST-000435,2026-08-01,22,41.14,0.634,2026-08-08
CUST-000436,2026-03-01,21,36.11,0.531,2026-03-24
CUST-000436,2026-04-01,21,35.27,0.464,2026-04-16
CUST-000436,2026-05-01,20,34.66,0.483,2026-05-25
CUST-000436,2026-06-01,16,32.24,0.462,2026-06-18
CUST-000436,2026-07-01,18,32.83,0.437,2026-07-25
CUST-000436,2026-08-01,21,32.59,0.515,2026-08-24
CUST-000437,2026-03-01,10,13.39,0.316,2026-03-25
CUST-000437,2026-04-01,10,12.87,0.307,2026-04-26
CUST-000437,2026-05-01,9,8.54,0.284,2026-05-07
CUST-000437,2026-06-01,9,12.86,0.24,2026-06-15
CUST-000437,2026-07-01,5,9.18,0.251,2026-07-27
CUST-000437,2026-08-01,4,9.23,0.163,2026-08-21
CUST-000438,2026-03-01,13,12.51,0.671,2026-03-18
CUST-000438,2026-04-01,16,10.35,0.644,2026-04-27
CUST-000438,2026-05-01,14,12.11,0.701,2026-05-19
CUST-000438,2026-06-01,13,7.84,0.71,2026-06-21
CUST-000438,2026-07-01,21,6.57,0.691,2026-07-13
CUST-000438,2026-08-01,17,11.35,0.699,2026-08-06
CUST-000439,2026-03-01,4,29.23,0.609,2026-03-04
CUST-000439,2026-04-01,9,36.33,0.599,2026-04-08
CUST-000439,2026-05-01,10,31.77,0.566,2026-05-21
CUST-000439,2026-06-01,12,31.83,0.529,2026-06-05
CUST-000439,2026-07-01,7,26.79,0.485,2026-07-13
CUST-000439,2026-08-01,7,22.86,0.567,2026-08-13
CUST-000440,2026-03-01,16,5.69,0.674,2026-03-23
CUST-000440,2026-04-01,18,15.88,0.653,2026-04-10
CUST-000440,2026-05-01,16,20.44,0.756,2026-05-08
CUST-000440,2026-06-01,18,10.57,0.703,2026-06-24
CUST-000440,2026-07-01,17,15.56,0.655,2026-07-20
CUST-000440,2026-08-01,16,14.18,0.68,2026-08-02
CUST-000441,2026-03-01,23,20.53,0.443,2026-03-08
CUST-000441,2026-04-01,25,20.76,0.402,2026-04-24
CUST-000441,2026-05-01,26,26.27,0.368,2026-05-15
CUST-000441,2026-06-01,30,19.16,0.412,2026-06-01
CUST-000441,2026-07-01,25,24.51,0.426,2026-07-23
CUST-000441,2026-08-01,26,21.63,0.338,2026-08-08
CUST-000442,2026-03-01,10,39.96,0.398,2026-03-23
CUST-000442,2026-04-01,8,32.33,0.371,2026-04-10
CUST-000442,2026-05-01,8,27.9,0.326,2026-05-19
CUST-000442,2026-06-01,6,25.61,0.288,2026-06-01
CUST-000442,2026-07-01,7,16.44,0.179,2026-07-02
CUST-000442,2026-08-01,7,18.27,0.193,2026-08-07
CUST-000443,2026-03-01,24,15.28,0.293,2026-03-06
CUST-000443,2026-04-01,21,22.42,0.295,2026-04-04
CUST-000443,2026-05-01,20,16.13,0.317,2026-05-02
CUST-000443,2026-06-01,21,18.36,0.317,2026-06-15
CUST-000443,2026-07-01,21,15.86,0.263,2026-07-25
CUST-000443,2026-08-01,21,21.67,0.362,2026-08-26
CUST-000444,2026-03-01,15,37.94,0.735,2026-03-11
CUST-000444,2026-04-01,13,36.22,0.847,2026-04-11
CUST-000444,2026-05-01,17,35.56,0.826,2026-05-02
CUST-000444,2026-06-01,14,35.26,0.869,2026-06-17
CUST-000444,2026-07-01,16,35.47,0.798,2026-07-20
CUST-000444,2026-08-01,13,34.74,0.714,2026-08-10
CUST-000445,2026-03-01,25,11.19,0.686,2026-03-05
CUST-000445,2026-04-01,22,14.41,0.637,2026-04-18
CUST-000445,2026-05-01,22,13.55,0.576,2026-05-13
CUST-000445,2026-06-01,24,15.53,0.635,2026-06-12
CUST-000445,2026-07-01,23,13.54,0.628,2026-07-19
CUST-000445,2026-08-01,26,19.21,0.617,2026-08-05
CUST-000446,2026-03-01,12,10.1,0.653,2026-03-18
CUST-000446,2026-04-01,8,8.17,0.541,2026-04-16
CUST-000446,2026-05-01,9,5.71,0.607,2026-05-18
CUST-000446,2026-06-01,14,11.15,0.625,2026-06-09
CUST-000446,2026-07-01,13,9.27,0.581,2026-07-08
CUST-000446,2026-08-01,10,6.52,0.561,2026-08-07
CUST-000447,2026-03-01,20,38.71,0.619,2026-03-22
CUST-000447,2026-04-01,16,31.81,0.481,2026-04-14
CUST-000447,2026-05-01,16,30.04,0.55,2026-05-09
CUST-000447,2026-06-01,16,37.22,0.505,2026-06-18
CUST-000447,2026-07-01,14,36.62,0.522,2026-07-13
CUST-000447,2026-08-01,19,39.23,0.522,2026-08-04
CUST-000448,2026-03-01,17,22.49,0.395,2026-03-05
CUST-000448,2026-04-01,16,16.63,0.401,2026-04-11
CUST-000448,2026-05-01,17,17.83,0.383,2026-05-25
CUST-000448,2026-06-01,16,19.5,0.451,2026-06-16
CUST-000448,2026-07-01,13,20.0,0.469,2026-07-13
CUST-000448,2026-08-01,12,24.19,0.365,2026-08-20
CUST-000449,2026-03-01,23,22.33,0.464,2026-03-25
CUST-000449,2026-04-01,21,21.93,0.532,2026-04-13
CUST-000449,2026-05-01,22,18.03,0.481,2026-05-12
CUST-000449,2026-06-01,25,22.15,0.543,2026-06-21
CUST-000449,2026-07-01,22,21.17,0.508,2026-07-13
CUST-000449,2026-08-01,25,16.85,0.488,2026-08-24
CUST-000450,2026-03-01,5,14.82,0.334,2026-03-04
CUST-000450,2026-04-01,12,24.66,0.353,2026-04-09
CUST-000450,2026-05-01,10,24.15,0.309,2026-05-24
CUST-000450,2026-06-01,9,18.46,0.315,2026-06-13
CUST-000450,2026-07-01,8,22.12,0.357,2026-07-14
CUST-000450,2026-08-01,10,19.93,0.349,2026-08-09
CUST-000451,2026-03-01,17,22.2,0.546,2026-03-25
CUST-000451,2026-04-01,14,18.56,0.533,2026-04-27
CUST-000451,2026-05-01,17,11.85,0.492,2026-05-15
CUST-000451,2026-06-01,16,19.45,0.465,2026-06-21
CUST-000451,2026-07-01,16,16.8,0.541,2026-07-04
CUST-000451,2026-08-01,18,14.27,0.459,2026-08-22
CUST-000452,2026-03-01,13,19.49,0.796,2026-03-06
CUST-000452,2026-04-01,10,27.1,0.625,2026-04-05
CUST-000452,2026-05-01,13,26.2,0.727,2026-05-12
CUST-000452,2026-06-01,13,18.84,0.776,2026-06-18
CUST-000452,2026-07-01,12,22.93,0.752,2026-07-16
CUST-000452,2026-08-01,15,24.69,0.755,2026-08-17
CUST-000453,2026-03-01,23,15.11,0.494,2026-03-19
CUST-000453,2026-04-01,22,11.15,0.459,2026-04-24
CUST-000453,2026-05-01,23,15.28,0.454,2026-05-06
CUST-000453,2026-06-01,21,12.85,0.5,2026-06-08
CUST-000453,2026-07-01,22,20.07,0.471,2026-07-11
CUST-000453,2026-08-01,22,8.28,0.536,2026-08-14
CUST-000454,2026-03-01,11,24.02,0.584,2026-03-26
CUST-000454,2026-04-01,10,25.35,0.536,2026-04-25
CUST-000454,2026-05-01,10,27.3,0.531,2026-05-05
CUST-000454,2026-06-01,13,17.76,0.554,2026-06-08
CUST-000454,2026-07-01,15,22.22,0.64,2026-07-13
CUST-000454,2026-08-01,11,20.84,0.506,2026-08-27
CUST-000455,2026-03-01,13,8.64,0.547,2026-03-10
CUST-000455,2026-04-01,9,8.42,0.43,2026-04-17
CUST-000455,2026-05-01,6,6.79,0.431,2026-05-13
CUST-000455,2026-06-01,4,11.34,0.33,2026-06-05
CUST-000455,2026-07-01,6,1.78,0.35,2026-07-27
CUST-000455,2026-08-01,5,2.82,0.254,2026-08-21
CUST-000456,2026-03-01,11,32.46,0.56,2026-03-18
CUST-000456,2026-04-01,9,23.21,0.516,2026-04-10
CUST-000456,2026-05-01,7,22.35,0.41,2026-05-12
CUST-000456,2026-06-01,6,27.73,0.386,2026-06-07
CUST-000456,2026-07-01,6,17.34,0.331,2026-07-10
CUST-000456,2026-08-01,6,8.48,0.282,2026-08-09
CUST-000457,2026-03-01,19,33.51,0.814,2026-03-24
CUST-000457,2026-04-01,13,37.77,0.827,2026-04-22
CUST-000457,2026-05-01,15,32.17,0.701,2026-05-27
CUST-000457,2026-06-01,16,38.55,0.803,2026-06-03
CUST-000457,2026-07-01,17,35.62,0.843,2026-07-13
CUST-000457,2026-08-01,13,29.03,0.785,2026-08-22
CUST-000458,2026-03-01,20,25.62,0.345,2026-03-22
CUST-000458,2026-04-01,18,22.19,0.278,2026-04-16
CUST-000458,2026-05-01,16,18.19,0.243,2026-05-27
CUST-000458,2026-06-01,11,19.06,0.227,2026-06-20
CUST-000458,2026-07-01,15,14.83,0.163,2026-07-06
CUST-000458,2026-08-01,9,12.64,0.133,2026-08-27
CUST-000459,2026-03-01,9,36.37,0.584,2026-03-15
CUST-000459,2026-04-01,9,33.75,0.575,2026-04-05
CUST-000459,2026-05-01,10,35.79,0.524,2026-05-24
CUST-000459,2026-06-01,15,29.98,0.541,2026-06-24
CUST-000459,2026-07-01,8,35.08,0.58,2026-07-08
CUST-000459,2026-08-01,9,38.67,0.567,2026-08-07
CUST-000460,2026-03-01,21,46.06,0.651,2026-03-26
CUST-000460,2026-04-01,22,39.07,0.569,2026-04-12
CUST-000460,2026-05-01,21,41.46,0.652,2026-05-14
CUST-000460,2026-06-01,22,41.17,0.602,2026-06-27
CUST-000460,2026-07-01,22,50.53,0.692,2026-07-24
CUST-000460,2026-08-01,22,41.73,0.624,2026-08-08
CUST-000461,2026-03-01,6,37.61,0.377,2026-03-25
CUST-000461,2026-04-01,6,35.98,0.365,2026-04-18
CUST-000461,2026-05-01,7,43.05,0.361,2026-05-01
CUST-000461,2026-06-01,11,37.85,0.357,2026-06-21
CUST-000461,2026-07-01,11,37.5,0.369,2026-07-26
CUST-000461,2026-08-01,9,44.05,0.342,2026-08-07
CUST-000462,2026-03-01,11,21.96,0.384,2026-03-08
CUST-000462,2026-04-01,10,25.28,0.405,2026-04-21
CUST-000462,2026-05-01,7,19.64,0.337,2026-05-17
CUST-000462,2026-06-01,2,20.28,0.274,2026-06-21
CUST-000462,2026-07-01,6,11.9,0.261,2026-07-05
CUST-000462,2026-08-01,3,12.19,0.189,2026-08-22
CUST-000463,2026-03-01,21,12.0,0.538,2026-03-03
CUST-000463,2026-04-01,27,14.62,0.54,2026-04-27
CUST-000463,2026-05-01,24,7.49,0.435,2026-05-21
CUST-000463,2026-06-01,28,9.63,0.568,2026-06-23
CUST-000463,2026-07-01,25,12.19,0.496,2026-07-09
CUST-000463,2026-08-01,26,11.18,0.485,2026-08-11
CUST-000464,2026-03-01,24,35.7,0.553,2026-03-12
CUST-000464,2026-04-01,20,29.4,0.472,2026-04-21
CUST-000464,2026-05-01,20,23.62,0.457,2026-05-21
CUST-000464,2026-06-01,22,30.68,0.523,2026-06-16
CUST-000464,2026-07-01,21,28.41,0.564,2026-07-21
CUST-000464,2026-08-01,23,35.17,0.507,2026-08-14
CUST-000465,2026-03-01,17,25.61,0.722,2026-03-15
CUST-000465,2026-04-01,8,21.41,0.665,2026-04-03
CUST-000465,2026-05-01,14,19.6,0.703,2026-05-26
CUST-000465,2026-06-01,10,22.88,0.682,2026-06-02
CUST-000465,2026-07-01,15,26.39,0.673,2026-07-02
CUST-000465,2026-08-01,11,24.79,0.662,2026-08-13
CUST-000466,2026-03-01,18,12.02,0.396,2026-03-23
CUST-000466,2026-04-01,17,13.44,0.329,2026-04-07
CUST-000466,2026-05-01,19,10.85,0.348,2026-05-25
CUST-000466,2026-06-01,17,9.61,0.268,2026-06-26
CUST-000466,2026-07-01,18,7.94,0.319,2026-07-11
CUST-000466,2026-08-01,22,12.16,0.354,2026-08-10
CUST-000467,2026-03-01,15,34.82,0.753,2026-03-10
CUST-000467,2026-04-01,14,38.08,0.801,2026-04-09
CUST-000467,2026-05-01,11,33.99,0.726,2026-05-18
CUST-000467,2026-06-01,13,38.87,0.735,2026-06-07
CUST-000467,2026-07-01,16,40.78,0.785,2026-07-15
CUST-000467,2026-08-01,13,39.51,0.691,2026-08-13
CUST-000468,2026-03-01,19,25.4,0.681,2026-03-05
CUST-000468,2026-04-01,17,31.68,0.689,2026-04-04
CUST-000468,2026-05-01,16,32.71,0.62,2026-05-10
CUST-000468,2026-06-01,16,29.68,0.681,2026-06-02
CUST-000468,2026-07-01,17,28.21,0.652,2026-07-12
CUST-000468,2026-08-01,14,27.17,0.658,2026-08-12
CUST-000469,2026-03-01,19,39.81,0.365,2026-03-13
CUST-000469,2026-04-01,16,32.95,0.311,2026-04-27
CUST-000469,2026-05-01,15,25.25,0.266,2026-05-19
CUST-000469,2026-06-01,10,26.79,0.242,2026-06-19
CUST-000469,2026-07-01,8,21.77,0.202,2026-07-23
CUST-000469,2026-08-01,11,15.17,0.152,2026-08-16
CUST-000470,2026-03-01,24,20.92,0.625,2026-03-09
CUST-000470,2026-04-01,18,24.26,0.544,2026-04-19
CUST-000470,2026-05-01,13,20.21,0.441,2026-05-14
CUST-000470,2026-06-01,15,15.62,0.44,2026-06-07
CUST-000470,2026-07-01,12,15.52,0.347,2026-07-01
CUST-000470,2026-08-01,8,11.14,0.261,2026-08-13
CUST-000471,2026-03-01,11,16.85,0.646,2026-03-10
CUST-000471,2026-04-01,12,25.76,0.665,2026-04-17
CUST-000471,2026-05-01,9,23.83,0.621,2026-05-17
CUST-000471,2026-06-01,8,16.53,0.584,2026-06-13
CUST-000471,2026-07-01,9,23.08,0.562,2026-07-06
CUST-000471,2026-08-01,10,23.45,0.668,2026-08-14
CUST-000472,2026-03-01,15,46.24,0.403,2026-03-20
CUST-000472,2026-04-01,13,46.13,0.352,2026-04-11
CUST-000472,2026-05-01,14,35.93,0.423,2026-05-06
CUST-000472,2026-06-01,17,43.03,0.414,2026-06-25
CUST-000472,2026-07-01,15,39.31,0.321,2026-07-21
CUST-000472,2026-08-01,18,50.52,0.443,2026-08-19
CUST-000473,2026-03-01,14,30.98,0.454,2026-03-11
CUST-000473,2026-04-01,16,30.53,0.377,2026-04-18
CUST-000473,2026-05-01,10,26.24,0.311,2026-05-12
CUST-000473,2026-06-01,13,20.45,0.33,2026-06-21
CUST-000473,2026-07-01,10,12.99,0.229,2026-07-15
CUST-000473,2026-08-01,6,14.2,0.144,2026-08-27
CUST-000474,2026-03-01,11,13.15,0.534,2026-03-01
CUST-000474,2026-04-01,11,17.32,0.524,2026-04-19
CUST-000474,2026-05-01,7,10.59,0.453,2026-05-08
CUST-000474,2026-06-01,9,16.25,0.325,2026-06-06
CUST-000474,2026-07-01,6,8.75,0.291,2026-07-13
CUST-000474,2026-08-01,4,7.43,0.251,2026-08-19
CUST-000475,2026-03-01,20,39.02,0.479,2026-03-14
CUST-000475,2026-04-01,26,46.37,0.555,2026-04-27
CUST-000475,2026-05-01,22,47.86,0.486,2026-05-06
CUST-000475,2026-06-01,22,41.01,0.47,2026-06-09
CUST-000475,2026-07-01,23,42.27,0.48,2026-07-12
CUST-000475,2026-08-01,21,40.75,0.46,2026-08-16
CUST-000476,2026-03-01,11,36.18,0.495,2026-03-19
CUST-000476,2026-04-01,13,35.95,0.423,2026-04-05
CUST-000476,2026-05-01,12,26.52,0.39,2026-05-13
CUST-000476,2026-06-01,10,24.93,0.332,2026-06-04
CUST-000476,2026-07-01,7,18.85,0.322,2026-07-19
CUST-000476,2026-08-01,8,16.76,0.277,2026-08-20
CUST-000477,2026-03-01,13,36.39,0.39,2026-03-12
CUST-000477,2026-04-01,13,35.8,0.42,2026-04-08
CUST-000477,2026-05-01,16,25.38,0.349,2026-05-16
CUST-000477,2026-06-01,5,24.9,0.262,2026-06-05
CUST-000477,2026-07-01,12,16.56,0.218,2026-07-14
CUST-000477,2026-08-01,8,13.19,0.197,2026-08-03
CUST-000478,2026-03-01,25,28.89,0.846,2026-03-26
CUST-000478,2026-04-01,18,21.51,0.686,2026-04-18
CUST-000478,2026-05-01,21,17.07,0.722,2026-05-05
CUST-000478,2026-06-01,21,23.23,0.773,2026-06-23
CUST-000478,2026-07-01,19,27.27,0.731,2026-07-08
CUST-000478,2026-08-01,20,27.21,0.844,2026-08-14
CUST-000479,2026-03-01,9,23.31,0.331,2026-03-03
CUST-000479,2026-04-01,8,20.9,0.268,2026-04-18
CUST-000479,2026-05-01,7,24.63,0.328,2026-05-09
CUST-000479,2026-06-01,9,25.3,0.316,2026-06-06
CUST-000479,2026-07-01,4,24.69,0.303,2026-07-10
CUST-000479,2026-08-01,7,18.39,0.292,2026-08-06
CUST-000480,2026-03-01,25,11.22,0.392,2026-03-19
CUST-000480,2026-04-01,25,8.19,0.346,2026-04-12
CUST-000480,2026-05-01,20,12.0,0.375,2026-05-15
CUST-000480,2026-06-01,19,9.57,0.38,2026-06-01
CUST-000480,2026-07-01,23,17.84,0.371,2026-07-12
CUST-000480,2026-08-01,21,17.39,0.364,2026-08-07
CUST-000481,2026-03-01,12,37.72,0.592,2026-03-17
CUST-000481,2026-04-01,14,33.92,0.468,2026-04-05
CUST-000481,2026-05-01,15,41.78,0.543,2026-05-23
CUST-000481,2026-06-01,13,38.42,0.473,2026-06-15
CUST-000481,2026-07-01,14,33.12,0.539,2026-07-25
CUST-000481,2026-08-01,15,36.29,0.488,2026-08-26
CUST-000482,2026-03-01,17,22.97,0.402,2026-03-04
CUST-000482,2026-04-01,14,14.11,0.345,2026-04-09
CUST-000482,2026-05-01,9,20.51,0.268,2026-05-12
CUST-000482,2026-06-01,9,12.98,0.224,2026-06-06
CUST-000482,2026-07-01,10,10.18,0.23,2026-07-09
CUST-000482,2026-08-01,6,9.74,0.17,2026-08-07
CUST-000483,2026-03-01,22,13.8,0.503,2026-03-07
CUST-000483,2026-04-01,21,16.34,0.514,2026-04-16
CUST-000483,2026-05-01,19,7.93,0.5,2026-05-15
CUST-000483,2026-06-01,22,11.42,0.526,2026-06-03
CUST-000483,2026-07-01,23,11.45,0.496,2026-07-05
CUST-000483,2026-08-01,25,17.37,0.545,2026-08-26
CUST-000484,2026-03-01,13,22.92,0.622,2026-03-16
CUST-000484,2026-04-01,15,18.53,0.645,2026-04-27
CUST-000484,2026-05-01,13,13.28,0.481,2026-05-16
CUST-000484,2026-06-01,11,10.61,0.393,2026-06-16
CUST-000484,2026-07-01,9,11.58,0.332,2026-07-23
CUST-000484,2026-08-01,10,3.92,0.345,2026-08-14
CUST-000485,2026-03-01,18,43.18,0.839,2026-03-24
CUST-000485,2026-04-01,17,46.87,0.843,2026-04-26
CUST-000485,2026-05-01,15,38.59,0.747,2026-05-03
CUST-000485,2026-06-01,19,39.26,0.824,2026-06-06
CUST-000485,2026-07-01,11,29.04,0.7,2026-07-12
CUST-000485,2026-08-01,16,43.43,0.8,2026-08-16
CUST-000486,2026-03-01,20,46.32,0.316,2026-03-02
CUST-000486,2026-04-01,21,36.8,0.245,2026-04-20
CUST-000486,2026-05-01,14,34.13,0.245,2026-05-23
CUST-000486,2026-06-01,9,22.38,0.19,2026-06-26
CUST-000486,2026-07-01,10,23.24,0.195,2026-07-05
CUST-000486,2026-08-01,7,16.85,0.12,2026-08-27
CUST-000487,2026-03-01,17,25.03,0.744,2026-03-11
CUST-000487,2026-04-01,9,25.87,0.552,2026-04-20
CUST-000487,2026-05-01,12,17.82,0.572,2026-05-25
CUST-000487,2026-06-01,11,20.78,0.477,2026-06-09
CUST-000487,2026-07-01,6,14.86,0.363,2026-07-09
CUST-000487,2026-08-01,5,9.71,0.265,2026-08-11
CUST-000488,2026-03-01,13,21.8,0.55,2026-03-11
CUST-000488,2026-04-01,12,14.89,0.547,2026-04-08
CUST-000488,2026-05-01,13,13.19,0.493,2026-05-11
CUST-000488,2026-06-01,7,16.84,0.432,2026-06-11
CUST-000488,2026-07-01,7,18.6,0.38,2026-07-09
CUST-000488,2026-08-01,5,16.61,0.251,2026-08-16
CUST-000489,2026-03-01,25,28.63,0.408,2026-03-17
CUST-000489,2026-04-01,22,31.37,0.396,2026-04-12
CUST-000489,2026-05-01,25,29.32,0.396,2026-05-16
CUST-000489,2026-06-01,18,30.43,0.414,2026-06-03
CUST-000489,2026-07-01,24,18.56,0.375,2026-07-09
CUST-000489,2026-08-01,28,27.9,0.447,2026-08-05
CUST-000490,2026-03-01,23,11.5,0.502,2026-03-23
CUST-000490,2026-04-01,19,15.31,0.582,2026-04-01
CUST-000490,2026-05-01,22,14.82,0.562,2026-05-12
CUST-000490,2026-06-01,23,16.71,0.596,2026-06-07
CUST-000490,2026-07-01,18,19.93,0.547,2026-07-18
CUST-000490,2026-08-01,23,20.34,0.574,2026-08-02
CUST-000491,2026-03-01,19,38.0,0.515,2026-03-02
CUST-000491,2026-04-01,21,39.0,0.528,2026-04-17
CUST-000491,2026-05-01,16,36.71,0.497,2026-05-19
CUST-000491,2026-06-01,15,43.02,0.509,2026-06-01
CUST-000491,2026-07-01,20,45.38,0.538,2026-07-03
CUST-000491,2026-08-01,24,34.81,0.53,2026-08-01
CUST-000492,2026-03-01,13,34.96,0.573,2026-03-17
CUST-000492,2026-04-01,7,28.35,0.481,2026-04-17
CUST-000492,2026-05-01,9,30.82,0.507,2026-05-20
CUST-000492,2026-06-01,13,32.74,0.551,2026-06-15
CUST-000492,2026-07-01,11,37.57,0.552,2026-07-09
CUST-000492,2026-08-01,11,33.76,0.537,2026-08-09
CUST-000493,2026-03-01,16,21.31,0.72,2026-03-02
CUST-000493,2026-04-01,11,12.22,0.669,2026-04-22
CUST-000493,2026-05-01,18,22.27,0.769,2026-05-26
CUST-000493,2026-06-01,15,21.08,0.737,2026-06-27
CUST-000493,2026-07-01,18,18.64,0.849,2026-07-03
CUST-000493,2026-08-01,13,19.66,0.688,2026-08-27
CUST-000494,2026-03-01,11,44.15,0.386,2026-03-15
CUST-000494,2026-04-01,12,30.61,0.323,2026-04-20
CUST-000494,2026-05-01,7,31.12,0.3,2026-05-06
CUST-000494,2026-06-01,8,28.3,0.213,2026-06-06
CUST-000494,2026-07-01,9,23.73,0.176,2026-07-17
CUST-000494,2026-08-01,8,17.6,0.135,2026-08-02
CUST-000495,2026-03-01,20,22.47,0.446,2026-03-18
CUST-000495,2026-04-01,23,22.96,0.317,2026-04-08
CUST-000495,2026-05-01,18,22.49,0.309,2026-05-10
CUST-000495,2026-06-01,15,24.11,0.443,2026-06-15
CUST-000495,2026-07-01,16,17.58,0.304,2026-07-08
CUST-000495,2026-08-01,17,24.2,0.409,2026-08-14
CUST-000496,2026-03-01,19,25.36,0.6,2026-03-14
CUST-000496,2026-04-01,16,28.66,0.491,2026-04-24
CUST-000496,2026-05-01,12,18.34,0.471,2026-05-21
CUST-000496,2026-06-01,10,22.71,0.439,2026-06-18
CUST-000496,2026-07-01,8,10.67,0.376,2026-07-01
CUST-000496,2026-08-01,8,12.13,0.232,2026-08-20
CUST-000497,2026-03-01,22,19.26,0.316,2026-03-21
CUST-000497,2026-04-01,20,18.07,0.326,2026-04-13
CUST-000497,2026-05-01,13,13.47,0.225,2026-05-21
CUST-000497,2026-06-01,15,13.23,0.267,2026-06-08
CUST-000497,2026-07-01,9,8.28,0.206,2026-07-20
CUST-000497,2026-08-01,6,12.13,0.201,2026-08-11
CUST-000498,2026-03-01,12,36.51,0.505,2026-03-17
CUST-000498,2026-04-01,13,35.93,0.565,2026-04-07
CUST-000498,2026-05-01,13,31.37,0.488,2026-05-22
CUST-000498,2026-06-01,12,31.21,0.535,2026-06-20
CUST-000498,2026-07-01,16,30.04,0.468,2026-07-09
CUST-000498,2026-08-01,15,31.29,0.486,2026-08-26
CUST-000499,2026-03-01,22,25.48,0.461,2026-03-26
CUST-000499,2026-04-01,24,35.53,0.44,2026-04-25
CUST-000499,2026-05-01,22,20.85,0.444,2026-05-11
CUST-000499,2026-06-01,23,21.33,0.467,2026-06-26
CUST-000499,2026-07-01,22,25.69,0.391,2026-07-25
CUST-000499,2026-08-01,21,26.77,0.488,2026-08-16
CUST-000500,2026-03-01,20,25.33,0.556,2026-03-14
CUST-000500,2026-04-01,16,28.28,0.532,2026-04-06
CUST-000500,2026-05-01,14,20.46,0.46,2026-05-15
CUST-000500,2026-06-01,14,25.66,0.408,2026-06-26
CUST-000500,2026-07-01,9,13.49,0.322,2026-07-17
CUST-000500,2026-08-01,8,10.76,0.255,2026-08-18
CUST-000501,2026-03-01,16,33.33,0.791,2026-03-12
CUST-000501,2026-04-01,14,30.11,0.788,2026-04-24
CUST-000501,2026-05-01,15,23.63,0.779,2026-05-13
CUST-000501,2026-06-01,16,30.05,0.812,2026-06-15
CUST-000501,2026-07-01,14,28.3,0.838,2026-07-15
CUST-000501,2026-08-01,14,29.76,0.853,2026-08-13
CUST-000502,2026-03-01,11,19.98,0.668,2026-03-02
CUST-000502,2026-04-01,13,25.69,0.596,2026-04-03
CUST-000502,2026-05-01,12,22.56,0.588,2026-05-26
CUST-000502,2026-06-01,13,26.97,0.608,2026-06-12
CUST-000502,2026-07-01,13,25.39,0.641,2026-07-13
CUST-000502,2026-08-01,17,23.21,0.528,2026-08-27
CUST-000503,2026-03-01,22,37.31,0.384,2026-03-16
CUST-000503,2026-04-01,24,38.62,0.484,2026-04-14
CUST-000503,2026-05-01,21,39.56,0.428,2026-05-20
CUST-000503,2026-06-01,24,41.47,0.499,2026-06-06
CUST-000503,2026-07-01,25,43.57,0.43,2026-07-22
CUST-000503,2026-08-01,25,40.8,0.486,2026-08-14
CUST-000504,2026-03-01,13,20.08,0.689,2026-03-18
CUST-000504,2026-04-01,17,21.19,0.748,2026-04-16
CUST-000504,2026-05-01,14,21.32,0.757,2026-05-27
CUST-000504,2026-06-01,17,21.52,0.817,2026-06-18
CUST-000504,2026-07-01,13,24.55,0.816,2026-07-12
CUST-000504,2026-08-01,16,22.19,0.718,2026-08-24
CUST-000505,2026-03-01,14,22.66,0.488,2026-03-26
CUST-000505,2026-04-01,12,14.67,0.393,2026-04-14
CUST-000505,2026-05-01,7,15.01,0.378,2026-05-01
CUST-000505,2026-06-01,7,12.41,0.346,2026-06-21
CUST-000505,2026-07-01,9,10.09,0.316,2026-07-08
CUST-000505,2026-08-01,5,7.41,0.225,2026-08-11
CUST-000506,2026-03-01,10,14.15,0.637,2026-03-10
CUST-000506,2026-04-01,13,18.02,0.647,2026-04-10
CUST-000506,2026-05-01,10,12.37,0.608,2026-05-17
CUST-000506,2026-06-01,11,18.98,0.748,2026-06-16
CUST-000506,2026-07-01,11,22.17,0.66,2026-07-16
CUST-000506,2026-08-01,12,16.01,0.62,2026-08-03
CUST-000507,2026-03-01,15,11.71,0.353,2026-03-15
CUST-000507,2026-04-01,12,11.47,0.293,2026-04-06
CUST-000507,2026-05-01,10,12.4,0.25,2026-05-19
CUST-000507,2026-06-01,9,7.79,0.176,2026-06-16
CUST-000507,2026-07-01,8,9.51,0.152,2026-07-04
CUST-000507,2026-08-01,2,0.0,0.126,2026-08-25
CUST-000508,2026-03-01,19,37.76,0.696,2026-03-22
CUST-000508,2026-04-01,18,37.09,0.67,2026-04-23
CUST-000508,2026-05-01,22,38.77,0.686,2026-05-10
CUST-000508,2026-06-01,20,40.84,0.743,2026-06-11
CUST-000508,2026-07-01,20,45.43,0.634,2026-07-27
CUST-000508,2026-08-01,22,40.13,0.675,2026-08-10
CUST-000509,2026-03-01,7,28.6,0.642,2026-03-02
CUST-000509,2026-04-01,6,29.7,0.594,2026-04-06
CUST-000509,2026-05-01,5,30.36,0.478,2026-05-26
CUST-000509,2026-06-01,2,18.23,0.478,2026-06-05
CUST-000509,2026-07-01,3,11.61,0.38,2026-07-26
CUST-000509,2026-08-01,4,12.07,0.253,2026-08-25
CUST-000510,2026-03-01,18,29.35,0.441,2026-03-01
CUST-000510,2026-04-01,18,29.59,0.462,2026-04-26
CUST-000510,2026-05-01,16,25.34,0.424,2026-05-08
CUST-000510,2026-06-01,20,28.91,0.408,2026-06-19
CUST-000510,2026-07-01,20,28.26,0.48,2026-07-11
CUST-000510,2026-08-01,17,24.61,0.393,2026-08-24
CUST-000511,2026-03-01,13,12.58,0.562,2026-03-14
CUST-000511,2026-04-01,10,9.45,0.45,2026-04-23
CUST-000511,2026-05-01,12,12.34,0.424,2026-05-13
CUST-000511,2026-06-01,8,13.89,0.256,2026-06-14
CUST-000511,2026-07-01,8,8.78,0.339,2026-07-09
CUST-000511,2026-08-01,5,1.92,0.172,2026-08-10
CUST-000512,2026-03-01,18,20.63,0.714,2026-03-01
CUST-000512,2026-04-01,19,17.95,0.729,2026-04-06
CUST-000512,2026-05-01,19,19.36,0.747,2026-05-04
CUST-000512,2026-06-01,17,26.56,0.693,2026-06-01
CUST-000512,2026-07-01,13,23.4,0.724,2026-07-10
CUST-000512,2026-08-01,23,24.85,0.725,2026-08-14
CUST-000513,2026-03-01,17,25.24,0.448,2026-03-26
CUST-000513,2026-04-01,19,24.96,0.438,2026-04-10
CUST-000513,2026-05-01,18,23.69,0.419,2026-05-18
CUST-000513,2026-06-01,20,24.53,0.471,2026-06-18
CUST-000513,2026-07-01,26,24.74,0.396,2026-07-19
CUST-000513,2026-08-01,18,24.79,0.385,2026-08-12
CUST-000514,2026-03-01,8,43.47,0.509,2026-03-16
CUST-000514,2026-04-01,15,36.02,0.525,2026-04-26
CUST-000514,2026-05-01,12,45.19,0.596,2026-05-25
CUST-000514,2026-06-01,11,41.05,0.477,2026-06-20
CUST-000514,2026-07-01,12,39.31,0.543,2026-07-14
CUST-000514,2026-08-01,9,43.14,0.551,2026-08-05
CUST-000515,2026-03-01,17,12.94,0.695,2026-03-26
CUST-000515,2026-04-01,17,17.51,0.683,2026-04-09
CUST-000515,2026-05-01,15,20.27,0.693,2026-05-15
CUST-000515,2026-06-01,15,15.73,0.699,2026-06-18
CUST-000515,2026-07-01,22,15.79,0.759,2026-07-18
CUST-000515,2026-08-01,14,17.91,0.755,2026-08-02
CUST-000516,2026-03-01,20,23.2,0.511,2026-03-16
CUST-000516,2026-04-01,20,18.06,0.392,2026-04-16
CUST-000516,2026-05-01,23,21.22,0.503,2026-05-05
CUST-000516,2026-06-01,22,23.39,0.483,2026-06-09
CUST-000516,2026-07-01,25,23.44,0.437,2026-07-26
CUST-000516,2026-08-01,21,22.93,0.425,2026-08-04
CUST-000517,2026-03-01,18,14.84,0.723,2026-03-14
CUST-000517,2026-04-01,15,7.87,0.587,2026-04-05
CUST-000517,2026-05-01,12,14.3,0.524,2026-05-03
CUST-000517,2026-06-01,15,7.19,0.441,2026-06-07
CUST-000517,2026-07-01,13,8.73,0.392,2026-07-27
CUST-000517,2026-08-01,10,7.76,0.343,2026-08-02
CUST-000518,2026-03-01,18,29.75,0.496,2026-03-15
CUST-000518,2026-04-01,20,34.19,0.418,2026-04-24
CUST-000518,2026-05-01,17,30.12,0.4,2026-05-21
CUST-000518,2026-06-01,18,29.51,0.428,2026-06-19
CUST-000518,2026-07-01,20,36.02,0.418,2026-07-17
CUST-000518,2026-08-01,16,33.06,0.405,2026-08-24
CUST-000519,2026-03-01,17,8.04,0.49,2026-03-12
CUST-000519,2026-04-01,14,9.76,0.394,2026-04-26
CUST-000519,2026-05-01,13,6.12,0.326,2026-05-19
CUST-000519,2026-06-01,11,9.27,0.29,2026-06-21
CUST-000519,2026-07-01,7,4.42,0.202,2026-07-14
CUST-000519,2026-08-01,5,4.4,0.197,2026-08-19
CUST-000520,2026-03-01,18,18.95,0.834,2026-03-09
CUST-000520,2026-04-01,17,23.22,0.757,2026-04-05
CUST-000520,2026-05-01,20,19.64,0.779,2026-05-26
CUST-000520,2026-06-01,20,22.91,0.744,2026-06-19
CUST-000520,2026-07-01,19,23.38,0.835,2026-07-21
CUST-000520,2026-08-01,16,19.29,0.738,2026-08-11
CUST-000521,2026-03-01,16,22.78,0.286,2026-03-18
CUST-000521,2026-04-01,11,23.79,0.359,2026-04-11
CUST-000521,2026-05-01,10,22.08,0.336,2026-05-14
CUST-000521,2026-06-01,11,31.49,0.361,2026-06-20
CUST-000521,2026-07-01,8,15.55,0.223,2026-07-03
CUST-000521,2026-08-01,13,24.64,0.277,2026-08-11
CUST-000522,2026-03-01,10,28.54,0.352,2026-03-17
CUST-000522,2026-04-01,17,27.34,0.35,2026-04-12
CUST-000522,2026-05-01,10,27.86,0.309,2026-05-27
CUST-000522,2026-06-01,13,30.18,0.352,2026-06-19
CUST-000522,2026-07-01,12,31.59,0.292,2026-07-09
CUST-000522,2026-08-01,11,24.85,0.329,2026-08-21
CUST-000523,2026-03-01,16,14.46,0.566,2026-03-25
CUST-000523,2026-04-01,9,7.12,0.524,2026-04-24
CUST-000523,2026-05-01,14,6.79,0.532,2026-05-02
CUST-000523,2026-06-01,7,11.22,0.35,2026-06-25
CUST-000523,2026-07-01,9,3.35,0.282,2026-07-18
CUST-000523,2026-08-01,6,10.08,0.228,2026-08-03
CUST-000524,2026-03-01,26,29.29,0.678,2026-03-04
CUST-000524,2026-04-01,26,29.99,0.642,2026-04-21
CUST-000524,2026-05-01,23,28.26,0.597,2026-05-18
CUST-000524,2026-06-01,21,24.64,0.675,2026-06-04
CUST-000524,2026-07-01,25,25.9,0.627,2026-07-08
CUST-000524,2026-08-01,22,26.09,0.61,2026-08-17
CUST-000525,2026-03-01,12,13.7,0.41,2026-03-20
CUST-000525,2026-04-01,20,15.09,0.472,2026-04-14
CUST-000525,2026-05-01,15,16.24,0.438,2026-05-16
CUST-000525,2026-06-01,17,17.65,0.475,2026-06-08
CUST-000525,2026-07-01,15,20.61,0.498,2026-07-09
CUST-000525,2026-08-01,12,9.51,0.415,2026-08-22
CUST-000526,2026-03-01,8,24.64,0.309,2026-03-22
CUST-000526,2026-04-01,10,20.76,0.255,2026-04-07
CUST-000526,2026-05-01,9,23.05,0.262,2026-05-03
CUST-000526,2026-06-01,7,19.06,0.175,2026-06-15
CUST-000526,2026-07-01,6,16.9,0.219,2026-07-05
CUST-000526,2026-08-01,2,13.68,0.119,2026-08-27
CUST-000527,2026-03-01,13,38.01,0.345,2026-03-24
CUST-000527,2026-04-01,11,41.83,0.335,2026-04-14
CUST-000527,2026-05-01,14,31.95,0.326,2026-05-20
CUST-000527,2026-06-01,11,37.22,0.359,2026-06-03
CUST-000527,2026-07-01,11,36.26,0.391,2026-07-18
CUST-000527,2026-08-01,11,35.27,0.29,2026-08-27
CUST-000528,2026-03-01,12,19.49,0.751,2026-03-17
CUST-000528,2026-04-01,10,22.85,0.64,2026-04-19
CUST-000528,2026-05-01,10,18.85,0.668,2026-05-12
CUST-000528,2026-06-01,11,20.38,0.677,2026-06-17
CUST-000528,2026-07-01,11,15.51,0.585,2026-07-24
CUST-000528,2026-08-01,9,25.36,0.646,2026-08-14
CUST-000529,2026-03-01,24,25.15,0.713,2026-03-10
CUST-000529,2026-04-01,25,24.68,0.652,2026-04-18
CUST-000529,2026-05-01,20,30.25,0.656,2026-05-07
CUST-000529,2026-06-01,21,25.04,0.631,2026-06-01
CUST-000529,2026-07-01,18,22.58,0.54,2026-07-19
CUST-000529,2026-08-01,23,30.43,0.633,2026-08-23
CUST-000530,2026-03-01,18,39.7,0.346,2026-03-22
CUST-000530,2026-04-01,22,37.81,0.346,2026-04-08
CUST-000530,2026-05-01,22,39.46,0.388,2026-05-24
CUST-000530,2026-06-01,25,47.36,0.425,2026-06-06
CUST-000530,2026-07-01,23,42.62,0.398,2026-07-08
CUST-000530,2026-08-01,24,45.7,0.445,2026-08-02
CUST-000531,2026-03-01,9,17.01,0.548,2026-03-26
CUST-000531,2026-04-01,10,21.06,0.572,2026-04-19
CUST-000531,2026-05-01,10,22.52,0.556,2026-05-15
CUST-000531,2026-06-01,11,17.14,0.504,2026-06-25
CUST-000531,2026-07-01,7,17.54,0.581,2026-07-01
CUST-000531,2026-08-01,10,14.57,0.53,2026-08-11
CUST-000532,2026-03-01,15,40.22,0.763,2026-03-04
CUST-000532,2026-04-01,18,38.83,0.726,2026-04-14
CUST-000532,2026-05-01,16,44.68,0.817,2026-05-10
CUST-000532,2026-06-01,13,32.37,0.727,2026-06-09
CUST-000532,2026-07-01,14,38.41,0.791,2026-07-09
CUST-000532,2026-08-01,16,42.53,0.766,2026-08-06
CUST-000533,2026-03-01,13,15.06,0.611,2026-03-04
CUST-000533,2026-04-01,11,15.36,0.555,2026-04-14
CUST-000533,2026-05-01,11,5.46,0.443,2026-05-08
CUST-000533,2026-06-01,5,15.49,0.413,2026-06-12
CUST-000533,2026-07-01,5,5.97,0.312,2026-07-16
CUST-000533,2026-08-01,5,4.79,0.234,2026-08-09
CUST-000534,2026-03-01,15,14.72,0.489,2026-03-21
CUST-000534,2026-04-01,16,11.71,0.426,2026-04-24
CUST-000534,2026-05-01,22,13.71,0.56,2026-05-07
CUST-000534,2026-06-01,13,8.86,0.539,2026-06-12
CUST-000534,2026-07-01,15,10.44,0.496,2026-07-14
CUST-000534,2026-08-01,12,16.28,0.423,2026-08-23
CUST-000535,2026-03-01,15,34.73,0.643,2026-03-25
CUST-000535,2026-04-01,15,26.94,0.65,2026-04-05
CUST-000535,2026-05-01,11,25.98,0.53,2026-05-07
CUST-000535,2026-06-01,11,19.7,0.441,2026-06-13
CUST-000535,2026-07-01,9,17.25,0.326,2026-07-21
CUST-000535,2026-08-01,8,9.37,0.276,2026-08-07
CUST-000536,2026-03-01,10,8.34,0.487,2026-03-25
CUST-000536,2026-04-01,11,12.2,0.395,2026-04-22
CUST-000536,2026-05-01,7,9.21,0.364,2026-05-07
CUST-000536,2026-06-01,4,11.74,0.295,2026-06-13
CUST-000536,2026-07-01,6,5.57,0.271,2026-07-18
CUST-000536,2026-08-01,6,4.93,0.202,2026-08-25
CUST-000537,2026-03-01,12,13.38,0.329,2026-03-12
CUST-000537,2026-04-01,11,19.63,0.334,2026-04-08
CUST-000537,2026-05-01,14,20.37,0.445,2026-05-25
CUST-000537,2026-06-01,13,18.57,0.331,2026-06-26
CUST-000537,2026-07-01,18,17.17,0.408,2026-07-02
CUST-000537,2026-08-01,14,22.26,0.393,2026-08-19
CUST-000538,2026-03-01,11,11.64,0.389,2026-03-09
CUST-000538,2026-04-01,16,5.87,0.341,2026-04-26
CUST-000538,2026-05-01,10,8.37,0.319,2026-05-07
CUST-000538,2026-06-01,11,8.64,0.212,2026-06-12
CUST-000538,2026-07-01,10,2.57,0.205,2026-07-08
CUST-000538,2026-08-01,7,3.15,0.162,2026-08-15
CUST-000539,2026-03-01,18,39.61,0.466,2026-03-19
CUST-000539,2026-04-01,20,47.47,0.549,2026-04-24
CUST-000539,2026-05-01,16,42.0,0.409,2026-05-10
CUST-000539,2026-06-01,15,41.4,0.488,2026-06-20
CUST-000539,2026-07-01,22,45.8,0.515,2026-07-14
CUST-000539,2026-08-01,19,47.69,0.528,2026-08-18
CUST-000540,2026-03-01,14,25.47,0.262,2026-03-22
CUST-000540,2026-04-01,15,26.15,0.234,2026-04-15
CUST-000540,2026-05-01,19,27.62,0.308,2026-05-23
CUST-000540,2026-06-01,16,24.58,0.294,2026-06-02
CUST-000540,2026-07-01,12,22.0,0.291,2026-07-09
CUST-000540,2026-08-01,12,28.6,0.362,2026-08-02
CUST-000541,2026-03-01,20,24.64,0.366,2026-03-05
CUST-000541,2026-04-01,20,24.33,0.314,2026-04-25
CUST-000541,2026-05-01,21,27.37,0.343,2026-05-16
CUST-000541,2026-06-01,16,20.78,0.31,2026-06-11
CUST-000541,2026-07-01,22,26.95,0.337,2026-07-19
CUST-000541,2026-08-01,22,30.3,0.311,2026-08-12
CUST-000542,2026-03-01,16,12.08,0.518,2026-03-08
CUST-000542,2026-04-01,15,9.23,0.571,2026-04-19
CUST-000542,2026-05-01,16,11.46,0.551,2026-05-04
CUST-000542,2026-06-01,13,11.79,0.483,2026-06-19
CUST-000542,2026-07-01,15,9.65,0.526,2026-07-12
CUST-000542,2026-08-01,15,6.03,0.59,2026-08-17
CUST-000543,2026-03-01,23,31.14,0.394,2026-03-16
CUST-000543,2026-04-01,26,24.71,0.422,2026-04-16
CUST-000543,2026-05-01,23,27.7,0.456,2026-05-01
CUST-000543,2026-06-01,21,24.88,0.388,2026-06-27
CUST-000543,2026-07-01,24,25.43,0.461,2026-07-04
CUST-000543,2026-08-01,22,27.93,0.475,2026-08-18
CUST-000544,2026-03-01,22,36.07,0.588,2026-03-12
CUST-000544,2026-04-01,29,35.53,0.661,2026-04-11
CUST-000544,2026-05-01,27,31.2,0.699,2026-05-20
CUST-000544,2026-06-01,20,28.8,0.579,2026-06-05
CUST-000544,2026-07-01,20,32.43,0.597,2026-07-16
CUST-000544,2026-08-01,22,36.67,0.577,2026-08-12
CUST-000545,2026-03-01,11,9.31,0.718,2026-03-27
CUST-000545,2026-04-01,13,9.33,0.816,2026-04-02
CUST-000545,2026-05-01,13,20.08,0.814,2026-05-11
CUST-000545,2026-06-01,13,12.48,0.725,2026-06-22
CUST-000545,2026-07-01,16,8.4,0.799,2026-07-11
CUST-000545,2026-08-01,9,13.38,0.791,2026-08-02
CUST-000546,2026-03-01,15,6.77,0.717,2026-03-09
CUST-000546,2026-04-01,12,12.53,0.603,2026-04-02
CUST-000546,2026-05-01,10,8.81,0.54,2026-05-12
CUST-000546,2026-06-01,11,2.68,0.455,2026-06-21
CUST-000546,2026-07-01,9,7.27,0.305,2026-07-10
CUST-000546,2026-08-01,4,8.18,0.286,2026-08-04
CUST-000547,2026-03-01,25,17.91,0.541,2026-03-01
CUST-000547,2026-04-01,20,13.93,0.524,2026-04-24
CUST-000547,2026-05-01,17,13.08,0.433,2026-05-19
CUST-000547,2026-06-01,17,19.58,0.496,2026-06-06
CUST-000547,2026-07-01,17,15.59,0.461,2026-07-04
CUST-000547,2026-08-01,19,12.57,0.453,2026-08-13
CUST-000548,2026-03-01,22,20.61,0.543,2026-03-20
CUST-000548,2026-04-01,24,23.21,0.581,2026-04-17
CUST-000548,2026-05-01,20,16.85,0.578,2026-05-14
CUST-000548,2026-06-01,24,22.32,0.546,2026-06-09
CUST-000548,2026-07-01,25,19.64,0.49,2026-07-11
CUST-000548,2026-08-01,25,19.99,0.48,2026-08-20
CUST-000549,2026-03-01,25,35.76,0.736,2026-03-25
CUST-000549,2026-04-01,20,32.2,0.794,2026-04-25
CUST-000549,2026-05-01,22,26.87,0.776,2026-05-19
CUST-000549,2026-06-01,24,29.64,0.752,2026-06-17
CUST-000549,2026-07-01,20,34.28,0.766,2026-07-02
CUST-000549,2026-08-01,23,29.68,0.739,2026-08-19
CUST-000550,2026-03-01,10,29.74,0.631,2026-03-15
CUST-000550,2026-04-01,13,25.33,0.576,2026-04-09
CUST-000550,2026-05-01,8,24.29,0.487,2026-05-20
CUST-000550,2026-06-01,10,20.36,0.414,2026-06-03
CUST-000550,2026-07-01,8,18.58,0.366,2026-07-01
CUST-000550,2026-08-01,7,10.62,0.324,2026-08-04
CUST-000551,2026-03-01,21,10.06,0.615,2026-03-25
CUST-000551,2026-04-01,17,5.27,0.546,2026-04-10
CUST-000551,2026-05-01,17,10.16,0.521,2026-05-13
CUST-000551,2026-06-01,13,8.07,0.424,2026-06-04
CUST-000551,2026-07-01,12,8.41,0.31,2026-07-12
CUST-000551,2026-08-01,9,0.0,0.268,2026-08-24
CUST-000552,2026-03-01,8,40.28,0.45,2026-03-09
CUST-000552,2026-04-01,10,40.98,0.438,2026-04-07
CUST-000552,2026-05-01,13,36.25,0.466,2026-05-14
CUST-000552,2026-06-01,10,37.16,0.592,2026-06-18
CUST-000552,2026-07-01,9,33.02,0.426,2026-07-15
CUST-000552,2026-08-01,12,31.42,0.505,2026-08-02
CUST-000553,2026-03-01,11,27.08,0.445,2026-03-23
CUST-000553,2026-04-01,8,22.75,0.424,2026-04-19
CUST-000553,2026-05-01,9,13.1,0.336,2026-05-18
CUST-000553,2026-06-01,10,16.82,0.348,2026-06-25
CUST-000553,2026-07-01,7,11.48,0.295,2026-07-25
CUST-000553,2026-08-01,4,9.57,0.205,2026-08-23
CUST-000554,2026-03-01,10,7.23,0.799,2026-03-23
CUST-000554,2026-04-01,9,13.86,0.828,2026-04-22
CUST-000554,2026-05-01,11,14.39,0.722,2026-05-22
CUST-000554,2026-06-01,8,8.65,0.79,2026-06-26
CUST-000554,2026-07-01,9,10.14,0.799,2026-07-06
CUST-000554,2026-08-01,7,5.81,0.779,2026-08-10
CUST-000555,2026-03-01,19,19.56,0.459,2026-03-23
CUST-000555,2026-04-01,17,12.5,0.431,2026-04-25
CUST-000555,2026-05-01,13,7.79,0.355,2026-05-13
CUST-000555,2026-06-01,10,13.61,0.3,2026-06-09
CUST-000555,2026-07-01,10,5.86,0.257,2026-07-09
CUST-000555,2026-08-01,7,8.87,0.226,2026-08-07
CUST-000556,2026-03-01,20,36.4,0.651,2026-03-17
CUST-000556,2026-04-01,19,32.9,0.594,2026-04-17
CUST-000556,2026-05-01,22,35.65,0.698,2026-05-21
CUST-000556,2026-06-01,28,39.38,0.771,2026-06-09
CUST-000556,2026-07-01,21,27.5,0.609,2026-07-11
CUST-000556,2026-08-01,20,33.44,0.672,2026-08-12
CUST-000557,2026-03-01,7,31.95,0.812,2026-03-07
CUST-000557,2026-04-01,11,30.11,0.89,2026-04-26
CUST-000557,2026-05-01,11,27.39,0.764,2026-05-17
CUST-000557,2026-06-01,11,28.74,0.84,2026-06-24
CUST-000557,2026-07-01,12,29.35,0.805,2026-07-06
CUST-000557,2026-08-01,12,29.19,0.731,2026-08-17
CUST-000558,2026-03-01,11,25.84,0.547,2026-03-10
CUST-000558,2026-04-01,11,23.94,0.562,2026-04-24
CUST-000558,2026-05-01,14,19.92,0.55,2026-05-25
CUST-000558,2026-06-01,11,18.81,0.527,2026-06-27
CUST-000558,2026-07-01,11,25.4,0.53,2026-07-02
CUST-000558,2026-08-01,12,16.39,0.527,2026-08-15
CUST-000559,2026-03-01,9,29.95,0.431,2026-03-16
CUST-000559,2026-04-01,8,24.57,0.396,2026-04-23
CUST-000559,2026-05-01,8,25.83,0.44,2026-05-14
CUST-000559,2026-06-01,5,19.63,0.358,2026-06-07
CUST-000559,2026-07-01,4,29.38,0.5,2026-07-15
CUST-000559,2026-08-01,10,31.66,0.435,2026-08-06
CUST-000560,2026-03-01,21,41.86,0.601,2026-03-07
CUST-000560,2026-04-01,24,34.96,0.652,2026-04-17
CUST-000560,2026-05-01,23,38.82,0.722,2026-05-02
CUST-000560,2026-06-01,22,45.46,0.663,2026-06-16
CUST-000560,2026-07-01,23,41.67,0.672,2026-07-06
CUST-000560,2026-08-01,22,43.24,0.651,2026-08-18
CUST-000561,2026-03-01,20,10.98,0.656,2026-03-25
CUST-000561,2026-04-01,15,9.98,0.58,2026-04-26
CUST-000561,2026-05-01,16,6.79,0.497,2026-05-08
CUST-000561,2026-06-01,13,8.65,0.465,2026-06-23
CUST-000561,2026-07-01,12,8.19,0.388,2026-07-10
CUST-000561,2026-08-01,9,0.0,0.258,2026-08-05
CUST-000562,2026-03-01,6,15.35,0.377,2026-03-26
CUST-000562,2026-04-01,2,10.09,0.374,2026-04-22
CUST-000562,2026-05-01,3,15.82,0.323,2026-05-02
CUST-000562,2026-06-01,6,10.18,0.246,2026-06-23
CUST-000562,2026-07-01,6,9.84,0.293,2026-07-07
CUST-000562,2026-08-01,2,7.68,0.197,2026-08-10
CUST-000563,2026-03-01,13,37.15,0.392,2026-03-26
CUST-000563,2026-04-01,21,50.11,0.448,2026-04-24
CUST-000563,2026-05-01,14,33.83,0.37,2026-05-03
CUST-000563,2026-06-01,18,41.46,0.457,2026-06-26
CUST-000563,2026-07-01,17,38.41,0.455,2026-07-16
CUST-000563,2026-08-01,16,45.14,0.468,2026-08-14
CUST-000564,2026-03-01,19,38.09,0.707,2026-03-27
CUST-000564,2026-04-01,15,35.91,0.777,2026-04-05
CUST-000564,2026-05-01,13,37.72,0.746,2026-05-06
CUST-000564,2026-06-01,17,34.41,0.779,2026-06-01
CUST-000564,2026-07-01,15,40.66,0.79,2026-07-23
CUST-000564,2026-08-01,14,32.18,0.776,2026-08-04
CUST-000565,2026-03-01,21,39.97,0.45,2026-03-21
CUST-000565,2026-04-01,23,41.13,0.537,2026-04-23
CUST-000565,2026-05-01,21,36.1,0.443,2026-05-16
CUST-000565,2026-06-01,20,32.89,0.482,2026-06-10
CUST-000565,2026-07-01,22,35.21,0.549,2026-07-12
CUST-000565,2026-08-01,22,39.17,0.56,2026-08-20
CUST-000566,2026-03-01,29,15.45,0.728,2026-03-16
CUST-000566,2026-04-01,26,16.33,0.781,2026-04-22
CUST-000566,2026-05-01,27,20.96,0.903,2026-05-12
CUST-000566,2026-06-01,22,15.97,0.688,2026-06-19
CUST-000566,2026-07-01,25,17.81,0.785,2026-07-23
CUST-000566,2026-08-01,23,18.73,0.674,2026-08-18
CUST-000567,2026-03-01,17,19.82,0.539,2026-03-14
CUST-000567,2026-04-01,16,17.93,0.522,2026-04-22
CUST-000567,2026-05-01,15,11.32,0.529,2026-05-08
CUST-000567,2026-06-01,16,15.18,0.43,2026-06-14
CUST-000567,2026-07-01,14,13.64,0.467,2026-07-21
CUST-000567,2026-08-01,20,18.31,0.544,2026-08-10
CUST-000568,2026-03-01,22,30.15,0.652,2026-03-19
CUST-000568,2026-04-01,19,30.91,0.602,2026-04-19
CUST-000568,2026-05-01,21,31.88,0.574,2026-05-27
CUST-000568,2026-06-01,21,26.04,0.54,2026-06-18
CUST-000568,2026-07-01,22,28.01,0.631,2026-07-17
CUST-000568,2026-08-01,22,32.92,0.659,2026-08-11
CUST-000569,2026-03-01,19,21.27,0.467,2026-03-16
CUST-000569,2026-04-01,17,16.93,0.453,2026-04-26
CUST-000569,2026-05-01,19,18.82,0.413,2026-05-19
CUST-000569,2026-06-01,14,20.28,0.378,2026-06-07
CUST-000569,2026-07-01,13,15.19,0.298,2026-07-04
CUST-000569,2026-08-01,9,13.99,0.24,2026-08-03
CUST-000570,2026-03-01,20,13.7,0.422,2026-03-27
CUST-000570,2026-04-01,19,15.47,0.347,2026-04-17
CUST-000570,2026-05-01,15,13.6,0.311,2026-05-26
CUST-000570,2026-06-01,10,5.87,0.257,2026-06-20
CUST-000570,2026-07-01,8,10.08,0.217,2026-07-15
CUST-000570,2026-08-01,6,4.53,0.183,2026-08-20
CUST-000571,2026-03-01,9,31.45,0.647,2026-03-12
CUST-000571,2026-04-01,14,24.1,0.678,2026-04-11
CUST-000571,2026-05-01,14,29.28,0.612,2026-05-15
CUST-000571,2026-06-01,13,30.04,0.715,2026-06-10
CUST-000571,2026-07-01,13,28.89,0.714,2026-07-06
CUST-000571,2026-08-01,8,29.05,0.69,2026-08-21
CUST-000572,2026-03-01,24,41.31,0.67,2026-03-21
CUST-000572,2026-04-01,20,34.31,0.561,2026-04-22
CUST-000572,2026-05-01,23,40.06,0.646,2026-05-02
CUST-000572,2026-06-01,21,37.66,0.563,2026-06-24
CUST-000572,2026-07-01,20,39.84,0.6,2026-07-11
CUST-000572,2026-08-01,21,39.7,0.612,2026-08-09
CUST-000573,2026-03-01,16,39.82,0.37,2026-03-04
CUST-000573,2026-04-01,10,31.27,0.378,2026-04-09
CUST-000573,2026-05-01,10,41.61,0.372,2026-05-14
CUST-000573,2026-06-01,14,44.87,0.451,2026-06-24
CUST-000573,2026-07-01,14,38.79,0.407,2026-07-11
CUST-000573,2026-08-01,16,41.75,0.398,2026-08-19
CUST-000574,2026-03-01,8,20.97,0.481,2026-03-17
CUST-000574,2026-04-01,13,9.63,0.478,2026-04-24
CUST-000574,2026-05-01,13,14.91,0.492,2026-05-19
CUST-000574,2026-06-01,9,16.66,0.419,2026-06-21
CUST-000574,2026-07-01,12,17.73,0.418,2026-07-10
CUST-000574,2026-08-01,12,12.39,0.539,2026-08-03
CUST-000575,2026-03-01,8,37.42,0.491,2026-03-08
CUST-000575,2026-04-01,12,35.16,0.552,2026-04-02
CUST-000575,2026-05-01,9,33.93,0.467,2026-05-26
CUST-000575,2026-06-01,10,32.52,0.509,2026-06-23
CUST-000575,2026-07-01,9,38.58,0.579,2026-07-10
CUST-000575,2026-08-01,12,34.53,0.527,2026-08-25
CUST-000576,2026-03-01,19,32.48,0.707,2026-03-10
CUST-000576,2026-04-01,20,37.34,0.68,2026-04-02
CUST-000576,2026-05-01,20,39.76,0.755,2026-05-14
CUST-000576,2026-06-01,17,42.06,0.743,2026-06-07
CUST-000576,2026-07-01,24,37.52,0.697,2026-07-06
CUST-000576,2026-08-01,21,37.06,0.701,2026-08-11
CUST-000577,2026-03-01,8,13.06,0.486,2026-03-06
CUST-000577,2026-04-01,8,14.47,0.42,2026-04-10
CUST-000577,2026-05-01,12,13.93,0.494,2026-05-05
CUST-000577,2026-06-01,10,17.37,0.436,2026-06-27
CUST-000577,2026-07-01,13,9.73,0.398,2026-07-03
CUST-000577,2026-08-01,7,11.0,0.42,2026-08-10
CUST-000578,2026-03-01,14,39.92,0.462,2026-03-01
CUST-000578,2026-04-01,8,40.71,0.536,2026-04-03
CUST-000578,2026-05-01,11,35.08,0.512,2026-05-19
CUST-000578,2026-06-01,8,32.03,0.496,2026-06-05
CUST-000578,2026-07-01,8,25.09,0.379,2026-07-25
CUST-000578,2026-08-01,6,32.93,0.533,2026-08-14
CUST-000579,2026-03-01,18,35.47,0.716,2026-03-04
CUST-000579,2026-04-01,11,34.47,0.603,2026-04-27
CUST-000579,2026-05-01,15,38.88,0.691,2026-05-15
CUST-000579,2026-06-01,13,38.53,0.746,2026-06-20
CUST-000579,2026-07-01,14,38.56,0.709,2026-07-18
CUST-000579,2026-08-01,13,41.15,0.681,2026-08-09
CUST-000580,2026-03-01,10,20.89,0.207,2026-03-06
CUST-000580,2026-04-01,8,15.34,0.191,2026-04-14
CUST-000580,2026-05-01,5,18.43,0.221,2026-05-01
CUST-000580,2026-06-01,7,10.66,0.204,2026-06-06
CUST-000580,2026-07-01,6,10.83,0.152,2026-07-27
CUST-000580,2026-08-01,2,12.21,0.137,2026-08-03
CUST-000581,2026-03-01,8,21.43,0.489,2026-03-01
CUST-000581,2026-04-01,6,30.79,0.405,2026-04-04
CUST-000581,2026-05-01,7,18.27,0.374,2026-05-08
CUST-000581,2026-06-01,8,13.09,0.266,2026-06-09
CUST-000581,2026-07-01,2,17.38,0.303,2026-07-12
CUST-000581,2026-08-01,5,4.49,0.212,2026-08-04
CUST-000582,2026-03-01,11,15.7,0.305,2026-03-15
CUST-000582,2026-04-01,12,16.57,0.387,2026-04-23
CUST-000582,2026-05-01,12,10.99,0.357,2026-05-01
CUST-000582,2026-06-01,10,22.81,0.41,2026-06-08
CUST-000582,2026-07-01,13,14.95,0.303,2026-07-10
CUST-000582,2026-08-01,13,17.96,0.326,2026-08-26
CUST-000583,2026-03-01,18,23.5,0.538,2026-03-03
CUST-000583,2026-04-01,22,24.64,0.462,2026-04-01
CUST-000583,2026-05-01,15,23.76,0.367,2026-05-10
CUST-000583,2026-06-01,14,17.7,0.364,2026-06-01
CUST-000583,2026-07-01,10,16.78,0.318,2026-07-25
CUST-000583,2026-08-01,5,11.66,0.202,2026-08-18
CUST-000584,2026-03-01,12,26.01,0.507,2026-03-24
CUST-000584,2026-04-01,17,19.57,0.471,2026-04-09
CUST-000584,2026-05-01,13,30.08,0.496,2026-05-10
CUST-000584,2026-06-01,17,26.12,0.423,2026-06-27
CUST-000584,2026-07-01,15,26.74,0.427,2026-07-25
CUST-000584,2026-08-01,14,25.38,0.403,2026-08-13
CUST-000585,2026-03-01,8,20.57,0.653,2026-03-15
CUST-000585,2026-04-01,12,20.09,0.649,2026-04-16
CUST-000585,2026-05-01,7,23.74,0.699,2026-05-07
CUST-000585,2026-06-01,8,23.57,0.685,2026-06-10
CUST-000585,2026-07-01,7,21.05,0.624,2026-07-17
CUST-000585,2026-08-01,12,22.09,0.669,2026-08-25
CUST-000586,2026-03-01,6,42.24,0.78,2026-03-01
CUST-000586,2026-04-01,10,46.3,0.861,2026-04-11
CUST-000586,2026-05-01,9,46.81,0.818,2026-05-22
CUST-000586,2026-06-01,10,42.47,0.782,2026-06-12
CUST-000586,2026-07-01,3,40.25,0.75,2026-07-26
CUST-000586,2026-08-01,8,50.2,0.869,2026-08-13
CUST-000587,2026-03-01,11,23.62,0.6,2026-03-01
CUST-000587,2026-04-01,9,15.83,0.508,2026-04-23
CUST-000587,2026-05-01,6,12.67,0.554,2026-05-01
CUST-000587,2026-06-01,5,10.59,0.445,2026-06-14
CUST-000587,2026-07-01,5,7.92,0.371,2026-07-14
CUST-000587,2026-08-01,0,10.24,0.307,2026-08-06
CUST-000588,2026-03-01,9,16.01,0.525,2026-03-15
CUST-000588,2026-04-01,6,15.99,0.474,2026-04-06
CUST-000588,2026-05-01,3,11.49,0.346,2026-05-22
CUST-000588,2026-06-01,5,6.54,0.319,2026-06-16
CUST-000588,2026-07-01,5,9.64,0.28,2026-07-03
CUST-000588,2026-08-01,3,8.04,0.217,2026-08-04
CUST-000589,2026-03-01,5,41.02,0.308,2026-03-01
CUST-000589,2026-04-01,10,37.17,0.322,2026-04-14
CUST-000589,2026-05-01,6,29.25,0.241,2026-05-24
CUST-000589,2026-06-01,6,26.57,0.253,2026-06-15
CUST-000589,2026-07-01,6,20.69,0.197,2026-07-05
CUST-000589,2026-08-01,7,15.69,0.173,2026-08-13
CUST-000590,2026-03-01,16,19.86,0.71,2026-03-24
CUST-000590,2026-04-01,15,25.63,0.625,2026-04-22
CUST-000590,2026-05-01,13,22.47,0.556,2026-05-27
CUST-000590,2026-06-01,13,19.3,0.507,2026-06-13
CUST-000590,2026-07-01,11,13.94,0.366,2026-07-02
CUST-000590,2026-08-01,7,13.89,0.293,2026-08-06
CUST-000591,2026-03-01,14,28.35,0.672,2026-03-25
CUST-000591,2026-04-01,11,33.46,0.665,2026-04-18
CUST-000591,2026-05-01,13,36.08,0.691,2026-05-24
CUST-000591,2026-06-01,16,37.1,0.653,2026-06-02
CUST-000591,2026-07-01,17,31.83,0.682,2026-07-15
CUST-000591,2026-08-01,14,42.57,0.746,2026-08-14
CUST-000592,2026-03-01,9,42.18,0.345,2026-03-12
CUST-000592,2026-04-01,5,32.84,0.348,2026-04-05
CUST-000592,2026-05-01,7,35.27,0.351,2026-05-18
CUST-000592,2026-06-01,4,29.27,0.286,2026-06-04
CUST-000592,2026-07-01,5,23.61,0.223,2026-07-25
CUST-000592,2026-08-01,1,17.04,0.159,2026-08-02
CUST-000593,2026-03-01,11,15.51,0.292,2026-03-11
CUST-000593,2026-04-01,12,9.08,0.249,2026-04-21
CUST-000593,2026-05-01,14,9.63,0.261,2026-05-06
CUST-000593,2026-06-01,10,11.27,0.208,2026-06-10
CUST-000593,2026-07-01,11,9.86,0.202,2026-07-26
CUST-000593,2026-08-01,7,0.41,0.181,2026-08-27
CUST-000594,2026-03-01,17,32.82,0.389,2026-03-11
CUST-000594,2026-04-01,11,22.06,0.294,2026-04-25
CUST-000594,2026-05-01,17,27.92,0.342,2026-05-12
CUST-000594,2026-06-01,16,27.96,0.327,2026-06-04
CUST-000594,2026-07-01,14,21.83,0.382,2026-07-26
CUST-000594,2026-08-01,21,22.74,0.339,2026-08-23
CUST-000595,2026-03-01,17,17.31,0.653,2026-03-05
CUST-000595,2026-04-01,17,17.19,0.671,2026-04-20
CUST-000595,2026-05-01,15,17.13,0.612,2026-05-21
CUST-000595,2026-06-01,15,22.71,0.702,2026-06-13
CUST-000595,2026-07-01,19,20.73,0.626,2026-07-11
CUST-000595,2026-08-01,13,18.41,0.709,2026-08-22
CUST-000596,2026-03-01,15,22.4,0.404,2026-03-06
CUST-000596,2026-04-01,14,13.12,0.374,2026-04-20
CUST-000596,2026-05-01,13,13.57,0.308,2026-05-23
CUST-000596,2026-06-01,9,13.49,0.306,2026-06-18
CUST-000596,2026-07-01,9,7.46,0.247,2026-07-24
CUST-000596,2026-08-01,7,7.07,0.269,2026-08-27
CUST-000597,2026-03-01,19,32.95,0.343,2026-03-15
CUST-000597,2026-04-01,23,45.41,0.426,2026-04-23
CUST-000597,2026-05-01,23,46.9,0.438,2026-05-27
CUST-000597,2026-06-01,23,40.89,0.42,2026-06-15
CUST-000597,2026-07-01,19,40.71,0.441,2026-07-12
CUST-000597,2026-08-01,16,43.13,0.377,2026-08-25
CUST-000598,2026-03-01,13,15.26,0.346,2026-03-23
CUST-000598,2026-04-01,16,20.65,0.373,2026-04-14
CUST-000598,2026-05-01,17,20.55,0.363,2026-05-19
CUST-000598,2026-06-01,15,13.86,0.329,2026-06-20
CUST-000598,2026-07-01,15,17.33,0.3,2026-07-06
CUST-000598,2026-08-01,16,18.52,0.36,2026-08-27
CUST-000599,2026-03-01,19,46.69,0.435,2026-03-27
CUST-000599,2026-04-01,22,41.62,0.516,2026-04-14
CUST-000599,2026-05-01,21,43.59,0.521,2026-05-19
CUST-000599,2026-06-01,24,42.38,0.492,2026-06-17
CUST-000599,2026-07-01,21,47.58,0.501,2026-07-03
CUST-000599,2026-08-01,24,51.13,0.501,2026-08-08
CUST-000600,2026-03-01,6,10.42,0.406,2026-03-25
CUST-000600,2026-04-01,10,12.97,0.429,2026-04-04
CUST-000600,2026-05-01,8,7.36,0.401,2026-05-27
CUST-000600,2026-06-01,11,7.24,0.465,2026-06-11
CUST-000600,2026-07-01,13,15.18,0.459,2026-07-25
CUST-000600,2026-08-01,13,10.72,0.39,2026-08-01
CUST-000601,2026-03-01,13,33.13,0.76,2026-03-27
CUST-000601,2026-04-01,16,32.32,0.666,2026-04-23
CUST-000601,2026-05-01,15,35.11,0.801,2026-05-04
CUST-000601,2026-06-01,12,36.0,0.722,2026-06-06
CUST-000601,2026-07-01,13,29.78,0.704,2026-07-11
CUST-000601,2026-08-01,11,29.02,0.606,2026-08-18
CUST-000602,2026-03-01,7,13.15,0.746,2026-03-07
CUST-000602,2026-04-01,6,25.14,0.772,2026-04-21
CUST-000602,2026-05-01,9,18.99,0.729,2026-05-26
CUST-000602,2026-06-01,5,21.36,0.812,2026-06-27
CUST-000602,2026-07-01,13,25.49,0.746,2026-07-03
CUST-000602,2026-08-01,7,16.75,0.771,2026-08-25
CUST-000603,2026-03-01,4,22.56,0.614,2026-03-22
CUST-000603,2026-04-01,12,23.91,0.666,2026-04-03
CUST-000603,2026-05-01,9,25.29,0.599,2026-05-16
CUST-000603,2026-06-01,9,26.23,0.623,2026-06-12
CUST-000603,2026-07-01,8,21.22,0.569,2026-07-19
CUST-000603,2026-08-01,11,15.45,0.662,2026-08-12
CUST-000604,2026-03-01,12,40.61,0.403,2026-03-12
CUST-000604,2026-04-01,8,42.65,0.379,2026-04-27
CUST-000604,2026-05-01,9,40.41,0.422,2026-05-18
CUST-000604,2026-06-01,10,44.86,0.407,2026-06-24
CUST-000604,2026-07-01,13,34.76,0.34,2026-07-15
CUST-000604,2026-08-01,13,40.91,0.363,2026-08-03
CUST-000605,2026-03-01,21,17.96,0.591,2026-03-11
CUST-000605,2026-04-01,21,24.57,0.652,2026-04-07
CUST-000605,2026-05-01,19,18.39,0.587,2026-05-15
CUST-000605,2026-06-01,23,18.9,0.639,2026-06-17
CUST-000605,2026-07-01,20,20.14,0.618,2026-07-25
CUST-000605,2026-08-01,22,21.33,0.625,2026-08-16
CUST-000606,2026-03-01,13,24.24,0.674,2026-03-01
CUST-000606,2026-04-01,15,33.81,0.628,2026-04-22
CUST-000606,2026-05-01,17,27.51,0.68,2026-05-24
CUST-000606,2026-06-01,16,30.57,0.612,2026-06-24
CUST-000606,2026-07-01,17,22.59,0.705,2026-07-08
CUST-000606,2026-08-01,13,27.93,0.739,2026-08-01
CUST-000607,2026-03-01,22,42.34,0.696,2026-03-17
CUST-000607,2026-04-01,18,41.51,0.62,2026-04-21
CUST-000607,2026-05-01,19,38.13,0.661,2026-05-05
CUST-000607,2026-06-01,18,37.38,0.65,2026-06-10
CUST-000607,2026-07-01,18,38.11,0.723,2026-07-05
CUST-000607,2026-08-01,18,29.0,0.621,2026-08-01
CUST-000608,2026-03-01,9,21.84,0.537,2026-03-14
CUST-000608,2026-04-01,7,16.89,0.486,2026-04-12
CUST-000608,2026-05-01,7,15.26,0.385,2026-05-04
CUST-000608,2026-06-01,9,15.28,0.264,2026-06-10
CUST-000608,2026-07-01,3,7.69,0.293,2026-07-07
CUST-000608,2026-08-01,5,7.93,0.218,2026-08-16
CUST-000609,2026-03-01,21,37.49,0.489,2026-03-01
CUST-000609,2026-04-01,22,34.64,0.508,2026-04-07
CUST-000609,2026-05-01,21,38.83,0.525,2026-05-15
CUST-000609,2026-06-01,20,36.85,0.561,2026-06-01
CUST-000609,2026-07-01,19,39.63,0.515,2026-07-22
CUST-000609,2026-08-01,23,40.23,0.484,2026-08-27
CUST-000610,2026-03-01,22,24.45,0.3,2026-03-18
CUST-000610,2026-04-01,27,31.25,0.422,2026-04-23
CUST-000610,2026-05-01,24,25.05,0.392,2026-05-23
CUST-000610,2026-06-01,25,26.4,0.333,2026-06-16
CUST-000610,2026-07-01,22,26.34,0.29,2026-07-18
CUST-000610,2026-08-01,21,24.08,0.344,2026-08-14
CUST-000611,2026-03-01,16,34.47,0.775,2026-03-27
CUST-000611,2026-04-01,18,43.24,0.728,2026-04-15
CUST-000611,2026-05-01,16,36.07,0.717,2026-05-23
CUST-000611,2026-06-01,17,43.47,0.762,2026-06-06
CUST-000611,2026-07-01,19,37.07,0.716,2026-07-19
CUST-000611,2026-08-01,18,44.18,0.779,2026-08-14
CUST-000612,2026-03-01,19,34.67,0.385,2026-03-13
CUST-000612,2026-04-01,21,39.54,0.342,2026-04-14
CUST-000612,2026-05-01,18,34.03,0.283,2026-05-08
CUST-000612,2026-06-01,20,25.73,0.328,2026-06-13
CUST-000612,2026-07-01,18,29.35,0.341,2026-07-18
CUST-000612,2026-08-01,21,34.71,0.368,2026-08-23
CUST-000613,2026-03-01,15,12.13,0.482,2026-03-14
CUST-000613,2026-04-01,17,11.86,0.4,2026-04-17
CUST-000613,2026-05-01,14,15.03,0.381,2026-05-01
CUST-000613,2026-06-01,13,16.61,0.408,2026-06-11
CUST-000613,2026-07-01,17,7.85,0.41,2026-07-01
CUST-000613,2026-08-01,13,9.42,0.337,2026-08-01
CUST-000614,2026-03-01,23,9.84,0.827,2026-03-01
CUST-000614,2026-04-01,23,12.24,0.757,2026-04-24
CUST-000614,2026-05-01,20,19.07,0.676,2026-05-09
CUST-000614,2026-06-01,21,6.81,0.685,2026-06-25
CUST-000614,2026-07-01,19,3.81,0.631,2026-07-08
CUST-000614,2026-08-01,19,12.86,0.753,2026-08-25
CUST-000615,2026-03-01,20,13.21,0.445,2026-03-10
CUST-000615,2026-04-01,23,11.62,0.534,2026-04-19
CUST-000615,2026-05-01,18,13.02,0.452,2026-05-11
CUST-000615,2026-06-01,18,16.86,0.498,2026-06-16
CUST-000615,2026-07-01,16,14.2,0.49,2026-07-16
CUST-000615,2026-08-01,19,5.2,0.487,2026-08-23
CUST-000616,2026-03-01,11,16.34,0.78,2026-03-14
CUST-000616,2026-04-01,15,16.77,0.744,2026-04-02
CUST-000616,2026-05-01,13,16.36,0.808,2026-05-20
CUST-000616,2026-06-01,9,21.65,0.869,2026-06-13
CUST-000616,2026-07-01,15,8.77,0.834,2026-07-05
CUST-000616,2026-08-01,9,20.9,0.72,2026-08-27
CUST-000617,2026-03-01,16,41.01,0.566,2026-03-22
CUST-000617,2026-04-01,13,40.35,0.498,2026-04-16
CUST-000617,2026-05-01,17,36.85,0.545,2026-05-21
CUST-000617,2026-06-01,17,36.43,0.593,2026-06-12
CUST-000617,2026-07-01,17,36.09,0.583,2026-07-02
CUST-000617,2026-08-01,17,44.5,0.592,2026-08-12
CUST-000618,2026-03-01,22,12.26,0.342,2026-03-05
CUST-000618,2026-04-01,25,11.87,0.336,2026-04-17
CUST-000618,2026-05-01,27,15.42,0.394,2026-05-13
CUST-000618,2026-06-01,22,9.91,0.345,2026-06-04
CUST-000618,2026-07-01,27,10.21,0.325,2026-07-25
CUST-000618,2026-08-01,26,12.44,0.295,2026-08-17
CUST-000619,2026-03-01,26,20.13,0.689,2026-03-23
CUST-000619,2026-04-01,25,23.8,0.713,2026-04-22
CUST-000619,2026-05-01,27,22.5,0.772,2026-05-18
CUST-000619,2026-06-01,24,16.76,0.656,2026-06-03
CUST-000619,2026-07-01,23,20.24,0.693,2026-07-24
CUST-000619,2026-08-01,26,11.82,0.666,2026-08-25
CUST-000620,2026-03-01,11,18.4,0.455,2026-03-20
CUST-000620,2026-04-01,9,11.95,0.399,2026-04-23
CUST-000620,2026-05-01,10,17.82,0.402,2026-05-24
CUST-000620,2026-06-01,7,14.32,0.326,2026-06-13
CUST-000620,2026-07-01,10,6.64,0.283,2026-07-21
CUST-000620,2026-08-01,6,2.36,0.174,2026-08-10
CUST-000621,2026-03-01,15,39.12,0.601,2026-03-17
CUST-000621,2026-04-01,16,29.9,0.462,2026-04-23
CUST-000621,2026-05-01,10,37.43,0.526,2026-05-13
CUST-000621,2026-06-01,16,36.58,0.625,2026-06-08
CUST-000621,2026-07-01,17,30.15,0.569,2026-07-03
CUST-000621,2026-08-01,13,25.89,0.535,2026-08-26
CUST-000622,2026-03-01,23,34.58,0.294,2026-03-24
CUST-000622,2026-04-01,20,34.0,0.25,2026-04-25
CUST-000622,2026-05-01,25,39.33,0.313,2026-05-21
CUST-000622,2026-06-01,23,37.49,0.235,2026-06-11
CUST-000622,2026-07-01,24,42.26,0.244,2026-07-03
CUST-000622,2026-08-01,23,40.49,0.349,2026-08-07
CUST-000623,2026-03-01,12,15.78,0.727,2026-03-21
CUST-000623,2026-04-01,11,20.22,0.809,2026-04-14
CUST-000623,2026-05-01,9,15.08,0.762,2026-05-10
CUST-000623,2026-06-01,16,12.42,0.762,2026-06-27
CUST-000623,2026-07-01,11,14.33,0.786,2026-07-11
CUST-000623,2026-08-01,9,13.62,0.83,2026-08-16
CUST-000624,2026-03-01,16,25.15,0.592,2026-03-06
CUST-000624,2026-04-01,14,26.65,0.51,2026-04-02
CUST-000624,2026-05-01,13,19.35,0.457,2026-05-07
CUST-000624,2026-06-01,12,16.86,0.341,2026-06-17
CUST-000624,2026-07-01,9,16.56,0.319,2026-07-19
CUST-000624,2026-08-01,8,14.26,0.288,2026-08-06
CUST-000625,2026-03-01,10,33.81,0.659,2026-03-27
CUST-000625,2026-04-01,11,36.31,0.668,2026-04-16
CUST-000625,2026-05-01,11,34.15,0.765,2026-05-09
CUST-000625,2026-06-01,8,31.03,0.692,2026-06-04
CUST-000625,2026-07-01,11,43.03,0.803,2026-07-11
CUST-000625,2026-08-01,9,32.44,0.684,2026-08-17
CUST-000626,2026-03-01,7,30.4,0.353,2026-03-21
CUST-000626,2026-04-01,7,27.59,0.222,2026-04-03
CUST-000626,2026-05-01,7,27.89,0.184,2026-05-03
CUST-000626,2026-06-01,7,15.39,0.24,2026-06-22
CUST-000626,2026-07-01,7,12.89,0.166,2026-07-26
CUST-000626,2026-08-01,6,11.51,0.148,2026-08-01
CUST-000627,2026-03-01,12,19.05,0.71,2026-03-03
CUST-000627,2026-04-01,17,14.81,0.791,2026-04-26
CUST-000627,2026-05-01,11,18.45,0.744,2026-05-17
CUST-000627,2026-06-01,12,16.23,0.813,2026-06-17
CUST-000627,2026-07-01,15,16.39,0.772,2026-07-19
CUST-000627,2026-08-01,13,25.34,0.766,2026-08-03
CUST-000628,2026-03-01,15,34.92,0.601,2026-03-09
CUST-000628,2026-04-01,17,32.06,0.529,2026-04-25
CUST-000628,2026-05-01,13,22.4,0.379,2026-05-11
CUST-000628,2026-06-01,14,23.18,0.39,2026-06-16
CUST-000628,2026-07-01,10,13.2,0.317,2026-07-07
CUST-000628,2026-08-01,8,10.66,0.261,2026-08-22
CUST-000629,2026-03-01,27,11.33,0.418,2026-03-21
CUST-000629,2026-04-01,19,9.37,0.42,2026-04-20
CUST-000629,2026-05-01,25,16.5,0.36,2026-05-14
CUST-000629,2026-06-01,21,15.56,0.347,2026-06-26
CUST-000629,2026-07-01,26,14.02,0.412,2026-07-02
CUST-000629,2026-08-01,24,15.01,0.416,2026-08-08
CUST-000630,2026-03-01,16,18.26,0.728,2026-03-04
CUST-000630,2026-04-01,15,17.01,0.741,2026-04-08
CUST-000630,2026-05-01,18,23.6,0.749,2026-05-20
CUST-000630,2026-06-01,14,16.39,0.655,2026-06-17
CUST-000630,2026-07-01,15,12.73,0.662,2026-07-25
CUST-000630,2026-08-01,23,20.04,0.76,2026-08-05
CUST-000631,2026-03-01,24,13.41,0.512,2026-03-12
CUST-000631,2026-04-01,21,9.83,0.469,2026-04-17
CUST-000631,2026-05-01,26,14.69,0.411,2026-05-26
CUST-000631,2026-06-01,20,13.61,0.436,2026-06-12
CUST-000631,2026-07-01,22,16.59,0.394,2026-07-02
CUST-000631,2026-08-01,22,14.14,0.341,2026-08-16
CUST-000632,2026-03-01,17,36.09,0.818,2026-03-10
CUST-000632,2026-04-01,13,33.61,0.815,2026-04-15
CUST-000632,2026-05-01,12,30.91,0.783,2026-05-19
CUST-000632,2026-06-01,15,33.25,0.828,2026-06-05
CUST-000632,2026-07-01,17,30.21,0.789,2026-07-16
CUST-000632,2026-08-01,19,28.95,0.815,2026-08-12
CUST-000633,2026-03-01,22,9.96,0.702,2026-03-03
CUST-000633,2026-04-01,18,8.28,0.579,2026-04-27
CUST-000633,2026-05-01,17,14.48,0.457,2026-05-12
CUST-000633,2026-06-01,15,14.36,0.45,2026-06-02
CUST-000633,2026-07-01,13,9.57,0.393,2026-07-26
CUST-000633,2026-08-01,10,2.9,0.313,2026-08-11
CUST-000634,2026-03-01,16,14.99,0.688,2026-03-16
CUST-000634,2026-04-01,16,12.58,0.671,2026-04-19
CUST-000634,2026-05-01,20,19.37,0.6,2026-05-04
CUST-000634,2026-06-01,15,14.14,0.657,2026-06-13
CUST-000634,2026-07-01,17,16.18,0.601,2026-07-04
CUST-000634,2026-08-01,19,10.36,0.635,2026-08-24
CUST-000635,2026-03-01,17,33.23,0.549,2026-03-17
CUST-000635,2026-04-01,19,29.15,0.528,2026-04-02
CUST-000635,2026-05-01,13,23.21,0.435,2026-05-23
CUST-000635,2026-06-01,12,19.24,0.436,2026-06-01
CUST-000635,2026-07-01,8,11.96,0.323,2026-07-09
CUST-000635,2026-08-01,8,13.21,0.237,2026-08-24
CUST-000636,2026-03-01,15,15.98,0.634,2026-03-12
CUST-000636,2026-04-01,6,11.57,0.55,2026-04-09
CUST-000636,2026-05-01,11,19.38,0.614,2026-05-25
CUST-000636,2026-06-01,17,18.92,0.611,2026-06-24
CUST-000636,2026-07-01,15,12.39,0.557,2026-07-15
CUST-000636,2026-08-01,13,20.73,0.604,2026-08-05
CUST-000637,2026-03-01,15,19.89,0.362,2026-03-04
CUST-000637,2026-04-01,17,13.91,0.347,2026-04-03
CUST-000637,2026-05-01,21,21.97,0.398,2026-05-23
CUST-000637,2026-06-01,20,17.17,0.309,2026-06-09
CUST-000637,2026-07-01,16,17.74,0.281,2026-07-12
CUST-000637,2026-08-01,17,23.71,0.282,2026-08-08
CUST-000638,2026-03-01,22,11.76,0.621,2026-03-23
CUST-000638,2026-04-01,22,12.01,0.596,2026-04-06
CUST-000638,2026-05-01,25,10.27,0.642,2026-05-01
CUST-000638,2026-06-01,22,9.28,0.589,2026-06-12
CUST-000638,2026-07-01,19,12.05,0.54,2026-07-25
CUST-000638,2026-08-01,22,13.81,0.572,2026-08-19
CUST-000639,2026-03-01,20,44.81,0.587,2026-03-09
CUST-000639,2026-04-01,23,41.26,0.65,2026-04-02
CUST-000639,2026-05-01,23,43.04,0.634,2026-05-01
CUST-000639,2026-06-01,21,42.05,0.647,2026-06-23
CUST-000639,2026-07-01,20,36.01,0.555,2026-07-25
CUST-000639,2026-08-01,20,43.09,0.66,2026-08-16
CUST-000640,2026-03-01,13,36.27,0.725,2026-03-08
CUST-000640,2026-04-01,11,34.05,0.714,2026-04-09
CUST-000640,2026-05-01,12,31.81,0.744,2026-05-21
CUST-000640,2026-06-01,14,32.22,0.672,2026-06-27
CUST-000640,2026-07-01,13,34.84,0.775,2026-07-25
CUST-000640,2026-08-01,14,36.7,0.715,2026-08-24
CUST-000641,2026-03-01,15,34.99,0.57,2026-03-11
CUST-000641,2026-04-01,14,23.54,0.511,2026-04-18
CUST-000641,2026-05-01,16,29.8,0.532,2026-05-14
CUST-000641,2026-06-01,14,30.78,0.549,2026-06-06
CUST-000641,2026-07-01,16,27.23,0.484,2026-07-26
CUST-000641,2026-08-01,19,25.65,0.41,2026-08-24
CUST-000642,2026-03-01,23,9.98,0.343,2026-03-14
CUST-000642,2026-04-01,17,9.29,0.417,2026-04-03
CUST-000642,2026-05-01,20,7.46,0.387,2026-05-18
CUST-000642,2026-06-01,21,13.23,0.383,2026-06-18
CUST-000642,2026-07-01,19,14.07,0.358,2026-07-09
CUST-000642,2026-08-01,20,7.02,0.386,2026-08-21
CUST-000643,2026-03-01,11,42.18,0.692,2026-03-13
CUST-000643,2026-04-01,15,46.95,0.709,2026-04-11
CUST-000643,2026-05-01,13,42.0,0.705,2026-05-11
CUST-000643,2026-06-01,10,41.82,0.709,2026-06-15
CUST-000643,2026-07-01,13,44.22,0.639,2026-07-06
CUST-000643,2026-08-01,12,41.38,0.67,2026-08-08
CUST-000644,2026-03-01,22,36.61,0.381,2026-03-08
CUST-000644,2026-04-01,15,35.42,0.436,2026-04-17
CUST-000644,2026-05-01,18,38.98,0.45,2026-05-16
CUST-000644,2026-06-01,19,40.33,0.478,2026-06-27
CUST-000644,2026-07-01,19,47.04,0.476,2026-07-09
CUST-000644,2026-08-01,20,41.07,0.39,2026-08-27
CUST-000645,2026-03-01,7,26.92,0.493,2026-03-26
CUST-000645,2026-04-01,10,22.98,0.435,2026-04-05
CUST-000645,2026-05-01,13,26.08,0.57,2026-05-13
CUST-000645,2026-06-01,14,28.21,0.537,2026-06-15
CUST-000645,2026-07-01,9,23.71,0.583,2026-07-16
CUST-000645,2026-08-01,8,26.19,0.439,2026-08-03
CUST-000646,2026-03-01,14,35.42,0.672,2026-03-15
CUST-000646,2026-04-01,15,35.11,0.698,2026-04-21
CUST-000646,2026-05-01,10,38.15,0.627,2026-05-25
CUST-000646,2026-06-01,7,34.68,0.667,2026-06-24
CUST-000646,2026-07-01,12,38.81,0.673,2026-07-09
CUST-000646,2026-08-01,9,33.42,0.591,2026-08-13
CUST-000647,2026-03-01,26,32.35,0.34,2026-03-03
CUST-000647,2026-04-01,26,33.41,0.332,2026-04-08
CUST-000647,2026-05-01,29,34.21,0.409,2026-05-05
CUST-000647,2026-06-01,24,38.32,0.418,2026-06-26
CUST-000647,2026-07-01,24,36.66,0.324,2026-07-11
CUST-000647,2026-08-01,25,31.05,0.374,2026-08-15
CUST-000648,2026-03-01,12,15.39,0.63,2026-03-05
CUST-000648,2026-04-01,15,17.9,0.473,2026-04-23
CUST-000648,2026-05-01,9,10.95,0.433,2026-05-25
CUST-000648,2026-06-01,8,13.1,0.388,2026-06-13
CUST-000648,2026-07-01,10,10.07,0.3,2026-07-09
CUST-000648,2026-08-01,3,0.51,0.275,2026-08-08
CUST-000649,2026-03-01,19,15.76,0.615,2026-03-26
CUST-000649,2026-04-01,15,15.7,0.618,2026-04-17
CUST-000649,2026-05-01,21,14.83,0.562,2026-05-05
CUST-000649,2026-06-01,16,10.27,0.63,2026-06-15
CUST-000649,2026-07-01,16,15.52,0.638,2026-07-20
CUST-000649,2026-08-01,17,16.16,0.649,2026-08-15
CUST-000650,2026-03-01,26,18.3,0.465,2026-03-07
CUST-000650,2026-04-01,17,16.06,0.429,2026-04-19
CUST-000650,2026-05-01,18,15.31,0.386,2026-05-01
CUST-000650,2026-06-01,15,12.32,0.314,2026-06-06
CUST-000650,2026-07-01,11,7.38,0.222,2026-07-11
CUST-000650,2026-08-01,10,7.8,0.206,2026-08-08
CUST-000651,2026-03-01,25,40.6,0.626,2026-03-05
CUST-000651,2026-04-01,23,28.05,0.658,2026-04-24
CUST-000651,2026-05-01,25,37.27,0.767,2026-05-23
CUST-000651,2026-06-01,23,32.4,0.68,2026-06-03
CUST-000651,2026-07-01,24,39.79,0.636,2026-07-22
CUST-000651,2026-08-01,26,42.09,0.699,2026-08-02
CUST-000652,2026-03-01,14,32.22,0.741,2026-03-05
CUST-000652,2026-04-01,11,27.53,0.797,2026-04-19
CUST-000652,2026-05-01,12,25.6,0.756,2026-05-09
CUST-000652,2026-06-01,13,32.41,0.789,2026-06-14
CUST-000652,2026-07-01,12,30.32,0.675,2026-07-11
CUST-000652,2026-08-01,13,25.3,0.719,2026-08-27
CUST-000653,2026-03-01,14,32.4,0.45,2026-03-02
CUST-000653,2026-04-01,15,32.15,0.469,2026-04-06
CUST-000653,2026-05-01,19,36.33,0.506,2026-05-17
CUST-000653,2026-06-01,13,32.37,0.428,2026-06-13
CUST-000653,2026-07-01,12,32.16,0.455,2026-07-01
CUST-000653,2026-08-01,19,33.48,0.497,2026-08-06
CUST-000654,2026-03-01,7,32.82,0.451,2026-03-23
CUST-000654,2026-04-01,10,27.7,0.457,2026-04-06
CUST-000654,2026-05-01,3,21.81,0.374,2026-05-02
CUST-000654,2026-06-01,8,17.14,0.299,2026-06-21
CUST-000654,2026-07-01,4,15.22,0.232,2026-07-01
CUST-000654,2026-08-01,3,17.76,0.18,2026-08-02
CUST-000655,2026-03-01,25,14.42,0.327,2026-03-26
CUST-000655,2026-04-01,24,13.53,0.337,2026-04-19
CUST-000655,2026-05-01,29,11.35,0.336,2026-05-23
CUST-000655,2026-06-01,26,13.07,0.346,2026-06-20
CUST-000655,2026-07-01,22,16.65,0.342,2026-07-04
CUST-000655,2026-08-01,22,12.24,0.334,2026-08-06
CUST-000656,2026-03-01,19,28.71,0.651,2026-03-03
CUST-000656,2026-04-01,17,31.94,0.616,2026-04-13
CUST-000656,2026-05-01,21,25.23,0.522,2026-05-03
CUST-000656,2026-06-01,13,23.08,0.472,2026-06-11
CUST-000656,2026-07-01,13,14.54,0.371,2026-07-17
CUST-000656,2026-08-01,8,18.55,0.251,2026-08-03
CUST-000657,2026-03-01,8,10.62,0.573,2026-03-03
CUST-000657,2026-04-01,8,7.71,0.505,2026-04-01
CUST-000657,2026-05-01,12,12.66,0.551,2026-05-04
CUST-000657,2026-06-01,12,13.75,0.633,2026-06-04
CUST-000657,2026-07-01,11,14.31,0.54,2026-07-02
CUST-000657,2026-08-01,8,10.27,0.507,2026-08-04
CUST-000658,2026-03-01,10,15.83,0.72,2026-03-14
CUST-000658,2026-04-01,6,23.72,0.673,2026-04-12
CUST-000658,2026-05-01,8,15.01,0.603,2026-05-08
CUST-000658,2026-06-01,6,15.7,0.655,2026-06-26
CUST-000658,2026-07-01,7,18.77,0.6,2026-07-17
CUST-000658,2026-08-01,6,16.05,0.621,2026-08-25
CUST-000659,2026-03-01,15,19.45,0.407,2026-03-27
CUST-000659,2026-04-01,12,16.93,0.508,2026-04-10
CUST-000659,2026-05-01,16,23.15,0.497,2026-05-18
CUST-000659,2026-06-01,17,18.97,0.52,2026-06-07
CUST-000659,2026-07-01,17,16.03,0.463,2026-07-09
CUST-000659,2026-08-01,14,18.36,0.553,2026-08-13
CUST-000660,2026-03-01,21,18.32,0.217,2026-03-07
CUST-000660,2026-04-01,20,23.58,0.387,2026-04-20
CUST-000660,2026-05-01,19,14.16,0.293,2026-05-06
CUST-000660,2026-06-01,20,20.04,0.335,2026-06-26
CUST-000660,2026-07-01,21,20.53,0.361,2026-07-14
CUST-000660,2026-08-01,19,20.78,0.394,2026-08-27
CUST-000661,2026-03-01,20,20.38,0.49,2026-03-03
CUST-000661,2026-04-01,21,17.76,0.451,2026-04-03
CUST-000661,2026-05-01,18,16.41,0.454,2026-05-05
CUST-000661,2026-06-01,25,19.73,0.443,2026-06-24
CUST-000661,2026-07-01,24,20.15,0.524,2026-07-05
CUST-000661,2026-08-01,24,23.19,0.46,2026-08-02
CUST-000662,2026-03-01,9,24.86,0.649,2026-03-09
CUST-000662,2026-04-01,9,26.58,0.733,2026-04-13
CUST-000662,2026-05-01,7,25.08,0.655,2026-05-04
CUST-000662,2026-06-01,8,21.93,0.671,2026-06-15
CUST-000662,2026-07-01,7,20.05,0.685,2026-07-04
CUST-000662,2026-08-01,8,21.82,0.655,2026-08-22
CUST-000663,2026-03-01,11,8.67,0.641,2026-03-11
CUST-000663,2026-04-01,8,5.26,0.505,2026-04-19
CUST-000663,2026-05-01,12,2.68,0.497,2026-05-20
CUST-000663,2026-06-01,8,5.33,0.441,2026-06-22
CUST-000663,2026-07-01,7,1.29,0.302,2026-07-01
CUST-000663,2026-08-01,8,8.77,0.303,2026-08-23
CUST-000664,2026-03-01,16,27.11,0.676,2026-03-21
CUST-000664,2026-04-01,15,17.51,0.528,2026-04-07
CUST-000664,2026-05-01,17,21.89,0.482,2026-05-08
CUST-000664,2026-06-01,11,14.55,0.485,2026-06-25
CUST-000664,2026-07-01,13,12.67,0.3,2026-07-21
CUST-000664,2026-08-01,8,14.0,0.307,2026-08-11
CUST-000665,2026-03-01,12,15.18,0.385,2026-03-27
CUST-000665,2026-04-01,11,15.29,0.401,2026-04-03
CUST-000665,2026-05-01,10,10.18,0.39,2026-05-01
CUST-000665,2026-06-01,13,9.69,0.418,2026-06-18
CUST-000665,2026-07-01,11,11.31,0.419,2026-07-05
CUST-000665,2026-08-01,11,10.57,0.421,2026-08-10
CUST-000666,2026-03-01,8,13.27,0.649,2026-03-22
CUST-000666,2026-04-01,11,25.01,0.622,2026-04-26
CUST-000666,2026-05-01,12,23.8,0.641,2026-05-25
CUST-000666,2026-06-01,9,24.19,0.634,2026-06-26
CUST-000666,2026-07-01,11,19.62,0.613,2026-07-05
CUST-000666,2026-08-01,9,25.65,0.654,2026-08-26
CUST-000667,2026-03-01,14,9.2,0.325,2026-03-21
CUST-000667,2026-04-01,13,11.7,0.355,2026-04-27
CUST-000667,2026-05-01,13,14.46,0.259,2026-05-26
CUST-000667,2026-06-01,12,7.65,0.312,2026-06-03
CUST-000667,2026-07-01,14,12.45,0.306,2026-07-03
CUST-000667,2026-08-01,13,13.48,0.323,2026-08-09
CUST-000668,2026-03-01,19,28.67,0.372,2026-03-11
CUST-000668,2026-04-01,21,27.26,0.436,2026-04-24
CUST-000668,2026-05-01,16,21.06,0.364,2026-05-14
CUST-000668,2026-06-01,16,21.61,0.346,2026-06-11
CUST-000668,2026-07-01,18,25.56,0.409,2026-07-02
CUST-000668,2026-08-01,22,23.45,0.398,2026-08-02
CUST-000669,2026-03-01,12,28.79,0.523,2026-03-10
CUST-000669,2026-04-01,8,26.72,0.409,2026-04-01
CUST-000669,2026-05-01,12,28.19,0.44,2026-05-03
CUST-000669,2026-06-01,7,20.62,0.301,2026-06-26
CUST-000669,2026-07-01,11,19.96,0.283,2026-07-23
CUST-000669,2026-08-01,4,9.78,0.153,2026-08-09
CUST-000670,2026-03-01,15,15.29,0.432,2026-03-18
CUST-000670,2026-04-01,15,11.11,0.378,2026-04-06
CUST-000670,2026-05-01,13,13.87,0.321,2026-05-13
CUST-000670,2026-06-01,11,4.74,0.243,2026-06-04
CUST-000670,2026-07-01,7,3.71,0.218,2026-07-13
CUST-000670,2026-08-01,6,5.99,0.213,2026-08-15
CUST-000671,2026-03-01,20,44.3,0.409,2026-03-26
CUST-000671,2026-04-01,19,35.56,0.413,2026-04-16
CUST-000671,2026-05-01,21,41.28,0.51,2026-05-20
CUST-000671,2026-06-01,18,38.83,0.467,2026-06-13
CUST-000671,2026-07-01,17,39.86,0.414,2026-07-03
CUST-000671,2026-08-01,18,39.63,0.493,2026-08-19
CUST-000672,2026-03-01,13,28.9,0.865,2026-03-14
CUST-000672,2026-04-01,9,27.92,0.707,2026-04-13
CUST-000672,2026-05-01,9,23.32,0.833,2026-05-05
CUST-000672,2026-06-01,10,25.5,0.779,2026-06-25
CUST-000672,2026-07-01,14,23.19,0.826,2026-07-21
CUST-000672,2026-08-01,8,21.57,0.863,2026-08-13
CUST-000673,2026-03-01,14,31.5,0.755,2026-03-02
CUST-000673,2026-04-01,15,35.97,0.702,2026-04-10
CUST-000673,2026-05-01,15,30.54,0.628,2026-05-14
CUST-000673,2026-06-01,15,36.2,0.763,2026-06-14
CUST-000673,2026-07-01,14,33.23,0.754,2026-07-02
CUST-000673,2026-08-01,16,34.99,0.692,2026-08-21
CUST-000674,2026-03-01,18,47.53,0.805,2026-03-10
CUST-000674,2026-04-01,16,39.24,0.715,2026-04-21
CUST-000674,2026-05-01,15,40.96,0.679,2026-05-18
CUST-000674,2026-06-01,16,34.24,0.635,2026-06-18
CUST-000674,2026-07-01,12,40.01,0.801,2026-07-23
CUST-000674,2026-08-01,14,38.51,0.72,2026-08-06
CUST-000675,2026-03-01,9,17.41,0.357,2026-03-25
CUST-000675,2026-04-01,7,12.65,0.398,2026-04-08
CUST-000675,2026-05-01,5,20.79,0.392,2026-05-12
CUST-000675,2026-06-01,11,18.82,0.388,2026-06-18
CUST-000675,2026-07-01,13,23.07,0.43,2026-07-09
CUST-000675,2026-08-01,9,15.77,0.387,2026-08-20
CUST-000676,2026-03-01,10,11.33,0.433,2026-03-02
CUST-000676,2026-04-01,6,12.27,0.443,2026-04-03
CUST-000676,2026-05-01,9,9.44,0.369,2026-05-19
CUST-000676,2026-06-01,7,8.06,0.337,2026-06-24
CUST-000676,2026-07-01,3,3.77,0.34,2026-07-27
CUST-000676,2026-08-01,4,1.26,0.241,2026-08-01
CUST-000677,2026-03-01,17,45.64,0.371,2026-03-20
CUST-000677,2026-04-01,18,42.39,0.41,2026-04-21
CUST-000677,2026-05-01,14,45.09,0.367,2026-05-20
CUST-000677,2026-06-01,11,41.85,0.335,2026-06-13
CUST-000677,2026-07-01,15,43.95,0.407,2026-07-24
CUST-000677,2026-08-01,17,44.06,0.293,2026-08-07
CUST-000678,2026-03-01,15,28.74,0.536,2026-03-05
CUST-000678,2026-04-01,14,22.17,0.447,2026-04-17
CUST-000678,2026-05-01,11,25.02,0.439,2026-05-26
CUST-000678,2026-06-01,14,22.1,0.29,2026-06-22
CUST-000678,2026-07-01,10,12.88,0.294,2026-07-25
CUST-000678,2026-08-01,9,15.99,0.189,2026-08-24
CUST-000679,2026-03-01,18,16.74,0.415,2026-03-27
CUST-000679,2026-04-01,16,22.36,0.377,2026-04-08
CUST-000679,2026-05-01,21,21.49,0.423,2026-05-02
CUST-000679,2026-06-01,22,26.25,0.467,2026-06-25
CUST-000679,2026-07-01,17,26.08,0.429,2026-07-13
CUST-000679,2026-08-01,21,16.54,0.341,2026-08-05
CUST-000680,2026-03-01,12,30.58,0.459,2026-03-24
CUST-000680,2026-04-01,11,34.19,0.403,2026-04-12
CUST-000680,2026-05-01,10,34.2,0.51,2026-05-17
CUST-000680,2026-06-01,9,29.56,0.392,2026-06-15
CUST-000680,2026-07-01,11,33.15,0.453,2026-07-18
CUST-000680,2026-08-01,10,34.76,0.467,2026-08-02
CUST-000681,2026-03-01,10,47.14,0.599,2026-03-03
CUST-000681,2026-04-01,17,32.83,0.601,2026-04-21
CUST-000681,2026-05-01,10,49.97,0.622,2026-05-11
CUST-000681,2026-06-01,14,47.2,0.569,2026-06-10
CUST-000681,2026-07-01,15,38.82,0.449,2026-07-17
CUST-000681,2026-08-01,13,41.43,0.589,2026-08-12
CUST-000682,2026-03-01,16,31.05,0.485,2026-03-13
CUST-000682,2026-04-01,18,31.18,0.458,2026-04-11
CUST-000682,2026-05-01,15,23.31,0.389,2026-05-14
CUST-000682,2026-06-01,12,17.05,0.322,2026-06-27
CUST-000682,2026-07-01,9,10.99,0.237,2026-07-24
CUST-000682,2026-08-01,12,11.33,0.205,2026-08-25
CUST-000683,2026-03-01,13,23.1,0.274,2026-03-22
CUST-000683,2026-04-01,12,19.18,0.26,2026-04-01
CUST-000683,2026-05-01,7,18.71,0.255,2026-05-06
CUST-000683,2026-06-01,12,17.58,0.227,2026-06-01
CUST-000683,2026-07-01,8,14.79,0.126,2026-07-15
CUST-000683,2026-08-01,4,10.15,0.137,2026-08-04
CUST-000684,2026-03-01,19,8.28,0.555,2026-03-24
CUST-000684,2026-04-01,16,9.42,0.479,2026-04-01
CUST-000684,2026-05-01,13,14.35,0.427,2026-05-10
CUST-000684,2026-06-01,14,4.93,0.391,2026-06-24
CUST-000684,2026-07-01,10,7.53,0.317,2026-07-26
CUST-000684,2026-08-01,11,0.0,0.216,2026-08-08
CUST-000685,2026-03-01,25,30.45,0.637,2026-03-04
CUST-000685,2026-04-01,24,33.6,0.592,2026-04-08
CUST-000685,2026-05-01,25,31.9,0.73,2026-05-18
CUST-000685,2026-06-01,23,35.03,0.642,2026-06-05
CUST-000685,2026-07-01,27,27.5,0.647,2026-07-11
CUST-000685,2026-08-01,26,28.48,0.69,2026-08-12
CUST-000686,2026-03-01,11,35.57,0.487,2026-03-14
CUST-000686,2026-04-01,8,38.46,0.473,2026-04-13
CUST-000686,2026-05-01,12,30.39,0.462,2026-05-13
CUST-000686,2026-06-01,7,35.45,0.447,2026-06-06
CUST-000686,2026-07-01,13,36.79,0.51,2026-07-01
CUST-000686,2026-08-01,12,33.72,0.415,2026-08-14
CUST-000687,2026-03-01,17,35.93,0.435,2026-03-15
CUST-000687,2026-04-01,11,38.55,0.409,2026-04-13
CUST-000687,2026-05-01,13,39.75,0.399,2026-05-01
CUST-000687,2026-06-01,13,37.66,0.358,2026-06-08
CUST-000687,2026-07-01,17,37.01,0.446,2026-07-24
CUST-000687,2026-08-01,14,38.67,0.442,2026-08-13
CUST-000688,2026-03-01,10,21.25,0.399,2026-03-19
CUST-000688,2026-04-01,9,10.23,0.404,2026-04-26
CUST-000688,2026-05-01,8,20.61,0.362,2026-05-12
CUST-000688,2026-06-01,12,16.55,0.4,2026-06-15
CUST-000688,2026-07-01,9,16.92,0.367,2026-07-07
CUST-000688,2026-08-01,12,14.42,0.462,2026-08-05
CUST-000689,2026-03-01,5,35.57,0.644,2026-03-18
CUST-000689,2026-04-01,10,32.22,0.732,2026-04-17
CUST-000689,2026-05-01,9,32.83,0.754,2026-05-10
CUST-000689,2026-06-01,7,31.32,0.69,2026-06-25
CUST-000689,2026-07-01,13,30.99,0.685,2026-07-26
CUST-000689,2026-08-01,8,31.1,0.726,2026-08-17
CUST-000690,2026-03-01,23,27.19,0.453,2026-03-24
CUST-000690,2026-04-01,19,21.25,0.361,2026-04-25
CUST-000690,2026-05-01,25,32.32,0.504,2026-05-11
CUST-000690,2026-06-01,25,31.01,0.458,2026-06-09
CUST-000690,2026-07-01,20,28.13,0.412,2026-07-15
CUST-000690,2026-08-01,20,22.88,0.434,2026-08-07
CUST-000691,2026-03-01,12,15.91,0.492,2026-03-22
CUST-000691,2026-04-01,10,8.72,0.413,2026-04-21
CUST-000691,2026-05-01,6,7.2,0.347,2026-05-18
CUST-000691,2026-06-01,6,5.27,0.372,2026-06-12
CUST-000691,2026-07-01,4,7.74,0.265,2026-07-25
CUST-000691,2026-08-01,5,3.28,0.199,2026-08-13
CUST-000692,2026-03-01,8,17.4,0.581,2026-03-09
CUST-000692,2026-04-01,7,25.75,0.623,2026-04-27
CUST-000692,2026-05-01,11,18.45,0.514,2026-05-26
CUST-000692,2026-06-01,6,16.7,0.706,2026-06-23
CUST-000692,2026-07-01,9,19.88,0.723,2026-07-20
CUST-000692,2026-08-01,1,16.13,0.586,2026-08-02
CUST-000693,2026-03-01,13,48.76,0.759,2026-03-05
CUST-000693,2026-04-01,13,40.21,0.642,2026-04-19
CUST-000693,2026-05-01,9,43.39,0.707,2026-05-15
CUST-000693,2026-06-01,12,42.56,0.789,2026-06-02
CUST-000693,2026-07-01,14,47.95,0.69,2026-07-24
CUST-000693,2026-08-01,16,47.34,0.729,2026-08-22
CUST-000694,2026-03-01,25,39.75,0.553,2026-03-01
CUST-000694,2026-04-01,26,47.57,0.57,2026-04-02
CUST-000694,2026-05-01,26,45.63,0.527,2026-05-15
CUST-000694,2026-06-01,25,47.34,0.475,2026-06-25
CUST-000694,2026-07-01,24,42.08,0.586,2026-07-17
CUST-000694,2026-08-01,22,38.8,0.539,2026-08-21
CUST-000695,2026-03-01,11,40.59,0.587,2026-03-26
CUST-000695,2026-04-01,16,42.06,0.678,2026-04-12
CUST-000695,2026-05-01,14,50.21,0.64,2026-05-26
CUST-000695,2026-06-01,13,45.77,0.629,2026-06-07
CUST-000695,2026-07-01,12,43.22,0.618,2026-07-15
CUST-000695,2026-08-01,13,48.29,0.663,2026-08-08
CUST-000696,2026-03-01,19,27.97,0.403,2026-03-11
CUST-000696,2026-04-01,15,26.47,0.308,2026-04-10
CUST-000696,2026-05-01,13,20.77,0.398,2026-05-21
CUST-000696,2026-06-01,15,16.39,0.277,2026-06-04
CUST-000696,2026-07-01,7,14.68,0.237,2026-07-19
CUST-000696,2026-08-01,9,13.97,0.16,2026-08-26
CUST-000697,2026-03-01,19,31.74,0.74,2026-03-07
CUST-000697,2026-04-01,17,32.67,0.72,2026-04-13
CUST-000697,2026-05-01,18,33.52,0.73,2026-05-14
CUST-000697,2026-06-01,18,31.1,0.66,2026-06-01
CUST-000697,2026-07-01,17,31.67,0.734,2026-07-07
CUST-000697,2026-08-01,21,34.51,0.802,2026-08-15
CUST-000698,2026-03-01,16,33.82,0.383,2026-03-17
CUST-000698,2026-04-01,17,29.13,0.432,2026-04-20
CUST-000698,2026-05-01,15,31.75,0.447,2026-05-22
CUST-000698,2026-06-01,16,35.64,0.411,2026-06-05
CUST-000698,2026-07-01,15,35.21,0.424,2026-07-25
CUST-000698,2026-08-01,17,35.04,0.367,2026-08-15
CUST-000699,2026-03-01,10,31.9,0.499,2026-03-03
CUST-000699,2026-04-01,15,32.28,0.524,2026-04-09
CUST-000699,2026-05-01,15,33.08,0.544,2026-05-16
CUST-000699,2026-06-01,17,40.52,0.59,2026-06-07
CUST-000699,2026-07-01,14,37.4,0.547,2026-07-18
CUST-000699,2026-08-01,18,39.81,0.603,2026-08-02
CUST-000700,2026-03-01,22,16.18,0.769,2026-03-18
CUST-000700,2026-04-01,24,5.0,0.759,2026-04-25
CUST-000700,2026-05-01,23,11.29,0.77,2026-05-11
CUST-000700,2026-06-01,26,14.64,0.761,2026-06-24
CUST-000700,2026-07-01,21,11.61,0.823,2026-07-26
CUST-000700,2026-08-01,27,12.73,0.826,2026-08-14
CUST-000701,2026-03-01,12,36.89,0.63,2026-03-10
CUST-000701,2026-04-01,5,25.82,0.596,2026-04-14
CUST-000701,2026-05-01,6,19.41,0.567,2026-05-27
CUST-000701,2026-06-01,4,21.95,0.439,2026-06-08
CUST-000701,2026-07-01,6,16.95,0.377,2026-07-16
CUST-000701,2026-08-01,1,12.3,0.319,2026-08-22
CUST-000702,2026-03-01,7,19.96,0.478,2026-03-15
CUST-000702,2026-04-01,9,18.53,0.487,2026-04-18
CUST-000702,2026-05-01,5,15.03,0.414,2026-05-14
CUST-000702,2026-06-01,5,16.33,0.305,2026-06-15
CUST-000702,2026-07-01,3,14.81,0.316,2026-07-08
CUST-000702,2026-08-01,5,8.41,0.178,2026-08-19
CUST-000703,2026-03-01,8,11.47,0.502,2026-03-25
CUST-000703,2026-04-01,4,11.19,0.471,2026-04-19
CUST-000703,2026-05-01,7,10.19,0.39,2026-05-06
CUST-000703,2026-06-01,3,7.86,0.335,2026-06-03
CUST-000703,2026-07-01,6,7.98,0.388,2026-07-19
CUST-000703,2026-08-01,5,5.46,0.225,2026-08-08
CUST-000704,2026-03-01,8,22.84,0.65,2026-03-07
CUST-000704,2026-04-01,8,25.49,0.691,2026-04-14
CUST-000704,2026-05-01,12,26.5,0.753,2026-05-17
CUST-000704,2026-06-01,10,32.36,0.829,2026-06-12
CUST-000704,2026-07-01,10,25.48,0.717,2026-07-23
CUST-000704,2026-08-01,6,26.14,0.778,2026-08-19
CUST-000705,2026-03-01,22,15.98,0.506,2026-03-14
CUST-000705,2026-04-01,24,9.23,0.53,2026-04-24
CUST-000705,2026-05-01,25,9.65,0.476,2026-05-02
CUST-000705,2026-06-01,23,14.33,0.544,2026-06-10
CUST-000705,2026-07-01,24,16.23,0.556,2026-07-18
CUST-000705,2026-08-01,20,8.2,0.543,2026-08-20
CUST-000706,2026-03-01,8,18.32,0.443,2026-03-23
CUST-000706,2026-04-01,5,21.11,0.484,2026-04-10
CUST-000706,2026-05-01,7,26.21,0.496,2026-05-06
CUST-000706,2026-06-01,6,22.38,0.557,2026-06-11
CUST-000706,2026-07-01,10,28.25,0.546,2026-07-17
CUST-000706,2026-08-01,11,22.6,0.51,2026-08-05
CUST-000707,2026-03-01,18,23.14,0.657,2026-03-26
CUST-000707,2026-04-01,16,22.67,0.642,2026-04-08
CUST-000707,2026-05-01,20,16.54,0.789,2026-05-15
CUST-000707,2026-06-01,19,23.13,0.684,2026-06-04
CUST-000707,2026-07-01,16,30.06,0.699,2026-07-03
CUST-000707,2026-08-01,18,26.86,0.722,2026-08-04
CUST-000708,2026-03-01,23,13.92,0.628,2026-03-21
CUST-000708,2026-04-01,20,20.57,0.668,2026-04-27
CUST-000708,2026-05-01,24,18.66,0.639,2026-05-23
CUST-000708,2026-06-01,18,11.36,0.648,2026-06-02
CUST-000708,2026-07-01,19,18.81,0.597,2026-07-02
CUST-000708,2026-08-01,21,18.12,0.656,2026-08-16
CUST-000709,2026-03-01,16,37.19,0.303,2026-03-18
CUST-000709,2026-04-01,13,32.78,0.297,2026-04-14
CUST-000709,2026-05-01,14,28.92,0.181,2026-05-04
CUST-000709,2026-06-01,13,29.27,0.222,2026-06-03
CUST-000709,2026-07-01,8,24.53,0.189,2026-07-04
CUST-000709,2026-08-01,6,14.76,0.14,2026-08-25
CUST-000710,2026-03-01,15,39.64,0.631,2026-03-04
CUST-000710,2026-04-01,11,32.68,0.607,2026-04-19
CUST-000710,2026-05-01,10,31.71,0.566,2026-05-21
CUST-000710,2026-06-01,12,22.1,0.421,2026-06-06
CUST-000710,2026-07-01,9,20.59,0.346,2026-07-15
CUST-000710,2026-08-01,7,18.67,0.278,2026-08-27
CUST-000711,2026-03-01,18,30.29,0.519,2026-03-10
CUST-000711,2026-04-01,19,25.51,0.412,2026-04-12
CUST-000711,2026-05-01,19,33.16,0.422,2026-05-06
CUST-000711,2026-06-01,18,30.59,0.552,2026-06-03
CUST-000711,2026-07-01,21,26.22,0.465,2026-07-08
CUST-000711,2026-08-01,17,28.89,0.513,2026-08-10
CUST-000712,2026-03-01,16,40.12,0.481,2026-03-19
CUST-000712,2026-04-01,18,34.25,0.501,2026-04-19
CUST-000712,2026-05-01,14,37.28,0.515,2026-05-03
CUST-000712,2026-06-01,13,35.71,0.44,2026-06-01
CUST-000712,2026-07-01,12,32.32,0.489,2026-07-22
CUST-000712,2026-08-01,13,34.87,0.527,2026-08-26
CUST-000713,2026-03-01,10,38.09,0.682,2026-03-07
CUST-000713,2026-04-01,8,31.61,0.724,2026-04-12
CUST-000713,2026-05-01,9,35.02,0.689,2026-05-17
CUST-000713,2026-06-01,13,38.46,0.68,2026-06-02
CUST-000713,2026-07-01,3,31.6,0.661,2026-07-09
CUST-000713,2026-08-01,9,30.29,0.676,2026-08-05
CUST-000714,2026-03-01,15,14.73,0.657,2026-03-18
CUST-000714,2026-04-01,18,14.36,0.747,2026-04-12
CUST-000714,2026-05-01,16,15.9,0.643,2026-05-25
CUST-000714,2026-06-01,17,11.67,0.617,2026-06-02
CUST-000714,2026-07-01,15,10.06,0.582,2026-07-13
CUST-000714,2026-08-01,19,13.19,0.717,2026-08-15
CUST-000715,2026-03-01,8,20.22,0.618,2026-03-01
CUST-000715,2026-04-01,8,17.39,0.614,2026-04-19
CUST-000715,2026-05-01,9,21.66,0.646,2026-05-15
CUST-000715,2026-06-01,5,17.94,0.59,2026-06-24
CUST-000715,2026-07-01,5,21.37,0.591,2026-07-03
CUST-000715,2026-08-01,6,21.6,0.556,2026-08-10
CUST-000716,2026-03-01,17,33.37,0.645,2026-03-27
CUST-000716,2026-04-01,15,31.09,0.582,2026-04-07
CUST-000716,2026-05-01,14,32.37,0.538,2026-05-26
CUST-000716,2026-06-01,14,27.92,0.432,2026-06-12
CUST-000716,2026-07-01,9,23.03,0.403,2026-07-08
CUST-000716,2026-08-01,8,16.89,0.28,2026-08-27
CUST-000717,2026-03-01,13,44.9,0.714,2026-03-19
CUST-000717,2026-04-01,14,39.72,0.66,2026-04-12
CUST-000717,2026-05-01,15,36.24,0.608,2026-05-02
CUST-000717,2026-06-01,9,41.12,0.591,2026-06-16
CUST-000717,2026-07-01,15,36.51,0.591,2026-07-15
CUST-000717,2026-08-01,14,39.82,0.643,2026-08-06
CUST-000718,2026-03-01,26,40.33,0.333,2026-03-09
CUST-000718,2026-04-01,25,38.51,0.356,2026-04-14
CUST-000718,2026-05-01,21,38.07,0.363,2026-05-27
CUST-000718,2026-06-01,24,35.06,0.383,2026-06-11
CUST-000718,2026-07-01,21,37.33,0.374,2026-07-16
CUST-000718,2026-08-01,24,32.69,0.303,2026-08-10
CUST-000719,2026-03-01,10,39.12,0.37,2026-03-08
CUST-000719,2026-04-01,12,41.8,0.401,2026-04-25
CUST-000719,2026-05-01,8,37.31,0.395,2026-05-08
CUST-000719,2026-06-01,10,36.34,0.322,2026-06-07
CUST-000719,2026-07-01,8,39.82,0.294,2026-07-15
CUST-000719,2026-08-01,6,35.07,0.373,2026-08-23
CUST-000720,2026-03-01,14,19.49,0.613,2026-03-16
CUST-000720,2026-04-01,15,19.19,0.669,2026-04-01
CUST-000720,2026-05-01,19,15.27,0.656,2026-05-02
CUST-000720,2026-06-01,18,15.99,0.657,2026-06-15
CUST-000720,2026-07-01,19,19.29,0.669,2026-07-04
CUST-000720,2026-08-01,24,10.71,0.674,2026-08-19
CUST-000721,2026-03-01,10,25.94,0.577,2026-03-20
CUST-000721,2026-04-01,16,31.01,0.552,2026-04-04
CUST-000721,2026-05-01,10,37.72,0.628,2026-05-14
CUST-000721,2026-06-01,12,28.87,0.623,2026-06-16
CUST-000721,2026-07-01,14,26.8,0.551,2026-07-15
CUST-000721,2026-08-01,10,27.51,0.563,2026-08-23
CUST-000722,2026-03-01,20,12.66,0.298,2026-03-03
CUST-000722,2026-04-01,15,9.85,0.273,2026-04-07
CUST-000722,2026-05-01,13,13.26,0.242,2026-05-03
CUST-000722,2026-06-01,12,3.48,0.166,2026-06-15
CUST-000722,2026-07-01,9,3.93,0.144,2026-07-17
CUST-000722,2026-08-01,7,1.26,0.099,2026-08-22
CUST-000723,2026-03-01,23,18.52,0.332,2026-03-15
CUST-000723,2026-04-01,18,10.46,0.315,2026-04-20
CUST-000723,2026-05-01,17,12.45,0.297,2026-05-20
CUST-000723,2026-06-01,15,14.39,0.236,2026-06-12
CUST-000723,2026-07-01,13,4.34,0.302,2026-07-18
CUST-000723,2026-08-01,8,5.16,0.215,2026-08-07
CUST-000724,2026-03-01,15,25.28,0.437,2026-03-14
CUST-000724,2026-04-01,14,31.2,0.493,2026-04-16
CUST-000724,2026-05-01,20,28.41,0.378,2026-05-19
CUST-000724,2026-06-01,14,26.61,0.412,2026-06-08
CUST-000724,2026-07-01,17,31.45,0.566,2026-07-24
CUST-000724,2026-08-01,13,32.05,0.433,2026-08-09
CUST-000725,2026-03-01,4,12.87,0.402,2026-03-23
CUST-000725,2026-04-01,11,15.92,0.34,2026-04-02
CUST-000725,2026-05-01,5,6.57,0.285,2026-05-20
CUST-000725,2026-06-01,3,5.73,0.275,2026-06-05
CUST-000725,2026-07-01,3,8.2,0.191,2026-07-16
CUST-000725,2026-08-01,2,0.0,0.201,2026-08-21
CUST-000726,2026-03-01,14,30.43,0.528,2026-03-20
CUST-000726,2026-04-01,11,27.41,0.502,2026-04-09
CUST-000726,2026-05-01,10,19.88,0.406,2026-05-01
CUST-000726,2026-06-01,4,14.09,0.339,2026-06-18
CUST-000726,2026-07-01,7,15.47,0.311,2026-07-12
CUST-000726,2026-08-01,3,10.6,0.209,2026-08-05
CUST-000727,2026-03-01,2,12.63,0.68,2026-03-08
CUST-000727,2026-04-01,7,15.54,0.632,2026-04-20
CUST-000727,2026-05-01,6,10.37,0.486,2026-05-20
CUST-000727,2026-06-01,7,13.69,0.463,2026-06-16
CUST-000727,2026-07-01,1,10.89,0.411,2026-07-01
CUST-000727,2026-08-01,1,6.27,0.286,2026-08-12
CUST-000728,2026-03-01,15,30.09,0.77,2026-03-15
CUST-000728,2026-04-01,19,24.81,0.716,2026-04-25
CUST-000728,2026-05-01,16,30.65,0.716,2026-05-03
CUST-000728,2026-06-01,18,26.88,0.693,2026-06-04
CUST-000728,2026-07-01,22,31.93,0.768,2026-07-17
CUST-000728,2026-08-01,20,32.85,0.802,2026-08-03
CUST-000729,2026-03-01,14,36.63,0.384,2026-03-24
CUST-000729,2026-04-01,10,34.99,0.322,2026-04-07
CUST-000729,2026-05-01,11,34.19,0.361,2026-05-12
CUST-000729,2026-06-01,9,29.6,0.291,2026-06-22
CUST-000729,2026-07-01,7,23.03,0.258,2026-07-16
CUST-000729,2026-08-01,4,17.08,0.149,2026-08-27
CUST-000730,2026-03-01,10,12.52,0.365,2026-03-18
CUST-000730,2026-04-01,6,11.0,0.302,2026-04-07
CUST-000730,2026-05-01,4,12.55,0.27,2026-05-15
CUST-000730,2026-06-01,5,11.45,0.21,2026-06-17
CUST-000730,2026-07-01,7,9.11,0.146,2026-07-21
CUST-000730,2026-08-01,5,10.05,0.181,2026-08-01
CUST-000731,2026-03-01,10,13.17,0.679,2026-03-08
CUST-000731,2026-04-01,13,15.81,0.61,2026-04-17
CUST-000731,2026-05-01,7,13.14,0.584,2026-05-16
CUST-000731,2026-06-01,7,8.08,0.468,2026-06-27
CUST-000731,2026-07-01,8,8.65,0.378,2026-07-23
CUST-000731,2026-08-01,10,3.69,0.275,2026-08-02
CUST-000732,2026-03-01,19,13.85,0.497,2026-03-17
CUST-000732,2026-04-01,16,16.84,0.451,2026-04-19
CUST-000732,2026-05-01,13,10.23,0.382,2026-05-03
CUST-000732,2026-06-01,11,12.09,0.317,2026-06-09
CUST-000732,2026-07-01,10,12.89,0.258,2026-07-25
CUST-000732,2026-08-01,8,7.76,0.19,2026-08-19
CUST-000733,2026-03-01,15,19.39,0.507,2026-03-07
CUST-000733,2026-04-01,13,20.58,0.602,2026-04-11
CUST-000733,2026-05-01,12,16.18,0.558,2026-05-22
CUST-000733,2026-06-01,12,19.79,0.578,2026-06-08
CUST-000733,2026-07-01,12,20.77,0.505,2026-07-25
CUST-000733,2026-08-01,9,17.07,0.573,2026-08-05
CUST-000734,2026-03-01,16,25.57,0.672,2026-03-23
CUST-000734,2026-04-01,12,20.48,0.615,2026-04-11
CUST-000734,2026-05-01,10,27.31,0.582,2026-05-23
CUST-000734,2026-06-01,12,24.12,0.618,2026-06-18
CUST-000734,2026-07-01,14,25.69,0.618,2026-07-24
CUST-000734,2026-08-01,10,23.63,0.672,2026-08-24
CUST-000735,2026-03-01,9,37.75,0.568,2026-03-08
CUST-000735,2026-04-01,7,33.16,0.499,2026-04-04
CUST-000735,2026-05-01,8,32.02,0.418,2026-05-07
CUST-000735,2026-06-01,8,26.34,0.37,2026-06-05
CUST-000735,2026-07-01,5,19.98,0.283,2026-07-01
CUST-000735,2026-08-01,5,14.8,0.246,2026-08-12
CUST-000736,2026-03-01,26,44.71,0.386,2026-03-19
CUST-000736,2026-04-01,21,43.48,0.279,2026-04-01
CUST-000736,2026-05-01,22,43.04,0.287,2026-05-08
CUST-000736,2026-06-01,27,51.08,0.347,2026-06-17
CUST-000736,2026-07-01,25,45.77,0.341,2026-07-25
CUST-000736,2026-08-01,30,54.59,0.414,2026-08-09
CUST-000737,2026-03-01,19,34.18,0.442,2026-03-24
CUST-000737,2026-04-01,16,34.01,0.409,2026-04-08
CUST-000737,2026-05-01,14,27.6,0.311,2026-05-01
CUST-000737,2026-06-01,16,24.21,0.296,2026-06-08
CUST-000737,2026-07-01,10,19.44,0.211,2026-07-13
CUST-000737,2026-08-01,7,20.36,0.187,2026-08-18
CUST-000738,2026-03-01,12,21.97,0.688,2026-03-25
CUST-000738,2026-04-01,10,21.97,0.559,2026-04-13
CUST-000738,2026-05-01,4,21.95,0.478,2026-05-27
CUST-000738,2026-06-01,5,16.14,0.433,2026-06-05
CUST-000738,2026-07-01,3,12.47,0.395,2026-07-02
CUST-000738,2026-08-01,4,10.42,0.32,2026-08-04
CUST-000739,2026-03-01,11,16.17,0.727,2026-03-25
CUST-000739,2026-04-01,7,17.83,0.674,2026-04-01
CUST-000739,2026-05-01,8,14.86,0.602,2026-05-05
CUST-000739,2026-06-01,4,11.02,0.517,2026-06-23
CUST-000739,2026-07-01,7,5.19,0.382,2026-07-20
CUST-000739,2026-08-01,4,10.98,0.346,2026-08-23
CUST-000740,2026-03-01,13,42.01,0.758,2026-03-13
CUST-000740,2026-04-01,9,50.08,0.725,2026-04-26
CUST-000740,2026-05-01,9,46.04,0.665,2026-05-27
CUST-000740,2026-06-01,8,43.69,0.669,2026-06-07
CUST-000740,2026-07-01,4,47.24,0.736,2026-07-16
CUST-000740,2026-08-01,9,44.42,0.69,2026-08-14
CUST-000741,2026-03-01,16,13.38,0.524,2026-03-24
CUST-000741,2026-04-01,14,12.67,0.452,2026-04-18
CUST-000741,2026-05-01,11,9.66,0.428,2026-05-10
CUST-000741,2026-06-01,7,10.43,0.371,2026-06-04
CUST-000741,2026-07-01,10,3.06,0.294,2026-07-21
CUST-000741,2026-08-01,5,0.98,0.205,2026-08-08
CUST-000742,2026-03-01,14,18.35,0.467,2026-03-17
CUST-000742,2026-04-01,10,3.73,0.376,2026-04-24
CUST-000742,2026-05-01,9,4.58,0.356,2026-05-11
CUST-000742,2026-06-01,7,10.86,0.294,2026-06-13
CUST-000742,2026-07-01,6,3.79,0.238,2026-07-16
CUST-000742,2026-08-01,6,0.75,0.199,2026-08-13
CUST-000743,2026-03-01,22,42.39,0.606,2026-03-19
CUST-000743,2026-04-01,26,43.6,0.694,2026-04-09
CUST-000743,2026-05-01,20,40.32,0.631,2026-05-22
CUST-000743,2026-06-01,22,33.54,0.596,2026-06-12
CUST-000743,2026-07-01,23,40.44,0.644,2026-07-06
CUST-000743,2026-08-01,24,46.72,0.644,2026-08-12
CUST-000744,2026-03-01,16,24.42,0.691,2026-03-13
CUST-000744,2026-04-01,14,19.31,0.567,2026-04-04
CUST-000744,2026-05-01,12,20.77,0.506,2026-05-16
CUST-000744,2026-06-01,9,13.94,0.403,2026-06-13
CUST-000744,2026-07-01,7,15.98,0.351,2026-07-22
CUST-000744,2026-08-01,3,15.04,0.257,2026-08-11
CUST-000745,2026-03-01,17,25.75,0.467,2026-03-10
CUST-000745,2026-04-01,16,27.38,0.528,2026-04-19
CUST-000745,2026-05-01,14,28.77,0.48,2026-05-01
CUST-000745,2026-06-01,15,33.68,0.491,2026-06-18
CUST-000745,2026-07-01,20,27.29,0.548,2026-07-18
CUST-000745,2026-08-01,17,30.11,0.495,2026-08-13
CUST-000746,2026-03-01,20,7.88,0.629,2026-03-04
CUST-000746,2026-04-01,18,9.47,0.529,2026-04-22
CUST-000746,2026-05-01,16,8.59,0.438,2026-05-15
CUST-000746,2026-06-01,15,7.77,0.388,2026-06-22
CUST-000746,2026-07-01,11,4.39,0.328,2026-07-24
CUST-000746,2026-08-01,11,10.19,0.244,2026-08-17
CUST-000747,2026-03-01,11,16.45,0.313,2026-03-04
CUST-000747,2026-04-01,14,9.47,0.367,2026-04-04
CUST-000747,2026-05-01,11,10.24,0.282,2026-05-25
CUST-000747,2026-06-01,12,6.66,0.204,2026-06-02
CUST-000747,2026-07-01,4,6.39,0.175,2026-07-19
CUST-000747,2026-08-01,10,7.42,0.171,2026-08-15
CUST-000748,2026-03-01,15,30.64,0.395,2026-03-24
CUST-000748,2026-04-01,13,26.22,0.362,2026-04-06
CUST-000748,2026-05-01,10,23.41,0.337,2026-05-07
CUST-000748,2026-06-01,9,16.49,0.273,2026-06-12
CUST-000748,2026-07-01,7,13.79,0.216,2026-07-19
CUST-000748,2026-08-01,5,13.61,0.178,2026-08-19
CUST-000749,2026-03-01,11,22.22,0.638,2026-03-10
CUST-000749,2026-04-01,9,24.74,0.659,2026-04-16
CUST-000749,2026-05-01,14,27.84,0.625,2026-05-27
CUST-000749,2026-06-01,12,23.6,0.581,2026-06-18
CUST-000749,2026-07-01,15,26.21,0.672,2026-07-01
CUST-000749,2026-08-01,7,23.21,0.574,2026-08-13
CUST-000750,2026-03-01,21,26.78,0.68,2026-03-10
CUST-000750,2026-04-01,17,27.62,0.629,2026-04-12
CUST-000750,2026-05-01,20,31.51,0.736,2026-05-14
CUST-000750,2026-06-01,19,25.74,0.698,2026-06-20
CUST-000750,2026-07-01,23,31.86,0.822,2026-07-11
CUST-000750,2026-08-01,22,26.22,0.689,2026-08-11
CUST-000751,2026-03-01,22,38.11,0.435,2026-03-21
CUST-000751,2026-04-01,20,32.98,0.34,2026-04-05
CUST-000751,2026-05-01,17,35.76,0.332,2026-05-11
CUST-000751,2026-06-01,12,26.67,0.238,2026-06-03
CUST-000751,2026-07-01,12,19.89,0.181,2026-07-13
CUST-000751,2026-08-01,11,16.24,0.161,2026-08-13
CUST-000752,2026-03-01,13,20.65,0.763,2026-03-14
CUST-000752,2026-04-01,14,20.69,0.818,2026-04-26
CUST-000752,2026-05-01,12,23.44,0.73,2026-05-04
CUST-000752,2026-06-01,12,24.23,0.798,2026-06-21
CUST-000752,2026-07-01,13,19.42,0.899,2026-07-04
CUST-000752,2026-08-01,16,20.73,0.754,2026-08-25
CUST-000753,2026-03-01,21,33.13,0.497,2026-03-13
CUST-000753,2026-04-01,23,22.7,0.485,2026-04-18
CUST-000753,2026-05-01,18,23.16,0.41,2026-05-12
CUST-000753,2026-06-01,15,19.31,0.314,2026-06-09
CUST-000753,2026-07-01,14,13.62,0.256,2026-07-03
CUST-000753,2026-08-01,8,12.3,0.201,2026-08-03
CUST-000754,2026-03-01,16,33.55,0.522,2026-03-09
CUST-000754,2026-04-01,18,39.01,0.537,2026-04-19
CUST-000754,2026-05-01,19,32.89,0.698,2026-05-12
CUST-000754,2026-06-01,20,36.32,0.634,2026-06-03
CUST-000754,2026-07-01,21,41.0,0.621,2026-07-02
CUST-000754,2026-08-01,21,42.46,0.655,2026-08-08
CUST-000755,2026-03-01,7,32.29,0.804,2026-03-01
CUST-000755,2026-04-01,9,19.96,0.808,2026-04-03
CUST-000755,2026-05-01,9,25.67,0.769,2026-05-08
CUST-000755,2026-06-01,11,25.91,0.704,2026-06-04
CUST-000755,2026-07-01,10,32.32,0.822,2026-07-24
CUST-000755,2026-08-01,7,29.24,0.865,2026-08-09
CUST-000756,2026-03-01,21,19.39,0.498,2026-03-18
CUST-000756,2026-04-01,23,26.7,0.537,2026-04-18
CUST-000756,2026-05-01,20,20.72,0.51,2026-05-02
CUST-000756,2026-06-01,18,21.85,0.576,2026-06-17
CUST-000756,2026-07-01,16,18.29,0.544,2026-07-27
CUST-000756,2026-08-01,22,20.11,0.547,2026-08-23
CUST-000757,2026-03-01,12,35.8,0.607,2026-03-10
CUST-000757,2026-04-01,11,36.21,0.535,2026-04-03
CUST-000757,2026-05-01,11,37.06,0.556,2026-05-19
CUST-000757,2026-06-01,9,32.8,0.594,2026-06-26
CUST-000757,2026-07-01,16,32.27,0.608,2026-07-10
CUST-000757,2026-08-01,9,35.22,0.576,2026-08-10
CUST-000758,2026-03-01,11,32.11,0.341,2026-03-13
CUST-000758,2026-04-01,10,32.94,0.356,2026-04-25
CUST-000758,2026-05-01,10,30.28,0.293,2026-05-24
CUST-000758,2026-06-01,15,31.84,0.398,2026-06-01
CUST-000758,2026-07-01,13,28.67,0.312,2026-07-23
CUST-000758,2026-08-01,9,25.32,0.315,2026-08-06
CUST-000759,2026-03-01,14,33.97,0.597,2026-03-07
CUST-000759,2026-04-01,13,28.7,0.509,2026-04-14
CUST-000759,2026-05-01,11,28.65,0.48,2026-05-06
CUST-000759,2026-06-01,11,22.48,0.357,2026-06-03
CUST-000759,2026-07-01,11,21.0,0.296,2026-07-03
CUST-000759,2026-08-01,6,13.81,0.229,2026-08-17
CUST-000760,2026-03-01,20,38.17,0.463,2026-03-23
CUST-000760,2026-04-01,23,38.29,0.412,2026-04-20
CUST-000760,2026-05-01,19,31.62,0.437,2026-05-15
CUST-000760,2026-06-01,18,32.0,0.404,2026-06-01
CUST-000760,2026-07-01,17,27.4,0.429,2026-07-21
CUST-000760,2026-08-01,17,32.71,0.506,2026-08-25
CUST-000761,2026-03-01,18,48.24,0.513,2026-03-20
CUST-000761,2026-04-01,20,45.15,0.467,2026-04-25
CUST-000761,2026-05-01,15,46.18,0.464,2026-05-23
CUST-000761,2026-06-01,21,46.67,0.469,2026-06-23
CUST-000761,2026-07-01,20,47.1,0.441,2026-07-14
CUST-000761,2026-08-01,15,39.56,0.482,2026-08-03
CUST-000762,2026-03-01,12,31.42,0.38,2026-03-02
CUST-000762,2026-04-01,18,35.0,0.464,2026-04-11
CUST-000762,2026-05-01,17,36.99,0.389,2026-05-16
CUST-000762,2026-06-01,14,32.74,0.453,2026-06-16
CUST-000762,2026-07-01,17,35.3,0.406,2026-07-08
CUST-000762,2026-08-01,14,32.38,0.387,2026-08-03
CUST-000763,2026-03-01,22,34.14,0.571,2026-03-27
CUST-000763,2026-04-01,18,35.65,0.581,2026-04-09
CUST-000763,2026-05-01,18,35.86,0.497,2026-05-04
CUST-000763,2026-06-01,20,40.5,0.559,2026-06-26
CUST-000763,2026-07-01,18,36.61,0.489,2026-07-01
CUST-000763,2026-08-01,16,32.27,0.53,2026-08-07
CUST-000764,2026-03-01,12,21.62,0.526,2026-03-17
CUST-000764,2026-04-01,7,17.76,0.415,2026-04-27
CUST-000764,2026-05-01,7,17.35,0.423,2026-05-01
CUST-000764,2026-06-01,4,13.24,0.308,2026-06-12
CUST-000764,2026-07-01,4,12.86,0.293,2026-07-07
CUST-000764,2026-08-01,3,11.7,0.223,2026-08-27
CUST-000765,2026-03-01,10,14.01,0.28,2026-03-27
CUST-000765,2026-04-01,11,18.3,0.36,2026-04-12
CUST-000765,2026-05-01,11,17.13,0.345,2026-05-14
CUST-000765,2026-06-01,10,17.87,0.361,2026-06-26
CUST-000765,2026-07-01,11,14.27,0.347,2026-07-23
CUST-000765,2026-08-01,12,22.13,0.364,2026-08-11
CUST-000766,2026-03-01,17,17.45,0.694,2026-03-22
CUST-000766,2026-04-01,17,18.2,0.649,2026-04-15
CUST-000766,2026-05-01,13,23.63,0.568,2026-05-05
CUST-000766,2026-06-01,13,17.74,0.456,2026-06-12
CUST-000766,2026-07-01,7,8.02,0.379,2026-07-15
CUST-000766,2026-08-01,4,8.09,0.313,2026-08-04
CUST-000767,2026-03-01,26,42.39,0.81,2026-03-05
CUST-000767,2026-04-01,21,36.61,0.743,2026-04-13
CUST-000767,2026-05-01,25,42.06,0.75,2026-05-19
CUST-000767,2026-06-01,21,37.58,0.779,2026-06-15
CUST-000767,2026-07-01,22,35.27,0.781,2026-07-01
CUST-000767,2026-08-01,19,40.57,0.794,2026-08-08
CUST-000768,2026-03-01,14,14.62,0.461,2026-03-09
CUST-000768,2026-04-01,15,13.57,0.518,2026-04-25
CUST-000768,2026-05-01,13,16.27,0.42,2026-05-09
CUST-000768,2026-06-01,13,11.92,0.439,2026-06-27
CUST-000768,2026-07-01,14,11.53,0.451,2026-07-25
CUST-000768,2026-08-01,13,5.88,0.496,2026-08-23
CUST-000769,2026-03-01,14,40.73,0.454,2026-03-16
CUST-000769,2026-04-01,12,29.34,0.354,2026-04-10
CUST-000769,2026-05-01,7,26.83,0.371,2026-05-20
CUST-000769,2026-06-01,4,27.55,0.247,2026-06-06
CUST-000769,2026-07-01,8,17.41,0.21,2026-07-22
CUST-000769,2026-08-01,3,16.23,0.187,2026-08-13
CUST-000770,2026-03-01,17,41.74,0.39,2026-03-12
CUST-000770,2026-04-01,12,28.8,0.373,2026-04-18
CUST-000770,2026-05-01,10,31.65,0.369,2026-05-22
CUST-000770,2026-06-01,13,36.99,0.41,2026-06-25
CUST-000770,2026-07-01,12,30.96,0.443,2026-07-26
CUST-000770,2026-08-01,15,32.87,0.36,2026-08-06
CUST-000771,2026-03-01,9,38.44,0.48,2026-03-17
CUST-000771,2026-04-01,10,29.88,0.455,2026-04-26
CUST-000771,2026-05-01,9,31.6,0.378,2026-05-26
CUST-000771,2026-06-01,10,26.11,0.348,2026-06-07
CUST-000771,2026-07-01,6,15.81,0.28,2026-07-08
CUST-000771,2026-08-01,1,18.0,0.17,2026-08-03
CUST-000772,2026-03-01,19,45.41,0.576,2026-03-07
CUST-000772,2026-04-01,15,37.22,0.606,2026-04-17
CUST-000772,2026-05-01,11,42.49,0.554,2026-05-04
CUST-000772,2026-06-01,15,49.18,0.619,2026-06-22
CUST-000772,2026-07-01,17,46.3,0.603,2026-07-18
CUST-000772,2026-08-01,17,45.45,0.579,2026-08-25
CUST-000773,2026-03-01,13,36.08,0.346,2026-03-26
CUST-000773,2026-04-01,14,41.8,0.346,2026-04-23
CUST-000773,2026-05-01,11,35.94,0.352,2026-05-17
CUST-000773,2026-06-01,11,38.01,0.37,2026-06-07
CUST-000773,2026-07-01,13,42.91,0.366,2026-07-06
CUST-000773,2026-08-01,11,35.63,0.374,2026-08-01
CUST-000774,2026-03-01,13,26.84,0.342,2026-03-20
CUST-000774,2026-04-01,13,29.14,0.427,2026-04-19
CUST-000774,2026-05-01,11,26.81,0.419,2026-05-22
CUST-000774,2026-06-01,10,24.46,0.377,2026-06-08
CUST-000774,2026-07-01,13,23.88,0.286,2026-07-11
CUST-000774,2026-08-01,12,29.96,0.384,2026-08-22
CUST-000775,2026-03-01,22,37.3,0.723,2026-03-26
CUST-000775,2026-04-01,18,33.32,0.609,2026-04-03
CUST-000775,2026-05-01,15,21.03,0.526,2026-05-08
CUST-000775,2026-06-01,13,20.83,0.454,2026-06-26
CUST-000775,2026-07-01,14,19.11,0.356,2026-07-21
CUST-000775,2026-08-01,10,15.34,0.282,2026-08-27
CUST-000776,2026-03-01,15,26.59,0.783,2026-03-04
CUST-000776,2026-04-01,16,24.85,0.811,2026-04-17
CUST-000776,2026-05-01,16,26.53,0.775,2026-05-08
CUST-000776,2026-06-01,16,21.77,0.785,2026-06-21
CUST-000776,2026-07-01,16,22.4,0.768,2026-07-10
CUST-000776,2026-08-01,19,24.68,0.805,2026-08-13
CUST-000777,2026-03-01,16,36.23,0.647,2026-03-04
CUST-000777,2026-04-01,15,32.13,0.637,2026-04-07
CUST-000777,2026-05-01,16,31.01,0.705,2026-05-01
CUST-000777,2026-06-01,15,30.92,0.619,2026-06-08
CUST-000777,2026-07-01,15,32.29,0.659,2026-07-15
CUST-000777,2026-08-01,16,31.31,0.68,2026-08-25
CUST-000778,2026-03-01,24,15.5,0.293,2026-03-21
CUST-000778,2026-04-01,26,17.61,0.324,2026-04-08
CUST-000778,2026-05-01,17,13.52,0.325,2026-05-12
CUST-000778,2026-06-01,21,17.15,0.348,2026-06-09
CUST-000778,2026-07-01,19,19.62,0.27,2026-07-10
CUST-000778,2026-08-01,17,12.53,0.264,2026-08-24
CUST-000779,2026-03-01,8,24.2,0.867,2026-03-10
CUST-000779,2026-04-01,8,22.01,0.747,2026-04-18
CUST-000779,2026-05-01,6,27.24,0.835,2026-05-19
CUST-000779,2026-06-01,9,19.93,0.809,2026-06-23
CUST-000779,2026-07-01,8,20.17,0.698,2026-07-16
CUST-000779,2026-08-01,10,24.29,0.774,2026-08-23
CUST-000780,2026-03-01,17,16.35,0.317,2026-03-20
CUST-000780,2026-04-01,12,13.35,0.322,2026-04-27
CUST-000780,2026-05-01,15,11.22,0.395,2026-05-17
CUST-000780,2026-06-01,13,15.37,0.415,2026-06-22
CUST-000780,2026-07-01,12,10.94,0.32,2026-07-14
CUST-000780,2026-08-01,14,18.18,0.325,2026-08-18
CUST-000781,2026-03-01,22,45.01,0.384,2026-03-27
CUST-000781,2026-04-01,18,40.97,0.417,2026-04-03
CUST-000781,2026-05-01,21,40.73,0.447,2026-05-21
CUST-000781,2026-06-01,21,40.21,0.359,2026-06-15
CUST-000781,2026-07-01,19,37.4,0.337,2026-07-10
CUST-000781,2026-08-01,20,46.22,0.409,2026-08-10
CUST-000782,2026-03-01,16,27.93,0.825,2026-03-04
CUST-000782,2026-04-01,10,20.49,0.759,2026-04-11
CUST-000782,2026-05-01,15,24.13,0.784,2026-05-10
CUST-000782,2026-06-01,14,19.97,0.763,2026-06-03
CUST-000782,2026-07-01,15,21.16,0.792,2026-07-08
CUST-000782,2026-08-01,14,20.48,0.78,2026-08-23
CUST-000783,2026-03-01,10,37.81,0.415,2026-03-10
CUST-000783,2026-04-01,3,33.13,0.349,2026-04-05
CUST-000783,2026-05-01,8,28.43,0.35,2026-05-20
CUST-000783,2026-06-01,3,26.7,0.289,2026-06-18
CUST-000783,2026-07-01,5,20.46,0.257,2026-07-03
CUST-000783,2026-08-01,0,15.82,0.217,2026-08-26
CUST-000784,2026-03-01,13,50.38,0.708,2026-03-15
CUST-000784,2026-04-01,9,46.45,0.603,2026-04-07
CUST-000784,2026-05-01,15,40.28,0.573,2026-05-02
CUST-000784,2026-06-01,16,47.3,0.638,2026-06-07
CUST-000784,2026-07-01,19,46.5,0.626,2026-07-07
CUST-000784,2026-08-01,12,34.87,0.591,2026-08-26
CUST-000785,2026-03-01,10,17.57,0.513,2026-03-06
CUST-000785,2026-04-01,8,17.55,0.406,2026-04-24
CUST-000785,2026-05-01,11,16.92,0.526,2026-05-04
CUST-000785,2026-06-01,7,17.53,0.472,2026-06-26
CUST-000785,2026-07-01,13,14.3,0.479,2026-07-09
CUST-000785,2026-08-01,10,17.06,0.487,2026-08-04
CUST-000786,2026-03-01,22,9.02,0.298,2026-03-24
CUST-000786,2026-04-01,20,13.76,0.238,2026-04-08
CUST-000786,2026-05-01,15,2.69,0.2,2026-05-17
CUST-000786,2026-06-01,12,12.65,0.211,2026-06-22
CUST-000786,2026-07-01,8,7.37,0.126,2026-07-25
CUST-000786,2026-08-01,8,3.91,0.15,2026-08-01
CUST-000787,2026-03-01,15,40.63,0.722,2026-03-25
CUST-000787,2026-04-01,14,35.97,0.709,2026-04-07
CUST-000787,2026-05-01,20,49.04,0.847,2026-05-24
CUST-000787,2026-06-01,17,40.7,0.771,2026-06-12
CUST-000787,2026-07-01,11,36.89,0.726,2026-07-19
CUST-000787,2026-08-01,16,36.13,0.723,2026-08-13
CUST-000788,2026-03-01,21,12.72,0.465,2026-03-08
CUST-000788,2026-04-01,16,14.84,0.388,2026-04-25
CUST-000788,2026-05-01,14,14.67,0.436,2026-05-05
CUST-000788,2026-06-01,13,9.02,0.316,2026-06-14
CUST-000788,2026-07-01,9,10.26,0.287,2026-07-02
CUST-000788,2026-08-01,6,1.15,0.274,2026-08-17
CUST-000789,2026-03-01,14,26.7,0.498,2026-03-03
CUST-000789,2026-04-01,15,35.1,0.541,2026-04-27
CUST-000789,2026-05-01,12,26.08,0.505,2026-05-08
CUST-000789,2026-06-01,13,25.4,0.472,2026-06-26
CUST-000789,2026-07-01,16,26.87,0.438,2026-07-09
CUST-000789,2026-08-01,17,35.42,0.531,2026-08-10
CUST-000790,2026-03-01,16,22.83,0.627,2026-03-26
CUST-000790,2026-04-01,17,16.13,0.659,2026-04-14
CUST-000790,2026-05-01,16,20.91,0.676,2026-05-18
CUST-000790,2026-06-01,12,21.46,0.613,2026-06-24
CUST-000790,2026-07-01,16,23.81,0.658,2026-07-26
CUST-000790,2026-08-01,12,18.4,0.645,2026-08-19
CUST-000791,2026-03-01,10,19.12,0.506,2026-03-07
CUST-000791,2026-04-01,10,17.24,0.399,2026-04-12
CUST-000791,2026-05-01,5,11.39,0.361,2026-05-23
CUST-000791,2026-06-01,7,15.83,0.307,2026-06-11
CUST-000791,2026-07-01,5,10.21,0.261,2026-07-22
CUST-000791,2026-08-01,6,8.64,0.211,2026-08-15
CUST-000792,2026-03-01,16,33.05,0.579,2026-03-20
CUST-000792,2026-04-01,16,35.17,0.581,2026-04-26
CUST-000792,2026-05-01,16,32.5,0.526,2026-05-08
CUST-000792,2026-06-01,17,28.98,0.55,2026-06-23
CUST-000792,2026-07-01,18,43.21,0.605,2026-07-06
CUST-000792,2026-08-01,18,30.55,0.624,2026-08-06
CUST-000793,2026-03-01,16,39.15,0.439,2026-03-21
CUST-000793,2026-04-01,14,34.62,0.432,2026-04-07
CUST-000793,2026-05-01,17,35.63,0.419,2026-05-18
CUST-000793,2026-06-01,15,28.09,0.381,2026-06-15
CUST-000793,2026-07-01,13,36.33,0.394,2026-07-22
CUST-000793,2026-08-01,17,34.12,0.402,2026-08-10
CUST-000794,2026-03-01,22,19.81,0.728,2026-03-24
CUST-000794,2026-04-01,23,12.65,0.753,2026-04-08
CUST-000794,2026-05-01,28,17.19,0.77,2026-05-26
CUST-000794,2026-06-01,20,11.11,0.726,2026-06-23
CUST-000794,2026-07-01,26,15.15,0.832,2026-07-09
CUST-000794,2026-08-01,22,17.67,0.663,2026-08-25
CUST-000795,2026-03-01,17,12.16,0.625,2026-03-24
CUST-000795,2026-04-01,18,21.32,0.655,2026-04-22
CUST-000795,2026-05-01,18,18.22,0.782,2026-05-12
CUST-000795,2026-06-01,17,21.03,0.733,2026-06-16
CUST-000795,2026-07-01,18,21.59,0.782,2026-07-14
CUST-000795,2026-08-01,14,19.11,0.717,2026-08-21
CUST-000796,2026-03-01,21,26.77,0.48,2026-03-08
CUST-000796,2026-04-01,17,19.74,0.42,2026-04-07
CUST-000796,2026-05-01,18,26.51,0.356,2026-05-11
CUST-000796,2026-06-01,14,19.5,0.293,2026-06-16
CUST-000796,2026-07-01,12,21.24,0.25,2026-07-23
CUST-000796,2026-08-01,9,11.41,0.202,2026-08-04
CUST-000797,2026-03-01,14,50.69,0.59,2026-03-19
CUST-000797,2026-04-01,10,48.9,0.616,2026-04-05
CUST-000797,2026-05-01,16,50.56,0.544,2026-05-09
CUST-000797,2026-06-01,10,46.19,0.551,2026-06-26
CUST-000797,2026-07-01,15,46.85,0.555,2026-07-18
CUST-000797,2026-08-01,12,45.58,0.541,2026-08-20
CUST-000798,2026-03-01,12,30.63,0.505,2026-03-06
CUST-000798,2026-04-01,11,33.46,0.531,2026-04-12
CUST-000798,2026-05-01,17,34.49,0.65,2026-05-24
CUST-000798,2026-06-01,19,32.93,0.614,2026-06-21
CUST-000798,2026-07-01,15,33.3,0.558,2026-07-09
CUST-000798,2026-08-01,15,33.22,0.49,2026-08-25
CUST-000799,2026-03-01,15,27.71,0.368,2026-03-27
CUST-000799,2026-04-01,17,27.89,0.405,2026-04-03
CUST-000799,2026-05-01,9,32.47,0.393,2026-05-27
CUST-000799,2026-06-01,14,28.47,0.417,2026-06-01
CUST-000799,2026-07-01,17,25.46,0.409,2026-07-20
CUST-000799,2026-08-01,16,24.31,0.385,2026-08-18
CUST-000800,2026-03-01,25,48.51,0.714,2026-03-24
CUST-000800,2026-04-01,22,36.98,0.645,2026-04-01
CUST-000800,2026-05-01,19,42.72,0.696,2026-05-03
CUST-000800,2026-06-01,16,39.77,0.726,2026-06-24
CUST-000800,2026-07-01,19,44.61,0.645,2026-07-15
CUST-000800,2026-08-01,24,51.21,0.745,2026-08-17
CUST-000801,2026-03-01,22,18.9,0.328,2026-03-19
CUST-000801,2026-04-01,19,22.3,0.295,2026-04-12
CUST-000801,2026-05-01,19,24.27,0.339,2026-05-14
CUST-000801,2026-06-01,25,18.6,0.337,2026-06-15
CUST-000801,2026-07-01,21,20.52,0.31,2026-07-27
CUST-000801,2026-08-01,26,22.5,0.367,2026-08-20
CUST-000802,2026-03-01,26,26.53,0.422,2026-03-02
CUST-000802,2026-04-01,27,26.35,0.475,2026-04-25
CUST-000802,2026-05-01,25,26.07,0.477,2026-05-10
CUST-000802,2026-06-01,25,26.48,0.528,2026-06-05
CUST-000802,2026-07-01,22,20.04,0.394,2026-07-21
CUST-000802,2026-08-01,23,24.53,0.453,2026-08-05
CUST-000803,2026-03-01,20,21.74,0.526,2026-03-17
CUST-000803,2026-04-01,20,20.3,0.566,2026-04-15
CUST-000803,2026-05-01,20,23.5,0.56,2026-05-17
CUST-000803,2026-06-01,18,23.79,0.639,2026-06-25
CUST-000803,2026-07-01,24,25.12,0.558,2026-07-12
CUST-000803,2026-08-01,21,23.18,0.555,2026-08-06
CUST-000804,2026-03-01,24,42.27,0.272,2026-03-26
CUST-000804,2026-04-01,22,43.62,0.32,2026-04-23
CUST-000804,2026-05-01,26,37.66,0.316,2026-05-27
CUST-000804,2026-06-01,29,39.82,0.339,2026-06-27
CUST-000804,2026-07-01,24,45.1,0.29,2026-07-13
CUST-000804,2026-08-01,23,40.7,0.279,2026-08-13
CUST-000805,2026-03-01,16,27.16,0.75,2026-03-19
CUST-000805,2026-04-01,14,21.45,0.805,2026-04-13
CUST-000805,2026-05-01,14,28.07,0.796,2026-05-20
CUST-000805,2026-06-01,17,25.15,0.833,2026-06-18
CUST-000805,2026-07-01,17,22.71,0.817,2026-07-04
CUST-000805,2026-08-01,16,30.23,0.771,2026-08-05
CUST-000806,2026-03-01,12,30.89,0.367,2026-03-25
CUST-000806,2026-04-01,5,31.04,0.382,2026-04-10
CUST-000806,2026-05-01,14,35.12,0.426,2026-05-03
CUST-000806,2026-06-01,10,34.87,0.371,2026-06-12
CUST-000806,2026-07-01,7,38.09,0.434,2026-07-17
CUST-000806,2026-08-01,7,33.01,0.404,2026-08-24
CUST-000807,2026-03-01,10,25.34,0.615,2026-03-17
CUST-000807,2026-04-01,9,30.78,0.553,2026-04-10
CUST-000807,2026-05-01,11,24.16,0.56,2026-05-12
CUST-000807,2026-06-01,7,32.82,0.609,2026-06-08
CUST-000807,2026-07-01,7,22.65,0.611,2026-07-19
CUST-000807,2026-08-01,10,22.37,0.536,2026-08-07
CUST-000808,2026-03-01,5,41.2,0.395,2026-03-09
CUST-000808,2026-04-01,9,39.04,0.423,2026-04-15
CUST-000808,2026-05-01,7,31.53,0.375,2026-05-04
CUST-000808,2026-06-01,9,23.93,0.294,2026-06-27
CUST-000808,2026-07-01,4,18.31,0.253,2026-07-12
CUST-000808,2026-08-01,3,16.96,0.237,2026-08-19
CUST-000809,2026-03-01,19,29.77,0.362,2026-03-16
CUST-000809,2026-04-01,17,27.34,0.351,2026-04-03
CUST-000809,2026-05-01,15,23.75,0.242,2026-05-24
CUST-000809,2026-06-01,12,17.54,0.218,2026-06-05
CUST-000809,2026-07-01,13,18.17,0.227,2026-07-27
CUST-000809,2026-08-01,10,9.1,0.149,2026-08-15
CUST-000810,2026-03-01,21,28.98,0.31,2026-03-11
CUST-000810,2026-04-01,25,26.76,0.319,2026-04-26
CUST-000810,2026-05-01,17,26.66,0.336,2026-05-12
CUST-000810,2026-06-01,18,27.9,0.321,2026-06-01
CUST-000810,2026-07-01,28,27.47,0.273,2026-07-05
CUST-000810,2026-08-01,21,25.37,0.325,2026-08-15
CUST-000811,2026-03-01,20,33.47,0.448,2026-03-03
CUST-000811,2026-04-01,16,33.77,0.469,2026-04-18
CUST-000811,2026-05-01,16,34.87,0.435,2026-05-22
CUST-000811,2026-06-01,14,37.02,0.442,2026-06-09
CUST-000811,2026-07-01,17,36.86,0.389,2026-07-22
CUST-000811,2026-08-01,15,28.43,0.365,2026-08-19
CUST-000812,2026-03-01,12,23.84,0.405,2026-03-18
CUST-000812,2026-04-01,7,18.44,0.288,2026-04-01
CUST-000812,2026-05-01,3,19.53,0.329,2026-05-01
CUST-000812,2026-06-01,6,17.02,0.276,2026-06-26
CUST-000812,2026-07-01,3,12.89,0.203,2026-07-22
CUST-000812,2026-08-01,6,14.51,0.099,2026-08-06
CUST-000813,2026-03-01,11,20.76,0.695,2026-03-15
CUST-000813,2026-04-01,22,16.36,0.717,2026-04-07
CUST-000813,2026-05-01,16,18.52,0.685,2026-05-03
CUST-000813,2026-06-01,18,20.85,0.731,2026-06-18
CUST-000813,2026-07-01,21,21.04,0.79,2026-07-27
CUST-000813,2026-08-01,18,21.71,0.706,2026-08-16
CUST-000814,2026-03-01,10,27.92,0.544,2026-03-20
CUST-000814,2026-04-01,11,30.89,0.454,2026-04-17
CUST-000814,2026-05-01,9,38.4,0.568,2026-05-05
CUST-000814,2026-06-01,9,34.61,0.603,2026-06-19
CUST-000814,2026-07-01,12,32.93,0.58,2026-07-16
CUST-000814,2026-08-01,11,31.43,0.497,2026-08-22
CUST-000815,2026-03-01,20,39.08,0.7,2026-03-05
CUST-000815,2026-04-01,17,30.47,0.597,2026-04-27
CUST-000815,2026-05-01,14,29.88,0.555,2026-05-11
CUST-000815,2026-06-01,12,23.24,0.522,2026-06-15
CUST-000815,2026-07-01,10,18.63,0.342,2026-07-25
CUST-000815,2026-08-01,7,14.23,0.345,2026-08-04
CUST-000816,2026-03-01,22,27.65,0.431,2026-03-22
CUST-000816,2026-04-01,23,31.56,0.517,2026-04-04
CUST-000816,2026-05-01,23,29.77,0.481,2026-05-04
CUST-000816,2026-06-01,21,30.81,0.442,2026-06-26
CUST-000816,2026-07-01,22,34.26,0.445,2026-07-25
CUST-000816,2026-08-01,24,32.54,0.482,2026-08-15
CUST-000817,2026-03-01,25,22.04,0.626,2026-03-23
CUST-000817,2026-04-01,24,19.27,0.64,2026-04-15
CUST-000817,2026-05-01,28,21.88,0.717,2026-05-16
CUST-000817,2026-06-01,23,20.25,0.643,2026-06-27
CUST-000817,2026-07-01,26,18.34,0.655,2026-07-25
CUST-000817,2026-08-01,25,18.49,0.694,2026-08-12
CUST-000818,2026-03-01,15,10.45,0.284,2026-03-08
CUST-000818,2026-04-01,15,8.9,0.235,2026-04-25
CUST-000818,2026-05-01,10,7.91,0.222,2026-05-18
CUST-000818,2026-06-01,9,8.02,0.175,2026-06-04
CUST-000818,2026-07-01,6,6.51,0.152,2026-07-02
CUST-000818,2026-08-01,3,9.34,0.117,2026-08-24
CUST-000819,2026-03-01,22,17.33,0.304,2026-03-19
CUST-000819,2026-04-01,23,20.0,0.343,2026-04-03
CUST-000819,2026-05-01,23,15.97,0.365,2026-05-01
CUST-000819,2026-06-01,24,21.5,0.294,2026-06-20
CUST-000819,2026-07-01,23,10.81,0.361,2026-07-11
CUST-000819,2026-08-01,23,17.11,0.294,2026-08-13
CUST-000820,2026-03-01,20,42.69,0.708,2026-03-15
CUST-000820,2026-04-01,19,33.45,0.765,2026-04-13
CUST-000820,2026-05-01,22,37.55,0.783,2026-05-23
CUST-000820,2026-06-01,24,40.14,0.789,2026-06-01
CUST-000820,2026-07-01,23,42.71,0.852,2026-07-16
CUST-000820,2026-08-01,22,41.22,0.754,2026-08-21
CUST-000821,2026-03-01,21,30.89,0.604,2026-03-23
CUST-000821,2026-04-01,21,37.73,0.603,2026-04-12
CUST-000821,2026-05-01,25,35.53,0.602,2026-05-14
CUST-000821,2026-06-01,23,38.83,0.584,2026-06-06
CUST-000821,2026-07-01,21,37.82,0.562,2026-07-20
CUST-000821,2026-08-01,17,33.94,0.474,2026-08-25
CUST-000822,2026-03-01,12,34.81,0.409,2026-03-10
CUST-000822,2026-04-01,20,35.96,0.49,2026-04-06
CUST-000822,2026-05-01,18,34.39,0.413,2026-05-15
CUST-000822,2026-06-01,11,32.63,0.399,2026-06-20
CUST-000822,2026-07-01,14,42.79,0.451,2026-07-22
CUST-000822,2026-08-01,14,35.78,0.401,2026-08-26
CUST-000823,2026-03-01,7,28.77,0.657,2026-03-04
CUST-000823,2026-04-01,10,18.61,0.572,2026-04-27
CUST-000823,2026-05-01,10,18.93,0.481,2026-05-27
CUST-000823,2026-06-01,10,17.25,0.441,2026-06-05
CUST-000823,2026-07-01,6,15.61,0.385,2026-07-11
CUST-000823,2026-08-01,5,12.09,0.231,2026-08-10
CUST-000824,2026-03-01,11,14.25,0.302,2026-03-07
CUST-000824,2026-04-01,11,9.18,0.307,2026-04-08
CUST-000824,2026-05-01,9,21.39,0.351,2026-05-20
CUST-000824,2026-06-01,14,12.58,0.326,2026-06-08
CUST-000824,2026-07-01,13,15.94,0.348,2026-07-11
CUST-000824,2026-08-01,12,19.75,0.324,2026-08-10
CUST-000825,2026-03-01,11,38.38,0.299,2026-03-10
CUST-000825,2026-04-01,7,44.68,0.299,2026-04-18
CUST-000825,2026-05-01,10,42.8,0.362,2026-05-27
CUST-000825,2026-06-01,12,41.39,0.305,2026-06-02
CUST-000825,2026-07-01,9,36.55,0.297,2026-07-02
CUST-000825,2026-08-01,10,47.19,0.325,2026-08-19
CUST-000826,2026-03-01,12,38.33,0.562,2026-03-05
CUST-000826,2026-04-01,13,41.69,0.489,2026-04-23
CUST-000826,2026-05-01,11,41.87,0.527,2026-05-17
CUST-000826,2026-06-01,14,39.17,0.554,2026-06-20
CUST-000826,2026-07-01,15,34.63,0.521,2026-07-22
CUST-000826,2026-08-01,12,39.71,0.551,2026-08-07
CUST-000827,2026-03-01,25,13.09,0.271,2026-03-15
CUST-000827,2026-04-01,30,12.82,0.305,2026-04-19
CUST-000827,2026-05-01,22,15.13,0.318,2026-05-08
CUST-000827,2026-06-01,26,6.35,0.313,2026-06-10
CUST-000827,2026-07-01,24,12.68,0.333,2026-07-10
CUST-000827,2026-08-01,25,14.29,0.284,2026-08-20
CUST-000828,2026-03-01,20,22.94,0.415,2026-03-16
CUST-000828,2026-04-01,17,11.07,0.348,2026-04-22
CUST-000828,2026-05-01,10,15.6,0.307,2026-05-03
CUST-000828,2026-06-01,11,10.52,0.291,2026-06-11
CUST-000828,2026-07-01,8,11.95,0.201,2026-07-09
CUST-000828,2026-08-01,11,12.34,0.164,2026-08-19
CUST-000829,2026-03-01,24,21.03,0.44,2026-03-16
CUST-000829,2026-04-01,21,15.49,0.469,2026-04-24
CUST-000829,2026-05-01,29,17.53,0.535,2026-05-06
CUST-000829,2026-06-01,26,19.43,0.527,2026-06-15
CUST-000829,2026-07-01,23,14.57,0.504,2026-07-26
CUST-000829,2026-08-01,24,15.99,0.46,2026-08-23
CUST-000830,2026-03-01,21,16.47,0.413,2026-03-19
CUST-000830,2026-04-01,18,8.37,0.455,2026-04-24
CUST-000830,2026-05-01,15,11.12,0.386,2026-05-01
CUST-000830,2026-06-01,15,8.96,0.301,2026-06-01
CUST-000830,2026-07-01,13,6.31,0.266,2026-07-26
CUST-000830,2026-08-01,11,5.45,0.197,2026-08-07
CUST-000831,2026-03-01,14,18.2,0.381,2026-03-13
CUST-000831,2026-04-01,9,19.84,0.36,2026-04-05
CUST-000831,2026-05-01,11,21.68,0.393,2026-05-23
CUST-000831,2026-06-01,17,20.91,0.312,2026-06-10
CUST-000831,2026-07-01,10,20.99,0.357,2026-07-27
CUST-000831,2026-08-01,13,20.84,0.352,2026-08-22
CUST-000832,2026-03-01,21,15.83,0.569,2026-03-12
CUST-000832,2026-04-01,23,24.96,0.562,2026-04-23
CUST-000832,2026-05-01,22,22.35,0.596,2026-05-06
CUST-000832,2026-06-01,17,15.51,0.53,2026-06-23
CUST-000832,2026-07-01,19,15.46,0.551,2026-07-23
CUST-000832,2026-08-01,20,19.45,0.566,2026-08-06
CUST-000833,2026-03-01,20,29.59,0.488,2026-03-20
CUST-000833,2026-04-01,16,31.7,0.501,2026-04-20
CUST-000833,2026-05-01,15,33.8,0.487,2026-05-14
CUST-000833,2026-06-01,15,31.79,0.488,2026-06-04
CUST-000833,2026-07-01,20,29.31,0.546,2026-07-03
CUST-000833,2026-08-01,16,29.07,0.481,2026-08-04
CUST-000834,2026-03-01,23,44.35,0.803,2026-03-26
CUST-000834,2026-04-01,20,45.84,0.813,2026-04-22
CUST-000834,2026-05-01,17,42.26,0.813,2026-05-14
CUST-000834,2026-06-01,17,52.97,0.903,2026-06-08
CUST-000834,2026-07-01,13,42.02,0.794,2026-07-25
CUST-000834,2026-08-01,16,44.36,0.739,2026-08-20
CUST-000835,2026-03-01,17,25.13,0.415,2026-03-23
CUST-000835,2026-04-01,14,32.7,0.442,2026-04-22
CUST-000835,2026-05-01,13,29.16,0.417,2026-05-15
CUST-000835,2026-06-01,11,26.94,0.453,2026-06-18
CUST-000835,2026-07-01,15,24.9,0.429,2026-07-22
CUST-000835,2026-08-01,13,34.21,0.458,2026-08-03
CUST-000836,2026-03-01,16,24.24,0.373,2026-03-01
CUST-000836,2026-04-01,16,23.32,0.412,2026-04-05
CUST-000836,2026-05-01,15,28.06,0.413,2026-05-19
CUST-000836,2026-06-01,16,23.73,0.333,2026-06-13
CUST-000836,2026-07-01,14,25.08,0.363,2026-07-11
CUST-000836,2026-08-01,21,33.11,0.366,2026-08-12
CUST-000837,2026-03-01,14,29.96,0.317,2026-03-12
CUST-000837,2026-04-01,15,28.59,0.386,2026-04-15
CUST-000837,2026-05-01,15,28.15,0.419,2026-05-22
CUST-000837,2026-06-01,15,25.62,0.375,2026-06-10
CUST-000837,2026-07-01,16,30.62,0.368,2026-07-13
CUST-000837,2026-08-01,16,28.99,0.398,2026-08-02
CUST-000838,2026-03-01,9,11.93,0.567,2026-03-10
CUST-000838,2026-04-01,7,11.14,0.56,2026-04-08
CUST-000838,2026-05-01,10,5.78,0.566,2026-05-19
CUST-000838,2026-06-01,13,17.26,0.609,2026-06-03
CUST-000838,2026-07-01,11,8.84,0.561,2026-07-20
CUST-000838,2026-08-01,7,8.82,0.574,2026-08-17
CUST-000839,2026-03-01,23,14.65,0.379,2026-03-18
CUST-000839,2026-04-01,24,20.35,0.359,2026-04-18
CUST-000839,2026-05-01,20,15.95,0.347,2026-05-04
CUST-000839,2026-06-01,24,17.77,0.422,2026-06-26
CUST-000839,2026-07-01,24,17.44,0.415,2026-07-05
CUST-000839,2026-08-01,26,22.26,0.397,2026-08-21
CUST-000840,2026-03-01,17,12.58,0.61,2026-03-11
CUST-000840,2026-04-01,21,9.98,0.663,2026-04-14
CUST-000840,2026-05-01,22,12.77,0.632,2026-05-26
CUST-000840,2026-06-01,16,7.54,0.679,2026-06-06
CUST-000840,2026-07-01,17,14.42,0.513,2026-07-19
CUST-000840,2026-08-01,21,18.12,0.558,2026-08-07
CUST-000841,2026-03-01,7,36.46,0.31,2026-03-23
CUST-000841,2026-04-01,8,29.28,0.35,2026-04-11
CUST-000841,2026-05-01,6,20.6,0.237,2026-05-18
CUST-000841,2026-06-01,8,18.37,0.236,2026-06-05
CUST-000841,2026-07-01,9,19.22,0.243,2026-07-17
CUST-000841,2026-08-01,5,13.88,0.125,2026-08-20
CUST-000842,2026-03-01,13,42.48,0.315,2026-03-09
CUST-000842,2026-04-01,12,45.27,0.38,2026-04-26
CUST-000842,2026-05-01,14,40.12,0.403,2026-05-22
CUST-000842,2026-06-01,14,37.87,0.363,2026-06-19
CUST-000842,2026-07-01,17,43.22,0.334,2026-07-20
CUST-000842,2026-08-01,14,42.65,0.346,2026-08-09
CUST-000843,2026-03-01,7,16.21,0.314,2026-03-01
CUST-000843,2026-04-01,7,14.11,0.311,2026-04-20
CUST-000843,2026-05-01,7,18.82,0.258,2026-05-21
CUST-000843,2026-06-01,5,12.45,0.248,2026-06-02
CUST-000843,2026-07-01,7,5.9,0.22,2026-07-06
CUST-000843,2026-08-01,2,6.55,0.182,2026-08-21
CUST-000844,2026-03-01,10,34.24,0.319,2026-03-25
CUST-000844,2026-04-01,10,36.59,0.33,2026-04-06
CUST-000844,2026-05-01,13,22.95,0.297,2026-05-03
CUST-000844,2026-06-01,9,27.38,0.232,2026-06-14
CUST-000844,2026-07-01,3,18.4,0.165,2026-07-05
CUST-000844,2026-08-01,7,20.51,0.14,2026-08-10
CUST-000845,2026-03-01,17,3.76,0.569,2026-03-23
CUST-000845,2026-04-01,12,6.54,0.548,2026-04-01
CUST-000845,2026-05-01,9,6.54,0.48,2026-05-05
CUST-000845,2026-06-01,9,6.17,0.382,2026-06-14
CUST-000845,2026-07-01,8,2.35,0.321,2026-07-14
CUST-000845,2026-08-01,8,6.8,0.202,2026-08-01
CUST-000846,2026-03-01,22,29.4,0.338,2026-03-06
CUST-000846,2026-04-01,18,23.91,0.348,2026-04-02
CUST-000846,2026-05-01,14,32.83,0.237,2026-05-02
CUST-000846,2026-06-01,13,30.34,0.326,2026-06-01
CUST-000846,2026-07-01,20,28.76,0.327,2026-07-18
CUST-000846,2026-08-01,20,28.55,0.357,2026-08-25
CUST-000847,2026-03-01,14,17.16,0.345,2026-03-18
CUST-000847,2026-04-01,20,13.08,0.321,2026-04-02
CUST-000847,2026-05-01,14,16.23,0.401,2026-05-26
CUST-000847,2026-06-01,14,10.52,0.329,2026-06-17
CUST-000847,2026-07-01,15,19.18,0.359,2026-07-10
CUST-000847,2026-08-01,16,21.14,0.315,2026-08-22
CUST-000848,2026-03-01,17,29.08,0.604,2026-03-15
CUST-000848,2026-04-01,18,34.88,0.614,2026-04-22
CUST-000848,2026-05-01,20,26.79,0.559,2026-05-06
CUST-000848,2026-06-01,16,21.56,0.556,2026-06-20
CUST-000848,2026-07-01,19,31.78,0.688,2026-07-26
CUST-000848,2026-08-01,15,32.52,0.538,2026-08-01
CUST-000849,2026-03-01,24,20.34,0.385,2026-03-16
CUST-000849,2026-04-01,21,10.74,0.428,2026-04-04
CUST-000849,2026-05-01,26,15.25,0.423,2026-05-18
CUST-000849,2026-06-01,26,20.62,0.486,2026-06-03
CUST-000849,2026-07-01,26,19.9,0.494,2026-07-07
CUST-000849,2026-08-01,21,18.06,0.496,2026-08-26
CUST-000850,2026-03-01,19,16.42,0.366,2026-03-22
CUST-000850,2026-04-01,20,18.5,0.318,2026-04-17
CUST-000850,2026-05-01,18,20.45,0.329,2026-05-25
CUST-000850,2026-06-01,14,22.09,0.338,2026-06-14
CUST-000850,2026-07-01,19,17.57,0.253,2026-07-11
CUST-000850,2026-08-01,17,22.02,0.272,2026-08-15
CUST-000851,2026-03-01,23,15.28,0.606,2026-03-21
CUST-000851,2026-04-01,23,18.72,0.587,2026-04-21
CUST-000851,2026-05-01,24,20.56,0.518,2026-05-19
CUST-000851,2026-06-01,23,18.39,0.621,2026-06-15
CUST-000851,2026-07-01,24,19.44,0.601,2026-07-08
CUST-000851,2026-08-01,18,18.82,0.54,2026-08-19
CUST-000852,2026-03-01,18,29.97,0.668,2026-03-06
CUST-000852,2026-04-01,9,31.47,0.651,2026-04-18
CUST-000852,2026-05-01,15,26.29,0.707,2026-05-19
CUST-000852,2026-06-01,16,26.05,0.695,2026-06-15
CUST-000852,2026-07-01,17,22.22,0.634,2026-07-05
CUST-000852,2026-08-01,19,27.97,0.794,2026-08-03
CUST-000853,2026-03-01,8,38.84,0.395,2026-03-08
CUST-000853,2026-04-01,6,40.24,0.467,2026-04-13
CUST-000853,2026-05-01,10,43.93,0.414,2026-05-14
CUST-000853,2026-06-01,8,46.88,0.457,2026-06-18
CUST-000853,2026-07-01,9,50.72,0.521,2026-07-05
CUST-000853,2026-08-01,11,43.13,0.498,2026-08-09
CUST-000854,2026-03-01,15,22.19,0.47,2026-03-15
CUST-000854,2026-04-01,13,18.05,0.483,2026-04-03
CUST-000854,2026-05-01,13,24.29,0.375,2026-05-27
CUST-000854,2026-06-01,8,24.18,0.479,2026-06-14
CUST-000854,2026-07-01,15,21.14,0.526,2026-07-10
CUST-000854,2026-08-01,14,14.05,0.497,2026-08-22
CUST-000855,2026-03-01,10,33.9,0.696,2026-03-02
CUST-000855,2026-04-01,15,31.95,0.599,2026-04-08
CUST-000855,2026-05-01,13,26.78,0.524,2026-05-18
CUST-000855,2026-06-01,9,27.3,0.43,2026-06-04
CUST-000855,2026-07-01,6,16.67,0.311,2026-07-09
CUST-000855,2026-08-01,4,15.17,0.347,2026-08-27
CUST-000856,2026-03-01,17,23.78,0.687,2026-03-13
CUST-000856,2026-04-01,14,23.07,0.653,2026-04-14
CUST-000856,2026-05-01,17,25.99,0.696,2026-05-20
CUST-000856,2026-06-01,17,31.73,0.722,2026-06-22
CUST-000856,2026-07-01,12,24.23,0.658,2026-07-03
CUST-000856,2026-08-01,16,24.0,0.624,2026-08-27
CUST-000857,2026-03-01,18,26.14,0.737,2026-03-14
CUST-000857,2026-04-01,16,27.85,0.662,2026-04-18
CUST-000857,2026-05-01,14,23.71,0.659,2026-05-18
CUST-000857,2026-06-01,15,28.32,0.716,2026-06-17
CUST-000857,2026-07-01,21,33.85,0.753,2026-07-08
CUST-000857,2026-08-01,18,30.87,0.756,2026-08-14
CUST-000858,2026-03-01,10,38.93,0.376,2026-03-21
CUST-000858,2026-04-01,9,39.41,0.33,2026-04-04
CUST-000858,2026-05-01,11,51.57,0.398,2026-05-20
CUST-000858,2026-06-01,8,45.64,0.421,2026-06-19
CUST-000858,2026-07-01,8,40.65,0.419,2026-07-11
CUST-000858,2026-08-01,11,49.8,0.398,2026-08-19
CUST-000859,2026-03-01,13,36.18,0.604,2026-03-22
CUST-000859,2026-04-01,10,30.39,0.516,2026-04-23
CUST-000859,2026-05-01,7,34.05,0.465,2026-05-04
CUST-000859,2026-06-01,7,22.21,0.426,2026-06-20
CUST-000859,2026-07-01,11,16.98,0.361,2026-07-20
CUST-000859,2026-08-01,8,11.67,0.271,2026-08-11
CUST-000860,2026-03-01,13,44.83,0.365,2026-03-04
CUST-000860,2026-04-01,15,38.31,0.403,2026-04-15
CUST-000860,2026-05-01,11,40.13,0.445,2026-05-22
CUST-000860,2026-06-01,14,37.75,0.367,2026-06-12
CUST-000860,2026-07-01,13,39.03,0.42,2026-07-03
CUST-000860,2026-08-01,15,35.49,0.416,2026-08-07
CUST-000861,2026-03-01,23,26.27,0.351,2026-03-01
CUST-000861,2026-04-01,23,23.7,0.308,2026-04-19
CUST-000861,2026-05-01,25,25.19,0.346,2026-05-02
CUST-000861,2026-06-01,26,32.37,0.313,2026-06-09
CUST-000861,2026-07-01,26,27.33,0.331,2026-07-17
CUST-000861,2026-08-01,23,30.41,0.363,2026-08-11
CUST-000862,2026-03-01,21,18.32,0.658,2026-03-16
CUST-000862,2026-04-01,15,18.07,0.601,2026-04-24
CUST-000862,2026-05-01,18,18.11,0.623,2026-05-15
CUST-000862,2026-06-01,20,18.62,0.577,2026-06-14
CUST-000862,2026-07-01,17,21.03,0.589,2026-07-17
CUST-000862,2026-08-01,19,16.64,0.597,2026-08-26
CUST-000863,2026-03-01,19,15.65,0.231,2026-03-14
CUST-000863,2026-04-01,17,21.19,0.302,2026-04-25
CUST-000863,2026-05-01,21,14.76,0.319,2026-05-22
CUST-000863,2026-06-01,26,18.34,0.333,2026-06-13
CUST-000863,2026-07-01,23,16.74,0.287,2026-07-20
CUST-000863,2026-08-01,20,13.54,0.322,2026-08-02
CUST-000864,2026-03-01,13,21.96,0.605,2026-03-20
CUST-000864,2026-04-01,10,30.22,0.623,2026-04-13
CUST-000864,2026-05-01,14,22.22,0.624,2026-05-18
CUST-000864,2026-06-01,11,21.2,0.629,2026-06-22
CUST-000864,2026-07-01,12,21.82,0.551,2026-07-23
CUST-000864,2026-08-01,16,24.27,0.648,2026-08-05
CUST-000865,2026-03-01,5,38.76,0.448,2026-03-05
CUST-000865,2026-04-01,8,31.67,0.351,2026-04-14
CUST-000865,2026-05-01,2,27.03,0.345,2026-05-19
CUST-000865,2026-06-01,4,24.06,0.28,2026-06-17
CUST-000865,2026-07-01,5,20.78,0.225,2026-07-02
CUST-000865,2026-08-01,2,13.42,0.188,2026-08-16
CUST-000866,2026-03-01,24,43.49,0.841,2026-03-09
CUST-000866,2026-04-01,22,40.58,0.794,2026-04-21
CUST-000866,2026-05-01,22,43.38,0.78,2026-05-05
CUST-000866,2026-06-01,23,40.85,0.748,2026-06-24
CUST-000866,2026-07-01,20,38.07,0.71,2026-07-24
CUST-000866,2026-08-01,25,45.18,0.795,2026-08-22
CUST-000867,2026-03-01,3,42.22,0.514,2026-03-25
CUST-000867,2026-04-01,7,40.48,0.549,2026-04-08
CUST-000867,2026-05-01,9,35.94,0.593,2026-05-02
CUST-000867,2026-06-01,8,35.84,0.553,2026-06-22
CUST-000867,2026-07-01,5,42.3,0.594,2026-07-09
CUST-000867,2026-08-01,9,38.11,0.634,2026-08-16
CUST-000868,2026-03-01,23,32.9,0.708,2026-03-11
CUST-000868,2026-04-01,27,35.59,0.711,2026-04-10
CUST-000868,2026-05-01,28,33.52,0.712,2026-05-20
CUST-000868,2026-06-01,23,35.95,0.716,2026-06-24
CUST-000868,2026-07-01,22,32.48,0.669,2026-07-02
CUST-000868,2026-08-01,24,32.5,0.705,2026-08-13
CUST-000869,2026-03-01,29,42.88,0.409,2026-03-09
CUST-000869,2026-04-01,24,42.87,0.362,2026-04-14
CUST-000869,2026-05-01,28,45.05,0.45,2026-05-19
CUST-000869,2026-06-01,21,35.04,0.36,2026-06-21
CUST-000869,2026-07-01,20,39.96,0.36,2026-07-01
CUST-000869,2026-08-01,18,37.99,0.344,2026-08-11
CUST-000870,2026-03-01,22,33.2,0.756,2026-03-20
CUST-000870,2026-04-01,17,36.4,0.751,2026-04-11
CUST-000870,2026-05-01,19,35.93,0.759,2026-05-27
CUST-000870,2026-06-01,22,33.68,0.779,2026-06-10
CUST-000870,2026-07-01,17,35.92,0.803,2026-07-27
CUST-000870,2026-08-01,17,27.88,0.716,2026-08-06
CUST-000871,2026-03-01,22,44.13,0.69,2026-03-25
CUST-000871,2026-04-01,24,40.96,0.649,2026-04-10
CUST-000871,2026-05-01,23,40.69,0.714,2026-05-03
CUST-000871,2026-06-01,22,35.77,0.697,2026-06-17
CUST-000871,2026-07-01,24,44.97,0.775,2026-07-21
CUST-000871,2026-08-01,25,38.27,0.764,2026-08-05
CUST-000872,2026-03-01,14,33.42,0.498,2026-03-06
CUST-000872,2026-04-01,9,41.74,0.612,2026-04-27
CUST-000872,2026-05-01,12,34.54,0.478,2026-05-09
CUST-000872,2026-06-01,10,37.85,0.521,2026-06-14
CUST-000872,2026-07-01,11,32.09,0.529,2026-07-10
CUST-000872,2026-08-01,13,34.76,0.618,2026-08-23
CUST-000873,2026-03-01,7,42.16,0.637,2026-03-06
CUST-000873,2026-04-01,9,48.66,0.606,2026-04-03
CUST-000873,2026-05-01,8,38.96,0.553,2026-05-17
CUST-000873,2026-06-01,9,38.04,0.618,2026-06-23
CUST-000873,2026-07-01,8,40.99,0.593,2026-07-12
CUST-000873,2026-08-01,8,42.88,0.589,2026-08-12
CUST-000874,2026-03-01,17,27.56,0.683,2026-03-19
CUST-000874,2026-04-01,15,23.71,0.551,2026-04-27
CUST-000874,2026-05-01,17,27.42,0.55,2026-05-19
CUST-000874,2026-06-01,12,20.34,0.427,2026-06-19
CUST-000874,2026-07-01,13,15.83,0.375,2026-07-11
CUST-000874,2026-08-01,8,15.44,0.323,2026-08-21
CUST-000875,2026-03-01,22,22.62,0.659,2026-03-09
CUST-000875,2026-04-01,19,22.3,0.68,2026-04-13
CUST-000875,2026-05-01,25,24.73,0.604,2026-05-16
CUST-000875,2026-06-01,22,22.28,0.637,2026-06-08
CUST-000875,2026-07-01,20,26.8,0.584,2026-07-11
CUST-000875,2026-08-01,17,20.12,0.592,2026-08-11
CUST-000876,2026-03-01,21,40.06,0.63,2026-03-20
CUST-000876,2026-04-01,12,45.74,0.701,2026-04-27
CUST-000876,2026-05-01,16,41.91,0.689,2026-05-05
CUST-000876,2026-06-01,18,40.15,0.672,2026-06-22
CUST-000876,2026-07-01,18,40.91,0.712,2026-07-14
CUST-000876,2026-08-01,23,50.79,0.788,2026-08-07
CUST-000877,2026-03-01,17,47.47,0.418,2026-03-22
CUST-000877,2026-04-01,13,37.11,0.32,2026-04-22
CUST-000877,2026-05-01,17,35.35,0.386,2026-05-20
CUST-000877,2026-06-01,20,38.21,0.352,2026-06-22
CUST-000877,2026-07-01,16,43.45,0.32,2026-07-24
CUST-000877,2026-08-01,21,37.39,0.352,2026-08-01
CUST-000878,2026-03-01,15,36.45,0.635,2026-03-08
CUST-000878,2026-04-01,20,36.6,0.686,2026-04-23
CUST-000878,2026-05-01,24,42.46,0.754,2026-05-26
CUST-000878,2026-06-01,21,39.1,0.636,2026-06-05
CUST-000878,2026-07-01,19,40.92,0.746,2026-07-04
CUST-000878,2026-08-01,17,37.66,0.704,2026-08-15
CUST-000879,2026-03-01,22,38.17,0.561,2026-03-22
CUST-000879,2026-04-01,21,42.51,0.553,2026-04-09
CUST-000879,2026-05-01,17,40.6,0.484,2026-05-23
CUST-000879,2026-06-01,25,37.81,0.556,2026-06-20
CUST-000879,2026-07-01,21,41.99,0.577,2026-07-16
CUST-000879,2026-08-01,25,42.7,0.613,2026-08-13
CUST-000880,2026-03-01,9,23.51,0.539,2026-03-27
CUST-000880,2026-04-01,5,24.75,0.574,2026-04-03
CUST-000880,2026-05-01,10,17.67,0.534,2026-05-01
CUST-000880,2026-06-01,5,21.21,0.49,2026-06-04
CUST-000880,2026-07-01,8,18.45,0.539,2026-07-21
CUST-000880,2026-08-01,8,21.42,0.564,2026-08-21
CUST-000881,2026-03-01,14,13.97,0.62,2026-03-11
CUST-000881,2026-04-01,16,12.61,0.491,2026-04-18
CUST-000881,2026-05-01,16,13.57,0.501,2026-05-11
CUST-000881,2026-06-01,17,11.59,0.499,2026-06-09
CUST-000881,2026-07-01,14,14.52,0.499,2026-07-20
CUST-000881,2026-08-01,14,11.4,0.608,2026-08-02
CUST-000882,2026-03-01,11,15.22,0.458,2026-03-17
CUST-000882,2026-04-01,14,19.23,0.567,2026-04-06
CUST-000882,2026-05-01,11,19.44,0.539,2026-05-05
CUST-000882,2026-06-01,15,15.58,0.549,2026-06-26
CUST-000882,2026-07-01,9,14.1,0.591,2026-07-13
CUST-000882,2026-08-01,10,16.44,0.518,2026-08-27
CUST-000883,2026-03-01,10,34.95,0.62,2026-03-26
CUST-000883,2026-04-01,6,31.86,0.673,2026-04-14
CUST-000883,2026-05-01,6,26.14,0.649,2026-05-01
CUST-000883,2026-06-01,8,23.89,0.639,2026-06-06
CUST-000883,2026-07-01,5,24.07,0.658,2026-07-11
CUST-000883,2026-08-01,9,28.42,0.61,2026-08-08
CUST-000884,2026-03-01,13,17.73,0.764,2026-03-12
CUST-000884,2026-04-01,20,21.71,0.807,2026-04-13
CUST-000884,2026-05-01,20,17.61,0.839,2026-05-27
CUST-000884,2026-06-01,17,21.08,0.8,2026-06-09
CUST-000884,2026-07-01,17,19.97,0.824,2026-07-04
CUST-000884,2026-08-01,16,17.99,0.726,2026-08-02
CUST-000885,2026-03-01,18,9.09,0.661,2026-03-03
CUST-000885,2026-04-01,19,9.58,0.613,2026-04-09
CUST-000885,2026-05-01,11,8.89,0.53,2026-05-16
CUST-000885,2026-06-01,15,9.01,0.421,2026-06-12
CUST-000885,2026-07-01,13,5.96,0.387,2026-07-02
CUST-000885,2026-08-01,12,3.76,0.326,2026-08-01
CUST-000886,2026-03-01,7,36.22,0.679,2026-03-25
CUST-000886,2026-04-01,7,42.79,0.683,2026-04-08
CUST-000886,2026-05-01,6,46.1,0.711,2026-05-04
CUST-000886,2026-06-01,7,45.71,0.737,2026-06-12
CUST-000886,2026-07-01,7,44.81,0.686,2026-07-06
CUST-000886,2026-08-01,7,44.32,0.697,2026-08-17
CUST-000887,2026-03-01,19,31.79,0.494,2026-03-23
CUST-000887,2026-04-01,16,31.68,0.447,2026-04-13
CUST-000887,2026-05-01,16,17.35,0.404,2026-05-03
CUST-000887,2026-06-01,10,22.5,0.315,2026-06-23
CUST-000887,2026-07-01,9,13.18,0.327,2026-07-17
CUST-000887,2026-08-01,11,10.23,0.275,2026-08-05
CUST-000888,2026-03-01,13,10.61,0.748,2026-03-22
CUST-000888,2026-04-01,11,11.71,0.755,2026-04-04
CUST-000888,2026-05-01,15,13.7,0.78,2026-05-20
CUST-000888,2026-06-01,14,9.98,0.813,2026-06-26
CUST-000888,2026-07-01,13,11.37,0.76,2026-07-25
CUST-000888,2026-08-01,12,12.8,0.694,2026-08-21
CUST-000889,2026-03-01,18,21.98,0.555,2026-03-08
CUST-000889,2026-04-01,13,15.22,0.475,2026-04-10
CUST-000889,2026-05-01,20,16.92,0.449,2026-05-23
CUST-000889,2026-06-01,12,16.34,0.311,2026-06-13
CUST-000889,2026-07-01,10,12.28,0.336,2026-07-06
CUST-000889,2026-08-01,5,5.74,0.26,2026-08-26
CUST-000890,2026-03-01,13,26.92,0.64,2026-03-18
CUST-000890,2026-04-01,12,25.06,0.638,2026-04-15
CUST-000890,2026-05-01,13,31.72,0.609,2026-05-08
CUST-000890,2026-06-01,15,30.15,0.562,2026-06-07
CUST-000890,2026-07-01,14,29.37,0.657,2026-07-20
CUST-000890,2026-08-01,15,24.04,0.618,2026-08-13
CUST-000891,2026-03-01,6,37.94,0.814,2026-03-25
CUST-000891,2026-04-01,9,43.83,0.841,2026-04-26
CUST-000891,2026-05-01,11,45.04,0.873,2026-05-10
CUST-000891,2026-06-01,8,38.61,0.776,2026-06-23
CUST-000891,2026-07-01,12,43.67,0.802,2026-07-01
CUST-000891,2026-08-01,13,29.01,0.8,2026-08-22
CUST-000892,2026-03-01,13,23.83,0.626,2026-03-14
CUST-000892,2026-04-01,14,24.16,0.691,2026-04-02
CUST-000892,2026-05-01,11,26.93,0.665,2026-05-12
CUST-000892,2026-06-01,15,25.01,0.722,2026-06-23
CUST-000892,2026-07-01,11,22.95,0.673,2026-07-08
CUST-000892,2026-08-01,11,28.92,0.631,2026-08-23
CUST-000893,2026-03-01,10,8.14,0.677,2026-03-15
CUST-000893,2026-04-01,7,10.2,0.555,2026-04-20
CUST-000893,2026-05-01,12,7.24,0.498,2026-05-17
CUST-000893,2026-06-01,4,7.61,0.419,2026-06-07
CUST-000893,2026-07-01,8,3.56,0.363,2026-07-10
CUST-000893,2026-08-01,6,3.65,0.294,2026-08-25
CUST-000894,2026-03-01,21,34.37,0.352,2026-03-05
CUST-000894,2026-04-01,12,32.28,0.375,2026-04-19
CUST-000894,2026-05-01,15,27.66,0.349,2026-05-01
CUST-000894,2026-06-01,12,26.23,0.24,2026-06-24
CUST-000894,2026-07-01,8,19.51,0.239,2026-07-12
CUST-000894,2026-08-01,8,15.97,0.214,2026-08-05
CUST-000895,2026-03-01,8,38.27,0.757,2026-03-14
CUST-000895,2026-04-01,7,38.46,0.786,2026-04-19
CUST-000895,2026-05-01,12,37.2,0.702,2026-05-25
CUST-000895,2026-06-01,9,39.66,0.745,2026-06-07
CUST-000895,2026-07-01,8,37.01,0.757,2026-07-21
CUST-000895,2026-08-01,9,40.08,0.74,2026-08-17
CUST-000896,2026-03-01,24,40.4,0.536,2026-03-08
CUST-000896,2026-04-01,23,43.64,0.545,2026-04-10
CUST-000896,2026-05-01,20,33.27,0.46,2026-05-11
CUST-000896,2026-06-01,23,38.17,0.497,2026-06-20
CUST-000896,2026-07-01,24,42.51,0.486,2026-07-04
CUST-000896,2026-08-01,24,37.23,0.519,2026-08-10
CUST-000897,2026-03-01,19,13.8,0.528,2026-03-01
CUST-000897,2026-04-01,17,8.11,0.492,2026-04-13
CUST-000897,2026-05-01,27,12.33,0.498,2026-05-01
CUST-000897,2026-06-01,19,14.99,0.55,2026-06-22
CUST-000897,2026-07-01,25,8.54,0.536,2026-07-11
CUST-000897,2026-08-01,24,16.13,0.491,2026-08-20
CUST-000898,2026-03-01,19,39.0,0.441,2026-03-08
CUST-000898,2026-04-01,16,37.09,0.482,2026-04-13
CUST-000898,2026-05-01,15,31.5,0.422,2026-05-07
CUST-000898,2026-06-01,16,31.16,0.492,2026-06-04
CUST-000898,2026-07-01,17,38.66,0.493,2026-07-01
CUST-000898,2026-08-01,12,36.85,0.479,2026-08-13
CUST-000899,2026-03-01,20,36.44,0.392,2026-03-23
CUST-000899,2026-04-01,24,43.8,0.332,2026-04-27
CUST-000899,2026-05-01,18,34.4,0.373,2026-05-08
CUST-000899,2026-06-01,23,40.11,0.408,2026-06-12
CUST-000899,2026-07-01,19,38.32,0.326,2026-07-16
CUST-000899,2026-08-01,22,36.79,0.344,2026-08-14
CUST-000900,2026-03-01,8,24.25,0.445,2026-03-18
CUST-000900,2026-04-01,5,24.6,0.457,2026-04-25
CUST-000900,2026-05-01,4,15.73,0.435,2026-05-24
CUST-000900,2026-06-01,7,16.32,0.328,2026-06-26
CUST-000900,2026-07-01,1,16.23,0.265,2026-07-04
CUST-000900,2026-08-01,4,12.35,0.272,2026-08-12
CUST-000901,2026-03-01,18,35.92,0.397,2026-03-06
CUST-000901,2026-04-01,18,32.67,0.325,2026-04-16
CUST-000901,2026-05-01,16,27.49,0.384,2026-05-11
CUST-000901,2026-06-01,18,30.5,0.409,2026-06-04
CUST-000901,2026-07-01,18,31.09,0.391,2026-07-21
CUST-000901,2026-08-01,19,26.59,0.349,2026-08-08
CUST-000902,2026-03-01,23,15.94,0.717,2026-03-24
CUST-000902,2026-04-01,27,16.96,0.676,2026-04-18
CUST-000902,2026-05-01,25,15.01,0.709,2026-05-01
CUST-000902,2026-06-01,27,18.57,0.677,2026-06-21
CUST-000902,2026-07-01,23,18.21,0.6,2026-07-25
CUST-000902,2026-08-01,26,25.49,0.766,2026-08-25
CUST-000903,2026-03-01,15,23.4,0.354,2026-03-21
CUST-000903,2026-04-01,20,26.08,0.452,2026-04-01
CUST-000903,2026-05-01,16,22.84,0.366,2026-05-26
CUST-000903,2026-06-01,14,29.94,0.436,2026-06-24
CUST-000903,2026-07-01,13,17.21,0.462,2026-07-25
CUST-000903,2026-08-01,16,25.09,0.418,2026-08-12
CUST-000904,2026-03-01,7,34.04,0.726,2026-03-25
CUST-000904,2026-04-01,11,40.58,0.804,2026-04-08
CUST-000904,2026-05-01,8,34.67,0.705,2026-05-06
CUST-000904,2026-06-01,5,44.66,0.806,2026-06-01
CUST-000904,2026-07-01,11,48.61,0.794,2026-07-14
CUST-000904,2026-08-01,10,42.32,0.755,2026-08-08
CUST-000905,2026-03-01,9,20.19,0.42,2026-03-18
CUST-000905,2026-04-01,9,26.03,0.43,2026-04-04
CUST-000905,2026-05-01,8,19.37,0.469,2026-05-20
CUST-000905,2026-06-01,8,29.16,0.396,2026-06-04
CUST-000905,2026-07-01,18,28.57,0.455,2026-07-10
CUST-000905,2026-08-01,8,21.97,0.479,2026-08-13
CUST-000906,2026-03-01,11,10.91,0.791,2026-03-11
CUST-000906,2026-04-01,3,11.91,0.76,2026-04-04
CUST-000906,2026-05-01,8,9.85,0.711,2026-05-04
CUST-000906,2026-06-01,7,5.84,0.808,2026-06-27
CUST-000906,2026-07-01,9,8.91,0.832,2026-07-17
CUST-000906,2026-08-01,9,13.26,0.702,2026-08-10
CUST-000907,2026-03-01,18,16.57,0.546,2026-03-24
CUST-000907,2026-04-01,17,18.55,0.508,2026-04-01
CUST-000907,2026-05-01,14,9.53,0.402,2026-05-15
CUST-000907,2026-06-01,9,17.6,0.362,2026-06-23
CUST-000907,2026-07-01,7,9.2,0.279,2026-07-24
CUST-000907,2026-08-01,5,6.21,0.178,2026-08-11
CUST-000908,2026-03-01,16,14.87,0.657,2026-03-09
CUST-000908,2026-04-01,18,11.63,0.57,2026-04-15
CUST-000908,2026-05-01,14,14.94,0.468,2026-05-13
CUST-000908,2026-06-01,10,8.13,0.409,2026-06-09
CUST-000908,2026-07-01,10,4.94,0.322,2026-07-16
CUST-000908,2026-08-01,7,3.75,0.288,2026-08-15
CUST-000909,2026-03-01,23,37.34,0.327,2026-03-13
CUST-000909,2026-04-01,23,35.1,0.274,2026-04-24
CUST-000909,2026-05-01,19,40.96,0.333,2026-05-04
CUST-000909,2026-06-01,21,34.32,0.306,2026-06-18
CUST-000909,2026-07-01,16,33.62,0.263,2026-07-22
CUST-000909,2026-08-01,23,43.11,0.343,2026-08-07
CUST-000910,2026-03-01,10,27.41,0.66,2026-03-23
CUST-000910,2026-04-01,9,32.57,0.649,2026-04-05
CUST-000910,2026-05-01,10,35.31,0.676,2026-05-24
CUST-000910,2026-06-01,10,31.19,0.542,2026-06-20
CUST-000910,2026-07-01,9,29.0,0.641,2026-07-08
CUST-000910,2026-08-01,6,31.68,0.63,2026-08-04
CUST-000911,2026-03-01,12,28.9,0.793,2026-03-04
CUST-000911,2026-04-01,14,28.71,0.811,2026-04-27
CUST-000911,2026-05-01,11,36.3,0.901,2026-05-16
CUST-000911,2026-06-01,13,32.31,0.688,2026-06-22
CUST-000911,2026-07-01,10,26.65,0.876,2026-07-02
CUST-000911,2026-08-01,13,31.57,0.826,2026-08-20
CUST-000912,2026-03-01,14,28.48,0.76,2026-03-21
CUST-000912,2026-04-01,13,30.52,0.757,2026-04-02
CUST-000912,2026-05-01,13,28.35,0.664,2026-05-20
CUST-000912,2026-06-01,14,31.52,0.758,2026-06-20
CUST-000912,2026-07-01,15,33.86,0.762,2026-07-03
CUST-000912,2026-08-01,12,28.42,0.703,2026-08-24
CUST-000913,2026-03-01,10,25.58,0.342,2026-03-11
CUST-000913,2026-04-01,8,34.86,0.405,2026-04-07
CUST-000913,2026-05-01,13,34.77,0.402,2026-05-11
CUST-000913,2026-06-01,11,32.06,0.361,2026-06-18
CUST-000913,2026-07-01,9,31.27,0.319,2026-07-05
CUST-000913,2026-08-01,6,30.17,0.329,2026-08-03
CUST-000914,2026-03-01,27,43.19,0.461,2026-03-22
CUST-000914,2026-04-01,20,45.86,0.485,2026-04-08
CUST-000914,2026-05-01,23,45.04,0.458,2026-05-25
CUST-000914,2026-06-01,24,45.36,0.45,2026-06-24
CUST-000914,2026-07-01,26,43.82,0.516,2026-07-24
CUST-000914,2026-08-01,23,46.39,0.492,2026-08-19
CUST-000915,2026-03-01,18,40.92,0.465,2026-03-15
CUST-000915,2026-04-01,21,34.13,0.522,2026-04-24
CUST-000915,2026-05-01,21,44.57,0.5,2026-05-13
CUST-000915,2026-06-01,24,48.7,0.529,2026-06-03
CUST-000915,2026-07-01,19,43.01,0.535,2026-07-16
CUST-000915,2026-08-01,22,43.94,0.486,2026-08-19
CUST-000916,2026-03-01,12,37.22,0.512,2026-03-12
CUST-000916,2026-04-01,11,32.61,0.47,2026-04-21
CUST-000916,2026-05-01,14,37.24,0.541,2026-05-15
CUST-000916,2026-06-01,13,36.71,0.503,2026-06-01
CUST-000916,2026-07-01,11,40.75,0.513,2026-07-22
CUST-000916,2026-08-01,12,41.09,0.526,2026-08-26
CUST-000917,2026-03-01,13,9.73,0.64,2026-03-25
CUST-000917,2026-04-01,13,11.52,0.582,2026-04-25
CUST-000917,2026-05-01,13,15.29,0.514,2026-05-15
CUST-000917,2026-06-01,9,4.6,0.398,2026-06-03
CUST-000917,2026-07-01,7,10.12,0.355,2026-07-17
CUST-000917,2026-08-01,9,3.53,0.353,2026-08-27
CUST-000918,2026-03-01,10,24.1,0.249,2026-03-24
CUST-000918,2026-04-01,8,19.75,0.201,2026-04-17
CUST-000918,2026-05-01,7,16.66,0.189,2026-05-08
CUST-000918,2026-06-01,5,20.86,0.178,2026-06-22
CUST-000918,2026-07-01,6,15.99,0.213,2026-07-16
CUST-000918,2026-08-01,4,7.5,0.132,2026-08-16
CUST-000919,2026-03-01,8,33.48,0.403,2026-03-12
CUST-000919,2026-04-01,14,33.0,0.411,2026-04-07
CUST-000919,2026-05-01,7,32.2,0.347,2026-05-20
CUST-000919,2026-06-01,11,31.1,0.397,2026-06-01
CUST-000919,2026-07-01,9,37.35,0.406,2026-07-10
CUST-000919,2026-08-01,11,34.33,0.368,2026-08-16
CUST-000920,2026-03-01,15,29.85,0.603,2026-03-17
CUST-000920,2026-04-01,17,31.73,0.59,2026-04-06
CUST-000920,2026-05-01,12,22.86,0.617,2026-05-18
CUST-000920,2026-06-01,14,25.42,0.584,2026-06-19
CUST-000920,2026-07-01,15,24.01,0.529,2026-07-19
CUST-000920,2026-08-01,12,29.73,0.53,2026-08-24
CUST-000921,2026-03-01,19,20.74,0.772,2026-03-24
CUST-000921,2026-04-01,19,18.51,0.712,2026-04-23
CUST-000921,2026-05-01,18,22.52,0.803,2026-05-25
CUST-000921,2026-06-01,16,18.87,0.707,2026-06-11
CUST-000921,2026-07-01,19,21.99,0.78,2026-07-05
CUST-000921,2026-08-01,21,14.54,0.78,2026-08-20
CUST-000922,2026-03-01,16,21.58,0.299,2026-03-22
CUST-000922,2026-04-01,22,25.14,0.414,2026-04-18
CUST-000922,2026-05-01,19,24.08,0.349,2026-05-26
CUST-000922,2026-06-01,21,23.27,0.355,2026-06-20
CUST-000922,2026-07-01,24,20.72,0.428,2026-07-26
CUST-000922,2026-08-01,14,18.95,0.323,2026-08-02
CUST-000923,2026-03-01,19,22.6,0.562,2026-03-19
CUST-000923,2026-04-01,17,23.72,0.526,2026-04-27
CUST-000923,2026-05-01,16,21.61,0.614,2026-05-20
CUST-000923,2026-06-01,15,19.42,0.557,2026-06-08
CUST-000923,2026-07-01,18,23.9,0.572,2026-07-07
CUST-000923,2026-08-01,17,24.92,0.58,2026-08-07
CUST-000924,2026-03-01,12,22.06,0.752,2026-03-08
CUST-000924,2026-04-01,8,18.54,0.646,2026-04-22
CUST-000924,2026-05-01,3,19.93,0.543,2026-05-11
CUST-000924,2026-06-01,7,12.61,0.434,2026-06-27
CUST-000924,2026-07-01,2,14.55,0.375,2026-07-02
CUST-000924,2026-08-01,7,10.06,0.267,2026-08-15
CUST-000925,2026-03-01,14,20.01,0.308,2026-03-06
CUST-000925,2026-04-01,17,19.43,0.278,2026-04-24
CUST-000925,2026-05-01,14,17.69,0.312,2026-05-22
CUST-000925,2026-06-01,13,17.43,0.244,2026-06-14
CUST-000925,2026-07-01,8,13.23,0.199,2026-07-15
CUST-000925,2026-08-01,8,5.55,0.157,2026-08-03
CUST-000926,2026-03-01,25,9.43,0.465,2026-03-24
CUST-000926,2026-04-01,21,10.29,0.367,2026-04-03
CUST-000926,2026-05-01,19,5.97,0.354,2026-05-18
CUST-000926,2026-06-01,13,2.77,0.318,2026-06-14
CUST-000926,2026-07-01,14,4.19,0.242,2026-07-23
CUST-000926,2026-08-01,8,7.39,0.162,2026-08-01
CUST-000927,2026-03-01,14,31.61,0.476,2026-03-22
CUST-000927,2026-04-01,18,37.72,0.541,2026-04-20
CUST-000927,2026-05-01,15,37.03,0.552,2026-05-19
CUST-000927,2026-06-01,17,39.41,0.502,2026-06-05
CUST-000927,2026-07-01,15,33.56,0.499,2026-07-01
CUST-000927,2026-08-01,17,41.64,0.502,2026-08-03
CUST-000928,2026-03-01,11,42.79,0.699,2026-03-03
CUST-000928,2026-04-01,10,37.21,0.714,2026-04-15
CUST-000928,2026-05-01,8,40.02,0.789,2026-05-07
CUST-000928,2026-06-01,8,45.67,0.759,2026-06-21
CUST-000928,2026-07-01,12,42.31,0.735,2026-07-09
CUST-000928,2026-08-01,9,40.5,0.658,2026-08-12
CUST-000929,2026-03-01,16,40.59,0.618,2026-03-01
CUST-000929,2026-04-01,16,37.07,0.541,2026-04-24
CUST-000929,2026-05-01,14,39.04,0.592,2026-05-15
CUST-000929,2026-06-01,19,41.07,0.637,2026-06-24
CUST-000929,2026-07-01,17,46.96,0.606,2026-07-22
CUST-000929,2026-08-01,12,42.47,0.542,2026-08-06
CUST-000930,2026-03-01,11,29.82,0.445,2026-03-05
CUST-000930,2026-04-01,8,33.02,0.44,2026-04-27
CUST-000930,2026-05-01,13,39.89,0.496,2026-05-17
CUST-000930,2026-06-01,12,40.13,0.43,2026-06-09
CUST-000930,2026-07-01,9,37.42,0.452,2026-07-19
CUST-000930,2026-08-01,12,34.99,0.419,2026-08-22
CUST-000931,2026-03-01,6,16.41,0.746,2026-03-15
CUST-000931,2026-04-01,10,15.22,0.793,2026-04-18
CUST-000931,2026-05-01,6,13.52,0.635,2026-05-20
CUST-000931,2026-06-01,11,13.1,0.797,2026-06-05
CUST-000931,2026-07-01,7,13.26,0.834,2026-07-21
CUST-000931,2026-08-01,12,12.75,0.771,2026-08-09
CUST-000932,2026-03-01,16,21.94,0.741,2026-03-23
CUST-000932,2026-04-01,20,22.35,0.628,2026-04-23
CUST-000932,2026-05-01,13,22.56,0.549,2026-05-14
CUST-000932,2026-06-01,14,10.22,0.477,2026-06-22
CUST-000932,2026-07-01,10,9.91,0.353,2026-07-12
CUST-000932,2026-08-01,9,7.58,0.284,2026-08-21
CUST-000933,2026-03-01,23,40.56,0.354,2026-03-06
CUST-000933,2026-04-01,20,33.49,0.3,2026-04-23
CUST-000933,2026-05-01,22,34.78,0.299,2026-05-07
CUST-000933,2026-06-01,20,30.6,0.321,2026-06-18
CUST-000933,2026-07-01,21,32.97,0.265,2026-07-10
CUST-000933,2026-08-01,20,30.29,0.279,2026-08-07
CUST-000934,2026-03-01,18,29.21,0.655,2026-03-06
CUST-000934,2026-04-01,19,33.04,0.737,2026-04-12
CUST-000934,2026-05-01,20,37.19,0.812,2026-05-01
CUST-000934,2026-06-01,22,36.5,0.81,2026-06-19
CUST-000934,2026-07-01,19,35.57,0.793,2026-07-02
CUST-000934,2026-08-01,22,38.04,0.768,2026-08-13
CUST-000935,2026-03-01,21,29.95,0.249,2026-03-04
CUST-000935,2026-04-01,21,39.81,0.353,2026-04-11
CUST-000935,2026-05-01,22,38.32,0.316,2026-05-26
CUST-000935,2026-06-01,23,34.53,0.349,2026-06-18
CUST-000935,2026-07-01,25,31.42,0.343,2026-07-08
CUST-000935,2026-08-01,17,35.54,0.306,2026-08-12
CUST-000936,2026-03-01,12,38.38,0.71,2026-03-11
CUST-000936,2026-04-01,10,35.62,0.586,2026-04-19
CUST-000936,2026-05-01,9,31.71,0.54,2026-05-22
CUST-000936,2026-06-01,12,28.61,0.471,2026-06-03
CUST-000936,2026-07-01,5,14.19,0.41,2026-07-04
CUST-000936,2026-08-01,6,11.11,0.316,2026-08-16
CUST-000937,2026-03-01,17,16.93,0.845,2026-03-03
CUST-000937,2026-04-01,15,14.41,0.848,2026-04-25
CUST-000937,2026-05-01,13,16.45,0.749,2026-05-21
CUST-000937,2026-06-01,15,16.75,0.821,2026-06-25
CUST-000937,2026-07-01,18,17.37,0.806,2026-07-20
CUST-000937,2026-08-01,17,14.67,0.806,2026-08-16
CUST-000938,2026-03-01,14,29.59,0.282,2026-03-03
CUST-000938,2026-04-01,13,29.04,0.267,2026-04-04
CUST-000938,2026-05-01,7,23.69,0.281,2026-05-04
CUST-000938,2026-06-01,8,25.25,0.195,2026-06-20
CUST-000938,2026-07-01,6,12.9,0.189,2026-07-21
CUST-000938,2026-08-01,2,10.7,0.143,2026-08-14
CUST-000939,2026-03-01,10,15.55,0.754,2026-03-19
CUST-000939,2026-04-01,13,16.85,0.647,2026-04-24
CUST-000939,2026-05-01,9,10.24,0.644,2026-05-09
CUST-000939,2026-06-01,13,18.99,0.691,2026-06-16
CUST-000939,2026-07-01,10,19.13,0.759,2026-07-21
CUST-000939,2026-08-01,13,11.83,0.645,2026-08-26
CUST-000940,2026-03-01,15,12.56,0.639,2026-03-08
CUST-000940,2026-04-01,14,10.32,0.588,2026-04-05
CUST-000940,2026-05-01,10,8.65,0.499,2026-05-19
CUST-000940,2026-06-01,9,7.41,0.412,2026-06-02
CUST-000940,2026-07-01,8,5.15,0.337,2026-07-14
CUST-000940,2026-08-01,8,7.23,0.268,2026-08-16
CUST-000941,2026-03-01,10,27.99,0.329,2026-03-22
CUST-000941,2026-04-01,11,25.96,0.371,2026-04-01
CUST-000941,2026-05-01,13,24.09,0.329,2026-05-09
CUST-000941,2026-06-01,6,24.18,0.332,2026-06-10
CUST-000941,2026-07-01,12,23.55,0.373,2026-07-01
CUST-000941,2026-08-01,9,26.53,0.329,2026-08-09
CUST-000942,2026-03-01,23,25.5,0.76,2026-03-12
CUST-000942,2026-04-01,21,29.21,0.755,2026-04-16
CUST-000942,2026-05-01,19,29.76,0.666,2026-05-17
CUST-000942,2026-06-01,17,27.96,0.733,2026-06-19
CUST-000942,2026-07-01,16,27.68,0.644,2026-07-11
CUST-000942,2026-08-01,17,33.02,0.776,2026-08-15
CUST-000943,2026-03-01,26,12.24,0.64,2026-03-15
CUST-000943,2026-04-01,25,10.75,0.579,2026-04-13
CUST-000943,2026-05-01,25,14.54,0.618,2026-05-17
CUST-000943,2026-06-01,27,12.73,0.62,2026-06-20
CUST-000943,2026-07-01,32,19.69,0.668,2026-07-06
CUST-000943,2026-08-01,26,15.4,0.657,2026-08-15
CUST-000944,2026-03-01,14,37.7,0.665,2026-03-04
CUST-000944,2026-04-01,12,30.83,0.577,2026-04-04
CUST-000944,2026-05-01,15,39.74,0.646,2026-05-03
CUST-000944,2026-06-01,12,37.91,0.583,2026-06-12
CUST-000944,2026-07-01,15,32.16,0.554,2026-07-16
CUST-000944,2026-08-01,12,36.49,0.597,2026-08-08
CUST-000945,2026-03-01,23,28.83,0.565,2026-03-16
CUST-000945,2026-04-01,20,29.55,0.476,2026-04-17
CUST-000945,2026-05-01,15,24.98,0.457,2026-05-17
CUST-000945,2026-06-01,18,23.81,0.379,2026-06-02
CUST-000945,2026-07-01,14,16.54,0.251,2026-07-22
CUST-000945,2026-08-01,4,13.49,0.258,2026-08-24
CUST-000946,2026-03-01,23,41.79,0.734,2026-03-02
CUST-000946,2026-04-01,28,38.14,0.701,2026-04-20
CUST-000946,2026-05-01,24,42.0,0.771,2026-05-13
CUST-000946,2026-06-01,23,31.03,0.65,2026-06-27
CUST-000946,2026-07-01,27,41.97,0.802,2026-07-22
CUST-000946,2026-08-01,24,35.77,0.683,2026-08-23
CUST-000947,2026-03-01,22,30.79,0.38,2026-03-10
CUST-000947,2026-04-01,24,34.89,0.34,2026-04-09
CUST-000947,2026-05-01,24,31.7,0.374,2026-05-10
CUST-000947,2026-06-01,20,38.12,0.363,2026-06-19
CUST-000947,2026-07-01,24,33.14,0.356,2026-07-06
CUST-000947,2026-08-01,23,35.9,0.333,2026-08-11
CUST-000948,2026-03-01,21,18.85,0.675,2026-03-07
CUST-000948,2026-04-01,19,14.69,0.756,2026-04-26
CUST-000948,2026-05-01,21,13.7,0.748,2026-05-20
CUST-000948,2026-06-01,28,18.18,0.796,2026-06-27
CUST-000948,2026-07-01,25,24.67,0.871,2026-07-26
CUST-000948,2026-08-01,23,20.97,0.841,2026-08-10
CUST-000949,2026-03-01,19,15.2,0.553,2026-03-27
CUST-000949,2026-04-01,17,9.2,0.509,2026-04-07
CUST-000949,2026-05-01,13,4.43,0.478,2026-05-03
CUST-000949,2026-06-01,19,7.47,0.355,2026-06-06
CUST-000949,2026-07-01,12,0.0,0.312,2026-07-05
CUST-000949,2026-08-01,7,3.28,0.303,2026-08-21
CUST-000950,2026-03-01,19,13.15,0.36,2026-03-20
CUST-000950,2026-04-01,20,19.35,0.36,2026-04-16
CUST-000950,2026-05-01,18,18.66,0.468,2026-05-03
CUST-000950,2026-06-01,23,20.95,0.418,2026-06-10
CUST-000950,2026-07-01,24,23.48,0.454,2026-07-09
CUST-000950,2026-08-01,20,23.05,0.452,2026-08-09
CUST-000951,2026-03-01,17,44.36,0.683,2026-03-07
CUST-000951,2026-04-01,16,42.76,0.679,2026-04-22
CUST-000951,2026-05-01,18,39.46,0.694,2026-05-23
CUST-000951,2026-06-01,16,48.69,0.614,2026-06-01
CUST-000951,2026-07-01,18,41.91,0.608,2026-07-14
CUST-000951,2026-08-01,17,46.72,0.657,2026-08-12
CUST-000952,2026-03-01,17,25.92,0.463,2026-03-12
CUST-000952,2026-04-01,21,21.78,0.384,2026-04-06
CUST-000952,2026-05-01,14,18.85,0.396,2026-05-06
CUST-000952,2026-06-01,14,19.35,0.276,2026-06-26
CUST-000952,2026-07-01,9,15.65,0.232,2026-07-18
CUST-000952,2026-08-01,6,14.44,0.193,2026-08-17
CUST-000953,2026-03-01,14,25.14,0.266,2026-03-11
CUST-000953,2026-04-01,12,20.91,0.241,2026-04-02
CUST-000953,2026-05-01,12,19.35,0.203,2026-05-05
CUST-000953,2026-06-01,10,17.39,0.184,2026-06-04
CUST-000953,2026-07-01,6,13.48,0.176,2026-07-09
CUST-000953,2026-08-01,4,8.59,0.119,2026-08-10
CUST-000954,2026-03-01,15,30.69,0.548,2026-03-17
CUST-000954,2026-04-01,20,30.81,0.516,2026-04-20
CUST-000954,2026-05-01,13,27.7,0.414,2026-05-24
CUST-000954,2026-06-01,14,22.48,0.396,2026-06-16
CUST-000954,2026-07-01,11,17.52,0.335,2026-07-03
CUST-000954,2026-08-01,9,19.13,0.241,2026-08-06
CUST-000955,2026-03-01,15,37.45,0.494,2026-03-11
CUST-000955,2026-04-01,18,46.47,0.519,2026-04-13
CUST-000955,2026-05-01,15,38.87,0.459,2026-05-19
CUST-000955,2026-06-01,14,42.53,0.435,2026-06-16
CUST-000955,2026-07-01,16,46.21,0.541,2026-07-09
CUST-000955,2026-08-01,14,35.83,0.521,2026-08-27
CUST-000956,2026-03-01,19,16.44,0.675,2026-03-08
CUST-000956,2026-04-01,19,16.06,0.819,2026-04-03
CUST-000956,2026-05-01,17,17.38,0.715,2026-05-02
CUST-000956,2026-06-01,16,10.73,0.684,2026-06-11
CUST-000956,2026-07-01,20,16.3,0.807,2026-07-19
CUST-000956,2026-08-01,18,12.02,0.712,2026-08-03
CUST-000957,2026-03-01,16,38.12,0.64,2026-03-21
CUST-000957,2026-04-01,15,36.41,0.609,2026-04-25
CUST-000957,2026-05-01,16,34.61,0.681,2026-05-18
CUST-000957,2026-06-01,17,34.55,0.562,2026-06-11
CUST-000957,2026-07-01,15,47.77,0.65,2026-07-12
CUST-000957,2026-08-01,17,40.95,0.7,2026-08-07
CUST-000958,2026-03-01,18,25.32,0.677,2026-03-22
CUST-000958,2026-04-01,18,25.05,0.566,2026-04-21
CUST-000958,2026-05-01,15,17.86,0.493,2026-05-09
CUST-000958,2026-06-01,14,15.62,0.496,2026-06-10
CUST-000958,2026-07-01,16,5.9,0.398,2026-07-14
CUST-000958,2026-08-01,7,7.37,0.275,2026-08-10
CUST-000959,2026-03-01,9,39.66,0.855,2026-03-23
CUST-000959,2026-04-01,5,41.19,0.75,2026-04-21
CUST-000959,2026-05-01,9,43.18,0.799,2026-05-21
CUST-000959,2026-06-01,11,46.51,0.771,2026-06-22
CUST-000959,2026-07-01,6,46.05,0.808,2026-07-03
CUST-000959,2026-08-01,10,43.78,0.839,2026-08-10
CUST-000960,2026-03-01,17,30.44,0.332,2026-03-25
CUST-000960,2026-04-01,14,30.12,0.294,2026-04-14
CUST-000960,2026-05-01,17,35.84,0.399,2026-05-23
CUST-000960,2026-06-01,14,32.84,0.348,2026-06-07
CUST-000960,2026-07-01,16,33.7,0.336,2026-07-16
CUST-000960,2026-08-01,12,36.32,0.353,2026-08-09
CUST-000961,2026-03-01,10,17.67,0.519,2026-03-22
CUST-000961,2026-04-01,7,17.89,0.416,2026-04-08
CUST-000961,2026-05-01,8,12.52,0.501,2026-05-02
CUST-000961,2026-06-01,12,16.81,0.48,2026-06-04
CUST-000961,2026-07-01,7,17.46,0.435,2026-07-24
CUST-000961,2026-08-01,11,15.55,0.489,2026-08-20
CUST-000962,2026-03-01,11,26.0,0.445,2026-03-20
CUST-000962,2026-04-01,14,33.02,0.5,2026-04-08
CUST-000962,2026-05-01,13,27.02,0.476,2026-05-07
CUST-000962,2026-06-01,11,28.63,0.507,2026-06-16
CUST-000962,2026-07-01,8,21.23,0.483,2026-07-20
CUST-000962,2026-08-01,15,30.38,0.466,2026-08-13
CUST-000963,2026-03-01,23,15.09,0.742,2026-03-24
CUST-000963,2026-04-01,23,16.45,0.73,2026-04-18
CUST-000963,2026-05-01,21,15.92,0.76,2026-05-14
CUST-000963,2026-06-01,19,12.86,0.691,2026-06-07
CUST-000963,2026-07-01,19,18.05,0.811,2026-07-23
CUST-000963,2026-08-01,19,12.85,0.708,2026-08-05
CUST-000964,2026-03-01,16,39.16,0.649,2026-03-27
CUST-000964,2026-04-01,14,31.08,0.558,2026-04-01
CUST-000964,2026-05-01,12,24.65,0.529,2026-05-22
CUST-000964,2026-06-01,10,21.43,0.476,2026-06-23
CUST-000964,2026-07-01,7,17.46,0.386,2026-07-06
CUST-000964,2026-08-01,9,15.68,0.282,2026-08-22
CUST-000965,2026-03-01,10,13.77,0.724,2026-03-04
CUST-000965,2026-04-01,12,20.01,0.803,2026-04-17
CUST-000965,2026-05-01,13,13.29,0.788,2026-05-10
CUST-000965,2026-06-01,13,10.86,0.727,2026-06-21
CUST-000965,2026-07-01,11,14.6,0.761,2026-07-09
CUST-000965,2026-08-01,9,15.89,0.69,2026-08-03
CUST-000966,2026-03-01,12,12.05,0.38,2026-03-01
CUST-000966,2026-04-01,13,13.94,0.372,2026-04-01
CUST-000966,2026-05-01,8,19.31,0.3,2026-05-05
CUST-000966,2026-06-01,11,10.05,0.254,2026-06-21
CUST-000966,2026-07-01,9,4.25,0.284,2026-07-04
CUST-000966,2026-08-01,5,2.37,0.151,2026-08-02
CUST-000967,2026-03-01,13,29.81,0.497,2026-03-25
CUST-000967,2026-04-01,10,21.66,0.489,2026-04-23
CUST-000967,2026-05-01,8,23.4,0.497,2026-05-02
CUST-000967,2026-06-01,10,19.36,0.456,2026-06-16
CUST-000967,2026-07-01,11,18.15,0.412,2026-07-04
CUST-000967,2026-08-01,12,19.8,0.439,2026-08-09
CUST-000968,2026-03-01,15,15.94,0.688,2026-03-08
CUST-000968,2026-04-01,11,7.92,0.608,2026-04-23
CUST-000968,2026-05-01,9,9.4,0.56,2026-05-01
CUST-000968,2026-06-01,7,11.85,0.467,2026-06-04
CUST-000968,2026-07-01,6,5.84,0.389,2026-07-20
CUST-000968,2026-08-01,3,12.53,0.264,2026-08-13
CUST-000969,2026-03-01,12,45.52,0.717,2026-03-20
CUST-000969,2026-04-01,9,48.55,0.704,2026-04-19
CUST-000969,2026-05-01,8,38.12,0.665,2026-05-23
CUST-000969,2026-06-01,5,44.53,0.66,2026-06-02
CUST-000969,2026-07-01,8,42.42,0.679,2026-07-20
CUST-000969,2026-08-01,10,40.17,0.637,2026-08-23
CUST-000970,2026-03-01,21,16.04,0.337,2026-03-07
CUST-000970,2026-04-01,18,14.69,0.39,2026-04-01
CUST-000970,2026-05-01,18,12.17,0.311,2026-05-02
CUST-000970,2026-06-01,19,11.13,0.371,2026-06-07
CUST-000970,2026-07-01,21,13.25,0.346,2026-07-10
CUST-000970,2026-08-01,21,13.85,0.314,2026-08-23
CUST-000971,2026-03-01,23,31.11,0.503,2026-03-03
CUST-000971,2026-04-01,23,27.37,0.392,2026-04-24
CUST-000971,2026-05-01,25,27.06,0.405,2026-05-16
CUST-000971,2026-06-01,20,24.38,0.472,2026-06-26
CUST-000971,2026-07-01,20,26.63,0.392,2026-07-13
CUST-000971,2026-08-01,21,30.57,0.428,2026-08-01
CUST-000972,2026-03-01,20,35.6,0.52,2026-03-11
CUST-000972,2026-04-01,16,26.57,0.482,2026-04-16
CUST-000972,2026-05-01,16,23.97,0.448,2026-05-08
CUST-000972,2026-06-01,13,23.05,0.342,2026-06-20
CUST-000972,2026-07-01,5,19.65,0.324,2026-07-07
CUST-000972,2026-08-01,10,12.67,0.256,2026-08-25
CUST-000973,2026-03-01,10,11.26,0.453,2026-03-08
CUST-000973,2026-04-01,5,12.41,0.437,2026-04-22
CUST-000973,2026-05-01,5,6.33,0.293,2026-05-22
CUST-000973,2026-06-01,3,3.82,0.246,2026-06-08
CUST-000973,2026-07-01,4,10.63,0.227,2026-07-02
CUST-000973,2026-08-01,5,4.28,0.188,2026-08-18
CUST-000974,2026-03-01,8,43.51,0.44,2026-03-18
CUST-000974,2026-04-01,9,42.9,0.446,2026-04-19
CUST-000974,2026-05-01,10,38.4,0.365,2026-05-27
CUST-000974,2026-06-01,11,42.16,0.43,2026-06-15
CUST-000974,2026-07-01,10,42.85,0.501,2026-07-06
CUST-000974,2026-08-01,7,40.19,0.5,2026-08-10
CUST-000975,2026-03-01,22,32.96,0.469,2026-03-02
CUST-000975,2026-04-01,22,30.94,0.511,2026-04-03
CUST-000975,2026-05-01,23,40.47,0.498,2026-05-20
CUST-000975,2026-06-01,23,31.78,0.525,2026-06-17
CUST-000975,2026-07-01,22,30.96,0.552,2026-07-10
CUST-000975,2026-08-01,20,33.39,0.452,2026-08-26
CUST-000976,2026-03-01,24,25.53,0.743,2026-03-27
CUST-000976,2026-04-01,21,26.06,0.694,2026-04-03
CUST-000976,2026-05-01,21,26.75,0.647,2026-05-25
CUST-000976,2026-06-01,21,19.29,0.683,2026-06-02
CUST-000976,2026-07-01,23,22.38,0.772,2026-07-25
CUST-000976,2026-08-01,23,23.44,0.713,2026-08-02
CUST-000977,2026-03-01,19,38.58,0.374,2026-03-17
CUST-000977,2026-04-01,19,40.21,0.331,2026-04-18
CUST-000977,2026-05-01,20,41.43,0.31,2026-05-20
CUST-000977,2026-06-01,23,44.22,0.363,2026-06-05
CUST-000977,2026-07-01,22,38.86,0.349,2026-07-01
CUST-000977,2026-08-01,22,37.68,0.327,2026-08-09
CUST-000978,2026-03-01,17,23.46,0.326,2026-03-06
CUST-000978,2026-04-01,19,17.87,0.32,2026-04-12
CUST-000978,2026-05-01,18,16.89,0.276,2026-05-02
CUST-000978,2026-06-01,14,14.68,0.209,2026-06-22
CUST-000978,2026-07-01,14,8.2,0.215,2026-07-14
CUST-000978,2026-08-01,9,10.91,0.118,2026-08-21
CUST-000979,2026-03-01,19,40.2,0.531,2026-03-06
CUST-000979,2026-04-01,27,40.43,0.635,2026-04-21
CUST-000979,2026-05-01,29,40.74,0.635,2026-05-15
CUST-000979,2026-06-01,27,41.12,0.632,2026-06-07
CUST-000979,2026-07-01,21,35.74,0.607,2026-07-23
CUST-000979,2026-08-01,26,43.34,0.666,2026-08-09
CUST-000980,2026-03-01,11,17.29,0.45,2026-03-03
CUST-000980,2026-04-01,10,21.83,0.376,2026-04-23
CUST-000980,2026-05-01,10,13.39,0.29,2026-05-13
CUST-000980,2026-06-01,10,10.94,0.263,2026-06-18
CUST-000980,2026-07-01,6,8.61,0.267,2026-07-02
CUST-000980,2026-08-01,5,9.44,0.214,2026-08-10
CUST-000981,2026-03-01,9,16.32,0.436,2026-03-15
CUST-000981,2026-04-01,7,20.81,0.445,2026-04-02
CUST-000981,2026-05-01,10,23.58,0.491,2026-05-13
CUST-000981,2026-06-01,8,18.25,0.363,2026-06-10
CUST-000981,2026-07-01,9,25.29,0.393,2026-07-25
CUST-000981,2026-08-01,12,12.97,0.549,2026-08-15
CUST-000982,2026-03-01,20,22.77,0.376,2026-03-10
CUST-000982,2026-04-01,17,25.08,0.321,2026-04-24
CUST-000982,2026-05-01,15,18.84,0.31,2026-05-10
CUST-000982,2026-06-01,20,20.89,0.337,2026-06-07
CUST-000982,2026-07-01,16,25.79,0.322,2026-07-20
CUST-000982,2026-08-01,19,21.49,0.398,2026-08-05
CUST-000983,2026-03-01,14,22.83,0.673,2026-03-24
CUST-000983,2026-04-01,14,27.25,0.771,2026-04-16
CUST-000983,2026-05-01,17,27.43,0.843,2026-05-25
CUST-000983,2026-06-01,18,22.81,0.75,2026-06-01
CUST-000983,2026-07-01,14,29.01,0.71,2026-07-15
CUST-000983,2026-08-01,18,28.02,0.755,2026-08-07
CUST-000984,2026-03-01,19,28.18,0.779,2026-03-21
CUST-000984,2026-04-01,19,27.78,0.848,2026-04-02
CUST-000984,2026-05-01,18,30.6,0.815,2026-05-11
CUST-000984,2026-06-01,18,21.7,0.755,2026-06-05
CUST-000984,2026-07-01,20,28.45,0.835,2026-07-10
CUST-000984,2026-08-01,18,25.67,0.843,2026-08-06
CUST-000985,2026-03-01,19,26.84,0.358,2026-03-01
CUST-000985,2026-04-01,17,13.66,0.304,2026-04-12
CUST-000985,2026-05-01,17,17.37,0.284,2026-05-04
CUST-000985,2026-06-01,9,9.29,0.233,2026-06-27
CUST-000985,2026-07-01,11,9.53,0.209,2026-07-13
CUST-000985,2026-08-01,12,11.12,0.174,2026-08-22
CUST-000986,2026-03-01,12,40.73,0.838,2026-03-26
CUST-000986,2026-04-01,13,43.88,0.8,2026-04-19
CUST-000986,2026-05-01,10,35.46,0.673,2026-05-24
CUST-000986,2026-06-01,14,41.61,0.814,2026-06-07
CUST-000986,2026-07-01,12,41.41,0.857,2026-07-17
CUST-000986,2026-08-01,14,42.61,0.851,2026-08-11
CUST-000987,2026-03-01,18,20.78,0.488,2026-03-19
CUST-000987,2026-04-01,22,26.62,0.495,2026-04-17
CUST-000987,2026-05-01,20,29.26,0.518,2026-05-05
CUST-000987,2026-06-01,22,31.55,0.519,2026-06-20
CUST-000987,2026-07-01,20,21.8,0.483,2026-07-16
CUST-000987,2026-08-01,15,24.55,0.481,2026-08-02
CUST-000988,2026-03-01,22,25.77,0.455,2026-03-15
CUST-000988,2026-04-01,19,24.28,0.427,2026-04-05
CUST-000988,2026-05-01,21,26.82,0.384,2026-05-01
CUST-000988,2026-06-01,22,27.57,0.461,2026-06-25
CUST-000988,2026-07-01,19,30.85,0.437,2026-07-16
CUST-000988,2026-08-01,21,17.68,0.445,2026-08-18
CUST-000989,2026-03-01,22,16.27,0.309,2026-03-05
CUST-000989,2026-04-01,17,19.6,0.265,2026-04-20
CUST-000989,2026-05-01,15,8.98,0.217,2026-05-26
CUST-000989,2026-06-01,13,15.35,0.179,2026-06-09
CUST-000989,2026-07-01,12,4.84,0.225,2026-07-11
CUST-000989,2026-08-01,13,6.17,0.06,2026-08-17
CUST-000990,2026-03-01,13,30.3,0.507,2026-03-21
CUST-000990,2026-04-01,11,31.37,0.458,2026-04-08
CUST-000990,2026-05-01,11,25.77,0.461,2026-05-09
CUST-000990,2026-06-01,11,22.29,0.447,2026-06-17
CUST-000990,2026-07-01,12,27.33,0.415,2026-07-12
CUST-000990,2026-08-01,12,26.23,0.45,2026-08-10
CUST-000991,2026-03-01,9,23.27,0.401,2026-03-24
CUST-000991,2026-04-01,7,24.82,0.347,2026-04-27
CUST-000991,2026-05-01,13,23.12,0.366,2026-05-07
CUST-000991,2026-06-01,8,24.49,0.355,2026-06-01
CUST-000991,2026-07-01,8,26.6,0.41,2026-07-26
CUST-000991,2026-08-01,6,26.33,0.363,2026-08-26
CUST-000992,2026-03-01,13,40.88,0.587,2026-03-02
CUST-000992,2026-04-01,10,37.34,0.607,2026-04-11
CUST-000992,2026-05-01,10,48.66,0.715,2026-05-17
CUST-000992,2026-06-01,12,41.31,0.645,2026-06-27
CUST-000992,2026-07-01,9,41.77,0.619,2026-07-09
CUST-000992,2026-08-01,10,43.67,0.659,2026-08-01
CUST-000993,2026-03-01,24,51.57,0.329,2026-03-03
CUST-000993,2026-04-01,25,39.9,0.308,2026-04-15
CUST-000993,2026-05-01,26,47.47,0.365,2026-05-01
CUST-000993,2026-06-01,18,38.67,0.316,2026-06-06
CUST-000993,2026-07-01,21,40.57,0.294,2026-07-05
CUST-000993,2026-08-01,24,44.58,0.285,2026-08-09
CUST-000994,2026-03-01,10,17.84,0.661,2026-03-20
CUST-000994,2026-04-01,12,21.32,0.597,2026-04-19
CUST-000994,2026-05-01,16,24.62,0.677,2026-05-02
CUST-000994,2026-06-01,10,27.03,0.625,2026-06-13
CUST-000994,2026-07-01,15,22.76,0.664,2026-07-11
CUST-000994,2026-08-01,13,17.12,0.614,2026-08-06
CUST-000995,2026-03-01,20,45.23,0.486,2026-03-03
CUST-000995,2026-04-01,21,48.7,0.464,2026-04-12
CUST-000995,2026-05-01,18,38.91,0.461,2026-05-16
CUST-000995,2026-06-01,14,36.17,0.445,2026-06-10
CUST-000995,2026-07-01,19,44.3,0.457,2026-07-25
CUST-000995,2026-08-01,15,38.0,0.405,2026-08-15
CUST-000996,2026-03-01,13,18.28,0.58,2026-03-02
CUST-000996,2026-04-01,18,13.76,0.61,2026-04-26
CUST-000996,2026-05-01,20,14.44,0.651,2026-05-09
CUST-000996,2026-06-01,17,15.12,0.572,2026-06-09
CUST-000996,2026-07-01,15,10.49,0.536,2026-07-19
CUST-000996,2026-08-01,18,14.73,0.582,2026-08-07
CUST-000997,2026-03-01,12,21.32,0.511,2026-03-20
CUST-000997,2026-04-01,12,19.4,0.416,2026-04-25
CUST-000997,2026-05-01,15,25.89,0.502,2026-05-24
CUST-000997,2026-06-01,15,18.27,0.472,2026-06-02
CUST-000997,2026-07-01,14,23.39,0.566,2026-07-18
CUST-000997,2026-08-01,16,14.98,0.505,2026-08-21
CUST-000998,2026-03-01,14,41.81,0.671,2026-03-06
CUST-000998,2026-04-01,14,42.05,0.656,2026-04-18
CUST-000998,2026-05-01,15,43.49,0.743,2026-05-27
CUST-000998,2026-06-01,17,44.92,0.758,2026-06-14
CUST-000998,2026-07-01,12,45.22,0.639,2026-07-20
CUST-000998,2026-08-01,16,44.64,0.753,2026-08-04
CUST-000999,2026-03-01,13,15.81,0.324,2026-03-04
CUST-000999,2026-04-01,11,12.87,0.372,2026-04-01
CUST-000999,2026-05-01,14,10.93,0.398,2026-05-26
CUST-000999,2026-06-01,13,12.02,0.318,2026-06-07
CUST-000999,2026-07-01,15,17.26,0.298,2026-07-07
CUST-000999,2026-08-01,14,11.35,0.281,2026-08-03
CUST-001000,2026-03-01,19,16.85,0.386,2026-03-02
CUST-001000,2026-04-01,17,16.91,0.388,2026-04-16
CUST-001000,2026-05-01,14,9.45,0.334,2026-05-18
CUST-001000,2026-06-01,10,9.26,0.28,2026-06-17
CUST-001000,2026-07-01,10,5.8,0.235,2026-07-03
CUST-001000,2026-08-01,8,6.94,0.122,2026-08-10
CUST-001001,2026-03-01,13,40.26,0.688,2026-03-18
CUST-001001,2026-04-01,11,33.1,0.608,2026-04-04
CUST-001001,2026-05-01,11,29.77,0.534,2026-05-13
CUST-001001,2026-06-01,9,25.49,0.432,2026-06-23
CUST-001001,2026-07-01,6,21.09,0.344,2026-07-01
CUST-001001,2026-08-01,8,19.83,0.273,2026-08-17
CUST-001002,2026-03-01,9,19.45,0.421,2026-03-11
CUST-001002,2026-04-01,8,19.69,0.357,2026-04-17
CUST-001002,2026-05-01,7,16.21,0.284,2026-05-23
CUST-001002,2026-06-01,5,12.06,0.29,2026-06-11
CUST-001002,2026-07-01,5,11.94,0.214,2026-07-23
CUST-001002,2026-08-01,4,12.67,0.193,2026-08-03
CUST-001003,2026-03-01,17,12.01,0.669,2026-03-01
CUST-001003,2026-04-01,18,20.28,0.715,2026-04-26
CUST-001003,2026-05-01,13,16.19,0.719,2026-05-22
CUST-001003,2026-06-01,16,16.81,0.736,2026-06-01
CUST-001003,2026-07-01,19,19.24,0.765,2026-07-16
CUST-001003,2026-08-01,16,16.31,0.72,2026-08-21
CUST-001004,2026-03-01,21,9.48,0.683,2026-03-19
CUST-001004,2026-04-01,19,13.41,0.792,2026-04-05
CUST-001004,2026-05-01,22,12.19,0.809,2026-05-19
CUST-001004,2026-06-01,22,9.95,0.768,2026-06-15
CUST-001004,2026-07-01,17,13.01,0.692,2026-07-04
CUST-001004,2026-08-01,20,11.32,0.749,2026-08-15
CUST-001005,2026-03-01,19,28.44,0.433,2026-03-13
CUST-001005,2026-04-01,18,32.61,0.435,2026-04-14
CUST-001005,2026-05-01,21,23.77,0.379,2026-05-15
CUST-001005,2026-06-01,23,26.02,0.392,2026-06-25
CUST-001005,2026-07-01,23,35.53,0.436,2026-07-12
CUST-001005,2026-08-01,25,28.17,0.362,2026-08-16
CUST-001006,2026-03-01,21,41.31,0.499,2026-03-22
CUST-001006,2026-04-01,14,31.98,0.45,2026-04-03
CUST-001006,2026-05-01,17,27.97,0.442,2026-05-11
CUST-001006,2026-06-01,20,35.29,0.489,2026-06-03
CUST-001006,2026-07-01,20,35.23,0.47,2026-07-11
CUST-001006,2026-08-01,18,38.03,0.507,2026-08-15
CUST-001007,2026-03-01,14,9.84,0.428,2026-03-01
CUST-001007,2026-04-01,17,13.68,0.464,2026-04-26
CUST-001007,2026-05-01,14,11.68,0.496,2026-05-24
CUST-001007,2026-06-01,15,8.82,0.433,2026-06-17
CUST-001007,2026-07-01,20,12.49,0.449,2026-07-11
CUST-001007,2026-08-01,17,8.19,0.43,2026-08-04
CUST-001008,2026-03-01,16,19.38,0.368,2026-03-08
CUST-001008,2026-04-01,11,9.9,0.249,2026-04-19
CUST-001008,2026-05-01,13,18.33,0.312,2026-05-18
CUST-001008,2026-06-01,19,18.21,0.311,2026-06-26
CUST-001008,2026-07-01,15,22.99,0.31,2026-07-12
CUST-001008,2026-08-01,13,13.85,0.303,2026-08-12
CUST-001009,2026-03-01,16,34.3,0.485,2026-03-01
CUST-001009,2026-04-01,19,34.34,0.457,2026-04-02
CUST-001009,2026-05-01,24,36.52,0.468,2026-05-12
CUST-001009,2026-06-01,24,38.99,0.518,2026-06-12
CUST-001009,2026-07-01,21,40.01,0.46,2026-07-22
CUST-001009,2026-08-01,18,34.67,0.502,2026-08-27
CUST-001010,2026-03-01,17,5.86,0.461,2026-03-19
CUST-001010,2026-04-01,13,9.18,0.401,2026-04-15
CUST-001010,2026-05-01,13,11.87,0.359,2026-05-10
CUST-001010,2026-06-01,5,8.88,0.315,2026-06-24
CUST-001010,2026-07-01,9,9.08,0.217,2026-07-25
CUST-001010,2026-08-01,5,7.77,0.17,2026-08-01
CUST-001011,2026-03-01,23,25.14,0.367,2026-03-21
CUST-001011,2026-04-01,22,20.38,0.412,2026-04-14
CUST-001011,2026-05-01,20,18.6,0.382,2026-05-23
CUST-001011,2026-06-01,18,20.08,0.319,2026-06-19
CUST-001011,2026-07-01,21,23.51,0.293,2026-07-16
CUST-001011,2026-08-01,22,24.37,0.427,2026-08-02
CUST-001012,2026-03-01,14,37.36,0.663,2026-03-11
CUST-001012,2026-04-01,12,36.7,0.653,2026-04-25
CUST-001012,2026-05-01,11,36.27,0.658,2026-05-26
CUST-001012,2026-06-01,11,32.2,0.663,2026-06-13
CUST-001012,2026-07-01,12,35.23,0.721,2026-07-15
CUST-001012,2026-08-01,14,35.95,0.719,2026-08-17
CUST-001013,2026-03-01,12,33.03,0.301,2026-03-15
CUST-001013,2026-04-01,10,30.43,0.237,2026-04-23
CUST-001013,2026-05-01,13,28.52,0.219,2026-05-02
CUST-001013,2026-06-01,6,25.5,0.212,2026-06-17
CUST-001013,2026-07-01,5,18.17,0.217,2026-07-02
CUST-001013,2026-08-01,4,9.19,0.149,2026-08-03
CUST-001014,2026-03-01,19,23.59,0.545,2026-03-23
CUST-001014,2026-04-01,22,20.18,0.642,2026-04-15
CUST-001014,2026-05-01,20,20.9,0.655,2026-05-16
CUST-001014,2026-06-01,22,21.03,0.586,2026-06-12
CUST-001014,2026-07-01,20,15.52,0.594,2026-07-23
CUST-001014,2026-08-01,21,19.88,0.606,2026-08-27
CUST-001015,2026-03-01,8,11.82,0.418,2026-03-01
CUST-001015,2026-04-01,6,2.63,0.395,2026-04-08
CUST-001015,2026-05-01,2,5.47,0.348,2026-05-19
CUST-001015,2026-06-01,3,9.44,0.302,2026-06-04
CUST-001015,2026-07-01,3,6.68,0.29,2026-07-24
CUST-001015,2026-08-01,5,3.39,0.18,2026-08-07
CUST-001016,2026-03-01,9,36.22,0.584,2026-03-11
CUST-001016,2026-04-01,8,39.19,0.453,2026-04-26
CUST-001016,2026-05-01,7,42.48,0.521,2026-05-13
CUST-001016,2026-06-01,7,37.63,0.561,2026-06-09
CUST-001016,2026-07-01,10,39.49,0.48,2026-07-23
CUST-001016,2026-08-01,5,40.41,0.559,2026-08-04
CUST-001017,2026-03-01,25,34.06,0.729,2026-03-24
CUST-001017,2026-04-01,29,36.79,0.765,2026-04-27
CUST-001017,2026-05-01,23,36.28,0.696,2026-05-23
CUST-001017,2026-06-01,27,36.22,0.745,2026-06-22
CUST-001017,2026-07-01,21,31.9,0.634,2026-07-14
CUST-001017,2026-08-01,23,34.17,0.705,2026-08-03
CUST-001018,2026-03-01,20,30.85,0.363,2026-03-06
CUST-001018,2026-04-01,18,34.43,0.343,2026-04-27
CUST-001018,2026-05-01,22,41.46,0.403,2026-05-03
CUST-001018,2026-06-01,20,33.94,0.373,2026-06-12
CUST-001018,2026-07-01,22,36.61,0.384,2026-07-27
CUST-001018,2026-08-01,22,30.06,0.306,2026-08-27
CUST-001019,2026-03-01,13,28.34,0.543,2026-03-09
CUST-001019,2026-04-01,11,20.99,0.444,2026-04-04
CUST-001019,2026-05-01,14,18.88,0.438,2026-05-27
CUST-001019,2026-06-01,9,17.22,0.315,2026-06-09
CUST-001019,2026-07-01,9,12.7,0.315,2026-07-14
CUST-001019,2026-08-01,6,8.97,0.213,2026-08-22
CUST-001020,2026-03-01,16,34.7,0.283,2026-03-17
CUST-001020,2026-04-01,13,32.52,0.232,2026-04-01
CUST-001020,2026-05-01,14,28.22,0.25,2026-05-06
CUST-001020,2026-06-01,6,25.87,0.194,2026-06-16
CUST-001020,2026-07-01,10,17.58,0.194,2026-07-11
CUST-001020,2026-08-01,7,16.84,0.128,2026-08-20
CUST-001021,2026-03-01,18,47.71,0.498,2026-03-13
CUST-001021,2026-04-01,16,47.32,0.493,2026-04-20
CUST-001021,2026-05-01,14,40.37,0.435,2026-05-11
CUST-001021,2026-06-01,14,44.02,0.455,2026-06-11
CUST-001021,2026-07-01,14,32.63,0.442,2026-07-05
CUST-001021,2026-08-01,14,43.91,0.43,2026-08-06
CUST-001022,2026-03-01,18,31.05,0.413,2026-03-16
CUST-001022,2026-04-01,18,30.29,0.405,2026-04-20
CUST-001022,2026-05-01,22,27.9,0.45,2026-05-11
CUST-001022,2026-06-01,24,33.38,0.438,2026-06-24
CUST-001022,2026-07-01,21,27.94,0.425,2026-07-13
CUST-001022,2026-08-01,18,33.26,0.398,2026-08-22
CUST-001023,2026-03-01,13,18.8,0.365,2026-03-18
CUST-001023,2026-04-01,12,24.24,0.365,2026-04-04
CUST-001023,2026-05-01,10,23.21,0.352,2026-05-23
CUST-001023,2026-06-01,14,24.07,0.408,2026-06-12
CUST-001023,2026-07-01,9,14.91,0.299,2026-07-08
CUST-001023,2026-08-01,9,19.13,0.325,2026-08-24
CUST-001024,2026-03-01,11,5.76,0.539,2026-03-18
CUST-001024,2026-04-01,9,4.75,0.503,2026-04-02
CUST-001024,2026-05-01,9,3.73,0.439,2026-05-18
CUST-001024,2026-06-01,10,0.0,0.352,2026-06-06
CUST-001024,2026-07-01,4,4.01,0.353,2026-07-05
CUST-001024,2026-08-01,4,2.29,0.298,2026-08-22
CUST-001025,2026-03-01,25,29.28,0.287,2026-03-20
CUST-001025,2026-04-01,20,36.0,0.294,2026-04-17
CUST-001025,2026-05-01,27,45.27,0.345,2026-05-05
CUST-001025,2026-06-01,28,37.27,0.32,2026-06-26
CUST-001025,2026-07-01,24,37.43,0.354,2026-07-20
CUST-001025,2026-08-01,25,39.85,0.367,2026-08-20
CUST-001026,2026-03-01,6,30.91,0.696,2026-03-23
CUST-001026,2026-04-01,7,27.36,0.711,2026-04-26
CUST-001026,2026-05-01,3,19.77,0.567,2026-05-11
CUST-001026,2026-06-01,7,18.62,0.506,2026-06-05
CUST-001026,2026-07-01,4,17.57,0.371,2026-07-15
CUST-001026,2026-08-01,0,10.63,0.277,2026-08-27
CUST-001027,2026-03-01,12,22.66,0.505,2026-03-01
CUST-001027,2026-04-01,13,22.43,0.476,2026-04-04
CUST-001027,2026-05-01,12,15.97,0.462,2026-05-17
CUST-001027,2026-06-01,14,22.95,0.45,2026-06-14
CUST-001027,2026-07-01,12,26.49,0.435,2026-07-01
CUST-001027,2026-08-01,16,19.89,0.544,2026-08-04
CUST-001028,2026-03-01,14,17.47,0.623,2026-03-05
CUST-001028,2026-04-01,12,14.37,0.586,2026-04-15
CUST-001028,2026-05-01,14,11.25,0.48,2026-05-22
CUST-001028,2026-06-01,9,9.68,0.433,2026-06-16
CUST-001028,2026-07-01,7,5.81,0.368,2026-07-03
CUST-001028,2026-08-01,5,9.57,0.29,2026-08-23
CUST-001029,2026-03-01,15,34.97,0.787,2026-03-27
CUST-001029,2026-04-01,12,30.18,0.775,2026-04-20
CUST-001029,2026-05-01,11,34.18,0.831,2026-05-20
CUST-001029,2026-06-01,15,42.63,0.868,2026-06-27
CUST-001029,2026-07-01,13,36.42,0.843,2026-07-08
CUST-001029,2026-08-01,13,28.71,0.724,2026-08-09
CUST-001030,2026-03-01,10,19.42,0.607,2026-03-08
CUST-001030,2026-04-01,10,16.07,0.604,2026-04-19
CUST-001030,2026-05-01,12,7.73,0.467,2026-05-20
CUST-001030,2026-06-01,7,7.65,0.43,2026-06-02
CUST-001030,2026-07-01,7,4.21,0.336,2026-07-08
CUST-001030,2026-08-01,5,5.39,0.324,2026-08-19
CUST-001031,2026-03-01,9,34.05,0.724,2026-03-20
CUST-001031,2026-04-01,11,37.31,0.647,2026-04-09
CUST-001031,2026-05-01,7,37.95,0.694,2026-05-23
CUST-001031,2026-06-01,10,35.57,0.604,2026-06-09
CUST-001031,2026-07-01,11,34.94,0.72,2026-07-10
CUST-001031,2026-08-01,12,38.73,0.678,2026-08-07
CUST-001032,2026-03-01,15,20.89,0.354,2026-03-27
CUST-001032,2026-04-01,17,16.68,0.413,2026-04-08
CUST-001032,2026-05-01,13,15.64,0.379,2026-05-18
CUST-001032,2026-06-01,16,13.63,0.384,2026-06-22
CUST-001032,2026-07-01,11,18.32,0.361,2026-07-02
CUST-001032,2026-08-01,14,21.81,0.423,2026-08-04
CUST-001033,2026-03-01,5,16.31,0.463,2026-03-27
CUST-001033,2026-04-01,6,17.28,0.369,2026-04-02
CUST-001033,2026-05-01,2,12.09,0.337,2026-05-20
CUST-001033,2026-06-01,5,13.64,0.319,2026-06-23
CUST-001033,2026-07-01,6,10.75,0.209,2026-07-15
CUST-001033,2026-08-01,1,4.96,0.197,2026-08-20
CUST-001034,2026-03-01,13,31.02,0.746,2026-03-07
CUST-001034,2026-04-01,17,29.52,0.751,2026-04-14
CUST-001034,2026-05-01,13,25.75,0.66,2026-05-05
CUST-001034,2026-06-01,12,20.26,0.656,2026-06-24
CUST-001034,2026-07-01,13,29.39,0.661,2026-07-06
CUST-001034,2026-08-01,15,26.49,0.674,2026-08-22
CUST-001035,2026-03-01,11,26.16,0.414,2026-03-07
CUST-001035,2026-04-01,10,25.93,0.404,2026-04-07
CUST-001035,2026-05-01,9,23.29,0.386,2026-05-07
CUST-001035,2026-06-01,11,20.78,0.321,2026-06-10
CUST-001035,2026-07-01,10,14.37,0.236,2026-07-25
CUST-001035,2026-08-01,5,13.18,0.198,2026-08-03
CUST-001036,2026-03-01,12,34.05,0.339,2026-03-19
CUST-001036,2026-04-01,8,31.22,0.295,2026-04-04
CUST-001036,2026-05-01,13,27.04,0.314,2026-05-04
CUST-001036,2026-06-01,10,33.19,0.307,2026-06-12
CUST-001036,2026-07-01,12,35.31,0.291,2026-07-26
CUST-001036,2026-08-01,9,35.44,0.301,2026-08-18
CUST-001037,2026-03-01,19,29.72,0.844,2026-03-07
CUST-001037,2026-04-01,18,24.9,0.765,2026-04-16
CUST-001037,2026-05-01,15,30.33,0.834,2026-05-27
CUST-001037,2026-06-01,18,29.38,0.825,2026-06-08
CUST-001037,2026-07-01,14,21.57,0.722,2026-07-07
CUST-001037,2026-08-01,13,23.18,0.696,2026-08-27
CUST-001038,2026-03-01,13,33.46,0.414,2026-03-04
CUST-001038,2026-04-01,17,30.92,0.363,2026-04-04
CUST-001038,2026-05-01,6,27.85,0.264,2026-05-01
CUST-001038,2026-06-01,10,25.65,0.258,2026-06-23
CUST-001038,2026-07-01,8,21.41,0.203,2026-07-18
CUST-001038,2026-08-01,7,15.1,0.232,2026-08-07
CUST-001039,2026-03-01,10,36.06,0.677,2026-03-14
CUST-001039,2026-04-01,7,34.69,0.797,2026-04-03
CUST-001039,2026-05-01,10,30.14,0.755,2026-05-16
CUST-001039,2026-06-01,9,37.08,0.794,2026-06-22
CUST-001039,2026-07-01,6,31.27,0.701,2026-07-22
CUST-001039,2026-08-01,10,29.55,0.685,2026-08-03
CUST-001040,2026-03-01,13,18.9,0.729,2026-03-10
CUST-001040,2026-04-01,10,15.37,0.552,2026-04-01
CUST-001040,2026-05-01,8,17.8,0.521,2026-05-13
CUST-001040,2026-06-01,6,14.84,0.441,2026-06-13
CUST-001040,2026-07-01,7,8.3,0.329,2026-07-14
CUST-001040,2026-08-01,7,6.86,0.306,2026-08-26
CUST-001041,2026-03-01,7,13.79,0.314,2026-03-11
CUST-001041,2026-04-01,10,13.68,0.371,2026-04-07
CUST-001041,2026-05-01,11,14.95,0.349,2026-05-13
CUST-001041,2026-06-01,7,13.8,0.313,2026-06-17
CUST-001041,2026-07-01,14,9.39,0.288,2026-07-13
CUST-001041,2026-08-01,8,16.82,0.357,2026-08-19
CUST-001042,2026-03-01,11,48.4,0.754,2026-03-22
CUST-001042,2026-04-01,11,42.38,0.784,2026-04-17
CUST-001042,2026-05-01,12,41.68,0.822,2026-05-20
CUST-001042,2026-06-01,12,43.89,0.856,2026-06-11
CUST-001042,2026-07-01,9,39.91,0.77,2026-07-25
CUST-001042,2026-08-01,8,42.26,0.729,2026-08-23
CUST-001043,2026-03-01,7,18.47,0.791,2026-03-18
CUST-001043,2026-04-01,9,18.05,0.753,2026-04-05
CUST-001043,2026-05-01,15,23.28,0.861,2026-05-03
CUST-001043,2026-06-01,7,13.44,0.737,2026-06-11
CUST-001043,2026-07-01,13,24.57,0.864,2026-07-07
CUST-001043,2026-08-01,11,23.64,0.799,2026-08-25
CUST-001044,2026-03-01,17,25.85,0.679,2026-03-07
CUST-001044,2026-04-01,12,23.98,0.59,2026-04-02
CUST-001044,2026-05-01,9,26.39,0.546,2026-05-18
CUST-001044,2026-06-01,6,26.35,0.446,2026-06-25
CUST-001044,2026-07-01,12,19.33,0.375,2026-07-02
CUST-001044,2026-08-01,8,12.98,0.294,2026-08-04
CUST-001045,2026-03-01,11,13.74,0.56,2026-03-06
CUST-001045,2026-04-01,12,14.84,0.518,2026-04-04
CUST-001045,2026-05-01,15,19.99,0.575,2026-05-13
CUST-001045,2026-06-01,11,19.97,0.503,2026-06-27
CUST-001045,2026-07-01,15,13.75,0.501,2026-07-17
CUST-001045,2026-08-01,14,14.17,0.531,2026-08-21
CUST-001046,2026-03-01,11,31.41,0.473,2026-03-08
CUST-001046,2026-04-01,13,29.06,0.477,2026-04-06
CUST-001046,2026-05-01,8,35.09,0.575,2026-05-05
CUST-001046,2026-06-01,17,32.08,0.484,2026-06-22
CUST-001046,2026-07-01,16,33.37,0.532,2026-07-14
CUST-001046,2026-08-01,15,33.56,0.476,2026-08-26
CUST-001047,2026-03-01,14,35.94,0.393,2026-03-16
CUST-001047,2026-04-01,15,33.78,0.393,2026-04-23
CUST-001047,2026-05-01,17,34.91,0.405,2026-05-17
CUST-001047,2026-06-01,14,27.27,0.326,2026-06-08
CUST-001047,2026-07-01,16,31.16,0.384,2026-07-10
CUST-001047,2026-08-01,12,28.92,0.331,2026-08-08
CUST-001048,2026-03-01,22,48.51,0.541,2026-03-27
CUST-001048,2026-04-01,16,48.18,0.596,2026-04-01
CUST-001048,2026-05-01,19,39.35,0.491,2026-05-08
CUST-001048,2026-06-01,20,48.99,0.605,2026-06-06
CUST-001048,2026-07-01,20,49.62,0.547,2026-07-20
CUST-001048,2026-08-01,17,46.76,0.577,2026-08-17
CUST-001049,2026-03-01,25,27.41,0.578,2026-03-25
CUST-001049,2026-04-01,24,24.92,0.637,2026-04-12
CUST-001049,2026-05-01,22,23.64,0.61,2026-05-08
CUST-001049,2026-06-01,21,26.16,0.577,2026-06-14
CUST-001049,2026-07-01,21,26.1,0.588,2026-07-20
CUST-001049,2026-08-01,24,22.76,0.567,2026-08-10
CUST-001050,2026-03-01,13,42.32,0.36,2026-03-11
CUST-001050,2026-04-01,13,43.05,0.366,2026-04-20
CUST-001050,2026-05-01,16,40.66,0.325,2026-05-10
CUST-001050,2026-06-01,26,38.52,0.375,2026-06-25
CUST-001050,2026-07-01,17,40.74,0.315,2026-07-22
CUST-001050,2026-08-01,17,38.11,0.35,2026-08-12
CUST-001051,2026-03-01,11,48.56,0.365,2026-03-21
CUST-001051,2026-04-01,11,43.94,0.393,2026-04-07
CUST-001051,2026-05-01,10,44.28,0.34,2026-05-13
CUST-001051,2026-06-01,10,46.75,0.319,2026-06-07
CUST-001051,2026-07-01,12,39.34,0.383,2026-07-08
CUST-001051,2026-08-01,10,41.48,0.352,2026-08-05
CUST-001052,2026-03-01,17,26.57,0.27,2026-03-23
CUST-001052,2026-04-01,17,26.12,0.263,2026-04-06
CUST-001052,2026-05-01,15,20.35,0.198,2026-05-16
CUST-001052,2026-06-01,15,18.11,0.135,2026-06-09
CUST-001052,2026-07-01,10,8.89,0.162,2026-07-16
CUST-001052,2026-08-01,7,9.3,0.14,2026-08-08
CUST-001053,2026-03-01,15,30.37,0.478,2026-03-21
CUST-001053,2026-04-01,16,24.55,0.476,2026-04-11
CUST-001053,2026-05-01,20,31.29,0.492,2026-05-26
CUST-001053,2026-06-01,18,28.23,0.418,2026-06-27
CUST-001053,2026-07-01,19,29.44,0.489,2026-07-10
CUST-001053,2026-08-01,19,28.47,0.444,2026-08-22
CUST-001054,2026-03-01,14,44.95,0.424,2026-03-10
CUST-001054,2026-04-01,16,45.72,0.539,2026-04-23
CUST-001054,2026-05-01,13,44.66,0.505,2026-05-09
CUST-001054,2026-06-01,15,45.66,0.538,2026-06-08
CUST-001054,2026-07-01,11,46.2,0.438,2026-07-02
CUST-001054,2026-08-01,15,45.77,0.57,2026-08-04
CUST-001055,2026-03-01,18,11.73,0.701,2026-03-14
CUST-001055,2026-04-01,16,6.76,0.627,2026-04-04
CUST-001055,2026-05-01,13,12.53,0.564,2026-05-12
CUST-001055,2026-06-01,12,6.34,0.512,2026-06-17
CUST-001055,2026-07-01,10,4.83,0.453,2026-07-18
CUST-001055,2026-08-01,10,4.5,0.302,2026-08-06
CUST-001056,2026-03-01,22,45.86,0.67,2026-03-06
CUST-001056,2026-04-01,23,41.63,0.628,2026-04-24
CUST-001056,2026-05-01,22,40.87,0.685,2026-05-25
CUST-001056,2026-06-01,25,47.26,0.606,2026-06-15
CUST-001056,2026-07-01,24,54.32,0.789,2026-07-22
CUST-001056,2026-08-01,19,40.08,0.666,2026-08-04
CUST-001057,2026-03-01,21,32.76,0.635,2026-03-18
CUST-001057,2026-04-01,24,36.09,0.627,2026-04-08
CUST-001057,2026-05-01,20,35.97,0.603,2026-05-05
CUST-001057,2026-06-01,19,33.86,0.549,2026-06-16
CUST-001057,2026-07-01,20,30.22,0.524,2026-07-18
CUST-001057,2026-08-01,19,28.48,0.554,2026-08-15
CUST-001058,2026-03-01,21,15.52,0.313,2026-03-14
CUST-001058,2026-04-01,22,11.73,0.369,2026-04-14
CUST-001058,2026-05-01,24,16.63,0.346,2026-05-07
CUST-001058,2026-06-01,22,17.49,0.345,2026-06-06
CUST-001058,2026-07-01,24,13.17,0.362,2026-07-07
CUST-001058,2026-08-01,21,15.61,0.407,2026-08-05
CUST-001059,2026-03-01,13,22.33,0.313,2026-03-10
CUST-001059,2026-04-01,14,21.52,0.276,2026-04-21
CUST-001059,2026-05-01,6,15.94,0.226,2026-05-25
CUST-001059,2026-06-01,4,14.16,0.155,2026-06-15
CUST-001059,2026-07-01,9,13.79,0.185,2026-07-13
CUST-001059,2026-08-01,7,15.28,0.143,2026-08-04
CUST-001060,2026-03-01,19,33.27,0.578,2026-03-24
CUST-001060,2026-04-01,12,27.08,0.545,2026-04-13
CUST-001060,2026-05-01,19,30.05,0.642,2026-05-01
CUST-001060,2026-06-01,16,24.62,0.485,2026-06-16
CUST-001060,2026-07-01,15,26.64,0.612,2026-07-11
CUST-001060,2026-08-01,20,27.86,0.53,2026-08-14
CUST-001061,2026-03-01,19,26.08,0.481,2026-03-07
CUST-001061,2026-04-01,20,25.24,0.523,2026-04-12
CUST-001061,2026-05-01,21,23.78,0.465,2026-05-16
CUST-001061,2026-06-01,21,24.88,0.462,2026-06-15
CUST-001061,2026-07-01,20,21.21,0.442,2026-07-08
CUST-001061,2026-08-01,23,20.71,0.458,2026-08-19
CUST-001062,2026-03-01,18,40.42,0.588,2026-03-05
CUST-001062,2026-04-01,21,44.71,0.641,2026-04-02
CUST-001062,2026-05-01,13,41.84,0.608,2026-05-05
CUST-001062,2026-06-01,22,48.97,0.663,2026-06-24
CUST-001062,2026-07-01,18,36.72,0.594,2026-07-16
CUST-001062,2026-08-01,14,45.84,0.593,2026-08-26
CUST-001063,2026-03-01,22,38.57,0.826,2026-03-25
CUST-001063,2026-04-01,24,42.61,0.823,2026-04-27
CUST-001063,2026-05-01,22,43.24,0.805,2026-05-11
CUST-001063,2026-06-01,22,43.94,0.865,2026-06-21
CUST-001063,2026-07-01,21,41.24,0.815,2026-07-12
CUST-001063,2026-08-01,22,35.46,0.751,2026-08-24
CUST-001064,2026-03-01,11,26.42,0.797,2026-03-25
CUST-001064,2026-04-01,11,20.74,0.679,2026-04-17
CUST-001064,2026-05-01,10,28.92,0.726,2026-05-17
CUST-001064,2026-06-01,10,29.17,0.735,2026-06-15
CUST-001064,2026-07-01,8,26.54,0.658,2026-07-26
CUST-001064,2026-08-01,8,25.76,0.682,2026-08-24
CUST-001065,2026-03-01,11,32.82,0.495,2026-03-19
CUST-001065,2026-04-01,14,30.48,0.537,2026-04-26
CUST-001065,2026-05-01,12,34.31,0.55,2026-05-20
CUST-001065,2026-06-01,13,24.97,0.515,2026-06-03
CUST-001065,2026-07-01,14,30.18,0.53,2026-07-05
CUST-001065,2026-08-01,12,23.87,0.48,2026-08-12
CUST-001066,2026-03-01,21,36.43,0.759,2026-03-14
CUST-001066,2026-04-01,19,38.52,0.728,2026-04-23
CUST-001066,2026-05-01,17,41.39,0.697,2026-05-19
CUST-001066,2026-06-01,20,31.76,0.761,2026-06-26
CUST-001066,2026-07-01,17,36.12,0.72,2026-07-18
CUST-001066,2026-08-01,18,43.11,0.734,2026-08-01
CUST-001067,2026-03-01,20,14.35,0.74,2026-03-20
CUST-001067,2026-04-01,22,22.57,0.731,2026-04-20
CUST-001067,2026-05-01,21,16.56,0.62,2026-05-25
CUST-001067,2026-06-01,18,10.18,0.638,2026-06-06
CUST-001067,2026-07-01,23,18.96,0.751,2026-07-11
CUST-001067,2026-08-01,23,12.62,0.668,2026-08-07
CUST-001068,2026-03-01,23,13.11,0.67,2026-03-03
CUST-001068,2026-04-01,20,9.72,0.683,2026-04-17
CUST-001068,2026-05-01,20,16.79,0.677,2026-05-22
CUST-001068,2026-06-01,20,11.3,0.583,2026-06-16
CUST-001068,2026-07-01,22,5.17,0.721,2026-07-21
CUST-001068,2026-08-01,22,12.42,0.609,2026-08-25
CUST-001069,2026-03-01,10,12.89,0.581,2026-03-11
CUST-001069,2026-04-01,6,5.42,0.436,2026-04-19
CUST-001069,2026-05-01,6,8.1,0.416,2026-05-01
CUST-001069,2026-06-01,7,8.74,0.403,2026-06-24
CUST-001069,2026-07-01,3,8.41,0.317,2026-07-20
CUST-001069,2026-08-01,6,7.04,0.244,2026-08-20
CUST-001070,2026-03-01,3,20.43,0.665,2026-03-12
CUST-001070,2026-04-01,12,23.27,0.663,2026-04-27
CUST-001070,2026-05-01,8,20.51,0.761,2026-05-06
CUST-001070,2026-06-01,8,17.53,0.704,2026-06-23
CUST-001070,2026-07-01,9,19.42,0.731,2026-07-25
CUST-001070,2026-08-01,8,17.59,0.693,2026-08-10
CUST-001071,2026-03-01,15,19.52,0.706,2026-03-22
CUST-001071,2026-04-01,15,13.56,0.694,2026-04-16
CUST-001071,2026-05-01,16,13.81,0.736,2026-05-11
CUST-001071,2026-06-01,14,20.29,0.669,2026-06-16
CUST-001071,2026-07-01,11,14.84,0.721,2026-07-14
CUST-001071,2026-08-01,14,21.6,0.694,2026-08-08
CUST-001072,2026-03-01,10,36.21,0.424,2026-03-27
CUST-001072,2026-04-01,7,29.55,0.364,2026-04-05
CUST-001072,2026-05-01,9,31.63,0.37,2026-05-12
CUST-001072,2026-06-01,10,33.86,0.49,2026-06-19
CUST-001072,2026-07-01,12,34.28,0.428,2026-07-14
CUST-001072,2026-08-01,8,40.59,0.428,2026-08-26
CUST-001073,2026-03-01,11,11.79,0.485,2026-03-06
CUST-001073,2026-04-01,14,8.14,0.411,2026-04-24
CUST-001073,2026-05-01,12,0.73,0.407,2026-05-02
CUST-001073,2026-06-01,11,1.86,0.31,2026-06-02
CUST-001073,2026-07-01,8,6.82,0.256,2026-07-18
CUST-001073,2026-08-01,7,7.03,0.209,2026-08-01
CUST-001074,2026-03-01,14,20.75,0.857,2026-03-16
CUST-001074,2026-04-01,14,25.0,0.782,2026-04-03
CUST-001074,2026-05-01,14,22.19,0.713,2026-05-21
CUST-001074,2026-06-01,14,23.64,0.848,2026-06-27
CUST-001074,2026-07-01,11,24.33,0.758,2026-07-04
CUST-001074,2026-08-01,14,21.14,0.829,2026-08-13
CUST-001075,2026-03-01,13,24.75,0.789,2026-03-17
CUST-001075,2026-04-01,12,24.11,0.821,2026-04-08
CUST-001075,2026-05-01,13,26.1,0.871,2026-05-13
CUST-001075,2026-06-01,14,26.04,0.834,2026-06-19
CUST-001075,2026-07-01,10,27.07,0.715,2026-07-01
CUST-001075,2026-08-01,12,18.59,0.772,2026-08-08
CUST-001076,2026-03-01,20,41.5,0.444,2026-03-23
CUST-001076,2026-04-01,19,36.37,0.448,2026-04-04
CUST-001076,2026-05-01,18,43.03,0.504,2026-05-10
CUST-001076,2026-06-01,22,41.48,0.493,2026-06-22
CUST-001076,2026-07-01,21,31.48,0.485,2026-07-07
CUST-001076,2026-08-01,17,44.87,0.443,2026-08-16
CUST-001077,2026-03-01,9,23.47,0.664,2026-03-20
CUST-001077,2026-04-01,9,24.02,0.635,2026-04-27
CUST-001077,2026-05-01,3,19.59,0.534,2026-05-18
CUST-001077,2026-06-01,3,20.79,0.519,2026-06-03
CUST-001077,2026-07-01,1,14.74,0.403,2026-07-10
CUST-001077,2026-08-01,0,12.76,0.303,2026-08-12
CUST-001078,2026-03-01,22,32.01,0.293,2026-03-04
CUST-001078,2026-04-01,20,26.44,0.258,2026-04-27
CUST-001078,2026-05-01,16,20.23,0.193,2026-05-16
CUST-001078,2026-06-01,13,29.42,0.219,2026-06-09
CUST-001078,2026-07-01,12,22.52,0.182,2026-07-25
CUST-001078,2026-08-01,6,16.38,0.169,2026-08-08
CUST-001079,2026-03-01,21,29.64,0.649,2026-03-25
CUST-001079,2026-04-01,20,24.94,0.674,2026-04-16
CUST-001079,2026-05-01,20,24.24,0.603,2026-05-01
CUST-001079,2026-06-01,16,19.09,0.556,2026-06-20
CUST-001079,2026-07-01,15,18.86,0.584,2026-07-26
CUST-001079,2026-08-01,18,24.49,0.587,2026-08-12
CUST-001080,2026-03-01,18,32.13,0.802,2026-03-07
CUST-001080,2026-04-01,16,37.63,0.753,2026-04-16
CUST-001080,2026-05-01,17,36.48,0.71,2026-05-16
CUST-001080,2026-06-01,18,38.68,0.846,2026-06-02
CUST-001080,2026-07-01,16,34.96,0.785,2026-07-08
CUST-001080,2026-08-01,18,27.37,0.679,2026-08-12
CUST-001081,2026-03-01,8,34.53,0.353,2026-03-04
CUST-001081,2026-04-01,9,22.83,0.323,2026-04-07
CUST-001081,2026-05-01,9,27.01,0.28,2026-05-02
CUST-001081,2026-06-01,6,22.6,0.261,2026-06-26
CUST-001081,2026-07-01,2,18.68,0.186,2026-07-25
CUST-001081,2026-08-01,0,13.47,0.176,2026-08-17
CUST-001082,2026-03-01,12,30.85,0.812,2026-03-08
CUST-001082,2026-04-01,12,36.71,0.786,2026-04-19
CUST-001082,2026-05-01,10,31.31,0.791,2026-05-26
CUST-001082,2026-06-01,8,28.27,0.76,2026-06-21
CUST-001082,2026-07-01,9,33.93,0.788,2026-07-12
CUST-001082,2026-08-01,8,34.9,0.884,2026-08-03
CUST-001083,2026-03-01,22,17.81,0.561,2026-03-09
CUST-001083,2026-04-01,22,20.15,0.585,2026-04-14
CUST-001083,2026-05-01,24,12.29,0.578,2026-05-22
CUST-001083,2026-06-01,20,20.59,0.578,2026-06-19
CUST-001083,2026-07-01,19,16.61,0.571,2026-07-10
CUST-001083,2026-08-01,21,19.33,0.534,2026-08-24
CUST-001084,2026-03-01,14,47.74,0.542,2026-03-02
CUST-001084,2026-04-01,9,46.96,0.494,2026-04-17
CUST-001084,2026-05-01,13,45.41,0.48,2026-05-22
CUST-001084,2026-06-01,14,39.88,0.54,2026-06-23
CUST-001084,2026-07-01,11,40.9,0.553,2026-07-06
CUST-001084,2026-08-01,14,46.35,0.551,2026-08-12
CUST-001085,2026-03-01,16,19.45,0.558,2026-03-16
CUST-001085,2026-04-01,18,19.55,0.601,2026-04-21
CUST-001085,2026-05-01,18,19.28,0.585,2026-05-27
CUST-001085,2026-06-01,21,22.59,0.665,2026-06-25
CUST-001085,2026-07-01,21,25.02,0.609,2026-07-13
CUST-001085,2026-08-01,18,24.06,0.555,2026-08-25
CUST-001086,2026-03-01,6,22.38,0.72,2026-03-11
CUST-001086,2026-04-01,9,24.47,0.628,2026-04-14
CUST-001086,2026-05-01,12,28.07,0.698,2026-05-12
CUST-001086,2026-06-01,13,26.88,0.686,2026-06-14
CUST-001086,2026-07-01,11,18.66,0.762,2026-07-19
CUST-001086,2026-08-01,8,22.88,0.625,2026-08-21
CUST-001087,2026-03-01,13,24.96,0.423,2026-03-14
CUST-001087,2026-04-01,19,25.36,0.447,2026-04-03
CUST-001087,2026-05-01,14,25.84,0.458,2026-05-05
CUST-001087,2026-06-01,15,27.36,0.504,2026-06-19
CUST-001087,2026-07-01,15,20.39,0.453,2026-07-07
CUST-001087,2026-08-01,15,28.53,0.487,2026-08-14
CUST-001088,2026-03-01,24,22.97,0.768,2026-03-23
CUST-001088,2026-04-01,25,16.17,0.777,2026-04-15
CUST-001088,2026-05-01,20,26.51,0.787,2026-05-13
CUST-001088,2026-06-01,24,26.18,0.757,2026-06-11
CUST-001088,2026-07-01,26,24.6,0.727,2026-07-07
CUST-001088,2026-08-01,26,23.43,0.754,2026-08-11
CUST-001089,2026-03-01,25,20.66,0.664,2026-03-06
CUST-001089,2026-04-01,19,16.11,0.568,2026-04-16
CUST-001089,2026-05-01,18,13.7,0.5,2026-05-15
CUST-001089,2026-06-01,15,16.92,0.449,2026-06-02
CUST-001089,2026-07-01,13,7.1,0.388,2026-07-06
CUST-001089,2026-08-01,9,14.48,0.308,2026-08-26
CUST-001090,2026-03-01,9,33.99,0.537,2026-03-07
CUST-001090,2026-04-01,8,38.56,0.563,2026-04-08
CUST-001090,2026-05-01,8,35.03,0.582,2026-05-25
CUST-001090,2026-06-01,10,40.44,0.541,2026-06-05
CUST-001090,2026-07-01,11,37.26,0.59,2026-07-19
CUST-001090,2026-08-01,10,28.94,0.535,2026-08-26
CUST-001091,2026-03-01,11,10.75,0.648,2026-03-05
CUST-001091,2026-04-01,8,9.92,0.571,2026-04-16
CUST-001091,2026-05-01,5,15.92,0.46,2026-05-18
CUST-001091,2026-06-01,7,10.89,0.409,2026-06-13
CUST-001091,2026-07-01,1,10.14,0.333,2026-07-03
CUST-001091,2026-08-01,3,1.84,0.319,2026-08-25
CUST-001092,2026-03-01,10,45.16,0.688,2026-03-25
CUST-001092,2026-04-01,12,47.73,0.613,2026-04-10
CUST-001092,2026-05-01,9,32.54,0.502,2026-05-03
CUST-001092,2026-06-01,7,39.55,0.649,2026-06-14
CUST-001092,2026-07-01,10,42.38,0.601,2026-07-22
CUST-001092,2026-08-01,9,38.69,0.632,2026-08-04
CUST-001093,2026-03-01,19,33.21,0.341,2026-03-19
CUST-001093,2026-04-01,17,30.78,0.333,2026-04-26
CUST-001093,2026-05-01,11,30.3,0.268,2026-05-17
CUST-001093,2026-06-01,9,20.36,0.339,2026-06-08
CUST-001093,2026-07-01,9,27.46,0.25,2026-07-23
CUST-001093,2026-08-01,8,12.96,0.155,2026-08-17
CUST-001094,2026-03-01,9,18.69,0.776,2026-03-10
CUST-001094,2026-04-01,9,23.73,0.76,2026-04-12
CUST-001094,2026-05-01,7,28.11,0.853,2026-05-25
CUST-001094,2026-06-01,9,20.71,0.788,2026-06-19
CUST-001094,2026-07-01,10,21.0,0.877,2026-07-21
CUST-001094,2026-08-01,7,24.24,0.808,2026-08-09
CUST-001095,2026-03-01,22,38.41,0.519,2026-03-20
CUST-001095,2026-04-01,23,32.14,0.418,2026-04-26
CUST-001095,2026-05-01,20,45.68,0.445,2026-05-10
CUST-001095,2026-06-01,23,46.08,0.504,2026-06-05
CUST-001095,2026-07-01,22,44.11,0.491,2026-07-22
CUST-001095,2026-08-01,26,41.16,0.457,2026-08-12
CUST-001096,2026-03-01,14,24.74,0.458,2026-03-12
CUST-001096,2026-04-01,11,20.72,0.411,2026-04-22
CUST-001096,2026-05-01,7,19.55,0.32,2026-05-17
CUST-001096,2026-06-01,14,13.72,0.267,2026-06-09
CUST-001096,2026-07-01,10,12.64,0.226,2026-07-01
CUST-001096,2026-08-01,5,14.25,0.165,2026-08-11
CUST-001097,2026-03-01,14,25.77,0.366,2026-03-26
CUST-001097,2026-04-01,15,24.93,0.36,2026-04-07
CUST-001097,2026-05-01,16,22.03,0.363,2026-05-25
CUST-001097,2026-06-01,9,22.4,0.379,2026-06-04
CUST-001097,2026-07-01,12,25.53,0.321,2026-07-11
CUST-001097,2026-08-01,10,26.57,0.35,2026-08-22
CUST-001098,2026-03-01,17,25.31,0.593,2026-03-05
CUST-001098,2026-04-01,18,19.71,0.61,2026-04-16
CUST-001098,2026-05-01,14,20.7,0.571,2026-05-01
CUST-001098,2026-06-01,19,25.17,0.618,2026-06-09
CUST-001098,2026-07-01,15,20.45,0.565,2026-07-21
CUST-001098,2026-08-01,17,22.51,0.662,2026-08-25
CUST-001099,2026-03-01,12,18.16,0.763,2026-03-15
CUST-001099,2026-04-01,16,15.54,0.892,2026-04-12
CUST-001099,2026-05-01,17,18.21,0.872,2026-05-19
CUST-001099,2026-06-01,15,20.92,0.837,2026-06-23
CUST-001099,2026-07-01,14,17.29,0.724,2026-07-27
CUST-001099,2026-08-01,16,19.53,0.795,2026-08-26
CUST-001100,2026-03-01,12,26.76,0.683,2026-03-08
CUST-001100,2026-04-01,9,21.6,0.546,2026-04-15
CUST-001100,2026-05-01,11,12.69,0.508,2026-05-08
CUST-001100,2026-06-01,7,16.39,0.427,2026-06-15
CUST-001100,2026-07-01,7,14.39,0.414,2026-07-11
CUST-001100,2026-08-01,2,5.07,0.288,2026-08-25
CUST-001101,2026-03-01,24,21.14,0.373,2026-03-19
CUST-001101,2026-04-01,21,17.03,0.379,2026-04-12
CUST-001101,2026-05-01,23,23.91,0.412,2026-05-18
CUST-001101,2026-06-01,27,20.57,0.416,2026-06-24
CUST-001101,2026-07-01,22,18.3,0.343,2026-07-17
CUST-001101,2026-08-01,25,24.16,0.427,2026-08-03
CUST-001102,2026-03-01,10,28.35,0.394,2026-03-11
CUST-001102,2026-04-01,11,25.28,0.365,2026-04-08
CUST-001102,2026-05-01,10,24.93,0.392,2026-05-13
CUST-001102,2026-06-01,12,28.06,0.445,2026-06-06
CUST-001102,2026-07-01,9,26.83,0.44,2026-07-09
CUST-001102,2026-08-01,9,25.24,0.413,2026-08-17
CUST-001103,2026-03-01,10,39.15,0.581,2026-03-20
CUST-001103,2026-04-01,11,35.3,0.613,2026-04-19
CUST-001103,2026-05-01,11,32.45,0.62,2026-05-25
CUST-001103,2026-06-01,14,34.4,0.624,2026-06-21
CUST-001103,2026-07-01,9,30.92,0.556,2026-07-23
CUST-001103,2026-08-01,11,31.81,0.56,2026-08-05
CUST-001104,2026-03-01,16,22.72,0.523,2026-03-18
CUST-001104,2026-04-01,22,29.62,0.506,2026-04-23
CUST-001104,2026-05-01,22,30.28,0.529,2026-05-21
CUST-001104,2026-06-01,17,31.72,0.449,2026-06-04
CUST-001104,2026-07-01,20,26.72,0.476,2026-07-21
CUST-001104,2026-08-01,24,28.32,0.557,2026-08-01
CUST-001105,2026-03-01,16,25.95,0.426,2026-03-18
CUST-001105,2026-04-01,11,28.43,0.368,2026-04-23
CUST-001105,2026-05-01,11,21.19,0.287,2026-05-20
CUST-001105,2026-06-01,11,18.57,0.233,2026-06-26
CUST-001105,2026-07-01,5,14.7,0.207,2026-07-13
CUST-001105,2026-08-01,3,16.13,0.138,2026-08-09
CUST-001106,2026-03-01,27,27.45,0.796,2026-03-12
CUST-001106,2026-04-01,21,20.78,0.661,2026-04-19
CUST-001106,2026-05-01,23,25.69,0.658,2026-05-12
CUST-001106,2026-06-01,22,23.78,0.662,2026-06-04
CUST-001106,2026-07-01,25,24.19,0.706,2026-07-10
CUST-001106,2026-08-01,25,21.31,0.738,2026-08-03
CUST-001107,2026-03-01,8,11.95,0.587,2026-03-20
CUST-001107,2026-04-01,6,9.94,0.445,2026-04-17
CUST-001107,2026-05-01,9,15.59,0.492,2026-05-06
CUST-001107,2026-06-01,3,4.44,0.424,2026-06-12
CUST-001107,2026-07-01,7,8.11,0.363,2026-07-03
CUST-001107,2026-08-01,2,9.12,0.299,2026-08-10
CUST-001108,2026-03-01,16,17.48,0.456,2026-03-14
CUST-001108,2026-04-01,14,16.54,0.444,2026-04-22
CUST-001108,2026-05-01,16,16.63,0.498,2026-05-05
CUST-001108,2026-06-01,12,15.58,0.396,2026-06-15
CUST-001108,2026-07-01,16,13.15,0.405,2026-07-08
CUST-001108,2026-08-01,13,22.63,0.469,2026-08-20
CUST-001109,2026-03-01,12,38.87,0.376,2026-03-07
CUST-001109,2026-04-01,8,35.32,0.424,2026-04-23
CUST-001109,2026-05-01,9,39.9,0.358,2026-05-13
CUST-001109,2026-06-01,9,44.2,0.383,2026-06-02
CUST-001109,2026-07-01,10,42.0,0.434,2026-07-07
CUST-001109,2026-08-01,10,39.13,0.422,2026-08-03
CUST-001110,2026-03-01,16,21.27,0.545,2026-03-02
CUST-001110,2026-04-01,17,15.28,0.463,2026-04-22
CUST-001110,2026-05-01,14,19.18,0.438,2026-05-16
CUST-001110,2026-06-01,12,17.81,0.322,2026-06-12
CUST-001110,2026-07-01,10,6.56,0.274,2026-07-26
CUST-001110,2026-08-01,9,12.74,0.256,2026-08-27
CUST-001111,2026-03-01,27,7.96,0.449,2026-03-15
CUST-001111,2026-04-01,20,8.85,0.389,2026-04-15
CUST-001111,2026-05-01,27,8.34,0.574,2026-05-01
CUST-001111,2026-06-01,20,6.73,0.345,2026-06-04
CUST-001111,2026-07-01,19,13.94,0.455,2026-07-20
CUST-001111,2026-08-01,23,8.68,0.456,2026-08-15
CUST-001112,2026-03-01,20,18.89,0.6,2026-03-14
CUST-001112,2026-04-01,18,18.67,0.607,2026-04-22
CUST-001112,2026-05-01,14,17.53,0.542,2026-05-06
CUST-001112,2026-06-01,21,17.78,0.637,2026-06-20
CUST-001112,2026-07-01,16,15.95,0.555,2026-07-16
CUST-001112,2026-08-01,15,15.59,0.554,2026-08-27
CUST-001113,2026-03-01,13,5.11,0.46,2026-03-01
CUST-001113,2026-04-01,11,9.69,0.594,2026-04-10
CUST-001113,2026-05-01,13,7.0,0.566,2026-05-16
CUST-001113,2026-06-01,10,10.57,0.659,2026-06-20
CUST-001113,2026-07-01,12,11.22,0.606,2026-07-26
CUST-001113,2026-08-01,13,7.66,0.572,2026-08-08
CUST-001114,2026-03-01,9,27.99,0.698,2026-03-23
CUST-001114,2026-04-01,9,23.98,0.729,2026-04-24
CUST-001114,2026-05-01,12,24.57,0.686,2026-05-19
CUST-001114,2026-06-01,12,23.13,0.675,2026-06-14
CUST-001114,2026-07-01,14,25.46,0.7,2026-07-18
CUST-001114,2026-08-01,11,27.42,0.718,2026-08-06
CUST-001115,2026-03-01,21,40.85,0.657,2026-03-01
CUST-001115,2026-04-01,18,39.32,0.663,2026-04-09
CUST-001115,2026-05-01,20,38.02,0.707,2026-05-08
CUST-001115,2026-06-01,18,44.57,0.665,2026-06-14
CUST-001115,2026-07-01,22,44.16,0.657,2026-07-05
CUST-001115,2026-08-01,20,39.01,0.64,2026-08-16
CUST-001116,2026-03-01,14,20.54,0.519,2026-03-10
CUST-001116,2026-04-01,14,19.56,0.485,2026-04-02
CUST-001116,2026-05-01,13,15.88,0.511,2026-05-13
CUST-001116,2026-06-01,12,22.71,0.523,2026-06-17
CUST-001116,2026-07-01,10,17.88,0.483,2026-07-10
CUST-001116,2026-08-01,13,17.23,0.464,2026-08-23
CUST-001117,2026-03-01,18,28.56,0.722,2026-03-25
CUST-001117,2026-04-01,21,28.42,0.699,2026-04-01
CUST-001117,2026-05-01,16,29.41,0.634,2026-05-14
CUST-001117,2026-06-01,16,30.72,0.643,2026-06-08
CUST-001117,2026-07-01,22,33.1,0.723,2026-07-24
CUST-001117,2026-08-01,20,34.99,0.682,2026-08-06
CUST-001118,2026-03-01,12,12.78,0.481,2026-03-25
CUST-001118,2026-04-01,17,14.1,0.53,2026-04-16
CUST-001118,2026-05-01,17,9.22,0.482,2026-05-10
CUST-001118,2026-06-01,10,11.04,0.498,2026-06-20
CUST-001118,2026-07-01,15,10.24,0.558,2026-07-04
CUST-001118,2026-08-01,13,11.42,0.472,2026-08-11
CUST-001119,2026-03-01,15,25.34,0.511,2026-03-17
CUST-001119,2026-04-01,13,22.62,0.454,2026-04-02
CUST-001119,2026-05-01,9,23.27,0.376,2026-05-06
CUST-001119,2026-06-01,11,19.2,0.362,2026-06-22
CUST-001119,2026-07-01,12,19.54,0.241,2026-07-21
CUST-001119,2026-08-01,6,14.51,0.209,2026-08-07
CUST-001120,2026-03-01,9,39.41,0.748,2026-03-21
CUST-001120,2026-04-01,12,41.17,0.847,2026-04-24
CUST-001120,2026-05-01,6,33.04,0.652,2026-05-23
CUST-001120,2026-06-01,12,43.93,0.814,2026-06-12
CUST-001120,2026-07-01,10,40.22,0.719,2026-07-12
CUST-001120,2026-08-01,11,45.18,0.816,2026-08-07
CUST-001121,2026-03-01,20,30.49,0.742,2026-03-23
CUST-001121,2026-04-01,20,31.41,0.697,2026-04-21
CUST-001121,2026-05-01,20,28.92,0.736,2026-05-08
CUST-001121,2026-06-01,21,31.65,0.731,2026-06-20
CUST-001121,2026-07-01,19,27.39,0.754,2026-07-18
CUST-001121,2026-08-01,20,33.53,0.688,2026-08-11
CUST-001122,2026-03-01,12,10.25,0.613,2026-03-10
CUST-001122,2026-04-01,5,9.05,0.565,2026-04-17
CUST-001122,2026-05-01,8,10.61,0.468,2026-05-15
CUST-001122,2026-06-01,3,11.74,0.467,2026-06-25
CUST-001122,2026-07-01,1,8.01,0.329,2026-07-07
CUST-001122,2026-08-01,3,1.83,0.318,2026-08-21
CUST-001123,2026-03-01,11,9.7,0.355,2026-03-02
CUST-001123,2026-04-01,8,13.99,0.417,2026-04-09
CUST-001123,2026-05-01,13,20.99,0.457,2026-05-22
CUST-001123,2026-06-01,15,13.07,0.428,2026-06-23
CUST-001123,2026-07-01,10,15.9,0.458,2026-07-07
CUST-001123,2026-08-01,12,17.38,0.467,2026-08-26
CUST-001124,2026-03-01,21,9.42,0.441,2026-03-18
CUST-001124,2026-04-01,21,12.54,0.398,2026-04-20
CUST-001124,2026-05-01,17,9.65,0.345,2026-05-07
CUST-001124,2026-06-01,14,4.41,0.315,2026-06-01
CUST-001124,2026-07-01,13,7.81,0.249,2026-07-06
CUST-001124,2026-08-01,11,1.83,0.177,2026-08-20
CUST-001125,2026-03-01,8,23.06,0.5,2026-03-01
CUST-001125,2026-04-01,8,15.85,0.452,2026-04-06
CUST-001125,2026-05-01,5,23.98,0.339,2026-05-13
CUST-001125,2026-06-01,5,13.44,0.258,2026-06-21
CUST-001125,2026-07-01,0,22.39,0.205,2026-07-24
CUST-001125,2026-08-01,4,6.55,0.156,2026-08-24
CUST-001126,2026-03-01,19,39.18,0.546,2026-03-23
CUST-001126,2026-04-01,16,32.76,0.564,2026-04-15
CUST-001126,2026-05-01,13,37.76,0.508,2026-05-09
CUST-001126,2026-06-01,21,36.06,0.56,2026-06-11
CUST-001126,2026-07-01,16,39.61,0.539,2026-07-09
CUST-001126,2026-08-01,19,43.4,0.486,2026-08-27
CUST-001127,2026-03-01,21,36.37,0.604,2026-03-23
CUST-001127,2026-04-01,15,23.56,0.549,2026-04-27
CUST-001127,2026-05-01,16,22.85,0.506,2026-05-12
CUST-001127,2026-06-01,15,21.45,0.461,2026-06-04
CUST-001127,2026-07-01,8,15.93,0.346,2026-07-09
CUST-001127,2026-08-01,6,14.38,0.296,2026-08-09
CUST-001128,2026-03-01,10,20.67,0.598,2026-03-14
CUST-001128,2026-04-01,12,23.75,0.53,2026-04-27
CUST-001128,2026-05-01,9,21.26,0.537,2026-05-17
CUST-001128,2026-06-01,16,22.79,0.564,2026-06-19
CUST-001128,2026-07-01,14,17.14,0.621,2026-07-20
CUST-001128,2026-08-01,12,19.91,0.598,2026-08-19
CUST-001129,2026-03-01,10,37.51,0.719,2026-03-27
CUST-001129,2026-04-01,16,45.67,0.715,2026-04-22
CUST-001129,2026-05-01,14,40.71,0.758,2026-05-10
CUST-001129,2026-06-01,13,48.73,0.722,2026-06-07
CUST-001129,2026-07-01,11,41.73,0.61,2026-07-20
CUST-001129,2026-08-01,10,33.6,0.618,2026-08-04
CUST-001130,2026-03-01,22,20.21,0.715,2026-03-07
CUST-001130,2026-04-01,21,21.81,0.661,2026-04-13
CUST-001130,2026-05-01,18,23.2,0.658,2026-05-22
CUST-001130,2026-06-01,16,16.49,0.78,2026-06-17
CUST-001130,2026-07-01,20,19.0,0.699,2026-07-17
CUST-001130,2026-08-01,25,16.34,0.729,2026-08-08
CUST-001131,2026-03-01,18,8.92,0.622,2026-03-18
CUST-001131,2026-04-01,19,11.69,0.664,2026-04-04
CUST-001131,2026-05-01,23,16.03,0.629,2026-05-03
CUST-001131,2026-06-01,20,18.52,0.637,2026-06-06
CUST-001131,2026-07-01,24,11.21,0.63,2026-07-26
CUST-001131,2026-08-01,21,15.12,0.612,2026-08-25
CUST-001132,2026-03-01,12,13.56,0.811,2026-03-21
CUST-001132,2026-04-01,4,10.83,0.752,2026-04-27
CUST-001132,2026-05-01,12,17.97,0.767,2026-05-23
CUST-001132,2026-06-01,13,13.61,0.753,2026-06-24
CUST-001132,2026-07-01,12,11.76,0.739,2026-07-07
CUST-001132,2026-08-01,12,13.79,0.78,2026-08-21
CUST-001133,2026-03-01,18,27.51,0.483,2026-03-21
CUST-001133,2026-04-01,16,26.63,0.39,2026-04-15
CUST-001133,2026-05-01,16,22.11,0.351,2026-05-21
CUST-001133,2026-06-01,13,18.47,0.275,2026-06-22
CUST-001133,2026-07-01,12,18.65,0.281,2026-07-25
CUST-001133,2026-08-01,7,12.53,0.201,2026-08-22
CUST-001134,2026-03-01,14,19.54,0.775,2026-03-14
CUST-001134,2026-04-01,14,12.94,0.654,2026-04-22
CUST-001134,2026-05-01,14,22.08,0.741,2026-05-09
CUST-001134,2026-06-01,20,20.86,0.69,2026-06-15
CUST-001134,2026-07-01,16,15.41,0.717,2026-07-10
CUST-001134,2026-08-01,17,20.5,0.697,2026-08-07
CUST-001135,2026-03-01,18,45.34,0.807,2026-03-18
CUST-001135,2026-04-01,16,45.62,0.726,2026-04-11
CUST-001135,2026-05-01,21,51.08,0.858,2026-05-04
CUST-001135,2026-06-01,14,39.17,0.729,2026-06-23
CUST-001135,2026-07-01,15,37.29,0.636,2026-07-09
CUST-001135,2026-08-01,12,44.72,0.759,2026-08-07
CUST-001136,2026-03-01,10,35.98,0.777,2026-03-01
CUST-001136,2026-04-01,9,34.25,0.728,2026-04-15
CUST-001136,2026-05-01,8,29.35,0.706,2026-05-16
CUST-001136,2026-06-01,7,31.95,0.745,2026-06-16
CUST-001136,2026-07-01,8,34.01,0.791,2026-07-13
CUST-001136,2026-08-01,4,37.5,0.773,2026-08-23
CUST-001137,2026-03-01,19,43.53,0.564,2026-03-18
CUST-001137,2026-04-01,17,38.5,0.477,2026-04-09
CUST-001137,2026-05-01,18,49.77,0.573,2026-05-20
CUST-001137,2026-06-01,17,35.56,0.474,2026-06-05
CUST-001137,2026-07-01,20,45.15,0.515,2026-07-23
CUST-001137,2026-08-01,19,45.07,0.514,2026-08-19
CUST-001138,2026-03-01,9,38.37,0.651,2026-03-17
CUST-001138,2026-04-01,9,29.4,0.565,2026-04-06
CUST-001138,2026-05-01,6,23.01,0.556,2026-05-01
CUST-001138,2026-06-01,6,20.27,0.496,2026-06-05
CUST-001138,2026-07-01,7,18.45,0.42,2026-07-02
CUST-001138,2026-08-01,5,13.12,0.262,2026-08-08
CUST-001139,2026-03-01,13,18.63,0.547,2026-03-13
CUST-001139,2026-04-01,10,17.76,0.494,2026-04-02
CUST-001139,2026-05-01,8,19.48,0.491,2026-05-06
CUST-001139,2026-06-01,12,16.16,0.563,2026-06-18
CUST-001139,2026-07-01,16,17.83,0.579,2026-07-25
CUST-001139,2026-08-01,11,16.09,0.563,2026-08-21
CUST-001140,2026-03-01,19,27.11,0.456,2026-03-07
CUST-001140,2026-04-01,21,24.07,0.464,2026-04-02
CUST-001140,2026-05-01,20,20.24,0.449,2026-05-13
CUST-001140,2026-06-01,18,19.4,0.425,2026-06-14
CUST-001140,2026-07-01,14,23.07,0.434,2026-07-12
CUST-001140,2026-08-01,18,19.06,0.447,2026-08-25
CUST-001141,2026-03-01,23,34.13,0.73,2026-03-07
CUST-001141,2026-04-01,27,30.72,0.813,2026-04-25
CUST-001141,2026-05-01,28,32.11,0.758,2026-05-11
CUST-001141,2026-06-01,24,36.04,0.768,2026-06-11
CUST-001141,2026-07-01,21,34.68,0.694,2026-07-03
CUST-001141,2026-08-01,20,28.33,0.662,2026-08-01
CUST-001142,2026-03-01,22,29.34,0.793,2026-03-04
CUST-001142,2026-04-01,23,26.18,0.769,2026-04-08
CUST-001142,2026-05-01,21,29.2,0.728,2026-05-05
CUST-001142,2026-06-01,25,28.33,0.858,2026-06-27
CUST-001142,2026-07-01,28,28.82,0.823,2026-07-20
CUST-001142,2026-08-01,23,27.52,0.782,2026-08-08
CUST-001143,2026-03-01,14,28.77,0.466,2026-03-03
CUST-001143,2026-04-01,14,27.5,0.398,2026-04-22
CUST-001143,2026-05-01,13,30.95,0.447,2026-05-16
CUST-001143,2026-06-01,16,29.25,0.493,2026-06-14
CUST-001143,2026-07-01,15,31.64,0.482,2026-07-14
CUST-001143,2026-08-01,16,28.63,0.444,2026-08-11
CUST-001144,2026-03-01,24,25.97,0.634,2026-03-02
CUST-001144,2026-04-01,20,24.82,0.642,2026-04-21
CUST-001144,2026-05-01,22,28.78,0.65,2026-05-23
CUST-001144,2026-06-01,18,24.06,0.563,2026-06-08
CUST-001144,2026-07-01,24,27.35,0.72,2026-07-06
CUST-001144,2026-08-01,17,21.06,0.564,2026-08-12
CUST-001145,2026-03-01,22,17.97,0.247,2026-03-03
CUST-001145,2026-04-01,21,16.25,0.31,2026-04-10
CUST-001145,2026-05-01,12,11.44,0.277,2026-05-25
CUST-001145,2026-06-01,16,14.71,0.226,2026-06-04
CUST-001145,2026-07-01,11,10.37,0.121,2026-07-06
CUST-001145,2026-08-01,11,7.36,0.172,2026-08-09
CUST-001146,2026-03-01,17,39.5,0.491,2026-03-18
CUST-001146,2026-04-01,14,36.28,0.501,2026-04-04
CUST-001146,2026-05-01,14,32.39,0.487,2026-05-26
CUST-001146,2026-06-01,15,38.82,0.54,2026-06-06
CUST-001146,2026-07-01,15,42.09,0.528,2026-07-23
CUST-001146,2026-08-01,13,36.29,0.484,2026-08-06
CUST-001147,2026-03-01,15,27.8,0.532,2026-03-26
CUST-001147,2026-04-01,13,25.23,0.475,2026-04-15
CUST-001147,2026-05-01,13,24.41,0.508,2026-05-19
CUST-001147,2026-06-01,15,27.32,0.441,2026-06-02
CUST-001147,2026-07-01,19,20.57,0.436,2026-07-14
CUST-001147,2026-08-01,17,28.81,0.435,2026-08-24
CUST-001148,2026-03-01,17,32.11,0.579,2026-03-19
CUST-001148,2026-04-01,21,36.76,0.625,2026-04-07
CUST-001148,2026-05-01,14,29.37,0.52,2026-05-09
CUST-001148,2026-06-01,19,39.25,0.577,2026-06-22
CUST-001148,2026-07-01,17,33.46,0.547,2026-07-02
CUST-001148,2026-08-01,19,36.87,0.562,2026-08-24
CUST-001149,2026-03-01,23,47.8,0.75,2026-03-16
CUST-001149,2026-04-01,17,38.96,0.646,2026-04-22
CUST-001149,2026-05-01,22,47.12,0.72,2026-05-13
CUST-001149,2026-06-01,24,43.74,0.724,2026-06-15
CUST-001149,2026-07-01,23,41.49,0.723,2026-07-09
CUST-001149,2026-08-01,18,44.16,0.682,2026-08-10
CUST-001150,2026-03-01,8,23.15,0.593,2026-03-22
CUST-001150,2026-04-01,8,17.92,0.498,2026-04-23
CUST-001150,2026-05-01,8,18.17,0.54,2026-05-21
CUST-001150,2026-06-01,10,19.98,0.553,2026-06-08
CUST-001150,2026-07-01,4,18.78,0.56,2026-07-25
CUST-001150,2026-08-01,9,21.73,0.605,2026-08-09
CUST-001151,2026-03-01,18,22.03,0.753,2026-03-26
CUST-001151,2026-04-01,14,23.06,0.77,2026-04-21
CUST-001151,2026-05-01,16,23.93,0.821,2026-05-20
CUST-001151,2026-06-01,19,23.04,0.79,2026-06-06
CUST-001151,2026-07-01,19,25.12,0.743,2026-07-21
CUST-001151,2026-08-01,17,18.13,0.696,2026-08-23
CUST-001152,2026-03-01,20,35.16,0.656,2026-03-24
CUST-001152,2026-04-01,19,26.12,0.604,2026-04-04
CUST-001152,2026-05-01,21,37.16,0.692,2026-05-17
CUST-001152,2026-06-01,22,39.94,0.761,2026-06-07
CUST-001152,2026-07-01,20,39.3,0.6,2026-07-02
CUST-001152,2026-08-01,22,40.52,0.699,2026-08-11
CUST-001153,2026-03-01,19,31.64,0.245,2026-03-12
CUST-001153,2026-04-01,20,30.23,0.223,2026-04-20
CUST-001153,2026-05-01,14,20.94,0.22,2026-05-01
CUST-001153,2026-06-01,16,18.81,0.195,2026-06-16
CUST-001153,2026-07-01,10,18.59,0.173,2026-07-17
CUST-001153,2026-08-01,8,13.0,0.107,2026-08-10
CUST-001154,2026-03-01,20,14.02,0.552,2026-03-02
CUST-001154,2026-04-01,17,10.43,0.467,2026-04-23
CUST-001154,2026-05-01,14,11.34,0.412,2026-05-07
CUST-001154,2026-06-01,13,11.28,0.315,2026-06-12
CUST-001154,2026-07-01,11,3.43,0.21,2026-07-20
CUST-001154,2026-08-01,6,5.03,0.179,2026-08-13
CUST-001155,2026-03-01,15,10.99,0.362,2026-03-15
CUST-001155,2026-04-01,17,15.08,0.383,2026-04-19
CUST-001155,2026-05-01,19,5.95,0.404,2026-05-10
CUST-001155,2026-06-01,15,10.47,0.312,2026-06-08
CUST-001155,2026-07-01,17,13.64,0.359,2026-07-15
CUST-001155,2026-08-01,17,14.53,0.443,2026-08-14
CUST-001156,2026-03-01,11,29.52,0.368,2026-03-25
CUST-001156,2026-04-01,14,33.67,0.412,2026-04-19
CUST-001156,2026-05-01,15,29.11,0.356,2026-05-14
CUST-001156,2026-06-01,19,25.21,0.385,2026-06-16
CUST-001156,2026-07-01,14,20.86,0.37,2026-07-02
CUST-001156,2026-08-01,19,29.9,0.409,2026-08-19
CUST-001157,2026-03-01,10,11.13,0.624,2026-03-16
CUST-001157,2026-04-01,9,9.68,0.68,2026-04-14
CUST-001157,2026-05-01,7,13.01,0.655,2026-05-24
CUST-001157,2026-06-01,10,13.11,0.698,2026-06-12
CUST-001157,2026-07-01,11,9.0,0.671,2026-07-27
CUST-001157,2026-08-01,12,14.67,0.727,2026-08-20
CUST-001158,2026-03-01,19,19.87,0.444,2026-03-26
CUST-001158,2026-04-01,20,15.36,0.465,2026-04-05
CUST-001158,2026-05-01,19,15.22,0.43,2026-05-23
CUST-001158,2026-06-01,21,12.35,0.49,2026-06-03
CUST-001158,2026-07-01,21,16.76,0.478,2026-07-11
CUST-001158,2026-08-01,20,20.36,0.417,2026-08-15
CUST-001159,2026-03-01,21,36.59,0.447,2026-03-04
CUST-001159,2026-04-01,18,29.29,0.479,2026-04-10
CUST-001159,2026-05-01,16,29.48,0.389,2026-05-20
CUST-001159,2026-06-01,12,23.12,0.281,2026-06-03
CUST-001159,2026-07-01,13,22.83,0.3,2026-07-21
CUST-001159,2026-08-01,6,15.33,0.198,2026-08-21
CUST-001160,2026-03-01,29,40.3,0.833,2026-03-27
CUST-001160,2026-04-01,29,31.38,0.791,2026-04-16
CUST-001160,2026-05-01,24,35.22,0.72,2026-05-25
CUST-001160,2026-06-01,20,34.75,0.706,2026-06-09
CUST-001160,2026-07-01,25,34.19,0.801,2026-07-21
CUST-001160,2026-08-01,25,35.34,0.794,2026-08-07
CUST-001161,2026-03-01,19,30.57,0.698,2026-03-13
CUST-001161,2026-04-01,17,26.99,0.579,2026-04-13
CUST-001161,2026-05-01,13,25.74,0.467,2026-05-15
CUST-001161,2026-06-01,10,21.45,0.5,2026-06-19
CUST-001161,2026-07-01,11,20.12,0.384,2026-07-22
CUST-001161,2026-08-01,7,14.63,0.223,2026-08-10
CUST-001162,2026-03-01,11,28.85,0.653,2026-03-19
CUST-001162,2026-04-01,11,40.25,0.65,2026-04-23
CUST-001162,2026-05-01,8,39.85,0.672,2026-05-11
CUST-001162,2026-06-01,6,41.11,0.62,2026-06-13
CUST-001162,2026-07-01,6,39.65,0.656,2026-07-18
CUST-001162,2026-08-01,10,41.86,0.699,2026-08-25
CUST-001163,2026-03-01,19,29.45,0.786,2026-03-04
CUST-001163,2026-04-01,17,21.13,0.699,2026-04-05
CUST-001163,2026-05-01,20,29.0,0.806,2026-05-04
CUST-001163,2026-06-01,14,24.33,0.78,2026-06-16
CUST-001163,2026-07-01,16,20.35,0.696,2026-07-06
CUST-001163,2026-08-01,15,26.54,0.824,2026-08-04
CUST-001164,2026-03-01,15,23.53,0.405,2026-03-06
CUST-001164,2026-04-01,12,28.1,0.351,2026-04-11
CUST-001164,2026-05-01,12,24.77,0.42,2026-05-10
CUST-001164,2026-06-01,15,26.46,0.307,2026-06-13
CUST-001164,2026-07-01,14,21.28,0.35,2026-07-18
CUST-001164,2026-08-01,14,33.48,0.381,2026-08-21
CUST-001165,2026-03-01,23,32.87,0.456,2026-03-12
CUST-001165,2026-04-01,25,31.83,0.474,2026-04-11
CUST-001165,2026-05-01,24,35.84,0.484,2026-05-10
CUST-001165,2026-06-01,20,26.43,0.456,2026-06-01
CUST-001165,2026-07-01,23,28.39,0.449,2026-07-02
CUST-001165,2026-08-01,20,30.36,0.444,2026-08-08
CUST-001166,2026-03-01,11,29.55,0.555,2026-03-13
CUST-001166,2026-04-01,12,23.23,0.647,2026-04-19
CUST-001166,2026-05-01,16,28.39,0.633,2026-05-06
CUST-001166,2026-06-01,9,23.29,0.603,2026-06-08
CUST-001166,2026-07-01,12,23.85,0.562,2026-07-12
CUST-001166,2026-08-01,10,24.94,0.603,2026-08-14
CUST-001167,2026-03-01,10,39.3,0.72,2026-03-03
CUST-001167,2026-04-01,11,34.62,0.73,2026-04-17
CUST-001167,2026-05-01,14,36.03,0.796,2026-05-06
CUST-001167,2026-06-01,12,40.6,0.81,2026-06-13
CUST-001167,2026-07-01,12,37.71,0.598,2026-07-20
CUST-001167,2026-08-01,14,41.36,0.787,2026-08-09
CUST-001168,2026-03-01,5,35.3,0.69,2026-03-17
CUST-001168,2026-04-01,7,25.33,0.624,2026-04-21
CUST-001168,2026-05-01,7,26.64,0.532,2026-05-11
CUST-001168,2026-06-01,5,24.57,0.472,2026-06-21
CUST-001168,2026-07-01,5,17.38,0.325,2026-07-01
CUST-001168,2026-08-01,3,18.03,0.281,2026-08-07
CUST-001169,2026-03-01,11,37.36,0.716,2026-03-09
CUST-001169,2026-04-01,12,35.54,0.753,2026-04-05
CUST-001169,2026-05-01,12,40.88,0.788,2026-05-02
CUST-001169,2026-06-01,15,41.65,0.786,2026-06-10
CUST-001169,2026-07-01,10,38.88,0.789,2026-07-13
CUST-001169,2026-08-01,12,36.66,0.787,2026-08-03
CUST-001170,2026-03-01,15,35.65,0.403,2026-03-06
CUST-001170,2026-04-01,11,25.47,0.37,2026-04-25
CUST-001170,2026-05-01,10,24.3,0.32,2026-05-19
CUST-001170,2026-06-01,10,19.59,0.238,2026-06-21
CUST-001170,2026-07-01,8,20.36,0.241,2026-07-17
CUST-001170,2026-08-01,5,15.09,0.152,2026-08-07
CUST-001171,2026-03-01,13,19.35,0.468,2026-03-26
CUST-001171,2026-04-01,10,20.9,0.364,2026-04-22
CUST-001171,2026-05-01,12,22.95,0.374,2026-05-15
CUST-001171,2026-06-01,10,14.88,0.3,2026-06-03
CUST-001171,2026-07-01,5,10.49,0.269,2026-07-23
CUST-001171,2026-08-01,6,10.73,0.201,2026-08-14
CUST-001172,2026-03-01,18,21.45,0.788,2026-03-12
CUST-001172,2026-04-01,18,15.09,0.776,2026-04-12
CUST-001172,2026-05-01,17,9.6,0.742,2026-05-27
CUST-001172,2026-06-01,20,10.31,0.725,2026-06-04
CUST-001172,2026-07-01,17,13.11,0.803,2026-07-12
CUST-001172,2026-08-01,19,27.36,0.973,2026-08-03
CUST-001173,2026-03-01,17,22.69,0.524,2026-03-04
CUST-001173,2026-04-01,20,18.49,0.508,2026-04-09
CUST-001173,2026-05-01,21,20.3,0.55,2026-05-26
CUST-001173,2026-06-01,21,18.82,0.569,2026-06-23
CUST-001173,2026-07-01,19,18.14,0.487,2026-07-10
CUST-001173,2026-08-01,16,15.79,0.493,2026-08-23
CUST-001174,2026-03-01,24,9.04,0.25,2026-03-27
CUST-001174,2026-04-01,19,18.01,0.32,2026-04-10
CUST-001174,2026-05-01,25,9.58,0.287,2026-05-07
CUST-001174,2026-06-01,22,16.71,0.332,2026-06-16
CUST-001174,2026-07-01,19,7.02,0.268,2026-07-09
CUST-001174,2026-08-01,22,10.11,0.299,2026-08-02
CUST-001175,2026-03-01,9,13.69,0.39,2026-03-20
CUST-001175,2026-04-01,4,13.87,0.32,2026-04-15
CUST-001175,2026-05-01,6,16.14,0.293,2026-05-21
CUST-001175,2026-06-01,5,10.06,0.224,2026-06-22
CUST-001175,2026-07-01,6,10.07,0.204,2026-07-07
CUST-001175,2026-08-01,4,3.35,0.116,2026-08-20
CUST-001176,2026-03-01,21,9.56,0.784,2026-03-27
CUST-001176,2026-04-01,15,14.07,0.753,2026-04-09
CUST-001176,2026-05-01,19,6.58,0.729,2026-05-24
CUST-001176,2026-06-01,15,9.47,0.72,2026-06-15
CUST-001176,2026-07-01,14,12.1,0.736,2026-07-16
CUST-001176,2026-08-01,19,8.49,0.76,2026-08-15
CUST-001177,2026-03-01,8,38.41,0.489,2026-03-18
CUST-001177,2026-04-01,3,38.76,0.47,2026-04-26
CUST-001177,2026-05-01,6,31.01,0.384,2026-05-20
CUST-001177,2026-06-01,4,26.72,0.323,2026-06-17
CUST-001177,2026-07-01,6,30.33,0.249,2026-07-23
CUST-001177,2026-08-01,2,16.38,0.185,2026-08-21
CUST-001178,2026-03-01,20,21.07,0.408,2026-03-21
CUST-001178,2026-04-01,18,22.06,0.348,2026-04-23
CUST-001178,2026-05-01,14,16.95,0.343,2026-05-17
CUST-001178,2026-06-01,10,17.96,0.29,2026-06-11
CUST-001178,2026-07-01,11,18.1,0.229,2026-07-10
CUST-001178,2026-08-01,10,13.16,0.176,2026-08-25
CUST-001179,2026-03-01,19,26.51,0.437,2026-03-07
CUST-001179,2026-04-01,20,33.23,0.369,2026-04-21
CUST-001179,2026-05-01,16,27.36,0.395,2026-05-08
CUST-001179,2026-06-01,16,28.25,0.395,2026-06-16
CUST-001179,2026-07-01,19,32.31,0.393,2026-07-17
CUST-001179,2026-08-01,15,33.96,0.456,2026-08-11
CUST-001180,2026-03-01,20,22.89,0.598,2026-03-03
CUST-001180,2026-04-01,18,22.65,0.574,2026-04-03
CUST-001180,2026-05-01,16,19.4,0.497,2026-05-15
CUST-001180,2026-06-01,11,14.35,0.465,2026-06-12
CUST-001180,2026-07-01,10,14.17,0.304,2026-07-05
CUST-001180,2026-08-01,8,9.66,0.271,2026-08-23
CUST-001181,2026-03-01,11,34.3,0.567,2026-03-07
CUST-001181,2026-04-01,10,40.96,0.735,2026-04-23
CUST-001181,2026-05-01,10,39.54,0.615,2026-05-26
CUST-001181,2026-06-01,9,43.17,0.668,2026-06-11
CUST-001181,2026-07-01,9,37.48,0.617,2026-07-24
CUST-001181,2026-08-01,8,40.36,0.619,2026-08-22
CUST-001182,2026-03-01,13,23.19,0.591,2026-03-04
CUST-001182,2026-04-01,16,23.69,0.616,2026-04-14
CUST-001182,2026-05-01,13,20.78,0.636,2026-05-02
CUST-001182,2026-06-01,13,27.63,0.632,2026-06-08
CUST-001182,2026-07-01,15,21.75,0.683,2026-07-24
CUST-001182,2026-08-01,12,23.23,0.692,2026-08-16
CUST-001183,2026-03-01,9,12.25,0.379,2026-03-15
CUST-001183,2026-04-01,18,10.39,0.345,2026-04-02
CUST-001183,2026-05-01,20,7.93,0.35,2026-05-24
CUST-001183,2026-06-01,16,2.57,0.282,2026-06-12
CUST-001183,2026-07-01,17,12.15,0.324,2026-07-19
CUST-001183,2026-08-01,12,8.36,0.353,2026-08-01
CUST-001184,2026-03-01,21,19.63,0.54,2026-03-19
CUST-001184,2026-04-01,25,15.56,0.471,2026-04-21
CUST-001184,2026-05-01,21,13.18,0.534,2026-05-24
CUST-001184,2026-06-01,22,13.78,0.533,2026-06-07
CUST-001184,2026-07-01,21,11.42,0.457,2026-07-27
CUST-001184,2026-08-01,23,14.31,0.479,2026-08-05
CUST-001185,2026-03-01,11,25.58,0.484,2026-03-21
CUST-001185,2026-04-01,7,24.55,0.335,2026-04-04
CUST-001185,2026-05-01,7,23.94,0.372,2026-05-10
CUST-001185,2026-06-01,7,20.65,0.308,2026-06-17
CUST-001185,2026-07-01,10,13.97,0.282,2026-07-18
CUST-001185,2026-08-01,7,10.76,0.169,2026-08-10
CUST-001186,2026-03-01,18,16.23,0.305,2026-03-23
CUST-001186,2026-04-01,22,14.8,0.292,2026-04-20
CUST-001186,2026-05-01,25,11.39,0.369,2026-05-27
CUST-001186,2026-06-01,18,9.4,0.309,2026-06-13
CUST-001186,2026-07-01,21,19.95,0.38,2026-07-03
CUST-001186,2026-08-01,25,22.77,0.315,2026-08-27
CUST-001187,2026-03-01,13,12.54,0.399,2026-03-06
CUST-001187,2026-04-01,18,17.4,0.459,2026-04-18
CUST-001187,2026-05-01,20,21.37,0.412,2026-05-09
CUST-001187,2026-06-01,14,19.64,0.489,2026-06-11
CUST-001187,2026-07-01,22,15.55,0.447,2026-07-11
CUST-001187,2026-08-01,20,15.94,0.419,2026-08-20
CUST-001188,2026-03-01,23,11.88,0.604,2026-03-16
CUST-001188,2026-04-01,25,14.44,0.578,2026-04-19
CUST-001188,2026-05-01,23,10.67,0.614,2026-05-09
CUST-001188,2026-06-01,25,15.15,0.579,2026-06-04
CUST-001188,2026-07-01,23,15.37,0.59,2026-07-25
CUST-001188,2026-08-01,20,13.72,0.555,2026-08-21
CUST-001189,2026-03-01,15,33.91,0.684,2026-03-05
CUST-001189,2026-04-01,15,29.1,0.644,2026-04-09
CUST-001189,2026-05-01,15,31.82,0.632,2026-05-20
CUST-001189,2026-06-01,18,34.69,0.588,2026-06-02
CUST-001189,2026-07-01,14,26.12,0.584,2026-07-23
CUST-001189,2026-08-01,15,29.98,0.641,2026-08-16
CUST-001190,2026-03-01,21,27.61,0.662,2026-03-01
CUST-001190,2026-04-01,18,28.45,0.649,2026-04-03
CUST-001190,2026-05-01,19,34.35,0.607,2026-05-21
CUST-001190,2026-06-01,20,32.13,0.652,2026-06-04
CUST-001190,2026-07-01,18,32.72,0.708,2026-07-02
CUST-001190,2026-08-01,20,33.28,0.685,2026-08-11
CUST-001191,2026-03-01,9,15.44,0.54,2026-03-02
CUST-001191,2026-04-01,11,8.82,0.588,2026-04-12
CUST-001191,2026-05-01,11,8.26,0.578,2026-05-05
CUST-001191,2026-06-01,10,7.62,0.633,2026-06-18
CUST-001191,2026-07-01,8,7.38,0.551,2026-07-26
CUST-001191,2026-08-01,10,13.15,0.589,2026-08-04
CUST-001192,2026-03-01,15,32.07,0.364,2026-03-15
CUST-001192,2026-04-01,18,33.45,0.382,2026-04-26
CUST-001192,2026-05-01,20,29.92,0.404,2026-05-23
CUST-001192,2026-06-01,20,35.8,0.387,2026-06-08
CUST-001192,2026-07-01,22,33.27,0.386,2026-07-21
CUST-001192,2026-08-01,17,34.34,0.368,2026-08-15
CUST-001193,2026-03-01,11,27.01,0.492,2026-03-20
CUST-001193,2026-04-01,14,21.09,0.466,2026-04-06
CUST-001193,2026-05-01,10,25.91,0.474,2026-05-24
CUST-001193,2026-06-01,11,24.77,0.5,2026-06-15
CUST-001193,2026-07-01,15,26.82,0.546,2026-07-15
CUST-001193,2026-08-01,13,27.89,0.583,2026-08-04
CUST-001194,2026-03-01,13,40.74,0.583,2026-03-08
CUST-001194,2026-04-01,15,35.18,0.648,2026-04-13
CUST-001194,2026-05-01,13,42.64,0.544,2026-05-04
CUST-001194,2026-06-01,14,44.47,0.584,2026-06-02
CUST-001194,2026-07-01,16,50.75,0.625,2026-07-22
CUST-001194,2026-08-01,11,44.11,0.596,2026-08-06
CUST-001195,2026-03-01,24,21.92,0.481,2026-03-18
CUST-001195,2026-04-01,23,25.79,0.502,2026-04-01
CUST-001195,2026-05-01,21,25.54,0.487,2026-05-03
CUST-001195,2026-06-01,19,19.28,0.508,2026-06-10
CUST-001195,2026-07-01,23,22.5,0.477,2026-07-05
CUST-001195,2026-08-01,21,18.56,0.43,2026-08-05
CUST-001196,2026-03-01,7,16.85,0.43,2026-03-18
CUST-001196,2026-04-01,8,12.33,0.435,2026-04-21
CUST-001196,2026-05-01,7,14.21,0.371,2026-05-10
CUST-001196,2026-06-01,4,7.73,0.338,2026-06-15
CUST-001196,2026-07-01,6,9.06,0.232,2026-07-23
CUST-001196,2026-08-01,2,7.34,0.215,2026-08-07
CUST-001197,2026-03-01,11,41.41,0.567,2026-03-06
CUST-001197,2026-04-01,12,43.04,0.545,2026-04-12
CUST-001197,2026-05-01,12,45.38,0.551,2026-05-04
CUST-001197,2026-06-01,12,47.21,0.582,2026-06-06
CUST-001197,2026-07-01,11,40.17,0.521,2026-07-23
CUST-001197,2026-08-01,14,40.89,0.58,2026-08-13
CUST-001198,2026-03-01,12,39.85,0.66,2026-03-14
CUST-001198,2026-04-01,11,30.75,0.585,2026-04-11
CUST-001198,2026-05-01,9,30.36,0.624,2026-05-10
CUST-001198,2026-06-01,8,31.97,0.593,2026-06-20
CUST-001198,2026-07-01,13,38.31,0.749,2026-07-23
CUST-001198,2026-08-01,9,39.31,0.609,2026-08-17
CUST-001199,2026-03-01,22,37.19,0.648,2026-03-08
CUST-001199,2026-04-01,18,36.17,0.701,2026-04-25
CUST-001199,2026-05-01,16,37.22,0.725,2026-05-08
CUST-001199,2026-06-01,19,44.32,0.686,2026-06-05
CUST-001199,2026-07-01,16,41.1,0.76,2026-07-19
CUST-001199,2026-08-01,17,40.53,0.724,2026-08-07
CUST-001200,2026-03-01,11,29.19,0.492,2026-03-06
CUST-001200,2026-04-01,12,33.2,0.458,2026-04-24
CUST-001200,2026-05-01,13,28.98,0.437,2026-05-15
CUST-001200,2026-06-01,10,31.78,0.433,2026-06-06
CUST-001200,2026-07-01,13,28.27,0.423,2026-07-21
CUST-001200,2026-08-01,17,38.05,0.472,2026-08-04
CUST-001201,2026-03-01,24,13.18,0.667,2026-03-13
CUST-001201,2026-04-01,22,20.71,0.694,2026-04-08
CUST-001201,2026-05-01,23,23.27,0.688,2026-05-13
CUST-001201,2026-06-01,25,19.52,0.673,2026-06-27
CUST-001201,2026-07-01,19,15.45,0.576,2026-07-24
CUST-001201,2026-08-01,23,13.39,0.696,2026-08-08
CUST-001202,2026-03-01,15,28.64,0.288,2026-03-23
CUST-001202,2026-04-01,13,30.81,0.336,2026-04-16
CUST-001202,2026-05-01,16,38.35,0.364,2026-05-21
CUST-001202,2026-06-01,12,29.09,0.315,2026-06-05
CUST-001202,2026-07-01,15,31.1,0.242,2026-07-02
CUST-001202,2026-08-01,12,30.38,0.33,2026-08-12
CUST-001203,2026-03-01,21,34.07,0.662,2026-03-04
CUST-001203,2026-04-01,16,34.6,0.655,2026-04-01
CUST-001203,2026-05-01,13,30.01,0.655,2026-05-11
CUST-001203,2026-06-01,17,31.26,0.69,2026-06-16
CUST-001203,2026-07-01,22,36.58,0.703,2026-07-06
CUST-001203,2026-08-01,19,41.07,0.725,2026-08-11
CUST-001204,2026-03-01,19,33.65,0.485,2026-03-03
CUST-001204,2026-04-01,19,34.72,0.562,2026-04-22
CUST-001204,2026-05-01,18,39.91,0.466,2026-05-01
CUST-001204,2026-06-01,15,35.72,0.561,2026-06-10
CUST-001204,2026-07-01,22,42.73,0.552,2026-07-08
CUST-001204,2026-08-01,18,41.76,0.518,2026-08-09
CUST-001205,2026-03-01,21,45.93,0.668,2026-03-07
CUST-001205,2026-04-01,17,35.84,0.543,2026-04-11
CUST-001205,2026-05-01,14,36.1,0.548,2026-05-04
CUST-001205,2026-06-01,16,42.19,0.586,2026-06-08
CUST-001205,2026-07-01,22,43.24,0.633,2026-07-26
CUST-001205,2026-08-01,17,35.72,0.536,2026-08-27
CUST-001206,2026-03-01,14,26.07,0.639,2026-03-16
CUST-001206,2026-04-01,10,26.59,0.653,2026-04-11
CUST-001206,2026-05-01,15,32.07,0.644,2026-05-20
CUST-001206,2026-06-01,9,27.07,0.608,2026-06-07
CUST-001206,2026-07-01,13,26.19,0.57,2026-07-07
CUST-001206,2026-08-01,9,29.48,0.588,2026-08-16
CUST-001207,2026-03-01,16,26.92,0.664,2026-03-19
CUST-001207,2026-04-01,21,29.4,0.592,2026-04-05
CUST-001207,2026-05-01,23,28.84,0.715,2026-05-18
CUST-001207,2026-06-01,21,28.43,0.641,2026-06-27
CUST-001207,2026-07-01,20,21.17,0.571,2026-07-21
CUST-001207,2026-08-01,21,32.25,0.63,2026-08-04
CUST-001208,2026-03-01,22,36.13,0.474,2026-03-15
CUST-001208,2026-04-01,21,31.11,0.392,2026-04-20
CUST-001208,2026-05-01,21,33.12,0.379,2026-05-19
CUST-001208,2026-06-01,24,36.2,0.482,2026-06-06
CUST-001208,2026-07-01,20,32.16,0.443,2026-07-11
CUST-001208,2026-08-01,17,33.76,0.4,2026-08-19
CUST-001209,2026-03-01,13,40.76,0.706,2026-03-02
CUST-001209,2026-04-01,11,34.38,0.588,2026-04-23
CUST-001209,2026-05-01,17,23.57,0.606,2026-05-06
CUST-001209,2026-06-01,10,26.42,0.446,2026-06-11
CUST-001209,2026-07-01,10,23.12,0.395,2026-07-15
CUST-001209,2026-08-01,11,18.39,0.292,2026-08-21
CUST-001210,2026-03-01,10,32.52,0.575,2026-03-23
CUST-001210,2026-04-01,12,33.51,0.465,2026-04-18
CUST-001210,2026-05-01,5,32.82,0.427,2026-05-06
CUST-001210,2026-06-01,4,26.08,0.386,2026-06-20
CUST-001210,2026-07-01,6,19.65,0.285,2026-07-08
CUST-001210,2026-08-01,2,16.16,0.219,2026-08-27
CUST-001211,2026-03-01,15,29.97,0.677,2026-03-06
CUST-001211,2026-04-01,12,27.76,0.773,2026-04-03
CUST-001211,2026-05-01,12,21.73,0.684,2026-05-08
CUST-001211,2026-06-01,13,26.92,0.721,2026-06-10
CUST-001211,2026-07-01,13,25.71,0.68,2026-07-14
CUST-001211,2026-08-01,17,33.85,0.761,2026-08-03
CUST-001212,2026-03-01,21,41.6,0.794,2026-03-16
CUST-001212,2026-04-01,25,39.36,0.806,2026-04-13
CUST-001212,2026-05-01,27,41.7,0.742,2026-05-04
CUST-001212,2026-06-01,24,40.47,0.712,2026-06-14
CUST-001212,2026-07-01,23,42.43,0.835,2026-07-22
CUST-001212,2026-08-01,26,38.7,0.753,2026-08-19
CUST-001213,2026-03-01,24,31.81,0.401,2026-03-10
CUST-001213,2026-04-01,20,28.38,0.366,2026-04-05
CUST-001213,2026-05-01,24,26.97,0.32,2026-05-06
CUST-001213,2026-06-01,23,30.83,0.338,2026-06-27
CUST-001213,2026-07-01,22,31.1,0.351,2026-07-14
CUST-001213,2026-08-01,24,28.94,0.346,2026-08-26
CUST-001214,2026-03-01,25,37.05,0.394,2026-03-05
CUST-001214,2026-04-01,21,27.42,0.356,2026-04-25
CUST-001214,2026-05-01,20,31.63,0.382,2026-05-21
CUST-001214,2026-06-01,26,28.73,0.291,2026-06-17
CUST-001214,2026-07-01,23,41.26,0.377,2026-07-26
CUST-001214,2026-08-01,24,34.99,0.322,2026-08-25
CUST-001215,2026-03-01,15,46.08,0.5,2026-03-02
CUST-001215,2026-04-01,15,48.37,0.511,2026-04-23
CUST-001215,2026-05-01,12,47.11,0.442,2026-05-19
CUST-001215,2026-06-01,11,38.05,0.461,2026-06-24
CUST-001215,2026-07-01,11,41.93,0.498,2026-07-25
CUST-001215,2026-08-01,15,40.87,0.504,2026-08-14
CUST-001216,2026-03-01,17,43.74,0.374,2026-03-22
CUST-001216,2026-04-01,16,38.03,0.333,2026-04-01
CUST-001216,2026-05-01,12,33.31,0.324,2026-05-19
CUST-001216,2026-06-01,13,27.35,0.269,2026-06-07
CUST-001216,2026-07-01,8,20.67,0.215,2026-07-21
CUST-001216,2026-08-01,7,17.65,0.182,2026-08-27
CUST-001217,2026-03-01,15,27.86,0.319,2026-03-17
CUST-001217,2026-04-01,12,20.66,0.243,2026-04-26
CUST-001217,2026-05-01,9,16.35,0.145,2026-05-05
CUST-001217,2026-06-01,12,20.18,0.206,2026-06-20
CUST-001217,2026-07-01,8,16.36,0.142,2026-07-11
CUST-001217,2026-08-01,6,11.87,0.106,2026-08-06
CUST-001218,2026-03-01,29,23.97,0.413,2026-03-06
CUST-001218,2026-04-01,24,25.24,0.455,2026-04-17
CUST-001218,2026-05-01,21,20.64,0.391,2026-05-19
CUST-001218,2026-06-01,22,30.72,0.439,2026-06-11
CUST-001218,2026-07-01,21,29.46,0.43,2026-07-10
CUST-001218,2026-08-01,25,23.13,0.421,2026-08-14
CUST-001219,2026-03-01,18,40.04,0.734,2026-03-04
CUST-001219,2026-04-01,22,39.11,0.735,2026-04-26
CUST-001219,2026-05-01,16,39.7,0.764,2026-05-11
CUST-001219,2026-06-01,22,48.78,0.757,2026-06-25
CUST-001219,2026-07-01,21,40.3,0.755,2026-07-08
CUST-001219,2026-08-01,19,36.2,0.765,2026-08-02
CUST-001220,2026-03-01,12,12.76,0.251,2026-03-01
CUST-001220,2026-04-01,10,13.44,0.269,2026-04-15
CUST-001220,2026-05-01,6,13.26,0.226,2026-05-12
CUST-001220,2026-06-01,8,5.42,0.178,2026-06-02
CUST-001220,2026-07-01,8,3.26,0.186,2026-07-07
CUST-001220,2026-08-01,4,12.17,0.114,2026-08-17
CUST-001221,2026-03-01,22,11.72,0.573,2026-03-14
CUST-001221,2026-04-01,21,15.1,0.526,2026-04-23
CUST-001221,2026-05-01,17,7.39,0.498,2026-05-11
CUST-001221,2026-06-01,21,15.82,0.567,2026-06-23
CUST-001221,2026-07-01,22,13.97,0.532,2026-07-20
CUST-001221,2026-08-01,21,11.06,0.619,2026-08-18
CUST-001222,2026-03-01,23,21.1,0.681,2026-03-01
CUST-001222,2026-04-01,20,28.15,0.656,2026-04-11
CUST-001222,2026-05-01,23,27.13,0.697,2026-05-27
CUST-001222,2026-06-01,25,21.88,0.755,2026-06-21
CUST-001222,2026-07-01,24,25.58,0.755,2026-07-16
CUST-001222,2026-08-01,26,22.4,0.632,2026-08-03
CUST-001223,2026-03-01,17,21.44,0.783,2026-03-22
CUST-001223,2026-04-01,12,23.46,0.667,2026-04-16
CUST-001223,2026-05-01,14,24.74,0.777,2026-05-04
CUST-001223,2026-06-01,11,19.19,0.745,2026-06-18
CUST-001223,2026-07-01,12,22.85,0.786,2026-07-20
CUST-001223,2026-08-01,13,20.85,0.76,2026-08-22
CUST-001224,2026-03-01,12,38.05,0.625,2026-03-23
CUST-001224,2026-04-01,11,31.03,0.542,2026-04-26
CUST-001224,2026-05-01,15,28.72,0.556,2026-05-15
CUST-001224,2026-06-01,12,32.46,0.578,2026-06-06
CUST-001224,2026-07-01,8,29.36,0.507,2026-07-18
CUST-001224,2026-08-01,11,37.75,0.565,2026-08-21
CUST-001225,2026-03-01,20,24.17,0.593,2026-03-19
CUST-001225,2026-04-01,16,15.3,0.582,2026-04-03
CUST-001225,2026-05-01,16,14.79,0.511,2026-05-04
CUST-001225,2026-06-01,15,10.88,0.414,2026-06-21
CUST-001225,2026-07-01,11,10.26,0.392,2026-07-06
CUST-001225,2026-08-01,8,8.13,0.337,2026-08-06
CUST-001226,2026-03-01,24,32.41,0.453,2026-03-24
CUST-001226,2026-04-01,19,25.89,0.361,2026-04-22
CUST-001226,2026-05-01,25,36.22,0.37,2026-05-09
CUST-001226,2026-06-01,24,39.17,0.451,2026-06-05
CUST-001226,2026-07-01,25,37.99,0.374,2026-07-16
CUST-001226,2026-08-01,22,31.2,0.348,2026-08-10
CUST-001227,2026-03-01,7,21.22,0.629,2026-03-11
CUST-001227,2026-04-01,7,19.02,0.599,2026-04-19
CUST-001227,2026-05-01,4,19.67,0.409,2026-05-20
CUST-001227,2026-06-01,4,14.33,0.386,2026-06-16
CUST-001227,2026-07-01,4,10.2,0.367,2026-07-09
CUST-001227,2026-08-01,5,11.85,0.234,2026-08-13
CUST-001228,2026-03-01,26,12.23,0.74,2026-03-22
CUST-001228,2026-04-01,19,5.28,0.706,2026-04-02
CUST-001228,2026-05-01,17,15.13,0.718,2026-05-20
CUST-001228,2026-06-01,17,14.68,0.778,2026-06-03
CUST-001228,2026-07-01,19,11.03,0.633,2026-07-09
CUST-001228,2026-08-01,19,9.7,0.776,2026-08-21
CUST-001229,2026-03-01,21,7.26,0.471,2026-03-20
CUST-001229,2026-04-01,19,5.49,0.442,2026-04-23
CUST-001229,2026-05-01,19,6.43,0.395,2026-05-21
CUST-001229,2026-06-01,17,11.02,0.321,2026-06-15
CUST-001229,2026-07-01,13,11.31,0.244,2026-07-20
CUST-001229,2026-08-01,6,4.12,0.219,2026-08-04
CUST-001230,2026-03-01,10,39.81,0.361,2026-03-23
CUST-001230,2026-04-01,5,34.39,0.274,2026-04-27
CUST-001230,2026-05-01,12,29.09,0.269,2026-05-03
CUST-001230,2026-06-01,5,25.98,0.183,2026-06-18
CUST-001230,2026-07-01,4,18.28,0.15,2026-07-13
CUST-001230,2026-08-01,4,18.11,0.101,2026-08-08
CUST-001231,2026-03-01,13,18.99,0.475,2026-03-19
CUST-001231,2026-04-01,10,20.4,0.452,2026-04-07
CUST-001231,2026-05-01,10,10.56,0.375,2026-05-22
CUST-001231,2026-06-01,8,12.08,0.284,2026-06-21
CUST-001231,2026-07-01,5,9.46,0.317,2026-07-01
CUST-001231,2026-08-01,3,2.53,0.234,2026-08-03
CUST-001232,2026-03-01,12,38.41,0.605,2026-03-03
CUST-001232,2026-04-01,13,41.81,0.634,2026-04-22
CUST-001232,2026-05-01,13,44.69,0.68,2026-05-16
CUST-001232,2026-06-01,12,40.55,0.64,2026-06-14
CUST-001232,2026-07-01,13,46.32,0.58,2026-07-03
CUST-001232,2026-08-01,7,45.93,0.703,2026-08-23
CUST-001233,2026-03-01,7,28.81,0.469,2026-03-02
CUST-001233,2026-04-01,5,27.99,0.439,2026-04-03
CUST-001233,2026-05-01,7,27.34,0.372,2026-05-27
CUST-001233,2026-06-01,5,20.69,0.32,2026-06-24
CUST-001233,2026-07-01,3,14.28,0.23,2026-07-14
CUST-001233,2026-08-01,7,18.75,0.196,2026-08-05
CUST-001234,2026-03-01,15,41.84,0.531,2026-03-15
CUST-001234,2026-04-01,19,44.77,0.554,2026-04-25
CUST-001234,2026-05-01,17,45.74,0.579,2026-05-21
CUST-001234,2026-06-01,16,50.87,0.532,2026-06-13
CUST-001234,2026-07-01,17,40.62,0.504,2026-07-05
CUST-001234,2026-08-01,16,49.11,0.613,2026-08-02
CUST-001235,2026-03-01,18,31.23,0.599,2026-03-23
CUST-001235,2026-04-01,18,26.19,0.59,2026-04-18
CUST-001235,2026-05-01,16,29.37,0.657,2026-05-05
CUST-001235,2026-06-01,18,22.52,0.642,2026-06-01
CUST-001235,2026-07-01,21,25.09,0.669,2026-07-24
CUST-001235,2026-08-01,18,21.29,0.702,2026-08-14
CUST-001236,2026-03-01,10,21.75,0.355,2026-03-09
CUST-001236,2026-04-01,9,21.43,0.323,2026-04-01
CUST-001236,2026-05-01,7,21.28,0.328,2026-05-10
CUST-001236,2026-06-01,10,22.18,0.36,2026-06-23
CUST-001236,2026-07-01,9,23.6,0.348,2026-07-12
CUST-001236,2026-08-01,7,19.48,0.301,2026-08-18
CUST-001237,2026-03-01,19,35.07,0.288,2026-03-05
CUST-001237,2026-04-01,15,29.66,0.231,2026-04-01
CUST-001237,2026-05-01,19,19.22,0.252,2026-05-16
CUST-001237,2026-06-01,11,21.41,0.232,2026-06-14
CUST-001237,2026-07-01,10,15.24,0.147,2026-07-08
CUST-001237,2026-08-01,6,4.17,0.072,2026-08-01
CUST-001238,2026-03-01,19,36.21,0.462,2026-03-02
CUST-001238,2026-04-01,23,36.45,0.448,2026-04-01
CUST-001238,2026-05-01,21,37.62,0.423,2026-05-06
CUST-001238,2026-06-01,21,35.58,0.449,2026-06-15
CUST-001238,2026-07-01,21,37.54,0.47,2026-07-25
CUST-001238,2026-08-01,19,39.68,0.399,2026-08-12
CUST-001239,2026-03-01,8,14.26,0.622,2026-03-09
CUST-001239,2026-04-01,9,19.63,0.606,2026-04-24
CUST-001239,2026-05-01,8,18.46,0.591,2026-05-09
CUST-001239,2026-06-01,8,19.26,0.578,2026-06-13
CUST-001239,2026-07-01,8,23.87,0.712,2026-07-23
CUST-001239,2026-08-01,7,18.36,0.58,2026-08-16
CUST-001240,2026-03-01,11,29.7,0.359,2026-03-26
CUST-001240,2026-04-01,10,32.97,0.342,2026-04-17
CUST-001240,2026-05-01,9,24.66,0.377,2026-05-24
CUST-001240,2026-06-01,15,25.26,0.444,2026-06-02
CUST-001240,2026-07-01,9,23.29,0.342,2026-07-19
CUST-001240,2026-08-01,14,25.35,0.36,2026-08-16
CUST-001241,2026-03-01,23,24.07,0.574,2026-03-19
CUST-001241,2026-04-01,19,21.78,0.577,2026-04-17
CUST-001241,2026-05-01,19,22.49,0.626,2026-05-15
CUST-001241,2026-06-01,23,22.64,0.607,2026-06-21
CUST-001241,2026-07-01,22,20.99,0.639,2026-07-10
CUST-001241,2026-08-01,21,29.94,0.666,2026-08-17
CUST-001242,2026-03-01,6,30.34,0.646,2026-03-09
CUST-001242,2026-04-01,5,33.03,0.551,2026-04-25
CUST-001242,2026-05-01,6,25.18,0.539,2026-05-13
CUST-001242,2026-06-01,5,28.77,0.387,2026-06-26
CUST-001242,2026-07-01,2,24.18,0.354,2026-07-16
CUST-001242,2026-08-01,2,19.3,0.238,2026-08-01
CUST-001243,2026-03-01,18,22.49,0.441,2026-03-22
CUST-001243,2026-04-01,17,25.56,0.45,2026-04-06
CUST-001243,2026-05-01,17,24.84,0.418,2026-05-10
CUST-001243,2026-06-01,18,26.03,0.508,2026-06-11
CUST-001243,2026-07-01,22,28.13,0.545,2026-07-07
CUST-001243,2026-08-01,15,32.35,0.504,2026-08-16
CUST-001244,2026-03-01,23,27.14,0.424,2026-03-02
CUST-001244,2026-04-01,20,34.42,0.486,2026-04-01
CUST-001244,2026-05-01,21,24.9,0.387,2026-05-14
CUST-001244,2026-06-01,20,32.28,0.454,2026-06-02
CUST-001244,2026-07-01,23,29.6,0.508,2026-07-22
CUST-001244,2026-08-01,21,35.61,0.487,2026-08-22
CUST-001245,2026-03-01,8,7.69,0.641,2026-03-04
CUST-001245,2026-04-01,7,8.43,0.602,2026-04-06
CUST-001245,2026-05-01,5,6.16,0.49,2026-05-07
CUST-001245,2026-06-01,9,4.27,0.399,2026-06-09
CUST-001245,2026-07-01,7,9.23,0.374,2026-07-24
CUST-001245,2026-08-01,4,2.41,0.292,2026-08-03
CUST-001246,2026-03-01,12,41.32,0.302,2026-03-09
CUST-001246,2026-04-01,13,44.08,0.383,2026-04-19
CUST-001246,2026-05-01,14,38.78,0.353,2026-05-26
CUST-001246,2026-06-01,9,45.17,0.4,2026-06-03
CUST-001246,2026-07-01,12,39.58,0.291,2026-07-05
CUST-001246,2026-08-01,12,41.61,0.402,2026-08-22
CUST-001247,2026-03-01,16,29.34,0.641,2026-03-18
CUST-001247,2026-04-01,15,38.19,0.7,2026-04-05
CUST-001247,2026-05-01,13,34.43,0.644,2026-05-15
CUST-001247,2026-06-01,12,37.7,0.68,2026-06-01
CUST-001247,2026-07-01,13,38.58,0.692,2026-07-14
CUST-001247,2026-08-01,19,39.41,0.769,2026-08-18
CUST-001248,2026-03-01,19,14.68,0.62,2026-03-24
CUST-001248,2026-04-01,23,14.46,0.559,2026-04-14
CUST-001248,2026-05-01,23,27.3,0.635,2026-05-03
CUST-001248,2026-06-01,20,20.37,0.57,2026-06-07
CUST-001248,2026-07-01,25,18.3,0.622,2026-07-25
CUST-001248,2026-08-01,23,21.21,0.639,2026-08-06
CUST-001249,2026-03-01,12,24.81,0.634,2026-03-20
CUST-001249,2026-04-01,13,19.94,0.656,2026-04-25
CUST-001249,2026-05-01,17,25.77,0.736,2026-05-18
CUST-001249,2026-06-01,16,26.65,0.669,2026-06-22
CUST-001249,2026-07-01,16,28.05,0.702,2026-07-19
CUST-001249,2026-08-01,15,27.84,0.625,2026-08-12
CUST-001250,2026-03-01,12,40.99,0.698,2026-03-09
CUST-001250,2026-04-01,16,37.09,0.781,2026-04-18
CUST-001250,2026-05-01,11,37.98,0.682,2026-05-08
CUST-001250,2026-06-01,11,39.24,0.77,2026-06-15
CUST-001250,2026-07-01,10,42.96,0.794,2026-07-22
CUST-001250,2026-08-01,15,44.93,0.852,2026-08-02
CUST-001251,2026-03-01,14,13.18,0.317,2026-03-26
CUST-001251,2026-04-01,14,12.84,0.261,2026-04-11
CUST-001251,2026-05-01,14,17.34,0.241,2026-05-07
CUST-001251,2026-06-01,9,7.44,0.176,2026-06-10
CUST-001251,2026-07-01,7,7.03,0.193,2026-07-11
CUST-001251,2026-08-01,6,5.35,0.133,2026-08-16
CUST-001252,2026-03-01,20,41.85,0.616,2026-03-25
CUST-001252,2026-04-01,14,41.95,0.655,2026-04-18
CUST-001252,2026-05-01,18,49.69,0.709,2026-05-11
CUST-001252,2026-06-01,19,46.0,0.664,2026-06-24
CUST-001252,2026-07-01,19,47.91,0.673,2026-07-18
CUST-001252,2026-08-01,17,46.55,0.674,2026-08-06
CUST-001253,2026-03-01,10,27.41,0.499,2026-03-04
CUST-001253,2026-04-01,12,33.84,0.505,2026-04-01
CUST-001253,2026-05-01,10,34.69,0.449,2026-05-07
CUST-001253,2026-06-01,16,35.98,0.533,2026-06-15
CUST-001253,2026-07-01,15,34.92,0.557,2026-07-14
CUST-001253,2026-08-01,9,34.96,0.53,2026-08-09
CUST-001254,2026-03-01,5,26.82,0.635,2026-03-06
CUST-001254,2026-04-01,7,26.55,0.65,2026-04-08
CUST-001254,2026-05-01,11,30.53,0.707,2026-05-14
CUST-001254,2026-06-01,13,22.3,0.627,2026-06-20
CUST-001254,2026-07-01,8,30.2,0.615,2026-07-02
CUST-001254,2026-08-01,8,28.6,0.666,2026-08-15
CUST-001255,2026-03-01,23,11.92,0.735,2026-03-19
CUST-001255,2026-04-01,27,9.85,0.729,2026-04-15
CUST-001255,2026-05-01,21,10.8,0.651,2026-05-21
CUST-001255,2026-06-01,26,6.81,0.719,2026-06-23
CUST-001255,2026-07-01,24,9.83,0.622,2026-07-01
CUST-001255,2026-08-01,29,6.04,0.749,2026-08-04
CUST-001256,2026-03-01,20,43.09,0.478,2026-03-06
CUST-001256,2026-04-01,21,45.31,0.578,2026-04-20
CUST-001256,2026-05-01,19,45.2,0.499,2026-05-25
CUST-001256,2026-06-01,21,38.49,0.48,2026-06-14
CUST-001256,2026-07-01,20,40.76,0.474,2026-07-04
CUST-001256,2026-08-01,24,44.54,0.547,2026-08-12
CUST-001257,2026-03-01,26,21.6,0.591,2026-03-17
CUST-001257,2026-04-01,23,17.69,0.554,2026-04-22
CUST-001257,2026-05-01,20,19.59,0.557,2026-05-17
CUST-001257,2026-06-01,20,15.08,0.496,2026-06-19
CUST-001257,2026-07-01,21,21.96,0.57,2026-07-24
CUST-001257,2026-08-01,25,24.17,0.63,2026-08-16
CUST-001258,2026-03-01,12,23.97,0.426,2026-03-24
CUST-001258,2026-04-01,14,29.86,0.463,2026-04-20
CUST-001258,2026-05-01,13,30.59,0.461,2026-05-03
CUST-001258,2026-06-01,15,28.77,0.431,2026-06-14
CUST-001258,2026-07-01,16,29.39,0.368,2026-07-01
CUST-001258,2026-08-01,13,31.51,0.465,2026-08-25
CUST-001259,2026-03-01,19,9.85,0.765,2026-03-17
CUST-001259,2026-04-01,21,9.99,0.758,2026-04-06
CUST-001259,2026-05-01,21,14.37,0.749,2026-05-15
CUST-001259,2026-06-01,21,5.6,0.832,2026-06-04
CUST-001259,2026-07-01,16,5.92,0.735,2026-07-01
CUST-001259,2026-08-01,20,9.79,0.765,2026-08-17
CUST-001260,2026-03-01,14,29.27,0.311,2026-03-20
CUST-001260,2026-04-01,19,27.99,0.333,2026-04-26
CUST-001260,2026-05-01,14,29.6,0.307,2026-05-05
CUST-001260,2026-06-01,12,18.88,0.272,2026-06-23
CUST-001260,2026-07-01,19,27.7,0.332,2026-07-22
CUST-001260,2026-08-01,15,25.1,0.31,2026-08-16
CUST-001261,2026-03-01,19,41.53,0.616,2026-03-25
CUST-001261,2026-04-01,21,26.43,0.547,2026-04-17
CUST-001261,2026-05-01,17,28.09,0.502,2026-05-04
CUST-001261,2026-06-01,16,25.03,0.451,2026-06-03
CUST-001261,2026-07-01,15,17.35,0.304,2026-07-09
CUST-001261,2026-08-01,7,12.43,0.284,2026-08-15
CUST-001262,2026-03-01,21,15.39,0.366,2026-03-22
CUST-001262,2026-04-01,19,22.82,0.354,2026-04-17
CUST-001262,2026-05-01,16,13.33,0.299,2026-05-11
CUST-001262,2026-06-01,14,14.71,0.3,2026-06-23
CUST-001262,2026-07-01,13,10.76,0.221,2026-07-24
CUST-001262,2026-08-01,10,7.29,0.185,2026-08-18
CUST-001263,2026-03-01,21,40.66,0.32,2026-03-08
CUST-001263,2026-04-01,20,41.49,0.391,2026-04-04
CUST-001263,2026-05-01,22,40.49,0.346,2026-05-08
CUST-001263,2026-06-01,21,38.76,0.327,2026-06-23
CUST-001263,2026-07-01,20,34.81,0.316,2026-07-03
CUST-001263,2026-08-01,20,44.55,0.344,2026-08-01
CUST-001264,2026-03-01,12,25.04,0.802,2026-03-04
CUST-001264,2026-04-01,15,31.02,0.847,2026-04-15
CUST-001264,2026-05-01,12,24.92,0.835,2026-05-01
CUST-001264,2026-06-01,13,23.99,0.804,2026-06-03
CUST-001264,2026-07-01,14,20.99,0.837,2026-07-23
CUST-001264,2026-08-01,12,22.45,0.822,2026-08-13
CUST-001265,2026-03-01,16,13.73,0.548,2026-03-19
CUST-001265,2026-04-01,13,15.64,0.503,2026-04-20
CUST-001265,2026-05-01,13,13.84,0.502,2026-05-24
CUST-001265,2026-06-01,13,15.31,0.498,2026-06-01
CUST-001265,2026-07-01,15,17.21,0.455,2026-07-07
CUST-001265,2026-08-01,12,22.06,0.435,2026-08-15
CUST-001266,2026-03-01,25,24.68,0.381,2026-03-13
CUST-001266,2026-04-01,23,20.14,0.327,2026-04-20
CUST-001266,2026-05-01,27,24.47,0.362,2026-05-20
CUST-001266,2026-06-01,20,24.87,0.353,2026-06-15
CUST-001266,2026-07-01,26,19.47,0.317,2026-07-14
CUST-001266,2026-08-01,23,24.15,0.366,2026-08-07
CUST-001267,2026-03-01,23,29.15,0.659,2026-03-26
CUST-001267,2026-04-01,26,30.32,0.598,2026-04-27
CUST-001267,2026-05-01,19,28.93,0.567,2026-05-09
CUST-001267,2026-06-01,25,30.44,0.612,2026-06-19
CUST-001267,2026-07-01,28,39.18,0.713,2026-07-14
CUST-001267,2026-08-01,24,36.78,0.662,2026-08-26
CUST-001268,2026-03-01,8,27.38,0.441,2026-03-04
CUST-001268,2026-04-01,8,24.55,0.484,2026-04-24
CUST-001268,2026-05-01,11,28.31,0.519,2026-05-05
CUST-001268,2026-06-01,15,28.76,0.502,2026-06-03
CUST-001268,2026-07-01,10,27.96,0.422,2026-07-09
CUST-001268,2026-08-01,9,26.11,0.444,2026-08-07
CUST-001269,2026-03-01,17,28.08,0.658,2026-03-02
CUST-001269,2026-04-01,16,21.41,0.687,2026-04-11
CUST-001269,2026-05-01,19,24.71,0.651,2026-05-08
CUST-001269,2026-06-01,18,24.69,0.678,2026-06-27
CUST-001269,2026-07-01,16,22.89,0.634,2026-07-21
CUST-001269,2026-08-01,17,24.24,0.635,2026-08-21
CUST-001270,2026-03-01,15,24.52,0.729,2026-03-18
CUST-001270,2026-04-01,17,23.55,0.648,2026-04-27
CUST-001270,2026-05-01,16,22.98,0.696,2026-05-04
CUST-001270,2026-06-01,13,20.16,0.643,2026-06-14
CUST-001270,2026-07-01,18,23.42,0.611,2026-07-07
CUST-001270,2026-08-01,14,20.53,0.722,2026-08-27
CUST-001271,2026-03-01,9,27.52,0.694,2026-03-16
CUST-001271,2026-04-01,16,22.53,0.706,2026-04-27
CUST-001271,2026-05-01,17,27.11,0.786,2026-05-03
CUST-001271,2026-06-01,17,30.27,0.636,2026-06-02
CUST-001271,2026-07-01,13,26.14,0.68,2026-07-13
CUST-001271,2026-08-01,12,26.39,0.705,2026-08-13
CUST-001272,2026-03-01,15,20.65,0.546,2026-03-23
CUST-001272,2026-04-01,16,24.0,0.453,2026-04-10
CUST-001272,2026-05-01,14,25.01,0.483,2026-05-06
CUST-001272,2026-06-01,14,22.43,0.529,2026-06-19
CUST-001272,2026-07-01,11,23.15,0.441,2026-07-26
CUST-001272,2026-08-01,14,19.63,0.489,2026-08-26
CUST-001273,2026-03-01,17,27.26,0.343,2026-03-02
CUST-001273,2026-04-01,20,27.0,0.29,2026-04-27
CUST-001273,2026-05-01,15,19.59,0.246,2026-05-03
CUST-001273,2026-06-01,12,23.11,0.147,2026-06-15
CUST-001273,2026-07-01,11,15.0,0.156,2026-07-03
CUST-001273,2026-08-01,6,18.08,0.182,2026-08-13
CUST-001274,2026-03-01,5,25.37,0.655,2026-03-04
CUST-001274,2026-04-01,12,28.08,0.716,2026-04-03
CUST-001274,2026-05-01,9,23.58,0.691,2026-05-04
CUST-001274,2026-06-01,12,31.06,0.764,2026-06-04
CUST-001274,2026-07-01,8,29.04,0.761,2026-07-15
CUST-001274,2026-08-01,9,32.12,0.896,2026-08-04
CUST-001275,2026-03-01,11,31.79,0.498,2026-03-22
CUST-001275,2026-04-01,13,45.36,0.529,2026-04-15
CUST-001275,2026-05-01,12,36.16,0.529,2026-05-01
CUST-001275,2026-06-01,8,36.77,0.49,2026-06-14
CUST-001275,2026-07-01,14,37.12,0.494,2026-07-15
CUST-001275,2026-08-01,12,37.91,0.489,2026-08-04
CUST-001276,2026-03-01,6,13.57,0.285,2026-03-06
CUST-001276,2026-04-01,7,10.31,0.236,2026-04-13
CUST-001276,2026-05-01,4,8.37,0.23,2026-05-04
CUST-001276,2026-06-01,5,8.46,0.152,2026-06-25
CUST-001276,2026-07-01,3,8.18,0.129,2026-07-03
CUST-001276,2026-08-01,3,4.59,0.144,2026-08-05
CUST-001277,2026-03-01,19,16.0,0.421,2026-03-06
CUST-001277,2026-04-01,17,18.74,0.352,2026-04-17
CUST-001277,2026-05-01,14,12.64,0.287,2026-05-13
CUST-001277,2026-06-01,13,11.76,0.225,2026-06-05
CUST-001277,2026-07-01,11,9.23,0.23,2026-07-23
CUST-001277,2026-08-01,11,10.87,0.145,2026-08-08
CUST-001278,2026-03-01,16,28.42,0.624,2026-03-04
CUST-001278,2026-04-01,16,34.97,0.674,2026-04-15
CUST-001278,2026-05-01,20,33.58,0.689,2026-05-24
CUST-001278,2026-06-01,20,26.39,0.672,2026-06-14
CUST-001278,2026-07-01,19,28.59,0.655,2026-07-20
CUST-001278,2026-08-01,17,35.43,0.681,2026-08-17
CUST-001279,2026-03-01,19,43.32,0.389,2026-03-09
CUST-001279,2026-04-01,19,37.31,0.358,2026-04-19
CUST-001279,2026-05-01,21,42.13,0.433,2026-05-25
CUST-001279,2026-06-01,20,42.99,0.447,2026-06-08
CUST-001279,2026-07-01,22,37.77,0.392,2026-07-11
CUST-001279,2026-08-01,23,42.44,0.389,2026-08-22
CUST-001280,2026-03-01,15,18.36,0.569,2026-03-05
CUST-001280,2026-04-01,19,14.8,0.544,2026-04-01
CUST-001280,2026-05-01,20,17.0,0.559,2026-05-05
CUST-001280,2026-06-01,20,22.14,0.603,2026-06-25
CUST-001280,2026-07-01,15,11.4,0.543,2026-07-07
CUST-001280,2026-08-01,19,20.5,0.554,2026-08-13
CUST-001281,2026-03-01,15,11.87,0.524,2026-03-24
CUST-001281,2026-04-01,12,14.75,0.542,2026-04-07
CUST-001281,2026-05-01,14,13.36,0.557,2026-05-11
CUST-001281,2026-06-01,16,13.91,0.654,2026-06-21
CUST-001281,2026-07-01,12,12.49,0.506,2026-07-19
CUST-001281,2026-08-01,12,21.18,0.535,2026-08-22
CUST-001282,2026-03-01,16,37.3,0.77,2026-03-25
CUST-001282,2026-04-01,14,38.7,0.742,2026-04-11
CUST-001282,2026-05-01,12,32.86,0.691,2026-05-20
CUST-001282,2026-06-01,18,36.14,0.791,2026-06-07
CUST-001282,2026-07-01,19,38.38,0.733,2026-07-15
CUST-001282,2026-08-01,15,42.44,0.833,2026-08-15
CUST-001283,2026-03-01,15,28.97,0.547,2026-03-01
CUST-001283,2026-04-01,14,33.38,0.567,2026-04-25
CUST-001283,2026-05-01,17,26.9,0.535,2026-05-01
CUST-001283,2026-06-01,20,33.07,0.518,2026-06-24
CUST-001283,2026-07-01,17,31.82,0.49,2026-07-19
CUST-001283,2026-08-01,17,28.02,0.567,2026-08-27
CUST-001284,2026-03-01,17,28.45,0.372,2026-03-12
CUST-001284,2026-04-01,25,35.89,0.437,2026-04-24
CUST-001284,2026-05-01,20,33.81,0.432,2026-05-05
CUST-001284,2026-06-01,21,38.62,0.441,2026-06-09
CUST-001284,2026-07-01,18,41.06,0.475,2026-07-23
CUST-001284,2026-08-01,23,33.31,0.425,2026-08-16
CUST-001285,2026-03-01,23,32.89,0.426,2026-03-01
CUST-001285,2026-04-01,22,32.23,0.395,2026-04-23
CUST-001285,2026-05-01,22,41.41,0.439,2026-05-03
CUST-001285,2026-06-01,22,34.29,0.448,2026-06-11
CUST-001285,2026-07-01,18,36.03,0.404,2026-07-09
CUST-001285,2026-08-01,24,37.18,0.41,2026-08-09
CUST-001286,2026-03-01,19,24.99,0.433,2026-03-15
CUST-001286,2026-04-01,19,24.3,0.385,2026-04-24
CUST-001286,2026-05-01,24,25.95,0.399,2026-05-14
CUST-001286,2026-06-01,28,29.79,0.489,2026-06-08
CUST-001286,2026-07-01,21,22.21,0.411,2026-07-26
CUST-001286,2026-08-01,19,28.42,0.482,2026-08-10
CUST-001287,2026-03-01,20,38.68,0.63,2026-03-26
CUST-001287,2026-04-01,19,32.88,0.532,2026-04-20
CUST-001287,2026-05-01,12,36.18,0.517,2026-05-12
CUST-001287,2026-06-01,13,26.74,0.39,2026-06-22
CUST-001287,2026-07-01,11,21.28,0.321,2026-07-04
CUST-001287,2026-08-01,8,14.15,0.265,2026-08-21
CUST-001288,2026-03-01,13,24.4,0.384,2026-03-01
CUST-001288,2026-04-01,12,22.04,0.37,2026-04-22
CUST-001288,2026-05-01,4,26.01,0.412,2026-05-14
CUST-001288,2026-06-01,11,32.31,0.397,2026-06-02
CUST-001288,2026-07-01,11,25.95,0.392,2026-07-01
CUST-001288,2026-08-01,10,18.11,0.414,2026-08-25
CUST-001289,2026-03-01,17,9.24,0.617,2026-03-12
CUST-001289,2026-04-01,19,13.14,0.59,2026-04-19
CUST-001289,2026-05-01,19,15.74,0.569,2026-05-07
CUST-001289,2026-06-01,20,14.42,0.619,2026-06-13
CUST-001289,2026-07-01,23,17.76,0.609,2026-07-08
CUST-001289,2026-08-01,19,13.4,0.617,2026-08-18
CUST-001290,2026-03-01,12,41.43,0.49,2026-03-01
CUST-001290,2026-04-01,11,41.95,0.485,2026-04-06
CUST-001290,2026-05-01,12,40.73,0.515,2026-05-08
CUST-001290,2026-06-01,11,41.98,0.544,2026-06-15
CUST-001290,2026-07-01,12,34.31,0.407,2026-07-06
CUST-001290,2026-08-01,12,33.62,0.494,2026-08-22
CUST-001291,2026-03-01,15,13.41,0.421,2026-03-26
CUST-001291,2026-04-01,10,9.86,0.4,2026-04-19
CUST-001291,2026-05-01,13,9.22,0.28,2026-05-22
CUST-001291,2026-06-01,11,12.38,0.325,2026-06-10
CUST-001291,2026-07-01,12,7.49,0.22,2026-07-08
CUST-001291,2026-08-01,12,5.43,0.219,2026-08-02
CUST-001292,2026-03-01,10,24.72,0.405,2026-03-26
CUST-001292,2026-04-01,10,31.64,0.41,2026-04-05
CUST-001292,2026-05-01,9,28.89,0.479,2026-05-15
CUST-001292,2026-06-01,10,28.87,0.4,2026-06-27
CUST-001292,2026-07-01,8,30.36,0.469,2026-07-19
CUST-001292,2026-08-01,12,23.18,0.464,2026-08-26
CUST-001293,2026-03-01,7,26.43,0.418,2026-03-07
CUST-001293,2026-04-01,13,26.9,0.411,2026-04-27
CUST-001293,2026-05-01,8,32.34,0.37,2026-05-22
CUST-001293,2026-06-01,8,30.94,0.351,2026-06-12
CUST-001293,2026-07-01,10,29.62,0.432,2026-07-17
CUST-001293,2026-08-01,10,27.7,0.351,2026-08-17
CUST-001294,2026-03-01,15,40.52,0.792,2026-03-12
CUST-001294,2026-04-01,10,29.84,0.679,2026-04-14
CUST-001294,2026-05-01,14,43.83,0.764,2026-05-13
CUST-001294,2026-06-01,13,37.56,0.807,2026-06-12
CUST-001294,2026-07-01,18,39.18,0.747,2026-07-23
CUST-001294,2026-08-01,16,43.69,0.798,2026-08-23
CUST-001295,2026-03-01,21,41.81,0.326,2026-03-20
CUST-001295,2026-04-01,18,37.18,0.373,2026-04-03
CUST-001295,2026-05-01,23,35.31,0.341,2026-05-08
CUST-001295,2026-06-01,19,39.24,0.297,2026-06-23
CUST-001295,2026-07-01,18,32.86,0.356,2026-07-10
CUST-001295,2026-08-01,22,39.55,0.289,2026-08-09
CUST-001296,2026-03-01,13,24.63,0.377,2026-03-18
CUST-001296,2026-04-01,12,27.09,0.333,2026-04-07
CUST-001296,2026-05-01,10,19.74,0.348,2026-05-06
CUST-001296,2026-06-01,8,15.53,0.273,2026-06-13
CUST-001296,2026-07-01,9,9.96,0.241,2026-07-08
CUST-001296,2026-08-01,6,10.93,0.176,2026-08-23
CUST-001297,2026-03-01,17,30.08,0.556,2026-03-10
CUST-001297,2026-04-01,14,28.07,0.436,2026-04-11
CUST-001297,2026-05-01,12,15.33,0.346,2026-05-12
CUST-001297,2026-06-01,8,13.87,0.362,2026-06-01
CUST-001297,2026-07-01,8,16.15,0.291,2026-07-17
CUST-001297,2026-08-01,6,16.34,0.216,2026-08-22
CUST-001298,2026-03-01,19,10.41,0.594,2026-03-11
CUST-001298,2026-04-01,16,11.01,0.561,2026-04-10
CUST-001298,2026-05-01,16,12.41,0.626,2026-05-01
CUST-001298,2026-06-01,15,12.77,0.518,2026-06-26
CUST-001298,2026-07-01,17,7.68,0.605,2026-07-05
CUST-001298,2026-08-01,21,13.62,0.572,2026-08-26
CUST-001299,2026-03-01,17,32.26,0.357,2026-03-11
CUST-001299,2026-04-01,18,16.94,0.385,2026-04-14
CUST-001299,2026-05-01,18,28.02,0.363,2026-05-05
CUST-001299,2026-06-01,18,28.44,0.353,2026-06-13
CUST-001299,2026-07-01,17,22.5,0.331,2026-07-22
CUST-001299,2026-08-01,15,27.16,0.337,2026-08-02
CUST-001300,2026-03-01,15,32.51,0.541,2026-03-27
CUST-001300,2026-04-01,13,37.89,0.579,2026-04-01
CUST-001300,2026-05-01,18,43.37,0.627,2026-05-08
CUST-001300,2026-06-01,18,42.78,0.615,2026-06-23
CUST-001300,2026-07-01,20,31.77,0.617,2026-07-25
CUST-001300,2026-08-01,18,39.31,0.636,2026-08-19
CUST-001301,2026-03-01,9,32.58,0.64,2026-03-09
CUST-001301,2026-04-01,11,40.85,0.737,2026-04-26
CUST-001301,2026-05-01,9,41.01,0.657,2026-05-24
CUST-001301,2026-06-01,9,29.66,0.567,2026-06-05
CUST-001301,2026-07-01,11,34.83,0.566,2026-07-13
CUST-001301,2026-08-01,8,37.23,0.628,2026-08-13
CUST-001302,2026-03-01,27,37.32,0.477,2026-03-15
CUST-001302,2026-04-01,23,35.34,0.457,2026-04-18
CUST-001302,2026-05-01,25,37.95,0.381,2026-05-13
CUST-001302,2026-06-01,27,38.18,0.436,2026-06-24
CUST-001302,2026-07-01,26,30.16,0.392,2026-07-10
CUST-001302,2026-08-01,23,36.76,0.446,2026-08-16
CUST-001303,2026-03-01,17,16.99,0.392,2026-03-11
CUST-001303,2026-04-01,14,11.06,0.46,2026-04-14
CUST-001303,2026-05-01,13,13.17,0.408,2026-05-23
CUST-001303,2026-06-01,17,14.12,0.386,2026-06-05
CUST-001303,2026-07-01,16,16.08,0.447,2026-07-07
CUST-001303,2026-08-01,14,20.06,0.416,2026-08-21
CUST-001304,2026-03-01,22,32.45,0.295,2026-03-17
CUST-001304,2026-04-01,28,26.8,0.301,2026-04-27
CUST-001304,2026-05-01,27,28.84,0.296,2026-05-17
CUST-001304,2026-06-01,26,27.77,0.321,2026-06-12
CUST-001304,2026-07-01,27,34.65,0.35,2026-07-25
CUST-001304,2026-08-01,24,33.21,0.312,2026-08-07
CUST-001305,2026-03-01,24,39.21,0.499,2026-03-22
CUST-001305,2026-04-01,21,39.37,0.46,2026-04-08
CUST-001305,2026-05-01,23,40.19,0.447,2026-05-17
CUST-001305,2026-06-01,24,37.59,0.435,2026-06-07
CUST-001305,2026-07-01,23,39.69,0.499,2026-07-09
CUST-001305,2026-08-01,26,35.45,0.426,2026-08-05
CUST-001306,2026-03-01,19,20.04,0.886,2026-03-26
CUST-001306,2026-04-01,17,20.2,0.848,2026-04-27
CUST-001306,2026-05-01,19,20.39,0.745,2026-05-20
CUST-001306,2026-06-01,17,15.83,0.65,2026-06-02
CUST-001306,2026-07-01,21,18.68,0.763,2026-07-04
CUST-001306,2026-08-01,22,19.82,0.867,2026-08-06
CUST-001307,2026-03-01,11,11.47,0.644,2026-03-25
CUST-001307,2026-04-01,11,5.53,0.665,2026-04-22
CUST-001307,2026-05-01,9,14.54,0.717,2026-05-12
CUST-001307,2026-06-01,13,11.66,0.727,2026-06-02
CUST-001307,2026-07-01,11,9.03,0.623,2026-07-06
CUST-001307,2026-08-01,6,15.09,0.734,2026-08-06
CUST-001308,2026-03-01,10,41.19,0.363,2026-03-27
CUST-001308,2026-04-01,4,39.73,0.343,2026-04-09
CUST-001308,2026-05-01,9,33.59,0.35,2026-05-12
CUST-001308,2026-06-01,9,43.7,0.366,2026-06-05
CUST-001308,2026-07-01,11,43.48,0.326,2026-07-23
CUST-001308,2026-08-01,13,33.48,0.293,2026-08-18
CUST-001309,2026-03-01,24,24.74,0.368,2026-03-24
CUST-001309,2026-04-01,18,25.37,0.339,2026-04-07
CUST-001309,2026-05-01,17,18.42,0.272,2026-05-26
CUST-001309,2026-06-01,14,21.7,0.154,2026-06-04
CUST-001309,2026-07-01,13,17.88,0.142,2026-07-14
CUST-001309,2026-08-01,11,15.95,0.189,2026-08-17
CUST-001310,2026-03-01,12,27.07,0.317,2026-03-25
CUST-001310,2026-04-01,14,36.05,0.364,2026-04-21
CUST-001310,2026-05-01,11,25.56,0.374,2026-05-02
CUST-001310,2026-06-01,12,29.37,0.277,2026-06-09
CUST-001310,2026-07-01,14,30.68,0.303,2026-07-17
CUST-001310,2026-08-01,12,26.8,0.356,2026-08-24
CUST-001311,2026-03-01,14,39.71,0.649,2026-03-17
CUST-001311,2026-04-01,12,36.29,0.733,2026-04-17
CUST-001311,2026-05-01,13,38.04,0.726,2026-05-18
CUST-001311,2026-06-01,10,35.59,0.688,2026-06-25
CUST-001311,2026-07-01,11,36.97,0.686,2026-07-17
CUST-001311,2026-08-01,9,39.22,0.692,2026-08-08
CUST-001312,2026-03-01,15,22.49,0.723,2026-03-15
CUST-001312,2026-04-01,14,22.27,0.761,2026-04-05
CUST-001312,2026-05-01,9,25.0,0.771,2026-05-16
CUST-001312,2026-06-01,14,24.71,0.754,2026-06-22
CUST-001312,2026-07-01,13,27.71,0.783,2026-07-19
CUST-001312,2026-08-01,10,24.02,0.709,2026-08-22
CUST-001313,2026-03-01,20,34.79,0.654,2026-03-26
CUST-001313,2026-04-01,22,35.24,0.764,2026-04-01
CUST-001313,2026-05-01,22,35.45,0.671,2026-05-04
CUST-001313,2026-06-01,22,33.92,0.697,2026-06-17
CUST-001313,2026-07-01,25,33.11,0.669,2026-07-27
CUST-001313,2026-08-01,23,36.04,0.701,2026-08-25
CUST-001314,2026-03-01,16,40.74,0.537,2026-03-12
CUST-001314,2026-04-01,16,35.2,0.529,2026-04-25
CUST-001314,2026-05-01,20,36.65,0.581,2026-05-23
CUST-001314,2026-06-01,15,37.71,0.576,2026-06-17
CUST-001314,2026-07-01,21,33.23,0.535,2026-07-27
CUST-001314,2026-08-01,14,39.05,0.516,2026-08-24
CUST-001315,2026-03-01,20,17.01,0.294,2026-03-17
CUST-001315,2026-04-01,11,13.77,0.388,2026-04-01
CUST-001315,2026-05-01,20,15.49,0.338,2026-05-08
CUST-001315,2026-06-01,17,14.44,0.361,2026-06-25
CUST-001315,2026-07-01,17,19.1,0.333,2026-07-13
CUST-001315,2026-08-01,15,16.32,0.337,2026-08-04
CUST-001316,2026-03-01,14,23.64,0.705,2026-03-17
CUST-001316,2026-04-01,17,24.42,0.702,2026-04-26
CUST-001316,2026-05-01,14,24.83,0.777,2026-05-22
CUST-001316,2026-06-01,11,27.91,0.758,2026-06-05
CUST-001316,2026-07-01,12,23.15,0.696,2026-07-21
CUST-001316,2026-08-01,12,31.05,0.741,2026-08-12
CUST-001317,2026-03-01,19,9.89,0.491,2026-03-19
CUST-001317,2026-04-01,18,11.66,0.479,2026-04-13
CUST-001317,2026-05-01,17,13.39,0.499,2026-05-10
CUST-001317,2026-06-01,20,14.28,0.459,2026-06-20
CUST-001317,2026-07-01,22,14.75,0.541,2026-07-11
CUST-001317,2026-08-01,18,7.7,0.48,2026-08-15
CUST-001318,2026-03-01,21,27.58,0.543,2026-03-12
CUST-001318,2026-04-01,16,23.1,0.5,2026-04-14
CUST-001318,2026-05-01,14,18.5,0.411,2026-05-09
CUST-001318,2026-06-01,13,20.5,0.336,2026-06-24
CUST-001318,2026-07-01,10,16.73,0.306,2026-07-01
CUST-001318,2026-08-01,10,12.68,0.234,2026-08-26
CUST-001319,2026-03-01,13,42.05,0.506,2026-03-18
CUST-001319,2026-04-01,9,41.77,0.456,2026-04-09
CUST-001319,2026-05-01,14,39.83,0.515,2026-05-22
CUST-001319,2026-06-01,14,37.96,0.433,2026-06-12
CUST-001319,2026-07-01,9,41.34,0.512,2026-07-25
CUST-001319,2026-08-01,13,43.37,0.514,2026-08-26
CUST-001320,2026-03-01,9,18.51,0.443,2026-03-22
CUST-001320,2026-04-01,8,19.9,0.403,2026-04-27
CUST-001320,2026-05-01,9,20.24,0.411,2026-05-06
CUST-001320,2026-06-01,8,19.03,0.374,2026-06-13
CUST-001320,2026-07-01,9,22.62,0.383,2026-07-18
CUST-001320,2026-08-01,9,14.37,0.324,2026-08-18
CUST-001321,2026-03-01,17,8.07,0.27,2026-03-12
CUST-001321,2026-04-01,16,8.78,0.288,2026-04-03
CUST-001321,2026-05-01,13,4.69,0.29,2026-05-07
CUST-001321,2026-06-01,12,5.18,0.228,2026-06-18
CUST-001321,2026-07-01,11,6.06,0.19,2026-07-25
CUST-001321,2026-08-01,9,7.58,0.153,2026-08-08
CUST-001322,2026-03-01,8,39.23,0.725,2026-03-20
CUST-001322,2026-04-01,5,32.59,0.602,2026-04-01
CUST-001322,2026-05-01,5,26.34,0.469,2026-05-05
CUST-001322,2026-06-01,9,23.5,0.464,2026-06-08
CUST-001322,2026-07-01,4,19.75,0.38,2026-07-25
CUST-001322,2026-08-01,7,18.34,0.323,2026-08-10
CUST-001323,2026-03-01,21,13.96,0.637,2026-03-19
CUST-001323,2026-04-01,22,18.76,0.634,2026-04-11
CUST-001323,2026-05-01,24,18.01,0.597,2026-05-21
CUST-001323,2026-06-01,22,19.47,0.66,2026-06-13
CUST-001323,2026-07-01,28,18.09,0.71,2026-07-18
CUST-001323,2026-08-01,21,15.19,0.68,2026-08-12
CUST-001324,2026-03-01,20,13.61,0.367,2026-03-19
CUST-001324,2026-04-01,22,17.3,0.422,2026-04-04
CUST-001324,2026-05-01,22,9.94,0.409,2026-05-16
CUST-001324,2026-06-01,23,10.13,0.454,2026-06-13
CUST-001324,2026-07-01,23,14.83,0.431,2026-07-21
CUST-001324,2026-08-01,21,15.98,0.423,2026-08-10
CUST-001325,2026-03-01,18,19.47,0.645,2026-03-23
CUST-001325,2026-04-01,26,27.31,0.657,2026-04-06
CUST-001325,2026-05-01,19,28.3,0.683,2026-05-25
CUST-001325,2026-06-01,21,31.19,0.576,2026-06-03
CUST-001325,2026-07-01,18,28.8,0.582,2026-07-19
CUST-001325,2026-08-01,21,29.32,0.717,2026-08-19
CUST-001326,2026-03-01,8,34.33,0.648,2026-03-16
CUST-001326,2026-04-01,9,31.04,0.614,2026-04-17
CUST-001326,2026-05-01,10,27.77,0.656,2026-05-27
CUST-001326,2026-06-01,11,30.23,0.67,2026-06-10
CUST-001326,2026-07-01,6,30.29,0.674,2026-07-11
CUST-001326,2026-08-01,9,35.9,0.671,2026-08-15
CUST-001327,2026-03-01,24,39.72,0.549,2026-03-18
CUST-001327,2026-04-01,25,42.29,0.598,2026-04-26
CUST-001327,2026-05-01,25,42.38,0.588,2026-05-25
CUST-001327,2026-06-01,28,46.06,0.626,2026-06-09
CUST-001327,2026-07-01,23,53.44,0.658,2026-07-25
CUST-001327,2026-08-01,21,39.82,0.62,2026-08-25
CUST-001328,2026-03-01,17,35.89,0.714,2026-03-22
CUST-001328,2026-04-01,17,42.49,0.822,2026-04-04
CUST-001328,2026-05-01,14,36.55,0.742,2026-05-09
CUST-001328,2026-06-01,16,40.9,0.777,2026-06-17
CUST-001328,2026-07-01,20,39.03,0.784,2026-07-09
CUST-001328,2026-08-01,16,42.01,0.855,2026-08-22
CUST-001329,2026-03-01,5,12.15,0.662,2026-03-21
CUST-001329,2026-04-01,7,14.5,0.491,2026-04-18
CUST-001329,2026-05-01,0,14.87,0.476,2026-05-10
CUST-001329,2026-06-01,5,11.45,0.389,2026-06-25
CUST-001329,2026-07-01,4,13.01,0.29,2026-07-22
CUST-001329,2026-08-01,1,10.22,0.271,2026-08-21
CUST-001330,2026-03-01,13,27.27,0.469,2026-03-06
CUST-001330,2026-04-01,10,18.83,0.431,2026-04-22
CUST-001330,2026-05-01,7,19.76,0.376,2026-05-24
CUST-001330,2026-06-01,9,11.73,0.353,2026-06-21
CUST-001330,2026-07-01,7,13.85,0.275,2026-07-07
CUST-001330,2026-08-01,5,10.86,0.188,2026-08-02
CUST-001331,2026-03-01,25,17.64,0.731,2026-03-25
CUST-001331,2026-04-01,25,19.3,0.776,2026-04-07
CUST-001331,2026-05-01,25,11.17,0.719,2026-05-08
CUST-001331,2026-06-01,26,17.93,0.859,2026-06-18
CUST-001331,2026-07-01,22,22.42,0.725,2026-07-17
CUST-001331,2026-08-01,25,13.86,0.777,2026-08-23
CUST-001332,2026-03-01,17,39.33,0.65,2026-03-08
CUST-001332,2026-04-01,14,38.4,0.589,2026-04-18
CUST-001332,2026-05-01,18,48.23,0.61,2026-05-16
CUST-001332,2026-06-01,16,45.74,0.601,2026-06-25
CUST-001332,2026-07-01,17,35.76,0.603,2026-07-03
CUST-001332,2026-08-01,20,43.85,0.742,2026-08-10
CUST-001333,2026-03-01,16,26.21,0.646,2026-03-26
CUST-001333,2026-04-01,11,18.03,0.603,2026-04-05
CUST-001333,2026-05-01,12,17.58,0.49,2026-05-11
CUST-001333,2026-06-01,9,16.05,0.389,2026-06-13
CUST-001333,2026-07-01,12,8.07,0.317,2026-07-05
CUST-001333,2026-08-01,6,8.58,0.265,2026-08-16
CUST-001334,2026-03-01,14,20.2,0.381,2026-03-08
CUST-001334,2026-04-01,13,16.33,0.386,2026-04-19
CUST-001334,2026-05-01,9,13.94,0.376,2026-05-10
CUST-001334,2026-06-01,14,13.94,0.407,2026-06-18
CUST-001334,2026-07-01,14,18.8,0.349,2026-07-01
CUST-001334,2026-08-01,10,12.13,0.346,2026-08-17
CUST-001335,2026-03-01,8,20.29,0.717,2026-03-09
CUST-001335,2026-04-01,10,23.37,0.798,2026-04-27
CUST-001335,2026-05-01,9,25.44,0.824,2026-05-02
CUST-001335,2026-06-01,9,17.12,0.738,2026-06-26
CUST-001335,2026-07-01,10,22.3,0.798,2026-07-20
CUST-001335,2026-08-01,7,24.29,0.751,2026-08-15
CUST-001336,2026-03-01,23,34.91,0.64,2026-03-17
CUST-001336,2026-04-01,21,35.34,0.685,2026-04-21
CUST-001336,2026-05-01,23,36.81,0.698,2026-05-10
CUST-001336,2026-06-01,29,39.55,0.745,2026-06-26
CUST-001336,2026-07-01,24,37.14,0.721,2026-07-14
CUST-001336,2026-08-01,26,35.5,0.767,2026-08-11
CUST-001337,2026-03-01,6,34.25,0.55,2026-03-11
CUST-001337,2026-04-01,8,34.28,0.565,2026-04-21
CUST-001337,2026-05-01,4,38.28,0.447,2026-05-06
CUST-001337,2026-06-01,9,33.86,0.559,2026-06-15
CUST-001337,2026-07-01,9,32.62,0.586,2026-07-26
CUST-001337,2026-08-01,13,30.43,0.521,2026-08-18
CUST-001338,2026-03-01,21,35.9,0.546,2026-03-24
CUST-001338,2026-04-01,15,36.49,0.449,2026-04-12
CUST-001338,2026-05-01,17,39.84,0.527,2026-05-03
CUST-001338,2026-06-01,17,44.6,0.525,2026-06-14
CUST-001338,2026-07-01,21,40.42,0.576,2026-07-10
CUST-001338,2026-08-01,14,37.99,0.594,2026-08-10
CUST-001339,2026-03-01,13,30.94,0.665,2026-03-02
CUST-001339,2026-04-01,15,31.38,0.662,2026-04-25
CUST-001339,2026-05-01,14,32.46,0.637,2026-05-27
CUST-001339,2026-06-01,15,30.48,0.687,2026-06-16
CUST-001339,2026-07-01,15,39.31,0.68,2026-07-24
CUST-001339,2026-08-01,12,40.33,0.643,2026-08-02
CUST-001340,2026-03-01,14,40.66,0.653,2026-03-03
CUST-001340,2026-04-01,17,32.15,0.588,2026-04-24
CUST-001340,2026-05-01,9,24.58,0.516,2026-05-15
CUST-001340,2026-06-01,14,22.27,0.445,2026-06-12
CUST-001340,2026-07-01,7,22.86,0.377,2026-07-13
CUST-001340,2026-08-01,5,15.24,0.249,2026-08-17
CUST-001341,2026-03-01,20,37.44,0.746,2026-03-02
CUST-001341,2026-04-01,19,36.78,0.727,2026-04-07
CUST-001341,2026-05-01,19,44.21,0.733,2026-05-11
CUST-001341,2026-06-01,15,38.3,0.689,2026-06-20
CUST-001341,2026-07-01,17,39.01,0.648,2026-07-13
CUST-001341,2026-08-01,18,42.83,0.786,2026-08-14
CUST-001342,2026-03-01,12,21.13,0.37,2026-03-07
CUST-001342,2026-04-01,15,22.37,0.383,2026-04-13
CUST-001342,2026-05-01,14,17.24,0.436,2026-05-19
CUST-001342,2026-06-01,17,20.35,0.417,2026-06-05
CUST-001342,2026-07-01,15,19.79,0.408,2026-07-18
CUST-001342,2026-08-01,12,20.7,0.388,2026-08-20
CUST-001343,2026-03-01,10,37.89,0.765,2026-03-19
CUST-001343,2026-04-01,13,38.94,0.828,2026-04-01
CUST-001343,2026-05-01,15,44.52,0.902,2026-05-04
CUST-001343,2026-06-01,14,35.3,0.791,2026-06-05
CUST-001343,2026-07-01,11,28.95,0.765,2026-07-04
CUST-001343,2026-08-01,13,43.58,0.903,2026-08-24
CUST-001344,2026-03-01,18,36.97,0.591,2026-03-02
CUST-001344,2026-04-01,16,35.51,0.501,2026-04-26
CUST-001344,2026-05-01,13,37.63,0.545,2026-05-08
CUST-001344,2026-06-01,12,34.89,0.564,2026-06-08
CUST-001344,2026-07-01,12,38.43,0.51,2026-07-04
CUST-001344,2026-08-01,12,37.55,0.597,2026-08-11
CUST-001345,2026-03-01,12,20.72,0.381,2026-03-19
CUST-001345,2026-04-01,19,25.47,0.385,2026-04-10
CUST-001345,2026-05-01,17,24.81,0.479,2026-05-23
CUST-001345,2026-06-01,14,23.11,0.33,2026-06-13
CUST-001345,2026-07-01,13,22.75,0.487,2026-07-10
CUST-001345,2026-08-01,15,18.95,0.443,2026-08-25
CUST-001346,2026-03-01,16,35.1,0.631,2026-03-19
CUST-001346,2026-04-01,14,40.17,0.704,2026-04-16
CUST-001346,2026-05-01,12,37.15,0.694,2026-05-09
CUST-001346,2026-06-01,15,39.75,0.688,2026-06-26
CUST-001346,2026-07-01,16,44.13,0.733,2026-07-12
CUST-001346,2026-08-01,13,43.77,0.717,2026-08-14
CUST-001347,2026-03-01,15,32.3,0.464,2026-03-23
CUST-001347,2026-04-01,17,30.04,0.487,2026-04-22
CUST-001347,2026-05-01,13,27.42,0.451,2026-05-01
CUST-001347,2026-06-01,18,30.52,0.428,2026-06-08
CUST-001347,2026-07-01,11,30.1,0.441,2026-07-19
CUST-001347,2026-08-01,17,26.82,0.436,2026-08-01
CUST-001348,2026-03-01,17,20.82,0.289,2026-03-26
CUST-001348,2026-04-01,13,13.36,0.297,2026-04-10
CUST-001348,2026-05-01,14,15.39,0.187,2026-05-23
CUST-001348,2026-06-01,9,8.79,0.181,2026-06-16
CUST-001348,2026-07-01,8,10.97,0.196,2026-07-05
CUST-001348,2026-08-01,5,6.57,0.087,2026-08-26
CUST-001349,2026-03-01,10,28.77,0.3,2026-03-10
CUST-001349,2026-04-01,13,23.63,0.285,2026-04-11
CUST-001349,2026-05-01,7,23.42,0.231,2026-05-21
CUST-001349,2026-06-01,9,23.33,0.179,2026-06-03
CUST-001349,2026-07-01,9,18.64,0.066,2026-07-01
CUST-001349,2026-08-01,4,12.53,0.143,2026-08-07
CUST-001350,2026-03-01,16,19.54,0.566,2026-03-03
CUST-001350,2026-04-01,18,23.36,0.534,2026-04-08
CUST-001350,2026-05-01,24,24.79,0.624,2026-05-18
CUST-001350,2026-06-01,25,24.95,0.631,2026-06-14
CUST-001350,2026-07-01,21,22.67,0.561,2026-07-18
CUST-001350,2026-08-01,19,21.59,0.582,2026-08-15
CUST-001351,2026-03-01,28,12.4,0.465,2026-03-11
CUST-001351,2026-04-01,27,20.46,0.484,2026-04-21
CUST-001351,2026-05-01,24,16.16,0.54,2026-05-17
CUST-001351,2026-06-01,27,21.42,0.46,2026-06-18
CUST-001351,2026-07-01,25,18.92,0.55,2026-07-08
CUST-001351,2026-08-01,24,18.75,0.453,2026-08-12
CUST-001352,2026-03-01,25,24.88,0.589,2026-03-24
CUST-001352,2026-04-01,25,27.91,0.581,2026-04-12
CUST-001352,2026-05-01,25,33.55,0.542,2026-05-19
CUST-001352,2026-06-01,23,26.89,0.493,2026-06-01
CUST-001352,2026-07-01,24,32.87,0.547,2026-07-15
CUST-001352,2026-08-01,20,28.4,0.583,2026-08-25
CUST-001353,2026-03-01,10,27.66,0.384,2026-03-04
CUST-001353,2026-04-01,6,22.16,0.323,2026-04-20
CUST-001353,2026-05-01,2,18.32,0.261,2026-05-17
CUST-001353,2026-06-01,6,17.94,0.236,2026-06-25
CUST-001353,2026-07-01,4,13.39,0.234,2026-07-04
CUST-001353,2026-08-01,2,13.8,0.19,2026-08-06
CUST-001354,2026-03-01,14,21.52,0.785,2026-03-14
CUST-001354,2026-04-01,14,19.72,0.751,2026-04-12
CUST-001354,2026-05-01,16,17.91,0.768,2026-05-12
CUST-001354,2026-06-01,16,24.18,0.757,2026-06-23
CUST-001354,2026-07-01,14,24.08,0.824,2026-07-10
CUST-001354,2026-08-01,14,16.87,0.71,2026-08-16
CUST-001355,2026-03-01,8,18.87,0.711,2026-03-23
CUST-001355,2026-04-01,8,13.48,0.669,2026-04-19
CUST-001355,2026-05-01,13,18.58,0.677,2026-05-10
CUST-001355,2026-06-01,13,14.64,0.718,2026-06-04
CUST-001355,2026-07-01,8,21.53,0.712,2026-07-17
CUST-001355,2026-08-01,9,13.53,0.645,2026-08-09
CUST-001356,2026-03-01,26,15.85,0.439,2026-03-16
CUST-001356,2026-04-01,21,17.89,0.373,2026-04-14
CUST-001356,2026-05-01,23,18.38,0.343,2026-05-17
CUST-001356,2026-06-01,22,23.5,0.357,2026-06-27
CUST-001356,2026-07-01,22,19.13,0.338,2026-07-13
CUST-001356,2026-08-01,20,13.28,0.318,2026-08-14
CUST-001357,2026-03-01,17,15.54,0.332,2026-03-23
CUST-001357,2026-04-01,20,15.03,0.396,2026-04-27
CUST-001357,2026-05-01,18,14.19,0.29,2026-05-18
CUST-001357,2026-06-01,15,12.37,0.345,2026-06-25
CUST-001357,2026-07-01,22,16.48,0.271,2026-07-14
CUST-001357,2026-08-01,21,9.35,0.481,2026-08-20
CUST-001358,2026-03-01,11,11.14,0.708,2026-03-09
CUST-001358,2026-04-01,15,12.44,0.591,2026-04-25
CUST-001358,2026-05-01,11,12.94,0.61,2026-05-12
CUST-001358,2026-06-01,10,12.92,0.629,2026-06-14
CUST-001358,2026-07-01,15,8.76,0.621,2026-07-07
CUST-001358,2026-08-01,13,8.15,0.635,2026-08-06
CUST-001359,2026-03-01,10,10.89,0.489,2026-03-17
CUST-001359,2026-04-01,10,10.83,0.517,2026-04-01
CUST-001359,2026-05-01,13,8.34,0.554,2026-05-15
CUST-001359,2026-06-01,6,12.85,0.565,2026-06-07
CUST-001359,2026-07-01,16,4.85,0.499,2026-07-20
CUST-001359,2026-08-01,11,8.63,0.493,2026-08-05
CUST-001360,2026-03-01,19,38.88,0.848,2026-03-24
CUST-001360,2026-04-01,21,26.23,0.683,2026-04-10
CUST-001360,2026-05-01,17,37.71,0.741,2026-05-16
CUST-001360,2026-06-01,17,40.99,0.752,2026-06-06
CUST-001360,2026-07-01,18,41.86,0.692,2026-07-26
CUST-001360,2026-08-01,17,38.41,0.696,2026-08-06
CUST-001361,2026-03-01,9,36.92,0.495,2026-03-11
CUST-001361,2026-04-01,12,46.3,0.64,2026-04-25
CUST-001361,2026-05-01,15,45.75,0.589,2026-05-09
CUST-001361,2026-06-01,12,43.63,0.626,2026-06-26
CUST-001361,2026-07-01,14,39.57,0.491,2026-07-12
CUST-001361,2026-08-01,14,40.55,0.553,2026-08-17
CUST-001362,2026-03-01,13,31.76,0.575,2026-03-07
CUST-001362,2026-04-01,13,30.44,0.512,2026-04-15
CUST-001362,2026-05-01,10,26.58,0.448,2026-05-11
CUST-001362,2026-06-01,8,25.46,0.379,2026-06-07
CUST-001362,2026-07-01,7,18.05,0.258,2026-07-10
CUST-001362,2026-08-01,3,13.59,0.224,2026-08-04
CUST-001363,2026-03-01,13,29.1,0.678,2026-03-23
CUST-001363,2026-04-01,14,28.13,0.554,2026-04-05
CUST-001363,2026-05-01,7,19.83,0.541,2026-05-19
CUST-001363,2026-06-01,13,25.63,0.525,2026-06-08
CUST-001363,2026-07-01,14,31.94,0.588,2026-07-12
CUST-001363,2026-08-01,17,22.77,0.585,2026-08-21
CUST-001364,2026-03-01,21,22.99,0.336,2026-03-01
CUST-001364,2026-04-01,21,14.46,0.36,2026-04-18
CUST-001364,2026-05-01,26,14.89,0.38,2026-05-27
CUST-001364,2026-06-01,21,19.27,0.356,2026-06-14
CUST-001364,2026-07-01,25,19.12,0.328,2026-07-08
CUST-001364,2026-08-01,23,17.73,0.338,2026-08-02
CUST-001365,2026-03-01,15,39.39,0.467,2026-03-22
CUST-001365,2026-04-01,15,30.7,0.428,2026-04-11
CUST-001365,2026-05-01,14,31.98,0.319,2026-05-24
CUST-001365,2026-06-01,12,17.3,0.321,2026-06-20
CUST-001365,2026-07-01,9,18.62,0.3,2026-07-23
CUST-001365,2026-08-01,9,17.85,0.226,2026-08-21
CUST-001366,2026-03-01,10,10.93,0.64,2026-03-22
CUST-001366,2026-04-01,8,10.26,0.537,2026-04-27
CUST-001366,2026-05-01,7,8.77,0.469,2026-05-12
CUST-001366,2026-06-01,2,8.42,0.377,2026-06-15
CUST-001366,2026-07-01,2,11.33,0.34,2026-07-08
CUST-001366,2026-08-01,5,11.11,0.289,2026-08-26
CUST-001367,2026-03-01,21,35.26,0.471,2026-03-17
CUST-001367,2026-04-01,17,29.02,0.364,2026-04-20
CUST-001367,2026-05-01,17,27.32,0.346,2026-05-08
CUST-001367,2026-06-01,17,23.51,0.29,2026-06-11
CUST-001367,2026-07-01,12,21.28,0.252,2026-07-02
CUST-001367,2026-08-01,13,16.62,0.162,2026-08-22
CUST-001368,2026-03-01,24,14.01,0.537,2026-03-09
CUST-001368,2026-04-01,23,13.18,0.501,2026-04-14
CUST-001368,2026-05-01,22,10.48,0.508,2026-05-20
CUST-001368,2026-06-01,23,10.89,0.519,2026-06-11
CUST-001368,2026-07-01,25,13.5,0.539,2026-07-14
CUST-001368,2026-08-01,24,13.55,0.582,2026-08-21
CUST-001369,2026-03-01,17,36.28,0.62,2026-03-06
CUST-001369,2026-04-01,13,33.29,0.529,2026-04-02
CUST-001369,2026-05-01,14,32.56,0.626,2026-05-18
CUST-001369,2026-06-01,14,39.46,0.617,2026-06-20
CUST-001369,2026-07-01,10,34.53,0.561,2026-07-07
CUST-001369,2026-08-01,15,35.69,0.537,2026-08-21
CUST-001370,2026-03-01,20,13.44,0.323,2026-03-16
CUST-001370,2026-04-01,13,11.9,0.32,2026-04-09
CUST-001370,2026-05-01,14,12.59,0.263,2026-05-12
CUST-001370,2026-06-01,9,7.32,0.256,2026-06-07
CUST-001370,2026-07-01,13,6.64,0.216,2026-07-20
CUST-001370,2026-08-01,6,6.72,0.158,2026-08-23
CUST-001371,2026-03-01,24,20.87,0.495,2026-03-15
CUST-001371,2026-04-01,22,19.6,0.452,2026-04-20
CUST-001371,2026-05-01,22,5.49,0.403,2026-05-12
CUST-001371,2026-06-01,24,18.99,0.517,2026-06-22
CUST-001371,2026-07-01,19,13.98,0.489,2026-07-07
CUST-001371,2026-08-01,24,16.8,0.428,2026-08-04
CUST-001372,2026-03-01,28,37.22,0.403,2026-03-20
CUST-001372,2026-04-01,23,34.58,0.422,2026-04-07
CUST-001372,2026-05-01,21,31.5,0.38,2026-05-18
CUST-001372,2026-06-01,21,33.7,0.362,2026-06-10
CUST-001372,2026-07-01,24,37.62,0.416,2026-07-17
CUST-001372,2026-08-01,19,32.24,0.346,2026-08-09
CUST-001373,2026-03-01,21,5.04,0.294,2026-03-26
CUST-001373,2026-04-01,19,9.35,0.326,2026-04-16
CUST-001373,2026-05-01,16,11.17,0.289,2026-05-07
CUST-001373,2026-06-01,17,0.74,0.298,2026-06-11
CUST-001373,2026-07-01,6,2.67,0.189,2026-07-11
CUST-001373,2026-08-01,9,3.96,0.187,2026-08-05
CUST-001374,2026-03-01,16,34.4,0.714,2026-03-01
CUST-001374,2026-04-01,13,33.13,0.657,2026-04-23
CUST-001374,2026-05-01,14,34.81,0.706,2026-05-27
CUST-001374,2026-06-01,15,31.38,0.695,2026-06-18
CUST-001374,2026-07-01,15,34.14,0.653,2026-07-10
CUST-001374,2026-08-01,16,33.03,0.776,2026-08-19
CUST-001375,2026-03-01,10,12.98,0.618,2026-03-24
CUST-001375,2026-04-01,10,16.5,0.612,2026-04-05
CUST-001375,2026-05-01,12,9.34,0.747,2026-05-03
CUST-001375,2026-06-01,11,11.51,0.639,2026-06-02
CUST-001375,2026-07-01,11,9.8,0.594,2026-07-11
CUST-001375,2026-08-01,13,16.34,0.656,2026-08-23
CUST-001376,2026-03-01,9,14.07,0.385,2026-03-05
CUST-001376,2026-04-01,8,16.4,0.404,2026-04-19
CUST-001376,2026-05-01,13,21.65,0.477,2026-05-10
CUST-001376,2026-06-01,6,14.36,0.381,2026-06-24
CUST-001376,2026-07-01,7,14.98,0.378,2026-07-18
CUST-001376,2026-08-01,9,9.76,0.37,2026-08-26
CUST-001377,2026-03-01,24,16.68,0.614,2026-03-10
CUST-001377,2026-04-01,22,20.06,0.573,2026-04-14
CUST-001377,2026-05-01,24,23.4,0.656,2026-05-21
CUST-001377,2026-06-01,25,24.27,0.663,2026-06-15
CUST-001377,2026-07-01,24,19.54,0.6,2026-07-17
CUST-001377,2026-08-01,25,25.87,0.623,2026-08-22
CUST-001378,2026-03-01,10,44.65,0.487,2026-03-13
CUST-001378,2026-04-01,16,49.71,0.597,2026-04-23
CUST-001378,2026-05-01,13,44.98,0.547,2026-05-11
CUST-001378,2026-06-01,15,45.16,0.562,2026-06-13
CUST-001378,2026-07-01,14,46.14,0.6,2026-07-23
CUST-001378,2026-08-01,14,46.78,0.594,2026-08-15
CUST-001379,2026-03-01,19,42.88,0.374,2026-03-08
CUST-001379,2026-04-01,19,41.16,0.425,2026-04-11
CUST-001379,2026-05-01,19,42.46,0.251,2026-05-23
CUST-001379,2026-06-01,21,42.44,0.374,2026-06-02
CUST-001379,2026-07-01,19,43.29,0.365,2026-07-25
CUST-001379,2026-08-01,17,40.08,0.359,2026-08-03
CUST-001380,2026-03-01,12,28.49,0.546,2026-03-18
CUST-001380,2026-04-01,14,24.7,0.585,2026-04-27
CUST-001380,2026-05-01,8,32.78,0.534,2026-05-13
CUST-001380,2026-06-01,13,24.57,0.581,2026-06-17
CUST-001380,2026-07-01,10,26.68,0.524,2026-07-15
CUST-001380,2026-08-01,11,22.22,0.533,2026-08-12
CUST-001381,2026-03-01,11,31.86,0.536,2026-03-06
CUST-001381,2026-04-01,6,26.37,0.457,2026-04-27
CUST-001381,2026-05-01,7,24.01,0.587,2026-05-17
CUST-001381,2026-06-01,8,27.19,0.552,2026-06-16
CUST-001381,2026-07-01,8,25.5,0.445,2026-07-18
CUST-001381,2026-08-01,8,28.84,0.505,2026-08-12
CUST-001382,2026-03-01,10,19.39,0.599,2026-03-27
CUST-001382,2026-04-01,16,18.37,0.618,2026-04-15
CUST-001382,2026-05-01,16,10.07,0.628,2026-05-15
CUST-001382,2026-06-01,19,14.75,0.613,2026-06-06
CUST-001382,2026-07-01,18,19.97,0.611,2026-07-15
CUST-001382,2026-08-01,16,21.3,0.61,2026-08-27
CUST-001383,2026-03-01,11,36.74,0.316,2026-03-16
CUST-001383,2026-04-01,8,26.23,0.283,2026-04-06
CUST-001383,2026-05-01,9,21.51,0.231,2026-05-06
CUST-001383,2026-06-01,8,20.25,0.208,2026-06-18
CUST-001383,2026-07-01,3,18.47,0.203,2026-07-17
CUST-001383,2026-08-01,5,11.76,0.132,2026-08-26
CUST-001384,2026-03-01,10,8.49,0.383,2026-03-07
CUST-001384,2026-04-01,12,14.75,0.398,2026-04-03
CUST-001384,2026-05-01,10,14.82,0.419,2026-05-27
CUST-001384,2026-06-01,14,9.81,0.448,2026-06-12
CUST-001384,2026-07-01,14,8.83,0.416,2026-07-09
CUST-001384,2026-08-01,13,11.85,0.445,2026-08-23
CUST-001385,2026-03-01,18,22.72,0.682,2026-03-14
CUST-001385,2026-04-01,18,23.39,0.659,2026-04-19
CUST-001385,2026-05-01,21,23.07,0.731,2026-05-11
CUST-001385,2026-06-01,21,24.03,0.757,2026-06-05
CUST-001385,2026-07-01,19,22.31,0.667,2026-07-21
CUST-001385,2026-08-01,21,29.65,0.748,2026-08-14
CUST-001386,2026-03-01,14,29.23,0.415,2026-03-11
CUST-001386,2026-04-01,13,31.98,0.438,2026-04-23
CUST-001386,2026-05-01,13,30.76,0.417,2026-05-17
CUST-001386,2026-06-01,11,27.03,0.395,2026-06-01
CUST-001386,2026-07-01,13,27.95,0.364,2026-07-14
CUST-001386,2026-08-01,10,27.51,0.397,2026-08-16
CUST-001387,2026-03-01,11,17.11,0.419,2026-03-23
CUST-001387,2026-04-01,10,11.7,0.417,2026-04-17
CUST-001387,2026-05-01,15,11.15,0.426,2026-05-26
CUST-001387,2026-06-01,12,13.0,0.386,2026-06-12
CUST-001387,2026-07-01,13,15.64,0.384,2026-07-12
CUST-001387,2026-08-01,16,11.79,0.453,2026-08-25
CUST-001388,2026-03-01,22,7.76,0.418,2026-03-23
CUST-001388,2026-04-01,22,11.76,0.412,2026-04-07
CUST-001388,2026-05-01,24,9.22,0.436,2026-05-01
CUST-001388,2026-06-01,19,10.86,0.48,2026-06-20
CUST-001388,2026-07-01,24,10.3,0.446,2026-07-14
CUST-001388,2026-08-01,26,15.3,0.43,2026-08-09
CUST-001389,2026-03-01,15,35.83,0.596,2026-03-24
CUST-001389,2026-04-01,10,25.84,0.523,2026-04-27
CUST-001389,2026-05-01,11,24.89,0.628,2026-05-03
CUST-001389,2026-06-01,12,27.45,0.569,2026-06-07
CUST-001389,2026-07-01,11,37.34,0.645,2026-07-03
CUST-001389,2026-08-01,16,32.43,0.634,2026-08-11
CUST-001390,2026-03-01,13,30.39,0.757,2026-03-06
CUST-001390,2026-04-01,10,32.81,0.735,2026-04-21
CUST-001390,2026-05-01,13,29.08,0.71,2026-05-25
CUST-001390,2026-06-01,11,31.52,0.697,2026-06-25
CUST-001390,2026-07-01,14,29.36,0.779,2026-07-18
CUST-001390,2026-08-01,13,28.53,0.72,2026-08-03
CUST-001391,2026-03-01,21,30.33,0.472,2026-03-03
CUST-001391,2026-04-01,23,23.61,0.388,2026-04-11
CUST-001391,2026-05-01,24,29.87,0.406,2026-05-09
CUST-001391,2026-06-01,25,37.73,0.449,2026-06-08
CUST-001391,2026-07-01,23,34.2,0.412,2026-07-19
CUST-001391,2026-08-01,25,33.91,0.424,2026-08-09
CUST-001392,2026-03-01,10,40.7,0.67,2026-03-09
CUST-001392,2026-04-01,9,32.73,0.703,2026-04-03
CUST-001392,2026-05-01,9,44.1,0.742,2026-05-25
CUST-001392,2026-06-01,7,44.65,0.635,2026-06-06
CUST-001392,2026-07-01,6,43.78,0.724,2026-07-08
CUST-001392,2026-08-01,9,41.33,0.715,2026-08-20
CUST-001393,2026-03-01,10,42.34,0.704,2026-03-18
CUST-001393,2026-04-01,12,38.95,0.619,2026-04-26
CUST-001393,2026-05-01,17,36.72,0.771,2026-05-21
CUST-001393,2026-06-01,14,39.06,0.625,2026-06-01
CUST-001393,2026-07-01,13,40.51,0.676,2026-07-09
CUST-001393,2026-08-01,13,38.16,0.686,2026-08-14
CUST-001394,2026-03-01,20,15.13,0.507,2026-03-20
CUST-001394,2026-04-01,23,12.33,0.41,2026-04-02
CUST-001394,2026-05-01,18,17.4,0.506,2026-05-13
CUST-001394,2026-06-01,18,22.08,0.461,2026-06-17
CUST-001394,2026-07-01,23,15.24,0.489,2026-07-04
CUST-001394,2026-08-01,20,18.27,0.489,2026-08-18
CUST-001395,2026-03-01,25,15.93,0.657,2026-03-10
CUST-001395,2026-04-01,25,15.65,0.651,2026-04-12
CUST-001395,2026-05-01,21,12.52,0.63,2026-05-25
CUST-001395,2026-06-01,29,8.76,0.72,2026-06-01
CUST-001395,2026-07-01,26,16.69,0.671,2026-07-08
CUST-001395,2026-08-01,24,11.21,0.601,2026-08-05
CUST-001396,2026-03-01,19,36.22,0.405,2026-03-10
CUST-001396,2026-04-01,16,34.09,0.339,2026-04-14
CUST-001396,2026-05-01,13,25.74,0.297,2026-05-13
CUST-001396,2026-06-01,9,18.82,0.284,2026-06-08
CUST-001396,2026-07-01,11,23.47,0.197,2026-07-01
CUST-001396,2026-08-01,5,17.67,0.14,2026-08-10
CUST-001397,2026-03-01,14,30.91,0.762,2026-03-12
CUST-001397,2026-04-01,13,30.91,0.766,2026-04-17
CUST-001397,2026-05-01,12,24.94,0.608,2026-05-07
CUST-001397,2026-06-01,12,32.65,0.763,2026-06-14
CUST-001397,2026-07-01,11,31.56,0.777,2026-07-07
CUST-001397,2026-08-01,13,28.13,0.692,2026-08-06
CUST-001398,2026-03-01,12,29.17,0.509,2026-03-25
CUST-001398,2026-04-01,14,28.96,0.576,2026-04-25
CUST-001398,2026-05-01,11,27.53,0.545,2026-05-06
CUST-001398,2026-06-01,12,27.74,0.5,2026-06-27
CUST-001398,2026-07-01,13,20.91,0.504,2026-07-18
CUST-001398,2026-08-01,14,26.73,0.515,2026-08-04
CUST-001399,2026-03-01,19,25.01,0.438,2026-03-05
CUST-001399,2026-04-01,23,31.26,0.453,2026-04-07
CUST-001399,2026-05-01,24,28.78,0.37,2026-05-10
CUST-001399,2026-06-01,26,35.79,0.384,2026-06-05
CUST-001399,2026-07-01,24,28.93,0.438,2026-07-20
CUST-001399,2026-08-01,26,37.67,0.376,2026-08-01
CUST-001400,2026-03-01,19,28.96,0.461,2026-03-21
CUST-001400,2026-04-01,17,30.11,0.429,2026-04-01
CUST-001400,2026-05-01,19,26.19,0.374,2026-05-08
CUST-001400,2026-06-01,12,17.03,0.339,2026-06-19
CUST-001400,2026-07-01,13,22.82,0.286,2026-07-13
CUST-001400,2026-08-01,9,19.88,0.205,2026-08-02
CUST-001401,2026-03-01,15,34.55,0.67,2026-03-22
CUST-001401,2026-04-01,15,34.13,0.71,2026-04-04
CUST-001401,2026-05-01,18,34.41,0.693,2026-05-14
CUST-001401,2026-06-01,14,29.64,0.735,2026-06-19
CUST-001401,2026-07-01,17,37.94,0.727,2026-07-13
CUST-001401,2026-08-01,14,30.71,0.776,2026-08-24
CUST-001402,2026-03-01,20,38.26,0.333,2026-03-26
CUST-001402,2026-04-01,17,32.47,0.343,2026-04-08
CUST-001402,2026-05-01,18,28.16,0.27,2026-05-20
CUST-001402,2026-06-01,12,19.34,0.272,2026-06-27
CUST-001402,2026-07-01,7,18.6,0.202,2026-07-27
CUST-001402,2026-08-01,6,16.25,0.168,2026-08-27
CUST-001403,2026-03-01,11,25.61,0.383,2026-03-18
CUST-001403,2026-04-01,6,22.94,0.39,2026-04-26
CUST-001403,2026-05-01,8,24.87,0.367,2026-05-21
CUST-001403,2026-06-01,14,25.99,0.474,2026-06-19
CUST-001403,2026-07-01,10,21.28,0.453,2026-07-23
CUST-001403,2026-08-01,11,29.05,0.425,2026-08-08
CUST-001404,2026-03-01,13,40.28,0.287,2026-03-21
CUST-001404,2026-04-01,9,31.86,0.276,2026-04-27
CUST-001404,2026-05-01,4,27.77,0.2,2026-05-27
CUST-001404,2026-06-01,2,27.11,0.193,2026-06-10
CUST-001404,2026-07-01,2,25.09,0.206,2026-07-09
CUST-001404,2026-08-01,5,14.03,0.134,2026-08-20
CUST-001405,2026-03-01,14,42.19,0.403,2026-03-08
CUST-001405,2026-04-01,12,37.44,0.353,2026-04-02
CUST-001405,2026-05-01,13,38.64,0.394,2026-05-24
CUST-001405,2026-06-01,12,45.31,0.361,2026-06-01
CUST-001405,2026-07-01,13,37.91,0.308,2026-07-20
CUST-001405,2026-08-01,12,30.93,0.259,2026-08-19
CUST-001406,2026-03-01,20,39.38,0.673,2026-03-10
CUST-001406,2026-04-01,16,37.44,0.6,2026-04-11
CUST-001406,2026-05-01,14,32.52,0.519,2026-05-08
CUST-001406,2026-06-01,11,29.13,0.463,2026-06-13
CUST-001406,2026-07-01,11,22.52,0.438,2026-07-21
CUST-001406,2026-08-01,8,17.4,0.307,2026-08-20
CUST-001407,2026-03-01,16,40.81,0.292,2026-03-27
CUST-001407,2026-04-01,15,42.77,0.364,2026-04-13
CUST-001407,2026-05-01,11,52.1,0.341,2026-05-11
CUST-001407,2026-06-01,13,45.6,0.305,2026-06-13
CUST-001407,2026-07-01,16,47.08,0.301,2026-07-17
CUST-001407,2026-08-01,14,49.04,0.335,2026-08-03
CUST-001408,2026-03-01,23,17.21,0.526,2026-03-05
CUST-001408,2026-04-01,19,19.93,0.479,2026-04-15
CUST-001408,2026-05-01,14,10.44,0.407,2026-05-15
CUST-001408,2026-06-01,13,13.94,0.332,2026-06-20
CUST-001408,2026-07-01,12,11.23,0.261,2026-07-27
CUST-001408,2026-08-01,12,7.4,0.239,2026-08-05
CUST-001409,2026-03-01,20,33.69,0.523,2026-03-13
CUST-001409,2026-04-01,25,30.89,0.586,2026-04-25
CUST-001409,2026-05-01,22,38.27,0.524,2026-05-14
CUST-001409,2026-06-01,26,33.02,0.583,2026-06-19
CUST-001409,2026-07-01,22,30.57,0.511,2026-07-06
CUST-001409,2026-08-01,20,36.91,0.522,2026-08-07
CUST-001410,2026-03-01,21,25.03,0.262,2026-03-03
CUST-001410,2026-04-01,24,32.11,0.428,2026-04-10
CUST-001410,2026-05-01,19,19.59,0.296,2026-05-14
CUST-001410,2026-06-01,21,26.66,0.332,2026-06-04
CUST-001410,2026-07-01,18,24.52,0.348,2026-07-20
CUST-001410,2026-08-01,22,24.01,0.322,2026-08-22
CUST-001411,2026-03-01,7,37.2,0.356,2026-03-25
CUST-001411,2026-04-01,6,41.69,0.375,2026-04-25
CUST-001411,2026-05-01,11,42.96,0.364,2026-05-27
CUST-001411,2026-06-01,8,37.66,0.301,2026-06-01
CUST-001411,2026-07-01,7,40.75,0.266,2026-07-13
CUST-001411,2026-08-01,9,46.69,0.374,2026-08-15
CUST-001412,2026-03-01,17,15.23,0.438,2026-03-15
CUST-001412,2026-04-01,13,16.5,0.363,2026-04-11
CUST-001412,2026-05-01,10,18.38,0.403,2026-05-03
CUST-001412,2026-06-01,14,18.16,0.391,2026-06-02
CUST-001412,2026-07-01,15,17.6,0.482,2026-07-14
CUST-001412,2026-08-01,10,17.92,0.423,2026-08-05
CUST-001413,2026-03-01,9,21.61,0.486,2026-03-25
CUST-001413,2026-04-01,13,12.76,0.508,2026-04-22
CUST-001413,2026-05-01,14,19.59,0.407,2026-05-18
CUST-001413,2026-06-01,8,19.54,0.531,2026-06-13
CUST-001413,2026-07-01,12,17.01,0.484,2026-07-27
CUST-001413,2026-08-01,9,17.42,0.476,2026-08-05
CUST-001414,2026-03-01,12,33.9,0.493,2026-03-02
CUST-001414,2026-04-01,14,31.57,0.476,2026-04-10
CUST-001414,2026-05-01,18,31.66,0.471,2026-05-27
CUST-001414,2026-06-01,12,29.31,0.525,2026-06-09
CUST-001414,2026-07-01,15,32.54,0.537,2026-07-16
CUST-001414,2026-08-01,15,27.99,0.407,2026-08-10
CUST-001415,2026-03-01,17,38.17,0.363,2026-03-13
CUST-001415,2026-04-01,16,43.1,0.467,2026-04-20
CUST-001415,2026-05-01,22,42.24,0.414,2026-05-06
CUST-001415,2026-06-01,16,44.28,0.408,2026-06-10
CUST-001415,2026-07-01,18,46.58,0.474,2026-07-07
CUST-001415,2026-08-01,20,45.97,0.458,2026-08-18
CUST-001416,2026-03-01,10,42.36,0.349,2026-03-05
CUST-001416,2026-04-01,10,36.43,0.329,2026-04-08
CUST-001416,2026-05-01,7,41.51,0.329,2026-05-07
CUST-001416,2026-06-01,12,36.6,0.314,2026-06-23
CUST-001416,2026-07-01,13,36.7,0.319,2026-07-22
CUST-001416,2026-08-01,13,33.21,0.339,2026-08-22
CUST-001417,2026-03-01,13,9.91,0.419,2026-03-12
CUST-001417,2026-04-01,11,13.62,0.48,2026-04-21
CUST-001417,2026-05-01,8,15.7,0.497,2026-05-22
CUST-001417,2026-06-01,13,17.87,0.369,2026-06-12
CUST-001417,2026-07-01,15,11.06,0.432,2026-07-13
CUST-001417,2026-08-01,15,19.2,0.429,2026-08-01
CUST-001418,2026-03-01,25,19.19,0.552,2026-03-13
CUST-001418,2026-04-01,19,16.23,0.556,2026-04-20
CUST-001418,2026-05-01,21,18.69,0.591,2026-05-09
CUST-001418,2026-06-01,25,16.94,0.594,2026-06-21
CUST-001418,2026-07-01,21,21.42,0.554,2026-07-16
CUST-001418,2026-08-01,24,15.56,0.564,2026-08-07
CUST-001419,2026-03-01,8,20.7,0.392,2026-03-22
CUST-001419,2026-04-01,16,26.34,0.501,2026-04-16
CUST-001419,2026-05-01,12,19.47,0.361,2026-05-05
CUST-001419,2026-06-01,11,22.1,0.402,2026-06-07
CUST-001419,2026-07-01,15,19.26,0.424,2026-07-10
CUST-001419,2026-08-01,12,28.45,0.419,2026-08-24
CUST-001420,2026-03-01,23,17.43,0.558,2026-03-03
CUST-001420,2026-04-01,25,18.51,0.501,2026-04-11
CUST-001420,2026-05-01,22,21.15,0.471,2026-05-21
CUST-001420,2026-06-01,22,15.12,0.601,2026-06-27
CUST-001420,2026-07-01,25,18.68,0.536,2026-07-19
CUST-001420,2026-08-01,22,22.14,0.53,2026-08-11
CUST-001421,2026-03-01,9,38.3,0.714,2026-03-14
CUST-001421,2026-04-01,9,46.28,0.696,2026-04-06
CUST-001421,2026-05-01,6,45.9,0.746,2026-05-12
CUST-001421,2026-06-01,5,36.13,0.67,2026-06-23
CUST-001421,2026-07-01,11,47.59,0.745,2026-07-26
CUST-001421,2026-08-01,10,41.26,0.715,2026-08-25
CUST-001422,2026-03-01,12,34.82,0.269,2026-03-08
CUST-001422,2026-04-01,13,35.36,0.247,2026-04-03
CUST-001422,2026-05-01,10,29.08,0.217,2026-05-19
CUST-001422,2026-06-01,8,24.73,0.233,2026-06-13
CUST-001422,2026-07-01,9,18.67,0.184,2026-07-05
CUST-001422,2026-08-01,5,17.82,0.167,2026-08-21
CUST-001423,2026-03-01,19,21.21,0.51,2026-03-05
CUST-001423,2026-04-01,19,26.15,0.421,2026-04-22
CUST-001423,2026-05-01,12,19.24,0.37,2026-05-18
CUST-001423,2026-06-01,13,13.78,0.38,2026-06-18
CUST-001423,2026-07-01,9,16.62,0.248,2026-07-03
CUST-001423,2026-08-01,9,11.46,0.213,2026-08-01
CUST-001424,2026-03-01,14,40.73,0.811,2026-03-22
CUST-001424,2026-04-01,6,38.15,0.788,2026-04-03
CUST-001424,2026-05-01,9,46.19,0.866,2026-05-19
CUST-001424,2026-06-01,9,38.71,0.776,2026-06-25
CUST-001424,2026-07-01,10,32.03,0.66,2026-07-08
CUST-001424,2026-08-01,10,42.44,0.807,2026-08-15
CUST-001425,2026-03-01,21,19.91,0.754,2026-03-01
CUST-001425,2026-04-01,19,19.19,0.694,2026-04-22
CUST-001425,2026-05-01,20,24.56,0.788,2026-05-19
CUST-001425,2026-06-01,21,15.75,0.656,2026-06-19
CUST-001425,2026-07-01,19,19.66,0.704,2026-07-12
CUST-001425,2026-08-01,19,18.3,0.731,2026-08-04
CUST-001426,2026-03-01,10,20.19,0.462,2026-03-22
CUST-001426,2026-04-01,8,17.42,0.43,2026-04-05
CUST-001426,2026-05-01,8,10.21,0.351,2026-05-09
CUST-001426,2026-06-01,6,9.32,0.324,2026-06-05
CUST-001426,2026-07-01,4,12.21,0.276,2026-07-07
CUST-001426,2026-08-01,2,12.21,0.247,2026-08-04
CUST-001427,2026-03-01,10,9.8,0.482,2026-03-02
CUST-001427,2026-04-01,6,9.65,0.48,2026-04-12
CUST-001427,2026-05-01,7,5.85,0.411,2026-05-09
CUST-001427,2026-06-01,8,9.23,0.33,2026-06-20
CUST-001427,2026-07-01,3,3.87,0.361,2026-07-24
CUST-001427,2026-08-01,0,8.44,0.253,2026-08-10
CUST-001428,2026-03-01,10,22.71,0.398,2026-03-09
CUST-001428,2026-04-01,13,21.14,0.414,2026-04-20
CUST-001428,2026-05-01,10,23.63,0.332,2026-05-07
CUST-001428,2026-06-01,13,22.37,0.434,2026-06-17
CUST-001428,2026-07-01,9,17.38,0.375,2026-07-04
CUST-001428,2026-08-01,7,17.33,0.355,2026-08-12
CUST-001429,2026-03-01,19,30.8,0.49,2026-03-05
CUST-001429,2026-04-01,20,32.1,0.477,2026-04-25
CUST-001429,2026-05-01,18,34.05,0.463,2026-05-14
CUST-001429,2026-06-01,18,39.92,0.534,2026-06-16
CUST-001429,2026-07-01,18,37.75,0.512,2026-07-12
CUST-001429,2026-08-01,16,31.05,0.518,2026-08-18
CUST-001430,2026-03-01,24,29.4,0.896,2026-03-02
CUST-001430,2026-04-01,24,33.46,0.844,2026-04-07
CUST-001430,2026-05-01,20,28.02,0.711,2026-05-19
CUST-001430,2026-06-01,19,32.3,0.725,2026-06-15
CUST-001430,2026-07-01,23,31.25,0.839,2026-07-23
CUST-001430,2026-08-01,21,31.65,0.746,2026-08-25
CUST-001431,2026-03-01,14,27.44,0.627,2026-03-27
CUST-001431,2026-04-01,13,28.18,0.489,2026-04-25
CUST-001431,2026-05-01,12,22.13,0.464,2026-05-15
CUST-001431,2026-06-01,12,24.95,0.48,2026-06-12
CUST-001431,2026-07-01,12,28.97,0.558,2026-07-12
CUST-001431,2026-08-01,13,26.57,0.48,2026-08-27
CUST-001432,2026-03-01,17,25.1,0.518,2026-03-27
CUST-001432,2026-04-01,15,26.6,0.508,2026-04-02
CUST-001432,2026-05-01,17,26.28,0.589,2026-05-10
CUST-001432,2026-06-01,16,19.42,0.541,2026-06-07
CUST-001432,2026-07-01,12,30.38,0.589,2026-07-10
CUST-001432,2026-08-01,12,20.67,0.55,2026-08-07
CUST-001433,2026-03-01,17,21.14,0.437,2026-03-01
CUST-001433,2026-04-01,19,19.0,0.396,2026-04-06
CUST-001433,2026-05-01,15,15.02,0.348,2026-05-25
CUST-001433,2026-06-01,13,14.84,0.206,2026-06-24
CUST-001433,2026-07-01,8,7.84,0.301,2026-07-27
CUST-001433,2026-08-01,3,6.84,0.153,2026-08-24
CUST-001434,2026-03-01,20,23.11,0.788,2026-03-20
CUST-001434,2026-04-01,25,38.59,0.885,2026-04-10
CUST-001434,2026-05-01,19,29.97,0.761,2026-05-25
CUST-001434,2026-06-01,21,29.8,0.742,2026-06-24
CUST-001434,2026-07-01,20,27.01,0.764,2026-07-10
CUST-001434,2026-08-01,21,34.41,0.835,2026-08-22
CUST-001435,2026-03-01,16,35.21,0.658,2026-03-01
CUST-001435,2026-04-01,20,32.25,0.596,2026-04-15
CUST-001435,2026-05-01,15,25.63,0.536,2026-05-06
CUST-001435,2026-06-01,15,29.3,0.467,2026-06-12
CUST-001435,2026-07-01,10,20.64,0.392,2026-07-18
CUST-001435,2026-08-01,8,14.1,0.324,2026-08-18
CUST-001436,2026-03-01,19,45.27,0.525,2026-03-16
CUST-001436,2026-04-01,23,41.44,0.554,2026-04-12
CUST-001436,2026-05-01,17,38.82,0.476,2026-05-19
CUST-001436,2026-06-01,20,41.34,0.563,2026-06-04
CUST-001436,2026-07-01,21,37.97,0.486,2026-07-12
CUST-001436,2026-08-01,22,47.11,0.507,2026-08-13
CUST-001437,2026-03-01,19,16.82,0.463,2026-03-07
CUST-001437,2026-04-01,11,25.5,0.476,2026-04-05
CUST-001437,2026-05-01,14,18.61,0.431,2026-05-20
CUST-001437,2026-06-01,10,14.97,0.321,2026-06-11
CUST-001437,2026-07-01,7,10.03,0.292,2026-07-06
CUST-001437,2026-08-01,4,8.72,0.223,2026-08-19
CUST-001438,2026-03-01,20,36.11,0.289,2026-03-07
CUST-001438,2026-04-01,20,39.1,0.276,2026-04-22
CUST-001438,2026-05-01,18,27.1,0.247,2026-05-26
CUST-001438,2026-06-01,16,17.71,0.167,2026-06-19
CUST-001438,2026-07-01,9,20.01,0.106,2026-07-02
CUST-001438,2026-08-01,10,14.74,0.112,2026-08-07
CUST-001439,2026-03-01,23,23.7,0.283,2026-03-25
CUST-001439,2026-04-01,22,28.94,0.379,2026-04-21
CUST-001439,2026-05-01,23,25.06,0.333,2026-05-17
CUST-001439,2026-06-01,23,24.13,0.317,2026-06-13
CUST-001439,2026-07-01,27,29.71,0.409,2026-07-02
CUST-001439,2026-08-01,21,21.81,0.3,2026-08-14
CUST-001440,2026-03-01,23,37.68,0.354,2026-03-27
CUST-001440,2026-04-01,21,35.76,0.391,2026-04-17
CUST-001440,2026-05-01,15,33.99,0.386,2026-05-19
CUST-001440,2026-06-01,18,35.47,0.315,2026-06-12
CUST-001440,2026-07-01,14,27.98,0.3,2026-07-18
CUST-001440,2026-08-01,19,36.9,0.297,2026-08-21
CUST-001441,2026-03-01,11,16.0,0.404,2026-03-11
CUST-001441,2026-04-01,8,13.66,0.298,2026-04-20
CUST-001441,2026-05-01,6,9.34,0.265,2026-05-22
CUST-001441,2026-06-01,2,13.51,0.26,2026-06-09
CUST-001441,2026-07-01,7,11.21,0.226,2026-07-20
CUST-001441,2026-08-01,4,10.96,0.153,2026-08-03
CUST-001442,2026-03-01,22,23.46,0.59,2026-03-19
CUST-001442,2026-04-01,18,28.51,0.565,2026-04-11
CUST-001442,2026-05-01,21,27.01,0.587,2026-05-10
CUST-001442,2026-06-01,18,30.29,0.602,2026-06-20
CUST-001442,2026-07-01,24,35.19,0.669,2026-07-08
CUST-001442,2026-08-01,23,35.02,0.614,2026-08-02
CUST-001443,2026-03-01,19,35.87,0.338,2026-03-23
CUST-001443,2026-04-01,20,33.92,0.313,2026-04-24
CUST-001443,2026-05-01,19,35.45,0.358,2026-05-07
CUST-001443,2026-06-01,21,35.65,0.308,2026-06-26
CUST-001443,2026-07-01,17,31.55,0.299,2026-07-04
CUST-001443,2026-08-01,21,39.83,0.332,2026-08-23
CUST-001444,2026-03-01,19,28.9,0.575,2026-03-14
CUST-001444,2026-04-01,19,19.04,0.539,2026-04-27
CUST-001444,2026-05-01,18,24.76,0.536,2026-05-12
CUST-001444,2026-06-01,16,27.49,0.491,2026-06-05
CUST-001444,2026-07-01,18,27.49,0.541,2026-07-22
CUST-001444,2026-08-01,20,28.0,0.602,2026-08-13
CUST-001445,2026-03-01,19,41.03,0.421,2026-03-05
CUST-001445,2026-04-01,16,34.69,0.364,2026-04-12
CUST-001445,2026-05-01,10,29.31,0.273,2026-05-07
CUST-001445,2026-06-01,13,37.18,0.35,2026-06-12
CUST-001445,2026-07-01,13,35.38,0.396,2026-07-04
CUST-001445,2026-08-01,14,30.68,0.38,2026-08-12
CUST-001446,2026-03-01,12,11.86,0.297,2026-03-04
CUST-001446,2026-04-01,15,12.99,0.332,2026-04-18
CUST-001446,2026-05-01,13,14.66,0.329,2026-05-08
CUST-001446,2026-06-01,8,13.37,0.364,2026-06-17
CUST-001446,2026-07-01,17,16.09,0.334,2026-07-09
CUST-001446,2026-08-01,10,11.42,0.31,2026-08-22
CUST-001447,2026-03-01,16,13.72,0.553,2026-03-09
CUST-001447,2026-04-01,12,12.83,0.572,2026-04-17
CUST-001447,2026-05-01,18,13.18,0.543,2026-05-27
CUST-001447,2026-06-01,16,16.57,0.606,2026-06-12
CUST-001447,2026-07-01,14,8.11,0.576,2026-07-10
CUST-001447,2026-08-01,14,7.03,0.545,2026-08-27
CUST-001448,2026-03-01,20,19.96,0.604,2026-03-21
CUST-001448,2026-04-01,21,22.56,0.682,2026-04-05
CUST-001448,2026-05-01,21,18.81,0.652,2026-05-27
CUST-001448,2026-06-01,24,15.48,0.652,2026-06-08
CUST-001448,2026-07-01,18,15.31,0.568,2026-07-05
CUST-001448,2026-08-01,22,16.49,0.644,2026-08-08
CUST-001449,2026-03-01,10,28.53,0.424,2026-03-07
CUST-001449,2026-04-01,14,36.26,0.446,2026-04-10
CUST-001449,2026-05-01,10,34.06,0.449,2026-05-02
CUST-001449,2026-06-01,13,34.32,0.434,2026-06-01
CUST-001449,2026-07-01,13,34.5,0.486,2026-07-11
CUST-001449,2026-08-01,12,36.8,0.519,2026-08-07
CUST-001450,2026-03-01,14,14.35,0.602,2026-03-12
CUST-001450,2026-04-01,8,16.96,0.62,2026-04-14
CUST-001450,2026-05-01,9,18.77,0.5,2026-05-22
CUST-001450,2026-06-01,4,9.9,0.377,2026-06-25
CUST-001450,2026-07-01,3,11.58,0.315,2026-07-10
CUST-001450,2026-08-01,1,10.08,0.342,2026-08-17
CUST-001451,2026-03-01,16,15.78,0.77,2026-03-13
CUST-001451,2026-04-01,16,6.87,0.704,2026-04-13
CUST-001451,2026-05-01,16,8.0,0.689,2026-05-26
CUST-001451,2026-06-01,16,17.34,0.697,2026-06-19
CUST-001451,2026-07-01,17,13.91,0.7,2026-07-06
CUST-001451,2026-08-01,15,20.45,0.726,2026-08-16
CUST-001452,2026-03-01,16,11.54,0.663,2026-03-13
CUST-001452,2026-04-01,17,12.33,0.709,2026-04-02
CUST-001452,2026-05-01,9,8.47,0.662,2026-05-03
CUST-001452,2026-06-01,9,11.67,0.758,2026-06-18
CUST-001452,2026-07-01,12,17.73,0.63,2026-07-11
CUST-001452,2026-08-01,13,15.54,0.685,2026-08-25
CUST-001453,2026-03-01,10,22.78,0.561,2026-03-18
CUST-001453,2026-04-01,12,20.95,0.582,2026-04-21
CUST-001453,2026-05-01,6,21.72,0.491,2026-05-18
CUST-001453,2026-06-01,10,22.42,0.534,2026-06-26
CUST-001453,2026-07-01,8,24.48,0.609,2026-07-25
CUST-001453,2026-08-01,8,21.65,0.502,2026-08-10
CUST-001454,2026-03-01,13,18.43,0.665,2026-03-12
CUST-001454,2026-04-01,10,19.94,0.686,2026-04-05
CUST-001454,2026-05-01,13,24.49,0.744,2026-05-07
CUST-001454,2026-06-01,13,17.53,0.65,2026-06-20
CUST-001454,2026-07-01,13,26.3,0.703,2026-07-06
CUST-001454,2026-08-01,10,21.09,0.685,2026-08-09
CUST-001455,2026-03-01,8,43.29,0.514,2026-03-18
CUST-001455,2026-04-01,11,42.82,0.528,2026-04-19
CUST-001455,2026-05-01,12,36.42,0.488,2026-05-14
CUST-001455,2026-06-01,8,39.92,0.527,2026-06-03
CUST-001455,2026-07-01,7,39.44,0.422,2026-07-25
CUST-001455,2026-08-01,15,46.01,0.576,2026-08-13
CUST-001456,2026-03-01,21,34.12,0.502,2026-03-05
CUST-001456,2026-04-01,22,32.24,0.47,2026-04-17
CUST-001456,2026-05-01,21,28.87,0.429,2026-05-20
CUST-001456,2026-06-01,25,36.3,0.493,2026-06-25
CUST-001456,2026-07-01,25,31.25,0.503,2026-07-21
CUST-001456,2026-08-01,23,28.89,0.494,2026-08-23
CUST-001457,2026-03-01,12,29.84,0.552,2026-03-22
CUST-001457,2026-04-01,16,30.86,0.539,2026-04-21
CUST-001457,2026-05-01,14,24.46,0.515,2026-05-21
CUST-001457,2026-06-01,15,29.25,0.58,2026-06-26
CUST-001457,2026-07-01,17,34.66,0.529,2026-07-24
CUST-001457,2026-08-01,18,28.7,0.544,2026-08-15
CUST-001458,2026-03-01,20,19.5,0.631,2026-03-08
CUST-001458,2026-04-01,18,18.65,0.547,2026-04-08
CUST-001458,2026-05-01,16,14.39,0.485,2026-05-19
CUST-001458,2026-06-01,9,22.13,0.447,2026-06-21
CUST-001458,2026-07-01,12,10.65,0.362,2026-07-09
CUST-001458,2026-08-01,10,4.72,0.249,2026-08-24
CUST-001459,2026-03-01,6,31.53,0.395,2026-03-09
CUST-001459,2026-04-01,9,26.38,0.339,2026-04-23
CUST-001459,2026-05-01,7,30.38,0.314,2026-05-08
CUST-001459,2026-06-01,9,31.82,0.365,2026-06-07
CUST-001459,2026-07-01,6,28.01,0.332,2026-07-14
CUST-001459,2026-08-01,9,30.24,0.337,2026-08-16
CUST-001460,2026-03-01,20,15.16,0.287,2026-03-24
CUST-001460,2026-04-01,16,18.82,0.332,2026-04-23
CUST-001460,2026-05-01,13,12.89,0.264,2026-05-24
CUST-001460,2026-06-01,16,13.74,0.234,2026-06-23
CUST-001460,2026-07-01,11,4.86,0.226,2026-07-09
CUST-001460,2026-08-01,9,5.42,0.129,2026-08-25
CUST-001461,2026-03-01,13,24.68,0.394,2026-03-15
CUST-001461,2026-04-01,9,27.28,0.475,2026-04-18
CUST-001461,2026-05-01,10,36.45,0.474,2026-05-26
CUST-001461,2026-06-01,13,29.38,0.485,2026-06-08
CUST-001461,2026-07-01,13,32.86,0.525,2026-07-18
CUST-001461,2026-08-01,13,37.44,0.459,2026-08-11
CUST-001462,2026-03-01,23,16.28,0.319,2026-03-18
CUST-001462,2026-04-01,21,11.78,0.311,2026-04-09
CUST-001462,2026-05-01,10,8.75,0.252,2026-05-19
CUST-001462,2026-06-01,16,8.4,0.204,2026-06-19
CUST-001462,2026-07-01,14,11.08,0.202,2026-07-04
CUST-001462,2026-08-01,14,6.34,0.15,2026-08-01
CUST-001463,2026-03-01,13,22.21,0.55,2026-03-17
CUST-001463,2026-04-01,15,18.54,0.496,2026-04-20
CUST-001463,2026-05-01,16,21.41,0.502,2026-05-05
CUST-001463,2026-06-01,15,19.97,0.474,2026-06-14
CUST-001463,2026-07-01,9,20.79,0.457,2026-07-26
CUST-001463,2026-08-01,10,20.65,0.457,2026-08-03
CUST-001464,2026-03-01,25,39.88,0.301,2026-03-10
CUST-001464,2026-04-01,17,32.46,0.302,2026-04-10
CUST-001464,2026-05-01,14,31.33,0.251,2026-05-05
CUST-001464,2026-06-01,18,26.46,0.211,2026-06-12
CUST-001464,2026-07-01,9,21.54,0.158,2026-07-03
CUST-001464,2026-08-01,8,18.2,0.108,2026-08-11
CUST-001465,2026-03-01,13,24.68,0.79,2026-03-07
CUST-001465,2026-04-01,13,24.11,0.77,2026-04-10
CUST-001465,2026-05-01,12,27.36,0.752,2026-05-12
CUST-001465,2026-06-01,13,30.89,0.814,2026-06-26
CUST-001465,2026-07-01,13,33.73,0.828,2026-07-15
CUST-001465,2026-08-01,10,30.0,0.832,2026-08-25
CUST-001466,2026-03-01,11,14.99,0.496,2026-03-09
CUST-001466,2026-04-01,17,22.5,0.517,2026-04-03
CUST-001466,2026-05-01,15,16.17,0.419,2026-05-18
CUST-001466,2026-06-01,13,18.33,0.537,2026-06-17
CUST-001466,2026-07-01,11,16.72,0.519,2026-07-06
CUST-001466,2026-08-01,14,13.17,0.453,2026-08-14
CUST-001467,2026-03-01,16,15.08,0.61,2026-03-11
CUST-001467,2026-04-01,14,14.51,0.54,2026-04-11
CUST-001467,2026-05-01,16,10.63,0.515,2026-05-09
CUST-001467,2026-06-01,10,7.24,0.448,2026-06-09
CUST-001467,2026-07-01,6,4.64,0.373,2026-07-01
CUST-001467,2026-08-01,5,5.26,0.26,2026-08-08
CUST-001468,2026-03-01,21,16.14,0.595,2026-03-22
CUST-001468,2026-04-01,16,14.87,0.528,2026-04-05
CUST-001468,2026-05-01,14,17.76,0.448,2026-05-20
CUST-001468,2026-06-01,13,17.17,0.4,2026-06-04
CUST-001468,2026-07-01,15,9.25,0.329,2026-07-21
CUST-001468,2026-08-01,12,7.48,0.306,2026-08-26
CUST-001469,2026-03-01,19,22.1,0.306,2026-03-11
CUST-001469,2026-04-01,20,29.06,0.312,2026-04-25
CUST-001469,2026-05-01,24,27.57,0.3,2026-05-10
CUST-001469,2026-06-01,20,21.97,0.29,2026-06-18
CUST-001469,2026-07-01,19,18.96,0.309,2026-07-08
CUST-001469,2026-08-01,19,23.34,0.28,2026-08-17
CUST-001470,2026-03-01,11,9.88,0.498,2026-03-09
CUST-001470,2026-04-01,8,8.1,0.471,2026-04-23
CUST-001470,2026-05-01,7,10.88,0.387,2026-05-21
CUST-001470,2026-06-01,7,10.76,0.325,2026-06-17
CUST-001470,2026-07-01,2,5.89,0.311,2026-07-15
CUST-001470,2026-08-01,4,4.99,0.234,2026-08-02
CUST-001471,2026-03-01,8,39.31,0.596,2026-03-21
CUST-001471,2026-04-01,10,37.9,0.646,2026-04-10
CUST-001471,2026-05-01,7,32.84,0.569,2026-05-19
CUST-001471,2026-06-01,6,37.65,0.552,2026-06-09
CUST-001471,2026-07-01,11,46.61,0.604,2026-07-06
CUST-001471,2026-08-01,6,35.21,0.556,2026-08-25
CUST-001472,2026-03-01,19,39.64,0.522,2026-03-02
CUST-001472,2026-04-01,16,32.73,0.433,2026-04-24
CUST-001472,2026-05-01,10,33.55,0.465,2026-05-10
CUST-001472,2026-06-01,15,28.84,0.372,2026-06-10
CUST-001472,2026-07-01,11,18.54,0.311,2026-07-24
CUST-001472,2026-08-01,9,16.1,0.182,2026-08-09
CUST-001473,2026-03-01,15,24.92,0.795,2026-03-12
CUST-001473,2026-04-01,17,15.82,0.735,2026-04-20
CUST-001473,2026-05-01,20,18.77,0.821,2026-05-22
CUST-001473,2026-06-01,14,15.81,0.681,2026-06-12
CUST-001473,2026-07-01,17,19.92,0.765,2026-07-05
CUST-001473,2026-08-01,19,17.82,0.734,2026-08-19
CUST-001474,2026-03-01,18,13.22,0.481,2026-03-10
CUST-001474,2026-04-01,16,15.64,0.42,2026-04-21
CUST-001474,2026-05-01,14,11.42,0.37,2026-05-09
CUST-001474,2026-06-01,9,13.94,0.329,2026-06-06
CUST-001474,2026-07-01,9,12.01,0.354,2026-07-22
CUST-001474,2026-08-01,8,9.06,0.166,2026-08-23
CUST-001475,2026-03-01,14,21.38,0.507,2026-03-02
CUST-001475,2026-04-01,12,20.52,0.432,2026-04-03
CUST-001475,2026-05-01,10,17.61,0.415,2026-05-15
CUST-001475,2026-06-01,10,18.85,0.3,2026-06-24
CUST-001475,2026-07-01,9,15.89,0.246,2026-07-27
CUST-001475,2026-08-01,7,12.48,0.271,2026-08-25
CUST-001476,2026-03-01,11,34.85,0.273,2026-03-03
CUST-001476,2026-04-01,11,36.79,0.305,2026-04-07
CUST-001476,2026-05-01,11,30.21,0.253,2026-05-13
CUST-001476,2026-06-01,6,21.65,0.193,2026-06-04
CUST-001476,2026-07-01,5,23.8,0.142,2026-07-27
CUST-001476,2026-08-01,6,15.89,0.142,2026-08-03
CUST-001477,2026-03-01,12,23.76,0.634,2026-03-02
CUST-001477,2026-04-01,9,21.1,0.553,2026-04-23
CUST-001477,2026-05-01,11,23.14,0.466,2026-05-16
CUST-001477,2026-06-01,8,11.27,0.443,2026-06-15
CUST-001477,2026-07-01,9,15.33,0.326,2026-07-27
CUST-001477,2026-08-01,6,7.06,0.247,2026-08-16
CUST-001478,2026-03-01,7,35.65,0.428,2026-03-15
CUST-001478,2026-04-01,14,40.39,0.495,2026-04-13
CUST-001478,2026-05-01,5,45.05,0.412,2026-05-14
CUST-001478,2026-06-01,10,39.01,0.413,2026-06-19
CUST-001478,2026-07-01,12,38.48,0.494,2026-07-20
CUST-001478,2026-08-01,6,40.26,0.526,2026-08-23
CUST-001479,2026-03-01,17,36.98,0.689,2026-03-14
CUST-001479,2026-04-01,16,24.59,0.58,2026-04-04
CUST-001479,2026-05-01,10,14.42,0.539,2026-05-27
CUST-001479,2026-06-01,10,23.92,0.436,2026-06-04
CUST-001479,2026-07-01,10,12.65,0.366,2026-07-09
CUST-001479,2026-08-01,6,17.77,0.38,2026-08-20
CUST-001480,2026-03-01,10,11.44,0.611,2026-03-24
CUST-001480,2026-04-01,6,14.77,0.514,2026-04-13
CUST-001480,2026-05-01,8,7.81,0.434,2026-05-26
CUST-001480,2026-06-01,6,3.97,0.385,2026-06-07
CUST-001480,2026-07-01,4,4.64,0.273,2026-07-03
CUST-001480,2026-08-01,6,7.95,0.184,2026-08-21
CUST-001481,2026-03-01,20,37.35,0.682,2026-03-11
CUST-001481,2026-04-01,16,32.53,0.623,2026-04-23
CUST-001481,2026-05-01,15,27.35,0.621,2026-05-09
CUST-001481,2026-06-01,17,30.3,0.537,2026-06-15
CUST-001481,2026-07-01,14,35.31,0.639,2026-07-04
CUST-001481,2026-08-01,15,38.3,0.642,2026-08-14
CUST-001482,2026-03-01,12,40.08,0.522,2026-03-21
CUST-001482,2026-04-01,13,37.29,0.503,2026-04-05
CUST-001482,2026-05-01,11,27.53,0.415,2026-05-09
CUST-001482,2026-06-01,10,22.59,0.372,2026-06-01
CUST-001482,2026-07-01,7,21.4,0.251,2026-07-02
CUST-001482,2026-08-01,6,15.65,0.159,2026-08-18
CUST-001483,2026-03-01,8,23.59,0.461,2026-03-05
CUST-001483,2026-04-01,8,22.83,0.479,2026-04-16
CUST-001483,2026-05-01,6,15.33,0.412,2026-05-12
CUST-001483,2026-06-01,6,16.19,0.484,2026-06-05
CUST-001483,2026-07-01,12,16.75,0.514,2026-07-16
CUST-001483,2026-08-01,8,21.16,0.469,2026-08-16
CUST-001484,2026-03-01,15,28.16,0.531,2026-03-22
CUST-001484,2026-04-01,15,33.21,0.534,2026-04-16
CUST-001484,2026-05-01,18,30.82,0.499,2026-05-27
CUST-001484,2026-06-01,13,28.79,0.491,2026-06-25
CUST-001484,2026-07-01,19,30.44,0.548,2026-07-19
CUST-001484,2026-08-01,16,29.11,0.545,2026-08-04
CUST-001485,2026-03-01,26,42.14,0.385,2026-03-20
CUST-001485,2026-04-01,24,45.5,0.431,2026-04-09
CUST-001485,2026-05-01,23,44.08,0.373,2026-05-24
CUST-001485,2026-06-01,22,42.6,0.388,2026-06-22
CUST-001485,2026-07-01,23,42.97,0.401,2026-07-15
CUST-001485,2026-08-01,25,47.53,0.447,2026-08-13
CUST-001486,2026-03-01,16,36.73,0.408,2026-03-07
CUST-001486,2026-04-01,17,39.81,0.407,2026-04-24
CUST-001486,2026-05-01,16,35.12,0.464,2026-05-24
CUST-001486,2026-06-01,16,41.15,0.382,2026-06-12
CUST-001486,2026-07-01,17,43.72,0.428,2026-07-27
CUST-001486,2026-08-01,16,42.62,0.458,2026-08-04
CUST-001487,2026-03-01,8,21.22,0.643,2026-03-16
CUST-001487,2026-04-01,10,19.76,0.581,2026-04-07
CUST-001487,2026-05-01,7,19.3,0.501,2026-05-10
CUST-001487,2026-06-01,10,25.18,0.559,2026-06-07
CUST-001487,2026-07-01,7,23.17,0.638,2026-07-08
CUST-001487,2026-08-01,9,27.8,0.565,2026-08-20
CUST-001488,2026-03-01,21,13.61,0.709,2026-03-20
CUST-001488,2026-04-01,18,15.17,0.637,2026-04-14
CUST-001488,2026-05-01,14,10.72,0.553,2026-05-22
CUST-001488,2026-06-01,13,6.55,0.504,2026-06-09
CUST-001488,2026-07-01,15,1.24,0.4,2026-07-26
CUST-001488,2026-08-01,7,0.0,0.329,2026-08-12
CUST-001489,2026-03-01,7,13.54,0.49,2026-03-21
CUST-001489,2026-04-01,11,15.96,0.555,2026-04-14
CUST-001489,2026-05-01,10,23.61,0.568,2026-05-20
CUST-001489,2026-06-01,8,17.64,0.501,2026-06-07
CUST-001489,2026-07-01,8,12.47,0.459,2026-07-03
CUST-001489,2026-08-01,11,20.38,0.623,2026-08-02
CUST-001490,2026-03-01,17,22.48,0.619,2026-03-03
CUST-001490,2026-04-01,25,29.75,0.715,2026-04-11
CUST-001490,2026-05-01,16,27.72,0.62,2026-05-27
CUST-001490,2026-06-01,22,27.65,0.728,2026-06-25
CUST-001490,2026-07-01,22,33.4,0.83,2026-07-15
CUST-001490,2026-08-01,18,23.45,0.698,2026-08-15
CUST-001491,2026-03-01,18,15.31,0.504,2026-03-16
CUST-001491,2026-04-01,12,13.6,0.444,2026-04-14
CUST-001491,2026-05-01,13,6.74,0.446,2026-05-22
CUST-001491,2026-06-01,12,6.92,0.399,2026-06-18
CUST-001491,2026-07-01,12,10.56,0.304,2026-07-13
CUST-001491,2026-08-01,4,6.0,0.311,2026-08-07
CUST-001492,2026-03-01,15,21.49,0.382,2026-03-20
CUST-001492,2026-04-01,15,25.86,0.449,2026-04-08
CUST-001492,2026-05-01,10,20.01,0.383,2026-05-19
CUST-001492,2026-06-01,14,25.89,0.417,2026-06-22
CUST-001492,2026-07-01,8,20.45,0.411,2026-07-04
CUST-001492,2026-08-01,14,28.01,0.406,2026-08-15
CUST-001493,2026-03-01,21,12.05,0.629,2026-03-18
CUST-001493,2026-04-01,12,12.49,0.546,2026-04-08
CUST-001493,2026-05-01,13,8.5,0.482,2026-05-18
CUST-001493,2026-06-01,12,3.46,0.376,2026-06-09
CUST-001493,2026-07-01,12,3.78,0.341,2026-07-19
CUST-001493,2026-08-01,9,6.73,0.257,2026-08-14
CUST-001494,2026-03-01,27,34.21,0.694,2026-03-17
CUST-001494,2026-04-01,25,31.73,0.722,2026-04-14
CUST-001494,2026-05-01,21,31.93,0.668,2026-05-23
CUST-001494,2026-06-01,24,31.83,0.63,2026-06-27
CUST-001494,2026-07-01,30,31.29,0.645,2026-07-01
CUST-001494,2026-08-01,26,35.4,0.667,2026-08-08
CUST-001495,2026-03-01,7,14.69,0.36,2026-03-11
CUST-001495,2026-04-01,7,11.96,0.344,2026-04-06
CUST-001495,2026-05-01,9,12.52,0.346,2026-05-13
CUST-001495,2026-06-01,9,17.87,0.377,2026-06-06
CUST-001495,2026-07-01,12,15.66,0.448,2026-07-16
CUST-001495,2026-08-01,7,15.03,0.38,2026-08-16
CUST-001496,2026-03-01,8,24.54,0.263,2026-03-07
CUST-001496,2026-04-01,5,26.0,0.269,2026-04-13
CUST-001496,2026-05-01,10,34.4,0.33,2026-05-02
CUST-001496,2026-06-01,11,27.6,0.349,2026-06-12
CUST-001496,2026-07-01,9,22.6,0.289,2026-07-14
CUST-001496,2026-08-01,5,29.88,0.281,2026-08-26
CUST-001497,2026-03-01,20,12.49,0.606,2026-03-05
CUST-001497,2026-04-01,24,8.63,0.618,2026-04-23
CUST-001497,2026-05-01,24,11.48,0.595,2026-05-05
CUST-001497,2026-06-01,18,8.79,0.58,2026-06-11
CUST-001497,2026-07-01,28,14.58,0.704,2026-07-05
CUST-001497,2026-08-01,24,12.79,0.759,2026-08-12
CUST-001498,2026-03-01,22,11.54,0.736,2026-03-19
CUST-001498,2026-04-01,22,17.43,0.809,2026-04-19
CUST-001498,2026-05-01,17,16.23,0.718,2026-05-09
CUST-001498,2026-06-01,22,20.08,0.777,2026-06-24
CUST-001498,2026-07-01,23,17.45,0.703,2026-07-07
CUST-001498,2026-08-01,23,12.94,0.773,2026-08-07
CUST-001499,2026-03-01,12,26.3,0.402,2026-03-08
CUST-001499,2026-04-01,10,23.3,0.392,2026-04-12
CUST-001499,2026-05-01,12,24.41,0.46,2026-05-13
CUST-001499,2026-06-01,13,20.25,0.448,2026-06-13
CUST-001499,2026-07-01,10,26.9,0.445,2026-07-25
CUST-001499,2026-08-01,14,24.08,0.462,2026-08-11
CUST-001500,2026-03-01,19,28.1,0.366,2026-03-11
CUST-001500,2026-04-01,21,25.65,0.345,2026-04-09
CUST-001500,2026-05-01,23,32.8,0.442,2026-05-21
CUST-001500,2026-06-01,22,28.74,0.386,2026-06-03
CUST-001500,2026-07-01,21,29.33,0.419,2026-07-09
CUST-001500,2026-08-01,20,23.3,0.377,2026-08-26
CUST-001501,2026-03-01,15,16.35,0.723,2026-03-12
CUST-001501,2026-04-01,14,15.65,0.738,2026-04-24
CUST-001501,2026-05-01,17,11.91,0.751,2026-05-14
CUST-001501,2026-06-01,15,17.94,0.762,2026-06-18
CUST-001501,2026-07-01,15,13.03,0.801,2026-07-01
CUST-001501,2026-08-01,15,10.83,0.77,2026-08-17
CUST-001502,2026-03-01,15,28.7,0.719,2026-03-18
CUST-001502,2026-04-01,19,32.65,0.732,2026-04-01
CUST-001502,2026-05-01,17,30.66,0.776,2026-05-15
CUST-001502,2026-06-01,17,28.76,0.795,2026-06-20
CUST-001502,2026-07-01,15,22.35,0.741,2026-07-09
CUST-001502,2026-08-01,13,27.13,0.666,2026-08-08
CUST-001503,2026-03-01,10,11.89,0.677,2026-03-18
CUST-001503,2026-04-01,5,11.94,0.609,2026-04-27
CUST-001503,2026-05-01,7,9.4,0.545,2026-05-27
CUST-001503,2026-06-01,8,7.41,0.487,2026-06-25
CUST-001503,2026-07-01,8,11.14,0.385,2026-07-27
CUST-001503,2026-08-01,4,2.61,0.278,2026-08-04
CUST-001504,2026-03-01,14,28.97,0.491,2026-03-20
CUST-001504,2026-04-01,14,19.65,0.456,2026-04-09
CUST-001504,2026-05-01,13,22.43,0.396,2026-05-27
CUST-001504,2026-06-01,8,21.41,0.32,2026-06-25
CUST-001504,2026-07-01,6,14.45,0.294,2026-07-06
CUST-001504,2026-08-01,3,13.74,0.228,2026-08-02
CUST-001505,2026-03-01,28,10.52,0.381,2026-03-11
CUST-001505,2026-04-01,27,13.75,0.391,2026-04-18
CUST-001505,2026-05-01,25,18.94,0.416,2026-05-21
CUST-001505,2026-06-01,21,9.94,0.359,2026-06-16
CUST-001505,2026-07-01,24,15.33,0.359,2026-07-24
CUST-001505,2026-08-01,20,10.99,0.375,2026-08-03
CUST-001506,2026-03-01,19,45.79,0.721,2026-03-17
CUST-001506,2026-04-01,23,41.01,0.845,2026-04-10
CUST-001506,2026-05-01,23,49.47,0.877,2026-05-23
CUST-001506,2026-06-01,18,47.17,0.848,2026-06-16
CUST-001506,2026-07-01,21,44.46,0.806,2026-07-16
CUST-001506,2026-08-01,23,48.12,0.853,2026-08-17
CUST-001507,2026-03-01,11,36.0,0.337,2026-03-07
CUST-001507,2026-04-01,14,34.88,0.4,2026-04-21
CUST-001507,2026-05-01,10,34.08,0.342,2026-05-04
CUST-001507,2026-06-01,12,41.76,0.337,2026-06-26
CUST-001507,2026-07-01,9,39.65,0.369,2026-07-11
CUST-001507,2026-08-01,8,35.03,0.341,2026-08-26
CUST-001508,2026-03-01,23,33.09,0.383,2026-03-02
CUST-001508,2026-04-01,20,28.69,0.267,2026-04-01
CUST-001508,2026-05-01,16,27.68,0.28,2026-05-08
CUST-001508,2026-06-01,17,22.94,0.228,2026-06-09
CUST-001508,2026-07-01,15,15.83,0.224,2026-07-20
CUST-001508,2026-08-01,9,8.87,0.153,2026-08-02
CUST-001509,2026-03-01,11,39.13,0.75,2026-03-20
CUST-001509,2026-04-01,12,42.35,0.727,2026-04-17
CUST-001509,2026-05-01,11,44.58,0.766,2026-05-14
CUST-001509,2026-06-01,6,37.7,0.715,2026-06-23
CUST-001509,2026-07-01,11,39.23,0.705,2026-07-04
CUST-001509,2026-08-01,17,42.38,0.753,2026-08-11
CUST-001510,2026-03-01,17,22.16,0.434,2026-03-08
CUST-001510,2026-04-01,20,28.65,0.425,2026-04-24
CUST-001510,2026-05-01,15,22.37,0.393,2026-05-02
CUST-001510,2026-06-01,21,26.47,0.473,2026-06-12
CUST-001510,2026-07-01,17,26.24,0.454,2026-07-18
CUST-001510,2026-08-01,18,26.6,0.458,2026-08-19
CUST-001511,2026-03-01,21,39.07,0.467,2026-03-08
CUST-001511,2026-04-01,20,34.07,0.382,2026-04-19
CUST-001511,2026-05-01,14,25.95,0.375,2026-05-04
CUST-001511,2026-06-01,12,26.31,0.274,2026-06-08
CUST-001511,2026-07-01,7,20.51,0.194,2026-07-12
CUST-001511,2026-08-01,12,14.91,0.213,2026-08-18
CUST-001512,2026-03-01,27,15.58,0.615,2026-03-26
CUST-001512,2026-04-01,26,12.82,0.527,2026-04-25
CUST-001512,2026-05-01,23,12.73,0.557,2026-05-10
CUST-001512,2026-06-01,26,19.26,0.557,2026-06-01
CUST-001512,2026-07-01,25,11.56,0.623,2026-07-17
CUST-001512,2026-08-01,22,9.21,0.556,2026-08-27
CUST-001513,2026-03-01,22,30.01,0.437,2026-03-05
CUST-001513,2026-04-01,23,25.99,0.447,2026-04-04
CUST-001513,2026-05-01,20,22.12,0.36,2026-05-13
CUST-001513,2026-06-01,19,22.28,0.404,2026-06-25
CUST-001513,2026-07-01,20,18.63,0.455,2026-07-16
CUST-001513,2026-08-01,25,17.97,0.477,2026-08-02
CUST-001514,2026-03-01,20,32.6,0.685,2026-03-23
CUST-001514,2026-04-01,23,39.12,0.717,2026-04-11
CUST-001514,2026-05-01,25,34.91,0.711,2026-05-06
CUST-001514,2026-06-01,27,34.69,0.674,2026-06-19
CUST-001514,2026-07-01,22,40.57,0.699,2026-07-12
CUST-001514,2026-08-01,20,32.17,0.63,2026-08-20
CUST-001515,2026-03-01,9,30.7,0.709,2026-03-01
CUST-001515,2026-04-01,11,30.74,0.573,2026-04-27
CUST-001515,2026-05-01,6,36.65,0.721,2026-05-25
CUST-001515,2026-06-01,6,30.14,0.657,2026-06-24
CUST-001515,2026-07-01,5,32.84,0.665,2026-07-18
CUST-001515,2026-08-01,11,36.64,0.748,2026-08-16
CUST-001516,2026-03-01,4,29.81,0.615,2026-03-03
CUST-001516,2026-04-01,8,29.64,0.534,2026-04-10
CUST-001516,2026-05-01,4,27.42,0.496,2026-05-07
CUST-001516,2026-06-01,6,19.7,0.392,2026-06-07
CUST-001516,2026-07-01,3,19.58,0.349,2026-07-05
CUST-001516,2026-08-01,4,14.49,0.23,2026-08-04
CUST-001517,2026-03-01,25,15.66,0.511,2026-03-18
CUST-001517,2026-04-01,27,18.59,0.493,2026-04-23
CUST-001517,2026-05-01,22,14.6,0.446,2026-05-08
CUST-001517,2026-06-01,24,17.29,0.485,2026-06-26
CUST-001517,2026-07-01,28,15.41,0.555,2026-07-10
CUST-001517,2026-08-01,20,14.82,0.508,2026-08-10
CUST-001518,2026-03-01,9,37.56,0.514,2026-03-02
CUST-001518,2026-04-01,8,39.95,0.525,2026-04-17
CUST-001518,2026-05-01,8,37.44,0.549,2026-05-22
CUST-001518,2026-06-01,10,34.3,0.547,2026-06-21
CUST-001518,2026-07-01,7,30.28,0.558,2026-07-01
CUST-001518,2026-08-01,7,35.97,0.537,2026-08-22
CUST-001519,2026-03-01,12,25.44,0.671,2026-03-17
CUST-001519,2026-04-01,17,20.7,0.685,2026-04-15
CUST-001519,2026-05-01,14,24.65,0.785,2026-05-01
CUST-001519,2026-06-01,14,22.04,0.649,2026-06-13
CUST-001519,2026-07-01,15,23.0,0.695,2026-07-04
CUST-001519,2026-08-01,13,22.69,0.664,2026-08-14
CUST-001520,2026-03-01,9,19.57,0.427,2026-03-06
CUST-001520,2026-04-01,13,20.81,0.402,2026-04-13
CUST-001520,2026-05-01,12,23.49,0.48,2026-05-04
CUST-001520,2026-06-01,9,20.38,0.498,2026-06-04
CUST-001520,2026-07-01,11,26.87,0.439,2026-07-08
CUST-001520,2026-08-01,10,20.98,0.434,2026-08-21
CUST-001521,2026-03-01,8,14.9,0.477,2026-03-15
CUST-001521,2026-04-01,5,15.09,0.407,2026-04-11
CUST-001521,2026-05-01,7,8.35,0.342,2026-05-07
CUST-001521,2026-06-01,3,5.4,0.356,2026-06-13
CUST-001521,2026-07-01,6,8.66,0.227,2026-07-23
CUST-001521,2026-08-01,3,4.6,0.205,2026-08-11
CUST-001522,2026-03-01,20,36.62,0.639,2026-03-06
CUST-001522,2026-04-01,21,35.42,0.549,2026-04-09
CUST-001522,2026-05-01,16,28.57,0.433,2026-05-20
CUST-001522,2026-06-01,14,18.94,0.457,2026-06-02
CUST-001522,2026-07-01,10,19.55,0.338,2026-07-26
CUST-001522,2026-08-01,13,15.16,0.264,2026-08-04
CUST-001523,2026-03-01,12,17.72,0.537,2026-03-08
CUST-001523,2026-04-01,8,13.83,0.553,2026-04-10
CUST-001523,2026-05-01,14,19.0,0.555,2026-05-13
CUST-001523,2026-06-01,10,22.81,0.568,2026-06-21
CUST-001523,2026-07-01,11,24.42,0.584,2026-07-20
CUST-001523,2026-08-01,10,23.62,0.573,2026-08-09
CUST-001524,2026-03-01,18,39.95,0.413,2026-03-19
CUST-001524,2026-04-01,15,28.32,0.36,2026-04-03
CUST-001524,2026-05-01,13,29.26,0.353,2026-05-16
CUST-001524,2026-06-01,20,39.73,0.366,2026-06-12
CUST-001524,2026-07-01,17,35.35,0.417,2026-07-13
CUST-001524,2026-08-01,18,38.49,0.417,2026-08-22
CUST-001525,2026-03-01,17,32.06,0.327,2026-03-09
CUST-001525,2026-04-01,18,35.37,0.297,2026-04-03
CUST-001525,2026-05-01,15,42.24,0.363,2026-05-18
CUST-001525,2026-06-01,20,42.04,0.271,2026-06-20
CUST-001525,2026-07-01,10,43.21,0.315,2026-07-14
CUST-001525,2026-08-01,17,41.34,0.311,2026-08-08
CUST-001526,2026-03-01,8,10.75,0.6,2026-03-13
CUST-001526,2026-04-01,9,7.42,0.586,2026-04-18
CUST-001526,2026-05-01,7,3.27,0.481,2026-05-08
CUST-001526,2026-06-01,6,7.07,0.425,2026-06-12
CUST-001526,2026-07-01,6,6.93,0.395,2026-07-21
CUST-001526,2026-08-01,7,9.2,0.28,2026-08-09
CUST-001527,2026-03-01,7,33.55,0.366,2026-03-21
CUST-001527,2026-04-01,5,27.92,0.288,2026-04-25
CUST-001527,2026-05-01,5,25.3,0.281,2026-05-10
CUST-001527,2026-06-01,6,29.18,0.276,2026-06-14
CUST-001527,2026-07-01,2,18.5,0.161,2026-07-10
CUST-001527,2026-08-01,4,16.04,0.127,2026-08-09
CUST-001528,2026-03-01,7,35.59,0.295,2026-03-22
CUST-001528,2026-04-01,6,34.13,0.25,2026-04-21
CUST-001528,2026-05-01,6,29.39,0.239,2026-05-18
CUST-001528,2026-06-01,8,26.89,0.222,2026-06-21
CUST-001528,2026-07-01,2,22.37,0.154,2026-07-25
CUST-001528,2026-08-01,4,22.25,0.104,2026-08-11
CUST-001529,2026-03-01,19,35.46,0.318,2026-03-17
CUST-001529,2026-04-01,15,29.65,0.3,2026-04-02
CUST-001529,2026-05-01,17,28.81,0.251,2026-05-26
CUST-001529,2026-06-01,14,25.09,0.176,2026-06-15
CUST-001529,2026-07-01,6,22.84,0.168,2026-07-22
CUST-001529,2026-08-01,9,13.71,0.159,2026-08-27
CUST-001530,2026-03-01,7,25.8,0.308,2026-03-26
CUST-001530,2026-04-01,9,27.45,0.369,2026-04-13
CUST-001530,2026-05-01,13,25.9,0.345,2026-05-16
CUST-001530,2026-06-01,10,28.48,0.38,2026-06-08
CUST-001530,2026-07-01,8,32.73,0.341,2026-07-12
CUST-001530,2026-08-01,10,25.44,0.306,2026-08-26
CUST-001531,2026-03-01,13,35.14,0.387,2026-03-04
CUST-001531,2026-04-01,10,42.27,0.454,2026-04-17
CUST-001531,2026-05-01,13,38.82,0.412,2026-05-12
CUST-001531,2026-06-01,10,35.87,0.416,2026-06-16
CUST-001531,2026-07-01,9,40.12,0.423,2026-07-07
CUST-001531,2026-08-01,12,43.34,0.397,2026-08-18
CUST-001532,2026-03-01,14,16.32,0.505,2026-03-20
CUST-001532,2026-04-01,9,18.07,0.478,2026-04-08
CUST-001532,2026-05-01,10,10.96,0.383,2026-05-05
CUST-001532,2026-06-01,10,13.79,0.312,2026-06-27
CUST-001532,2026-07-01,10,8.78,0.327,2026-07-14
CUST-001532,2026-08-01,6,7.1,0.237,2026-08-20
CUST-001533,2026-03-01,16,40.7,0.368,2026-03-19
CUST-001533,2026-04-01,20,40.31,0.366,2026-04-25
CUST-001533,2026-05-01,16,32.92,0.396,2026-05-04
CUST-001533,2026-06-01,15,36.93,0.367,2026-06-12
CUST-001533,2026-07-01,17,41.38,0.312,2026-07-08
CUST-001533,2026-08-01,15,39.87,0.363,2026-08-22
CUST-001534,2026-03-01,9,29.78,0.702,2026-03-14
CUST-001534,2026-04-01,13,24.89,0.728,2026-04-26
CUST-001534,2026-05-01,14,29.7,0.746,2026-05-27
CUST-001534,2026-06-01,14,24.0,0.668,2026-06-13
CUST-001534,2026-07-01,12,27.83,0.691,2026-07-11
CUST-001534,2026-08-01,12,24.19,0.759,2026-08-01
CUST-001535,2026-03-01,14,35.13,0.35,2026-03-24
CUST-001535,2026-04-01,10,27.05,0.375,2026-04-03
CUST-001535,2026-05-01,8,30.24,0.261,2026-05-21
CUST-001535,2026-06-01,6,20.28,0.274,2026-06-10
CUST-001535,2026-07-01,3,19.74,0.217,2026-07-20
CUST-001535,2026-08-01,3,10.38,0.114,2026-08-01
CUST-001536,2026-03-01,16,29.39,0.612,2026-03-23
CUST-001536,2026-04-01,19,33.48,0.655,2026-04-04
CUST-001536,2026-05-01,17,38.06,0.72,2026-05-21
CUST-001536,2026-06-01,19,34.93,0.616,2026-06-11
CUST-001536,2026-07-01,24,35.84,0.746,2026-07-24
CUST-001536,2026-08-01,18,34.41,0.665,2026-08-22
CUST-001537,2026-03-01,26,27.96,0.441,2026-03-27
CUST-001537,2026-04-01,22,26.66,0.4,2026-04-18
CUST-001537,2026-05-01,22,32.54,0.472,2026-05-01
CUST-001537,2026-06-01,28,28.75,0.423,2026-06-27
CUST-001537,2026-07-01,26,37.36,0.366,2026-07-03
CUST-001537,2026-08-01,24,30.62,0.393,2026-08-04
CUST-001538,2026-03-01,23,30.13,0.4,2026-03-05
CUST-001538,2026-04-01,20,36.07,0.443,2026-04-06
CUST-001538,2026-05-01,23,37.02,0.5,2026-05-19
CUST-001538,2026-06-01,22,28.96,0.403,2026-06-26
CUST-001538,2026-07-01,20,35.76,0.453,2026-07-21
CUST-001538,2026-08-01,22,35.63,0.365,2026-08-27
CUST-001539,2026-03-01,15,15.01,0.507,2026-03-09
CUST-001539,2026-04-01,18,19.9,0.512,2026-04-15
CUST-001539,2026-05-01,16,14.81,0.508,2026-05-26
CUST-001539,2026-06-01,16,16.04,0.426,2026-06-08
CUST-001539,2026-07-01,18,21.69,0.488,2026-07-08
CUST-001539,2026-08-01,16,17.62,0.447,2026-08-18
CUST-001540,2026-03-01,11,12.65,0.442,2026-03-04
CUST-001540,2026-04-01,9,4.53,0.415,2026-04-11
CUST-001540,2026-05-01,8,3.12,0.411,2026-05-23
CUST-001540,2026-06-01,4,8.2,0.263,2026-06-07
CUST-001540,2026-07-01,2,5.23,0.235,2026-07-08
CUST-001540,2026-08-01,2,1.74,0.183,2026-08-04
CUST-001541,2026-03-01,15,23.3,0.285,2026-03-16
CUST-001541,2026-04-01,16,25.82,0.317,2026-04-10
CUST-001541,2026-05-01,17,29.37,0.371,2026-05-21
CUST-001541,2026-06-01,15,26.2,0.366,2026-06-08
CUST-001541,2026-07-01,20,26.69,0.368,2026-07-25
CUST-001541,2026-08-01,18,30.53,0.382,2026-08-04
CUST-001542,2026-03-01,19,45.32,0.589,2026-03-07
CUST-001542,2026-04-01,20,32.03,0.643,2026-04-18
CUST-001542,2026-05-01,19,33.87,0.598,2026-05-18
CUST-001542,2026-06-01,23,38.66,0.704,2026-06-04
CUST-001542,2026-07-01,21,33.62,0.709,2026-07-27
CUST-001542,2026-08-01,27,38.81,0.738,2026-08-01
CUST-001543,2026-03-01,11,6.4,0.378,2026-03-11
CUST-001543,2026-04-01,7,5.18,0.378,2026-04-01
CUST-001543,2026-05-01,5,7.06,0.331,2026-05-15
CUST-001543,2026-06-01,5,4.67,0.24,2026-06-02
CUST-001543,2026-07-01,7,10.0,0.23,2026-07-10
CUST-001543,2026-08-01,1,6.58,0.2,2026-08-25
CUST-001544,2026-03-01,22,23.28,0.466,2026-03-25
CUST-001544,2026-04-01,27,22.3,0.519,2026-04-22
CUST-001544,2026-05-01,24,22.38,0.473,2026-05-13
CUST-001544,2026-06-01,22,13.84,0.411,2026-06-26
CUST-001544,2026-07-01,24,26.2,0.466,2026-07-14
CUST-001544,2026-08-01,23,21.13,0.463,2026-08-06
CUST-001545,2026-03-01,6,8.66,0.442,2026-03-02
CUST-001545,2026-04-01,10,9.82,0.357,2026-04-10
CUST-001545,2026-05-01,8,8.17,0.265,2026-05-10
CUST-001545,2026-06-01,3,10.37,0.287,2026-06-13
CUST-001545,2026-07-01,8,8.21,0.202,2026-07-24
CUST-001545,2026-08-01,2,1.56,0.121,2026-08-06
CUST-001546,2026-03-01,18,27.84,0.571,2026-03-04
CUST-001546,2026-04-01,22,32.99,0.628,2026-04-26
CUST-001546,2026-05-01,24,40.22,0.602,2026-05-22
CUST-001546,2026-06-01,20,24.24,0.564,2026-06-25
CUST-001546,2026-07-01,21,30.4,0.69,2026-07-02
CUST-001546,2026-08-01,20,26.98,0.611,2026-08-09
CUST-001547,2026-03-01,19,24.43,0.473,2026-03-17
CUST-001547,2026-04-01,12,23.79,0.415,2026-04-08
CUST-001547,2026-05-01,12,17.53,0.327,2026-05-14
CUST-001547,2026-06-01,14,18.03,0.27,2026-06-09
CUST-001547,2026-07-01,15,10.21,0.28,2026-07-12
CUST-001547,2026-08-01,5,11.92,0.201,2026-08-17
CUST-001548,2026-03-01,15,27.86,0.821,2026-03-13
CUST-001548,2026-04-01,10,28.7,0.755,2026-04-08
CUST-001548,2026-05-01,14,25.94,0.861,2026-05-06
CUST-001548,2026-06-01,18,26.7,0.893,2026-06-18
CUST-001548,2026-07-01,17,29.97,0.902,2026-07-02
CUST-001548,2026-08-01,18,24.47,0.852,2026-08-07
CUST-001549,2026-03-01,16,46.86,0.771,2026-03-12
CUST-001549,2026-04-01,18,46.33,0.81,2026-04-23
CUST-001549,2026-05-01,16,43.81,0.795,2026-05-22
CUST-001549,2026-06-01,16,41.0,0.754,2026-06-24
CUST-001549,2026-07-01,14,43.07,0.803,2026-07-11
CUST-001549,2026-08-01,15,38.85,0.793,2026-08-09
CUST-001550,2026-03-01,14,7.13,0.397,2026-03-06
CUST-001550,2026-04-01,19,14.16,0.408,2026-04-27
CUST-001550,2026-05-01,10,4.89,0.365,2026-05-08
CUST-001550,2026-06-01,13,8.86,0.264,2026-06-09
CUST-001550,2026-07-01,13,3.17,0.183,2026-07-12
CUST-001550,2026-08-01,6,0.4,0.211,2026-08-02
CUST-001551,2026-03-01,25,42.41,0.524,2026-03-06
CUST-001551,2026-04-01,23,35.87,0.541,2026-04-20
CUST-001551,2026-05-01,21,38.69,0.535,2026-05-23
CUST-001551,2026-06-01,20,35.84,0.535,2026-06-20
CUST-001551,2026-07-01,23,36.06,0.51,2026-07-27
CUST-001551,2026-08-01,21,35.0,0.51,2026-08-10
CUST-001552,2026-03-01,16,20.04,0.554,2026-03-17
CUST-001552,2026-04-01,19,24.49,0.532,2026-04-03
CUST-001552,2026-05-01,17,20.51,0.559,2026-05-01
CUST-001552,2026-06-01,22,16.56,0.57,2026-06-19
CUST-001552,2026-07-01,19,23.87,0.548,2026-07-24
CUST-001552,2026-08-01,19,22.32,0.642,2026-08-21
CUST-001553,2026-03-01,14,30.17,0.316,2026-03-11
CUST-001553,2026-04-01,15,31.05,0.279,2026-04-01
CUST-001553,2026-05-01,12,32.66,0.27,2026-05-23
CUST-001553,2026-06-01,16,37.73,0.366,2026-06-18
CUST-001553,2026-07-01,14,34.17,0.321,2026-07-20
CUST-001553,2026-08-01,14,41.1,0.33,2026-08-20
CUST-001554,2026-03-01,5,19.45,0.322,2026-03-10
CUST-001554,2026-04-01,10,21.38,0.329,2026-04-15
CUST-001554,2026-05-01,6,21.75,0.394,2026-05-01
CUST-001554,2026-06-01,7,22.73,0.424,2026-06-21
CUST-001554,2026-07-01,8,24.55,0.45,2026-07-17
CUST-001554,2026-08-01,7,22.7,0.382,2026-08-15
CUST-001555,2026-03-01,15,36.98,0.665,2026-03-12
CUST-001555,2026-04-01,16,24.29,0.585,2026-04-21
CUST-001555,2026-05-01,12,25.19,0.498,2026-05-01
CUST-001555,2026-06-01,9,19.64,0.441,2026-06-22
CUST-001555,2026-07-01,11,10.63,0.388,2026-07-19
CUST-001555,2026-08-01,6,10.42,0.294,2026-08-15
CUST-001556,2026-03-01,15,9.04,0.738,2026-03-25
CUST-001556,2026-04-01,16,8.62,0.704,2026-04-17
CUST-001556,2026-05-01,10,14.44,0.703,2026-05-22
CUST-001556,2026-06-01,14,11.43,0.753,2026-06-15
CUST-001556,2026-07-01,11,9.51,0.664,2026-07-27
CUST-001556,2026-08-01,12,10.9,0.77,2026-08-27
CUST-001557,2026-03-01,22,10.35,0.601,2026-03-17
CUST-001557,2026-04-01,15,12.59,0.588,2026-04-22
CUST-001557,2026-05-01,17,5.16,0.557,2026-05-14
CUST-001557,2026-06-01,18,15.08,0.562,2026-06-14
CUST-001557,2026-07-01,20,11.02,0.596,2026-07-01
CUST-001557,2026-08-01,18,7.5,0.55,2026-08-24
CUST-001558,2026-03-01,12,21.54,0.371,2026-03-25
CUST-001558,2026-04-01,8,17.22,0.322,2026-04-03
CUST-001558,2026-05-01,9,15.55,0.283,2026-05-24
CUST-001558,2026-06-01,6,16.11,0.198,2026-06-02
CUST-001558,2026-07-01,2,15.0,0.17,2026-07-07
CUST-001558,2026-08-01,0,12.72,0.153,2026-08-19
CUST-001559,2026-03-01,12,31.87,0.909,2026-03-12
CUST-001559,2026-04-01,13,31.96,0.796,2026-04-11
CUST-001559,2026-05-01,14,38.86,0.78,2026-05-16
CUST-001559,2026-06-01,12,30.36,0.774,2026-06-08
CUST-001559,2026-07-01,12,33.11,0.791,2026-07-12
CUST-001559,2026-08-01,13,32.25,0.825,2026-08-12
CUST-001560,2026-03-01,11,36.84,0.577,2026-03-20
CUST-001560,2026-04-01,12,42.22,0.624,2026-04-09
CUST-001560,2026-05-01,14,37.18,0.575,2026-05-02
CUST-001560,2026-06-01,16,40.9,0.544,2026-06-22
CUST-001560,2026-07-01,14,37.5,0.522,2026-07-11
CUST-001560,2026-08-01,13,38.94,0.619,2026-08-23
CUST-001561,2026-03-01,13,13.09,0.4,2026-03-22
CUST-001561,2026-04-01,12,8.96,0.351,2026-04-20
CUST-001561,2026-05-01,14,13.85,0.357,2026-05-16
CUST-001561,2026-06-01,15,13.51,0.374,2026-06-08
CUST-001561,2026-07-01,13,11.09,0.399,2026-07-21
CUST-001561,2026-08-01,11,12.75,0.321,2026-08-14
CUST-001562,2026-03-01,25,25.54,0.448,2026-03-24
CUST-001562,2026-04-01,23,25.82,0.507,2026-04-10
CUST-001562,2026-05-01,26,32.47,0.498,2026-05-16
CUST-001562,2026-06-01,25,26.84,0.495,2026-06-04
CUST-001562,2026-07-01,26,26.12,0.45,2026-07-02
CUST-001562,2026-08-01,24,28.2,0.405,2026-08-20
CUST-001563,2026-03-01,13,14.23,0.529,2026-03-01
CUST-001563,2026-04-01,14,15.96,0.54,2026-04-18
CUST-001563,2026-05-01,11,12.82,0.485,2026-05-10
CUST-001563,2026-06-01,11,14.68,0.555,2026-06-04
CUST-001563,2026-07-01,8,7.71,0.511,2026-07-02
CUST-001563,2026-08-01,11,11.96,0.54,2026-08-13
CUST-001564,2026-03-01,16,38.09,0.592,2026-03-26
CUST-001564,2026-04-01,14,47.49,0.611,2026-04-15
CUST-001564,2026-05-01,15,40.09,0.515,2026-05-08
CUST-001564,2026-06-01,19,46.98,0.685,2026-06-11
CUST-001564,2026-07-01,16,41.11,0.641,2026-07-12
CUST-001564,2026-08-01,17,44.22,0.713,2026-08-23
CUST-001565,2026-03-01,23,12.3,0.783,2026-03-22
CUST-001565,2026-04-01,24,19.44,0.84,2026-04-17
CUST-001565,2026-05-01,23,14.27,0.789,2026-05-16
CUST-001565,2026-06-01,19,9.16,0.801,2026-06-03
CUST-001565,2026-07-01,18,18.83,0.677,2026-07-17
CUST-001565,2026-08-01,20,13.45,0.714,2026-08-23
CUST-001566,2026-03-01,21,40.94,0.8,2026-03-17
CUST-001566,2026-04-01,19,45.48,0.737,2026-04-08
CUST-001566,2026-05-01,21,43.95,0.807,2026-05-20
CUST-001566,2026-06-01,22,44.48,0.864,2026-06-11
CUST-001566,2026-07-01,22,46.15,0.854,2026-07-22
CUST-001566,2026-08-01,21,38.69,0.841,2026-08-14
CUST-001567,2026-03-01,6,20.69,0.627,2026-03-17
CUST-001567,2026-04-01,5,21.38,0.56,2026-04-15
CUST-001567,2026-05-01,6,17.17,0.464,2026-05-11
CUST-001567,2026-06-01,9,18.56,0.367,2026-06-23
CUST-001567,2026-07-01,3,14.49,0.328,2026-07-24
CUST-001567,2026-08-01,0,8.81,0.256,2026-08-12
CUST-001568,2026-03-01,17,34.19,0.636,2026-03-04
CUST-001568,2026-04-01,19,25.75,0.582,2026-04-12
CUST-001568,2026-05-01,17,27.74,0.522,2026-05-05
CUST-001568,2026-06-01,15,18.71,0.427,2026-06-07
CUST-001568,2026-07-01,9,21.18,0.326,2026-07-26
CUST-001568,2026-08-01,8,13.91,0.267,2026-08-26
CUST-001569,2026-03-01,13,34.05,0.684,2026-03-25
CUST-001569,2026-04-01,12,36.7,0.582,2026-04-06
CUST-001569,2026-05-01,10,24.02,0.514,2026-05-09
CUST-001569,2026-06-01,8,20.15,0.46,2026-06-06
CUST-001569,2026-07-01,8,21.47,0.337,2026-07-07
CUST-001569,2026-08-01,5,12.68,0.33,2026-08-19
CUST-001570,2026-03-01,22,6.08,0.377,2026-03-03
CUST-001570,2026-04-01,20,8.47,0.24,2026-04-07
CUST-001570,2026-05-01,15,11.22,0.245,2026-05-05
CUST-001570,2026-06-01,13,4.28,0.227,2026-06-06
CUST-001570,2026-07-01,14,7.18,0.175,2026-07-11
CUST-001570,2026-08-01,6,5.3,0.166,2026-08-26
CUST-001571,2026-03-01,15,35.15,0.709,2026-03-24
CUST-001571,2026-04-01,11,35.03,0.64,2026-04-02
CUST-001571,2026-05-01,13,25.75,0.532,2026-05-10
CUST-001571,2026-06-01,11,22.38,0.507,2026-06-20
CUST-001571,2026-07-01,7,11.44,0.393,2026-07-02
CUST-001571,2026-08-01,7,17.52,0.296,2026-08-04
CUST-001572,2026-03-01,23,27.97,0.602,2026-03-27
CUST-001572,2026-04-01,21,32.72,0.626,2026-04-11
CUST-001572,2026-05-01,25,32.2,0.6,2026-05-18
CUST-001572,2026-06-01,24,32.29,0.671,2026-06-07
CUST-001572,2026-07-01,23,30.82,0.551,2026-07-02
CUST-001572,2026-08-01,21,32.82,0.65,2026-08-24
CUST-001573,2026-03-01,16,35.8,0.488,2026-03-22
CUST-001573,2026-04-01,10,39.55,0.523,2026-04-03
CUST-001573,2026-05-01,10,40.36,0.483,2026-05-04
CUST-001573,2026-06-01,8,42.39,0.432,2026-06-24
CUST-001573,2026-07-01,12,32.54,0.463,2026-07-06
CUST-001573,2026-08-01,11,36.76,0.41,2026-08-20
CUST-001574,2026-03-01,12,22.13,0.729,2026-03-25
CUST-001574,2026-04-01,15,19.5,0.769,2026-04-13
CUST-001574,2026-05-01,15,11.86,0.736,2026-05-01
CUST-001574,2026-06-01,15,16.44,0.82,2026-06-19
CUST-001574,2026-07-01,16,18.01,0.781,2026-07-01
CUST-001574,2026-08-01,15,14.85,0.792,2026-08-02
CUST-001575,2026-03-01,14,24.84,0.36,2026-03-26
CUST-001575,2026-04-01,17,23.38,0.335,2026-04-08
CUST-001575,2026-05-01,12,22.55,0.238,2026-05-20
CUST-001575,2026-06-01,14,22.38,0.252,2026-06-20
CUST-001575,2026-07-01,9,18.35,0.189,2026-07-13
CUST-001575,2026-08-01,5,13.41,0.128,2026-08-06
CUST-001576,2026-03-01,9,20.3,0.345,2026-03-04
CUST-001576,2026-04-01,11,22.49,0.424,2026-04-06
CUST-001576,2026-05-01,7,25.57,0.305,2026-05-24
CUST-001576,2026-06-01,10,19.83,0.391,2026-06-25
CUST-001576,2026-07-01,9,18.34,0.403,2026-07-24
CUST-001576,2026-08-01,9,25.1,0.411,2026-08-15
CUST-001577,2026-03-01,15,28.89,0.462,2026-03-17
CUST-001577,2026-04-01,17,20.79,0.473,2026-04-27
CUST-001577,2026-05-01,16,25.77,0.431,2026-05-24
CUST-001577,2026-06-01,18,27.73,0.574,2026-06-24
CUST-001577,2026-07-01,19,24.92,0.572,2026-07-26
CUST-001577,2026-08-01,13,30.73,0.523,2026-08-11
CUST-001578,2026-03-01,14,37.96,0.28,2026-03-08
CUST-001578,2026-04-01,14,41.81,0.326,2026-04-19
CUST-001578,2026-05-01,11,35.76,0.271,2026-05-03
CUST-001578,2026-06-01,15,33.5,0.307,2026-06-22
CUST-001578,2026-07-01,15,38.72,0.267,2026-07-14
CUST-001578,2026-08-01,14,28.32,0.257,2026-08-16
CUST-001579,2026-03-01,20,21.24,0.649,2026-03-09
CUST-001579,2026-04-01,25,24.35,0.781,2026-04-21
CUST-001579,2026-05-01,19,24.93,0.705,2026-05-07
CUST-001579,2026-06-01,25,32.2,0.758,2026-06-25
CUST-001579,2026-07-01,19,26.04,0.637,2026-07-01
CUST-001579,2026-08-01,22,26.47,0.705,2026-08-27
CUST-001580,2026-03-01,20,4.06,0.405,2026-03-23
CUST-001580,2026-04-01,19,11.34,0.419,2026-04-10
CUST-001580,2026-05-01,23,17.9,0.401,2026-05-22
CUST-001580,2026-06-01,20,15.69,0.386,2026-06-26
CUST-001580,2026-07-01,24,14.99,0.338,2026-07-13
CUST-001580,2026-08-01,19,16.87,0.394,2026-08-21
CUST-001581,2026-03-01,19,22.21,0.63,2026-03-15
CUST-001581,2026-04-01,18,17.75,0.651,2026-04-27
CUST-001581,2026-05-01,20,23.07,0.696,2026-05-17
CUST-001581,2026-06-01,20,20.85,0.679,2026-06-24
CUST-001581,2026-07-01,18,19.95,0.744,2026-07-18
CUST-001581,2026-08-01,24,24.04,0.78,2026-08-24
CUST-001582,2026-03-01,19,36.69,0.432,2026-03-16
CUST-001582,2026-04-01,19,32.1,0.418,2026-04-04
CUST-001582,2026-05-01,12,26.44,0.415,2026-05-20
CUST-001582,2026-06-01,13,24.71,0.343,2026-06-09
CUST-001582,2026-07-01,12,21.8,0.266,2026-07-12
CUST-001582,2026-08-01,10,13.65,0.165,2026-08-09
CUST-001583,2026-03-01,8,25.99,0.572,2026-03-09
CUST-001583,2026-04-01,8,22.52,0.491,2026-04-14
CUST-001583,2026-05-01,7,17.01,0.455,2026-05-26
CUST-001583,2026-06-01,10,15.27,0.414,2026-06-16
CUST-001583,2026-07-01,2,8.46,0.364,2026-07-07
CUST-001583,2026-08-01,6,15.84,0.248,2026-08-27
CUST-001584,2026-03-01,10,27.48,0.679,2026-03-08
CUST-001584,2026-04-01,5,17.69,0.665,2026-04-06
CUST-001584,2026-05-01,8,13.06,0.564,2026-05-20
CUST-001584,2026-06-01,5,13.81,0.486,2026-06-14
CUST-001584,2026-07-01,7,15.64,0.381,2026-07-04
CUST-001584,2026-08-01,0,6.85,0.323,2026-08-08
CUST-001585,2026-03-01,17,21.81,0.721,2026-03-03
CUST-001585,2026-04-01,17,16.96,0.719,2026-04-17
CUST-001585,2026-05-01,16,19.5,0.683,2026-05-02
CUST-001585,2026-06-01,20,19.6,0.681,2026-06-12
CUST-001585,2026-07-01,17,26.63,0.695,2026-07-02
CUST-001585,2026-08-01,13,19.26,0.644,2026-08-10
CUST-001586,2026-03-01,14,21.59,0.722,2026-03-05
CUST-001586,2026-04-01,18,23.34,0.756,2026-04-25
CUST-001586,2026-05-01,20,22.0,0.81,2026-05-08
CUST-001586,2026-06-01,16,26.84,0.737,2026-06-26
CUST-001586,2026-07-01,17,18.2,0.726,2026-07-02
CUST-001586,2026-08-01,21,25.4,0.759,2026-08-16
CUST-001587,2026-03-01,23,20.86,0.686,2026-03-10
CUST-001587,2026-04-01,21,22.78,0.661,2026-04-18
CUST-001587,2026-05-01,22,15.89,0.768,2026-05-05
CUST-001587,2026-06-01,22,7.04,0.66,2026-06-25
CUST-001587,2026-07-01,20,15.77,0.778,2026-07-25
CUST-001587,2026-08-01,21,17.26,0.647,2026-08-11
CUST-001588,2026-03-01,21,14.29,0.786,2026-03-04
CUST-001588,2026-04-01,16,8.0,0.863,2026-04-14
CUST-001588,2026-05-01,21,14.39,0.82,2026-05-02
CUST-001588,2026-06-01,18,18.44,0.83,2026-06-12
CUST-001588,2026-07-01,19,11.39,0.756,2026-07-19
CUST-001588,2026-08-01,17,11.66,0.822,2026-08-24
CUST-001589,2026-03-01,20,29.85,0.473,2026-03-17
CUST-001589,2026-04-01,23,24.21,0.504,2026-04-14
CUST-001589,2026-05-01,19,31.93,0.466,2026-05-25
CUST-001589,2026-06-01,22,28.47,0.481,2026-06-16
CUST-001589,2026-07-01,20,25.44,0.44,2026-07-06
CUST-001589,2026-08-01,20,26.46,0.454,2026-08-07
CUST-001590,2026-03-01,17,34.59,0.536,2026-03-25
CUST-001590,2026-04-01,13,38.05,0.472,2026-04-19
CUST-001590,2026-05-01,12,36.42,0.46,2026-05-01
CUST-001590,2026-06-01,17,23.69,0.431,2026-06-27
CUST-001590,2026-07-01,8,18.65,0.299,2026-07-21
CUST-001590,2026-08-01,6,18.05,0.264,2026-08-26
CUST-001591,2026-03-01,16,20.71,0.482,2026-03-13
CUST-001591,2026-04-01,21,19.88,0.45,2026-04-17
CUST-001591,2026-05-01,16,9.02,0.454,2026-05-22
CUST-001591,2026-06-01,10,12.74,0.361,2026-06-22
CUST-001591,2026-07-01,14,16.89,0.262,2026-07-06
CUST-001591,2026-08-01,7,7.66,0.172,2026-08-14
CUST-001592,2026-03-01,17,18.95,0.537,2026-03-27
CUST-001592,2026-04-01,12,13.1,0.472,2026-04-20
CUST-001592,2026-05-01,13,15.18,0.409,2026-05-04
CUST-001592,2026-06-01,13,7.34,0.441,2026-06-01
CUST-001592,2026-07-01,8,8.77,0.31,2026-07-18
CUST-001592,2026-08-01,5,8.52,0.211,2026-08-08
CUST-001593,2026-03-01,7,15.32,0.435,2026-03-26
CUST-001593,2026-04-01,10,13.1,0.434,2026-04-19
CUST-001593,2026-05-01,12,15.86,0.374,2026-05-15
CUST-001593,2026-06-01,13,21.94,0.433,2026-06-01
CUST-001593,2026-07-01,11,17.83,0.459,2026-07-21
CUST-001593,2026-08-01,8,18.59,0.423,2026-08-24
CUST-001594,2026-03-01,21,24.69,0.541,2026-03-21
CUST-001594,2026-04-01,23,29.8,0.516,2026-04-19
CUST-001594,2026-05-01,17,31.75,0.541,2026-05-08
CUST-001594,2026-06-01,21,25.55,0.508,2026-06-27
CUST-001594,2026-07-01,20,22.0,0.519,2026-07-14
CUST-001594,2026-08-01,24,31.45,0.603,2026-08-05
CUST-001595,2026-03-01,17,35.71,0.48,2026-03-13
CUST-001595,2026-04-01,13,30.21,0.519,2026-04-17
CUST-001595,2026-05-01,14,30.35,0.48,2026-05-11
CUST-001595,2026-06-01,13,35.41,0.477,2026-06-24
CUST-001595,2026-07-01,12,29.72,0.467,2026-07-07
CUST-001595,2026-08-01,14,30.88,0.422,2026-08-10
CUST-001596,2026-03-01,12,31.68,0.452,2026-03-23
CUST-001596,2026-04-01,12,33.91,0.453,2026-04-04
CUST-001596,2026-05-01,16,38.01,0.541,2026-05-03
CUST-001596,2026-06-01,15,32.91,0.51,2026-06-08
CUST-001596,2026-07-01,11,28.53,0.462,2026-07-07
CUST-001596,2026-08-01,13,34.17,0.506,2026-08-27
CUST-001597,2026-03-01,17,19.74,0.532,2026-03-19
CUST-001597,2026-04-01,30,26.92,0.541,2026-04-18
CUST-001597,2026-05-01,21,28.09,0.53,2026-05-18
CUST-001597,2026-06-01,21,21.49,0.452,2026-06-03
CUST-001597,2026-07-01,23,30.16,0.526,2026-07-08
CUST-001597,2026-08-01,23,25.57,0.485,2026-08-25
CUST-001598,2026-03-01,19,16.86,0.75,2026-03-23
CUST-001598,2026-04-01,20,17.52,0.76,2026-04-24
CUST-001598,2026-05-01,20,12.89,0.737,2026-05-25
CUST-001598,2026-06-01,21,14.5,0.787,2026-06-03
CUST-001598,2026-07-01,21,18.4,0.86,2026-07-13
CUST-001598,2026-08-01,20,20.03,0.751,2026-08-23
CUST-001599,2026-03-01,18,36.21,0.375,2026-03-27
CUST-001599,2026-04-01,15,36.71,0.489,2026-04-24
CUST-001599,2026-05-01,17,36.51,0.42,2026-05-07
CUST-001599,2026-06-01,17,42.78,0.49,2026-06-13
CUST-001599,2026-07-01,20,40.79,0.501,2026-07-02
CUST-001599,2026-08-01,19,39.81,0.399,2026-08-22
CUST-001600,2026-03-01,18,27.08,0.306,2026-03-09
CUST-001600,2026-04-01,18,26.29,0.301,2026-04-05
CUST-001600,2026-05-01,20,31.78,0.373,2026-05-21
CUST-001600,2026-06-01,24,31.37,0.334,2026-06-20
CUST-001600,2026-07-01,19,30.17,0.259,2026-07-08
CUST-001600,2026-08-01,22,38.31,0.363,2026-08-12
CUST-001601,2026-03-01,11,23.66,0.761,2026-03-19
CUST-001601,2026-04-01,13,22.17,0.822,2026-04-05
CUST-001601,2026-05-01,11,23.81,0.855,2026-05-17
CUST-001601,2026-06-01,10,24.53,0.732,2026-06-20
CUST-001601,2026-07-01,12,21.78,0.812,2026-07-14
CUST-001601,2026-08-01,10,26.51,0.819,2026-08-13
CUST-001602,2026-03-01,20,17.64,0.65,2026-03-14
CUST-001602,2026-04-01,25,10.81,0.549,2026-04-08
CUST-001602,2026-05-01,20,6.83,0.59,2026-05-13
CUST-001602,2026-06-01,23,15.07,0.619,2026-06-20
CUST-001602,2026-07-01,16,16.85,0.472,2026-07-19
CUST-001602,2026-08-01,19,13.96,0.575,2026-08-06
CUST-001603,2026-03-01,19,24.04,0.703,2026-03-27
CUST-001603,2026-04-01,20,29.97,0.764,2026-04-27
CUST-001603,2026-05-01,26,27.91,0.767,2026-05-17
CUST-001603,2026-06-01,25,28.53,0.873,2026-06-19
CUST-001603,2026-07-01,22,19.7,0.693,2026-07-20
CUST-001603,2026-08-01,22,24.48,0.709,2026-08-08
CUST-001604,2026-03-01,15,34.26,0.522,2026-03-15
CUST-001604,2026-04-01,12,23.3,0.542,2026-04-16
CUST-001604,2026-05-01,19,27.35,0.525,2026-05-13
CUST-001604,2026-06-01,16,30.08,0.479,2026-06-27
CUST-001604,2026-07-01,16,36.11,0.511,2026-07-24
CUST-001604,2026-08-01,17,31.8,0.562,2026-08-05
CUST-001605,2026-03-01,13,33.87,0.403,2026-03-17
CUST-001605,2026-04-01,12,29.13,0.331,2026-04-21
CUST-001605,2026-05-01,8,29.27,0.329,2026-05-08
CUST-001605,2026-06-01,6,25.89,0.275,2026-06-08
CUST-001605,2026-07-01,5,19.98,0.207,2026-07-04
CUST-001605,2026-08-01,5,12.22,0.2,2026-08-22
CUST-001606,2026-03-01,16,29.53,0.665,2026-03-12
CUST-001606,2026-04-01,13,24.7,0.482,2026-04-16
CUST-001606,2026-05-01,13,20.68,0.429,2026-05-20
CUST-001606,2026-06-01,10,17.87,0.436,2026-06-03
CUST-001606,2026-07-01,11,13.49,0.305,2026-07-21
CUST-001606,2026-08-01,9,14.95,0.286,2026-08-09
CUST-001607,2026-03-01,6,15.17,0.742,2026-03-24
CUST-001607,2026-04-01,11,20.86,0.779,2026-04-01
CUST-001607,2026-05-01,14,17.3,0.793,2026-05-15
CUST-001607,2026-06-01,11,21.68,0.856,2026-06-12
CUST-001607,2026-07-01,8,18.67,0.761,2026-07-16
CUST-001607,2026-08-01,7,19.81,0.679,2026-08-19
CUST-001608,2026-03-01,26,12.06,0.78,2026-03-26
CUST-001608,2026-04-01,24,7.67,0.798,2026-04-06
CUST-001608,2026-05-01,26,10.63,0.804,2026-05-27
CUST-001608,2026-06-01,26,21.25,0.881,2026-06-15
CUST-001608,2026-07-01,25,17.26,0.761,2026-07-14
CUST-001608,2026-08-01,23,9.58,0.722,2026-08-26
CUST-001609,2026-03-01,7,38.38,0.463,2026-03-08
CUST-001609,2026-04-01,7,31.77,0.393,2026-04-13
CUST-001609,2026-05-01,8,32.88,0.426,2026-05-24
CUST-001609,2026-06-01,8,32.58,0.368,2026-06-22
CUST-001609,2026-07-01,8,36.0,0.423,2026-07-04
CUST-001609,2026-08-01,3,33.59,0.431,2026-08-26
CUST-001610,2026-03-01,13,19.68,0.716,2026-03-06
CUST-001610,2026-04-01,13,14.01,0.645,2026-04-07
CUST-001610,2026-05-01,8,17.1,0.49,2026-05-18
CUST-001610,2026-06-01,7,12.78,0.408,2026-06-18
CUST-001610,2026-07-01,6,11.15,0.33,2026-07-20
CUST-001610,2026-08-01,5,9.83,0.306,2026-08-16
CUST-001611,2026-03-01,10,4.9,0.659,2026-03-20
CUST-001611,2026-04-01,12,7.73,0.663,2026-04-21
CUST-001611,2026-05-01,12,7.29,0.514,2026-05-26
CUST-001611,2026-06-01,8,7.38,0.429,2026-06-03
CUST-001611,2026-07-01,5,2.06,0.42,2026-07-18
CUST-001611,2026-08-01,4,2.63,0.271,2026-08-18
CUST-001612,2026-03-01,19,34.43,0.69,2026-03-10
CUST-001612,2026-04-01,23,29.83,0.67,2026-04-11
CUST-001612,2026-05-01,19,30.41,0.693,2026-05-25
CUST-001612,2026-06-01,19,31.61,0.683,2026-06-13
CUST-001612,2026-07-01,20,27.5,0.634,2026-07-20
CUST-001612,2026-08-01,25,31.98,0.747,2026-08-20
CUST-001613,2026-03-01,21,25.21,0.629,2026-03-10
CUST-001613,2026-04-01,20,21.97,0.738,2026-04-08
CUST-001613,2026-05-01,22,25.79,0.767,2026-05-16
CUST-001613,2026-06-01,20,27.62,0.762,2026-06-02
CUST-001613,2026-07-01,20,25.04,0.71,2026-07-05
CUST-001613,2026-08-01,18,21.38,0.745,2026-08-10
CUST-001614,2026-03-01,12,25.64,0.759,2026-03-14
CUST-001614,2026-04-01,12,21.3,0.829,2026-04-05
CUST-001614,2026-05-01,16,22.47,0.73,2026-05-04
CUST-001614,2026-06-01,10,25.58,0.725,2026-06-21
CUST-001614,2026-07-01,8,26.23,0.711,2026-07-18
CUST-001614,2026-08-01,12,15.74,0.81,2026-08-05
CUST-001615,2026-03-01,17,38.46,0.469,2026-03-25
CUST-001615,2026-04-01,19,50.78,0.602,2026-04-17
CUST-001615,2026-05-01,22,47.96,0.583,2026-05-20
CUST-001615,2026-06-01,17,43.5,0.56,2026-06-22
CUST-001615,2026-07-01,16,53.49,0.605,2026-07-15
CUST-001615,2026-08-01,16,45.77,0.599,2026-08-11
CUST-001616,2026-03-01,19,15.84,0.39,2026-03-18
CUST-001616,2026-04-01,16,16.61,0.383,2026-04-13
CUST-001616,2026-05-01,18,17.79,0.333,2026-05-19
CUST-001616,2026-06-01,19,17.02,0.349,2026-06-22
CUST-001616,2026-07-01,18,20.29,0.333,2026-07-03
CUST-001616,2026-08-01,20,17.33,0.307,2026-08-08
CUST-001617,2026-03-01,12,44.54,0.496,2026-03-19
CUST-001617,2026-04-01,19,43.3,0.532,2026-04-21
CUST-001617,2026-05-01,18,42.72,0.551,2026-05-01
CUST-001617,2026-06-01,21,37.48,0.574,2026-06-23
CUST-001617,2026-07-01,16,44.33,0.601,2026-07-17
CUST-001617,2026-08-01,15,43.92,0.533,2026-08-20
CUST-001618,2026-03-01,16,35.68,0.633,2026-03-08
CUST-001618,2026-04-01,18,28.78,0.589,2026-04-04
CUST-001618,2026-05-01,17,30.9,0.576,2026-05-17
CUST-001618,2026-06-01,18,38.03,0.71,2026-06-08
CUST-001618,2026-07-01,19,30.71,0.635,2026-07-03
CUST-001618,2026-08-01,18,33.09,0.65,2026-08-10
CUST-001619,2026-03-01,20,39.4,0.405,2026-03-10
CUST-001619,2026-04-01,22,41.09,0.437,2026-04-03
CUST-001619,2026-05-01,19,43.9,0.365,2026-05-27
CUST-001619,2026-06-01,25,45.94,0.414,2026-06-18
CUST-001619,2026-07-01,21,44.83,0.41,2026-07-16
CUST-001619,2026-08-01,25,41.91,0.46,2026-08-05
CUST-001620,2026-03-01,14,37.77,0.42,2026-03-06
CUST-001620,2026-04-01,10,36.67,0.436,2026-04-14
CUST-001620,2026-05-01,15,22.73,0.345,2026-05-22
CUST-001620,2026-06-01,7,25.14,0.244,2026-06-05
CUST-001620,2026-07-01,10,15.42,0.247,2026-07-03
CUST-001620,2026-08-01,5,20.13,0.137,2026-08-13
CUST-001621,2026-03-01,11,10.64,0.454,2026-03-11
CUST-001621,2026-04-01,8,9.65,0.373,2026-04-10
CUST-001621,2026-05-01,11,13.03,0.259,2026-05-06
CUST-001621,2026-06-01,7,7.37,0.278,2026-06-06
CUST-001621,2026-07-01,2,5.54,0.261,2026-07-09
CUST-001621,2026-08-01,4,6.11,0.199,2026-08-10
CUST-001622,2026-03-01,19,17.79,0.288,2026-03-16
CUST-001622,2026-04-01,19,15.94,0.344,2026-04-16
CUST-001622,2026-05-01,17,17.72,0.328,2026-05-14
CUST-001622,2026-06-01,12,14.63,0.219,2026-06-09
CUST-001622,2026-07-01,10,9.5,0.235,2026-07-13
CUST-001622,2026-08-01,11,8.67,0.177,2026-08-26
CUST-001623,2026-03-01,18,15.25,0.376,2026-03-04
CUST-001623,2026-04-01,20,20.84,0.41,2026-04-24
CUST-001623,2026-05-01,15,23.67,0.374,2026-05-06
CUST-001623,2026-06-01,18,18.46,0.403,2026-06-15
CUST-001623,2026-07-01,19,12.54,0.384,2026-07-17
CUST-001623,2026-08-01,26,16.53,0.355,2026-08-12
CUST-001624,2026-03-01,12,22.13,0.444,2026-03-21
CUST-001624,2026-04-01,9,15.86,0.392,2026-04-10
CUST-001624,2026-05-01,5,20.85,0.351,2026-05-11
CUST-001624,2026-06-01,7,10.52,0.314,2026-06-22
CUST-001624,2026-07-01,3,15.24,0.234,2026-07-19
CUST-001624,2026-08-01,3,5.94,0.241,2026-08-02
CUST-001625,2026-03-01,12,25.07,0.652,2026-03-02
CUST-001625,2026-04-01,13,17.97,0.592,2026-04-24
CUST-001625,2026-05-01,9,14.85,0.413,2026-05-14
CUST-001625,2026-06-01,7,14.09,0.427,2026-06-04
CUST-001625,2026-07-01,10,10.96,0.35,2026-07-01
CUST-001625,2026-08-01,4,7.88,0.327,2026-08-06
CUST-001626,2026-03-01,8,25.84,0.483,2026-03-09
CUST-001626,2026-04-01,12,20.03,0.462,2026-04-01
CUST-001626,2026-05-01,11,23.69,0.484,2026-05-24
CUST-001626,2026-06-01,5,21.23,0.48,2026-06-05
CUST-001626,2026-07-01,10,23.77,0.434,2026-07-21
CUST-001626,2026-08-01,8,14.99,0.517,2026-08-02
CUST-001627,2026-03-01,7,16.79,0.642,2026-03-04
CUST-001627,2026-04-01,6,18.66,0.546,2026-04-10
CUST-001627,2026-05-01,8,14.38,0.505,2026-05-06
CUST-001627,2026-06-01,6,4.47,0.431,2026-06-22
CUST-001627,2026-07-01,3,13.41,0.357,2026-07-13
CUST-001627,2026-08-01,1,7.07,0.26,2026-08-15
CUST-001628,2026-03-01,10,10.11,0.301,2026-03-25
CUST-001628,2026-04-01,8,15.67,0.241,2026-04-13
CUST-001628,2026-05-01,4,7.47,0.226,2026-05-06
CUST-001628,2026-06-01,7,12.87,0.163,2026-06-20
CUST-001628,2026-07-01,6,10.76,0.172,2026-07-02
CUST-001628,2026-08-01,5,4.2,0.15,2026-08-05
CUST-001629,2026-03-01,14,16.25,0.871,2026-03-08
CUST-001629,2026-04-01,12,15.63,0.714,2026-04-21
CUST-001629,2026-05-01,13,6.38,0.661,2026-05-15
CUST-001629,2026-06-01,14,12.57,0.789,2026-06-02
CUST-001629,2026-07-01,15,11.38,0.799,2026-07-26
CUST-001629,2026-08-01,14,9.12,0.796,2026-08-10
CUST-001630,2026-03-01,10,47.55,0.615,2026-03-08
CUST-001630,2026-04-01,12,44.41,0.607,2026-04-11
CUST-001630,2026-05-01,10,38.03,0.509,2026-05-20
CUST-001630,2026-06-01,9,38.7,0.551,2026-06-27
CUST-001630,2026-07-01,10,43.93,0.498,2026-07-02
CUST-001630,2026-08-01,11,40.43,0.591,2026-08-19
CUST-001631,2026-03-01,18,33.76,0.665,2026-03-12
CUST-001631,2026-04-01,14,24.48,0.604,2026-04-16
CUST-001631,2026-05-01,15,26.38,0.515,2026-05-09
CUST-001631,2026-06-01,6,20.33,0.439,2026-06-22
CUST-001631,2026-07-01,5,18.69,0.312,2026-07-14
CUST-001631,2026-08-01,7,14.0,0.317,2026-08-27
CUST-001632,2026-03-01,15,30.33,0.496,2026-03-11
CUST-001632,2026-04-01,15,35.08,0.486,2026-04-20
CUST-001632,2026-05-01,14,38.32,0.477,2026-05-14
CUST-001632,2026-06-01,18,36.4,0.452,2026-06-06
CUST-001632,2026-07-01,16,34.49,0.484,2026-07-27
CUST-001632,2026-08-01,14,29.71,0.431,2026-08-20
CUST-001633,2026-03-01,22,17.27,0.57,2026-03-14
CUST-001633,2026-04-01,25,22.53,0.61,2026-04-05
CUST-001633,2026-05-01,25,24.53,0.617,2026-05-03
CUST-001633,2026-06-01,25,22.71,0.581,2026-06-10
CUST-001633,2026-07-01,21,19.88,0.56,2026-07-18
CUST-001633,2026-08-01,20,22.47,0.51,2026-08-16
CUST-001634,2026-03-01,28,19.73,0.893,2026-03-12
CUST-001634,2026-04-01,23,16.66,0.795,2026-04-05
CUST-001634,2026-05-01,29,17.23,0.815,2026-05-12
CUST-001634,2026-06-01,25,17.07,0.824,2026-06-07
CUST-001634,2026-07-01,24,15.46,0.798,2026-07-02
CUST-001634,2026-08-01,26,19.98,0.801,2026-08-18
CUST-001635,2026-03-01,13,14.9,0.464,2026-03-11
CUST-001635,2026-04-01,12,7.41,0.486,2026-04-06
CUST-001635,2026-05-01,15,14.21,0.525,2026-05-06
CUST-001635,2026-06-01,12,6.84,0.483,2026-06-12
CUST-001635,2026-07-01,10,9.22,0.504,2026-07-05
CUST-001635,2026-08-01,14,15.46,0.515,2026-08-17
CUST-001636,2026-03-01,18,13.96,0.675,2026-03-25
CUST-001636,2026-04-01,22,17.65,0.714,2026-04-21
CUST-001636,2026-05-01,19,19.35,0.67,2026-05-09
CUST-001636,2026-06-01,20,14.35,0.674,2026-06-19
CUST-001636,2026-07-01,15,15.28,0.608,2026-07-09
CUST-001636,2026-08-01,21,17.86,0.647,2026-08-07
CUST-001637,2026-03-01,15,37.96,0.553,2026-03-24
CUST-001637,2026-04-01,15,39.3,0.51,2026-04-19
CUST-001637,2026-05-01,15,42.02,0.515,2026-05-01
CUST-001637,2026-06-01,12,36.2,0.538,2026-06-19
CUST-001637,2026-07-01,17,46.11,0.588,2026-07-23
CUST-001637,2026-08-01,15,39.65,0.525,2026-08-10
CUST-001638,2026-03-01,10,3.58,0.645,2026-03-24
CUST-001638,2026-04-01,10,13.99,0.802,2026-04-21
CUST-001638,2026-05-01,9,16.44,0.739,2026-05-11
CUST-001638,2026-06-01,9,12.63,0.823,2026-06-13
CUST-001638,2026-07-01,5,14.53,0.748,2026-07-16
CUST-001638,2026-08-01,14,15.7,0.861,2026-08-02
CUST-001639,2026-03-01,15,33.28,0.753,2026-03-19
CUST-001639,2026-04-01,16,44.21,0.732,2026-04-23
CUST-001639,2026-05-01,17,45.68,0.71,2026-05-27
CUST-001639,2026-06-01,17,38.99,0.632,2026-06-19
CUST-001639,2026-07-01,15,37.0,0.679,2026-07-18
CUST-001639,2026-08-01,12,44.76,0.736,2026-08-23
CUST-001640,2026-03-01,22,14.65,0.604,2026-03-13
CUST-001640,2026-04-01,15,9.16,0.506,2026-04-17
CUST-001640,2026-05-01,15,8.23,0.564,2026-05-09
CUST-001640,2026-06-01,13,10.5,0.553,2026-06-22
CUST-001640,2026-07-01,15,9.44,0.508,2026-07-27
CUST-001640,2026-08-01,16,13.32,0.529,2026-08-02
CUST-001641,2026-03-01,21,42.14,0.629,2026-03-21
CUST-001641,2026-04-01,21,37.14,0.513,2026-04-22
CUST-001641,2026-05-01,20,42.07,0.616,2026-05-27
CUST-001641,2026-06-01,23,46.22,0.596,2026-06-06
CUST-001641,2026-07-01,27,43.58,0.589,2026-07-14
CUST-001641,2026-08-01,21,32.1,0.511,2026-08-27
CUST-001642,2026-03-01,18,39.08,0.558,2026-03-26
CUST-001642,2026-04-01,17,34.27,0.531,2026-04-03
CUST-001642,2026-05-01,17,29.97,0.442,2026-05-08
CUST-001642,2026-06-01,12,24.56,0.392,2026-06-27
CUST-001642,2026-07-01,14,19.12,0.291,2026-07-02
CUST-001642,2026-08-01,11,19.2,0.255,2026-08-01
CUST-001643,2026-03-01,19,13.77,0.493,2026-03-14
CUST-001643,2026-04-01,17,9.38,0.462,2026-04-15
CUST-001643,2026-05-01,16,9.91,0.405,2026-05-25
CUST-001643,2026-06-01,12,10.73,0.361,2026-06-02
CUST-001643,2026-07-01,11,7.76,0.209,2026-07-02
CUST-001643,2026-08-01,6,3.66,0.211,2026-08-09
CUST-001644,2026-03-01,8,32.39,0.692,2026-03-18
CUST-001644,2026-04-01,7,27.19,0.617,2026-04-15
CUST-001644,2026-05-01,6,22.15,0.511,2026-05-16
CUST-001644,2026-06-01,2,18.65,0.445,2026-06-27
CUST-001644,2026-07-01,0,18.25,0.393,2026-07-08
CUST-001644,2026-08-01,2,11.26,0.262,2026-08-20
CUST-001645,2026-03-01,15,42.36,0.44,2026-03-23
CUST-001645,2026-04-01,13,36.71,0.341,2026-04-12
CUST-001645,2026-05-01,15,39.82,0.382,2026-05-02
CUST-001645,2026-06-01,14,43.09,0.363,2026-06-17
CUST-001645,2026-07-01,11,40.25,0.426,2026-07-22
CUST-001645,2026-08-01,10,42.17,0.386,2026-08-21
CUST-001646,2026-03-01,18,12.59,0.579,2026-03-10
CUST-001646,2026-04-01,19,6.77,0.565,2026-04-15
CUST-001646,2026-05-01,15,17.54,0.571,2026-05-04
CUST-001646,2026-06-01,12,8.34,0.457,2026-06-05
CUST-001646,2026-07-01,7,0.06,0.318,2026-07-14
CUST-001646,2026-08-01,10,6.4,0.315,2026-08-19
CUST-001647,2026-03-01,12,11.64,0.464,2026-03-18
CUST-001647,2026-04-01,11,8.17,0.402,2026-04-15
CUST-001647,2026-05-01,6,10.54,0.34,2026-05-19
CUST-001647,2026-06-01,3,6.16,0.31,2026-06-05
CUST-001647,2026-07-01,8,8.69,0.249,2026-07-06
CUST-001647,2026-08-01,2,1.26,0.256,2026-08-15
CUST-001648,2026-03-01,19,30.49,0.405,2026-03-18
CUST-001648,2026-04-01,20,26.31,0.421,2026-04-19
CUST-001648,2026-05-01,17,31.85,0.447,2026-05-12
CUST-001648,2026-06-01,18,27.7,0.443,2026-06-26
CUST-001648,2026-07-01,21,25.29,0.477,2026-07-20
CUST-001648,2026-08-01,15,30.85,0.388,2026-08-19
CUST-001649,2026-03-01,19,7.44,0.531,2026-03-16
CUST-001649,2026-04-01,20,12.84,0.534,2026-04-05
CUST-001649,2026-05-01,26,8.1,0.685,2026-05-01
CUST-001649,2026-06-01,23,14.32,0.58,2026-06-10
CUST-001649,2026-07-01,26,8.91,0.571,2026-07-01
CUST-001649,2026-08-01,23,9.15,0.573,2026-08-08
CUST-001650,2026-03-01,20,26.61,0.486,2026-03-15
CUST-001650,2026-04-01,20,23.14,0.516,2026-04-07
CUST-001650,2026-05-01,21,23.82,0.468,2026-05-10
CUST-001650,2026-06-01,21,28.24,0.437,2026-06-16
CUST-001650,2026-07-01,20,25.46,0.44,2026-07-20
CUST-001650,2026-08-01,19,20.03,0.382,2026-08-06
CUST-001651,2026-03-01,22,33.65,0.506,2026-03-25
CUST-001651,2026-04-01,21,37.62,0.489,2026-04-24
CUST-001651,2026-05-01,21,36.68,0.481,2026-05-20
CUST-001651,2026-06-01,20,41.2,0.561,2026-06-09
CUST-001651,2026-07-01,22,40.77,0.524,2026-07-06
CUST-001651,2026-08-01,23,35.48,0.524,2026-08-22
CUST-001652,2026-03-01,18,43.49,0.592,2026-03-15
CUST-001652,2026-04-01,16,39.81,0.676,2026-04-22
CUST-001652,2026-05-01,16,37.82,0.614,2026-05-19
CUST-001652,2026-06-01,16,45.1,0.675,2026-06-27
CUST-001652,2026-07-01,14,45.58,0.714,2026-07-14
CUST-001652,2026-08-01,18,39.03,0.625,2026-08-03
CUST-001653,2026-03-01,18,26.03,0.426,2026-03-18
CUST-001653,2026-04-01,19,23.57,0.327,2026-04-15
CUST-001653,2026-05-01,14,22.27,0.326,2026-05-15
CUST-001653,2026-06-01,12,16.27,0.219,2026-06-24
CUST-001653,2026-07-01,13,13.12,0.207,2026-07-07
CUST-001653,2026-08-01,5,12.9,0.16,2026-08-10
CUST-001654,2026-03-01,7,14.09,0.475,2026-03-09
CUST-001654,2026-04-01,3,6.99,0.408,2026-04-23
CUST-001654,2026-05-01,7,7.87,0.315,2026-05-06
CUST-001654,2026-06-01,7,13.76,0.313,2026-06-24
CUST-001654,2026-07-01,5,7.27,0.209,2026-07-09
CUST-001654,2026-08-01,3,9.28,0.197,2026-08-04
CUST-001655,2026-03-01,11,43.99,0.646,2026-03-27
CUST-001655,2026-04-01,10,38.78,0.646,2026-04-11
CUST-001655,2026-05-01,8,42.28,0.518,2026-05-12
CUST-001655,2026-06-01,7,42.19,0.574,2026-06-21
CUST-001655,2026-07-01,12,40.23,0.596,2026-07-16
CUST-001655,2026-08-01,12,42.75,0.55,2026-08-08
CUST-001656,2026-03-01,20,30.9,0.41,2026-03-25
CUST-001656,2026-04-01,23,35.34,0.457,2026-04-12
CUST-001656,2026-05-01,18,24.51,0.41,2026-05-08
CUST-001656,2026-06-01,20,30.48,0.418,2026-06-22
CUST-001656,2026-07-01,16,29.13,0.416,2026-07-16
CUST-001656,2026-08-01,23,29.4,0.477,2026-08-13
CUST-001657,2026-03-01,18,21.97,0.347,2026-03-22
CUST-001657,2026-04-01,17,13.97,0.273,2026-04-12
CUST-001657,2026-05-01,14,9.96,0.239,2026-05-19
CUST-001657,2026-06-01,7,12.59,0.182,2026-06-10
CUST-001657,2026-07-01,10,15.23,0.158,2026-07-11
CUST-001657,2026-08-01,8,5.91,0.145,2026-08-24
CUST-001658,2026-03-01,13,12.2,0.315,2026-03-16
CUST-001658,2026-04-01,11,13.79,0.321,2026-04-21
CUST-001658,2026-05-01,14,13.43,0.325,2026-05-16
CUST-001658,2026-06-01,13,13.74,0.399,2026-06-19
CUST-001658,2026-07-01,11,11.61,0.304,2026-07-10
CUST-001658,2026-08-01,11,16.85,0.354,2026-08-22
CUST-001659,2026-03-01,24,37.69,0.546,2026-03-22
CUST-001659,2026-04-01,22,46.14,0.592,2026-04-02
CUST-001659,2026-05-01,21,41.82,0.551,2026-05-03
CUST-001659,2026-06-01,19,39.54,0.528,2026-06-17
CUST-001659,2026-07-01,20,33.74,0.487,2026-07-14
CUST-001659,2026-08-01,17,36.44,0.462,2026-08-08
CUST-001660,2026-03-01,19,34.89,0.461,2026-03-15
CUST-001660,2026-04-01,20,41.53,0.447,2026-04-22
CUST-001660,2026-05-01,20,36.23,0.437,2026-05-14
CUST-001660,2026-06-01,18,38.91,0.44,2026-06-15
CUST-001660,2026-07-01,16,32.21,0.41,2026-07-07
CUST-001660,2026-08-01,18,35.75,0.418,2026-08-24
CUST-001661,2026-03-01,19,34.74,0.321,2026-03-07
CUST-001661,2026-04-01,12,34.22,0.308,2026-04-14
CUST-001661,2026-05-01,13,23.25,0.276,2026-05-13
CUST-001661,2026-06-01,10,24.88,0.224,2026-06-11
CUST-001661,2026-07-01,10,22.03,0.164,2026-07-19
CUST-001661,2026-08-01,8,19.87,0.182,2026-08-18
CUST-001662,2026-03-01,16,35.35,0.46,2026-03-02
CUST-001662,2026-04-01,24,36.35,0.573,2026-04-09
CUST-001662,2026-05-01,20,35.29,0.51,2026-05-14
CUST-001662,2026-06-01,21,35.25,0.501,2026-06-13
CUST-001662,2026-07-01,22,35.83,0.537,2026-07-01
CUST-001662,2026-08-01,24,43.33,0.555,2026-08-06
CUST-001663,2026-03-01,18,45.2,0.33,2026-03-27
CUST-001663,2026-04-01,20,39.38,0.406,2026-04-23
CUST-001663,2026-05-01,18,34.78,0.361,2026-05-19
CUST-001663,2026-06-01,16,36.44,0.386,2026-06-02
CUST-001663,2026-07-01,16,38.46,0.394,2026-07-21
CUST-001663,2026-08-01,18,41.01,0.376,2026-08-14
CUST-001664,2026-03-01,12,20.09,0.7,2026-03-22
CUST-001664,2026-04-01,11,19.54,0.571,2026-04-24
CUST-001664,2026-05-01,11,21.3,0.496,2026-05-23
CUST-001664,2026-06-01,6,11.2,0.375,2026-06-24
CUST-001664,2026-07-01,8,11.45,0.357,2026-07-13
CUST-001664,2026-08-01,6,7.27,0.337,2026-08-12
CUST-001665,2026-03-01,20,30.61,0.49,2026-03-15
CUST-001665,2026-04-01,23,38.17,0.497,2026-04-11
CUST-001665,2026-05-01,19,41.19,0.506,2026-05-23
CUST-001665,2026-06-01,19,37.28,0.57,2026-06-23
CUST-001665,2026-07-01,19,36.51,0.483,2026-07-17
CUST-001665,2026-08-01,25,42.52,0.563,2026-08-07
CUST-001666,2026-03-01,11,27.74,0.428,2026-03-02
CUST-001666,2026-04-01,7,33.29,0.373,2026-04-10
CUST-001666,2026-05-01,8,32.6,0.4,2026-05-27
CUST-001666,2026-06-01,16,26.91,0.462,2026-06-27
CUST-001666,2026-07-01,14,29.13,0.455,2026-07-10
CUST-001666,2026-08-01,10,28.21,0.412,2026-08-02
CUST-001667,2026-03-01,7,34.19,0.736,2026-03-25
CUST-001667,2026-04-01,9,30.13,0.73,2026-04-10
CUST-001667,2026-05-01,8,35.72,0.742,2026-05-03
CUST-001667,2026-06-01,9,39.46,0.665,2026-06-03
CUST-001667,2026-07-01,6,30.32,0.751,2026-07-19
CUST-001667,2026-08-01,10,29.49,0.73,2026-08-27
CUST-001668,2026-03-01,10,12.07,0.344,2026-03-03
CUST-001668,2026-04-01,8,10.26,0.377,2026-04-24
CUST-001668,2026-05-01,11,10.99,0.343,2026-05-22
CUST-001668,2026-06-01,9,8.65,0.348,2026-06-14
CUST-001668,2026-07-01,11,12.66,0.377,2026-07-22
CUST-001668,2026-08-01,11,12.71,0.397,2026-08-12
CUST-001669,2026-03-01,15,17.74,0.575,2026-03-04
CUST-001669,2026-04-01,10,7.69,0.43,2026-04-01
CUST-001669,2026-05-01,9,9.62,0.404,2026-05-04
CUST-001669,2026-06-01,7,11.77,0.391,2026-06-10
CUST-001669,2026-07-01,8,8.64,0.33,2026-07-24
CUST-001669,2026-08-01,5,8.75,0.23,2026-08-16
CUST-001670,2026-03-01,11,29.5,0.477,2026-03-05
CUST-001670,2026-04-01,13,32.33,0.516,2026-04-20
CUST-001670,2026-05-01,7,29.52,0.565,2026-05-01
CUST-001670,2026-06-01,12,33.04,0.526,2026-06-22
CUST-001670,2026-07-01,11,29.75,0.468,2026-07-26
CUST-001670,2026-08-01,11,31.97,0.555,2026-08-09
CUST-001671,2026-03-01,21,28.71,0.799,2026-03-23
CUST-001671,2026-04-01,20,25.93,0.805,2026-04-05
CUST-001671,2026-05-01,20,31.34,0.847,2026-05-10
CUST-001671,2026-06-01,15,30.01,0.814,2026-06-25
CUST-001671,2026-07-01,23,31.85,0.811,2026-07-23
CUST-001671,2026-08-01,20,28.87,0.761,2026-08-19
CUST-001672,2026-03-01,15,25.8,0.701,2026-03-15
CUST-001672,2026-04-01,15,24.83,0.76,2026-04-16
CUST-001672,2026-05-01,18,29.79,0.744,2026-05-15
CUST-001672,2026-06-01,18,27.58,0.8,2026-06-02
CUST-001672,2026-07-01,18,21.8,0.654,2026-07-11
CUST-001672,2026-08-01,19,24.42,0.775,2026-08-05
CUST-001673,2026-03-01,13,31.27,0.391,2026-03-07
CUST-001673,2026-04-01,11,34.79,0.4,2026-04-14
CUST-001673,2026-05-01,13,33.57,0.461,2026-05-07
CUST-001673,2026-06-01,9,28.74,0.405,2026-06-04
CUST-001673,2026-07-01,11,31.06,0.455,2026-07-06
CUST-001673,2026-08-01,13,29.32,0.389,2026-08-12
CUST-001674,2026-03-01,14,18.44,0.392,2026-03-05
CUST-001674,2026-04-01,18,17.29,0.357,2026-04-17
CUST-001674,2026-05-01,15,19.58,0.442,2026-05-16
CUST-001674,2026-06-01,15,20.98,0.407,2026-06-13
CUST-001674,2026-07-01,11,20.99,0.354,2026-07-18
CUST-001674,2026-08-01,17,19.66,0.373,2026-08-22
CUST-001675,2026-03-01,12,17.16,0.456,2026-03-15
CUST-001675,2026-04-01,10,13.95,0.363,2026-04-16
CUST-001675,2026-05-01,15,15.73,0.529,2026-05-26
CUST-001675,2026-06-01,16,18.93,0.439,2026-06-07
CUST-001675,2026-07-01,15,16.78,0.489,2026-07-14
CUST-001675,2026-08-01,13,16.15,0.468,2026-08-04
CUST-001676,2026-03-01,11,9.95,0.821,2026-03-15
CUST-001676,2026-04-01,13,15.64,0.711,2026-04-08
CUST-001676,2026-05-01,8,11.19,0.749,2026-05-08
CUST-001676,2026-06-01,12,7.92,0.825,2026-06-09
CUST-001676,2026-07-01,8,15.49,0.773,2026-07-21
CUST-001676,2026-08-01,12,10.29,0.711,2026-08-14
CUST-001677,2026-03-01,26,53.79,0.885,2026-03-16
CUST-001677,2026-04-01,20,42.9,0.709,2026-04-02
CUST-001677,2026-05-01,16,38.22,0.691,2026-05-23
CUST-001677,2026-06-01,17,39.83,0.73,2026-06-06
CUST-001677,2026-07-01,21,44.58,0.745,2026-07-10
CUST-001677,2026-08-01,18,41.37,0.695,2026-08-18
CUST-001678,2026-03-01,8,12.26,0.293,2026-03-04
CUST-001678,2026-04-01,6,15.13,0.283,2026-04-27
CUST-001678,2026-05-01,6,7.3,0.239,2026-05-08
CUST-001678,2026-06-01,9,7.72,0.171,2026-06-09
CUST-001678,2026-07-01,6,8.82,0.169,2026-07-17
CUST-001678,2026-08-01,1,8.22,0.162,2026-08-06
CUST-001679,2026-03-01,16,34.42,0.45,2026-03-06
CUST-001679,2026-04-01,21,46.25,0.498,2026-04-11
CUST-001679,2026-05-01,19,37.44,0.514,2026-05-12
CUST-001679,2026-06-01,20,41.05,0.471,2026-06-01
CUST-001679,2026-07-01,21,36.48,0.481,2026-07-15
CUST-001679,2026-08-01,20,37.03,0.488,2026-08-18
CUST-001680,2026-03-01,17,35.76,0.293,2026-03-02
CUST-001680,2026-04-01,16,28.64,0.311,2026-04-24
CUST-001680,2026-05-01,10,26.15,0.237,2026-05-03
CUST-001680,2026-06-01,10,23.52,0.15,2026-06-17
CUST-001680,2026-07-01,6,19.47,0.167,2026-07-17
CUST-001680,2026-08-01,6,14.29,0.088,2026-08-08
CUST-001681,2026-03-01,18,32.05,0.674,2026-03-01
CUST-001681,2026-04-01,22,35.92,0.564,2026-04-02
CUST-001681,2026-05-01,23,33.8,0.585,2026-05-19
CUST-001681,2026-06-01,22,37.18,0.655,2026-06-11
CUST-001681,2026-07-01,20,32.11,0.596,2026-07-15
CUST-001681,2026-08-01,23,32.59,0.624,2026-08-10
CUST-001682,2026-03-01,19,12.71,0.355,2026-03-26
CUST-001682,2026-04-01,18,15.07,0.34,2026-04-01
CUST-001682,2026-05-01,17,18.14,0.377,2026-05-12
CUST-001682,2026-06-01,20,13.86,0.351,2026-06-16
CUST-001682,2026-07-01,15,13.99,0.33,2026-07-14
CUST-001682,2026-08-01,16,13.99,0.32,2026-08-14
CUST-001683,2026-03-01,12,21.19,0.51,2026-03-07
CUST-001683,2026-04-01,16,30.49,0.53,2026-04-01
CUST-001683,2026-05-01,14,29.13,0.468,2026-05-21
CUST-001683,2026-06-01,16,24.78,0.506,2026-06-13
CUST-001683,2026-07-01,14,29.81,0.523,2026-07-27
CUST-001683,2026-08-01,15,27.38,0.441,2026-08-10
CUST-001684,2026-03-01,15,12.23,0.204,2026-03-27
CUST-001684,2026-04-01,10,17.1,0.242,2026-04-07
CUST-001684,2026-05-01,12,3.66,0.207,2026-05-13
CUST-001684,2026-06-01,9,3.25,0.165,2026-06-20
CUST-001684,2026-07-01,6,5.6,0.194,2026-07-07
CUST-001684,2026-08-01,2,7.46,0.142,2026-08-01
CUST-001685,2026-03-01,9,37.92,0.687,2026-03-17
CUST-001685,2026-04-01,12,32.04,0.642,2026-04-10
CUST-001685,2026-05-01,13,41.24,0.706,2026-05-14
CUST-001685,2026-06-01,12,32.43,0.761,2026-06-05
CUST-001685,2026-07-01,9,32.27,0.725,2026-07-20
CUST-001685,2026-08-01,13,40.62,0.763,2026-08-19
CUST-001686,2026-03-01,20,15.84,0.398,2026-03-03
CUST-001686,2026-04-01,17,14.99,0.422,2026-04-25
CUST-001686,2026-05-01,16,10.01,0.362,2026-05-10
CUST-001686,2026-06-01,12,6.9,0.282,2026-06-14
CUST-001686,2026-07-01,12,4.18,0.196,2026-07-16
CUST-001686,2026-08-01,10,7.01,0.23,2026-08-06
CUST-001687,2026-03-01,10,22.05,0.412,2026-03-20
CUST-001687,2026-04-01,12,22.47,0.364,2026-04-22
CUST-001687,2026-05-01,4,25.18,0.388,2026-05-17
CUST-001687,2026-06-01,6,25.5,0.493,2026-06-13
CUST-001687,2026-07-01,10,23.78,0.372,2026-07-14
CUST-001687,2026-08-01,6,30.97,0.489,2026-08-12
CUST-001688,2026-03-01,15,36.95,0.412,2026-03-27
CUST-001688,2026-04-01,14,37.08,0.347,2026-04-08
CUST-001688,2026-05-01,11,30.97,0.331,2026-05-08
CUST-001688,2026-06-01,12,28.66,0.267,2026-06-17
CUST-001688,2026-07-01,8,20.21,0.237,2026-07-26
CUST-001688,2026-08-01,7,17.08,0.184,2026-08-18
CUST-001689,2026-03-01,15,36.07,0.535,2026-03-02
CUST-001689,2026-04-01,19,36.21,0.498,2026-04-27
CUST-001689,2026-05-01,16,40.04,0.535,2026-05-22
CUST-001689,2026-06-01,14,24.13,0.509,2026-06-14
CUST-001689,2026-07-01,19,36.8,0.537,2026-07-23
CUST-001689,2026-08-01,12,32.13,0.473,2026-08-13
CUST-001690,2026-03-01,17,32.18,0.639,2026-03-16
CUST-001690,2026-04-01,18,36.11,0.571,2026-04-06
CUST-001690,2026-05-01,16,29.56,0.466,2026-05-03
CUST-001690,2026-06-01,15,23.73,0.444,2026-06-26
CUST-001690,2026-07-01,13,24.48,0.3,2026-07-24
CUST-001690,2026-08-01,7,13.9,0.31,2026-08-04
CUST-001691,2026-03-01,17,35.38,0.765,2026-03-13
CUST-001691,2026-04-01,18,35.53,0.775,2026-04-23
CUST-001691,2026-05-01,16,38.05,0.662,2026-05-04
CUST-001691,2026-06-01,15,36.26,0.747,2026-06-25
CUST-001691,2026-07-01,15,39.82,0.761,2026-07-12
CUST-001691,2026-08-01,14,35.93,0.816,2026-08-03
CUST-001692,2026-03-01,13,44.41,0.443,2026-03-10
CUST-001692,2026-04-01,16,40.78,0.459,2026-04-11
CUST-001692,2026-05-01,13,44.8,0.446,2026-05-05
CUST-001692,2026-06-01,8,36.77,0.444,2026-06-17
CUST-001692,2026-07-01,14,43.31,0.45,2026-07-13
CUST-001692,2026-08-01,13,35.84,0.417,2026-08-20
CUST-001693,2026-03-01,10,14.93,0.383,2026-03-23
CUST-001693,2026-04-01,6,14.95,0.347,2026-04-03
CUST-001693,2026-05-01,4,14.68,0.296,2026-05-20
CUST-001693,2026-06-01,5,13.91,0.256,2026-06-12
CUST-001693,2026-07-01,2,9.97,0.207,2026-07-19
CUST-001693,2026-08-01,0,6.77,0.166,2026-08-05
CUST-001694,2026-03-01,4,13.8,0.559,2026-03-17
CUST-001694,2026-04-01,10,14.35,0.616,2026-04-11
CUST-001694,2026-05-01,11,19.06,0.658,2026-05-25
CUST-001694,2026-06-01,7,16.86,0.61,2026-06-01
CUST-001694,2026-07-01,11,17.22,0.679,2026-07-06
CUST-001694,2026-08-01,7,16.05,0.613,2026-08-20
CUST-001695,2026-03-01,23,8.98,0.664,2026-03-04
CUST-001695,2026-04-01,19,19.47,0.663,2026-04-05
CUST-001695,2026-05-01,19,18.2,0.628,2026-05-01
CUST-001695,2026-06-01,23,16.43,0.657,2026-06-25
CUST-001695,2026-07-01,20,13.54,0.684,2026-07-20
CUST-001695,2026-08-01,25,16.43,0.66,2026-08-20
CUST-001696,2026-03-01,20,38.56,0.638,2026-03-27
CUST-001696,2026-04-01,18,35.61,0.577,2026-04-14
CUST-001696,2026-05-01,15,23.98,0.454,2026-05-01
CUST-001696,2026-06-01,12,26.07,0.414,2026-06-07
CUST-001696,2026-07-01,11,22.54,0.382,2026-07-02
CUST-001696,2026-08-01,7,17.78,0.299,2026-08-24
CUST-001697,2026-03-01,21,15.69,0.309,2026-03-08
CUST-001697,2026-04-01,19,8.19,0.313,2026-04-12
CUST-001697,2026-05-01,18,11.78,0.2,2026-05-09
CUST-001697,2026-06-01,12,9.11,0.201,2026-06-20
CUST-001697,2026-07-01,9,8.51,0.188,2026-07-16
CUST-001697,2026-08-01,9,4.56,0.19,2026-08-21
CUST-001698,2026-03-01,18,35.38,0.561,2026-03-06
CUST-001698,2026-04-01,13,34.84,0.506,2026-04-20
CUST-001698,2026-05-01,18,33.51,0.558,2026-05-07
CUST-001698,2026-06-01,19,37.43,0.595,2026-06-22
CUST-001698,2026-07-01,15,36.44,0.533,2026-07-07
CUST-001698,2026-08-01,16,35.38,0.564,2026-08-15
CUST-001699,2026-03-01,10,31.12,0.432,2026-03-12
CUST-001699,2026-04-01,10,35.76,0.495,2026-04-04
CUST-001699,2026-05-01,10,32.93,0.53,2026-05-02
CUST-001699,2026-06-01,11,32.67,0.495,2026-06-17
CUST-001699,2026-07-01,11,31.49,0.451,2026-07-01
CUST-001699,2026-08-01,13,34.4,0.437,2026-08-08
CUST-001700,2026-03-01,12,36.77,0.316,2026-03-01
CUST-001700,2026-04-01,12,36.69,0.322,2026-04-08
CUST-001700,2026-05-01,16,37.38,0.312,2026-05-26
CUST-001700,2026-06-01,12,35.15,0.319,2026-06-20
CUST-001700,2026-07-01,11,35.98,0.338,2026-07-21
CUST-001700,2026-08-01,13,29.57,0.29,2026-08-14
CUST-001701,2026-03-01,24,37.85,0.736,2026-03-02
CUST-001701,2026-04-01,22,41.69,0.697,2026-04-02
CUST-001701,2026-05-01,26,42.97,0.732,2026-05-09
CUST-001701,2026-06-01,21,37.34,0.653,2026-06-15
CUST-001701,2026-07-01,24,36.88,0.752,2026-07-09
CUST-001701,2026-08-01,25,34.76,0.664,2026-08-05
CUST-001702,2026-03-01,17,35.11,0.751,2026-03-11
CUST-001702,2026-04-01,19,36.27,0.782,2026-04-23
CUST-001702,2026-05-01,20,33.44,0.724,2026-05-12
CUST-001702,2026-06-01,16,35.02,0.719,2026-06-08
CUST-001702,2026-07-01,17,32.68,0.782,2026-07-09
CUST-001702,2026-08-01,15,35.73,0.744,2026-08-17
CUST-001703,2026-03-01,22,11.06,0.229,2026-03-27
CUST-001703,2026-04-01,21,13.99,0.351,2026-04-06
CUST-001703,2026-05-01,21,12.18,0.325,2026-05-19
CUST-001703,2026-06-01,19,16.29,0.351,2026-06-24
CUST-001703,2026-07-01,28,7.75,0.36,2026-07-08
CUST-001703,2026-08-01,20,15.15,0.357,2026-08-01
CUST-001704,2026-03-01,17,32.83,0.651,2026-03-23
CUST-001704,2026-04-01,16,27.74,0.513,2026-04-22
CUST-001704,2026-05-01,19,33.25,0.631,2026-05-13
CUST-001704,2026-06-01,18,25.26,0.548,2026-06-17
CUST-001704,2026-07-01,15,27.61,0.674,2026-07-20
CUST-001704,2026-08-01,15,28.59,0.53,2026-08-18
CUST-001705,2026-03-01,24,26.19,0.74,2026-03-08
CUST-001705,2026-04-01,16,24.27,0.628,2026-04-27
CUST-001705,2026-05-01,21,28.77,0.541,2026-05-05
CUST-001705,2026-06-01,14,16.17,0.476,2026-06-26
CUST-001705,2026-07-01,17,13.72,0.378,2026-07-14
CUST-001705,2026-08-01,8,5.6,0.308,2026-08-07
CUST-001706,2026-03-01,19,18.53,0.4,2026-03-08
CUST-001706,2026-04-01,20,12.54,0.449,2026-04-12
CUST-001706,2026-05-01,14,12.73,0.418,2026-05-14
CUST-001706,2026-06-01,22,7.52,0.358,2026-06-16
CUST-001706,2026-07-01,21,15.24,0.419,2026-07-24
CUST-001706,2026-08-01,14,9.42,0.405,2026-08-24
CUST-001707,2026-03-01,19,36.22,0.383,2026-03-16
CUST-001707,2026-04-01,14,34.92,0.397,2026-04-18
CUST-001707,2026-05-01,21,38.81,0.387,2026-05-04
CUST-001707,2026-06-01,14,37.82,0.359,2026-06-22
CUST-001707,2026-07-01,16,41.22,0.381,2026-07-20
CUST-001707,2026-08-01,14,44.64,0.383,2026-08-27
CUST-001708,2026-03-01,5,19.01,0.749,2026-03-05
CUST-001708,2026-04-01,5,17.32,0.694,2026-04-15
CUST-001708,2026-05-01,10,17.86,0.563,2026-05-22
CUST-001708,2026-06-01,5,14.78,0.464,2026-06-20
CUST-001708,2026-07-01,3,13.37,0.402,2026-07-07
CUST-001708,2026-08-01,2,6.73,0.274,2026-08-17
CUST-001709,2026-03-01,22,31.67,0.715,2026-03-11
CUST-001709,2026-04-01,22,23.57,0.649,2026-04-01
CUST-001709,2026-05-01,24,28.4,0.762,2026-05-21
CUST-001709,2026-06-01,23,32.32,0.641,2026-06-09
CUST-001709,2026-07-01,25,40.55,0.655,2026-07-01
CUST-001709,2026-08-01,22,30.33,0.69,2026-08-10
CUST-001710,2026-03-01,12,36.36,0.347,2026-03-03
CUST-001710,2026-04-01,9,31.16,0.367,2026-04-09
CUST-001710,2026-05-01,10,34.0,0.27,2026-05-01
CUST-001710,2026-06-01,14,34.34,0.366,2026-06-02
CUST-001710,2026-07-01,13,32.74,0.394,2026-07-21
CUST-001710,2026-08-01,8,32.45,0.371,2026-08-18
CUST-001711,2026-03-01,13,36.47,0.344,2026-03-03
CUST-001711,2026-04-01,14,37.39,0.376,2026-04-20
CUST-001711,2026-05-01,10,41.21,0.349,2026-05-20
CUST-001711,2026-06-01,15,38.64,0.363,2026-06-04
CUST-001711,2026-07-01,14,38.94,0.336,2026-07-20
CUST-001711,2026-08-01,10,36.99,0.356,2026-08-08
CUST-001712,2026-03-01,16,42.67,0.39,2026-03-05
CUST-001712,2026-04-01,12,42.43,0.272,2026-04-26
CUST-001712,2026-05-01,11,34.06,0.289,2026-05-08
CUST-001712,2026-06-01,12,36.87,0.318,2026-06-12
CUST-001712,2026-07-01,10,32.06,0.289,2026-07-10
CUST-001712,2026-08-01,16,39.17,0.303,2026-08-18
CUST-001713,2026-03-01,13,28.46,0.844,2026-03-06
CUST-001713,2026-04-01,12,18.52,0.831,2026-04-20
CUST-001713,2026-05-01,7,18.81,0.736,2026-05-24
CUST-001713,2026-06-01,9,21.77,0.893,2026-06-19
CUST-001713,2026-07-01,12,19.41,0.806,2026-07-07
CUST-001713,2026-08-01,8,19.98,0.764,2026-08-16
CUST-001714,2026-03-01,24,9.7,0.608,2026-03-16
CUST-001714,2026-04-01,22,17.3,0.515,2026-04-01
CUST-001714,2026-05-01,23,9.96,0.584,2026-05-14
CUST-001714,2026-06-01,20,13.38,0.541,2026-06-03
CUST-001714,2026-07-01,21,11.69,0.572,2026-07-05
CUST-001714,2026-08-01,25,8.03,0.576,2026-08-11
CUST-001715,2026-03-01,20,35.87,0.646,2026-03-23
CUST-001715,2026-04-01,17,30.94,0.631,2026-04-26
CUST-001715,2026-05-01,12,27.62,0.5,2026-05-20
CUST-001715,2026-06-01,13,26.35,0.433,2026-06-22
CUST-001715,2026-07-01,10,22.43,0.41,2026-07-11
CUST-001715,2026-08-01,9,17.22,0.28,2026-08-04
CUST-001716,2026-03-01,12,37.3,0.711,2026-03-09
CUST-001716,2026-04-01,9,42.22,0.803,2026-04-24
CUST-001716,2026-05-01,17,43.9,0.793,2026-05-08
CUST-001716,2026-06-01,12,42.2,0.664,2026-06-03
CUST-001716,2026-07-01,9,44.57,0.739,2026-07-15
CUST-001716,2026-08-01,10,38.55,0.731,2026-08-08
CUST-001717,2026-03-01,11,25.56,0.43,2026-03-10
CUST-001717,2026-04-01,10,22.97,0.514,2026-04-23
CUST-001717,2026-05-01,10,21.01,0.479,2026-05-05
CUST-001717,2026-06-01,10,20.62,0.497,2026-06-24
CUST-001717,2026-07-01,11,24.45,0.492,2026-07-12
CUST-001717,2026-08-01,10,22.38,0.502,2026-08-25
CUST-001718,2026-03-01,7,29.8,0.673,2026-03-06
CUST-001718,2026-04-01,5,32.12,0.667,2026-04-10
CUST-001718,2026-05-01,8,31.59,0.644,2026-05-04
CUST-001718,2026-06-01,7,35.09,0.628,2026-06-13
CUST-001718,2026-07-01,7,37.58,0.712,2026-07-23
CUST-001718,2026-08-01,6,30.61,0.642,2026-08-14
CUST-001719,2026-03-01,12,23.2,0.633,2026-03-01
CUST-001719,2026-04-01,12,23.84,0.606,2026-04-10
CUST-001719,2026-05-01,13,21.27,0.661,2026-05-08
CUST-001719,2026-06-01,11,24.0,0.66,2026-06-06
CUST-001719,2026-07-01,10,21.23,0.606,2026-07-18
CUST-001719,2026-08-01,15,23.94,0.584,2026-08-14
CUST-001720,2026-03-01,12,23.18,0.704,2026-03-23
CUST-001720,2026-04-01,11,21.38,0.721,2026-04-03
CUST-001720,2026-05-01,15,25.42,0.744,2026-05-04
CUST-001720,2026-06-01,10,26.53,0.737,2026-06-05
CUST-001720,2026-07-01,11,20.89,0.659,2026-07-06
CUST-001720,2026-08-01,14,19.82,0.676,2026-08-03
CUST-001721,2026-03-01,14,33.64,0.491,2026-03-08
CUST-001721,2026-04-01,10,27.81,0.38,2026-04-16
CUST-001721,2026-05-01,9,26.16,0.372,2026-05-25
CUST-001721,2026-06-01,9,22.49,0.29,2026-06-12
CUST-001721,2026-07-01,10,19.64,0.252,2026-07-01
CUST-001721,2026-08-01,5,14.47,0.229,2026-08-03
CUST-001722,2026-03-01,15,20.37,0.392,2026-03-04
CUST-001722,2026-04-01,17,17.86,0.339,2026-04-23
CUST-001722,2026-05-01,9,12.58,0.285,2026-05-09
CUST-001722,2026-06-01,10,15.11,0.245,2026-06-21
CUST-001722,2026-07-01,8,18.48,0.198,2026-07-05
CUST-001722,2026-08-01,4,9.4,0.144,2026-08-27
CUST-001723,2026-03-01,13,28.05,0.727,2026-03-05
CUST-001723,2026-04-01,14,32.49,0.773,2026-04-26
CUST-001723,2026-05-01,17,34.37,0.823,2026-05-15
CUST-001723,2026-06-01,17,26.14,0.785,2026-06-22
CUST-001723,2026-07-01,15,25.92,0.815,2026-07-13
CUST-001723,2026-08-01,11,21.18,0.72,2026-08-20
CUST-001724,2026-03-01,14,24.86,0.472,2026-03-14
CUST-001724,2026-04-01,15,22.4,0.495,2026-04-18
CUST-001724,2026-05-01,15,25.72,0.444,2026-05-16
CUST-001724,2026-06-01,13,20.34,0.488,2026-06-01
CUST-001724,2026-07-01,19,25.6,0.449,2026-07-05
CUST-001724,2026-08-01,16,22.68,0.563,2026-08-08
CUST-001725,2026-03-01,19,28.08,0.614,2026-03-21
CUST-001725,2026-04-01,16,19.35,0.583,2026-04-02
CUST-001725,2026-05-01,14,20.12,0.469,2026-05-20
CUST-001725,2026-06-01,11,15.6,0.443,2026-06-17
CUST-001725,2026-07-01,14,12.77,0.397,2026-07-08
CUST-001725,2026-08-01,6,10.16,0.296,2026-08-10
CUST-001726,2026-03-01,17,33.74,0.397,2026-03-27
CUST-001726,2026-04-01,15,25.6,0.293,2026-04-24
CUST-001726,2026-05-01,15,25.07,0.31,2026-05-15
CUST-001726,2026-06-01,11,21.92,0.238,2026-06-09
CUST-001726,2026-07-01,12,23.01,0.235,2026-07-19
CUST-001726,2026-08-01,5,14.63,0.162,2026-08-21
CUST-001727,2026-03-01,15,40.12,0.532,2026-03-15
CUST-001727,2026-04-01,18,37.52,0.657,2026-04-21
CUST-001727,2026-05-01,15,45.06,0.613,2026-05-23
CUST-001727,2026-06-01,15,37.38,0.616,2026-06-12
CUST-001727,2026-07-01,14,39.56,0.576,2026-07-05
CUST-001727,2026-08-01,17,38.02,0.68,2026-08-04
CUST-001728,2026-03-01,14,40.5,0.357,2026-03-09
CUST-001728,2026-04-01,14,45.97,0.28,2026-04-18
CUST-001728,2026-05-01,15,42.45,0.308,2026-05-05
CUST-001728,2026-06-01,16,35.17,0.351,2026-06-17
CUST-001728,2026-07-01,11,37.32,0.291,2026-07-06
CUST-001728,2026-08-01,14,42.72,0.4,2026-08-01
CUST-001729,2026-03-01,11,39.44,0.31,2026-03-17
CUST-001729,2026-04-01,7,36.51,0.24,2026-04-13
CUST-001729,2026-05-01,9,25.85,0.219,2026-05-27
CUST-001729,2026-06-01,6,21.1,0.172,2026-06-06
CUST-001729,2026-07-01,3,26.81,0.187,2026-07-08
CUST-001729,2026-08-01,1,17.71,0.178,2026-08-02
CUST-001730,2026-03-01,10,35.1,0.256,2026-03-02
CUST-001730,2026-04-01,12,30.61,0.276,2026-04-24
CUST-001730,2026-05-01,8,27.56,0.212,2026-05-09
CUST-001730,2026-06-01,7,24.41,0.193,2026-06-06
CUST-001730,2026-07-01,7,28.46,0.258,2026-07-16
CUST-001730,2026-08-01,6,19.71,0.178,2026-08-01
CUST-001731,2026-03-01,15,20.63,0.624,2026-03-18
CUST-001731,2026-04-01,12,21.66,0.664,2026-04-10
CUST-001731,2026-05-01,14,18.7,0.696,2026-05-13
CUST-001731,2026-06-01,14,18.71,0.469,2026-06-09
CUST-001731,2026-07-01,14,17.55,0.714,2026-07-24
CUST-001731,2026-08-01,12,19.79,0.614,2026-08-05
CUST-001732,2026-03-01,24,19.52,0.678,2026-03-06
CUST-001732,2026-04-01,23,22.71,0.574,2026-04-18
CUST-001732,2026-05-01,25,18.26,0.629,2026-05-14
CUST-001732,2026-06-01,23,14.99,0.583,2026-06-18
CUST-001732,2026-07-01,25,20.31,0.661,2026-07-05
CUST-001732,2026-08-01,23,16.78,0.573,2026-08-13
CUST-001733,2026-03-01,15,21.42,0.552,2026-03-25
CUST-001733,2026-04-01,16,17.52,0.544,2026-04-20
CUST-001733,2026-05-01,15,22.4,0.57,2026-05-10
CUST-001733,2026-06-01,15,24.38,0.591,2026-06-09
CUST-001733,2026-07-01,13,24.42,0.55,2026-07-15
CUST-001733,2026-08-01,16,20.46,0.615,2026-08-04
CUST-001734,2026-03-01,20,27.99,0.523,2026-03-07
CUST-001734,2026-04-01,20,30.45,0.485,2026-04-02
CUST-001734,2026-05-01,20,23.23,0.553,2026-05-25
CUST-001734,2026-06-01,18,23.78,0.59,2026-06-12
CUST-001734,2026-07-01,20,25.07,0.561,2026-07-10
CUST-001734,2026-08-01,19,23.54,0.598,2026-08-17
CUST-001735,2026-03-01,10,27.61,0.512,2026-03-03
CUST-001735,2026-04-01,10,27.59,0.537,2026-04-08
CUST-001735,2026-05-01,10,31.59,0.524,2026-05-03
CUST-001735,2026-06-01,13,27.98,0.54,2026-06-14
CUST-001735,2026-07-01,9,35.01,0.572,2026-07-05
CUST-001735,2026-08-01,9,24.44,0.506,2026-08-01
CUST-001736,2026-03-01,19,26.54,0.484,2026-03-24
CUST-001736,2026-04-01,22,27.59,0.537,2026-04-15
CUST-001736,2026-05-01,22,22.16,0.51,2026-05-04
CUST-001736,2026-06-01,16,25.68,0.509,2026-06-03
CUST-001736,2026-07-01,20,29.06,0.453,2026-07-26
CUST-001736,2026-08-01,24,26.77,0.489,2026-08-14
CUST-001737,2026-03-01,19,38.74,0.594,2026-03-07
CUST-001737,2026-04-01,14,39.04,0.615,2026-04-16
CUST-001737,2026-05-01,14,38.65,0.559,2026-05-13
CUST-001737,2026-06-01,11,38.45,0.603,2026-06-23
CUST-001737,2026-07-01,17,40.26,0.606,2026-07-07
CUST-001737,2026-08-01,20,44.18,0.567,2026-08-25
CUST-001738,2026-03-01,19,9.03,0.518,2026-03-02
CUST-001738,2026-04-01,20,16.69,0.495,2026-04-13
CUST-001738,2026-05-01,16,10.06,0.534,2026-05-05
CUST-001738,2026-06-01,19,15.26,0.521,2026-06-22
CUST-001738,2026-07-01,22,8.59,0.527,2026-07-14
CUST-001738,2026-08-01,15,13.29,0.54,2026-08-19
CUST-001739,2026-03-01,14,17.89,0.458,2026-03-14
CUST-001739,2026-04-01,17,22.98,0.352,2026-04-24
CUST-001739,2026-05-01,17,22.01,0.408,2026-05-26
CUST-001739,2026-06-01,17,22.64,0.41,2026-06-23
CUST-001739,2026-07-01,19,21.77,0.445,2026-07-23
CUST-001739,2026-08-01,18,21.32,0.453,2026-08-15
CUST-001740,2026-03-01,15,33.06,0.424,2026-03-22
CUST-001740,2026-04-01,17,36.89,0.398,2026-04-01
CUST-001740,2026-05-01,21,35.27,0.435,2026-05-26
CUST-001740,2026-06-01,22,38.96,0.426,2026-06-10
CUST-001740,2026-07-01,18,39.47,0.475,2026-07-17
CUST-001740,2026-08-01,18,33.8,0.422,2026-08-03
CUST-001741,2026-03-01,13,26.05,0.327,2026-03-12
CUST-001741,2026-04-01,13,29.8,0.346,2026-04-13
CUST-001741,2026-05-01,13,24.51,0.38,2026-05-22
CUST-001741,2026-06-01,11,30.31,0.338,2026-06-05
CUST-001741,2026-07-01,14,25.75,0.373,2026-07-16
CUST-001741,2026-08-01,14,31.09,0.349,2026-08-16
CUST-001742,2026-03-01,10,8.79,0.464,2026-03-25
CUST-001742,2026-04-01,18,8.88,0.572,2026-04-14
CUST-001742,2026-05-01,16,15.24,0.469,2026-05-20
CUST-001742,2026-06-01,15,9.35,0.466,2026-06-23
CUST-001742,2026-07-01,17,10.45,0.448,2026-07-17
CUST-001742,2026-08-01,17,13.59,0.504,2026-08-01
CUST-001743,2026-03-01,8,16.61,0.328,2026-03-22
CUST-001743,2026-04-01,7,22.68,0.305,2026-04-13
CUST-001743,2026-05-01,10,16.36,0.384,2026-05-03
CUST-001743,2026-06-01,9,22.2,0.23,2026-06-21
CUST-001743,2026-07-01,10,17.93,0.349,2026-07-23
CUST-001743,2026-08-01,11,17.94,0.326,2026-08-20
CUST-001744,2026-03-01,17,18.41,0.666,2026-03-02
CUST-001744,2026-04-01,19,22.45,0.767,2026-04-07
CUST-001744,2026-05-01,15,19.78,0.671,2026-05-14
CUST-001744,2026-06-01,15,22.03,0.762,2026-06-15
CUST-001744,2026-07-01,17,23.62,0.814,2026-07-04
CUST-001744,2026-08-01,19,18.73,0.71,2026-08-22
CUST-001745,2026-03-01,16,29.88,0.764,2026-03-02
CUST-001745,2026-04-01,13,27.6,0.764,2026-04-26
CUST-001745,2026-05-01,10,23.98,0.692,2026-05-04
CUST-001745,2026-06-01,13,30.92,0.677,2026-06-22
CUST-001745,2026-07-01,11,34.17,0.685,2026-07-13
CUST-001745,2026-08-01,12,32.03,0.722,2026-08-16
CUST-001746,2026-03-01,25,14.17,0.519,2026-03-27
CUST-001746,2026-04-01,19,11.99,0.363,2026-04-14
CUST-001746,2026-05-01,22,12.34,0.342,2026-05-01
CUST-001746,2026-06-01,27,10.85,0.385,2026-06-07
CUST-001746,2026-07-01,19,16.19,0.384,2026-07-12
CUST-001746,2026-08-01,23,13.69,0.387,2026-08-06
CUST-001747,2026-03-01,17,39.47,0.71,2026-03-14
CUST-001747,2026-04-01,15,36.91,0.624,2026-04-01
CUST-001747,2026-05-01,22,44.1,0.635,2026-05-09
CUST-001747,2026-06-01,21,46.5,0.708,2026-06-10
CUST-001747,2026-07-01,14,39.58,0.653,2026-07-22
CUST-001747,2026-08-01,18,43.75,0.705,2026-08-16
CUST-001748,2026-03-01,9,24.18,0.488,2026-03-15
CUST-001748,2026-04-01,10,16.32,0.398,2026-04-01
CUST-001748,2026-05-01,6,15.97,0.331,2026-05-12
CUST-001748,2026-06-01,2,11.83,0.312,2026-06-18
CUST-001748,2026-07-01,4,4.74,0.267,2026-07-27
CUST-001748,2026-08-01,6,12.85,0.212,2026-08-07
CUST-001749,2026-03-01,13,32.98,0.588,2026-03-27
CUST-001749,2026-04-01,10,31.81,0.694,2026-04-20
CUST-001749,2026-05-01,14,35.58,0.693,2026-05-25
CUST-001749,2026-06-01,14,33.28,0.716,2026-06-04
CUST-001749,2026-07-01,12,28.84,0.727,2026-07-10
CUST-001749,2026-08-01,11,27.01,0.685,2026-08-26
CUST-001750,2026-03-01,18,26.34,0.571,2026-03-16
CUST-001750,2026-04-01,23,30.59,0.562,2026-04-24
CUST-001750,2026-05-01,17,26.41,0.54,2026-05-08
CUST-001750,2026-06-01,18,19.84,0.552,2026-06-25
CUST-001750,2026-07-01,19,22.96,0.461,2026-07-16
CUST-001750,2026-08-01,15,21.44,0.512,2026-08-22
CUST-001751,2026-03-01,17,10.65,0.724,2026-03-20
CUST-001751,2026-04-01,13,12.88,0.77,2026-04-14
CUST-001751,2026-05-01,18,9.01,0.731,2026-05-08
CUST-001751,2026-06-01,16,13.49,0.707,2026-06-15
CUST-001751,2026-07-01,13,12.82,0.652,2026-07-09
CUST-001751,2026-08-01,18,7.83,0.668,2026-08-21
CUST-001752,2026-03-01,12,20.23,0.478,2026-03-06
CUST-001752,2026-04-01,9,10.73,0.421,2026-04-24
CUST-001752,2026-05-01,9,12.38,0.306,2026-05-12
CUST-001752,2026-06-01,7,6.75,0.336,2026-06-23
CUST-001752,2026-07-01,3,4.05,0.294,2026-07-05
CUST-001752,2026-08-01,7,3.59,0.218,2026-08-24
CUST-001753,2026-03-01,8,37.28,0.696,2026-03-23
CUST-001753,2026-04-01,6,42.28,0.608,2026-04-07
CUST-001753,2026-05-01,6,42.76,0.648,2026-05-01
CUST-001753,2026-06-01,11,43.96,0.642,2026-06-16
CUST-001753,2026-07-01,9,45.31,0.626,2026-07-19
CUST-001753,2026-08-01,4,44.88,0.624,2026-08-03
CUST-001754,2026-03-01,14,10.12,0.492,2026-03-09
CUST-001754,2026-04-01,8,14.98,0.422,2026-04-05
CUST-001754,2026-05-01,10,11.23,0.527,2026-05-27
CUST-001754,2026-06-01,12,14.75,0.432,2026-06-18
CUST-001754,2026-07-01,14,16.44,0.521,2026-07-22
CUST-001754,2026-08-01,10,16.45,0.525,2026-08-22
CUST-001755,2026-03-01,12,19.76,0.645,2026-03-16
CUST-001755,2026-04-01,14,15.21,0.732,2026-04-24
CUST-001755,2026-05-01,15,13.9,0.707,2026-05-22
CUST-001755,2026-06-01,13,19.71,0.788,2026-06-06
CUST-001755,2026-07-01,11,18.72,0.649,2026-07-15
CUST-001755,2026-08-01,11,17.94,0.747,2026-08-09
CUST-001756,2026-03-01,10,20.04,0.633,2026-03-01
CUST-001756,2026-04-01,5,16.23,0.513,2026-04-27
CUST-001756,2026-05-01,7,21.92,0.527,2026-05-06
CUST-001756,2026-06-01,10,22.12,0.652,2026-06-14
CUST-001756,2026-07-01,8,21.39,0.573,2026-07-05
CUST-001756,2026-08-01,4,23.85,0.608,2026-08-02
CUST-001757,2026-03-01,23,7.48,0.335,2026-03-18
CUST-001757,2026-04-01,26,7.92,0.323,2026-04-15
CUST-001757,2026-05-01,23,6.81,0.343,2026-05-05
CUST-001757,2026-06-01,19,7.4,0.309,2026-06-13
CUST-001757,2026-07-01,22,15.55,0.336,2026-07-08
CUST-001757,2026-08-01,23,2.85,0.32,2026-08-02
CUST-001758,2026-03-01,12,31.37,0.422,2026-03-13
CUST-001758,2026-04-01,16,36.42,0.527,2026-04-11
CUST-001758,2026-05-01,12,31.25,0.47,2026-05-14
CUST-001758,2026-06-01,14,36.78,0.544,2026-06-07
CUST-001758,2026-07-01,9,33.46,0.499,2026-07-21
CUST-001758,2026-08-01,13,34.35,0.547,2026-08-15
CUST-001759,2026-03-01,12,17.17,0.701,2026-03-10
CUST-001759,2026-04-01,14,18.25,0.756,2026-04-18
CUST-001759,2026-05-01,13,14.96,0.801,2026-05-03
CUST-001759,2026-06-01,12,20.7,0.817,2026-06-18
CUST-001759,2026-07-01,10,21.37,0.805,2026-07-08
CUST-001759,2026-08-01,10,21.39,0.813,2026-08-27
CUST-001760,2026-03-01,23,23.43,0.303,2026-03-13
CUST-001760,2026-04-01,20,28.37,0.265,2026-04-16
CUST-001760,2026-05-01,16,22.55,0.33,2026-05-23
CUST-001760,2026-06-01,21,29.4,0.33,2026-06-09
CUST-001760,2026-07-01,23,29.44,0.257,2026-07-10
CUST-001760,2026-08-01,19,26.84,0.254,2026-08-15
CUST-001761,2026-03-01,21,23.05,0.381,2026-03-17
CUST-001761,2026-04-01,22,19.71,0.415,2026-04-05
CUST-001761,2026-05-01,16,21.65,0.333,2026-05-03
CUST-001761,2026-06-01,16,17.3,0.299,2026-06-04
CUST-001761,2026-07-01,14,17.4,0.224,2026-07-03
CUST-001761,2026-08-01,7,17.42,0.198,2026-08-22
CUST-001762,2026-03-01,25,25.25,0.581,2026-03-10
CUST-001762,2026-04-01,21,26.86,0.524,2026-04-16
CUST-001762,2026-05-01,12,19.63,0.406,2026-05-13
CUST-001762,2026-06-01,15,22.35,0.365,2026-06-27
CUST-001762,2026-07-01,12,13.98,0.334,2026-07-11
CUST-001762,2026-08-01,7,9.79,0.268,2026-08-02
CUST-001763,2026-03-01,15,17.04,0.504,2026-03-07
CUST-001763,2026-04-01,16,18.26,0.486,2026-04-16
CUST-001763,2026-05-01,15,11.29,0.415,2026-05-26
CUST-001763,2026-06-01,11,9.68,0.314,2026-06-16
CUST-001763,2026-07-01,11,10.81,0.291,2026-07-13
CUST-001763,2026-08-01,9,10.57,0.22,2026-08-21
CUST-001764,2026-03-01,16,26.13,0.477,2026-03-27
CUST-001764,2026-04-01,15,17.77,0.53,2026-04-19
CUST-001764,2026-05-01,12,20.31,0.44,2026-05-05
CUST-001764,2026-06-01,11,16.42,0.339,2026-06-26
CUST-001764,2026-07-01,10,6.77,0.276,2026-07-23
CUST-001764,2026-08-01,8,8.35,0.214,2026-08-27
CUST-001765,2026-03-01,17,19.58,0.366,2026-03-15
CUST-001765,2026-04-01,17,17.9,0.389,2026-04-16
CUST-001765,2026-05-01,18,23.2,0.433,2026-05-15
CUST-001765,2026-06-01,13,19.5,0.365,2026-06-18
CUST-001765,2026-07-01,19,18.52,0.378,2026-07-24
CUST-001765,2026-08-01,17,19.79,0.361,2026-08-19
CUST-001766,2026-03-01,22,31.57,0.418,2026-03-17
CUST-001766,2026-04-01,24,28.2,0.385,2026-04-11
CUST-001766,2026-05-01,25,23.86,0.353,2026-05-07
CUST-001766,2026-06-01,23,24.42,0.354,2026-06-10
CUST-001766,2026-07-01,24,25.12,0.415,2026-07-27
CUST-001766,2026-08-01,22,27.21,0.368,2026-08-19
CUST-001767,2026-03-01,13,34.68,0.461,2026-03-22
CUST-001767,2026-04-01,14,31.67,0.562,2026-04-06
CUST-001767,2026-05-01,15,33.13,0.456,2026-05-26
CUST-001767,2026-06-01,10,40.45,0.503,2026-06-02
CUST-001767,2026-07-01,13,33.96,0.5,2026-07-13
CUST-001767,2026-08-01,14,32.63,0.507,2026-08-08
CUST-001768,2026-03-01,20,46.17,0.417,2026-03-11
CUST-001768,2026-04-01,25,44.51,0.384,2026-04-22
CUST-001768,2026-05-01,23,38.9,0.41,2026-05-16
CUST-001768,2026-06-01,23,42.4,0.333,2026-06-20
CUST-001768,2026-07-01,24,41.98,0.413,2026-07-26
CUST-001768,2026-08-01,24,40.92,0.315,2026-08-20
CUST-001769,2026-03-01,12,29.27,0.778,2026-03-18
CUST-001769,2026-04-01,9,28.27,0.892,2026-04-19
CUST-001769,2026-05-01,10,26.31,0.66,2026-05-23
CUST-001769,2026-06-01,14,28.42,0.71,2026-06-05
CUST-001769,2026-07-01,11,25.01,0.663,2026-07-03
CUST-001769,2026-08-01,12,23.51,0.764,2026-08-21
CUST-001770,2026-03-01,14,14.18,0.652,2026-03-18
CUST-001770,2026-04-01,14,17.31,0.705,2026-04-09
CUST-001770,2026-05-01,19,16.51,0.779,2026-05-13
CUST-001770,2026-06-01,15,20.45,0.709,2026-06-05
CUST-001770,2026-07-01,13,18.93,0.689,2026-07-10
CUST-001770,2026-08-01,12,15.74,0.715,2026-08-27
CUST-001771,2026-03-01,15,18.75,0.469,2026-03-16
CUST-001771,2026-04-01,21,18.26,0.43,2026-04-05
CUST-001771,2026-05-01,20,14.95,0.451,2026-05-18
CUST-001771,2026-06-01,18,15.52,0.443,2026-06-23
CUST-001771,2026-07-01,18,16.75,0.435,2026-07-03
CUST-001771,2026-08-01,16,15.64,0.467,2026-08-23
CUST-001772,2026-03-01,20,14.69,0.748,2026-03-03
CUST-001772,2026-04-01,21,16.79,0.814,2026-04-12
CUST-001772,2026-05-01,16,19.08,0.705,2026-05-01
CUST-001772,2026-06-01,18,16.03,0.646,2026-06-11
CUST-001772,2026-07-01,25,16.4,0.727,2026-07-10
CUST-001772,2026-08-01,18,21.04,0.737,2026-08-16
CUST-001773,2026-03-01,5,37.08,0.754,2026-03-09
CUST-001773,2026-04-01,8,46.61,0.769,2026-04-22
CUST-001773,2026-05-01,4,40.6,0.674,2026-05-16
CUST-001773,2026-06-01,7,46.56,0.769,2026-06-01
CUST-001773,2026-07-01,8,45.96,0.705,2026-07-27
CUST-001773,2026-08-01,7,40.29,0.674,2026-08-11
CUST-001774,2026-03-01,23,8.9,0.628,2026-03-23
CUST-001774,2026-04-01,22,1.45,0.722,2026-04-02
CUST-001774,2026-05-01,26,14.64,0.701,2026-05-13
CUST-001774,2026-06-01,21,8.32,0.591,2026-06-15
CUST-001774,2026-07-01,19,5.86,0.659,2026-07-24
CUST-001774,2026-08-01,25,10.53,0.694,2026-08-17
CUST-001775,2026-03-01,8,11.98,0.727,2026-03-05
CUST-001775,2026-04-01,9,11.97,0.774,2026-04-27
CUST-001775,2026-05-01,8,14.49,0.743,2026-05-23
CUST-001775,2026-06-01,10,13.22,0.672,2026-06-19
CUST-001775,2026-07-01,14,16.72,0.773,2026-07-04
CUST-001775,2026-08-01,7,11.8,0.696,2026-08-04
CUST-001776,2026-03-01,21,25.85,0.431,2026-03-01
CUST-001776,2026-04-01,23,30.59,0.432,2026-04-03
CUST-001776,2026-05-01,21,27.05,0.401,2026-05-24
CUST-001776,2026-06-01,21,20.83,0.381,2026-06-19
CUST-001776,2026-07-01,25,23.96,0.363,2026-07-21
CUST-001776,2026-08-01,23,22.48,0.368,2026-08-25
CUST-001777,2026-03-01,15,45.45,0.536,2026-03-06
CUST-001777,2026-04-01,15,42.06,0.585,2026-04-21
CUST-001777,2026-05-01,13,46.49,0.588,2026-05-03
CUST-001777,2026-06-01,15,42.08,0.54,2026-06-04
CUST-001777,2026-07-01,10,47.89,0.499,2026-07-16
CUST-001777,2026-08-01,14,44.55,0.553,2026-08-23
CUST-001778,2026-03-01,19,23.11,0.682,2026-03-18
CUST-001778,2026-04-01,16,27.65,0.637,2026-04-12
CUST-001778,2026-05-01,19,27.13,0.746,2026-05-20
CUST-001778,2026-06-01,19,30.27,0.684,2026-06-18
CUST-001778,2026-07-01,20,27.49,0.676,2026-07-06
CUST-001778,2026-08-01,20,23.56,0.607,2026-08-25
CUST-001779,2026-03-01,15,28.81,0.529,2026-03-16
CUST-001779,2026-04-01,15,34.85,0.508,2026-04-14
CUST-001779,2026-05-01,13,35.93,0.422,2026-05-17
CUST-001779,2026-06-01,11,29.45,0.447,2026-06-17
CUST-001779,2026-07-01,16,31.79,0.453,2026-07-21
CUST-001779,2026-08-01,11,35.25,0.489,2026-08-10
CUST-001780,2026-03-01,18,31.73,0.402,2026-03-26
CUST-001780,2026-04-01,16,26.27,0.374,2026-04-13
CUST-001780,2026-05-01,17,26.91,0.368,2026-05-01
CUST-001780,2026-06-01,7,25.29,0.336,2026-06-11
CUST-001780,2026-07-01,7,19.5,0.267,2026-07-02
CUST-001780,2026-08-01,8,11.89,0.268,2026-08-06
CUST-001781,2026-03-01,13,36.13,0.793,2026-03-10
CUST-001781,2026-04-01,7,38.98,0.71,2026-04-02
CUST-001781,2026-05-01,8,34.85,0.741,2026-05-26
CUST-001781,2026-06-01,11,39.67,0.807,2026-06-15
CUST-001781,2026-07-01,7,36.34,0.85,2026-07-16
CUST-001781,2026-08-01,10,34.9,0.832,2026-08-07
CUST-001782,2026-03-01,6,26.9,0.663,2026-03-26
CUST-001782,2026-04-01,6,28.68,0.638,2026-04-01
CUST-001782,2026-05-01,7,25.67,0.556,2026-05-26
CUST-001782,2026-06-01,7,23.58,0.492,2026-06-26
CUST-001782,2026-07-01,1,15.32,0.348,2026-07-05
CUST-001782,2026-08-01,4,16.04,0.235,2026-08-26
CUST-001783,2026-03-01,21,23.41,0.491,2026-03-10
CUST-001783,2026-04-01,18,23.97,0.42,2026-04-11
CUST-001783,2026-05-01,13,19.13,0.419,2026-05-12
CUST-001783,2026-06-01,13,19.37,0.381,2026-06-06
CUST-001783,2026-07-01,10,10.37,0.284,2026-07-03
CUST-001783,2026-08-01,9,13.06,0.197,2026-08-23
CUST-001784,2026-03-01,13,31.0,0.47,2026-03-23
CUST-001784,2026-04-01,15,31.05,0.503,2026-04-25
CUST-001784,2026-05-01,12,32.02,0.478,2026-05-07
CUST-001784,2026-06-01,7,29.44,0.417,2026-06-23
CUST-001784,2026-07-01,14,30.98,0.506,2026-07-05
CUST-001784,2026-08-01,12,31.2,0.472,2026-08-19
CUST-001785,2026-03-01,19,11.11,0.709,2026-03-03
CUST-001785,2026-04-01,19,13.31,0.569,2026-04-04
CUST-001785,2026-05-01,18,7.9,0.479,2026-05-21
CUST-001785,2026-06-01,14,11.85,0.468,2026-06-07
CUST-001785,2026-07-01,9,6.95,0.342,2026-07-13
CUST-001785,2026-08-01,9,3.14,0.234,2026-08-22
CUST-001786,2026-03-01,16,20.92,0.459,2026-03-27
CUST-001786,2026-04-01,16,20.71,0.392,2026-04-19
CUST-001786,2026-05-01,20,27.94,0.446,2026-05-05
CUST-001786,2026-06-01,19,22.74,0.409,2026-06-17
CUST-001786,2026-07-01,19,27.76,0.416,2026-07-24
CUST-001786,2026-08-01,17,27.46,0.49,2026-08-26
CUST-001787,2026-03-01,17,13.84,0.368,2026-03-06
CUST-001787,2026-04-01,19,8.4,0.418,2026-04-27
CUST-001787,2026-05-01,21,12.17,0.443,2026-05-07
CUST-001787,2026-06-01,19,11.39,0.409,2026-06-22
CUST-001787,2026-07-01,19,14.53,0.384,2026-07-01
CUST-001787,2026-08-01,20,11.45,0.392,2026-08-01
CUST-001788,2026-03-01,19,25.0,0.507,2026-03-15
CUST-001788,2026-04-01,16,28.42,0.505,2026-04-17
CUST-001788,2026-05-01,17,26.85,0.48,2026-05-16
CUST-001788,2026-06-01,16,27.88,0.496,2026-06-15
CUST-001788,2026-07-01,17,21.8,0.446,2026-07-12
CUST-001788,2026-08-01,15,27.73,0.445,2026-08-10
CUST-001789,2026-03-01,22,41.5,0.547,2026-03-12
CUST-001789,2026-04-01,16,29.69,0.479,2026-04-12
CUST-001789,2026-05-01,19,40.55,0.508,2026-05-20
CUST-001789,2026-06-01,19,30.65,0.506,2026-06-07
CUST-001789,2026-07-01,20,29.59,0.509,2026-07-11
CUST-001789,2026-08-01,19,34.05,0.523,2026-08-18
CUST-001790,2026-03-01,18,33.0,0.591,2026-03-19
CUST-001790,2026-04-01,26,39.01,0.699,2026-04-03
CUST-001790,2026-05-01,21,38.19,0.67,2026-05-14
CUST-001790,2026-06-01,22,39.33,0.612,2026-06-25
CUST-001790,2026-07-01,21,36.79,0.654,2026-07-02
CUST-001790,2026-08-01,23,41.4,0.669,2026-08-17
CUST-001791,2026-03-01,17,30.37,0.306,2026-03-23
CUST-001791,2026-04-01,14,31.79,0.269,2026-04-05
CUST-001791,2026-05-01,13,38.09,0.334,2026-05-19
CUST-001791,2026-06-01,19,39.5,0.304,2026-06-26
CUST-001791,2026-07-01,16,38.05,0.347,2026-07-14
CUST-001791,2026-08-01,16,35.28,0.309,2026-08-27
CUST-001792,2026-03-01,10,23.73,0.671,2026-03-27
CUST-001792,2026-04-01,10,23.12,0.76,2026-04-17
CUST-001792,2026-05-01,8,19.3,0.778,2026-05-21
CUST-001792,2026-06-01,16,17.27,0.647,2026-06-25
CUST-001792,2026-07-01,9,17.89,0.755,2026-07-07
CUST-001792,2026-08-01,3,22.8,0.674,2026-08-26
CUST-001793,2026-03-01,7,19.01,0.518,2026-03-12
CUST-001793,2026-04-01,11,15.75,0.428,2026-04-07
CUST-001793,2026-05-01,6,13.81,0.414,2026-05-18
CUST-001793,2026-06-01,5,13.59,0.364,2026-06-12
CUST-001793,2026-07-01,5,3.7,0.233,2026-07-27
CUST-001793,2026-08-01,2,4.94,0.198,2026-08-23
CUST-001794,2026-03-01,10,14.53,0.779,2026-03-09
CUST-001794,2026-04-01,14,14.18,0.728,2026-04-01
CUST-001794,2026-05-01,11,18.19,0.753,2026-05-24
CUST-001794,2026-06-01,13,18.14,0.8,2026-06-27
CUST-001794,2026-07-01,12,14.44,0.861,2026-07-14
CUST-001794,2026-08-01,13,18.15,0.782,2026-08-26
CUST-001795,2026-03-01,10,12.57,0.35,2026-03-05
CUST-001795,2026-04-01,13,12.73,0.425,2026-04-17
CUST-001795,2026-05-01,9,12.46,0.381,2026-05-07
CUST-001795,2026-06-01,11,17.41,0.391,2026-06-16
CUST-001795,2026-07-01,13,15.48,0.386,2026-07-12
CUST-001795,2026-08-01,13,14.33,0.368,2026-08-09
CUST-001796,2026-03-01,14,30.0,0.702,2026-03-18
CUST-001796,2026-04-01,13,28.27,0.655,2026-04-10
CUST-001796,2026-05-01,9,22.69,0.54,2026-05-18
CUST-001796,2026-06-01,11,20.49,0.464,2026-06-23
CUST-001796,2026-07-01,8,25.6,0.386,2026-07-04
CUST-001796,2026-08-01,6,17.22,0.345,2026-08-27
CUST-001797,2026-03-01,19,27.86,0.488,2026-03-06
CUST-001797,2026-04-01,14,23.29,0.46,2026-04-18
CUST-001797,2026-05-01,16,24.77,0.422,2026-05-10
CUST-001797,2026-06-01,17,22.62,0.471,2026-06-25
CUST-001797,2026-07-01,22,28.55,0.549,2026-07-11
CUST-001797,2026-08-01,21,25.2,0.463,2026-08-06
CUST-001798,2026-03-01,11,39.41,0.354,2026-03-26
CUST-001798,2026-04-01,16,43.67,0.388,2026-04-19
CUST-001798,2026-05-01,18,43.95,0.325,2026-05-02
CUST-001798,2026-06-01,14,47.31,0.357,2026-06-17
CUST-001798,2026-07-01,15,41.5,0.351,2026-07-18
CUST-001798,2026-08-01,11,36.66,0.375,2026-08-02
CUST-001799,2026-03-01,17,23.97,0.584,2026-03-03
CUST-001799,2026-04-01,16,22.51,0.593,2026-04-27
CUST-001799,2026-05-01,14,23.72,0.574,2026-05-24
CUST-001799,2026-06-01,15,27.52,0.55,2026-06-06
CUST-001799,2026-07-01,11,22.02,0.574,2026-07-10
CUST-001799,2026-08-01,14,26.86,0.514,2026-08-22
CUST-001800,2026-03-01,17,19.3,0.562,2026-03-19
CUST-001800,2026-04-01,15,24.2,0.564,2026-04-25
CUST-001800,2026-05-01,17,22.18,0.657,2026-05-26
CUST-001800,2026-06-01,15,23.71,0.658,2026-06-14
CUST-001800,2026-07-01,10,15.18,0.654,2026-07-08
CUST-001800,2026-08-01,11,19.72,0.586,2026-08-24
CUST-001801,2026-03-01,19,46.66,0.788,2026-03-21
CUST-001801,2026-04-01,15,40.1,0.806,2026-04-22
CUST-001801,2026-05-01,18,38.54,0.795,2026-05-15
CUST-001801,2026-06-01,17,44.82,0.784,2026-06-20
CUST-001801,2026-07-01,18,39.61,0.705,2026-07-17
CUST-001801,2026-08-01,11,37.74,0.669,2026-08-16
CUST-001802,2026-03-01,25,40.96,0.528,2026-03-20
CUST-001802,2026-04-01,17,32.93,0.445,2026-04-16
CUST-001802,2026-05-01,20,37.25,0.44,2026-05-07
CUST-001802,2026-06-01,19,35.75,0.408,2026-06-08
CUST-001802,2026-07-01,20,39.01,0.425,2026-07-13
CUST-001802,2026-08-01,22,38.33,0.429,2026-08-19
CUST-001803,2026-03-01,24,26.0,0.659,2026-03-13
CUST-001803,2026-04-01,23,29.03,0.677,2026-04-09
CUST-001803,2026-05-01,22,29.61,0.585,2026-05-15
CUST-001803,2026-06-01,22,24.57,0.721,2026-06-09
CUST-001803,2026-07-01,22,28.26,0.757,2026-07-19
CUST-001803,2026-08-01,23,20.53,0.642,2026-08-02
CUST-001804,2026-03-01,20,32.29,0.347,2026-03-23
CUST-001804,2026-04-01,20,35.5,0.297,2026-04-09
CUST-001804,2026-05-01,20,40.3,0.332,2026-05-18
CUST-001804,2026-06-01,21,28.71,0.345,2026-06-21
CUST-001804,2026-07-01,19,30.23,0.301,2026-07-27
CUST-001804,2026-08-01,19,28.89,0.346,2026-08-12
CUST-001805,2026-03-01,26,46.02,0.419,2026-03-12
CUST-001805,2026-04-01,22,43.27,0.421,2026-04-05
CUST-001805,2026-05-01,21,39.24,0.349,2026-05-07
CUST-001805,2026-06-01,23,39.18,0.417,2026-06-17
CUST-001805,2026-07-01,24,42.41,0.357,2026-07-14
CUST-001805,2026-08-01,19,34.76,0.395,2026-08-04
CUST-001806,2026-03-01,21,10.93,0.531,2026-03-05
CUST-001806,2026-04-01,25,18.58,0.561,2026-04-25
CUST-001806,2026-05-01,25,9.36,0.618,2026-05-19
CUST-001806,2026-06-01,24,15.15,0.539,2026-06-16
CUST-001806,2026-07-01,24,16.44,0.542,2026-07-26
CUST-001806,2026-08-01,23,17.65,0.557,2026-08-04
CUST-001807,2026-03-01,24,48.75,0.437,2026-03-08
CUST-001807,2026-04-01,27,48.54,0.469,2026-04-02
CUST-001807,2026-05-01,22,40.67,0.369,2026-05-12
CUST-001807,2026-06-01,28,52.75,0.443,2026-06-18
CUST-001807,2026-07-01,26,46.43,0.422,2026-07-16
CUST-001807,2026-08-01,24,44.62,0.449,2026-08-14
CUST-001808,2026-03-01,16,30.0,0.646,2026-03-05
CUST-001808,2026-04-01,13,24.16,0.716,2026-04-25
CUST-001808,2026-05-01,12,30.5,0.654,2026-05-17
CUST-001808,2026-06-01,11,28.23,0.698,2026-06-19
CUST-001808,2026-07-01,14,27.24,0.737,2026-07-08
CUST-001808,2026-08-01,14,29.37,0.79,2026-08-13
CUST-001809,2026-03-01,23,10.55,0.696,2026-03-24
CUST-001809,2026-04-01,23,14.78,0.716,2026-04-16
CUST-001809,2026-05-01,20,17.76,0.743,2026-05-20
CUST-001809,2026-06-01,23,17.32,0.691,2026-06-09
CUST-001809,2026-07-01,23,16.27,0.706,2026-07-15
CUST-001809,2026-08-01,26,24.9,0.817,2026-08-27
CUST-001810,2026-03-01,11,15.97,0.667,2026-03-07
CUST-001810,2026-04-01,13,12.65,0.547,2026-04-12
CUST-001810,2026-05-01,11,10.04,0.526,2026-05-21
CUST-001810,2026-06-01,9,8.31,0.418,2026-06-04
CUST-001810,2026-07-01,7,10.96,0.373,2026-07-21
CUST-001810,2026-08-01,3,8.33,0.319,2026-08-25
CUST-001811,2026-03-01,11,10.73,0.409,2026-03-23
CUST-001811,2026-04-01,10,10.9,0.389,2026-04-03
CUST-001811,2026-05-01,11,8.43,0.385,2026-05-16
CUST-001811,2026-06-01,5,9.74,0.284,2026-06-08
CUST-001811,2026-07-01,5,9.14,0.208,2026-07-27
CUST-001811,2026-08-01,4,5.73,0.222,2026-08-20
CUST-001812,2026-03-01,18,12.97,0.553,2026-03-13
CUST-001812,2026-04-01,23,17.98,0.582,2026-04-26
CUST-001812,2026-05-01,22,13.69,0.563,2026-05-04
CUST-001812,2026-06-01,25,17.22,0.571,2026-06-16
CUST-001812,2026-07-01,21,16.51,0.614,2026-07-02
CUST-001812,2026-08-01,28,13.45,0.649,2026-08-02
CUST-001813,2026-03-01,18,32.87,0.515,2026-03-08
CUST-001813,2026-04-01,20,41.56,0.446,2026-04-15
CUST-001813,2026-05-01,21,35.89,0.504,2026-05-15
CUST-001813,2026-06-01,15,35.86,0.478,2026-06-27
CUST-001813,2026-07-01,22,42.74,0.492,2026-07-13
CUST-001813,2026-08-01,15,28.25,0.405,2026-08-14
CUST-001814,2026-03-01,18,37.9,0.647,2026-03-18
CUST-001814,2026-04-01,22,32.4,0.596,2026-04-22
CUST-001814,2026-05-01,21,35.49,0.495,2026-05-07
CUST-001814,2026-06-01,17,27.43,0.477,2026-06-11
CUST-001814,2026-07-01,20,26.52,0.571,2026-07-15
CUST-001814,2026-08-01,21,41.4,0.559,2026-08-06
CUST-001815,2026-03-01,23,18.71,0.505,2026-03-26
CUST-001815,2026-04-01,28,16.49,0.503,2026-04-27
CUST-001815,2026-05-01,24,21.58,0.53,2026-05-07
CUST-001815,2026-06-01,23,19.19,0.501,2026-06-14
CUST-001815,2026-07-01,30,17.88,0.535,2026-07-10
CUST-001815,2026-08-01,17,22.83,0.459,2026-08-17
CUST-001816,2026-03-01,24,41.54,0.492,2026-03-21
CUST-001816,2026-04-01,24,39.2,0.516,2026-04-23
CUST-001816,2026-05-01,27,41.58,0.517,2026-05-19
CUST-001816,2026-06-01,26,38.6,0.522,2026-06-23
CUST-001816,2026-07-01,23,48.34,0.587,2026-07-17
CUST-001816,2026-08-01,24,41.01,0.547,2026-08-02
CUST-001817,2026-03-01,20,43.23,0.631,2026-03-17
CUST-001817,2026-04-01,20,40.52,0.546,2026-04-05
CUST-001817,2026-05-01,21,42.5,0.501,2026-05-02
CUST-001817,2026-06-01,22,36.53,0.608,2026-06-22
CUST-001817,2026-07-01,18,39.52,0.585,2026-07-25
CUST-001817,2026-08-01,20,44.43,0.67,2026-08-26
CUST-001818,2026-03-01,13,17.7,0.421,2026-03-10
CUST-001818,2026-04-01,13,30.63,0.482,2026-04-04
CUST-001818,2026-05-01,13,25.2,0.425,2026-05-25
CUST-001818,2026-06-01,13,26.47,0.424,2026-06-12
CUST-001818,2026-07-01,15,26.65,0.447,2026-07-07
CUST-001818,2026-08-01,14,25.13,0.454,2026-08-18
CUST-001819,2026-03-01,13,21.36,0.386,2026-03-09
CUST-001819,2026-04-01,12,23.68,0.452,2026-04-07
CUST-001819,2026-05-01,14,21.66,0.381,2026-05-16
CUST-001819,2026-06-01,11,23.31,0.391,2026-06-16
CUST-001819,2026-07-01,15,15.4,0.394,2026-07-13
CUST-001819,2026-08-01,11,20.89,0.382,2026-08-16
CUST-001820,2026-03-01,23,32.38,0.605,2026-03-13
CUST-001820,2026-04-01,24,31.06,0.626,2026-04-05
CUST-001820,2026-05-01,19,30.13,0.657,2026-05-18
CUST-001820,2026-06-01,19,32.74,0.552,2026-06-16
CUST-001820,2026-07-01,19,29.18,0.557,2026-07-09
CUST-001820,2026-08-01,19,27.04,0.548,2026-08-10
CUST-001821,2026-03-01,15,36.79,0.702,2026-03-07
CUST-001821,2026-04-01,17,37.57,0.703,2026-04-04
CUST-001821,2026-05-01,18,33.56,0.612,2026-05-21
CUST-001821,2026-06-01,20,41.35,0.639,2026-06-16
CUST-001821,2026-07-01,19,33.76,0.571,2026-07-19
CUST-001821,2026-08-01,18,42.13,0.7,2026-08-11
CUST-001822,2026-03-01,15,43.73,0.527,2026-03-14
CUST-001822,2026-04-01,13,40.71,0.464,2026-04-05
CUST-001822,2026-05-01,15,47.33,0.521,2026-05-21
CUST-001822,2026-06-01,11,36.08,0.535,2026-06-24
CUST-001822,2026-07-01,15,45.96,0.562,2026-07-27
CUST-001822,2026-08-01,13,47.13,0.616,2026-08-10
CUST-001823,2026-03-01,8,19.41,0.598,2026-03-24
CUST-001823,2026-04-01,10,21.27,0.536,2026-04-02
CUST-001823,2026-05-01,13,8.97,0.513,2026-05-15
CUST-001823,2026-06-01,6,7.28,0.392,2026-06-19
CUST-001823,2026-07-01,8,6.97,0.367,2026-07-27
CUST-001823,2026-08-01,5,5.14,0.322,2026-08-13
CUST-001824,2026-03-01,15,15.31,0.266,2026-03-03
CUST-001824,2026-04-01,15,12.73,0.312,2026-04-01
CUST-001824,2026-05-01,17,4.93,0.343,2026-05-14
CUST-001824,2026-06-01,17,12.49,0.328,2026-06-22
CUST-001824,2026-07-01,13,13.59,0.337,2026-07-24
CUST-001824,2026-08-01,19,9.21,0.37,2026-08-03
CUST-001825,2026-03-01,13,41.87,0.588,2026-03-10
CUST-001825,2026-04-01,11,35.42,0.584,2026-04-15
CUST-001825,2026-05-01,8,35.73,0.494,2026-05-16
CUST-001825,2026-06-01,10,38.85,0.529,2026-06-23
CUST-001825,2026-07-01,12,41.0,0.54,2026-07-19
CUST-001825,2026-08-01,13,40.36,0.538,2026-08-19
CUST-001826,2026-03-01,24,20.36,0.55,2026-03-14
CUST-001826,2026-04-01,28,21.84,0.606,2026-04-21
CUST-001826,2026-05-01,22,24.25,0.563,2026-05-24
CUST-001826,2026-06-01,22,26.57,0.678,2026-06-19
CUST-001826,2026-07-01,26,16.66,0.581,2026-07-03
CUST-001826,2026-08-01,25,22.36,0.596,2026-08-08
CUST-001827,2026-03-01,15,25.56,0.428,2026-03-10
CUST-001827,2026-04-01,16,20.92,0.432,2026-04-11
CUST-001827,2026-05-01,11,20.56,0.333,2026-05-21
CUST-001827,2026-06-01,11,11.89,0.305,2026-06-19
CUST-001827,2026-07-01,12,8.39,0.211,2026-07-11
CUST-001827,2026-08-01,8,13.77,0.212,2026-08-08
CUST-001828,2026-03-01,11,36.85,0.745,2026-03-26
CUST-001828,2026-04-01,8,44.76,0.822,2026-04-04
CUST-001828,2026-05-01,8,39.57,0.723,2026-05-03
CUST-001828,2026-06-01,11,39.84,0.758,2026-06-06
CUST-001828,2026-07-01,10,42.18,0.802,2026-07-01
CUST-001828,2026-08-01,5,40.32,0.765,2026-08-27
CUST-001829,2026-03-01,14,18.54,0.609,2026-03-09
CUST-001829,2026-04-01,12,26.1,0.709,2026-04-11
CUST-001829,2026-05-01,13,19.22,0.616,2026-05-18
CUST-001829,2026-06-01,17,18.89,0.677,2026-06-23
CUST-001829,2026-07-01,16,19.86,0.625,2026-07-11
CUST-001829,2026-08-01,10,8.2,0.592,2026-08-26
CUST-001830,2026-03-01,14,19.69,0.558,2026-03-03
CUST-001830,2026-04-01,13,19.52,0.451,2026-04-27
CUST-001830,2026-05-01,8,10.38,0.439,2026-05-22
CUST-001830,2026-06-01,8,15.13,0.325,2026-06-10
CUST-001830,2026-07-01,7,13.02,0.289,2026-07-03
CUST-001830,2026-08-01,5,8.82,0.211,2026-08-10
CUST-001831,2026-03-01,13,9.5,0.403,2026-03-23
CUST-001831,2026-04-01,13,16.88,0.359,2026-04-16
CUST-001831,2026-05-01,7,12.53,0.297,2026-05-14
CUST-001831,2026-06-01,10,13.22,0.261,2026-06-16
CUST-001831,2026-07-01,8,11.44,0.206,2026-07-04
CUST-001831,2026-08-01,5,2.44,0.202,2026-08-10
CUST-001832,2026-03-01,21,49.3,0.823,2026-03-05
CUST-001832,2026-04-01,18,42.88,0.686,2026-04-12
CUST-001832,2026-05-01,22,37.07,0.778,2026-05-24
CUST-001832,2026-06-01,16,40.09,0.703,2026-06-26
CUST-001832,2026-07-01,19,37.93,0.728,2026-07-14
CUST-001832,2026-08-01,18,34.56,0.719,2026-08-26
CUST-001833,2026-03-01,20,36.15,0.443,2026-03-18
CUST-001833,2026-04-01,20,39.13,0.513,2026-04-06
CUST-001833,2026-05-01,17,42.07,0.51,2026-05-12
CUST-001833,2026-06-01,15,39.35,0.547,2026-06-07
CUST-001833,2026-07-01,15,39.14,0.514,2026-07-02
CUST-001833,2026-08-01,13,39.02,0.475,2026-08-07
CUST-001834,2026-03-01,23,9.14,0.612,2026-03-20
CUST-001834,2026-04-01,18,16.81,0.539,2026-04-01
CUST-001834,2026-05-01,13,10.01,0.427,2026-05-21
CUST-001834,2026-06-01,13,10.17,0.347,2026-06-04
CUST-001834,2026-07-01,11,6.14,0.332,2026-07-09
CUST-001834,2026-08-01,11,6.63,0.275,2026-08-08
CUST-001835,2026-03-01,9,46.19,0.767,2026-03-17
CUST-001835,2026-04-01,7,34.1,0.758,2026-04-02
CUST-001835,2026-05-01,8,50.8,0.896,2026-05-11
CUST-001835,2026-06-01,9,45.34,0.792,2026-06-02
CUST-001835,2026-07-01,6,46.5,0.837,2026-07-12
CUST-001835,2026-08-01,5,39.0,0.703,2026-08-07
CUST-001836,2026-03-01,16,23.05,0.663,2026-03-01
CUST-001836,2026-04-01,15,19.22,0.514,2026-04-24
CUST-001836,2026-05-01,11,15.58,0.52,2026-05-10
CUST-001836,2026-06-01,17,22.12,0.539,2026-06-01
CUST-001836,2026-07-01,19,16.83,0.551,2026-07-19
CUST-001836,2026-08-01,13,17.08,0.531,2026-08-18
CUST-001837,2026-03-01,16,12.06,0.53,2026-03-11
CUST-001837,2026-04-01,16,15.74,0.5,2026-04-13
CUST-001837,2026-05-01,11,9.09,0.491,2026-05-11
CUST-001837,2026-06-01,13,13.42,0.435,2026-06-11
CUST-001837,2026-07-01,11,8.02,0.512,2026-07-15
CUST-001837,2026-08-01,14,10.42,0.555,2026-08-06
CUST-001838,2026-03-01,12,17.6,0.454,2026-03-22
CUST-001838,2026-04-01,6,22.85,0.445,2026-04-16
CUST-001838,2026-05-01,12,24.47,0.476,2026-05-17
CUST-001838,2026-06-01,5,27.65,0.508,2026-06-16
CUST-001838,2026-07-01,9,20.15,0.394,2026-07-12
CUST-001838,2026-08-01,10,26.88,0.506,2026-08-06
CUST-001839,2026-03-01,25,26.8,0.592,2026-03-19
CUST-001839,2026-04-01,24,18.07,0.606,2026-04-20
CUST-001839,2026-05-01,24,21.74,0.589,2026-05-01
CUST-001839,2026-06-01,24,27.0,0.638,2026-06-06
CUST-001839,2026-07-01,24,21.0,0.629,2026-07-20
CUST-001839,2026-08-01,22,22.52,0.596,2026-08-11
CUST-001840,2026-03-01,13,17.61,0.379,2026-03-25
CUST-001840,2026-04-01,12,23.96,0.339,2026-04-03
CUST-001840,2026-05-01,15,14.38,0.347,2026-05-11
CUST-001840,2026-06-01,14,12.93,0.357,2026-06-21
CUST-001840,2026-07-01,11,13.26,0.361,2026-07-12
CUST-001840,2026-08-01,16,11.63,0.403,2026-08-21
CUST-001841,2026-03-01,17,13.97,0.793,2026-03-20
CUST-001841,2026-04-01,18,2.84,0.684,2026-04-02
CUST-001841,2026-05-01,18,11.4,0.726,2026-05-07
CUST-001841,2026-06-01,13,15.08,0.679,2026-06-21
CUST-001841,2026-07-01,13,9.71,0.739,2026-07-13
CUST-001841,2026-08-01,16,11.56,0.735,2026-08-20
CUST-001842,2026-03-01,13,30.62,0.659,2026-03-12
CUST-001842,2026-04-01,13,34.06,0.738,2026-04-10
CUST-001842,2026-05-01,15,28.44,0.699,2026-05-20
CUST-001842,2026-06-01,12,38.23,0.63,2026-06-15
CUST-001842,2026-07-01,15,35.57,0.689,2026-07-24
CUST-001842,2026-08-01,13,34.18,0.639,2026-08-18
CUST-001843,2026-03-01,15,28.84,0.621,2026-03-08
CUST-001843,2026-04-01,10,27.35,0.589,2026-04-21
CUST-001843,2026-05-01,12,24.79,0.521,2026-05-09
CUST-001843,2026-06-01,4,19.85,0.43,2026-06-12
CUST-001843,2026-07-01,9,17.28,0.381,2026-07-14
CUST-001843,2026-08-01,2,15.94,0.252,2026-08-25
CUST-001844,2026-03-01,20,44.92,0.323,2026-03-19
CUST-001844,2026-04-01,17,34.02,0.352,2026-04-11
CUST-001844,2026-05-01,20,34.0,0.326,2026-05-09
CUST-001844,2026-06-01,23,38.11,0.322,2026-06-23
CUST-001844,2026-07-01,20,33.1,0.285,2026-07-08
CUST-001844,2026-08-01,23,45.51,0.462,2026-08-05
CUST-001845,2026-03-01,12,14.71,0.573,2026-03-19
CUST-001845,2026-04-01,8,10.83,0.524,2026-04-02
CUST-001845,2026-05-01,12,12.89,0.525,2026-05-17
CUST-001845,2026-06-01,8,14.74,0.441,2026-06-15
CUST-001845,2026-07-01,11,10.28,0.528,2026-07-22
CUST-001845,2026-08-01,8,11.12,0.491,2026-08-04
CUST-001846,2026-03-01,26,18.34,0.801,2026-03-27
CUST-001846,2026-04-01,22,10.97,0.661,2026-04-19
CUST-001846,2026-05-01,24,21.38,0.808,2026-05-16
CUST-001846,2026-06-01,27,20.99,0.791,2026-06-08
CUST-001846,2026-07-01,22,9.04,0.645,2026-07-06
CUST-001846,2026-08-01,22,16.59,0.711,2026-08-02
CUST-001847,2026-03-01,16,32.4,0.345,2026-03-03
CUST-001847,2026-04-01,18,22.83,0.353,2026-04-05
CUST-001847,2026-05-01,17,29.06,0.357,2026-05-20
CUST-001847,2026-06-01,15,18.42,0.327,2026-06-03
CUST-001847,2026-07-01,18,27.75,0.42,2026-07-19
CUST-001847,2026-08-01,11,24.42,0.333,2026-08-04
CUST-001848,2026-03-01,21,46.39,0.531,2026-03-10
CUST-001848,2026-04-01,20,49.04,0.537,2026-04-09
CUST-001848,2026-05-01,28,48.86,0.538,2026-05-17
CUST-001848,2026-06-01,19,42.2,0.458,2026-06-06
CUST-001848,2026-07-01,19,42.12,0.491,2026-07-25
CUST-001848,2026-08-01,23,47.9,0.503,2026-08-16
CUST-001849,2026-03-01,14,43.72,0.664,2026-03-01
CUST-001849,2026-04-01,14,49.58,0.694,2026-04-13
CUST-001849,2026-05-01,16,36.12,0.619,2026-05-21
CUST-001849,2026-06-01,14,42.61,0.672,2026-06-11
CUST-001849,2026-07-01,14,45.41,0.647,2026-07-13
CUST-001849,2026-08-01,16,40.3,0.612,2026-08-24
CUST-001850,2026-03-01,16,19.15,0.365,2026-03-19
CUST-001850,2026-04-01,13,17.48,0.361,2026-04-14
CUST-001850,2026-05-01,9,14.4,0.331,2026-05-23
CUST-001850,2026-06-01,7,13.12,0.271,2026-06-03
CUST-001850,2026-07-01,11,12.84,0.235,2026-07-17
CUST-001850,2026-08-01,7,6.1,0.203,2026-08-26
CUST-001851,2026-03-01,7,28.88,0.615,2026-03-04
CUST-001851,2026-04-01,9,32.05,0.497,2026-04-24
CUST-001851,2026-05-01,8,33.26,0.628,2026-05-04
CUST-001851,2026-06-01,8,26.15,0.583,2026-06-19
CUST-001851,2026-07-01,5,35.43,0.577,2026-07-27
CUST-001851,2026-08-01,10,34.09,0.544,2026-08-05
CUST-001852,2026-03-01,7,40.71,0.753,2026-03-08
CUST-001852,2026-04-01,8,32.69,0.763,2026-04-22
CUST-001852,2026-05-01,8,44.14,0.846,2026-05-20
CUST-001852,2026-06-01,7,37.87,0.734,2026-06-27
CUST-001852,2026-07-01,2,43.26,0.807,2026-07-09
CUST-001852,2026-08-01,10,31.43,0.778,2026-08-09
CUST-001853,2026-03-01,10,31.97,0.536,2026-03-27
CUST-001853,2026-04-01,14,24.05,0.47,2026-04-23
CUST-001853,2026-05-01,11,26.63,0.383,2026-05-25
CUST-001853,2026-06-01,8,19.37,0.357,2026-06-20
CUST-001853,2026-07-01,6,11.68,0.314,2026-07-11
CUST-001853,2026-08-01,4,13.71,0.235,2026-08-19
CUST-001854,2026-03-01,20,21.18,0.7,2026-03-07
CUST-001854,2026-04-01,23,26.31,0.751,2026-04-04
CUST-001854,2026-05-01,20,27.98,0.708,2026-05-05
CUST-001854,2026-06-01,17,24.19,0.724,2026-06-16
CUST-001854,2026-07-01,22,28.14,0.626,2026-07-22
CUST-001854,2026-08-01,16,22.76,0.639,2026-08-06
CUST-001855,2026-03-01,17,27.24,0.752,2026-03-17
CUST-001855,2026-04-01,18,30.92,0.777,2026-04-02
CUST-001855,2026-05-01,21,31.4,0.763,2026-05-27
CUST-001855,2026-06-01,22,25.65,0.695,2026-06-27
CUST-001855,2026-07-01,15,23.28,0.633,2026-07-20
CUST-001855,2026-08-01,19,26.77,0.694,2026-08-11
CUST-001856,2026-03-01,12,24.63,0.392,2026-03-15
CUST-001856,2026-04-01,8,24.64,0.343,2026-04-27
CUST-001856,2026-05-01,9,22.42,0.372,2026-05-20
CUST-001856,2026-06-01,10,24.44,0.349,2026-06-20
CUST-001856,2026-07-01,10,25.31,0.324,2026-07-15
CUST-001856,2026-08-01,11,29.64,0.347,2026-08-23
CUST-001857,2026-03-01,21,34.47,0.39,2026-03-09
CUST-001857,2026-04-01,20,37.01,0.293,2026-04-03
CUST-001857,2026-05-01,19,28.09,0.335,2026-05-03
CUST-001857,2026-06-01,14,27.25,0.259,2026-06-12
CUST-001857,2026-07-01,13,17.78,0.211,2026-07-17
CUST-001857,2026-08-01,10,18.12,0.164,2026-08-04
CUST-001858,2026-03-01,18,26.63,0.518,2026-03-17
CUST-001858,2026-04-01,18,19.04,0.476,2026-04-21
CUST-001858,2026-05-01,12,20.11,0.413,2026-05-05
CUST-001858,2026-06-01,12,17.56,0.367,2026-06-01
CUST-001858,2026-07-01,9,12.48,0.27,2026-07-04
CUST-001858,2026-08-01,10,10.83,0.254,2026-08-17
CUST-001859,2026-03-01,7,13.35,0.32,2026-03-09
CUST-001859,2026-04-01,10,17.38,0.286,2026-04-06
CUST-001859,2026-05-01,9,13.49,0.332,2026-05-19
CUST-001859,2026-06-01,7,10.04,0.24,2026-06-11
CUST-001859,2026-07-01,8,6.77,0.167,2026-07-21
CUST-001859,2026-08-01,2,9.01,0.163,2026-08-13
CUST-001860,2026-03-01,9,22.68,0.738,2026-03-25
CUST-001860,2026-04-01,9,23.53,0.775,2026-04-02
CUST-001860,2026-05-01,12,29.32,0.785,2026-05-09
CUST-001860,2026-06-01,11,26.57,0.73,2026-06-13
CUST-001860,2026-07-01,8,26.58,0.823,2026-07-05
CUST-001860,2026-08-01,9,31.4,0.876,2026-08-10
CUST-001861,2026-03-01,20,32.34,0.539,2026-03-14
CUST-001861,2026-04-01,19,37.62,0.56,2026-04-27
CUST-001861,2026-05-01,18,37.99,0.518,2026-05-16
CUST-001861,2026-06-01,23,39.95,0.519,2026-06-13
CUST-001861,2026-07-01,17,36.62,0.533,2026-07-18
CUST-001861,2026-08-01,22,37.05,0.588,2026-08-12
CUST-001862,2026-03-01,12,43.28,0.715,2026-03-16
CUST-001862,2026-04-01,11,46.63,0.767,2026-04-16
CUST-001862,2026-05-01,11,37.43,0.707,2026-05-04
CUST-001862,2026-06-01,13,47.8,0.75,2026-06-24
CUST-001862,2026-07-01,7,42.34,0.671,2026-07-04
CUST-001862,2026-08-01,9,42.01,0.751,2026-08-26
CUST-001863,2026-03-01,10,44.36,0.396,2026-03-03
CUST-001863,2026-04-01,9,41.49,0.473,2026-04-14
CUST-001863,2026-05-01,13,50.98,0.414,2026-05-19
CUST-001863,2026-06-01,9,47.58,0.378,2026-06-04
CUST-001863,2026-07-01,6,41.59,0.367,2026-07-08
CUST-001863,2026-08-01,7,47.35,0.371,2026-08-22
CUST-001864,2026-03-01,21,19.55,0.394,2026-03-27
CUST-001864,2026-04-01,18,15.84,0.399,2026-04-25
CUST-001864,2026-05-01,18,12.79,0.373,2026-05-20
CUST-001864,2026-06-01,13,9.5,0.334,2026-06-19
CUST-001864,2026-07-01,12,12.63,0.244,2026-07-03
CUST-001864,2026-08-01,7,11.36,0.187,2026-08-13
CUST-001865,2026-03-01,18,43.62,0.768,2026-03-22
CUST-001865,2026-04-01,19,52.47,0.86,2026-04-17
CUST-001865,2026-05-01,15,48.67,0.765,2026-05-14
CUST-001865,2026-06-01,17,39.48,0.703,2026-06-12
CUST-001865,2026-07-01,17,44.74,0.721,2026-07-07
CUST-001865,2026-08-01,16,42.71,0.743,2026-08-25
CUST-001866,2026-03-01,16,13.0,0.397,2026-03-03
CUST-001866,2026-04-01,12,15.01,0.393,2026-04-06
CUST-001866,2026-05-01,19,15.96,0.386,2026-05-18
CUST-001866,2026-06-01,16,13.44,0.455,2026-06-24
CUST-001866,2026-07-01,18,14.16,0.458,2026-07-04
CUST-001866,2026-08-01,16,16.29,0.427,2026-08-11
CUST-001867,2026-03-01,13,36.55,0.774,2026-03-05
CUST-001867,2026-04-01,15,35.36,0.836,2026-04-20
CUST-001867,2026-05-01,14,38.28,0.77,2026-05-02
CUST-001867,2026-06-01,15,28.63,0.674,2026-06-01
CUST-001867,2026-07-01,14,32.05,0.668,2026-07-14
CUST-001867,2026-08-01,17,31.62,0.763,2026-08-17
CUST-001868,2026-03-01,11,38.31,0.701,2026-03-23
CUST-001868,2026-04-01,9,28.39,0.659,2026-04-18
CUST-001868,2026-05-01,14,35.23,0.708,2026-05-10
CUST-001868,2026-06-01,9,35.38,0.714,2026-06-15
CUST-001868,2026-07-01,13,27.29,0.666,2026-07-11
CUST-001868,2026-08-01,10,32.4,0.694,2026-08-22
CUST-001869,2026-03-01,11,31.14,0.34,2026-03-09
CUST-001869,2026-04-01,13,33.56,0.371,2026-04-26
CUST-001869,2026-05-01,15,34.42,0.436,2026-05-05
CUST-001869,2026-06-01,12,25.7,0.348,2026-06-12
CUST-001869,2026-07-01,12,29.18,0.374,2026-07-22
CUST-001869,2026-08-01,15,28.14,0.364,2026-08-04
CUST-001870,2026-03-01,26,18.64,0.735,2026-03-15
CUST-001870,2026-04-01,23,19.15,0.648,2026-04-17
CUST-001870,2026-05-01,25,20.05,0.609,2026-05-15
CUST-001870,2026-06-01,20,14.45,0.701,2026-06-21
CUST-001870,2026-07-01,21,14.57,0.644,2026-07-03
CUST-001870,2026-08-01,23,20.86,0.661,2026-08-05
CUST-001871,2026-03-01,16,43.19,0.874,2026-03-18
CUST-001871,2026-04-01,19,43.5,0.86,2026-04-09
CUST-001871,2026-05-01,13,53.86,0.818,2026-05-08
CUST-001871,2026-06-01,13,56.19,0.795,2026-06-21
CUST-001871,2026-07-01,10,40.38,0.873,2026-07-13
CUST-001871,2026-08-01,17,49.37,0.881,2026-08-06
CUST-001872,2026-03-01,10,24.8,0.601,2026-03-24
CUST-001872,2026-04-01,8,29.38,0.549,2026-04-05
CUST-001872,2026-05-01,4,24.29,0.45,2026-05-03
CUST-001872,2026-06-01,3,18.18,0.436,2026-06-10
CUST-001872,2026-07-01,2,12.39,0.379,2026-07-20
CUST-001872,2026-08-01,3,12.74,0.219,2026-08-09
CUST-001873,2026-03-01,21,21.13,0.476,2026-03-23
CUST-001873,2026-04-01,23,22.56,0.473,2026-04-06
CUST-001873,2026-05-01,23,20.02,0.502,2026-05-03
CUST-001873,2026-06-01,25,12.86,0.506,2026-06-04
CUST-001873,2026-07-01,21,25.44,0.485,2026-07-11
CUST-001873,2026-08-01,24,15.16,0.55,2026-08-22
CUST-001874,2026-03-01,17,14.68,0.824,2026-03-24
CUST-001874,2026-04-01,11,20.66,0.763,2026-04-23
CUST-001874,2026-05-01,18,19.55,0.697,2026-05-13
CUST-001874,2026-06-01,17,15.22,0.758,2026-06-14
CUST-001874,2026-07-01,20,26.16,0.771,2026-07-22
CUST-001874,2026-08-01,16,27.29,0.775,2026-08-17
CUST-001875,2026-03-01,20,47.53,0.701,2026-03-18
CUST-001875,2026-04-01,18,37.09,0.631,2026-04-12
CUST-001875,2026-05-01,19,39.35,0.678,2026-05-15
CUST-001875,2026-06-01,17,35.55,0.65,2026-06-06
CUST-001875,2026-07-01,23,45.36,0.629,2026-07-02
CUST-001875,2026-08-01,21,40.26,0.624,2026-08-10
CUST-001876,2026-03-01,11,31.74,0.552,2026-03-07
CUST-001876,2026-04-01,13,31.69,0.52,2026-04-03
CUST-001876,2026-05-01,11,28.86,0.534,2026-05-23
CUST-001876,2026-06-01,13,29.63,0.571,2026-06-06
CUST-001876,2026-07-01,9,28.76,0.517,2026-07-26
CUST-001876,2026-08-01,15,36.02,0.605,2026-08-17
CUST-001877,2026-03-01,24,33.94,0.324,2026-03-25
CUST-001877,2026-04-01,21,32.98,0.292,2026-04-21
CUST-001877,2026-05-01,21,31.77,0.251,2026-05-04
CUST-001877,2026-06-01,23,32.34,0.351,2026-06-07
CUST-001877,2026-07-01,24,34.25,0.326,2026-07-04
CUST-001877,2026-08-01,19,36.83,0.31,2026-08-05
CUST-001878,2026-03-01,15,15.16,0.58,2026-03-07
CUST-001878,2026-04-01,14,19.83,0.515,2026-04-17
CUST-001878,2026-05-01,9,15.3,0.443,2026-05-25
CUST-001878,2026-06-01,11,11.87,0.446,2026-06-22
CUST-001878,2026-07-01,9,9.79,0.32,2026-07-17
CUST-001878,2026-08-01,8,6.34,0.293,2026-08-06
CUST-001879,2026-03-01,11,33.5,0.467,2026-03-14
CUST-001879,2026-04-01,11,31.58,0.414,2026-04-02
CUST-001879,2026-05-01,9,29.37,0.425,2026-05-24
CUST-001879,2026-06-01,11,26.32,0.365,2026-06-03
CUST-001879,2026-07-01,12,28.8,0.363,2026-07-06
CUST-001879,2026-08-01,13,31.73,0.433,2026-08-13
CUST-001880,2026-03-01,20,36.99,0.563,2026-03-03
CUST-001880,2026-04-01,19,38.49,0.457,2026-04-18
CUST-001880,2026-05-01,26,33.97,0.479,2026-05-05
CUST-001880,2026-06-01,20,37.76,0.404,2026-06-04
CUST-001880,2026-07-01,21,40.0,0.566,2026-07-16
CUST-001880,2026-08-01,21,38.56,0.501,2026-08-25
CUST-001881,2026-03-01,18,10.15,0.494,2026-03-20
CUST-001881,2026-04-01,18,13.55,0.394,2026-04-20
CUST-001881,2026-05-01,12,12.83,0.329,2026-05-21
CUST-001881,2026-06-01,17,10.17,0.318,2026-06-01
CUST-001881,2026-07-01,6,5.19,0.286,2026-07-06
CUST-001881,2026-08-01,9,1.62,0.19,2026-08-10
CUST-001882,2026-03-01,25,37.52,0.783,2026-03-19
CUST-001882,2026-04-01,23,37.79,0.736,2026-04-15
CUST-001882,2026-05-01,27,37.81,0.795,2026-05-06
CUST-001882,2026-06-01,22,30.51,0.786,2026-06-12
CUST-001882,2026-07-01,23,41.02,0.827,2026-07-21
CUST-001882,2026-08-01,25,39.11,0.795,2026-08-07
CUST-001883,2026-03-01,16,22.23,0.85,2026-03-07
CUST-001883,2026-04-01,17,18.8,0.795,2026-04-08
CUST-001883,2026-05-01,12,23.08,0.782,2026-05-20
CUST-001883,2026-06-01,17,17.26,0.761,2026-06-15
CUST-001883,2026-07-01,17,25.03,0.88,2026-07-09
CUST-001883,2026-08-01,17,22.14,0.733,2026-08-09
CUST-001884,2026-03-01,9,36.45,0.744,2026-03-04
CUST-001884,2026-04-01,9,34.25,0.674,2026-04-06
CUST-001884,2026-05-01,3,36.99,0.63,2026-05-03
CUST-001884,2026-06-01,6,32.66,0.642,2026-06-07
CUST-001884,2026-07-01,9,33.31,0.669,2026-07-18
CUST-001884,2026-08-01,8,26.78,0.65,2026-08-26
CUST-001885,2026-03-01,12,11.88,0.731,2026-03-15
CUST-001885,2026-04-01,8,9.42,0.644,2026-04-25
CUST-001885,2026-05-01,7,8.73,0.549,2026-05-11
CUST-001885,2026-06-01,7,4.12,0.473,2026-06-26
CUST-001885,2026-07-01,5,2.02,0.433,2026-07-18
CUST-001885,2026-08-01,6,0.03,0.268,2026-08-22
CUST-001886,2026-03-01,16,43.15,0.632,2026-03-27
CUST-001886,2026-04-01,14,39.09,0.612,2026-04-10
CUST-001886,2026-05-01,19,37.8,0.662,2026-05-01
CUST-001886,2026-06-01,16,33.37,0.671,2026-06-24
CUST-001886,2026-07-01,13,36.11,0.576,2026-07-27
CUST-001886,2026-08-01,21,38.86,0.58,2026-08-22
CUST-001887,2026-03-01,6,7.4,0.341,2026-03-22
CUST-001887,2026-04-01,4,13.61,0.345,2026-04-03
CUST-001887,2026-05-01,9,12.47,0.295,2026-05-04
CUST-001887,2026-06-01,3,10.7,0.299,2026-06-05
CUST-001887,2026-07-01,9,11.92,0.377,2026-07-26
CUST-001887,2026-08-01,7,5.93,0.418,2026-08-19
CUST-001888,2026-03-01,10,41.15,0.625,2026-03-26
CUST-001888,2026-04-01,6,36.65,0.516,2026-04-25
CUST-001888,2026-05-01,8,28.95,0.44,2026-05-22
CUST-001888,2026-06-01,6,27.02,0.385,2026-06-15
CUST-001888,2026-07-01,6,24.15,0.316,2026-07-26
CUST-001888,2026-08-01,3,16.03,0.24,2026-08-02
CUST-001889,2026-03-01,10,13.99,0.397,2026-03-26
CUST-001889,2026-04-01,10,17.93,0.356,2026-04-23
CUST-001889,2026-05-01,14,21.59,0.375,2026-05-03
CUST-001889,2026-06-01,11,13.14,0.394,2026-06-04
CUST-001889,2026-07-01,10,16.08,0.392,2026-07-06
CUST-001889,2026-08-01,7,16.28,0.37,2026-08-04
CUST-001890,2026-03-01,13,35.22,0.276,2026-03-07
CUST-001890,2026-04-01,16,41.28,0.311,2026-04-14
CUST-001890,2026-05-01,12,24.18,0.321,2026-05-23
CUST-001890,2026-06-01,7,33.77,0.203,2026-06-11
CUST-001890,2026-07-01,9,20.48,0.189,2026-07-13
CUST-001890,2026-08-01,7,20.99,0.142,2026-08-05
CUST-001891,2026-03-01,7,21.98,0.327,2026-03-26
CUST-001891,2026-04-01,6,16.1,0.328,2026-04-04
CUST-001891,2026-05-01,10,18.4,0.345,2026-05-05
CUST-001891,2026-06-01,8,18.2,0.335,2026-06-26
CUST-001891,2026-07-01,11,24.91,0.402,2026-07-12
CUST-001891,2026-08-01,15,17.3,0.348,2026-08-21
CUST-001892,2026-03-01,8,17.92,0.354,2026-03-03
CUST-001892,2026-04-01,12,23.93,0.278,2026-04-03
CUST-001892,2026-05-01,7,15.48,0.349,2026-05-25
CUST-001892,2026-06-01,9,19.22,0.366,2026-06-02
CUST-001892,2026-07-01,4,21.39,0.399,2026-07-19
CUST-001892,2026-08-01,10,18.24,0.424,2026-08-01
CUST-001893,2026-03-01,11,23.44,0.597,2026-03-18
CUST-001893,2026-04-01,8,28.41,0.578,2026-04-07
CUST-001893,2026-05-01,10,25.36,0.512,2026-05-15
CUST-001893,2026-06-01,4,26.19,0.488,2026-06-17
CUST-001893,2026-07-01,7,27.49,0.566,2026-07-17
CUST-001893,2026-08-01,8,24.45,0.506,2026-08-01
CUST-001894,2026-03-01,11,37.15,0.702,2026-03-21
CUST-001894,2026-04-01,9,44.44,0.651,2026-04-14
CUST-001894,2026-05-01,6,32.57,0.631,2026-05-26
CUST-001894,2026-06-01,8,40.02,0.688,2026-06-16
CUST-001894,2026-07-01,10,41.65,0.64,2026-07-10
CUST-001894,2026-08-01,8,33.54,0.674,2026-08-10
CUST-001895,2026-03-01,19,16.53,0.752,2026-03-14
CUST-001895,2026-04-01,23,15.5,0.721,2026-04-26
CUST-001895,2026-05-01,21,6.84,0.703,2026-05-04
CUST-001895,2026-06-01,20,13.04,0.652,2026-06-26
CUST-001895,2026-07-01,16,5.48,0.696,2026-07-06
CUST-001895,2026-08-01,20,9.64,0.63,2026-08-15
CUST-001896,2026-03-01,20,30.39,0.556,2026-03-20
CUST-001896,2026-04-01,19,29.67,0.519,2026-04-10
CUST-001896,2026-05-01,24,31.03,0.602,2026-05-27
CUST-001896,2026-06-01,23,26.52,0.58,2026-06-24
CUST-001896,2026-07-01,18,31.76,0.571,2026-07-16
CUST-001896,2026-08-01,20,29.92,0.544,2026-08-22
CUST-001897,2026-03-01,18,35.97,0.781,2026-03-15
CUST-001897,2026-04-01,23,35.8,0.785,2026-04-07
CUST-001897,2026-05-01,19,40.89,0.763,2026-05-20
CUST-001897,2026-06-01,24,37.65,0.833,2026-06-24
CUST-001897,2026-07-01,24,39.22,0.739,2026-07-20
CUST-001897,2026-08-01,21,42.39,0.862,2026-08-13
CUST-001898,2026-03-01,15,36.95,0.258,2026-03-03
CUST-001898,2026-04-01,12,35.67,0.291,2026-04-22
CUST-001898,2026-05-01,13,35.97,0.326,2026-05-24
CUST-001898,2026-06-01,11,43.93,0.271,2026-06-07
CUST-001898,2026-07-01,10,38.01,0.275,2026-07-19
CUST-001898,2026-08-01,15,36.8,0.298,2026-08-10
CUST-001899,2026-03-01,13,35.42,0.638,2026-03-20
CUST-001899,2026-04-01,12,32.12,0.597,2026-04-17
CUST-001899,2026-05-01,12,38.69,0.641,2026-05-22
CUST-001899,2026-06-01,18,39.52,0.734,2026-06-13
CUST-001899,2026-07-01,14,30.95,0.595,2026-07-04
CUST-001899,2026-08-01,15,34.01,0.617,2026-08-22
CUST-001900,2026-03-01,14,16.31,0.686,2026-03-26
CUST-001900,2026-04-01,12,17.13,0.779,2026-04-21
CUST-001900,2026-05-01,10,18.12,0.727,2026-05-05
CUST-001900,2026-06-01,9,9.93,0.621,2026-06-16
CUST-001900,2026-07-01,12,16.68,0.657,2026-07-04
CUST-001900,2026-08-01,13,14.57,0.719,2026-08-18
CUST-001901,2026-03-01,17,10.02,0.593,2026-03-04
CUST-001901,2026-04-01,17,13.18,0.593,2026-04-21
CUST-001901,2026-05-01,17,16.08,0.649,2026-05-12
CUST-001901,2026-06-01,19,12.34,0.67,2026-06-07
CUST-001901,2026-07-01,15,10.04,0.646,2026-07-10
CUST-001901,2026-08-01,17,9.91,0.616,2026-08-21
CUST-001902,2026-03-01,15,10.12,0.309,2026-03-02
CUST-001902,2026-04-01,10,14.07,0.248,2026-04-03
CUST-001902,2026-05-01,7,8.2,0.16,2026-05-22
CUST-001902,2026-06-01,8,12.3,0.222,2026-06-08
CUST-001902,2026-07-01,8,11.74,0.126,2026-07-20
CUST-001902,2026-08-01,6,3.13,0.157,2026-08-23
CUST-001903,2026-03-01,22,44.26,0.705,2026-03-26
CUST-001903,2026-04-01,23,53.18,0.617,2026-04-06
CUST-001903,2026-05-01,21,40.24,0.62,2026-05-11
CUST-001903,2026-06-01,25,44.33,0.686,2026-06-19
CUST-001903,2026-07-01,26,47.33,0.678,2026-07-26
CUST-001903,2026-08-01,22,48.0,0.712,2026-08-09
CUST-001904,2026-03-01,11,41.43,0.528,2026-03-02
CUST-001904,2026-04-01,14,43.9,0.491,2026-04-13
CUST-001904,2026-05-01,13,39.09,0.482,2026-05-19
CUST-001904,2026-06-01,17,41.81,0.548,2026-06-23
CUST-001904,2026-07-01,10,45.03,0.572,2026-07-18
CUST-001904,2026-08-01,15,40.03,0.483,2026-08-11
CUST-001905,2026-03-01,18,10.69,0.494,2026-03-04
CUST-001905,2026-04-01,16,16.43,0.516,2026-04-19
CUST-001905,2026-05-01,18,12.71,0.469,2026-05-27
CUST-001905,2026-06-01,15,12.86,0.465,2026-06-25
CUST-001905,2026-07-01,23,15.9,0.441,2026-07-15
CUST-001905,2026-08-01,17,11.02,0.474,2026-08-22
CUST-001906,2026-03-01,22,31.2,0.389,2026-03-06
CUST-001906,2026-04-01,14,31.47,0.445,2026-04-10
CUST-001906,2026-05-01,14,22.29,0.409,2026-05-18
CUST-001906,2026-06-01,10,16.37,0.326,2026-06-16
CUST-001906,2026-07-01,9,20.12,0.269,2026-07-11
CUST-001906,2026-08-01,8,10.78,0.212,2026-08-26
CUST-001907,2026-03-01,24,21.46,0.341,2026-03-15
CUST-001907,2026-04-01,22,19.4,0.354,2026-04-10
CUST-001907,2026-05-01,21,21.23,0.311,2026-05-18
CUST-001907,2026-06-01,27,23.09,0.312,2026-06-18
CUST-001907,2026-07-01,27,18.89,0.341,2026-07-27
CUST-001907,2026-08-01,24,21.21,0.33,2026-08-18
CUST-001908,2026-03-01,19,39.6,0.766,2026-03-20
CUST-001908,2026-04-01,19,35.97,0.793,2026-04-20
CUST-001908,2026-05-01,20,31.21,0.727,2026-05-18
CUST-001908,2026-06-01,16,34.37,0.677,2026-06-11
CUST-001908,2026-07-01,22,35.4,0.688,2026-07-09
CUST-001908,2026-08-01,20,30.79,0.653,2026-08-27
CUST-001909,2026-03-01,16,29.45,0.7,2026-03-09
CUST-001909,2026-04-01,12,32.01,0.678,2026-04-01
CUST-001909,2026-05-01,12,32.17,0.75,2026-05-12
CUST-001909,2026-06-01,18,35.8,0.786,2026-06-20
CUST-001909,2026-07-01,18,32.32,0.688,2026-07-18
CUST-001909,2026-08-01,15,33.7,0.747,2026-08-24
CUST-001910,2026-03-01,11,36.83,0.654,2026-03-26
CUST-001910,2026-04-01,14,33.78,0.656,2026-04-03
CUST-001910,2026-05-01,12,34.71,0.681,2026-05-23
CUST-001910,2026-06-01,17,35.45,0.722,2026-06-13
CUST-001910,2026-07-01,9,36.75,0.661,2026-07-13
CUST-001910,2026-08-01,9,41.85,0.647,2026-08-01
CUST-001911,2026-03-01,20,29.89,0.626,2026-03-12
CUST-001911,2026-04-01,22,23.7,0.622,2026-04-26
CUST-001911,2026-05-01,21,27.43,0.617,2026-05-22
CUST-001911,2026-06-01,19,28.43,0.561,2026-06-03
CUST-001911,2026-07-01,21,25.58,0.676,2026-07-26
CUST-001911,2026-08-01,20,25.84,0.608,2026-08-15
CUST-001912,2026-03-01,9,37.59,0.42,2026-03-12
CUST-001912,2026-04-01,7,34.07,0.482,2026-04-17
CUST-001912,2026-05-01,4,29.85,0.313,2026-05-18
CUST-001912,2026-06-01,5,24.23,0.3,2026-06-24
CUST-001912,2026-07-01,3,22.76,0.297,2026-07-18
CUST-001912,2026-08-01,6,22.1,0.221,2026-08-06
CUST-001913,2026-03-01,6,15.43,0.445,2026-03-27
CUST-001913,2026-04-01,8,16.49,0.43,2026-04-18
CUST-001913,2026-05-01,11,11.39,0.438,2026-05-13
CUST-001913,2026-06-01,7,13.84,0.436,2026-06-03
CUST-001913,2026-07-01,9,15.92,0.499,2026-07-11
CUST-001913,2026-08-01,10,15.29,0.43,2026-08-13
CUST-001914,2026-03-01,15,10.18,0.406,2026-03-11
CUST-001914,2026-04-01,12,7.02,0.283,2026-04-18
CUST-001914,2026-05-01,13,10.02,0.279,2026-05-11
CUST-001914,2026-06-01,11,8.86,0.277,2026-06-17
CUST-001914,2026-07-01,10,8.86,0.182,2026-07-17
CUST-001914,2026-08-01,8,7.11,0.175,2026-08-01
CUST-001915,2026-03-01,10,16.42,0.313,2026-03-09
CUST-001915,2026-04-01,10,14.28,0.383,2026-04-04
CUST-001915,2026-05-01,12,15.61,0.317,2026-05-01
CUST-001915,2026-06-01,12,9.52,0.313,2026-06-17
CUST-001915,2026-07-01,14,16.02,0.408,2026-07-18
CUST-001915,2026-08-01,11,12.01,0.321,2026-08-03
CUST-001916,2026-03-01,15,26.79,0.699,2026-03-05
CUST-001916,2026-04-01,10,23.7,0.638,2026-04-15
CUST-001916,2026-05-01,16,21.33,0.507,2026-05-19
CUST-001916,2026-06-01,5,13.33,0.413,2026-06-06
CUST-001916,2026-07-01,9,16.01,0.444,2026-07-08
CUST-001916,2026-08-01,6,11.26,0.283,2026-08-14
CUST-001917,2026-03-01,13,6.96,0.462,2026-03-23
CUST-001917,2026-04-01,13,8.62,0.611,2026-04-17
CUST-001917,2026-05-01,10,5.66,0.567,2026-05-17
CUST-001917,2026-06-01,13,8.22,0.521,2026-06-03
CUST-001917,2026-07-01,11,13.36,0.578,2026-07-09
CUST-001917,2026-08-01,11,9.54,0.497,2026-08-11
CUST-001918,2026-03-01,20,23.04,0.675,2026-03-02
CUST-001918,2026-04-01,18,19.55,0.592,2026-04-27
CUST-001918,2026-05-01,19,21.41,0.611,2026-05-08
CUST-001918,2026-06-01,21,24.92,0.633,2026-06-10
CUST-001918,2026-07-01,23,22.15,0.815,2026-07-21
CUST-001918,2026-08-01,19,24.76,0.644,2026-08-26
CUST-001919,2026-03-01,7,40.86,0.791,2026-03-18
CUST-001919,2026-04-01,6,38.64,0.704,2026-04-26
CUST-001919,2026-05-01,8,42.19,0.72,2026-05-16
CUST-001919,2026-06-01,6,39.72,0.742,2026-06-12
CUST-001919,2026-07-01,8,43.49,0.815,2026-07-14
CUST-001919,2026-08-01,10,41.13,0.737,2026-08-16
CUST-001920,2026-03-01,10,45.56,0.712,2026-03-18
CUST-001920,2026-04-01,14,38.84,0.761,2026-04-19
CUST-001920,2026-05-01,8,46.03,0.711,2026-05-07
CUST-001920,2026-06-01,13,40.21,0.764,2026-06-08
CUST-001920,2026-07-01,8,37.67,0.664,2026-07-11
CUST-001920,2026-08-01,12,43.03,0.698,2026-08-18
CUST-001921,2026-03-01,14,14.59,0.604,2026-03-19
CUST-001921,2026-04-01,12,15.17,0.518,2026-04-14
CUST-001921,2026-05-01,10,15.47,0.391,2026-05-23
CUST-001921,2026-06-01,9,6.42,0.368,2026-06-16
CUST-001921,2026-07-01,12,15.56,0.288,2026-07-09
CUST-001921,2026-08-01,5,5.86,0.248,2026-08-08
CUST-001922,2026-03-01,15,13.0,0.386,2026-03-26
CUST-001922,2026-04-01,16,11.29,0.426,2026-04-02
CUST-001922,2026-05-01,15,13.77,0.383,2026-05-12
CUST-001922,2026-06-01,15,12.17,0.383,2026-06-10
CUST-001922,2026-07-01,12,14.13,0.343,2026-07-25
CUST-001922,2026-08-01,15,11.67,0.364,2026-08-17
CUST-001923,2026-03-01,15,33.98,0.34,2026-03-01
CUST-001923,2026-04-01,13,28.87,0.33,2026-04-01
CUST-001923,2026-05-01,8,23.13,0.279,2026-05-03
CUST-001923,2026-06-01,12,16.39,0.282,2026-06-11
CUST-001923,2026-07-01,12,22.5,0.265,2026-07-03
CUST-001923,2026-08-01,6,8.47,0.162,2026-08-19
CUST-001924,2026-03-01,21,27.44,0.382,2026-03-03
CUST-001924,2026-04-01,24,23.57,0.347,2026-04-15
CUST-001924,2026-05-01,21,24.09,0.371,2026-05-17
CUST-001924,2026-06-01,20,24.74,0.37,2026-06-05
CUST-001924,2026-07-01,20,16.24,0.363,2026-07-19
CUST-001924,2026-08-01,26,18.49,0.373,2026-08-16
CUST-001925,2026-03-01,12,38.63,0.355,2026-03-27
CUST-001925,2026-04-01,9,32.61,0.378,2026-04-08
CUST-001925,2026-05-01,7,31.6,0.374,2026-05-05
CUST-001925,2026-06-01,10,28.24,0.313,2026-06-22
CUST-001925,2026-07-01,7,30.29,0.38,2026-07-02
CUST-001925,2026-08-01,10,30.74,0.376,2026-08-15
CUST-001926,2026-03-01,17,29.42,0.677,2026-03-17
CUST-001926,2026-04-01,15,24.46,0.582,2026-04-16
CUST-001926,2026-05-01,11,19.94,0.522,2026-05-03
CUST-001926,2026-06-01,8,19.8,0.47,2026-06-09
CUST-001926,2026-07-01,3,22.1,0.361,2026-07-23
CUST-001926,2026-08-01,7,11.21,0.298,2026-08-26
CUST-001927,2026-03-01,14,40.73,0.409,2026-03-21
CUST-001927,2026-04-01,12,37.8,0.364,2026-04-25
CUST-001927,2026-05-01,15,36.67,0.343,2026-05-06
CUST-001927,2026-06-01,14,38.14,0.412,2026-06-14
CUST-001927,2026-07-01,14,44.15,0.381,2026-07-03
CUST-001927,2026-08-01,10,42.03,0.346,2026-08-16
CUST-001928,2026-03-01,23,13.51,0.621,2026-03-21
CUST-001928,2026-04-01,18,12.35,0.652,2026-04-21
CUST-001928,2026-05-01,21,10.4,0.641,2026-05-03
CUST-001928,2026-06-01,19,7.57,0.705,2026-06-01
CUST-001928,2026-07-01,19,9.01,0.71,2026-07-11
CUST-001928,2026-08-01,19,16.98,0.715,2026-08-12
CUST-001929,2026-03-01,15,38.87,0.597,2026-03-10
CUST-001929,2026-04-01,13,32.3,0.519,2026-04-25
CUST-001929,2026-05-01,12,24.41,0.444,2026-05-08
CUST-001929,2026-06-01,10,20.62,0.312,2026-06-25
CUST-001929,2026-07-01,2,18.62,0.327,2026-07-09
CUST-001929,2026-08-01,6,19.81,0.242,2026-08-21
CUST-001930,2026-03-01,16,43.37,0.463,2026-03-18
CUST-001930,2026-04-01,14,41.27,0.399,2026-04-17
CUST-001930,2026-05-01,14,26.39,0.376,2026-05-03
CUST-001930,2026-06-01,6,26.22,0.314,2026-06-18
CUST-001930,2026-07-01,5,24.5,0.242,2026-07-12
CUST-001930,2026-08-01,8,16.02,0.142,2026-08-09
CUST-001931,2026-03-01,27,46.42,0.704,2026-03-03
CUST-001931,2026-04-01,25,42.56,0.696,2026-04-02
CUST-001931,2026-05-01,23,43.73,0.692,2026-05-08
CUST-001931,2026-06-01,20,46.07,0.663,2026-06-18
CUST-001931,2026-07-01,22,49.15,0.644,2026-07-03
CUST-001931,2026-08-01,24,46.48,0.667,2026-08-25
CUST-001932,2026-03-01,13,27.77,0.696,2026-03-22
CUST-001932,2026-04-01,12,24.8,0.713,2026-04-09
CUST-001932,2026-05-01,9,29.99,0.681,2026-05-26
CUST-001932,2026-06-01,10,24.24,0.682,2026-06-13
CUST-001932,2026-07-01,6,19.08,0.672,2026-07-20
CUST-001932,2026-08-01,10,27.87,0.667,2026-08-06
CUST-001933,2026-03-01,19,19.86,0.576,2026-03-16
CUST-001933,2026-04-01,21,18.45,0.503,2026-04-20
CUST-001933,2026-05-01,18,16.23,0.548,2026-05-10
CUST-001933,2026-06-01,18,21.45,0.515,2026-06-15
CUST-001933,2026-07-01,20,26.72,0.593,2026-07-07
CUST-001933,2026-08-01,18,16.64,0.503,2026-08-11
CUST-001934,2026-03-01,19,32.44,0.806,2026-03-27
CUST-001934,2026-04-01,18,31.09,0.762,2026-04-15
CUST-001934,2026-05-01,18,26.44,0.779,2026-05-13
CUST-001934,2026-06-01,20,34.64,0.717,2026-06-08
CUST-001934,2026-07-01,19,29.83,0.778,2026-07-18
CUST-001934,2026-08-01,17,27.09,0.783,2026-08-06
CUST-001935,2026-03-01,23,19.53,0.585,2026-03-11
CUST-001935,2026-04-01,25,32.01,0.587,2026-04-05
CUST-001935,2026-05-01,25,22.56,0.629,2026-05-27
CUST-001935,2026-06-01,18,23.89,0.574,2026-06-13
CUST-001935,2026-07-01,19,22.43,0.601,2026-07-04
CUST-001935,2026-08-01,27,24.92,0.585,2026-08-24
CUST-001936,2026-03-01,8,9.05,0.384,2026-03-17
CUST-001936,2026-04-01,8,16.93,0.304,2026-04-16
CUST-001936,2026-05-01,10,10.93,0.322,2026-05-21
CUST-001936,2026-06-01,8,12.26,0.293,2026-06-26
CUST-001936,2026-07-01,5,5.78,0.199,2026-07-24
CUST-001936,2026-08-01,5,4.79,0.173,2026-08-22
CUST-001937,2026-03-01,15,32.67,0.608,2026-03-02
CUST-001937,2026-04-01,14,37.29,0.486,2026-04-12
CUST-001937,2026-05-01,11,36.36,0.409,2026-05-13
CUST-001937,2026-06-01,7,26.13,0.435,2026-06-21
CUST-001937,2026-07-01,9,25.54,0.263,2026-07-06
CUST-001937,2026-08-01,5,22.69,0.263,2026-08-13
CUST-001938,2026-03-01,17,26.73,0.518,2026-03-12
CUST-001938,2026-04-01,8,20.51,0.408,2026-04-10
CUST-001938,2026-05-01,12,24.13,0.475,2026-05-18
CUST-001938,2026-06-01,8,26.35,0.411,2026-06-17
CUST-001938,2026-07-01,14,20.39,0.409,2026-07-19
CUST-001938,2026-08-01,16,21.86,0.463,2026-08-03
CUST-001939,2026-03-01,25,32.25,0.8,2026-03-02
CUST-001939,2026-04-01,23,23.48,0.666,2026-04-04
CUST-001939,2026-05-01,18,25.19,0.688,2026-05-13
CUST-001939,2026-06-01,19,27.72,0.664,2026-06-17
CUST-001939,2026-07-01,18,25.87,0.706,2026-07-15
CUST-001939,2026-08-01,24,24.96,0.683,2026-08-13
CUST-001940,2026-03-01,20,28.34,0.409,2026-03-01
CUST-001940,2026-04-01,16,19.75,0.367,2026-04-12
CUST-001940,2026-05-01,14,18.14,0.339,2026-05-16
CUST-001940,2026-06-01,15,14.25,0.264,2026-06-11
CUST-001940,2026-07-01,7,11.13,0.249,2026-07-11
CUST-001940,2026-08-01,10,15.25,0.201,2026-08-06
CUST-001941,2026-03-01,17,38.38,0.395,2026-03-19
CUST-001941,2026-04-01,17,33.41,0.382,2026-04-02
CUST-001941,2026-05-01,13,30.58,0.296,2026-05-04
CUST-001941,2026-06-01,13,23.83,0.258,2026-06-17
CUST-001941,2026-07-01,11,15.65,0.257,2026-07-27
CUST-001941,2026-08-01,7,14.99,0.164,2026-08-04
CUST-001942,2026-03-01,23,32.94,0.764,2026-03-12
CUST-001942,2026-04-01,22,26.79,0.745,2026-04-06
CUST-001942,2026-05-01,19,28.42,0.729,2026-05-24
CUST-001942,2026-06-01,19,31.78,0.708,2026-06-20
CUST-001942,2026-07-01,21,32.13,0.739,2026-07-24
CUST-001942,2026-08-01,24,31.22,0.706,2026-08-14
CUST-001943,2026-03-01,12,43.62,0.581,2026-03-07
CUST-001943,2026-04-01,14,41.7,0.545,2026-04-10
CUST-001943,2026-05-01,8,42.12,0.592,2026-05-13
CUST-001943,2026-06-01,14,42.16,0.55,2026-06-16
CUST-001943,2026-07-01,10,43.23,0.566,2026-07-09
CUST-001943,2026-08-01,13,43.61,0.594,2026-08-18
CUST-001944,2026-03-01,20,28.86,0.699,2026-03-24
CUST-001944,2026-04-01,17,27.75,0.602,2026-04-26
CUST-001944,2026-05-01,13,24.74,0.55,2026-05-18
CUST-001944,2026-06-01,14,20.89,0.452,2026-06-04
CUST-001944,2026-07-01,12,12.45,0.373,2026-07-20
CUST-001944,2026-08-01,13,13.23,0.277,2026-08-27
CUST-001945,2026-03-01,15,22.06,0.423,2026-03-20
CUST-001945,2026-04-01,18,22.85,0.364,2026-04-14
CUST-001945,2026-05-01,13,23.39,0.485,2026-05-26
CUST-001945,2026-06-01,17,24.02,0.416,2026-06-16
CUST-001945,2026-07-01,12,21.38,0.38,2026-07-06
CUST-001945,2026-08-01,17,27.81,0.415,2026-08-24
CUST-001946,2026-03-01,11,32.0,0.64,2026-03-01
CUST-001946,2026-04-01,14,34.0,0.666,2026-04-27
CUST-001946,2026-05-01,15,28.85,0.618,2026-05-21
CUST-001946,2026-06-01,17,29.13,0.622,2026-06-15
CUST-001946,2026-07-01,10,36.22,0.603,2026-07-02
CUST-001946,2026-08-01,13,26.96,0.564,2026-08-26
CUST-001947,2026-03-01,9,39.47,0.368,2026-03-10
CUST-001947,2026-04-01,10,31.92,0.337,2026-04-17
CUST-001947,2026-05-01,7,31.62,0.289,2026-05-11
CUST-001947,2026-06-01,3,21.62,0.226,2026-06-15
CUST-001947,2026-07-01,6,18.13,0.211,2026-07-08
CUST-001947,2026-08-01,4,18.83,0.171,2026-08-04
CUST-001948,2026-03-01,14,14.87,0.672,2026-03-26
CUST-001948,2026-04-01,14,17.64,0.638,2026-04-14
CUST-001948,2026-05-01,17,20.24,0.679,2026-05-26
CUST-001948,2026-06-01,17,21.97,0.727,2026-06-15
CUST-001948,2026-07-01,18,18.21,0.645,2026-07-15
CUST-001948,2026-08-01,19,13.86,0.713,2026-08-24
CUST-001949,2026-03-01,8,17.61,0.434,2026-03-18
CUST-001949,2026-04-01,12,19.72,0.53,2026-04-13
CUST-001949,2026-05-01,10,20.88,0.434,2026-05-13
CUST-001949,2026-06-01,9,18.81,0.459,2026-06-14
CUST-001949,2026-07-01,8,15.54,0.407,2026-07-15
CUST-001949,2026-08-01,12,17.87,0.465,2026-08-01
CUST-001950,2026-03-01,15,25.59,0.68,2026-03-13
CUST-001950,2026-04-01,13,33.64,0.712,2026-04-27
CUST-001950,2026-05-01,13,23.39,0.635,2026-05-16
CUST-001950,2026-06-01,17,33.26,0.743,2026-06-25
CUST-001950,2026-07-01,11,29.85,0.621,2026-07-15
CUST-001950,2026-08-01,18,31.65,0.697,2026-08-07
CUST-001951,2026-03-01,9,21.56,0.774,2026-03-19
CUST-001951,2026-04-01,8,25.36,0.676,2026-04-25
CUST-001951,2026-05-01,9,24.27,0.623,2026-05-20
CUST-001951,2026-06-01,9,18.64,0.649,2026-06-11
CUST-001951,2026-07-01,8,17.41,0.594,2026-07-26
CUST-001951,2026-08-01,10,26.8,0.745,2026-08-04
CUST-001952,2026-03-01,15,6.43,0.792,2026-03-14
CUST-001952,2026-04-01,10,13.08,0.777,2026-04-06
CUST-001952,2026-05-01,13,11.13,0.868,2026-05-13
CUST-001952,2026-06-01,15,13.48,0.789,2026-06-26
CUST-001952,2026-07-01,13,16.78,0.833,2026-07-09
CUST-001952,2026-08-01,14,10.12,0.826,2026-08-21
CUST-001953,2026-03-01,9,20.82,0.591,2026-03-03
CUST-001953,2026-04-01,9,20.21,0.631,2026-04-17
CUST-001953,2026-05-01,13,19.94,0.614,2026-05-27
CUST-001953,2026-06-01,11,23.76,0.675,2026-06-13
CUST-001953,2026-07-01,10,27.56,0.693,2026-07-14
CUST-001953,2026-08-01,12,21.88,0.701,2026-08-19
CUST-001954,2026-03-01,4,10.49,0.663,2026-03-12
CUST-001954,2026-04-01,7,13.17,0.666,2026-04-19
CUST-001954,2026-05-01,10,13.23,0.728,2026-05-06
CUST-001954,2026-06-01,12,15.74,0.638,2026-06-10
CUST-001954,2026-07-01,7,6.72,0.668,2026-07-26
CUST-001954,2026-08-01,9,13.85,0.688,2026-08-04
CUST-001955,2026-03-01,23,9.03,0.628,2026-03-14
CUST-001955,2026-04-01,19,12.92,0.654,2026-04-13
CUST-001955,2026-05-01,26,11.65,0.666,2026-05-06
CUST-001955,2026-06-01,20,11.18,0.619,2026-06-19
CUST-001955,2026-07-01,23,12.52,0.74,2026-07-23
CUST-001955,2026-08-01,18,11.09,0.591,2026-08-03
CUST-001956,2026-03-01,18,28.5,0.465,2026-03-18
CUST-001956,2026-04-01,14,28.93,0.462,2026-04-22
CUST-001956,2026-05-01,21,33.18,0.473,2026-05-05
CUST-001956,2026-06-01,19,23.77,0.405,2026-06-25
CUST-001956,2026-07-01,22,36.85,0.484,2026-07-06
CUST-001956,2026-08-01,17,34.38,0.399,2026-08-23
CUST-001957,2026-03-01,20,11.25,0.3,2026-03-22
CUST-001957,2026-04-01,20,13.15,0.398,2026-04-22
CUST-001957,2026-05-01,21,14.9,0.35,2026-05-09
CUST-001957,2026-06-01,16,12.13,0.348,2026-06-18
CUST-001957,2026-07-01,19,3.89,0.372,2026-07-02
CUST-001957,2026-08-01,17,7.1,0.31,2026-08-03
CUST-001958,2026-03-01,16,36.08,0.782,2026-03-13
CUST-001958,2026-04-01,19,31.38,0.719,2026-04-24
CUST-001958,2026-05-01,19,29.28,0.68,2026-05-09
CUST-001958,2026-06-01,23,34.17,0.701,2026-06-08
CUST-001958,2026-07-01,21,32.77,0.714,2026-07-20
CUST-001958,2026-08-01,20,38.44,0.748,2026-08-17
CUST-001959,2026-03-01,24,17.19,0.749,2026-03-17
CUST-001959,2026-04-01,28,14.74,0.817,2026-04-20
CUST-001959,2026-05-01,21,18.94,0.822,2026-05-03
CUST-001959,2026-06-01,27,14.05,0.801,2026-06-13
CUST-001959,2026-07-01,20,15.75,0.753,2026-07-06
CUST-001959,2026-08-01,24,15.63,0.792,2026-08-14
CUST-001960,2026-03-01,8,31.82,0.51,2026-03-18
CUST-001960,2026-04-01,12,29.07,0.442,2026-04-27
CUST-001960,2026-05-01,12,27.92,0.387,2026-05-11
CUST-001960,2026-06-01,9,27.61,0.433,2026-06-10
CUST-001960,2026-07-01,6,29.26,0.458,2026-07-02
CUST-001960,2026-08-01,6,32.05,0.517,2026-08-24
CUST-001961,2026-03-01,21,36.99,0.71,2026-03-04
CUST-001961,2026-04-01,25,40.03,0.747,2026-04-12
CUST-001961,2026-05-01,26,36.36,0.672,2026-05-24
CUST-001961,2026-06-01,21,40.73,0.66,2026-06-05
CUST-001961,2026-07-01,19,37.67,0.743,2026-07-04
CUST-001961,2026-08-01,22,40.51,0.716,2026-08-24
CUST-001962,2026-03-01,21,8.01,0.661,2026-03-24
CUST-001962,2026-04-01,17,13.04,0.621,2026-04-19
CUST-001962,2026-05-01,14,4.39,0.629,2026-05-19
CUST-001962,2026-06-01,15,1.02,0.449,2026-06-04
CUST-001962,2026-07-01,10,5.42,0.407,2026-07-11
CUST-001962,2026-08-01,8,5.41,0.308,2026-08-22
CUST-001963,2026-03-01,17,53.26,0.721,2026-03-08
CUST-001963,2026-04-01,17,43.45,0.725,2026-04-13
CUST-001963,2026-05-01,13,52.27,0.752,2026-05-15
CUST-001963,2026-06-01,11,42.04,0.674,2026-06-14
CUST-001963,2026-07-01,17,46.79,0.846,2026-07-21
CUST-001963,2026-08-01,14,41.3,0.718,2026-08-09
CUST-001964,2026-03-01,13,35.97,0.353,2026-03-17
CUST-001964,2026-04-01,14,28.41,0.22,2026-04-12
CUST-001964,2026-05-01,7,25.95,0.221,2026-05-27
CUST-001964,2026-06-01,10,24.88,0.139,2026-06-08
CUST-001964,2026-07-01,12,20.34,0.183,2026-07-18
CUST-001964,2026-08-01,5,18.63,0.11,2026-08-04
CUST-001965,2026-03-01,12,16.51,0.657,2026-03-23
CUST-001965,2026-04-01,13,19.57,0.739,2026-04-04
CUST-001965,2026-05-01,17,12.84,0.574,2026-05-18
CUST-001965,2026-06-01,16,19.22,0.637,2026-06-24
CUST-001965,2026-07-01,13,10.95,0.632,2026-07-18
CUST-001965,2026-08-01,13,11.82,0.646,2026-08-01
CUST-001966,2026-03-01,13,36.43,0.59,2026-03-01
CUST-001966,2026-04-01,11,39.01,0.539,2026-04-15
CUST-001966,2026-05-01,19,39.74,0.625,2026-05-20
CUST-001966,2026-06-01,13,37.05,0.508,2026-06-20
CUST-001966,2026-07-01,13,36.07,0.556,2026-07-16
CUST-001966,2026-08-01,19,31.95,0.543,2026-08-03
CUST-001967,2026-03-01,23,29.87,0.626,2026-03-19
CUST-001967,2026-04-01,19,22.01,0.568,2026-04-08
CUST-001967,2026-05-01,15,27.79,0.535,2026-05-12
CUST-001967,2026-06-01,17,25.86,0.59,2026-06-21
CUST-001967,2026-07-01,15,24.15,0.551,2026-07-05
CUST-001967,2026-08-01,17,29.64,0.515,2026-08-01
CUST-001968,2026-03-01,10,35.16,0.331,2026-03-23
CUST-001968,2026-04-01,11,34.72,0.333,2026-04-26
CUST-001968,2026-05-01,9,40.76,0.352,2026-05-11
CUST-001968,2026-06-01,11,31.15,0.319,2026-06-10
CUST-001968,2026-07-01,10,33.16,0.337,2026-07-11
CUST-001968,2026-08-01,8,41.33,0.465,2026-08-09
CUST-001969,2026-03-01,14,13.42,0.294,2026-03-10
CUST-001969,2026-04-01,11,17.73,0.311,2026-04-20
CUST-001969,2026-05-01,7,19.68,0.285,2026-05-07
CUST-001969,2026-06-01,10,15.27,0.235,2026-06-23
CUST-001969,2026-07-01,13,16.91,0.262,2026-07-23
CUST-001969,2026-08-01,15,12.24,0.302,2026-08-19
CUST-001970,2026-03-01,15,35.05,0.668,2026-03-08
CUST-001970,2026-04-01,17,37.18,0.744,2026-04-18
CUST-001970,2026-05-01,14,33.54,0.694,2026-05-09
CUST-001970,2026-06-01,16,39.16,0.722,2026-06-13
CUST-001970,2026-07-01,18,36.15,0.799,2026-07-10
CUST-001970,2026-08-01,17,35.98,0.77,2026-08-03
CUST-001971,2026-03-01,19,17.97,0.63,2026-03-16
CUST-001971,2026-04-01,20,16.71,0.543,2026-04-23
CUST-001971,2026-05-01,14,11.39,0.402,2026-05-16
CUST-001971,2026-06-01,15,11.16,0.353,2026-06-15
CUST-001971,2026-07-01,10,11.32,0.339,2026-07-13
CUST-001971,2026-08-01,6,6.95,0.264,2026-08-05
CUST-001972,2026-03-01,15,18.51,0.681,2026-03-17
CUST-001972,2026-04-01,14,15.74,0.744,2026-04-20
CUST-001972,2026-05-01,15,17.27,0.719,2026-05-11
CUST-001972,2026-06-01,16,19.89,0.753,2026-06-19
CUST-001972,2026-07-01,16,22.0,0.701,2026-07-09
CUST-001972,2026-08-01,15,23.51,0.683,2026-08-24
CUST-001973,2026-03-01,21,21.1,0.684,2026-03-13
CUST-001973,2026-04-01,19,23.58,0.653,2026-04-13
CUST-001973,2026-05-01,24,23.54,0.719,2026-05-18
CUST-001973,2026-06-01,19,26.36,0.677,2026-06-12
CUST-001973,2026-07-01,30,32.23,0.804,2026-07-12
CUST-001973,2026-08-01,25,25.61,0.761,2026-08-07
CUST-001974,2026-03-01,9,33.35,0.291,2026-03-21
CUST-001974,2026-04-01,10,33.76,0.283,2026-04-27
CUST-001974,2026-05-01,6,25.09,0.269,2026-05-06
CUST-001974,2026-06-01,8,20.53,0.188,2026-06-11
CUST-001974,2026-07-01,8,20.39,0.157,2026-07-17
CUST-001974,2026-08-01,5,22.25,0.132,2026-08-26
CUST-001975,2026-03-01,13,22.84,0.304,2026-03-26
CUST-001975,2026-04-01,16,15.18,0.336,2026-04-02
CUST-001975,2026-05-01,14,17.21,0.395,2026-05-13
CUST-001975,2026-06-01,16,17.61,0.357,2026-06-10
CUST-001975,2026-07-01,12,15.11,0.323,2026-07-24
CUST-001975,2026-08-01,15,21.87,0.28,2026-08-08
CUST-001976,2026-03-01,18,26.88,0.666,2026-03-03
CUST-001976,2026-04-01,17,29.01,0.703,2026-04-01
CUST-001976,2026-05-01,15,24.51,0.809,2026-05-04
CUST-001976,2026-06-01,15,27.08,0.774,2026-06-01
CUST-001976,2026-07-01,18,22.46,0.835,2026-07-19
CUST-001976,2026-08-01,15,26.84,0.801,2026-08-09
CUST-001977,2026-03-01,12,34.95,0.483,2026-03-24
CUST-001977,2026-04-01,11,37.63,0.495,2026-04-05
CUST-001977,2026-05-01,16,41.93,0.53,2026-05-10
CUST-001977,2026-06-01,10,39.87,0.431,2026-06-25
CUST-001977,2026-07-01,7,39.66,0.43,2026-07-26
CUST-001977,2026-08-01,12,43.06,0.507,2026-08-07
CUST-001978,2026-03-01,15,27.08,0.664,2026-03-11
CUST-001978,2026-04-01,17,27.75,0.82,2026-04-02
CUST-001978,2026-05-01,15,32.29,0.69,2026-05-24
CUST-001978,2026-06-01,20,32.74,0.764,2026-06-14
CUST-001978,2026-07-01,17,30.87,0.869,2026-07-06
CUST-001978,2026-08-01,18,31.79,0.77,2026-08-02
CUST-001979,2026-03-01,17,15.78,0.724,2026-03-02
CUST-001979,2026-04-01,19,14.53,0.676,2026-04-20
CUST-001979,2026-05-01,17,15.44,0.726,2026-05-12
CUST-001979,2026-06-01,19,14.22,0.715,2026-06-13
CUST-001979,2026-07-01,20,19.22,0.638,2026-07-24
CUST-001979,2026-08-01,17,19.84,0.658,2026-08-21
CUST-001980,2026-03-01,20,36.14,0.39,2026-03-21
CUST-001980,2026-04-01,19,35.9,0.339,2026-04-12
CUST-001980,2026-05-01,14,27.6,0.278,2026-05-23
CUST-001980,2026-06-01,11,28.24,0.293,2026-06-09
CUST-001980,2026-07-01,8,23.23,0.182,2026-07-27
CUST-001980,2026-08-01,8,15.35,0.188,2026-08-09
CUST-001981,2026-03-01,12,32.74,0.472,2026-03-04
CUST-001981,2026-04-01,12,33.55,0.551,2026-04-08
CUST-001981,2026-05-01,9,30.17,0.465,2026-05-22
CUST-001981,2026-06-01,12,34.32,0.522,2026-06-02
CUST-001981,2026-07-01,11,33.03,0.513,2026-07-18
CUST-001981,2026-08-01,9,30.18,0.551,2026-08-25
CUST-001982,2026-03-01,26,30.67,0.613,2026-03-23
CUST-001982,2026-04-01,27,29.6,0.653,2026-04-06
CUST-001982,2026-05-01,21,28.14,0.713,2026-05-17
CUST-001982,2026-06-01,25,25.47,0.682,2026-06-02
CUST-001982,2026-07-01,22,26.87,0.641,2026-07-23
CUST-001982,2026-08-01,24,29.46,0.65,2026-08-04
CUST-001983,2026-03-01,9,13.7,0.821,2026-03-06
CUST-001983,2026-04-01,7,17.39,0.804,2026-04-17
CUST-001983,2026-05-01,8,13.53,0.795,2026-05-13
CUST-001983,2026-06-01,7,22.63,0.838,2026-06-09
CUST-001983,2026-07-01,10,19.25,0.817,2026-07-23
CUST-001983,2026-08-01,7,19.98,0.851,2026-08-13
CUST-001984,2026-03-01,14,33.82,0.33,2026-03-06
CUST-001984,2026-04-01,12,20.69,0.281,2026-04-03
CUST-001984,2026-05-01,16,16.74,0.227,2026-05-16
CUST-001984,2026-06-01,8,20.39,0.235,2026-06-17
CUST-001984,2026-07-01,5,21.13,0.192,2026-07-21
CUST-001984,2026-08-01,8,10.41,0.158,2026-08-26
CUST-001985,2026-03-01,13,15.77,0.711,2026-03-27
CUST-001985,2026-04-01,8,17.23,0.687,2026-04-17
CUST-001985,2026-05-01,16,26.1,0.764,2026-05-22
CUST-001985,2026-06-01,9,13.87,0.756,2026-06-04
CUST-001985,2026-07-01,15,14.1,0.719,2026-07-24
CUST-001985,2026-08-01,11,17.57,0.748,2026-08-13
CUST-001986,2026-03-01,18,18.46,0.48,2026-03-20
CUST-001986,2026-04-01,18,18.8,0.471,2026-04-22
CUST-001986,2026-05-01,18,26.16,0.507,2026-05-25
CUST-001986,2026-06-01,22,19.62,0.414,2026-06-07
CUST-001986,2026-07-01,18,22.78,0.432,2026-07-20
CUST-001986,2026-08-01,15,16.49,0.42,2026-08-09
CUST-001987,2026-03-01,19,32.74,0.558,2026-03-19
CUST-001987,2026-04-01,18,40.03,0.541,2026-04-20
CUST-001987,2026-05-01,17,32.28,0.47,2026-05-03
CUST-001987,2026-06-01,20,33.45,0.512,2026-06-07
CUST-001987,2026-07-01,19,33.6,0.581,2026-07-26
CUST-001987,2026-08-01,22,40.23,0.581,2026-08-08
CUST-001988,2026-03-01,25,25.56,0.875,2026-03-27
CUST-001988,2026-04-01,27,31.33,0.82,2026-04-01
CUST-001988,2026-05-01,24,29.0,0.783,2026-05-14
CUST-001988,2026-06-01,22,25.79,0.769,2026-06-22
CUST-001988,2026-07-01,20,23.83,0.742,2026-07-03
CUST-001988,2026-08-01,25,30.28,0.813,2026-08-02
CUST-001989,2026-03-01,14,42.61,0.604,2026-03-09
CUST-001989,2026-04-01,14,39.57,0.54,2026-04-23
CUST-001989,2026-05-01,15,41.49,0.605,2026-05-06
CUST-001989,2026-06-01,18,40.87,0.58,2026-06-15
CUST-001989,2026-07-01,16,42.3,0.586,2026-07-18
CUST-001989,2026-08-01,15,39.34,0.467,2026-08-25
CUST-001990,2026-03-01,19,20.62,0.498,2026-03-10
CUST-001990,2026-04-01,18,16.35,0.476,2026-04-17
CUST-001990,2026-05-01,21,23.45,0.509,2026-05-11
CUST-001990,2026-06-01,21,24.17,0.538,2026-06-12
CUST-001990,2026-07-01,23,20.65,0.541,2026-07-16
CUST-001990,2026-08-01,21,18.07,0.56,2026-08-09
CUST-001991,2026-03-01,8,18.53,0.381,2026-03-21
CUST-001991,2026-04-01,6,23.32,0.299,2026-04-17
CUST-001991,2026-05-01,10,26.63,0.287,2026-05-10
CUST-001991,2026-06-01,3,17.54,0.269,2026-06-25
CUST-001991,2026-07-01,11,12.5,0.229,2026-07-26
CUST-001991,2026-08-01,3,10.48,0.167,2026-08-08
CUST-001992,2026-03-01,13,40.61,0.658,2026-03-11
CUST-001992,2026-04-01,9,35.61,0.668,2026-04-01
CUST-001992,2026-05-01,8,41.77,0.667,2026-05-06
CUST-001992,2026-06-01,9,41.43,0.638,2026-06-27
CUST-001992,2026-07-01,9,42.35,0.674,2026-07-27
CUST-001992,2026-08-01,9,38.78,0.596,2026-08-26
CUST-001993,2026-03-01,15,10.68,0.738,2026-03-24
CUST-001993,2026-04-01,15,11.81,0.622,2026-04-26
CUST-001993,2026-05-01,10,9.63,0.579,2026-05-02
CUST-001993,2026-06-01,11,9.17,0.457,2026-06-21
CUST-001993,2026-07-01,9,7.17,0.36,2026-07-17
CUST-001993,2026-08-01,7,0.0,0.318,2026-08-09
CUST-001994,2026-03-01,16,15.23,0.309,2026-03-19
CUST-001994,2026-04-01,18,19.48,0.326,2026-04-09
CUST-001994,2026-05-01,15,9.41,0.346,2026-05-26
CUST-001994,2026-06-01,16,13.15,0.38,2026-06-21
CUST-001994,2026-07-01,17,12.08,0.367,2026-07-19
CUST-001994,2026-08-01,12,8.0,0.352,2026-08-15
CUST-001995,2026-03-01,16,33.57,0.655,2026-03-18
CUST-001995,2026-04-01,12,34.15,0.577,2026-04-17
CUST-001995,2026-05-01,13,24.87,0.542,2026-05-18
CUST-001995,2026-06-01,10,29.24,0.447,2026-06-05
CUST-001995,2026-07-01,9,16.25,0.351,2026-07-17
CUST-001995,2026-08-01,9,19.64,0.283,2026-08-05
CUST-001996,2026-03-01,17,33.24,0.56,2026-03-09
CUST-001996,2026-04-01,21,42.45,0.581,2026-04-06
CUST-001996,2026-05-01,14,37.57,0.525,2026-05-14
CUST-001996,2026-06-01,22,41.45,0.579,2026-06-24
CUST-001996,2026-07-01,20,39.35,0.49,2026-07-08
CUST-001996,2026-08-01,17,42.13,0.591,2026-08-09
CUST-001997,2026-03-01,17,35.53,0.331,2026-03-10
CUST-001997,2026-04-01,18,38.3,0.343,2026-04-27
CUST-001997,2026-05-01,24,35.27,0.362,2026-05-03
CUST-001997,2026-06-01,18,37.3,0.409,2026-06-11
CUST-001997,2026-07-01,23,35.31,0.425,2026-07-09
CUST-001997,2026-08-01,19,29.01,0.337,2026-08-16
CUST-001998,2026-03-01,20,26.79,0.553,2026-03-14
CUST-001998,2026-04-01,19,21.64,0.504,2026-04-27
CUST-001998,2026-05-01,25,24.58,0.534,2026-05-13
CUST-001998,2026-06-01,17,25.1,0.48,2026-06-08
CUST-001998,2026-07-01,23,25.34,0.609,2026-07-22
CUST-001998,2026-08-01,22,22.64,0.543,2026-08-19
CUST-001999,2026-03-01,14,36.34,0.434,2026-03-27
CUST-001999,2026-04-01,14,40.09,0.501,2026-04-22
CUST-001999,2026-05-01,20,43.94,0.478,2026-05-13
CUST-001999,2026-06-01,15,39.99,0.543,2026-06-12
CUST-001999,2026-07-01,18,37.77,0.565,2026-07-17
CUST-001999,2026-08-01,13,35.18,0.505,2026-08-09
CUST-002000,2026-03-01,7,11.33,0.463,2026-03-27
CUST-002000,2026-04-01,10,15.3,0.387,2026-04-21
CUST-002000,2026-05-01,12,14.98,0.337,2026-05-17
CUST-002000,2026-06-01,4,13.29,0.271,2026-06-18
CUST-002000,2026-07-01,5,7.87,0.217,2026-07-05
CUST-002000,2026-08-01,6,5.5,0.233,2026-08-06
