customer_id,model_id,predicted_at,churn_probability,risk_tier,actual_churn,region,signup_channel,age,gender,plan_type,contract_type,monthly_charge,tenure_months,driver_1,driver_1_group,driver_1_direction,driver_1_shap,driver_2,driver_2_group,driver_2_direction,driver_2_shap,driver_3,driver_3_group,driver_3_direction,driver_3_shap,recommended_action,risk_rank,risk_decile,monthly_revenue_exposed,expected_monthly_revenue_at_risk,tenure_band
7908-QCBCA,xgb_churn_v2,2026-10-05T08:55:20.366037+00:00,1.0,High,1,North,partner,55,Female,Basic,Month-to-month,69.4,1,Ticket resolution time,Support,Raises risk,4.4007,Customer tenure,Tenure,Raises risk,1.0497,Session minutes,Engagement,Lowers risk,-0.428,Escalate to retention specialist,1,1,69.4,69.4,0-6m
6328-ZPBGN,xgb_churn_v2,2026-10-05T08:55:20.366037+00:00,1.0,High,1,East,partner,78,Female,Basic,Month-to-month,95.15,11,Ticket resolution time,Support,Raises risk,4.2974,Month-to-month contract,Plan & Billing,Raises risk,0.3354,Customer age,Demographic,Raises risk,0.311,Escalate to retention specialist,2,1,95.15,95.15,7-12m
2982-VPSGI,xgb_churn_v2,2026-10-05T08:55:20.366037+00:00,1.0,High,1,Central,social,56,Female,Basic,Month-to-month,94.0,11,Feature adoption,Engagement,Raises risk,1.2744,Usage trend,Engagement,Raises risk,1.0333,Session minutes,Engagement,Raises risk,0.5176,Proactive feature walkthrough,3,1,94.0,94.0,7-12m
2004-OCQXK,xgb_churn_v2,2026-10-05T08:55:20.366037+00:00,1.0,High,1,North,paid_search,44,Female,Basic,Month-to-month,81.95,1,Ticket resolution time,Support,Raises risk,3.7786,Customer tenure,Tenure,Raises risk,1.171,Monthly charge,Plan & Billing,Raises risk,0.4237,Escalate to retention specialist,4,1,81.95,81.95,0-6m
4795-KTRTH,xgb_churn_v2,2026-10-05T08:55:20.366037+00:00,1.0,High,1,Central,partner,71,Female,Basic,Month-to-month,81.0,5,Failed payments (90d),Payments,Raises risk,0.5949,Customer tenure,Tenure,Raises risk,0.5867,Session minutes,Engagement,Raises risk,0.5518,Payment recovery + switch to auto-pay,5,1,81.0,81.0,0-6m
0390-DCFDQ,xgb_churn_v2,2026-10-05T08:55:20.366037+00:00,1.0,High,1,West,organic,68,Female,Basic,Month-to-month,70.45,1,Ticket resolution time,Support,Raises risk,4.0429,Customer tenure,Tenure,Raises risk,0.9754,Month-to-month contract,Plan & Billing,Raises risk,0.4028,Escalate to retention specialist,6,1,70.45,70.45,0-6m
2235-ZGKPT,xgb_churn_v2,2026-10-05T08:55:20.366037+00:00,1.0,High,1,South,referral,42,Female,Basic,Month-to-month,50.85,4,Ticket resolution time,Support,Raises risk,3.3392,Feature adoption,Engagement,Raises risk,0.5301,Session minutes,Engagement,Raises risk,0.5079,Escalate to retention specialist,7,1,50.85,50.85,0-6m
4662-EKDPQ,xgb_churn_v2,2026-10-05T08:55:20.366037+00:00,1.0,High,1,South,paid_search,31,Male,Basic,Month-to-month,62.05,2,Feature adoption,Engagement,Raises risk,0.9548,Customer tenure,Tenure,Raises risk,0.774,Open support tickets,Support,Raises risk,0.5588,Proactive feature walkthrough,8,1,62.05,62.05,0-6m
3276-HDUEG,xgb_churn_v2,2026-10-05T08:55:20.366037+00:00,1.0,High,1,East,organic,38,Female,Basic,Month-to-month,75.05,1,Ticket resolution time,Support,Raises risk,4.0654,Customer tenure,Tenure,Raises risk,1.0524,Feature adoption,Engagement,Lowers risk,-0.4733,Escalate to retention specialist,9,1,75.05,75.05,0-6m
9728-FTTVZ,xgb_churn_v2,2026-10-05T08:55:20.366037+00:00,1.0,High,1,East,referral,35,Female,Basic,Month-to-month,69.2,1,Ticket resolution time,Support,Raises risk,3.7299,Customer tenure,Tenure,Raises risk,0.9889,Session count,Engagement,Lowers risk,-0.3816,Escalate to retention specialist,10,1,69.2,69.2,0-6m
6711-FLDFB,xgb_churn_v2,2026-10-05T08:55:20.366037+00:00,1.0,High,1,North,paid_search,49,Female,Basic,Month-to-month,74.9,7,Feature adoption,Engagement,Raises risk,1.0853,Session count,Engagement,Raises risk,0.8447,Session minutes,Engagement,Raises risk,0.7599,Proactive feature walkthrough,11,1,74.9,74.9,7-12m
3703-VAVCL,xgb_churn_v2,2026-10-05T08:55:20.366037+00:00,1.0,High,1,South,social,55,Male,Basic,Month-to-month,90.0,2,Failed payments (90d),Payments,Raises risk,0.9911,Failed-payment ratio,Payments,Raises risk,0.8977,Open support tickets,Support,Raises risk,0.7796,Payment recovery + switch to auto-pay,12,1,90.0,90.0,0-6m
7938-OUHIO,xgb_churn_v2,2026-10-05T08:55:20.366037+00:00,1.0,High,1,East,social,32,Male,Basic,Month-to-month,98.7,3,Failed payments (90d),Payments,Raises risk,1.3417,Failed-payment ratio,Payments,Raises risk,1.1509,Monthly charge,Plan & Billing,Raises risk,0.6532,Payment recovery + switch to auto-pay,13,1,98.7,98.7,0-6m
8808-ELEHO,xgb_churn_v2,2026-10-05T08:55:20.366037+00:00,1.0,High,1,North,partner,74,Male,Basic,Month-to-month,81.25,8,Usage trend,Engagement,Raises risk,0.6842,Session minutes,Engagement,Raises risk,0.6198,Failed payments (90d),Payments,Raises risk,0.5809,Proactive check-in call,14,1,81.25,81.25,7-12m
0032-PGELS,xgb_churn_v2,2026-10-05T08:55:20.366037+00:00,1.0,High,1,Central,partner,31,Female,Basic,Month-to-month,30.5,1,Failed payments (90d),Payments,Raises risk,1.3344,Failed-payment ratio,Payments,Raises risk,1.0773,Customer tenure,Tenure,Raises risk,1.0191,Payment recovery + switch to auto-pay,15,1,30.5,30.5,0-6m
6110-OHIHY,xgb_churn_v2,2026-10-05T08:55:20.366037+00:00,1.0,High,1,East,referral,58,Male,Basic,Month-to-month,79.25,3,Ticket resolution time,Support,Raises risk,2.8518,Failed payments (90d),Payments,Raises risk,0.6929,Failed-payment ratio,Payments,Raises risk,0.6791,Escalate to retention specialist,16,1,79.25,79.25,0-6m
9237-HQITU,xgb_churn_v2,2026-10-05T08:55:20.366037+00:00,1.0,High,1,Central,organic,36,Female,Basic,Month-to-month,70.7,2,Ticket resolution time,Support,Raises risk,3.6853,Session count,Engagement,Raises risk,0.7452,Customer tenure,Tenure,Raises risk,0.6233,Escalate to retention specialist,17,1,70.7,70.7,0-6m
1976-CFOCS,xgb_churn_v2,2026-10-05T08:55:20.366037+00:00,1.0,High,1,South,partner,79,Female,Basic,Month-to-month,46.0,1,Ticket resolution time,Support,Raises risk,3.9775,Usage trend,Engagement,Lowers risk,-1.2246,Open support tickets,Support,Raises risk,1.043,Escalate to retention specialist,18,1,46.0,46.0,0-6m
3668-QPYBK,xgb_churn_v2,2026-10-05T08:55:20.366037+00:00,1.0,High,1,North,referral,26,Male,Basic,Month-to-month,53.85,2,Failed payments (90d),Payments,Raises risk,1.0719,Failed-payment ratio,Payments,Raises risk,0.9374,Open support tickets,Support,Raises risk,0.8822,Payment recovery + switch to auto-pay,19,1,53.85,53.85,0-6m
8740-CRYFY,xgb_churn_v2,2026-10-05T08:55:20.366037+00:00,1.0,High,1,East,paid_search,41,Male,Basic,Month-to-month,78.95,1,Customer tenure,Tenure,Raises risk,1.1118,Usage trend,Engagement,Raises risk,0.8515,Failed payments (90d),Payments,Raises risk,0.5312,Early-life onboarding call,20,1,78.95,78.95,0-6m
3143-JQEGI,xgb_churn_v2,2026-10-05T08:55:20.366037+00:00,1.0,High,1,West,partner,48,Female,Basic,Month-to-month,88.35,13,Session count,Engagement,Raises risk,0.7966,Failed payments (90d),Payments,Raises risk,0.5731,Month-to-month contract,Plan & Billing,Raises risk,0.5524,Proactive feature walkthrough,21,1,88.35,88.35,13-24m
0320-JDNQG,xgb_churn_v2,2026-10-05T08:55:20.366037+00:00,1.0,High,1,Central,partner,43,Male,Basic,Month-to-month,99.85,23,Ticket resolution time,Support,Raises risk,3.7114,Monthly charge,Plan & Billing,Raises risk,0.5155,Feature adoption,Engagement,Lowers risk,-0.3974,Escalate to retention specialist,22,1,99.85,99.85,13-24m
9019-QVLZD,xgb_churn_v2,2026-10-05T08:55:20.366037+00:00,1.0,High,1,North,partner,36,Female,Basic,Month-to-month,79.55,1,Customer tenure,Tenure,Raises risk,1.1564,Usage trend,Engagement,Raises risk,0.729,Failed payments (90d),Payments,Raises risk,0.5538,Early-life onboarding call,23,1,79.55,79.55,0-6m
4423-YLHDV,xgb_churn_v2,2026-10-05T08:55:20.366037+00:00,1.0,High,1,Central,partner,40,Female,Basic,Month-to-month,104.4,21,Ticket resolution time,Support,Raises risk,4.3688,Monthly charge,Plan & Billing,Raises risk,0.5387,Open support tickets,Support,Raises risk,0.4825,Escalate to retention specialist,24,1,104.4,104.4,13-24m
3744-ZRRDZ,xgb_churn_v2,2026-10-05T08:55:20.366037+00:00,1.0,High,1,North,organic,50,Male,Basic,Month-to-month,82.35,21,Ticket resolution time,Support,Raises risk,3.8162,Month-to-month contract,Plan & Billing,Raises risk,0.3631,Session minutes,Engagement,Raises risk,0.3514,Escalate to retention specialist,25,1,82.35,82.35,13-24m
4702-IOQDC,xgb_churn_v2,2026-10-05T08:55:20.366037+00:00,1.0,High,1,East,referral,52,Female,Basic,Month-to-month,70.1,1,Customer tenure,Tenure,Raises risk,1.1508,Failed payments (90d),Payments,Raises risk,0.6046,Month-to-month contract,Plan & Billing,Raises risk,0.5727,Early-life onboarding call,26,1,70.1,70.1,0-6m
7240-FQLHE,xgb_churn_v2,2026-10-05T08:55:20.366037+00:00,1.0,High,1,North,partner,74,Female,Basic,Month-to-month,99.75,18,Ticket resolution time,Support,Raises risk,3.4774,Monthly charge,Plan & Billing,Raises risk,0.5299,Support tickets (90d),Support,Raises risk,0.4296,Escalate to retention specialist,27,1,99.75,99.75,13-24m
9369-XFEHK,xgb_churn_v2,2026-10-05T08:55:20.366037+00:00,1.0,High,1,Central,organic,73,Female,Basic,Month-to-month,80.6,33,Failed payments (90d),Payments,Raises risk,1.4156,Failed-payment ratio,Payments,Raises risk,1.3388,Month-to-month contract,Plan & Billing,Raises risk,0.5296,Payment recovery + switch to auto-pay,28,1,80.6,80.6,25-48m
4817-VYYWS,xgb_churn_v2,2026-10-05T08:55:20.366037+00:00,1.0,High,1,West,referral,28,Female,Basic,Month-to-month,100.2,30,Failed payments (90d),Payments,Raises risk,1.1962,Failed-payment ratio,Payments,Raises risk,0.9819,Feature adoption,Engagement,Raises risk,0.8383,Payment recovery + switch to auto-pay,29,1,100.2,100.2,25-48m
2840-XANRC,xgb_churn_v2,2026-10-05T08:55:20.366037+00:00,1.0,High,1,Central,organic,78,Male,Basic,Month-to-month,93.15,24,Ticket resolution time,Support,Raises risk,3.5386,Usage trend,Engagement,Raises risk,0.7899,Customer age,Demographic,Raises risk,0.4528,Escalate to retention specialist,30,1,93.15,93.15,13-24m
1934-SJVJK,xgb_churn_v2,2026-10-05T08:55:20.366037+00:00,1.0,High,1,West,social,24,Male,Basic,Month-to-month,20.15,1,Ticket resolution time,Support,Raises risk,3.2668,Monthly charge,Plan & Billing,Lowers risk,-1.192,Customer tenure,Tenure,Raises risk,0.9216,Escalate to retention specialist,31,1,20.15,20.15,0-6m
2962-XPMCQ,xgb_churn_v2,2026-10-05T08:55:20.366037+00:00,1.0,High,1,Central,paid_search,51,Male,Basic,Month-to-month,45.15,2,Open support tickets,Support,Raises risk,0.9441,Feature adoption,Engagement,Raises risk,0.8355,Session minutes,Engagement,Raises risk,0.7252,Escalate to retention specialist,32,1,45.15,45.15,0-6m
8945-MUQUF,xgb_churn_v2,2026-10-05T08:55:20.366037+00:00,1.0,High,1,North,partner,40,Male,Standard,One year,94.8,51,Ticket resolution time,Support,Raises risk,3.3166,Failed-payment ratio,Payments,Raises risk,0.8229,Session count,Engagement,Raises risk,0.7728,Escalate to retention specialist,33,1,94.8,94.8,49m+
2027-FECZV,xgb_churn_v2,2026-10-05T08:55:20.366037+00:00,1.0,High,1,North,organic,54,Male,Basic,Month-to-month,106.7,12,Failed payments (90d),Payments,Raises risk,1.2016,Usage trend,Engagement,Lowers risk,-1.1103,Failed-payment ratio,Payments,Raises risk,1.0441,Payment recovery + switch to auto-pay,34,1,106.7,106.7,7-12m
4729-XKASR,xgb_churn_v2,2026-10-05T08:55:20.366037+00:00,1.0,High,1,North,paid_search,55,Male,Basic,Month-to-month,24.75,1,Ticket resolution time,Support,Raises risk,3.3935,Customer tenure,Tenure,Raises risk,0.9114,Monthly charge,Plan & Billing,Lowers risk,-0.6607,Escalate to retention specialist,35,1,24.75,24.75,0-6m
9174-FKWZE,xgb_churn_v2,2026-10-05T08:55:20.366037+00:00,1.0,High,1,North,organic,68,Female,Basic,Month-to-month,19.45,1,Session count,Engagement,Raises risk,1.0229,Customer tenure,Tenure,Raises risk,1.0061,Feature adoption,Engagement,Raises risk,0.7564,Proactive feature walkthrough,36,1,19.45,19.45,0-6m
6298-QDFNH,xgb_churn_v2,2026-10-05T08:55:20.366037+00:00,1.0,High,1,East,social,28,Male,Basic,Month-to-month,79.35,22,Failed payments (90d),Payments,Raises risk,0.6677,Feature adoption,Engagement,Raises risk,0.6671,Session count,Engagement,Raises risk,0.4995,Payment recovery + switch to auto-pay,37,1,79.35,79.35,13-24m
0818-OCPZO,xgb_churn_v2,2026-10-05T08:55:20.366037+00:00,1.0,High,1,East,referral,71,Male,Basic,Month-to-month,81.45,27,Failed payments (90d),Payments,Raises risk,1.115,Failed-payment ratio,Payments,Raises risk,1.079,Feature adoption,Engagement,Raises risk,0.6861,Payment recovery + switch to auto-pay,38,1,81.45,81.45,25-48m
2868-MZAGQ,xgb_churn_v2,2026-10-05T08:55:20.366037+00:00,1.0,High,1,North,organic,25,Male,Basic,Month-to-month,79.25,1,Failed payments (90d),Payments,Raises risk,1.1588,Failed-payment ratio,Payments,Raises risk,1.1081,Customer tenure,Tenure,Raises risk,1.0237,Payment recovery + switch to auto-pay,39,1,79.25,79.25,0-6m
4074-SJFFA,xgb_churn_v2,2026-10-05T08:55:20.366037+00:00,1.0,High,1,East,paid_search,38,Female,Basic,Month-to-month,54.75,1,Ticket resolution time,Support,Raises risk,3.6576,Customer tenure,Tenure,Raises risk,0.6948,Monthly charge,Plan & Billing,Lowers risk,-0.4509,Escalate to retention specialist,40,1,54.75,54.75,0-6m
6416-TVAIH,xgb_churn_v2,2026-10-05T08:55:20.366037+00:00,1.0,High,1,North,paid_search,46,Male,Basic,Month-to-month,68.5,1,Ticket resolution time,Support,Raises risk,3.7712,Customer tenure,Tenure,Raises risk,0.9099,Month-to-month contract,Plan & Billing,Raises risk,0.3319,Escalate to retention specialist,41,1,68.5,68.5,0-6m
3164-AALRN,xgb_churn_v2,2026-10-05T08:55:20.366037+00:00,1.0,High,1,Central,paid_search,29,Male,Standard,One year,70.0,5,Ticket resolution time,Support,Raises risk,3.7175,Month-to-month contract,Plan & Billing,Lowers risk,-0.6956,Session count,Engagement,Lowers risk,-0.418,Escalate to retention specialist,42,1,70.0,70.0,0-6m
6770-XUAGN,xgb_churn_v2,2026-10-05T08:55:20.366037+00:00,1.0,High,1,Central,paid_search,28,Female,Basic,Month-to-month,21.0,1,Ticket resolution time,Support,Raises risk,2.9809,Feature adoption,Engagement,Raises risk,0.8992,Customer tenure,Tenure,Raises risk,0.8079,Escalate to retention specialist,43,1,21.0,21.0,0-6m
3926-CUQZX,xgb_churn_v2,2026-10-05T08:55:20.366037+00:00,1.0,High,1,Central,partner,54,Male,Basic,Month-to-month,45.1,1,Failed payments (90d),Payments,Raises risk,1.157,Failed-payment ratio,Payments,Raises risk,0.9819,Customer tenure,Tenure,Raises risk,0.7838,Payment recovery + switch to auto-pay,44,1,45.1,45.1,0-6m
2514-GINMM,xgb_churn_v2,2026-10-05T08:55:20.366037+00:00,1.0,High,1,North,referral,38,Male,Basic,Month-to-month,79.5,1,Customer tenure,Tenure,Raises risk,1.0674,Failed payments (90d),Payments,Raises risk,0.5655,Month-to-month contract,Plan & Billing,Raises risk,0.5444,Early-life onboarding call,45,1,79.5,79.5,0-6m
6304-IJFSQ,xgb_churn_v2,2026-10-05T08:55:20.366037+00:00,1.0,High,1,West,paid_search,51,Male,Basic,Month-to-month,49.9,3,Failed payments (90d),Payments,Raises risk,1.1086,Failed-payment ratio,Payments,Raises risk,1.0191,Usage trend,Engagement,Raises risk,0.705,Payment recovery + switch to auto-pay,46,1,49.9,49.9,0-6m
6366-ZGQGL,xgb_churn_v2,2026-10-05T08:55:20.366037+00:00,1.0,High,1,East,partner,37,Male,Basic,Month-to-month,24.8,1,Ticket resolution time,Support,Raises risk,3.616,Customer tenure,Tenure,Raises risk,0.7953,Monthly charge,Plan & Billing,Lowers risk,-0.5758,Escalate to retention specialist,47,1,24.8,24.8,0-6m
7089-IVVAZ,xgb_churn_v2,2026-10-05T08:55:20.366037+00:00,1.0,High,1,West,partner,29,Female,Basic,Month-to-month,103.35,8,Ticket resolution time,Support,Raises risk,2.9632,Session count,Engagement,Raises risk,0.8482,Failed payments (90d),Payments,Raises risk,0.826,Escalate to retention specialist,48,1,103.35,103.35,7-12m
5233-GEEAX,xgb_churn_v2,2026-10-05T08:55:20.366037+00:00,1.0,High,1,West,referral,63,Male,Basic,Month-to-month,29.4,8,Ticket resolution time,Support,Raises risk,3.8597,Open support tickets,Support,Raises risk,0.397,Feature adoption,Engagement,Raises risk,0.3539,Escalate to retention specialist,49,1,29.4,29.4,7-12m
5196-SGOAK,xgb_churn_v2,2026-10-05T08:55:20.366037+00:00,1.0,High,1,East,paid_search,32,Female,Basic,Month-to-month,75.7,1,Customer tenure,Tenure,Raises risk,1.0111,Failed payments (90d),Payments,Raises risk,0.9517,Failed-payment ratio,Payments,Raises risk,0.8657,Early-life onboarding call,50,1,75.7,75.7,0-6m
1010-DIAUQ,xgb_churn_v2,2026-10-05T08:55:20.366037+00:00,1.0,High,1,North,paid_search,41,Male,Basic,Month-to-month,96.5,5,Failed payments (90d),Payments,Raises risk,1.2145,Failed-payment ratio,Payments,Raises risk,0.9908,Monthly charge,Plan & Billing,Raises risk,0.7169,Payment recovery + switch to auto-pay,51,1,96.5,96.5,0-6m
4587-NUKOX,xgb_churn_v2,2026-10-05T08:55:20.366037+00:00,1.0,High,1,South,organic,32,Female,Basic,Month-to-month,79.1,3,Session count,Engagement,Raises risk,1.1782,Failed payments (90d),Payments,Raises risk,1.1337,Failed-payment ratio,Payments,Raises risk,0.9483,Proactive feature walkthrough,52,1,79.1,79.1,0-6m
6711-VTNRE,xgb_churn_v2,2026-10-05T08:55:20.366037+00:00,1.0,High,1,South,social,56,Female,Basic,Month-to-month,87.55,36,Ticket resolution time,Support,Raises risk,3.9442,Feature adoption,Engagement,Raises risk,0.4977,Support tickets (90d),Support,Raises risk,0.4709,Escalate to retention specialist,53,1,87.55,87.55,25-48m
0404-SWRVG,xgb_churn_v2,2026-10-05T08:55:20.366037+00:00,1.0,High,1,West,partner,36,Male,Basic,Month-to-month,74.4,3,Session count,Engagement,Raises risk,0.7225,Usage trend,Engagement,Raises risk,0.6825,Failed payments (90d),Payments,Raises risk,0.6335,Proactive feature walkthrough,54,1,74.4,74.4,0-6m
4626-GYCZP,xgb_churn_v2,2026-10-05T08:55:20.366037+00:00,1.0,High,1,West,referral,42,Male,Basic,Month-to-month,93.85,7,Failed payments (90d),Payments,Raises risk,0.9573,Failed-payment ratio,Payments,Raises risk,0.7748,Feature adoption,Engagement,Raises risk,0.6614,Payment recovery + switch to auto-pay,55,1,93.85,93.85,7-12m
1925-TIBLE,xgb_churn_v2,2026-10-05T08:55:20.366037+00:00,1.0,High,1,West,social,29,Female,Basic,Month-to-month,86.5,7,Failed payments (90d),Payments,Raises risk,1.0253,Failed-payment ratio,Payments,Raises risk,0.8416,Month-to-month contract,Plan & Billing,Raises risk,0.5076,Payment recovery + switch to auto-pay,56,1,86.5,86.5,7-12m
2091-MJTFX,xgb_churn_v2,2026-10-05T08:55:20.366037+00:00,1.0,High,1,West,referral,48,Female,Basic,Month-to-month,51.2,30,Ticket resolution time,Support,Raises risk,3.9273,Feature adoption,Engagement,Raises risk,0.8434,Session count,Engagement,Raises risk,0.5397,Escalate to retention specialist,57,1,51.2,51.2,25-48m
3440-JPSCL,xgb_churn_v2,2026-10-05T08:55:20.366037+00:00,1.0,High,1,North,organic,40,Female,Basic,Month-to-month,99.95,6,Ticket resolution time,Support,Raises risk,4.4786,Monthly charge,Plan & Billing,Raises risk,0.7221,Customer tenure,Tenure,Raises risk,0.469,Escalate to retention specialist,58,1,99.95,99.95,0-6m
6959-UWKHF,xgb_churn_v2,2026-10-05T08:55:20.366037+00:00,1.0,High,1,South,social,30,Male,Basic,Month-to-month,42.9,1,Customer tenure,Tenure,Raises risk,1.0157,Feature adoption,Engagement,Raises risk,0.8628,Failed payments (90d),Payments,Raises risk,0.6384,Early-life onboarding call,59,1,42.9,42.9,0-6m
6615-NGGZJ,xgb_churn_v2,2026-10-05T08:55:20.366037+00:00,1.0,High,1,Central,partner,39,Male,Basic,Month-to-month,100.55,14,Feature adoption,Engagement,Raises risk,1.064,Failed payments (90d),Payments,Raises risk,0.6811,Monthly charge,Plan & Billing,Raises risk,0.6071,Proactive feature walkthrough,60,1,100.55,100.55,13-24m
6595-YGXIT,xgb_churn_v2,2026-10-05T08:55:20.366037+00:00,1.0,High,1,Central,paid_search,78,Male,Basic,Month-to-month,88.95,25,Ticket resolution time,Support,Raises risk,3.1723,Feature adoption,Engagement,Raises risk,0.6663,Month-to-month contract,Plan & Billing,Raises risk,0.3851,Escalate to retention specialist,61,1,88.95,88.95,25-48m
2202-CUYXZ,xgb_churn_v2,2026-10-05T08:55:20.366037+00:00,1.0,High,1,Central,organic,43,Male,Basic,Month-to-month,84.85,1,Ticket resolution time,Support,Raises risk,3.6927,Customer tenure,Tenure,Raises risk,1.0868,Open support tickets,Support,Raises risk,0.5434,Escalate to retention specialist,62,1,84.85,84.85,0-6m
3621-CEOVK,xgb_churn_v2,2026-10-05T08:55:20.366037+00:00,1.0,High,1,South,organic,69,Female,Basic,Month-to-month,100.2,14,Open support tickets,Support,Raises risk,0.8302,Monthly charge,Plan & Billing,Raises risk,0.6348,Usage trend,Engagement,Raises risk,0.6099,Escalate to retention specialist,63,1,100.2,100.2,13-24m
5875-YPQFJ,xgb_churn_v2,2026-10-05T08:55:20.366037+00:00,1.0,High,1,West,social,44,Male,Basic,Month-to-month,69.9,1,Customer tenure,Tenure,Raises risk,1.1489,Failed payments (90d),Payments,Raises risk,1.1078,Failed-payment ratio,Payments,Raises risk,0.7891,Early-life onboarding call,64,1,69.9,69.9,0-6m
0135-NMXAP,xgb_churn_v2,2026-10-05T08:55:20.366037+00:00,1.0,High,1,East,referral,39,Female,Basic,Month-to-month,89.75,12,Ticket resolution time,Support,Raises risk,3.6306,Usage trend,Engagement,Raises risk,0.5586,Month-to-month contract,Plan & Billing,Raises risk,0.4101,Escalate to retention specialist,65,1,89.75,89.75,7-12m
2955-BJZHG,xgb_churn_v2,2026-10-05T08:55:20.366037+00:00,1.0,High,1,Central,paid_search,27,Male,Basic,Month-to-month,80.85,17,Feature adoption,Engagement,Raises risk,1.0223,Session count,Engagement,Raises risk,0.7297,Failed payments (90d),Payments,Raises risk,0.5944,Proactive feature walkthrough,66,1,80.85,80.85,13-24m
5561-NWEVX,xgb_churn_v2,2026-10-05T08:55:20.366037+00:00,1.0,High,1,West,social,62,Female,Basic,Month-to-month,79.2,2,Failed payments (90d),Payments,Raises risk,1.2641,Failed-payment ratio,Payments,Raises risk,1.1398,Customer tenure,Tenure,Raises risk,0.743,Payment recovery + switch to auto-pay,67,1,79.2,79.2,0-6m
0219-YTZUE,xgb_churn_v2,2026-10-05T08:55:20.366037+00:00,1.0,High,1,North,social,39,Male,Basic,Month-to-month,84.8,4,Failed payments (90d),Payments,Raises risk,1.1924,Failed-payment ratio,Payments,Raises risk,1.0757,Feature adoption,Engagement,Raises risk,0.5219,Payment recovery + switch to auto-pay,68,1,84.8,84.8,0-6m
1907-UBQFC,xgb_churn_v2,2026-10-05T08:55:20.366037+00:00,1.0,High,1,East,partner,75,Male,Basic,Month-to-month,72.85,10,Ticket resolution time,Support,Raises risk,3.7395,Open support tickets,Support,Raises risk,0.399,Month-to-month contract,Plan & Billing,Raises risk,0.3819,Escalate to retention specialist,69,1,72.85,72.85,7-12m
8292-TYSPY,xgb_churn_v2,2026-10-05T08:55:20.366037+00:00,1.0,High,1,East,organic,49,Male,Basic,Month-to-month,55.0,19,Ticket resolution time,Support,Raises risk,3.7818,Usage trend,Engagement,Raises risk,0.8423,Session minutes,Engagement,Raises risk,0.4837,Escalate to retention specialist,70,1,55.0,55.0,13-24m
5277-ZLOOR,xgb_churn_v2,2026-10-05T08:55:20.366037+00:00,1.0,High,1,South,partner,64,Female,Basic,Month-to-month,85.55,2,Ticket resolution time,Support,Raises risk,3.4693,Customer tenure,Tenure,Raises risk,0.6092,Usage trend,Engagement,Lowers risk,-0.5168,Escalate to retention specialist,71,1,85.55,85.55,0-6m
5383-MMTWC,xgb_churn_v2,2026-10-05T08:55:20.366037+00:00,1.0,High,1,East,social,71,Female,Basic,Month-to-month,84.0,8,Feature adoption,Engagement,Raises risk,1.3284,Usage trend,Engagement,Raises risk,0.9216,Session count,Engagement,Raises risk,0.6005,Proactive feature walkthrough,72,1,84.0,84.0,7-12m
8708-XPXHZ,xgb_churn_v2,2026-10-05T08:55:20.366037+00:00,1.0,High,1,Central,paid_search,36,Female,Basic,Month-to-month,94.2,42,Ticket resolution time,Support,Raises risk,4.031,Customer tenure,Tenure,Lowers risk,-0.4789,Month-to-month contract,Plan & Billing,Raises risk,0.3367,Escalate to retention specialist,73,1,94.2,94.2,25-48m
3583-EKAPL,xgb_churn_v2,2026-10-05T08:55:20.366037+00:00,1.0,High,1,West,organic,32,Male,Basic,Month-to-month,55.0,1,Ticket resolution time,Support,Raises risk,3.4094,Customer tenure,Tenure,Raises risk,0.8043,Session count,Engagement,Raises risk,0.7078,Escalate to retention specialist,74,1,55.0,55.0,0-6m
4713-LZDRV,xgb_churn_v2,2026-10-05T08:55:20.366037+00:00,1.0,High,1,North,organic,64,Female,Basic,Month-to-month,79.6,2,Customer tenure,Tenure,Raises risk,0.8219,Session minutes,Engagement,Raises risk,0.746,Feature adoption,Engagement,Raises risk,0.548,Early-life onboarding call,75,1,79.6,79.6,0-6m
6432-TWQLB,xgb_churn_v2,2026-10-05T08:55:20.366037+00:00,1.0,High,1,South,paid_search,41,Male,Basic,Month-to-month,85.4,5,Ticket resolution time,Support,Raises risk,3.5021,Usage trend,Engagement,Raises risk,0.5529,Customer tenure,Tenure,Raises risk,0.3996,Escalate to retention specialist,76,1,85.4,85.4,0-6m
5539-TMZLF,xgb_churn_v2,2026-10-05T08:55:20.366037+00:00,1.0,High,1,West,social,65,Male,Basic,Month-to-month,69.75,1,Ticket resolution time,Support,Raises risk,3.2056,Customer tenure,Tenure,Raises risk,1.0078,Month-to-month contract,Plan & Billing,Raises risk,0.4466,Escalate to retention specialist,77,1,69.75,69.75,0-6m
0207-MDKNV,xgb_churn_v2,2026-10-05T08:55:20.366037+00:00,1.0,High,1,South,social,36,Female,Basic,Month-to-month,105.1,15,Failed payments (90d),Payments,Raises risk,1.1906,Failed-payment ratio,Payments,Raises risk,1.1676,Monthly charge,Plan & Billing,Raises risk,0.8726,Payment recovery + switch to auto-pay,78,1,105.1,105.1,13-24m
5281-BUZGT,xgb_churn_v2,2026-10-05T08:55:20.366037+00:00,1.0,High,1,East,social,60,Male,Basic,Month-to-month,90.85,36,Failed payments (90d),Payments,Raises risk,1.323,Failed-payment ratio,Payments,Raises risk,1.237,Customer age,Demographic,Raises risk,0.7159,Payment recovery + switch to auto-pay,79,1,90.85,90.85,25-48m
5498-TXHLF,xgb_churn_v2,2026-10-05T08:55:20.366037+00:00,1.0,High,1,South,organic,39,Female,Basic,Month-to-month,87.45,34,Ticket resolution time,Support,Raises risk,3.4917,Feature adoption,Engagement,Raises risk,0.5434,Month-to-month contract,Plan & Billing,Raises risk,0.4458,Escalate to retention specialist,80,1,87.45,87.45,25-48m
2609-IAICY,xgb_churn_v2,2026-10-05T08:55:20.366037+00:00,1.0,High,1,West,referral,39,Female,Basic,Month-to-month,77.15,1,Ticket resolution time,Support,Raises risk,3.9265,Customer tenure,Tenure,Raises risk,1.0418,Month-to-month contract,Plan & Billing,Raises risk,0.3963,Escalate to retention specialist,81,1,77.15,77.15,0-6m
6567-HOOPW,xgb_churn_v2,2026-10-05T08:55:20.366037+00:00,1.0,High,1,West,referral,66,Female,Basic,Month-to-month,79.2,1,Customer tenure,Tenure,Raises risk,1.1256,Open support tickets,Support,Raises risk,0.6835,Feature adoption,Engagement,Raises risk,0.6805,Early-life onboarding call,82,1,79.2,79.2,0-6m
5054-IEXZT,xgb_churn_v2,2026-10-05T08:55:20.366037+00:00,1.0,High,1,West,partner,30,Male,Basic,Month-to-month,75.35,1,Ticket resolution time,Support,Raises risk,3.4359,Customer tenure,Tenure,Raises risk,0.8977,Usage trend,Engagement,Raises risk,0.7102,Escalate to retention specialist,83,1,75.35,75.35,0-6m
9658-WYUFB,xgb_churn_v2,2026-10-05T08:55:20.366037+00:00,1.0,High,1,North,social,58,Female,Basic,Month-to-month,94.4,17,Failed payments (90d),Payments,Raises risk,1.2668,Failed-payment ratio,Payments,Raises risk,1.1689,Usage trend,Engagement,Raises risk,0.8426,Payment recovery + switch to auto-pay,84,1,94.4,94.4,13-24m
6330-JKLPC,xgb_churn_v2,2026-10-05T08:55:20.366037+00:00,1.0,High,1,East,paid_search,27,Male,Basic,Month-to-month,80.5,11,Ticket resolution time,Support,Raises risk,3.5689,Open support tickets,Support,Raises risk,0.426,Days since last active,Engagement,Raises risk,0.4077,Escalate to retention specialist,85,1,80.5,80.5,7-12m
3045-XETSH,xgb_churn_v2,2026-10-05T08:55:20.366037+00:00,1.0,High,1,West,partner,44,Female,Basic,Month-to-month,94.85,10,Ticket resolution time,Support,Raises risk,3.6521,Usage trend,Engagement,Raises risk,0.6418,Monthly charge,Plan & Billing,Raises risk,0.3729,Escalate to retention specialist,86,1,94.85,94.85,7-12m
9227-LUNBG,xgb_churn_v2,2026-10-05T08:55:20.366037+00:00,1.0,High,1,North,referral,28,Female,Basic,Month-to-month,24.6,1,Ticket resolution time,Support,Raises risk,4.16,Customer tenure,Tenure,Raises risk,1.0766,Monthly charge,Plan & Billing,Lowers risk,-0.578,Escalate to retention specialist,87,1,24.6,24.6,0-6m
2718-GAXQD,xgb_churn_v2,2026-10-05T08:55:20.366037+00:00,1.0,High,1,West,paid_search,63,Female,Basic,Month-to-month,46.0,4,Ticket resolution time,Support,Raises risk,3.0827,Failed payments (90d),Payments,Raises risk,0.8827,Failed-payment ratio,Payments,Raises risk,0.687,Escalate to retention specialist,88,1,46.0,46.0,0-6m
8393-DLHGA,xgb_churn_v2,2026-10-05T08:55:20.366037+00:00,1.0,High,1,Central,organic,32,Male,Basic,Month-to-month,95.9,25,Ticket resolution time,Support,Raises risk,3.8962,Monthly charge,Plan & Billing,Raises risk,0.4733,Open support tickets,Support,Raises risk,0.4633,Escalate to retention specialist,89,1,95.9,95.9,25-48m
9947-OTFQU,xgb_churn_v2,2026-10-05T08:55:20.366037+00:00,1.0,High,1,West,partner,68,Male,Basic,Month-to-month,74.4,15,Failed payments (90d),Payments,Raises risk,1.1643,Failed-payment ratio,Payments,Raises risk,0.9851,Feature adoption,Engagement,Raises risk,0.6927,Payment recovery + switch to auto-pay,90,1,74.4,74.4,13-24m
9488-HGMJH,xgb_churn_v2,2026-10-05T08:55:20.366037+00:00,1.0,High,1,East,partner,63,Female,Basic,Month-to-month,71.15,1,Ticket resolution time,Support,Raises risk,3.52,Customer tenure,Tenure,Raises risk,0.9334,Feature adoption,Engagement,Raises risk,0.8538,Escalate to retention specialist,91,1,71.15,71.15,0-6m
3722-WPXTK,xgb_churn_v2,2026-10-05T08:55:20.366037+00:00,1.0,High,1,Central,social,37,Male,Basic,Month-to-month,88.35,1,Feature adoption,Engagement,Raises risk,1.0048,Usage trend,Engagement,Raises risk,0.998,Customer tenure,Tenure,Raises risk,0.9562,Proactive feature walkthrough,92,1,88.35,88.35,0-6m
2408-WITXK,xgb_churn_v2,2026-10-05T08:55:20.366037+00:00,1.0,High,1,Central,paid_search,68,Female,Basic,Month-to-month,34.7,10,Ticket resolution time,Support,Raises risk,3.2149,Failed payments (90d),Payments,Raises risk,0.9192,Failed-payment ratio,Payments,Raises risk,0.8059,Escalate to retention specialist,93,1,34.7,34.7,7-12m
2979-SXESE,xgb_churn_v2,2026-10-05T08:55:20.366037+00:00,1.0,High,1,East,social,50,Female,Basic,Month-to-month,94.4,17,Ticket resolution time,Support,Raises risk,3.2013,Failed payments (90d),Payments,Raises risk,0.8347,Failed-payment ratio,Payments,Raises risk,0.7915,Escalate to retention specialist,94,1,94.4,94.4,13-24m
3422-LYEPQ,xgb_churn_v2,2026-10-05T08:55:20.366037+00:00,1.0,High,1,North,partner,36,Male,Basic,Month-to-month,71.0,1,Customer tenure,Tenure,Raises risk,1.0307,Failed payments (90d),Payments,Raises risk,0.5391,Usage trend,Engagement,Raises risk,0.5177,Early-life onboarding call,95,1,71.0,71.0,0-6m
4822-RVYBB,xgb_churn_v2,2026-10-05T08:55:20.366037+00:00,1.0,High,1,North,referral,61,Male,Basic,Month-to-month,100.6,8,Ticket resolution time,Support,Raises risk,3.4201,Feature adoption,Engagement,Raises risk,0.7834,Monthly charge,Plan & Billing,Raises risk,0.6063,Escalate to retention specialist,96,1,100.6,100.6,7-12m
7074-IEVOJ,xgb_churn_v2,2026-10-05T08:55:20.366037+00:00,0.9953407,High,1,South,social,70,Female,Basic,Month-to-month,79.4,3,Usage trend,Engagement,Raises risk,1.1191,Feature adoption,Engagement,Raises risk,0.6937,Failed payments (90d),Payments,Raises risk,0.5087,Proactive check-in call,97,1,79.4,79.03,0-6m
6979-ZNSFF,xgb_churn_v2,2026-10-05T08:55:20.366037+00:00,0.9858647,High,1,North,paid_search,32,Female,Basic,Month-to-month,87.05,8,Failed payments (90d),Payments,Raises risk,1.1053,Failed-payment ratio,Payments,Raises risk,0.9768,Open support tickets,Support,Raises risk,0.9548,Payment recovery + switch to auto-pay,98,1,87.05,85.82,7-12m
8229-TNIQA,xgb_churn_v2,2026-10-05T08:55:20.366037+00:00,0.9803922,High,1,Central,partner,34,Female,Basic,Month-to-month,45.3,4,Failed payments (90d),Payments,Raises risk,1.218,Failed-payment ratio,Payments,Raises risk,0.9477,Month-to-month contract,Plan & Billing,Raises risk,0.535,Payment recovery + switch to auto-pay,99,1,45.3,44.41,0-6m
6633-MPWBS,xgb_churn_v2,2026-10-05T08:55:20.366037+00:00,0.9803922,High,1,West,social,33,Male,Basic,Month-to-month,49.2,5,Feature adoption,Engagement,Raises risk,1.2477,Usage trend,Engagement,Raises risk,0.9113,Session minutes,Engagement,Raises risk,0.6091,Proactive feature walkthrough,100,1,49.2,48.24,0-6m
6005-OBZPH,xgb_churn_v2,2026-10-05T08:55:20.366037+00:00,0.9803922,High,1,Central,social,74,Female,Basic,Month-to-month,89.15,26,Failed payments (90d),Payments,Raises risk,0.702,Month-to-month contract,Plan & Billing,Raises risk,0.5243,Session minutes,Engagement,Raises risk,0.4163,Payment recovery + switch to auto-pay,101,1,89.15,87.4,25-48m
4514-GFCFI,xgb_churn_v2,2026-10-05T08:55:20.366037+00:00,0.9803922,High,1,Central,referral,70,Female,Basic,Month-to-month,84.75,16,Open support tickets,Support,Raises risk,1.0847,Month-to-month contract,Plan & Billing,Raises risk,0.4839,Support tickets (90d),Support,Raises risk,0.4281,Escalate to retention specialist,102,1,84.75,83.09,13-24m
2968-SSGAA,xgb_churn_v2,2026-10-05T08:55:20.366037+00:00,0.9803922,High,1,East,paid_search,40,Female,Basic,Month-to-month,100.6,10,Failed payments (90d),Payments,Raises risk,0.7683,Monthly charge,Plan & Billing,Raises risk,0.7494,Feature adoption,Engagement,Lowers risk,-0.4352,Payment recovery + switch to auto-pay,103,1,100.6,98.63,7-12m
6771-XWBDM,xgb_churn_v2,2026-10-05T08:55:20.366037+00:00,0.9803922,High,1,Central,referral,25,Female,Basic,Month-to-month,104.5,57,Feature adoption,Engagement,Raises risk,0.942,Session count,Engagement,Raises risk,0.6592,Failed payments (90d),Payments,Raises risk,0.5707,Proactive feature walkthrough,104,1,104.5,102.45,49m+
4140-MUHUG,xgb_churn_v2,2026-10-05T08:55:20.366037+00:00,0.9803922,High,1,West,social,66,Female,Basic,Month-to-month,86.85,3,Usage trend,Engagement,Raises risk,1.2075,Feature adoption,Engagement,Raises risk,0.5277,Month-to-month contract,Plan & Billing,Raises risk,0.5135,Proactive check-in call,105,1,86.85,85.15,0-6m
2640-PMGFL,xgb_churn_v2,2026-10-05T08:55:20.366037+00:00,0.9803922,High,1,South,referral,39,Male,Basic,Month-to-month,79.5,27,Session count,Engagement,Raises risk,0.9792,Feature adoption,Engagement,Raises risk,0.8942,Month-to-month contract,Plan & Billing,Raises risk,0.4852,Proactive feature walkthrough,106,1,79.5,77.94,25-48m
8993-PHFWD,xgb_churn_v2,2026-10-05T08:55:20.366037+00:00,0.9803922,High,1,North,paid_search,36,Female,Basic,Month-to-month,25.25,3,Failed payments (90d),Payments,Raises risk,0.6477,Customer tenure,Tenure,Raises risk,0.6365,Session minutes,Engagement,Raises risk,0.6212,Payment recovery + switch to auto-pay,107,1,25.25,24.75,0-6m
8375-DKEBR,xgb_churn_v2,2026-10-05T08:55:20.366037+00:00,0.9803922,High,1,East,partner,78,Female,Basic,Month-to-month,69.6,1,Customer tenure,Tenure,Raises risk,1.0489,Failed payments (90d),Payments,Raises risk,0.6431,Month-to-month contract,Plan & Billing,Raises risk,0.5786,Early-life onboarding call,108,1,69.6,68.24,0-6m
6168-WFVVF,xgb_churn_v2,2026-10-05T08:55:20.366037+00:00,0.9803922,High,1,South,social,73,Female,Basic,Month-to-month,70.3,3,Failed-payment ratio,Payments,Raises risk,1.1789,Failed payments (90d),Payments,Raises risk,1.1706,Month-to-month contract,Plan & Billing,Raises risk,0.555,Payment recovery + switch to auto-pay,109,1,70.3,68.92,0-6m
6786-OBWQR,xgb_churn_v2,2026-10-05T08:55:20.366037+00:00,0.9803922,High,0,Central,paid_search,30,Female,Basic,Month-to-month,80.85,5,Usage trend,Engagement,Raises risk,0.6474,Month-to-month contract,Plan & Billing,Raises risk,0.4952,Customer tenure,Tenure,Raises risk,0.4243,Proactive check-in call,110,1,80.85,79.26,0-6m
8149-RSOUN,xgb_churn_v2,2026-10-05T08:55:20.366037+00:00,0.9803922,High,1,South,paid_search,45,Female,Basic,Month-to-month,93.85,1,Customer tenure,Tenure,Raises risk,1.1468,Usage trend,Engagement,Raises risk,0.9372,Failed payments (90d),Payments,Raises risk,0.517,Early-life onboarding call,111,1,93.85,92.01,0-6m
8168-UQWWF,xgb_churn_v2,2026-10-05T08:55:20.366037+00:00,0.9803922,High,1,South,organic,49,Female,Basic,Month-to-month,97.85,11,Monthly charge,Plan & Billing,Raises risk,0.7493,Feature adoption,Engagement,Raises risk,0.634,Session minutes,Engagement,Raises risk,0.5128,Price-fit review / bundle offer,112,1,97.85,95.93,7-12m
4806-KEXQR,xgb_churn_v2,2026-10-05T08:55:20.366037+00:00,0.9803922,High,1,West,organic,25,Male,Basic,Month-to-month,79.9,4,Customer tenure,Tenure,Raises risk,0.5947,Failed payments (90d),Payments,Raises risk,0.5776,Feature adoption,Engagement,Raises risk,0.5638,Early-life onboarding call,113,1,79.9,78.33,0-6m
9231-ZJYAM,xgb_churn_v2,2026-10-05T08:55:20.366037+00:00,0.9803922,High,1,East,paid_search,77,Female,Basic,Month-to-month,78.85,4,Usage trend,Engagement,Raises risk,1.1669,Session minutes,Engagement,Raises risk,0.5323,Customer tenure,Tenure,Raises risk,0.5043,Proactive check-in call,114,1,78.85,77.3,0-6m
5995-OIGLP,xgb_churn_v2,2026-10-05T08:55:20.366037+00:00,0.9803922,High,1,Central,partner,27,Male,Basic,Month-to-month,56.65,12,Failed payments (90d),Payments,Raises risk,1.1794,Failed-payment ratio,Payments,Raises risk,0.9764,Usage trend,Engagement,Raises risk,0.7723,Payment recovery + switch to auto-pay,115,1,56.65,55.54,7-12m
4529-CKBCL,xgb_churn_v2,2026-10-05T08:55:20.366037+00:00,0.9803922,High,1,North,social,26,Female,Basic,Month-to-month,80.2,2,Customer tenure,Tenure,Raises risk,0.689,Failed payments (90d),Payments,Raises risk,0.6577,Month-to-month contract,Plan & Billing,Raises risk,0.4879,Early-life onboarding call,116,1,80.2,78.63,0-6m
2959-FENLU,xgb_churn_v2,2026-10-05T08:55:20.366037+00:00,0.9803922,High,0,North,partner,31,Female,Basic,Month-to-month,85.3,9,Feature adoption,Engagement,Raises risk,1.2326,Session count,Engagement,Raises risk,0.5376,Month-to-month contract,Plan & Billing,Raises risk,0.4958,Proactive feature walkthrough,117,1,85.3,83.63,7-12m
3420-YJLQT,xgb_churn_v2,2026-10-05T08:55:20.366037+00:00,0.9803922,High,0,West,partner,46,Female,Basic,Month-to-month,79.55,2,Usage trend,Engagement,Raises risk,0.846,Customer tenure,Tenure,Raises risk,0.7627,Month-to-month contract,Plan & Billing,Raises risk,0.5341,Proactive check-in call,118,1,79.55,77.99,0-6m
1704-NRWYE,xgb_churn_v2,2026-10-05T08:55:20.366037+00:00,0.9803922,High,1,North,referral,78,Female,Basic,Month-to-month,80.85,9,Session minutes,Engagement,Raises risk,0.6908,Month-to-month contract,Plan & Billing,Raises risk,0.5451,Feature adoption,Engagement,Raises risk,0.487,Proactive feature walkthrough,119,1,80.85,79.26,7-12m
3500-RMZLT,xgb_churn_v2,2026-10-05T08:55:20.366037+00:00,0.9803922,High,1,South,organic,67,Female,Basic,Month-to-month,96.3,15,Usage trend,Engagement,Raises risk,0.8824,Failed payments (90d),Payments,Raises risk,0.6647,Monthly charge,Plan & Billing,Raises risk,0.6332,Proactive check-in call,120,1,96.3,94.41,13-24m
9189-JWSHV,xgb_churn_v2,2026-10-05T08:55:20.366037+00:00,0.9803922,High,1,Central,referral,62,Female,Basic,Month-to-month,93.55,24,Failed payments (90d),Payments,Raises risk,0.6711,Feature adoption,Engagement,Raises risk,0.6604,Customer age,Demographic,Raises risk,0.6001,Payment recovery + switch to auto-pay,121,1,93.55,91.72,13-24m
5349-IECLD,xgb_churn_v2,2026-10-05T08:55:20.366037+00:00,0.9803922,High,1,South,social,27,Male,Basic,Month-to-month,94.95,2,Customer tenure,Tenure,Raises risk,0.7649,Failed payments (90d),Payments,Raises risk,0.6054,Month-to-month contract,Plan & Billing,Raises risk,0.5173,Early-life onboarding call,122,1,94.95,93.09,0-6m
0970-ETWGE,xgb_churn_v2,2026-10-05T08:55:20.366037+00:00,0.9803922,High,1,East,paid_search,46,Male,Basic,Month-to-month,89.55,1,Customer tenure,Tenure,Raises risk,1.3798,Failed payments (90d),Payments,Raises risk,0.6612,Usage trend,Engagement,Lowers risk,-0.5756,Early-life onboarding call,123,1,89.55,87.79,0-6m
4315-MURBD,xgb_churn_v2,2026-10-05T08:55:20.366037+00:00,0.98039216,High,1,South,paid_search,57,Female,Basic,Month-to-month,98.9,12,Monthly charge,Plan & Billing,Raises risk,0.6671,Failed payments (90d),Payments,Raises risk,0.5981,Session minutes,Engagement,Raises risk,0.519,Price-fit review / bundle offer,124,1,98.9,96.96,7-12m
3372-KWFBM,xgb_churn_v2,2026-10-05T08:55:20.366037+00:00,0.98039216,High,1,West,referral,68,Male,Basic,Month-to-month,86.6,16,Failed-payment ratio,Payments,Raises risk,1.1969,Failed payments (90d),Payments,Raises risk,1.1347,Month-to-month contract,Plan & Billing,Raises risk,0.5248,Payment recovery + switch to auto-pay,125,1,86.6,84.9,13-24m
0872-NXJYS,xgb_churn_v2,2026-10-05T08:55:20.366037+00:00,0.98039216,High,1,East,social,22,Female,Basic,Month-to-month,79.55,9,Feature adoption,Engagement,Raises risk,0.7853,Failed payments (90d),Payments,Raises risk,0.6621,Month-to-month contract,Plan & Billing,Raises risk,0.5292,Proactive feature walkthrough,126,1,79.55,77.99,7-12m
5380-AFSSK,xgb_churn_v2,2026-10-05T08:55:20.366037+00:00,0.98039216,High,1,Central,partner,31,Female,Basic,Month-to-month,93.9,5,Usage trend,Engagement,Raises risk,0.8063,Customer tenure,Tenure,Raises risk,0.5921,Failed payments (90d),Payments,Raises risk,0.5351,Proactive check-in call,127,1,93.9,92.06,0-6m
6543-XRMYR,xgb_churn_v2,2026-10-05T08:55:20.366037+00:00,0.98039216,High,1,West,partner,71,Female,Basic,Month-to-month,99.7,30,Failed payments (90d),Payments,Raises risk,1.3917,Failed-payment ratio,Payments,Raises risk,1.1873,Monthly charge,Plan & Billing,Raises risk,0.6978,Payment recovery + switch to auto-pay,128,1,99.7,97.75,25-48m
8937-RDTHP,xgb_churn_v2,2026-10-05T08:55:20.366037+00:00,0.98039216,High,1,North,referral,30,Male,Basic,Month-to-month,84.6,1,Customer tenure,Tenure,Raises risk,1.1691,Failed payments (90d),Payments,Raises risk,0.5659,Month-to-month contract,Plan & Billing,Raises risk,0.5434,Early-life onboarding call,129,1,84.6,82.94,0-6m
9334-GWGOW,xgb_churn_v2,2026-10-05T08:55:20.366037+00:00,0.98039216,High,0,West,organic,60,Male,Basic,Month-to-month,74.85,7,Open support tickets,Support,Raises risk,0.8918,Session minutes,Engagement,Lowers risk,-0.7512,Customer age,Demographic,Raises risk,0.5901,Escalate to retention specialist,130,1,74.85,73.38,7-12m
3871-IKPYH,xgb_churn_v2,2026-10-05T08:55:20.366037+00:00,0.98039216,High,1,South,partner,76,Male,Basic,Month-to-month,69.1,1,Customer tenure,Tenure,Raises risk,0.9616,Feature adoption,Engagement,Raises risk,0.8779,Month-to-month contract,Plan & Billing,Raises risk,0.5125,Early-life onboarding call,131,1,69.1,67.75,0-6m
2634-HCZGT,xgb_churn_v2,2026-10-05T08:55:20.366037+00:00,0.98039216,High,1,North,paid_search,66,Male,Standard,One year,60.05,53,Feature adoption,Engagement,Raises risk,1.1246,Usage trend,Engagement,Raises risk,0.9186,Month-to-month contract,Plan & Billing,Lowers risk,-0.8234,Proactive feature walkthrough,132,1,60.05,58.87,49m+
4873-ILOLJ,xgb_churn_v2,2026-10-05T08:55:20.366037+00:00,0.98039216,High,1,South,paid_search,26,Male,Basic,Month-to-month,90.35,24,Feature adoption,Engagement,Raises risk,0.931,Failed payments (90d),Payments,Raises risk,0.621,Session minutes,Engagement,Lowers risk,-0.5281,Proactive feature walkthrough,133,1,90.35,88.58,13-24m
9415-DPEWS,xgb_churn_v2,2026-10-05T08:55:20.366037+00:00,0.98039216,High,1,East,organic,28,Female,Basic,Month-to-month,88.35,18,Failed payments (90d),Payments,Raises risk,0.6454,Feature adoption,Engagement,Raises risk,0.5312,Month-to-month contract,Plan & Billing,Raises risk,0.5192,Payment recovery + switch to auto-pay,134,1,88.35,86.62,13-24m
7273-TEFQD,xgb_churn_v2,2026-10-05T08:55:20.366037+00:00,0.98039216,High,1,North,partner,75,Male,Basic,Month-to-month,41.15,3,Failed payments (90d),Payments,Raises risk,0.7074,Month-to-month contract,Plan & Billing,Raises risk,0.4911,Customer tenure,Tenure,Raises risk,0.4836,Payment recovery + switch to auto-pay,135,1,41.15,40.34,0-6m
9637-EIHEQ,xgb_churn_v2,2026-10-05T08:55:20.366037+00:00,0.98039216,High,1,South,referral,27,Female,Basic,Month-to-month,50.8,1,Customer tenure,Tenure,Raises risk,1.1278,Failed payments (90d),Payments,Raises risk,0.6814,Month-to-month contract,Plan & Billing,Raises risk,0.5035,Early-life onboarding call,136,1,50.8,49.8,0-6m
2982-IHMFT,xgb_churn_v2,2026-10-05T08:55:20.366037+00:00,0.98039216,High,1,West,social,72,Female,Basic,Month-to-month,74.45,1,Customer tenure,Tenure,Raises risk,1.1216,Feature adoption,Engagement,Raises risk,0.7018,Month-to-month contract,Plan & Billing,Raises risk,0.5364,Early-life onboarding call,137,1,74.45,72.99,0-6m
3096-JRDSO,xgb_churn_v2,2026-10-05T08:55:20.366037+00:00,0.98039216,High,1,West,paid_search,73,Female,Basic,Month-to-month,104.3,27,Failed payments (90d),Payments,Raises risk,1.4146,Failed-payment ratio,Payments,Raises risk,1.197,Monthly charge,Plan & Billing,Raises risk,0.6874,Payment recovery + switch to auto-pay,138,1,104.3,102.25,25-48m
6845-RGTYS,xgb_churn_v2,2026-10-05T08:55:20.366037+00:00,0.98039216,High,1,East,social,47,Female,Basic,Month-to-month,98.75,47,Failed payments (90d),Payments,Raises risk,1.142,Failed-payment ratio,Payments,Raises risk,1.1279,Monthly charge,Plan & Billing,Raises risk,0.7476,Payment recovery + switch to auto-pay,139,1,98.75,96.81,25-48m
7853-GVUDZ,xgb_churn_v2,2026-10-05T08:55:20.366037+00:00,0.98039216,High,1,North,referral,24,Female,Basic,Month-to-month,20.15,1,Ticket resolution time,Support,Raises risk,4.1268,Customer tenure,Tenure,Raises risk,1.1681,Feature adoption,Engagement,Lowers risk,-0.9449,Escalate to retention specialist,140,1,20.15,19.75,0-6m
0875-CABNR,xgb_churn_v2,2026-10-05T08:55:20.366037+00:00,0.98039216,High,1,South,organic,70,Female,Basic,Month-to-month,84.6,10,Usage trend,Engagement,Raises risk,1.0246,Month-to-month contract,Plan & Billing,Raises risk,0.4811,Monthly charge,Plan & Billing,Raises risk,0.4795,Proactive check-in call,141,1,84.6,82.94,7-12m
2357-COQEK,xgb_churn_v2,2026-10-05T08:55:20.366037+00:00,0.98039216,High,1,Central,social,60,Female,Basic,Month-to-month,103.3,28,Feature adoption,Engagement,Raises risk,1.1587,Customer age,Demographic,Raises risk,0.6297,Monthly charge,Plan & Billing,Raises risk,0.6133,Proactive feature walkthrough,142,1,103.3,101.27,25-48m
7576-OYWBN,xgb_churn_v2,2026-10-05T08:55:20.366037+00:00,0.98039216,High,1,North,partner,66,Male,Basic,Month-to-month,76.05,3,Usage trend,Engagement,Raises risk,1.0414,Month-to-month contract,Plan & Billing,Raises risk,0.5271,Customer tenure,Tenure,Raises risk,0.4433,Proactive check-in call,143,2,76.05,74.56,0-6m
7931-PXHFC,xgb_churn_v2,2026-10-05T08:55:20.366037+00:00,0.98039216,High,1,Central,social,51,Male,Standard,One year,62.3,38,Ticket resolution time,Support,Raises risk,4.6598,Month-to-month contract,Plan & Billing,Lowers risk,-0.5899,Session count,Engagement,Lowers risk,-0.514,Escalate to retention specialist,144,2,62.3,61.08,25-48m
4192-GORJT,xgb_churn_v2,2026-10-05T08:55:20.366037+00:00,0.98039216,High,1,East,partner,46,Male,Basic,Month-to-month,94.45,5,Usage trend,Engagement,Raises risk,0.9708,Customer tenure,Tenure,Raises risk,0.5572,Month-to-month contract,Plan & Billing,Raises risk,0.5261,Proactive check-in call,145,2,94.45,92.6,0-6m
7206-GZCDC,xgb_churn_v2,2026-10-05T08:55:20.366037+00:00,0.98039216,High,1,East,social,63,Female,Basic,Month-to-month,69.25,1,Customer tenure,Tenure,Raises risk,1.2053,Usage trend,Engagement,Raises risk,1.1589,Month-to-month contract,Plan & Billing,Raises risk,0.526,Early-life onboarding call,146,2,69.25,67.89,0-6m
8943-URTMR,xgb_churn_v2,2026-10-05T08:55:20.366037+00:00,0.98039216,High,1,North,partner,36,Female,Basic,Month-to-month,79.65,2,Usage trend,Engagement,Raises risk,0.9213,Customer tenure,Tenure,Raises risk,0.6108,Feature adoption,Engagement,Raises risk,0.5872,Proactive check-in call,147,2,79.65,78.09,0-6m
7776-QWNFX,xgb_churn_v2,2026-10-05T08:55:20.366037+00:00,0.98039216,High,1,Central,organic,77,Male,Basic,Month-to-month,50.4,30,Usage trend,Engagement,Raises risk,1.0446,Failed payments (90d),Payments,Raises risk,0.6497,Open support tickets,Support,Raises risk,0.4585,Proactive check-in call,148,2,50.4,49.41,25-48m
8309-IEYJD,xgb_churn_v2,2026-10-05T08:55:20.366037+00:00,0.98039216,High,0,South,social,60,Female,Basic,Month-to-month,70.6,1,Customer tenure,Tenure,Raises risk,1.3018,Customer age,Demographic,Raises risk,0.687,Feature adoption,Engagement,Lowers risk,-0.5965,Early-life onboarding call,149,2,70.6,69.22,0-6m
7439-DKZTW,xgb_churn_v2,2026-10-05T08:55:20.366037+00:00,0.98039216,High,0,South,partner,54,Male,Basic,Month-to-month,80.55,1,Customer tenure,Tenure,Raises risk,1.23,Failed payments (90d),Payments,Raises risk,0.5402,Feature adoption,Engagement,Lowers risk,-0.5329,Early-life onboarding call,150,2,80.55,78.97,0-6m
7752-XUSCI,xgb_churn_v2,2026-10-05T08:55:20.366037+00:00,0.98039216,High,1,North,organic,22,Female,Basic,Month-to-month,105.9,60,Failed-payment ratio,Payments,Raises risk,1.1169,Failed payments (90d),Payments,Raises risk,1.0145,Customer tenure,Tenure,Lowers risk,-0.9853,Payment recovery + switch to auto-pay,151,2,105.9,103.82,49m+
2135-RXIHG,xgb_churn_v2,2026-10-05T08:55:20.366037+00:00,0.98039216,High,1,South,social,39,Male,Basic,Month-to-month,45.65,1,Customer tenure,Tenure,Raises risk,0.8822,Failed payments (90d),Payments,Raises risk,0.728,Month-to-month contract,Plan & Billing,Raises risk,0.5009,Early-life onboarding call,152,2,45.65,44.75,0-6m
9223-UCPVT,xgb_churn_v2,2026-10-05T08:55:20.366037+00:00,0.98039216,High,1,Central,partner,32,Female,Basic,Month-to-month,94.4,1,Failed payments (90d),Payments,Raises risk,1.2249,Customer tenure,Tenure,Raises risk,1.0786,Failed-payment ratio,Payments,Raises risk,1.0437,Payment recovery + switch to auto-pay,153,2,94.4,92.55,0-6m
4912-PIGUY,xgb_churn_v2,2026-10-05T08:55:20.366037+00:00,0.98039216,High,0,East,social,39,Female,Basic,Month-to-month,84.6,1,Customer tenure,Tenure,Raises risk,1.3045,Usage trend,Engagement,Raises risk,0.7084,Month-to-month contract,Plan & Billing,Raises risk,0.5416,Early-life onboarding call,154,2,84.6,82.94,0-6m
8931-GJJIQ,xgb_churn_v2,2026-10-05T08:55:20.366037+00:00,0.98039216,High,1,West,social,57,Female,Basic,Month-to-month,83.3,9,Failed payments (90d),Payments,Raises risk,1.2985,Failed-payment ratio,Payments,Raises risk,1.1308,Month-to-month contract,Plan & Billing,Raises risk,0.5368,Payment recovery + switch to auto-pay,155,2,83.3,81.67,7-12m
5366-IJEQJ,xgb_churn_v2,2026-10-05T08:55:20.366037+00:00,0.98039216,High,1,East,paid_search,25,Male,Basic,Month-to-month,88.7,20,Session count,Engagement,Raises risk,0.8135,Failed payments (90d),Payments,Raises risk,0.6216,Month-to-month contract,Plan & Billing,Raises risk,0.5205,Proactive feature walkthrough,156,2,88.7,86.96,13-24m
9524-EGPJC,xgb_churn_v2,2026-10-05T08:55:20.366037+00:00,0.98039216,High,1,East,referral,51,Female,Basic,Month-to-month,90.1,18,Feature adoption,Engagement,Raises risk,0.9904,Session count,Engagement,Raises risk,0.8229,Month-to-month contract,Plan & Billing,Raises risk,0.4725,Proactive feature walkthrough,157,2,90.1,88.33,13-24m
2485-ITVKB,xgb_churn_v2,2026-10-05T08:55:20.366037+00:00,0.98039216,High,1,North,social,40,Female,Basic,Month-to-month,35.1,2,Usage trend,Engagement,Raises risk,0.9889,Feature adoption,Engagement,Raises risk,0.7842,Customer tenure,Tenure,Raises risk,0.6855,Proactive check-in call,158,2,35.1,34.41,0-6m
3757-NJYBX,xgb_churn_v2,2026-10-05T08:55:20.366037+00:00,0.98039216,High,1,Central,referral,73,Male,Basic,Month-to-month,106.35,32,Open support tickets,Support,Raises risk,1.3506,Failed payments (90d),Payments,Raises risk,0.6301,Monthly charge,Plan & Billing,Raises risk,0.4549,Escalate to retention specialist,159,2,106.35,104.26,25-48m
0697-ZMSWS,xgb_churn_v2,2026-10-05T08:55:20.366037+00:00,0.98039216,High,1,East,partner,34,Male,Basic,Month-to-month,85.65,4,Usage trend,Engagement,Raises risk,0.8311,Customer tenure,Tenure,Raises risk,0.5789,Failed payments (90d),Payments,Raises risk,0.5171,Proactive check-in call,160,2,85.65,83.97,0-6m
5550-VFRLC,xgb_churn_v2,2026-10-05T08:55:20.366037+00:00,0.98039216,High,1,East,social,73,Female,Basic,Month-to-month,69.85,1,Customer tenure,Tenure,Raises risk,1.0404,Session minutes,Engagement,Raises risk,0.6877,Month-to-month contract,Plan & Billing,Raises risk,0.5618,Early-life onboarding call,161,2,69.85,68.48,0-6m
4598-XLKNJ,xgb_churn_v2,2026-10-05T08:55:20.366037+00:00,0.98039216,High,1,Central,referral,62,Female,Basic,Month-to-month,98.5,25,Feature adoption,Engagement,Raises risk,1.1815,Session minutes,Engagement,Raises risk,0.7386,Customer age,Demographic,Raises risk,0.6862,Proactive feature walkthrough,162,2,98.5,96.57,25-48m
3318-OSATS,xgb_churn_v2,2026-10-05T08:55:20.366037+00:00,0.98039216,High,1,East,paid_search,62,Male,Basic,Month-to-month,95.45,35,Open support tickets,Support,Raises risk,0.878,Customer age,Demographic,Raises risk,0.5982,Feature adoption,Engagement,Raises risk,0.5367,Escalate to retention specialist,163,2,95.45,93.58,25-48m
9250-WYPLL,xgb_churn_v2,2026-10-05T08:55:20.366037+00:00,0.98039216,High,1,West,organic,40,Female,Basic,Month-to-month,75.55,5,Failed payments (90d),Payments,Raises risk,1.2807,Failed-payment ratio,Payments,Raises risk,1.0551,Month-to-month contract,Plan & Billing,Raises risk,0.538,Payment recovery + switch to auto-pay,164,2,75.55,74.07,0-6m
1095-JUDTC,xgb_churn_v2,2026-10-05T08:55:20.366037+00:00,0.98039216,High,1,Central,social,68,Female,Basic,Month-to-month,95.05,47,Feature adoption,Engagement,Raises risk,1.2406,Failed payments (90d),Payments,Raises risk,0.6132,Customer tenure,Tenure,Lowers risk,-0.5392,Proactive feature walkthrough,165,2,95.05,93.19,25-48m
9661-MHUMO,xgb_churn_v2,2026-10-05T08:55:20.366037+00:00,0.9803921,High,1,North,paid_search,71,Male,Basic,Month-to-month,49.25,1,Customer tenure,Tenure,Raises risk,1.0633,Session minutes,Engagement,Raises risk,0.6521,Usage trend,Engagement,Raises risk,0.6504,Early-life onboarding call,166,2,49.25,48.28,0-6m
5482-PLVPE,xgb_churn_v2,2026-10-05T08:55:20.366037+00:00,0.9803921,High,1,North,paid_search,73,Female,Basic,Month-to-month,24.35,2,Feature adoption,Engagement,Raises risk,1.0993,Usage trend,Engagement,Raises risk,0.889,Customer tenure,Tenure,Raises risk,0.6833,Proactive feature walkthrough,167,2,24.35,23.87,0-6m
4902-OHLSK,xgb_churn_v2,2026-10-05T08:55:20.366037+00:00,0.9803921,High,1,North,referral,62,Female,Basic,Month-to-month,98.65,29,Open support tickets,Support,Raises risk,1.055,Feature adoption,Engagement,Raises risk,0.8757,Customer age,Demographic,Raises risk,0.6266,Escalate to retention specialist,168,2,98.65,96.72,25-48m
3957-LXOLK,xgb_churn_v2,2026-10-05T08:55:20.366037+00:00,0.9803921,High,1,West,paid_search,75,Female,Basic,Month-to-month,106.15,28,Failed payments (90d),Payments,Raises risk,1.3563,Failed-payment ratio,Payments,Raises risk,1.1343,Monthly charge,Plan & Billing,Raises risk,0.5597,Payment recovery + switch to auto-pay,169,2,106.15,104.07,25-48m
3585-ISXZP,xgb_churn_v2,2026-10-05T08:55:20.366037+00:00,0.9803921,High,1,East,paid_search,41,Female,Basic,Month-to-month,95.65,8,Open support tickets,Support,Raises risk,1.3086,Monthly charge,Plan & Billing,Raises risk,0.6319,Customer tenure,Tenure,Raises risk,0.4549,Escalate to retention specialist,170,2,95.65,93.77,7-12m
4505-EXZHB,xgb_churn_v2,2026-10-05T08:55:20.366037+00:00,0.9803921,High,1,Central,organic,69,Female,Basic,Month-to-month,74.4,6,Failed payments (90d),Payments,Raises risk,0.6349,Month-to-month contract,Plan & Billing,Raises risk,0.5739,Session minutes,Engagement,Raises risk,0.492,Payment recovery + switch to auto-pay,171,2,74.4,72.94,0-6m
6651-AZVTJ,xgb_churn_v2,2026-10-05T08:55:20.366037+00:00,0.9803921,High,1,East,partner,53,Male,Basic,Month-to-month,99.8,49,Feature adoption,Engagement,Raises risk,1.2252,Monthly charge,Plan & Billing,Raises risk,0.5572,Customer tenure,Tenure,Lowers risk,-0.5324,Proactive feature walkthrough,172,2,99.8,97.84,49m+
2737-WFVYW,xgb_churn_v2,2026-10-05T08:55:20.366037+00:00,0.9803921,High,1,West,partner,26,Female,Basic,Month-to-month,45.25,2,Session count,Engagement,Raises risk,0.9143,Feature adoption,Engagement,Raises risk,0.8114,Customer tenure,Tenure,Raises risk,0.8045,Proactive feature walkthrough,173,2,45.25,44.36,0-6m
4910-GMJOT,xgb_churn_v2,2026-10-05T08:55:20.366037+00:00,0.9803921,High,1,West,partner,28,Female,Basic,Month-to-month,94.6,1,Customer tenure,Tenure,Raises risk,1.2437,Month-to-month contract,Plan & Billing,Raises risk,0.5247,Monthly charge,Plan & Billing,Raises risk,0.5167,Early-life onboarding call,174,2,94.6,92.75,0-6m
4871-JTKJF,xgb_churn_v2,2026-10-05T08:55:20.366037+00:00,0.9803921,High,1,South,referral,77,Female,Basic,Month-to-month,69.65,1,Customer tenure,Tenure,Raises risk,1.0189,Month-to-month contract,Plan & Billing,Raises risk,0.5796,Session minutes,Engagement,Raises risk,0.4613,Early-life onboarding call,175,2,69.65,68.28,0-6m
5095-AESKG,xgb_churn_v2,2026-10-05T08:55:20.366037+00:00,0.9803921,High,1,East,referral,23,Female,Basic,Month-to-month,91.5,3,Feature adoption,Engagement,Raises risk,1.0591,Usage trend,Engagement,Raises risk,0.7504,Session count,Engagement,Raises risk,0.6038,Proactive feature walkthrough,176,2,91.5,89.71,0-6m
1820-TQVEV,xgb_churn_v2,2026-10-05T08:55:20.366037+00:00,0.9803921,High,1,South,referral,31,Male,Basic,Month-to-month,69.55,1,Customer tenure,Tenure,Raises risk,1.0938,Failed payments (90d),Payments,Raises risk,0.6459,Month-to-month contract,Plan & Billing,Raises risk,0.4946,Early-life onboarding call,177,2,69.55,68.19,0-6m
2880-FPNAE,xgb_churn_v2,2026-10-05T08:55:20.366037+00:00,0.9803921,High,0,West,partner,62,Male,Basic,Month-to-month,74.2,2,Customer tenure,Tenure,Raises risk,0.8245,Session minutes,Engagement,Raises risk,0.8004,Customer age,Demographic,Raises risk,0.7409,Early-life onboarding call,178,2,74.2,72.75,0-6m
5842-POCOP,xgb_churn_v2,2026-10-05T08:55:20.366037+00:00,0.9803921,High,1,Central,social,41,Female,Basic,Month-to-month,88.9,5,Failed payments (90d),Payments,Raises risk,1.0578,Failed-payment ratio,Payments,Raises risk,0.9989,Session minutes,Engagement,Lowers risk,-0.6973,Payment recovery + switch to auto-pay,179,2,88.9,87.16,0-6m
0754-UKWQP,xgb_churn_v2,2026-10-05T08:55:20.366037+00:00,0.9803921,High,1,Central,organic,46,Male,Basic,Month-to-month,95.85,2,Session count,Engagement,Raises risk,0.8261,Customer tenure,Tenure,Raises risk,0.802,Monthly charge,Plan & Billing,Raises risk,0.5999,Proactive feature walkthrough,180,2,95.85,93.97,0-6m
2344-JMOGN,xgb_churn_v2,2026-10-05T08:55:20.366037+00:00,0.9803921,High,1,North,referral,30,Male,Basic,Month-to-month,94.85,9,Failed payments (90d),Payments,Raises risk,1.1936,Failed-payment ratio,Payments,Raises risk,0.9893,Month-to-month contract,Plan & Billing,Raises risk,0.5238,Payment recovery + switch to auto-pay,181,2,94.85,92.99,7-12m
3315-TOTBP,xgb_churn_v2,2026-10-05T08:55:20.366037+00:00,0.9803921,High,1,South,partner,48,Male,Basic,Month-to-month,76.0,15,Usage trend,Engagement,Raises risk,0.7399,Feature adoption,Engagement,Raises risk,0.7398,Failed payments (90d),Payments,Raises risk,0.5921,Proactive check-in call,182,2,76.0,74.51,13-24m
6376-GAHQE,xgb_churn_v2,2026-10-05T08:55:20.366037+00:00,0.9803921,High,1,North,social,55,Male,Basic,Month-to-month,77.85,4,Failed payments (90d),Payments,Raises risk,1.0491,Failed-payment ratio,Payments,Raises risk,1.0171,Month-to-month contract,Plan & Billing,Raises risk,0.4246,Payment recovery + switch to auto-pay,183,2,77.85,76.32,0-6m
8473-VUVJN,xgb_churn_v2,2026-10-05T08:55:20.366037+00:00,0.9803921,High,1,South,partner,61,Male,Basic,Month-to-month,73.65,1,Customer tenure,Tenure,Raises risk,1.0746,Usage trend,Engagement,Raises risk,0.8618,Customer age,Demographic,Raises risk,0.6484,Early-life onboarding call,184,2,73.65,72.21,0-6m
7548-SEPYI,xgb_churn_v2,2026-10-05T08:55:20.366037+00:00,0.9803921,High,1,East,partner,24,Female,Basic,Month-to-month,96.25,5,Feature adoption,Engagement,Raises risk,0.6947,Monthly charge,Plan & Billing,Raises risk,0.6022,Customer tenure,Tenure,Raises risk,0.5028,Proactive feature walkthrough,185,2,96.25,94.36,0-6m
8739-WWKDU,xgb_churn_v2,2026-10-05T08:55:20.366037+00:00,0.9801852,High,1,Central,partner,71,Male,Basic,Month-to-month,89.5,25,Failed payments (90d),Payments,Raises risk,1.1918,Failed-payment ratio,Payments,Raises risk,1.0716,Month-to-month contract,Plan & Billing,Raises risk,0.52,Payment recovery + switch to auto-pay,186,2,89.5,87.73,25-48m
4806-HIPDW,xgb_churn_v2,2026-10-05T08:55:20.366037+00:00,0.97222227,High,1,West,organic,38,Female,Basic,Month-to-month,68.95,1,Customer tenure,Tenure,Raises risk,1.0786,Session minutes,Engagement,Lowers risk,-0.8327,Session count,Engagement,Raises risk,0.6859,Early-life onboarding call,187,2,68.95,67.03,0-6m
6407-UTSLV,xgb_churn_v2,2026-10-05T08:55:20.366037+00:00,0.97222227,High,0,South,organic,61,Female,Basic,Month-to-month,83.8,2,Customer tenure,Tenure,Raises risk,0.7619,Customer age,Demographic,Raises risk,0.6495,Month-to-month contract,Plan & Billing,Raises risk,0.5147,Early-life onboarding call,188,2,83.8,81.47,0-6m
8779-QRDMV,xgb_churn_v2,2026-10-05T08:55:20.366037+00:00,0.97222227,High,1,Central,social,70,Male,Basic,Month-to-month,39.65,1,Customer tenure,Tenure,Raises risk,1.1623,Failed payments (90d),Payments,Raises risk,0.6151,Session minutes,Engagement,Lowers risk,-0.5606,Early-life onboarding call,189,2,39.65,38.55,0-6m
6424-ELEYH,xgb_churn_v2,2026-10-05T08:55:20.366037+00:00,0.9722222,High,1,North,partner,31,Female,Basic,Month-to-month,74.75,3,Open support tickets,Support,Raises risk,1.1137,Customer tenure,Tenure,Raises risk,0.614,Support tickets (90d),Support,Raises risk,0.5477,Escalate to retention specialist,190,2,74.75,72.67,0-6m
7268-IGMFD,xgb_churn_v2,2026-10-05T08:55:20.366037+00:00,0.9722222,High,0,North,organic,61,Male,Basic,Month-to-month,93.9,18,Failed payments (90d),Payments,Raises risk,0.7262,Customer age,Demographic,Raises risk,0.5753,Usage trend,Engagement,Raises risk,0.5602,Payment recovery + switch to auto-pay,191,2,93.9,91.29,13-24m
0345-HKJVM,xgb_churn_v2,2026-10-05T08:55:20.366037+00:00,0.9722222,High,1,North,partner,27,Female,Basic,Month-to-month,89.3,6,Failed payments (90d),Payments,Raises risk,0.7345,Month-to-month contract,Plan & Billing,Raises risk,0.5837,Customer tenure,Tenure,Raises risk,0.4601,Payment recovery + switch to auto-pay,192,2,89.3,86.82,0-6m
5956-YHHRX,xgb_churn_v2,2026-10-05T08:55:20.366037+00:00,0.9722222,High,0,South,paid_search,61,Male,Basic,Month-to-month,104.35,21,Usage trend,Engagement,Raises risk,1.0054,Customer age,Demographic,Raises risk,0.6806,Monthly charge,Plan & Billing,Raises risk,0.6602,Proactive check-in call,193,2,104.35,101.45,13-24m
3317-HRTNN,xgb_churn_v2,2026-10-05T08:55:20.366037+00:00,0.9722222,High,1,Central,paid_search,79,Female,Basic,Month-to-month,45.7,5,Open support tickets,Support,Raises risk,0.5377,Days since last active,Engagement,Raises risk,0.4998,Support tickets (90d),Support,Raises risk,0.4705,Escalate to retention specialist,194,2,45.7,44.43,0-6m
6229-LSCKB,xgb_churn_v2,2026-10-05T08:55:20.366037+00:00,0.9722222,High,0,West,paid_search,61,Male,Basic,Month-to-month,79.7,6,Customer age,Demographic,Raises risk,0.6027,Month-to-month contract,Plan & Billing,Raises risk,0.5578,Customer tenure,Tenure,Raises risk,0.4861,Offer annual-contract incentive,195,2,79.7,77.49,0-6m
9058-CBREO,xgb_churn_v2,2026-10-05T08:55:20.366037+00:00,0.9722222,High,1,East,partner,72,Female,Basic,Month-to-month,50.55,1,Failed payments (90d),Payments,Raises risk,1.1883,Customer tenure,Tenure,Raises risk,1.0574,Failed-payment ratio,Payments,Raises risk,0.9875,Payment recovery + switch to auto-pay,196,2,50.55,49.15,0-6m
4289-DTDKW,xgb_churn_v2,2026-10-05T08:55:20.366037+00:00,0.9722222,High,1,South,partner,42,Male,Basic,Month-to-month,101.3,40,Session count,Engagement,Raises risk,0.8104,Feature adoption,Engagement,Raises risk,0.7206,Failed payments (90d),Payments,Raises risk,0.704,Proactive feature walkthrough,197,2,101.3,98.49,25-48m
8080-DDEMJ,xgb_churn_v2,2026-10-05T08:55:20.366037+00:00,0.9722222,High,1,West,partner,68,Male,Basic,Month-to-month,45.1,1,Customer tenure,Tenure,Raises risk,0.9948,Failed payments (90d),Payments,Raises risk,0.5945,Month-to-month contract,Plan & Billing,Raises risk,0.4917,Early-life onboarding call,198,2,45.1,43.85,0-6m
5931-FLJJF,xgb_churn_v2,2026-10-05T08:55:20.366037+00:00,0.9722222,High,1,West,partner,60,Male,Basic,Month-to-month,70.1,7,Customer age,Demographic,Raises risk,0.7224,Failed payments (90d),Payments,Raises risk,0.552,Month-to-month contract,Plan & Billing,Raises risk,0.5363,Payment recovery + switch to auto-pay,199,2,70.1,68.15,7-12m
6960-HVYXR,xgb_churn_v2,2026-10-05T08:55:20.366037+00:00,0.9722222,High,1,East,partner,52,Female,Basic,Month-to-month,76.0,1,Customer tenure,Tenure,Raises risk,1.0442,Session minutes,Engagement,Lowers risk,-0.8034,Month-to-month contract,Plan & Billing,Raises risk,0.5329,Early-life onboarding call,200,2,76.0,73.89,0-6m
6689-KXGBO,xgb_churn_v2,2026-10-05T08:55:20.366037+00:00,0.9722222,High,1,West,partner,29,Female,Basic,Month-to-month,50.55,1,Customer tenure,Tenure,Raises risk,1.0895,Failed payments (90d),Payments,Raises risk,0.7133,Month-to-month contract,Plan & Billing,Raises risk,0.5222,Early-life onboarding call,201,2,50.55,49.15,0-6m
4588-YBNIB,xgb_churn_v2,2026-10-05T08:55:20.366037+00:00,0.9722222,High,1,Central,referral,28,Female,Basic,Month-to-month,19.6,1,Failed payments (90d),Payments,Raises risk,1.1332,Monthly charge,Plan & Billing,Lowers risk,-1.0574,Customer tenure,Tenure,Raises risk,1.0368,Payment recovery + switch to auto-pay,202,2,19.6,19.06,0-6m
6496-SLWHQ,xgb_churn_v2,2026-10-05T08:55:20.366037+00:00,0.9722222,High,1,South,referral,66,Male,Basic,Month-to-month,105.0,3,Usage trend,Engagement,Lowers risk,-1.2894,Failed payments (90d),Payments,Raises risk,0.7491,Monthly charge,Plan & Billing,Raises risk,0.6476,Payment recovery + switch to auto-pay,203,2,105.0,102.08,0-6m
6797-LNAQX,xgb_churn_v2,2026-10-05T08:55:20.366037+00:00,0.9722222,High,1,North,partner,50,Male,Pro,Two year,98.3,70,Ticket resolution time,Support,Raises risk,5.0271,Customer tenure,Tenure,Lowers risk,-0.8814,Month-to-month contract,Plan & Billing,Lowers risk,-0.6579,Escalate to retention specialist,204,2,98.3,95.57,49m+
4846-WHAFZ,xgb_churn_v2,2026-10-05T08:55:20.366037+00:00,0.9722222,High,1,North,partner,69,Female,Basic,Month-to-month,76.5,37,Failed payments (90d),Payments,Raises risk,0.7565,Usage trend,Engagement,Raises risk,0.7104,Session minutes,Engagement,Raises risk,0.5415,Payment recovery + switch to auto-pay,205,2,76.5,74.37,25-48m
1493-AMTIE,xgb_churn_v2,2026-10-05T08:55:20.366037+00:00,0.9722222,High,1,South,partner,24,Male,Basic,Month-to-month,20.2,1,Customer tenure,Tenure,Raises risk,1.0352,Monthly charge,Plan & Billing,Lowers risk,-0.8838,Session count,Engagement,Raises risk,0.8106,Early-life onboarding call,206,2,20.2,19.64,0-6m
3034-ZBEQN,xgb_churn_v2,2026-10-05T08:55:20.366037+00:00,0.9722222,High,1,Central,social,26,Female,Standard,One year,34.7,48,Failed-payment ratio,Payments,Raises risk,1.2182,Failed payments (90d),Payments,Raises risk,1.1643,Month-to-month contract,Plan & Billing,Lowers risk,-1.0072,Payment recovery + switch to auto-pay,207,2,34.7,33.74,25-48m
1472-TNCWL,xgb_churn_v2,2026-10-05T08:55:20.366037+00:00,0.9722222,High,0,West,partner,49,Male,Basic,Month-to-month,94.7,36,Usage trend,Engagement,Raises risk,0.9301,Feature adoption,Engagement,Raises risk,0.5403,Failed payments (90d),Payments,Raises risk,0.5374,Proactive check-in call,208,2,94.7,92.07,25-48m
4415-IJZTP,xgb_churn_v2,2026-10-05T08:55:20.366037+00:00,0.9722222,High,1,West,social,34,Female,Basic,Month-to-month,74.5,1,Customer tenure,Tenure,Raises risk,1.1001,Usage trend,Engagement,Raises risk,0.6962,Session minutes,Engagement,Lowers risk,-0.6816,Early-life onboarding call,209,2,74.5,72.43,0-6m
4749-OJKQU,xgb_churn_v2,2026-10-05T08:55:20.366037+00:00,0.9722222,High,0,East,paid_search,24,Female,Basic,Month-to-month,75.65,4,Failed payments (90d),Payments,Raises risk,0.7455,Customer tenure,Tenure,Raises risk,0.5742,Month-to-month contract,Plan & Billing,Raises risk,0.555,Payment recovery + switch to auto-pay,210,2,75.65,73.55,0-6m
3811-VBYBZ,xgb_churn_v2,2026-10-05T08:55:20.366037+00:00,0.9722222,High,1,West,partner,27,Male,Basic,Month-to-month,99.8,7,Monthly charge,Plan & Billing,Raises risk,0.6306,Usage trend,Engagement,Raises risk,0.5614,Month-to-month contract,Plan & Billing,Raises risk,0.4558,Price-fit review / bundle offer,211,2,99.8,97.03,7-12m
3754-DXMRT,xgb_churn_v2,2026-10-05T08:55:20.366037+00:00,0.9722222,High,1,North,social,68,Male,Basic,Month-to-month,44.15,2,Customer tenure,Tenure,Raises risk,0.6108,Session minutes,Engagement,Raises risk,0.5845,Month-to-month contract,Plan & Billing,Raises risk,0.4997,Early-life onboarding call,212,2,44.15,42.92,0-6m
5697-GOMBF,xgb_churn_v2,2026-10-05T08:55:20.366037+00:00,0.9722222,High,0,North,partner,62,Female,Basic,Month-to-month,35.9,28,Customer age,Demographic,Raises risk,0.8322,Feature adoption,Engagement,Lowers risk,-0.7317,Failed payments (90d),Payments,Raises risk,0.7017,Payment recovery + switch to auto-pay,213,2,35.9,34.9,25-48m
1452-VOQCH,xgb_churn_v2,2026-10-05T08:55:20.366037+00:00,0.9722222,High,0,North,organic,49,Male,Basic,Month-to-month,75.1,1,Customer tenure,Tenure,Raises risk,1.3704,Month-to-month contract,Plan & Billing,Raises risk,0.5149,Open support tickets,Support,Raises risk,0.4271,Early-life onboarding call,214,2,75.1,73.01,0-6m
3671-SHRSP,xgb_churn_v2,2026-10-05T08:55:20.366037+00:00,0.9722222,High,1,East,organic,26,Male,Basic,Month-to-month,80.6,4,Session count,Engagement,Raises risk,0.6773,Customer tenure,Tenure,Raises risk,0.6262,Month-to-month contract,Plan & Billing,Raises risk,0.5385,Proactive feature walkthrough,215,2,80.6,78.36,0-6m
6015-VVHHE,xgb_churn_v2,2026-10-05T08:55:20.366037+00:00,0.9722222,High,1,North,social,70,Female,Basic,Month-to-month,83.15,5,Feature adoption,Engagement,Raises risk,0.5748,Month-to-month contract,Plan & Billing,Raises risk,0.553,Session minutes,Engagement,Raises risk,0.5144,Proactive feature walkthrough,216,2,83.15,80.84,0-6m
2568-BRGYX,xgb_churn_v2,2026-10-05T08:55:20.366037+00:00,0.9722222,High,1,West,referral,25,Male,Basic,Month-to-month,70.2,4,Usage trend,Engagement,Raises risk,0.8259,Feature adoption,Engagement,Raises risk,0.7696,Month-to-month contract,Plan & Billing,Raises risk,0.4975,Proactive check-in call,217,2,70.2,68.25,0-6m
8399-YNDCH,xgb_churn_v2,2026-10-05T08:55:20.366037+00:00,0.9722222,High,1,East,organic,78,Male,Basic,Month-to-month,60.05,21,Failed payments (90d),Payments,Raises risk,1.3816,Failed-payment ratio,Payments,Raises risk,1.1448,Amount paid (90d),Payments,Lowers risk,-0.578,Payment recovery + switch to auto-pay,218,2,60.05,58.38,13-24m
4322-RCYMT,xgb_churn_v2,2026-10-05T08:55:20.366037+00:00,0.9722222,High,1,East,paid_search,34,Male,Standard,One year,75.8,68,Ticket resolution time,Support,Raises risk,4.167,Customer tenure,Tenure,Lowers risk,-0.9424,Month-to-month contract,Plan & Billing,Lowers risk,-0.8208,Escalate to retention specialist,219,2,75.8,73.69,49m+
1658-BYGOY,xgb_churn_v2,2026-10-05T08:55:20.366037+00:00,0.9722222,High,1,West,referral,60,Male,Basic,Month-to-month,95.45,18,Failed payments (90d),Payments,Raises risk,0.717,Monthly charge,Plan & Billing,Raises risk,0.5971,Customer age,Demographic,Raises risk,0.5947,Payment recovery + switch to auto-pay,220,2,95.45,92.8,13-24m
1122-JWTJW,xgb_churn_v2,2026-10-05T08:55:20.366037+00:00,0.9722222,High,1,South,referral,22,Male,Basic,Month-to-month,70.65,1,Customer tenure,Tenure,Raises risk,1.3594,Failed payments (90d),Payments,Raises risk,0.6573,Month-to-month contract,Plan & Billing,Raises risk,0.536,Early-life onboarding call,221,2,70.65,68.69,0-6m
3198-VELRD,xgb_churn_v2,2026-10-05T08:55:20.366037+00:00,0.9722222,High,1,Central,paid_search,42,Female,Basic,Month-to-month,84.75,3,Customer tenure,Tenure,Raises risk,0.6863,Usage trend,Engagement,Raises risk,0.5398,Month-to-month contract,Plan & Billing,Raises risk,0.5202,Early-life onboarding call,222,2,84.75,82.4,0-6m
7517-SAWMO,xgb_churn_v2,2026-10-05T08:55:20.366037+00:00,0.9722222,High,1,East,organic,53,Female,Basic,Month-to-month,73.2,19,Feature adoption,Engagement,Raises risk,1.1819,Month-to-month contract,Plan & Billing,Raises risk,0.4849,Session minutes,Engagement,Raises risk,0.4271,Proactive feature walkthrough,223,2,73.2,71.17,13-24m
9940-RHLFB,xgb_churn_v2,2026-10-05T08:55:20.366037+00:00,0.9722222,High,1,South,organic,23,Female,Basic,Month-to-month,75.3,1,Customer tenure,Tenure,Raises risk,1.1978,Failed payments (90d),Payments,Raises risk,0.6339,Month-to-month contract,Plan & Billing,Raises risk,0.5557,Early-life onboarding call,224,2,75.3,73.21,0-6m
4680-KUTAJ,xgb_churn_v2,2026-10-05T08:55:20.366037+00:00,0.9722222,High,0,South,partner,62,Female,Basic,Month-to-month,55.6,11,Feature adoption,Engagement,Raises risk,0.9443,Usage trend,Engagement,Raises risk,0.8701,Customer age,Demographic,Raises risk,0.6601,Proactive feature walkthrough,225,2,55.6,54.06,7-12m
0923-PNFUB,xgb_churn_v2,2026-10-05T08:55:20.366037+00:00,0.9722222,High,1,Central,paid_search,30,Female,Basic,Month-to-month,83.75,3,Failed payments (90d),Payments,Raises risk,0.7232,Usage trend,Engagement,Lowers risk,-0.65,Month-to-month contract,Plan & Billing,Raises risk,0.5517,Payment recovery + switch to auto-pay,226,2,83.75,81.42,0-6m
2058-DCJBE,xgb_churn_v2,2026-10-05T08:55:20.366037+00:00,0.9722222,High,1,East,partner,46,Male,Basic,Month-to-month,69.75,5,Month-to-month contract,Plan & Billing,Raises risk,0.508,Open support tickets,Support,Raises risk,0.4423,Feature adoption,Engagement,Raises risk,0.394,Offer annual-contract incentive,227,2,69.75,67.81,0-6m
1069-XAIEM,xgb_churn_v2,2026-10-05T08:55:20.366037+00:00,0.9722222,High,1,Central,paid_search,72,Female,Basic,Month-to-month,85.05,1,Customer tenure,Tenure,Raises risk,1.3725,Month-to-month contract,Plan & Billing,Raises risk,0.4936,Monthly charge,Plan & Billing,Raises risk,0.4418,Early-life onboarding call,228,2,85.05,82.69,0-6m
4510-HIMLV,xgb_churn_v2,2026-10-05T08:55:20.366037+00:00,0.9722222,High,1,South,partner,48,Male,Basic,Month-to-month,69.8,1,Customer tenure,Tenure,Raises risk,1.3018,Usage trend,Engagement,Raises risk,0.8053,Month-to-month contract,Plan & Billing,Raises risk,0.5354,Early-life onboarding call,229,2,69.8,67.86,0-6m
2867-UIMSS,xgb_churn_v2,2026-10-05T08:55:20.366037+00:00,0.9722222,High,1,West,organic,37,Male,Basic,Month-to-month,80.5,1,Customer tenure,Tenure,Raises risk,1.3496,Feature adoption,Engagement,Lowers risk,-0.9081,Failed payments (90d),Payments,Raises risk,0.5844,Early-life onboarding call,230,2,80.5,78.26,0-6m
3027-ZTDHO,xgb_churn_v2,2026-10-05T08:55:20.366037+00:00,0.9722222,High,1,South,organic,44,Male,Basic,Month-to-month,89.9,1,Customer tenure,Tenure,Raises risk,1.2285,Month-to-month contract,Plan & Billing,Raises risk,0.5446,Open support tickets,Support,Raises risk,0.4931,Early-life onboarding call,231,2,89.9,87.4,0-6m
8835-VSDSE,xgb_churn_v2,2026-10-05T08:55:20.366037+00:00,0.9722222,High,1,North,partner,50,Female,Basic,Month-to-month,70.7,2,Customer tenure,Tenure,Raises risk,0.7274,Feature adoption,Engagement,Raises risk,0.6513,Failed payments (90d),Payments,Raises risk,0.5767,Early-life onboarding call,232,2,70.7,68.74,0-6m
7129-ACFOG,xgb_churn_v2,2026-10-05T08:55:20.366037+00:00,0.9722222,High,0,North,organic,55,Female,Basic,Month-to-month,53.8,5,Feature adoption,Engagement,Raises risk,0.8923,Session minutes,Engagement,Raises risk,0.7388,Customer tenure,Tenure,Raises risk,0.4818,Proactive feature walkthrough,233,2,53.8,52.31,0-6m
7028-DVOIQ,xgb_churn_v2,2026-10-05T08:55:20.366037+00:00,0.9722222,High,1,East,referral,78,Male,Basic,Month-to-month,99.05,35,Usage trend,Engagement,Raises risk,0.7919,Feature adoption,Engagement,Raises risk,0.749,Monthly charge,Plan & Billing,Raises risk,0.6073,Proactive check-in call,234,2,99.05,96.3,25-48m
0876-WDUUZ,xgb_churn_v2,2026-10-05T08:55:20.366037+00:00,0.9722222,High,1,Central,partner,30,Female,Basic,Month-to-month,85.4,5,Failed payments (90d),Payments,Raises risk,0.6419,Customer tenure,Tenure,Raises risk,0.6209,Feature adoption,Engagement,Raises risk,0.5773,Payment recovery + switch to auto-pay,235,2,85.4,83.03,0-6m
5940-NFXKV,xgb_churn_v2,2026-10-05T08:55:20.366037+00:00,0.9722222,High,1,Central,referral,37,Male,Basic,Month-to-month,83.65,19,Usage trend,Engagement,Raises risk,1.2691,Feature adoption,Engagement,Raises risk,0.875,Month-to-month contract,Plan & Billing,Raises risk,0.447,Proactive check-in call,236,2,83.65,81.33,13-24m
2379-ENZGV,xgb_churn_v2,2026-10-05T08:55:20.366037+00:00,0.9722222,High,1,South,referral,36,Male,Basic,Month-to-month,84.85,6,Month-to-month contract,Plan & Billing,Raises risk,0.5133,Open support tickets,Support,Raises risk,0.4883,Monthly charge,Plan & Billing,Raises risk,0.4724,Offer annual-contract incentive,237,2,84.85,82.49,0-6m
0235-KGSLC,xgb_churn_v2,2026-10-05T08:55:20.366037+00:00,0.9722222,High,1,West,referral,53,Female,Basic,Month-to-month,85.55,1,Customer tenure,Tenure,Raises risk,1.3651,Failed payments (90d),Payments,Raises risk,0.6161,Open support tickets,Support,Raises risk,0.5156,Early-life onboarding call,238,2,85.55,83.17,0-6m
3296-SILRA,xgb_churn_v2,2026-10-05T08:55:20.366037+00:00,0.9722222,High,1,South,organic,72,Female,Basic,Month-to-month,76.4,1,Customer tenure,Tenure,Raises risk,1.3975,Failed payments (90d),Payments,Raises risk,0.6118,Month-to-month contract,Plan & Billing,Raises risk,0.537,Early-life onboarding call,239,2,76.4,74.28,0-6m
9050-IKDZA,xgb_churn_v2,2026-10-05T08:55:20.366037+00:00,0.9722222,High,0,Central,paid_search,60,Female,Basic,Month-to-month,81.5,2,Usage trend,Engagement,Raises risk,0.9087,Customer tenure,Tenure,Raises risk,0.7621,Customer age,Demographic,Raises risk,0.6411,Proactive check-in call,240,2,81.5,79.24,0-6m
4706-AXVKM,xgb_churn_v2,2026-10-05T08:55:20.366037+00:00,0.97222215,High,1,South,referral,65,Female,Basic,Month-to-month,84.8,11,Failed payments (90d),Payments,Raises risk,1.1496,Failed-payment ratio,Payments,Raises risk,0.9502,Feature adoption,Engagement,Lowers risk,-0.6296,Payment recovery + switch to auto-pay,241,2,84.8,82.44,7-12m
9057-SIHCH,xgb_churn_v2,2026-10-05T08:55:20.366037+00:00,0.97222215,High,1,East,paid_search,24,Female,Basic,Month-to-month,96.6,3,Open support tickets,Support,Raises risk,0.9936,Customer tenure,Tenure,Raises risk,0.5931,Usage trend,Engagement,Lowers risk,-0.5771,Escalate to retention specialist,242,2,96.6,93.92,0-6m
9985-MWVIX,xgb_churn_v2,2026-10-05T08:55:20.366037+00:00,0.9141481,High,1,East,organic,33,Female,Basic,Month-to-month,70.15,1,Customer tenure,Tenure,Raises risk,1.0029,Usage trend,Engagement,Raises risk,0.8516,Feature adoption,Engagement,Raises risk,0.5627,Early-life onboarding call,243,2,70.15,64.13,0-6m
4629-NRXKX,xgb_churn_v2,2026-10-05T08:55:20.366037+00:00,0.882353,High,1,East,partner,30,Female,Basic,Month-to-month,70.4,2,Customer tenure,Tenure,Raises risk,0.7555,Month-to-month contract,Plan & Billing,Raises risk,0.5709,Session minutes,Engagement,Raises risk,0.504,Early-life onboarding call,244,2,70.4,62.12,0-6m
4749-VFKVB,xgb_churn_v2,2026-10-05T08:55:20.366037+00:00,0.882353,High,1,North,referral,30,Female,Basic,Month-to-month,50.1,1,Customer tenure,Tenure,Raises risk,0.989,Feature adoption,Engagement,Raises risk,0.8713,Usage trend,Engagement,Raises risk,0.7372,Early-life onboarding call,245,2,50.1,44.21,0-6m
7330-WZLNC,xgb_churn_v2,2026-10-05T08:55:20.366037+00:00,0.882353,High,1,North,social,39,Female,Basic,Month-to-month,90.8,5,Customer tenure,Tenure,Raises risk,0.6269,Month-to-month contract,Plan & Billing,Raises risk,0.503,Session minutes,Engagement,Raises risk,0.4611,Early-life onboarding call,246,2,90.8,80.12,0-6m
5419-CONWX,xgb_churn_v2,2026-10-05T08:55:20.366037+00:00,0.88235295,High,1,Central,paid_search,64,Female,Basic,Month-to-month,99.8,4,Monthly charge,Plan & Billing,Raises risk,0.76,Feature adoption,Engagement,Lowers risk,-0.7276,Failed payments (90d),Payments,Raises risk,0.6781,Price-fit review / bundle offer,247,2,99.8,88.06,0-6m
4603-JANFB,xgb_churn_v2,2026-10-05T08:55:20.366037+00:00,0.88235295,High,1,West,partner,34,Male,Basic,Month-to-month,69.85,1,Customer tenure,Tenure,Raises risk,1.2175,Failed payments (90d),Payments,Raises risk,0.5628,Month-to-month contract,Plan & Billing,Raises risk,0.5302,Early-life onboarding call,248,2,69.85,61.63,0-6m
7989-CHGTL,xgb_churn_v2,2026-10-05T08:55:20.366037+00:00,0.88235295,High,1,North,organic,53,Male,Basic,Month-to-month,19.6,1,Customer tenure,Tenure,Raises risk,1.2072,Failed payments (90d),Payments,Raises risk,1.1906,Usage trend,Engagement,Lowers risk,-1.0908,Early-life onboarding call,249,2,19.6,17.29,0-6m
7825-ECJRF,xgb_churn_v2,2026-10-05T08:55:20.366037+00:00,0.88235295,High,1,South,organic,42,Female,Basic,Month-to-month,106.6,19,Failed payments (90d),Payments,Raises risk,0.6373,Feature adoption,Engagement,Raises risk,0.5559,Session minutes,Engagement,Raises risk,0.4975,Payment recovery + switch to auto-pay,250,2,106.6,94.06,13-24m
1193-RTSLK,xgb_churn_v2,2026-10-05T08:55:20.366037+00:00,0.88235295,High,1,Central,partner,46,Female,Basic,Month-to-month,83.9,38,Failed payments (90d),Payments,Raises risk,0.6204,Open support tickets,Support,Raises risk,0.5363,Customer tenure,Tenure,Lowers risk,-0.4858,Payment recovery + switch to auto-pay,251,2,83.9,74.03,25-48m
9603-OAIHC,xgb_churn_v2,2026-10-05T08:55:20.366037+00:00,0.88235295,High,0,North,organic,62,Male,Basic,Month-to-month,70.05,1,Customer tenure,Tenure,Raises risk,1.4359,Customer age,Demographic,Raises risk,0.629,Month-to-month contract,Plan & Billing,Raises risk,0.4814,Early-life onboarding call,252,2,70.05,61.81,0-6m
9600-UDOPK,xgb_churn_v2,2026-10-05T08:55:20.366037+00:00,0.88235295,High,1,West,organic,37,Male,Basic,Month-to-month,94.05,30,Feature adoption,Engagement,Raises risk,0.9452,Failed payments (90d),Payments,Raises risk,0.5924,Month-to-month contract,Plan & Billing,Raises risk,0.4277,Proactive feature walkthrough,253,2,94.05,82.99,25-48m
8623-TMRBY,xgb_churn_v2,2026-10-05T08:55:20.366037+00:00,0.88235295,High,1,Central,social,68,Male,Basic,Month-to-month,84.2,51,Failed payments (90d),Payments,Raises risk,1.2085,Failed-payment ratio,Payments,Raises risk,1.1279,Customer tenure,Tenure,Lowers risk,-0.8575,Payment recovery + switch to auto-pay,254,2,84.2,74.29,49m+
2860-RANUS,xgb_churn_v2,2026-10-05T08:55:20.366037+00:00,0.88235295,High,1,South,social,73,Female,Basic,Month-to-month,85.8,20,Month-to-month contract,Plan & Billing,Raises risk,0.5196,Open support tickets,Support,Raises risk,0.4035,Monthly charge,Plan & Billing,Raises risk,0.3668,Offer annual-contract incentive,255,2,85.8,75.71,13-24m
4220-TINQT,xgb_churn_v2,2026-10-05T08:55:20.366037+00:00,0.88235295,High,0,North,partner,43,Female,Basic,Month-to-month,106.35,61,Usage trend,Engagement,Raises risk,0.9601,Customer tenure,Tenure,Lowers risk,-0.8885,Monthly charge,Plan & Billing,Raises risk,0.7088,Proactive check-in call,256,2,106.35,93.84,49m+
6311-UEUME,xgb_churn_v2,2026-10-05T08:55:20.366037+00:00,0.88235295,High,1,South,partner,45,Female,Basic,Month-to-month,78.9,29,Feature adoption,Engagement,Raises risk,1.0709,Failed payments (90d),Payments,Raises risk,0.661,Session count,Engagement,Raises risk,0.5964,Proactive feature walkthrough,257,2,78.9,69.62,25-48m
9725-SCPZG,xgb_churn_v2,2026-10-05T08:55:20.366037+00:00,0.88235295,High,1,Central,referral,53,Male,Basic,Month-to-month,90.85,1,Customer tenure,Tenure,Raises risk,1.3145,Feature adoption,Engagement,Lowers risk,-0.5133,Month-to-month contract,Plan & Billing,Raises risk,0.4939,Early-life onboarding call,258,2,90.85,80.16,0-6m
0378-TOVMS,xgb_churn_v2,2026-10-05T08:55:20.366037+00:00,0.88235295,High,1,North,organic,52,Female,Basic,Month-to-month,85.8,3,Customer tenure,Tenure,Raises risk,0.6556,Session count,Engagement,Lowers risk,-0.4772,Month-to-month contract,Plan & Billing,Raises risk,0.4752,Early-life onboarding call,259,2,85.8,75.71,0-6m
0679-IDSTG,xgb_churn_v2,2026-10-05T08:55:20.366037+00:00,0.88235295,High,1,North,paid_search,70,Female,Basic,Month-to-month,69.25,1,Customer tenure,Tenure,Raises risk,1.2307,Month-to-month contract,Plan & Billing,Raises risk,0.5206,Failed payments (90d),Payments,Lowers risk,-0.3198,Early-life onboarding call,260,2,69.25,61.1,0-6m
4813-HQMGZ,xgb_churn_v2,2026-10-05T08:55:20.366037+00:00,0.88235295,High,0,Central,social,58,Female,Basic,Month-to-month,90.25,8,Failed payments (90d),Payments,Raises risk,0.7298,Month-to-month contract,Plan & Billing,Raises risk,0.5579,Monthly charge,Plan & Billing,Raises risk,0.4134,Payment recovery + switch to auto-pay,261,2,90.25,79.63,7-12m
0004-TLHLJ,xgb_churn_v2,2026-10-05T08:55:20.366037+00:00,0.88235295,High,1,North,partner,32,Male,Basic,Month-to-month,73.9,4,Month-to-month contract,Plan & Billing,Raises risk,0.5087,Customer tenure,Tenure,Raises risk,0.4434,Open support tickets,Support,Raises risk,0.4193,Offer annual-contract incentive,262,2,73.9,65.21,0-6m
6513-EECDB,xgb_churn_v2,2026-10-05T08:55:20.366037+00:00,0.88235295,High,1,East,partner,69,Male,Basic,Month-to-month,73.55,1,Customer tenure,Tenure,Raises risk,1.1763,Session minutes,Engagement,Lowers risk,-0.6498,Failed payments (90d),Payments,Raises risk,0.5578,Early-life onboarding call,263,2,73.55,64.9,0-6m
0709-TVGUR,xgb_churn_v2,2026-10-05T08:55:20.366037+00:00,0.88235295,High,1,West,organic,78,Female,Basic,Month-to-month,74.55,9,Month-to-month contract,Plan & Billing,Raises risk,0.5266,Customer age,Demographic,Raises risk,0.4559,Feature adoption,Engagement,Raises risk,0.4441,Offer annual-contract incentive,264,2,74.55,65.78,7-12m
0661-XEYAN,xgb_churn_v2,2026-10-05T08:55:20.366037+00:00,0.88235295,High,1,South,referral,66,Female,Basic,Month-to-month,25.8,1,Customer tenure,Tenure,Raises risk,1.2343,Failed payments (90d),Payments,Raises risk,0.6329,Month-to-month contract,Plan & Billing,Raises risk,0.5483,Early-life onboarding call,265,2,25.8,22.76,0-6m
7142-HVGBG,xgb_churn_v2,2026-10-05T08:55:20.366037+00:00,0.88235295,High,1,North,paid_search,63,Male,Basic,Month-to-month,103.0,43,Failed payments (90d),Payments,Raises risk,0.7079,Monthly charge,Plan & Billing,Raises risk,0.5876,Customer tenure,Tenure,Lowers risk,-0.5367,Payment recovery + switch to auto-pay,266,2,103.0,90.88,25-48m
5960-WPXQM,xgb_churn_v2,2026-10-05T08:55:20.366037+00:00,0.88235295,High,1,South,referral,27,Male,Basic,Month-to-month,79.05,1,Customer tenure,Tenure,Raises risk,1.4824,Month-to-month contract,Plan & Billing,Raises risk,0.5322,Monthly charge,Plan & Billing,Raises risk,0.3763,Early-life onboarding call,267,2,79.05,69.75,0-6m
0678-RLHVP,xgb_churn_v2,2026-10-05T08:55:20.366037+00:00,0.88235295,High,0,Central,partner,45,Female,Pro,Two year,105.55,53,Failed-payment ratio,Payments,Raises risk,1.2837,Failed payments (90d),Payments,Raises risk,1.1733,Monthly charge,Plan & Billing,Raises risk,0.9304,Payment recovery + switch to auto-pay,268,2,105.55,93.13,49m+
9974-JFBHQ,xgb_churn_v2,2026-10-05T08:55:20.366037+00:00,0.88235295,High,0,East,partner,24,Male,Basic,Month-to-month,99.15,64,Customer tenure,Tenure,Lowers risk,-0.943,Session count,Engagement,Raises risk,0.7956,Failed payments (90d),Payments,Raises risk,0.5886,Proactive feature walkthrough,269,2,99.15,87.49,49m+
0722-TROQR,xgb_churn_v2,2026-10-05T08:55:20.366037+00:00,0.88235295,High,1,East,referral,67,Female,Basic,Month-to-month,74.9,4,Feature adoption,Engagement,Lowers risk,-1.1217,Failed payments (90d),Payments,Raises risk,0.6976,Session minutes,Engagement,Raises risk,0.6485,Payment recovery + switch to auto-pay,270,2,74.9,66.09,0-6m
0611-DFXKO,xgb_churn_v2,2026-10-05T08:55:20.366037+00:00,0.88235295,High,1,North,referral,37,Male,Basic,Month-to-month,89.0,20,Feature adoption,Engagement,Raises risk,0.7401,Failed payments (90d),Payments,Raises risk,0.5996,Session minutes,Engagement,Raises risk,0.5334,Proactive feature walkthrough,271,2,89.0,78.53,13-24m
7639-SUPCW,xgb_churn_v2,2026-10-05T08:55:20.366037+00:00,0.88235295,High,1,North,partner,54,Female,Basic,Month-to-month,48.8,22,Failed payments (90d),Payments,Raises risk,0.6482,Session minutes,Engagement,Raises risk,0.5828,Month-to-month contract,Plan & Billing,Raises risk,0.5503,Payment recovery + switch to auto-pay,272,2,48.8,43.06,13-24m
5835-BEQEU,xgb_churn_v2,2026-10-05T08:55:20.366037+00:00,0.88235295,High,1,North,partner,51,Male,Basic,Month-to-month,76.95,3,Failed payments (90d),Payments,Raises risk,0.7238,Customer tenure,Tenure,Raises risk,0.5852,Month-to-month contract,Plan & Billing,Raises risk,0.5555,Payment recovery + switch to auto-pay,273,2,76.95,67.9,0-6m
3235-ETOOB,xgb_churn_v2,2026-10-05T08:55:20.366037+00:00,0.88235295,High,1,East,social,54,Male,Basic,Month-to-month,74.5,8,Failed payments (90d),Payments,Raises risk,0.5649,Month-to-month contract,Plan & Billing,Raises risk,0.5141,Feature adoption,Engagement,Raises risk,0.433,Payment recovery + switch to auto-pay,274,2,74.5,65.74,7-12m
8802-UNOJF,xgb_churn_v2,2026-10-05T08:55:20.366037+00:00,0.88235295,High,1,East,paid_search,63,Male,Basic,Month-to-month,83.8,12,Month-to-month contract,Plan & Billing,Raises risk,0.5186,Session minutes,Engagement,Raises risk,0.4931,Usage trend,Engagement,Raises risk,0.4236,Offer annual-contract incentive,275,2,83.8,73.94,7-12m
0886-QGENL,xgb_churn_v2,2026-10-05T08:55:20.366037+00:00,0.88235295,High,1,South,paid_search,66,Female,Basic,Month-to-month,101.25,27,Failed payments (90d),Payments,Raises risk,0.7095,Feature adoption,Engagement,Raises risk,0.5499,Session minutes,Engagement,Raises risk,0.5241,Payment recovery + switch to auto-pay,276,2,101.25,89.34,25-48m
3565-UNOCC,xgb_churn_v2,2026-10-05T08:55:20.366037+00:00,0.88235295,High,1,East,social,64,Female,Basic,Month-to-month,99.05,29,Usage trend,Engagement,Raises risk,1.2672,Monthly charge,Plan & Billing,Raises risk,0.5893,Month-to-month contract,Plan & Billing,Raises risk,0.4156,Proactive check-in call,277,2,99.05,87.4,25-48m
7893-IXHRQ,xgb_churn_v2,2026-10-05T08:55:20.366037+00:00,0.88235295,High,1,West,referral,34,Male,Basic,Month-to-month,20.55,1,Failed payments (90d),Payments,Raises risk,1.1628,Customer tenure,Tenure,Raises risk,1.0268,Monthly charge,Plan & Billing,Lowers risk,-0.8736,Payment recovery + switch to auto-pay,278,2,20.55,18.13,0-6m
7693-LCKZL,xgb_churn_v2,2026-10-05T08:55:20.366037+00:00,0.88235295,High,1,East,paid_search,24,Male,Basic,Month-to-month,80.15,5,Usage trend,Engagement,Raises risk,0.9346,Customer tenure,Tenure,Raises risk,0.604,Month-to-month contract,Plan & Billing,Raises risk,0.4638,Proactive check-in call,279,2,80.15,70.72,0-6m
7817-BOQPW,xgb_churn_v2,2026-10-05T08:55:20.366037+00:00,0.88235295,High,1,North,social,35,Female,Basic,Month-to-month,75.55,2,Customer tenure,Tenure,Raises risk,0.7039,Failed payments (90d),Payments,Raises risk,0.6593,Feature adoption,Engagement,Raises risk,0.5438,Early-life onboarding call,280,2,75.55,66.66,0-6m
6982-UQZLY,xgb_churn_v2,2026-10-05T08:55:20.366037+00:00,0.88235295,High,1,East,organic,63,Female,Basic,Month-to-month,20.85,1,Customer tenure,Tenure,Raises risk,1.2091,Failed payments (90d),Payments,Raises risk,0.6729,Monthly charge,Plan & Billing,Lowers risk,-0.6431,Early-life onboarding call,281,2,20.85,18.4,0-6m
4439-YRNVD,xgb_churn_v2,2026-10-05T08:55:20.366037+00:00,0.88235295,High,0,South,partner,43,Female,Basic,Month-to-month,36.25,10,Usage trend,Engagement,Raises risk,0.9528,Month-to-month contract,Plan & Billing,Raises risk,0.4833,Session minutes,Engagement,Raises risk,0.4268,Proactive check-in call,282,2,36.25,31.99,7-12m
0568-ONFPC,xgb_churn_v2,2026-10-05T08:55:20.366037+00:00,0.88235295,High,1,North,partner,39,Male,Basic,Month-to-month,25.9,5,Failed payments (90d),Payments,Raises risk,1.073,Monthly charge,Plan & Billing,Lowers risk,-0.829,Failed-payment ratio,Payments,Raises risk,0.7566,Payment recovery + switch to auto-pay,283,2,25.9,22.85,0-6m
4112-LUEIZ,xgb_churn_v2,2026-10-05T08:55:20.366037+00:00,0.88235295,High,1,Central,social,36,Male,Basic,Month-to-month,89.5,10,Feature adoption,Engagement,Raises risk,0.6662,Month-to-month contract,Plan & Billing,Raises risk,0.537,Monthly charge,Plan & Billing,Raises risk,0.445,Proactive feature walkthrough,284,2,89.5,78.97,7-12m
2845-AFFTX,xgb_churn_v2,2026-10-05T08:55:20.366037+00:00,0.88235295,High,1,South,partner,70,Male,Basic,Month-to-month,99.8,41,Usage trend,Engagement,Raises risk,0.924,Session minutes,Engagement,Lowers risk,-0.7676,Monthly charge,Plan & Billing,Raises risk,0.6548,Proactive check-in call,285,3,99.8,88.06,25-48m
9221-OTIVJ,xgb_churn_v2,2026-10-05T08:55:20.366037+00:00,0.88235295,High,1,Central,partner,75,Female,Basic,Month-to-month,104.85,14,Monthly charge,Plan & Billing,Raises risk,0.6361,Session minutes,Engagement,Raises risk,0.6017,Feature adoption,Engagement,Lowers risk,-0.4981,Price-fit review / bundle offer,286,3,104.85,92.51,13-24m
3858-VOBET,xgb_churn_v2,2026-10-05T08:55:20.366037+00:00,0.88235295,High,1,Central,referral,42,Male,Basic,Month-to-month,74.95,23,Usage trend,Engagement,Raises risk,0.7228,Failed payments (90d),Payments,Raises risk,0.5524,Month-to-month contract,Plan & Billing,Raises risk,0.4901,Proactive check-in call,287,3,74.95,66.13,13-24m
0196-VULGZ,xgb_churn_v2,2026-10-05T08:55:20.366037+00:00,0.88235295,High,1,Central,referral,64,Female,Basic,Month-to-month,84.35,6,Session minutes,Engagement,Raises risk,0.5263,Month-to-month contract,Plan & Billing,Raises risk,0.5214,Feature adoption,Engagement,Raises risk,0.4519,Proactive feature walkthrough,288,3,84.35,74.43,0-6m
2868-SNELZ,xgb_churn_v2,2026-10-05T08:55:20.366037+00:00,0.88235295,High,1,East,organic,44,Female,Basic,Month-to-month,80.6,2,Customer tenure,Tenure,Raises risk,0.7853,Feature adoption,Engagement,Raises risk,0.6738,Failed payments (90d),Payments,Raises risk,0.5737,Early-life onboarding call,289,3,80.6,71.12,0-6m
8443-WVPSS,xgb_churn_v2,2026-10-05T08:55:20.366037+00:00,0.8823529,High,1,East,referral,39,Male,Basic,Month-to-month,99.85,10,Monthly charge,Plan & Billing,Raises risk,0.806,Usage trend,Engagement,Raises risk,0.7441,Month-to-month contract,Plan & Billing,Raises risk,0.4591,Price-fit review / bundle offer,290,3,99.85,88.1,7-12m
4658-HCOHW,xgb_churn_v2,2026-10-05T08:55:20.366037+00:00,0.8823529,High,1,North,social,34,Female,Basic,Month-to-month,102.8,21,Open support tickets,Support,Raises risk,1.0225,Monthly charge,Plan & Billing,Raises risk,0.6021,Support tickets (90d),Support,Raises risk,0.5818,Escalate to retention specialist,291,3,102.8,90.71,13-24m
4919-IKATY,xgb_churn_v2,2026-10-05T08:55:20.366037+00:00,0.8823529,High,1,North,paid_search,40,Male,Basic,Month-to-month,84.5,5,Month-to-month contract,Plan & Billing,Raises risk,0.5522,Customer tenure,Tenure,Raises risk,0.5411,Feature adoption,Engagement,Raises risk,0.4311,Offer annual-contract incentive,292,3,84.5,74.56,0-6m
2057-ZBLPD,xgb_churn_v2,2026-10-05T08:55:20.366037+00:00,0.8823529,High,1,Central,referral,26,Female,Basic,Month-to-month,86.5,21,Session count,Engagement,Raises risk,0.8256,Month-to-month contract,Plan & Billing,Raises risk,0.4968,Open support tickets,Support,Raises risk,0.4226,Proactive feature walkthrough,293,3,86.5,76.32,13-24m
0793-TWELN,xgb_churn_v2,2026-10-05T08:55:20.366037+00:00,0.8823529,High,0,East,organic,49,Female,Basic,Month-to-month,80.15,4,Month-to-month contract,Plan & Billing,Raises risk,0.5192,Customer tenure,Tenure,Raises risk,0.5085,Feature adoption,Engagement,Raises risk,0.443,Offer annual-contract incentive,294,3,80.15,70.72,0-6m
5057-LCOUI,xgb_churn_v2,2026-10-05T08:55:20.366037+00:00,0.86532015,High,1,South,referral,37,Female,Basic,Month-to-month,50.75,39,Usage trend,Engagement,Raises risk,1.1153,Feature adoption,Engagement,Raises risk,0.7679,Days since last active,Engagement,Raises risk,0.4364,Proactive check-in call,295,3,50.75,43.91,25-48m
4317-VTEOA,xgb_churn_v2,2026-10-05T08:55:20.366037+00:00,0.8643367,High,1,Central,referral,28,Male,Basic,Month-to-month,50.75,1,Customer tenure,Tenure,Raises risk,0.8613,Feature adoption,Engagement,Raises risk,0.6575,Session minutes,Engagement,Lowers risk,-0.5879,Early-life onboarding call,296,3,50.75,43.87,0-6m
1989-PRJHP,xgb_churn_v2,2026-10-05T08:55:20.366037+00:00,0.86152536,High,1,Central,organic,74,Male,Basic,Month-to-month,75.5,27,Failed payments (90d),Payments,Raises risk,0.7624,Month-to-month contract,Plan & Billing,Raises risk,0.5488,Customer tenure,Tenure,Lowers risk,-0.3979,Payment recovery + switch to auto-pay,297,3,75.5,65.05,25-48m
6353-BRMMA,xgb_churn_v2,2026-10-05T08:55:20.366037+00:00,0.8277282,High,0,West,referral,33,Female,Basic,Month-to-month,104.1,54,Monthly charge,Plan & Billing,Raises risk,0.6981,Failed payments (90d),Payments,Raises risk,0.5942,Customer tenure,Tenure,Lowers risk,-0.5409,Price-fit review / bundle offer,298,3,104.1,86.17,49m+
1455-UGQVH,xgb_churn_v2,2026-10-05T08:55:20.366037+00:00,0.77660674,High,1,Central,partner,37,Male,Basic,Month-to-month,98.5,10,Monthly charge,Plan & Billing,Raises risk,0.7798,Month-to-month contract,Plan & Billing,Raises risk,0.4648,Usage trend,Engagement,Raises risk,0.3263,Price-fit review / bundle offer,299,3,98.5,76.5,7-12m
2272-QAGFO,xgb_churn_v2,2026-10-05T08:55:20.366037+00:00,0.7727193,High,1,East,paid_search,64,Female,Basic,Month-to-month,74.3,14,Usage trend,Engagement,Raises risk,1.0022,Month-to-month contract,Plan & Billing,Raises risk,0.5,Feature adoption,Engagement,Raises risk,0.4144,Proactive check-in call,300,3,74.3,57.41,13-24m
3815-SLMEF,xgb_churn_v2,2026-10-05T08:55:20.366037+00:00,0.75925934,High,1,Central,organic,39,Female,Basic,Month-to-month,34.25,3,Failed payments (90d),Payments,Raises risk,0.6356,Month-to-month contract,Plan & Billing,Raises risk,0.5577,Customer tenure,Tenure,Raises risk,0.5453,Payment recovery + switch to auto-pay,301,3,34.25,26.0,0-6m
5364-XYIRR,xgb_churn_v2,2026-10-05T08:55:20.366037+00:00,0.75925934,High,1,East,social,43,Male,Basic,Month-to-month,94.65,51,Feature adoption,Engagement,Raises risk,0.7738,Customer tenure,Tenure,Lowers risk,-0.7125,Session minutes,Engagement,Raises risk,0.5164,Proactive feature walkthrough,302,3,94.65,71.86,49m+
0289-IVARM,xgb_churn_v2,2026-10-05T08:55:20.366037+00:00,0.75925934,High,0,East,referral,38,Female,Basic,Month-to-month,60.55,35,Usage trend,Engagement,Raises risk,0.7608,Feature adoption,Engagement,Raises risk,0.4445,Month-to-month contract,Plan & Billing,Raises risk,0.4283,Proactive check-in call,303,3,60.55,45.97,25-48m
1628-BIZYP,xgb_churn_v2,2026-10-05T08:55:20.366037+00:00,0.75925934,High,0,East,referral,43,Male,Basic,Month-to-month,85.0,1,Customer tenure,Tenure,Raises risk,1.2364,Month-to-month contract,Plan & Billing,Raises risk,0.5306,Monthly charge,Plan & Billing,Raises risk,0.4587,Early-life onboarding call,304,3,85.0,64.54,0-6m
7503-QQRVF,xgb_churn_v2,2026-10-05T08:55:20.366037+00:00,0.75925934,High,1,South,organic,70,Male,Basic,Month-to-month,74.3,16,Session minutes,Engagement,Raises risk,0.637,Failed payments (90d),Payments,Raises risk,0.5853,Month-to-month contract,Plan & Billing,Raises risk,0.508,Proactive feature walkthrough,305,3,74.3,56.41,13-24m
9465-RWMXL,xgb_churn_v2,2026-10-05T08:55:20.366037+00:00,0.75925934,High,1,North,organic,34,Male,Basic,Month-to-month,78.9,32,Month-to-month contract,Plan & Billing,Raises risk,0.4774,Usage trend,Engagement,Raises risk,0.4535,Open support tickets,Support,Raises risk,0.3909,Offer annual-contract incentive,306,3,78.9,59.91,25-48m
0870-VEMYL,xgb_churn_v2,2026-10-05T08:55:20.366037+00:00,0.75925934,High,1,South,social,46,Female,Basic,Month-to-month,53.85,5,Failed payments (90d),Payments,Raises risk,0.7139,Feature adoption,Engagement,Lowers risk,-0.5518,Month-to-month contract,Plan & Billing,Raises risk,0.416,Payment recovery + switch to auto-pay,307,3,53.85,40.89,0-6m
4250-ZBWLV,xgb_churn_v2,2026-10-05T08:55:20.366037+00:00,0.75925934,High,1,West,social,25,Male,Standard,One year,108.45,68,Customer tenure,Tenure,Lowers risk,-1.1417,Feature adoption,Engagement,Raises risk,0.8988,Month-to-month contract,Plan & Billing,Lowers risk,-0.6712,Proactive feature walkthrough,308,3,108.45,82.34,49m+
3370-HXOPH,xgb_churn_v2,2026-10-05T08:55:20.366037+00:00,0.75925934,High,0,North,organic,30,Female,Basic,Month-to-month,76.1,3,Feature adoption,Engagement,Raises risk,0.7236,Customer tenure,Tenure,Raises risk,0.5817,Session minutes,Engagement,Raises risk,0.5418,Proactive feature walkthrough,309,3,76.1,57.78,0-6m
3569-EDBPQ,xgb_churn_v2,2026-10-05T08:55:20.366037+00:00,0.75925934,High,0,East,paid_search,28,Female,Basic,Month-to-month,84.35,24,Usage trend,Engagement,Raises risk,0.7407,Month-to-month contract,Plan & Billing,Raises risk,0.4494,Monthly charge,Plan & Billing,Raises risk,0.3497,Proactive check-in call,310,3,84.35,64.04,13-24m
9412-GHEEC,xgb_churn_v2,2026-10-05T08:55:20.366037+00:00,0.75925934,High,1,East,organic,25,Male,Basic,Month-to-month,104.8,40,Customer tenure,Tenure,Lowers risk,-0.6107,Monthly charge,Plan & Billing,Raises risk,0.5938,Open support tickets,Support,Raises risk,0.5392,Price-fit review / bundle offer,311,3,104.8,79.57,25-48m
1066-JKSGK,xgb_churn_v2,2026-10-05T08:55:20.366037+00:00,0.75925934,High,1,North,partner,39,Male,Basic,Month-to-month,20.15,1,Monthly charge,Plan & Billing,Lowers risk,-1.179,Failed payments (90d),Payments,Raises risk,1.0588,Customer tenure,Tenure,Raises risk,1.0451,Payment recovery + switch to auto-pay,312,3,20.15,15.3,0-6m
1092-GANHU,xgb_churn_v2,2026-10-05T08:55:20.366037+00:00,0.75925934,High,1,Central,social,40,Male,Basic,Month-to-month,76.65,17,Feature adoption,Engagement,Raises risk,0.7684,Month-to-month contract,Plan & Billing,Raises risk,0.5197,Failed payments (90d),Payments,Lowers risk,-0.3471,Proactive feature walkthrough,313,3,76.65,58.2,13-24m
7568-PODML,xgb_churn_v2,2026-10-05T08:55:20.366037+00:00,0.75925934,High,1,West,paid_search,24,Male,Basic,Month-to-month,45.3,1,Customer tenure,Tenure,Raises risk,1.1964,Failed payments (90d),Payments,Raises risk,0.599,Feature adoption,Engagement,Lowers risk,-0.5978,Early-life onboarding call,314,3,45.3,34.39,0-6m
9948-YPTDG,xgb_churn_v2,2026-10-05T08:55:20.366037+00:00,0.75925934,High,1,North,organic,41,Male,Basic,Month-to-month,79.45,38,Feature adoption,Engagement,Raises risk,0.6667,Month-to-month contract,Plan & Billing,Raises risk,0.5035,Customer tenure,Tenure,Lowers risk,-0.4427,Proactive feature walkthrough,315,3,79.45,60.32,25-48m
8945-GRKHX,xgb_churn_v2,2026-10-05T08:55:20.366037+00:00,0.75925934,High,1,Central,partner,55,Female,Basic,Month-to-month,78.65,1,Customer tenure,Tenure,Raises risk,1.2869,Month-to-month contract,Plan & Billing,Raises risk,0.5453,Feature adoption,Engagement,Raises risk,0.3833,Early-life onboarding call,316,3,78.65,59.72,0-6m
0324-BRPCJ,xgb_churn_v2,2026-10-05T08:55:20.366037+00:00,0.75925934,High,1,North,referral,75,Female,Basic,Month-to-month,100.2,68,Customer tenure,Tenure,Lowers risk,-1.2475,Open support tickets,Support,Raises risk,0.7755,Monthly charge,Plan & Billing,Raises risk,0.5266,Escalate to retention specialist,317,3,100.2,76.08,49m+
3916-NRPAP,xgb_churn_v2,2026-10-05T08:55:20.366037+00:00,0.7592593,High,0,Central,paid_search,54,Male,Basic,Month-to-month,85.7,3,Customer tenure,Tenure,Raises risk,0.7267,Month-to-month contract,Plan & Billing,Raises risk,0.5327,Monthly charge,Plan & Billing,Raises risk,0.4653,Early-life onboarding call,318,3,85.7,65.07,0-6m
8722-NGNBH,xgb_churn_v2,2026-10-05T08:55:20.366037+00:00,0.7592593,High,1,East,paid_search,34,Male,Basic,Month-to-month,40.0,5,Failed payments (90d),Payments,Raises risk,0.6971,Feature adoption,Engagement,Lowers risk,-0.6603,Month-to-month contract,Plan & Billing,Raises risk,0.4535,Payment recovery + switch to auto-pay,319,3,40.0,30.37,0-6m
7571-YXDAD,xgb_churn_v2,2026-10-05T08:55:20.366037+00:00,0.7592593,High,1,Central,paid_search,31,Female,Basic,Month-to-month,74.9,2,Customer tenure,Tenure,Raises risk,0.8258,Open support tickets,Support,Raises risk,0.6232,Session minutes,Engagement,Lowers risk,-0.573,Early-life onboarding call,320,3,74.9,56.87,0-6m
3068-OMWZA,xgb_churn_v2,2026-10-05T08:55:20.366037+00:00,0.7592593,High,1,East,partner,66,Male,Basic,Month-to-month,88.8,1,Customer tenure,Tenure,Raises risk,1.4199,Month-to-month contract,Plan & Billing,Raises risk,0.4932,Monthly charge,Plan & Billing,Raises risk,0.3634,Early-life onboarding call,321,3,88.8,67.42,0-6m
9206-GVPEQ,xgb_churn_v2,2026-10-05T08:55:20.366037+00:00,0.7592593,High,1,West,social,43,Male,Basic,Month-to-month,54.45,13,Usage trend,Engagement,Raises risk,0.8365,Days since last active,Engagement,Raises risk,0.5197,Month-to-month contract,Plan & Billing,Raises risk,0.4537,Proactive check-in call,322,3,54.45,41.34,13-24m
1456-TWCGB,xgb_churn_v2,2026-10-05T08:55:20.366037+00:00,0.7592593,High,0,Central,referral,26,Male,Basic,Month-to-month,49.25,4,Feature adoption,Engagement,Raises risk,1.0558,Session minutes,Engagement,Raises risk,0.4759,Month-to-month contract,Plan & Billing,Raises risk,0.467,Proactive feature walkthrough,323,3,49.25,37.39,0-6m
9317-WZPGV,xgb_churn_v2,2026-10-05T08:55:20.366037+00:00,0.7592593,High,1,North,organic,63,Female,Basic,Month-to-month,79.75,2,Customer tenure,Tenure,Raises risk,0.7681,Feature adoption,Engagement,Raises risk,0.5769,Month-to-month contract,Plan & Billing,Raises risk,0.5148,Early-life onboarding call,324,3,79.75,60.55,0-6m
4193-ORFCL,xgb_churn_v2,2026-10-05T08:55:20.366037+00:00,0.7592593,High,1,West,social,64,Female,Basic,Month-to-month,45.1,1,Customer tenure,Tenure,Raises risk,1.1973,Month-to-month contract,Plan & Billing,Raises risk,0.5005,Monthly charge,Plan & Billing,Lowers risk,-0.4282,Early-life onboarding call,325,3,45.1,34.24,0-6m
1251-STYSZ,xgb_churn_v2,2026-10-05T08:55:20.366037+00:00,0.7592593,High,0,South,organic,61,Female,Basic,Month-to-month,80.25,4,Feature adoption,Engagement,Lowers risk,-0.8763,Customer tenure,Tenure,Raises risk,0.7535,Failed payments (90d),Payments,Raises risk,0.6839,Early-life onboarding call,326,3,80.25,60.93,0-6m
6331-LWDTQ,xgb_churn_v2,2026-10-05T08:55:20.366037+00:00,0.7592593,High,1,Central,referral,37,Male,Basic,Month-to-month,72.15,10,Month-to-month contract,Plan & Billing,Raises risk,0.5624,Session count,Engagement,Raises risk,0.455,Session minutes,Engagement,Raises risk,0.4518,Offer annual-contract incentive,327,3,72.15,54.78,7-12m
8816-VXNZD,xgb_churn_v2,2026-10-05T08:55:20.366037+00:00,0.7592593,High,1,North,partner,34,Female,Basic,Month-to-month,75.1,1,Usage trend,Engagement,Lowers risk,-1.4379,Customer tenure,Tenure,Raises risk,1.2467,Month-to-month contract,Plan & Billing,Raises risk,0.5308,Early-life onboarding call,328,3,75.1,57.02,0-6m
4800-VHZKI,xgb_churn_v2,2026-10-05T08:55:20.366037+00:00,0.7592593,High,1,North,social,51,Female,Basic,Month-to-month,19.9,1,Customer tenure,Tenure,Raises risk,1.3795,Monthly charge,Plan & Billing,Lowers risk,-0.886,Feature adoption,Engagement,Raises risk,0.7617,Early-life onboarding call,329,3,19.9,15.11,0-6m
7767-UXAGJ,xgb_churn_v2,2026-10-05T08:55:20.366037+00:00,0.7592593,High,1,East,referral,28,Male,Basic,Month-to-month,50.45,1,Customer tenure,Tenure,Raises risk,0.8433,Feature adoption,Engagement,Raises risk,0.767,Month-to-month contract,Plan & Billing,Raises risk,0.4688,Early-life onboarding call,330,3,50.45,38.3,0-6m
1013-QCWAM,xgb_churn_v2,2026-10-05T08:55:20.366037+00:00,0.7592593,High,0,South,social,62,Female,Basic,Month-to-month,100.8,66,Usage trend,Engagement,Raises risk,1.062,Customer tenure,Tenure,Lowers risk,-0.9508,Customer age,Demographic,Raises risk,0.8034,Proactive check-in call,331,3,100.8,76.53,49m+
9508-ILZDG,xgb_churn_v2,2026-10-05T08:55:20.366037+00:00,0.7592593,High,0,East,paid_search,62,Female,Basic,Month-to-month,96.35,34,Feature adoption,Engagement,Raises risk,0.7536,Customer age,Demographic,Raises risk,0.6579,Session count,Engagement,Lowers risk,-0.5676,Proactive feature walkthrough,332,3,96.35,73.15,25-48m
4897-QSUYC,xgb_churn_v2,2026-10-05T08:55:20.366037+00:00,0.7592593,High,1,North,paid_search,54,Female,Basic,Month-to-month,20.15,1,Customer tenure,Tenure,Raises risk,1.1288,Monthly charge,Plan & Billing,Lowers risk,-0.9352,Feature adoption,Engagement,Raises risk,0.8235,Early-life onboarding call,333,3,20.15,15.3,0-6m
9210-IAHGH,xgb_churn_v2,2026-10-05T08:55:20.366037+00:00,0.7592593,High,1,Central,social,35,Female,Basic,Month-to-month,70.75,7,Feature adoption,Engagement,Raises risk,0.6377,Session minutes,Engagement,Raises risk,0.5739,Month-to-month contract,Plan & Billing,Raises risk,0.5402,Proactive feature walkthrough,334,3,70.75,53.72,7-12m
2225-ZRGSG,xgb_churn_v2,2026-10-05T08:55:20.366037+00:00,0.7592593,High,1,West,organic,33,Female,Pro,Two year,93.9,70,Ticket resolution time,Support,Raises risk,4.1344,Customer tenure,Tenure,Lowers risk,-1.0145,Month-to-month contract,Plan & Billing,Lowers risk,-0.8738,Escalate to retention specialist,335,3,93.9,71.29,49m+
5047-LHVLY,xgb_churn_v2,2026-10-05T08:55:20.366037+00:00,0.7592593,High,1,North,social,75,Male,Basic,Month-to-month,50.15,1,Customer tenure,Tenure,Raises risk,1.0437,Usage trend,Engagement,Raises risk,0.5512,Month-to-month contract,Plan & Billing,Raises risk,0.5077,Early-life onboarding call,336,3,50.15,38.08,0-6m
0947-IDHRQ,xgb_churn_v2,2026-10-05T08:55:20.366037+00:00,0.7592593,High,1,Central,partner,35,Female,Basic,Month-to-month,80.3,7,Month-to-month contract,Plan & Billing,Raises risk,0.5292,Open support tickets,Support,Raises risk,0.4971,Usage trend,Engagement,Lowers risk,-0.4222,Offer annual-contract incentive,337,3,80.3,60.97,7-12m
5261-QSHQM,xgb_churn_v2,2026-10-05T08:55:20.366037+00:00,0.7592593,High,1,East,partner,43,Female,Basic,Month-to-month,24.45,4,Open support tickets,Support,Raises risk,1.0948,Amount paid (90d),Payments,Lowers risk,-0.7618,Failed payments (90d),Payments,Raises risk,0.6839,Escalate to retention specialist,338,3,24.45,18.56,0-6m
0596-BQCEQ,xgb_churn_v2,2026-10-05T08:55:20.366037+00:00,0.7592593,High,1,South,referral,53,Female,Basic,Month-to-month,100.15,62,Customer tenure,Tenure,Lowers risk,-1.2501,Failed payments (90d),Payments,Raises risk,1.1635,Failed-payment ratio,Payments,Raises risk,1.1104,Payment recovery + switch to auto-pay,339,3,100.15,76.04,49m+
7377-DMMRI,xgb_churn_v2,2026-10-05T08:55:20.366037+00:00,0.7592593,High,1,Central,social,53,Male,Basic,Month-to-month,47.8,2,Customer tenure,Tenure,Raises risk,0.8168,Month-to-month contract,Plan & Billing,Raises risk,0.474,Open support tickets,Support,Raises risk,0.4562,Early-life onboarding call,340,3,47.8,36.29,0-6m
4833-QTJNO,xgb_churn_v2,2026-10-05T08:55:20.366037+00:00,0.7592593,High,0,Central,organic,61,Male,Basic,Month-to-month,83.85,67,Usage trend,Engagement,Raises risk,1.0031,Customer tenure,Tenure,Lowers risk,-0.9929,Customer age,Demographic,Raises risk,0.7092,Proactive check-in call,341,3,83.85,63.66,49m+
7730-IUTDZ,xgb_churn_v2,2026-10-05T08:55:20.366037+00:00,0.7592593,High,1,North,referral,57,Male,Basic,Month-to-month,75.2,43,Feature adoption,Engagement,Raises risk,0.7773,Month-to-month contract,Plan & Billing,Raises risk,0.5103,Customer tenure,Tenure,Lowers risk,-0.4966,Proactive feature walkthrough,342,3,75.2,57.1,25-48m
4250-FDVOU,xgb_churn_v2,2026-10-05T08:55:20.366037+00:00,0.7592593,High,1,North,referral,24,Female,Basic,Month-to-month,56.25,6,Month-to-month contract,Plan & Billing,Raises risk,0.4779,Usage trend,Engagement,Raises risk,0.3992,Days since last active,Engagement,Raises risk,0.3965,Offer annual-contract incentive,343,3,56.25,42.71,0-6m
1226-UDFZR,xgb_churn_v2,2026-10-05T08:55:20.366037+00:00,0.7592593,High,1,West,partner,49,Female,Basic,Month-to-month,49.6,2,Usage trend,Engagement,Raises risk,0.8639,Customer tenure,Tenure,Raises risk,0.6719,Month-to-month contract,Plan & Billing,Raises risk,0.4916,Proactive check-in call,344,3,49.6,37.66,0-6m
1771-OADNZ,xgb_churn_v2,2026-10-05T08:55:20.366037+00:00,0.7592593,High,1,East,referral,74,Male,Basic,Month-to-month,95.9,29,Monthly charge,Plan & Billing,Raises risk,0.5401,Feature adoption,Engagement,Raises risk,0.444,Month-to-month contract,Plan & Billing,Raises risk,0.4265,Price-fit review / bundle offer,345,3,95.9,72.81,25-48m
5299-SJCZT,xgb_churn_v2,2026-10-05T08:55:20.366037+00:00,0.7592593,High,1,West,social,22,Male,Basic,Month-to-month,101.55,3,Monthly charge,Plan & Billing,Raises risk,0.6832,Customer tenure,Tenure,Raises risk,0.5481,Feature adoption,Engagement,Raises risk,0.4948,Price-fit review / bundle offer,346,3,101.55,77.1,0-6m
9470-XCCEM,xgb_churn_v2,2026-10-05T08:55:20.366037+00:00,0.7592593,High,0,North,organic,22,Male,Basic,Month-to-month,89.65,35,Usage trend,Engagement,Raises risk,1.0021,Feature adoption,Engagement,Raises risk,0.797,Month-to-month contract,Plan & Billing,Raises risk,0.4358,Proactive check-in call,347,3,89.65,68.07,25-48m
4585-HETAI,xgb_churn_v2,2026-10-05T08:55:20.366037+00:00,0.7592593,High,1,North,partner,55,Female,Basic,Month-to-month,73.75,4,Month-to-month contract,Plan & Billing,Raises risk,0.5357,Customer tenure,Tenure,Raises risk,0.4522,Feature adoption,Engagement,Raises risk,0.4503,Offer annual-contract incentive,348,3,73.75,56.0,0-6m
5461-QKNTN,xgb_churn_v2,2026-10-05T08:55:20.366037+00:00,0.7592593,High,0,Central,social,60,Male,Basic,Month-to-month,94.3,43,Customer age,Demographic,Raises risk,0.6729,Failed payments (90d),Payments,Raises risk,0.6017,Customer tenure,Tenure,Lowers risk,-0.5816,Payment recovery + switch to auto-pay,349,3,94.3,71.6,25-48m
9330-IJWIO,xgb_churn_v2,2026-10-05T08:55:20.366037+00:00,0.7592593,High,1,East,organic,29,Female,Basic,Month-to-month,100.35,13,Feature adoption,Engagement,Lowers risk,-1.1213,Failed payments (90d),Payments,Raises risk,0.817,Monthly charge,Plan & Billing,Raises risk,0.6734,Payment recovery + switch to auto-pay,350,3,100.35,76.19,13-24m
5159-YFPKQ,xgb_churn_v2,2026-10-05T08:55:20.366037+00:00,0.7592593,High,1,North,paid_search,45,Female,Basic,Month-to-month,75.8,2,Customer tenure,Tenure,Raises risk,0.8927,Feature adoption,Engagement,Lowers risk,-0.5466,Open support tickets,Support,Raises risk,0.4803,Early-life onboarding call,351,3,75.8,57.55,0-6m
4745-LSPLO,xgb_churn_v2,2026-10-05T08:55:20.366037+00:00,0.7592593,High,1,West,organic,52,Male,Basic,Month-to-month,20.5,1,Customer tenure,Tenure,Raises risk,1.1675,Monthly charge,Plan & Billing,Lowers risk,-0.8703,Usage trend,Engagement,Raises risk,0.8167,Early-life onboarding call,352,3,20.5,15.56,0-6m
1792-UXAFY,xgb_churn_v2,2026-10-05T08:55:20.366037+00:00,0.7592593,High,1,Central,organic,74,Female,Basic,Month-to-month,89.15,17,Month-to-month contract,Plan & Billing,Raises risk,0.5244,Session count,Engagement,Raises risk,0.4575,Monthly charge,Plan & Billing,Raises risk,0.3566,Offer annual-contract incentive,353,3,89.15,67.69,13-24m
8443-ZRDBZ,xgb_churn_v2,2026-10-05T08:55:20.366037+00:00,0.7592593,High,1,East,referral,25,Male,Basic,Month-to-month,76.05,4,Feature adoption,Engagement,Raises risk,0.9649,Customer tenure,Tenure,Raises risk,0.5353,Month-to-month contract,Plan & Billing,Raises risk,0.4909,Proactive feature walkthrough,354,3,76.05,57.74,0-6m
5590-BYNII,xgb_churn_v2,2026-10-05T08:55:20.366037+00:00,0.7592593,High,1,East,organic,46,Male,Basic,Month-to-month,100.75,22,Monthly charge,Plan & Billing,Raises risk,0.6851,Open support tickets,Support,Raises risk,0.5152,Month-to-month contract,Plan & Billing,Raises risk,0.4125,Price-fit review / bundle offer,355,3,100.75,76.5,13-24m
9381-NDKME,xgb_churn_v2,2026-10-05T08:55:20.366037+00:00,0.7592593,High,1,East,organic,75,Female,Basic,Month-to-month,40.65,24,Session count,Engagement,Raises risk,0.7642,Month-to-month contract,Plan & Billing,Raises risk,0.4793,Failed payments (90d),Payments,Lowers risk,-0.3661,Proactive feature walkthrough,356,3,40.65,30.86,13-24m
1596-BBVTG,xgb_churn_v2,2026-10-05T08:55:20.366037+00:00,0.7592593,High,1,Central,referral,29,Male,Basic,Month-to-month,75.35,35,Failed payments (90d),Payments,Raises risk,0.5964,Open support tickets,Support,Raises risk,0.5586,Month-to-month contract,Plan & Billing,Raises risk,0.4878,Payment recovery + switch to auto-pay,357,3,75.35,57.21,25-48m
6319-IEJWJ,xgb_churn_v2,2026-10-05T08:55:20.366037+00:00,0.7592593,High,1,North,paid_search,22,Male,Basic,Month-to-month,90.2,20,Feature adoption,Engagement,Raises risk,0.9585,Month-to-month contract,Plan & Billing,Raises risk,0.4664,Monthly charge,Plan & Billing,Raises risk,0.3515,Proactive feature walkthrough,358,3,90.2,68.49,13-24m
1373-ORVIZ,xgb_churn_v2,2026-10-05T08:55:20.366037+00:00,0.7592593,High,1,South,partner,51,Female,Basic,Month-to-month,66.35,11,Feature adoption,Engagement,Raises risk,0.4633,Open support tickets,Support,Raises risk,0.4631,Month-to-month contract,Plan & Billing,Raises risk,0.4566,Proactive feature walkthrough,359,3,66.35,50.38,7-12m
3580-REOAC,xgb_churn_v2,2026-10-05T08:55:20.366037+00:00,0.7592593,High,1,South,referral,34,Male,Basic,Month-to-month,44.85,10,Feature adoption,Engagement,Raises risk,0.8592,Failed payments (90d),Payments,Raises risk,0.5057,Month-to-month contract,Plan & Billing,Raises risk,0.4937,Proactive feature walkthrough,360,3,44.85,34.05,7-12m
2254-DLXRI,xgb_churn_v2,2026-10-05T08:55:20.366037+00:00,0.7592593,High,0,South,partner,44,Female,Basic,Month-to-month,79.15,1,Customer tenure,Tenure,Raises risk,1.3567,Usage trend,Engagement,Raises risk,0.698,Session count,Engagement,Lowers risk,-0.6246,Early-life onboarding call,361,3,79.15,60.1,0-6m
8696-JKZNU,xgb_churn_v2,2026-10-05T08:55:20.366037+00:00,0.7592593,High,1,South,organic,61,Female,Basic,Month-to-month,76.25,37,Failed payments (90d),Payments,Raises risk,0.7994,Customer age,Demographic,Raises risk,0.7166,Feature adoption,Engagement,Lowers risk,-0.5713,Payment recovery + switch to auto-pay,362,3,76.25,57.89,25-48m
1589-AGTLK,xgb_churn_v2,2026-10-05T08:55:20.366037+00:00,0.7592593,High,1,East,paid_search,54,Male,Basic,Month-to-month,45.35,3,Feature adoption,Engagement,Raises risk,0.6328,Session count,Engagement,Raises risk,0.4717,Month-to-month contract,Plan & Billing,Raises risk,0.4673,Proactive feature walkthrough,363,3,45.35,34.43,0-6m
1120-BMWUB,xgb_churn_v2,2026-10-05T08:55:20.366037+00:00,0.7592593,High,1,East,referral,31,Female,Basic,Month-to-month,53.9,16,Failed payments (90d),Payments,Raises risk,0.5719,Month-to-month contract,Plan & Billing,Raises risk,0.4832,Session count,Engagement,Raises risk,0.4699,Payment recovery + switch to auto-pay,364,3,53.9,40.92,13-24m
7614-QVWQL,xgb_churn_v2,2026-10-05T08:55:20.366037+00:00,0.7592593,High,1,North,referral,52,Male,Standard,One year,51.8,49,Failed payments (90d),Payments,Raises risk,1.1464,Usage trend,Engagement,Raises risk,1.0621,Failed-payment ratio,Payments,Raises risk,1.0047,Payment recovery + switch to auto-pay,365,3,51.8,39.33,49m+
4431-EDMIQ,xgb_churn_v2,2026-10-05T08:55:20.366037+00:00,0.7592593,High,0,North,organic,27,Female,Basic,Month-to-month,75.7,7,Usage trend,Engagement,Raises risk,0.7145,Month-to-month contract,Plan & Billing,Raises risk,0.5064,Days since last active,Engagement,Raises risk,0.3596,Proactive check-in call,366,3,75.7,57.48,7-12m
0733-VUNUW,xgb_churn_v2,2026-10-05T08:55:20.366037+00:00,0.7592593,High,1,North,social,25,Male,Basic,Month-to-month,55.65,24,Open support tickets,Support,Raises risk,1.252,Failed payments (90d),Payments,Raises risk,0.5923,Month-to-month contract,Plan & Billing,Raises risk,0.3974,Escalate to retention specialist,367,3,55.65,42.25,13-24m
8267-ZNYVZ,xgb_churn_v2,2026-10-05T08:55:20.366037+00:00,0.7592593,High,1,Central,paid_search,57,Female,Standard,One year,103.75,33,Feature adoption,Engagement,Raises risk,0.9064,Month-to-month contract,Plan & Billing,Lowers risk,-0.7679,Monthly charge,Plan & Billing,Raises risk,0.6797,Proactive feature walkthrough,368,3,103.75,78.77,25-48m
4583-PARNH,xgb_churn_v2,2026-10-05T08:55:20.366037+00:00,0.7592593,High,0,West,referral,62,Male,Basic,Month-to-month,91.55,16,Feature adoption,Engagement,Raises risk,0.7871,Session minutes,Engagement,Lowers risk,-0.7031,Customer age,Demographic,Raises risk,0.5356,Proactive feature walkthrough,369,3,91.55,69.51,13-24m
4373-VVHQL,xgb_churn_v2,2026-10-05T08:55:20.366037+00:00,0.7592593,High,0,South,social,54,Male,Basic,Month-to-month,44.75,1,Customer tenure,Tenure,Raises risk,1.0075,Feature adoption,Engagement,Lowers risk,-0.8651,Failed payments (90d),Payments,Raises risk,0.7222,Early-life onboarding call,370,3,44.75,33.98,0-6m
1866-OBPNR,xgb_churn_v2,2026-10-05T08:55:20.366037+00:00,0.7592593,High,0,East,partner,22,Male,Basic,Month-to-month,74.6,1,Customer tenure,Tenure,Raises risk,1.3158,Session minutes,Engagement,Lowers risk,-0.5624,Month-to-month contract,Plan & Billing,Raises risk,0.5403,Early-life onboarding call,371,3,74.6,56.64,0-6m
8849-GYOKR,xgb_churn_v2,2026-10-05T08:55:20.366037+00:00,0.7592593,High,1,South,partner,42,Female,Standard,One year,106.55,54,Usage trend,Engagement,Raises risk,0.9996,Failed payments (90d),Payments,Raises risk,0.7603,Monthly charge,Plan & Billing,Raises risk,0.6693,Proactive check-in call,372,3,106.55,80.9,49m+
6680-WKXRZ,xgb_churn_v2,2026-10-05T08:55:20.366037+00:00,0.7592593,High,1,East,referral,22,Female,Basic,Month-to-month,74.4,3,Session count,Engagement,Lowers risk,-0.5392,Failed payments (90d),Payments,Raises risk,0.5289,Customer tenure,Tenure,Raises risk,0.5065,Payment recovery + switch to auto-pay,373,3,74.4,56.49,0-6m
9611-CTWIH,xgb_churn_v2,2026-10-05T08:55:20.366037+00:00,0.7592593,High,1,North,organic,26,Female,Basic,Month-to-month,89.45,3,Customer tenure,Tenure,Raises risk,0.6078,Month-to-month contract,Plan & Billing,Raises risk,0.5355,Feature adoption,Engagement,Raises risk,0.4664,Early-life onboarding call,374,3,89.45,67.92,0-6m
2612-RRIDN,xgb_churn_v2,2026-10-05T08:55:20.366037+00:00,0.7592593,High,1,Central,partner,43,Male,Basic,Month-to-month,81.0,4,Usage trend,Engagement,Raises risk,0.8375,Feature adoption,Engagement,Lowers risk,-0.6186,Customer tenure,Tenure,Raises risk,0.5659,Proactive check-in call,375,3,81.0,61.5,0-6m
2123-AGEEN,xgb_churn_v2,2026-10-05T08:55:20.366037+00:00,0.7592593,High,0,South,partner,61,Female,Basic,Month-to-month,84.35,7,Customer age,Demographic,Raises risk,0.689,Feature adoption,Engagement,Lowers risk,-0.6572,Days since last active,Engagement,Raises risk,0.5413,Proactive check-in call,376,3,84.35,64.04,7-12m
7016-BPGEU,xgb_churn_v2,2026-10-05T08:55:20.366037+00:00,0.7592593,High,1,South,partner,40,Female,Basic,Month-to-month,25.1,29,Failed payments (90d),Payments,Raises risk,1.2237,Failed-payment ratio,Payments,Raises risk,0.9172,Monthly charge,Plan & Billing,Lowers risk,-0.7104,Payment recovery + switch to auto-pay,377,3,25.1,19.06,25-48m
2347-WKKAE,xgb_churn_v2,2026-10-05T08:55:20.366037+00:00,0.7592593,High,0,North,referral,26,Male,Basic,Month-to-month,94.4,42,Feature adoption,Engagement,Raises risk,0.5823,Customer tenure,Tenure,Lowers risk,-0.5549,Month-to-month contract,Plan & Billing,Raises risk,0.5147,Proactive feature walkthrough,378,3,94.4,71.67,25-48m
5522-JBWMO,xgb_churn_v2,2026-10-05T08:55:20.366037+00:00,0.7592593,High,0,West,paid_search,36,Male,Basic,Month-to-month,44.0,1,Customer tenure,Tenure,Raises risk,1.0618,Month-to-month contract,Plan & Billing,Raises risk,0.521,Monthly charge,Plan & Billing,Lowers risk,-0.3804,Early-life onboarding call,379,3,44.0,33.41,0-6m
4673-KKSLS,xgb_churn_v2,2026-10-05T08:55:20.366037+00:00,0.7592593,High,0,North,paid_search,55,Female,Basic,Month-to-month,87.6,31,Failed payments (90d),Payments,Raises risk,0.7457,Month-to-month contract,Plan & Billing,Raises risk,0.5353,Customer tenure,Tenure,Lowers risk,-0.4246,Payment recovery + switch to auto-pay,380,3,87.6,66.51,25-48m
4285-GYRQC,xgb_churn_v2,2026-10-05T08:55:20.366037+00:00,0.7592593,High,1,South,paid_search,45,Female,Basic,Month-to-month,86.25,7,Monthly charge,Plan & Billing,Raises risk,0.5399,Month-to-month contract,Plan & Billing,Raises risk,0.5011,Customer tenure,Tenure,Raises risk,0.4935,Price-fit review / bundle offer,381,3,86.25,65.49,7-12m
0877-SDMBN,xgb_churn_v2,2026-10-05T08:55:20.366037+00:00,0.7592593,High,1,West,paid_search,24,Female,Standard,One year,103.95,54,Monthly charge,Plan & Billing,Raises risk,0.9505,Failed payments (90d),Payments,Raises risk,0.833,Usage trend,Engagement,Raises risk,0.6989,Price-fit review / bundle offer,382,3,103.95,78.93,49m+
6390-DSAZX,xgb_churn_v2,2026-10-05T08:55:20.366037+00:00,0.7592593,High,1,East,paid_search,53,Female,Basic,Month-to-month,73.6,1,Customer tenure,Tenure,Raises risk,1.2591,Month-to-month contract,Plan & Billing,Raises risk,0.5116,Days since last active,Engagement,Raises risk,0.3686,Early-life onboarding call,383,3,73.6,55.88,0-6m
2403-BCASL,xgb_churn_v2,2026-10-05T08:55:20.366037+00:00,0.7592593,High,1,East,organic,72,Male,Standard,One year,111.95,41,Usage trend,Engagement,Raises risk,0.9069,Failed payments (90d),Payments,Raises risk,0.878,Month-to-month contract,Plan & Billing,Lowers risk,-0.6589,Proactive check-in call,384,3,111.95,85.0,25-48m
1625-JAIIY,xgb_churn_v2,2026-10-05T08:55:20.366037+00:00,0.7592592,High,1,West,social,25,Female,Standard,One year,83.0,68,Customer tenure,Tenure,Lowers risk,-1.1721,Failed-payment ratio,Payments,Raises risk,1.0381,Failed payments (90d),Payments,Raises risk,1.0348,Payment recovery + switch to auto-pay,385,3,83.0,63.02,49m+
8519-QJGJD,xgb_churn_v2,2026-10-05T08:55:20.366037+00:00,0.7592592,High,1,North,social,43,Female,Basic,Month-to-month,75.35,14,Usage trend,Engagement,Raises risk,0.9974,Month-to-month contract,Plan & Billing,Raises risk,0.4953,Session count,Engagement,Raises risk,0.3185,Proactive check-in call,386,3,75.35,57.21,13-24m
2955-PSXOE,xgb_churn_v2,2026-10-05T08:55:20.366037+00:00,0.7592592,High,1,Central,paid_search,52,Female,Basic,Month-to-month,20.2,1,Customer tenure,Tenure,Raises risk,1.2351,Monthly charge,Plan & Billing,Lowers risk,-1.0293,Open support tickets,Support,Raises risk,0.6237,Early-life onboarding call,387,3,20.2,15.34,0-6m
7969-AULMZ,xgb_churn_v2,2026-10-05T08:55:20.366037+00:00,0.7592592,High,1,West,paid_search,38,Female,Basic,Month-to-month,97.35,21,Monthly charge,Plan & Billing,Raises risk,0.5863,Feature adoption,Engagement,Raises risk,0.5033,Month-to-month contract,Plan & Billing,Raises risk,0.4514,Price-fit review / bundle offer,388,3,97.35,73.91,13-24m
6097-EQISJ,xgb_churn_v2,2026-10-05T08:55:20.366037+00:00,0.7592592,High,1,North,paid_search,37,Female,Standard,One year,102.45,66,Customer tenure,Tenure,Lowers risk,-1.2538,Failed payments (90d),Payments,Raises risk,1.1281,Failed-payment ratio,Payments,Raises risk,1.0275,Payment recovery + switch to auto-pay,389,3,102.45,77.79,49m+
2082-OJVTK,xgb_churn_v2,2026-10-05T08:55:20.366037+00:00,0.7592592,High,1,North,paid_search,42,Male,Basic,Month-to-month,89.2,29,Failed payments (90d),Payments,Raises risk,0.6983,Month-to-month contract,Plan & Billing,Raises risk,0.4971,Customer tenure,Tenure,Lowers risk,-0.3385,Payment recovery + switch to auto-pay,390,3,89.2,67.73,25-48m
8837-VVWLQ,xgb_churn_v2,2026-10-05T08:55:20.366037+00:00,0.7592592,High,1,West,partner,23,Female,Basic,Month-to-month,84.95,8,Month-to-month contract,Plan & Billing,Raises risk,0.5016,Days since last active,Engagement,Raises risk,0.4258,Monthly charge,Plan & Billing,Raises risk,0.4229,Offer annual-contract incentive,391,3,84.95,64.5,7-12m
2777-PHDEI,xgb_churn_v2,2026-10-05T08:55:20.366037+00:00,0.7592592,High,1,North,partner,28,Female,Basic,Month-to-month,78.05,1,Customer tenure,Tenure,Raises risk,1.2472,Month-to-month contract,Plan & Billing,Raises risk,0.526,Feature adoption,Engagement,Raises risk,0.4063,Early-life onboarding call,392,3,78.05,59.26,0-6m
9399-APLBT,xgb_churn_v2,2026-10-05T08:55:20.366037+00:00,0.7592592,High,1,North,paid_search,56,Female,Basic,Month-to-month,74.7,1,Customer tenure,Tenure,Raises risk,1.3549,Month-to-month contract,Plan & Billing,Raises risk,0.5073,Failed payments (90d),Payments,Lowers risk,-0.3331,Early-life onboarding call,393,3,74.7,56.72,0-6m
9512-UIBFX,xgb_churn_v2,2026-10-05T08:55:20.366037+00:00,0.7592592,High,1,North,social,47,Male,Basic,Month-to-month,95.15,18,Failed payments (90d),Payments,Raises risk,0.6231,Month-to-month contract,Plan & Billing,Raises risk,0.5031,Monthly charge,Plan & Billing,Raises risk,0.3424,Payment recovery + switch to auto-pay,394,3,95.15,72.24,13-24m
0107-WESLM,xgb_churn_v2,2026-10-05T08:55:20.366037+00:00,0.7592592,High,1,Central,paid_search,43,Male,Basic,Month-to-month,19.85,1,Customer tenure,Tenure,Raises risk,1.2328,Monthly charge,Plan & Billing,Lowers risk,-0.8129,Session minutes,Engagement,Raises risk,0.804,Early-life onboarding call,395,3,19.85,15.07,0-6m
9560-ARGQJ,xgb_churn_v2,2026-10-05T08:55:20.366037+00:00,0.7592592,High,1,South,organic,30,Female,Basic,Month-to-month,81.0,16,Month-to-month contract,Plan & Billing,Raises risk,0.5133,Feature adoption,Engagement,Raises risk,0.4927,Monthly charge,Plan & Billing,Raises risk,0.3756,Offer annual-contract incentive,396,3,81.0,61.5,13-24m
6595-COKXZ,xgb_churn_v2,2026-10-05T08:55:20.366037+00:00,0.7592592,High,1,South,social,28,Female,Basic,Month-to-month,44.45,1,Customer tenure,Tenure,Raises risk,1.1679,Failed payments (90d),Payments,Raises risk,0.6639,Month-to-month contract,Plan & Billing,Raises risk,0.5143,Early-life onboarding call,397,3,44.45,33.75,0-6m
0871-URUWO,xgb_churn_v2,2026-10-05T08:55:20.366037+00:00,0.7592592,High,1,South,referral,34,Male,Basic,Month-to-month,102.25,13,Monthly charge,Plan & Billing,Raises risk,0.681,Month-to-month contract,Plan & Billing,Raises risk,0.4781,Feature adoption,Engagement,Raises risk,0.4515,Price-fit review / bundle offer,398,3,102.25,77.63,13-24m
6620-HVDUJ,xgb_churn_v2,2026-10-05T08:55:20.366037+00:00,0.7592592,High,0,East,partner,47,Male,Basic,Month-to-month,60.45,24,Usage trend,Engagement,Raises risk,0.8551,Days since last active,Engagement,Raises risk,0.609,Month-to-month contract,Plan & Billing,Raises risk,0.4462,Proactive check-in call,399,3,60.45,45.9,13-24m
5219-YIPTK,xgb_churn_v2,2026-10-05T08:55:20.366037+00:00,0.7592592,High,1,South,referral,27,Female,Basic,Month-to-month,104.4,33,Usage trend,Engagement,Raises risk,0.8308,Feature adoption,Engagement,Raises risk,0.5429,Monthly charge,Plan & Billing,Raises risk,0.5314,Proactive check-in call,400,3,104.4,79.27,25-48m
1200-TUZHR,xgb_churn_v2,2026-10-05T08:55:20.366037+00:00,0.7592592,High,0,Central,social,61,Female,Basic,Month-to-month,85.2,8,Feature adoption,Engagement,Lowers risk,-0.7502,Customer age,Demographic,Raises risk,0.6657,Month-to-month contract,Plan & Billing,Raises risk,0.4978,Offer annual-contract incentive,401,3,85.2,64.69,7-12m
8189-XRIKE,xgb_churn_v2,2026-10-05T08:55:20.366037+00:00,0.7455335,High,0,North,paid_search,62,Female,Basic,Month-to-month,90.95,32,Feature adoption,Engagement,Raises risk,0.662,Customer age,Demographic,Raises risk,0.6243,Month-to-month contract,Plan & Billing,Raises risk,0.4489,Proactive feature walkthrough,402,3,90.95,67.81,25-48m
8387-MOJJT,xgb_churn_v2,2026-10-05T08:55:20.366037+00:00,0.7443244,High,1,South,social,51,Female,Basic,Month-to-month,77.95,42,Session count,Engagement,Raises risk,0.8711,Feature adoption,Engagement,Raises risk,0.6094,Customer tenure,Tenure,Lowers risk,-0.5996,Proactive feature walkthrough,403,3,77.95,58.02,25-48m
2362-IBOOY,xgb_churn_v2,2026-10-05T08:55:20.366037+00:00,0.7083334,High,1,North,paid_search,45,Male,Basic,Month-to-month,84.75,36,Feature adoption,Engagement,Raises risk,0.573,Month-to-month contract,Plan & Billing,Raises risk,0.5359,Customer tenure,Tenure,Lowers risk,-0.4737,Proactive feature walkthrough,404,3,84.75,60.03,25-48m
2815-CPTUL,xgb_churn_v2,2026-10-05T08:55:20.366037+00:00,0.7083334,High,1,Central,partner,72,Male,Basic,Month-to-month,70.25,5,Usage trend,Engagement,Lowers risk,-1.2842,Failed payments (90d),Payments,Raises risk,0.6181,Month-to-month contract,Plan & Billing,Raises risk,0.5466,Payment recovery + switch to auto-pay,405,3,70.25,49.76,0-6m
3629-WEAAM,xgb_churn_v2,2026-10-05T08:55:20.366037+00:00,0.7083334,High,0,West,partner,22,Female,Basic,Month-to-month,64.1,8,Feature adoption,Engagement,Lowers risk,-0.7058,Failed payments (90d),Payments,Raises risk,0.6904,Days since last active,Engagement,Raises risk,0.6062,Payment recovery + switch to auto-pay,406,3,64.1,45.4,7-12m
7638-QVMVY,xgb_churn_v2,2026-10-05T08:55:20.366037+00:00,0.7083334,High,1,Central,organic,40,Female,Basic,Month-to-month,79.0,7,Month-to-month contract,Plan & Billing,Raises risk,0.4943,Session minutes,Engagement,Lowers risk,-0.4821,Customer tenure,Tenure,Raises risk,0.4763,Offer annual-contract incentive,407,3,79.0,55.96,7-12m
8118-LSUEL,xgb_churn_v2,2026-10-05T08:55:20.366037+00:00,0.7083334,High,1,East,paid_search,66,Male,Basic,Month-to-month,106.4,23,Feature adoption,Engagement,Lowers risk,-1.2544,Failed payments (90d),Payments,Raises risk,0.7744,Month-to-month contract,Plan & Billing,Raises risk,0.3381,Payment recovery + switch to auto-pay,408,3,106.4,75.37,13-24m
2157-MXBJS,xgb_churn_v2,2026-10-05T08:55:20.366037+00:00,0.7083334,High,1,North,paid_search,32,Male,Standard,One year,75.3,13,Feature adoption,Engagement,Raises risk,1.1429,Month-to-month contract,Plan & Billing,Lowers risk,-0.9778,Usage trend,Engagement,Raises risk,0.9412,Proactive feature walkthrough,409,3,75.3,53.34,13-24m
6393-WRYZE,xgb_churn_v2,2026-10-05T08:55:20.366037+00:00,0.7083334,High,1,South,partner,44,Female,Basic,Month-to-month,97.65,34,Failed payments (90d),Payments,Raises risk,0.8022,Feature adoption,Engagement,Lowers risk,-0.6825,Monthly charge,Plan & Billing,Raises risk,0.5645,Payment recovery + switch to auto-pay,410,3,97.65,69.17,25-48m
0221-WMXNQ,xgb_churn_v2,2026-10-05T08:55:20.366037+00:00,0.7083333,High,0,East,partner,61,Male,Basic,Month-to-month,75.35,4,Customer age,Demographic,Raises risk,0.6174,Customer tenure,Tenure,Raises risk,0.57,Month-to-month contract,Plan & Billing,Raises risk,0.4697,Early-life onboarding call,411,3,75.35,53.37,0-6m
4081-DYXAV,xgb_churn_v2,2026-10-05T08:55:20.366037+00:00,0.7083333,High,1,East,paid_search,48,Female,Standard,One year,44.85,19,Failed payments (90d),Payments,Raises risk,1.3316,Failed-payment ratio,Payments,Raises risk,1.2526,Month-to-month contract,Plan & Billing,Lowers risk,-0.9363,Payment recovery + switch to auto-pay,412,3,44.85,31.77,13-24m
9057-MSWCO,xgb_churn_v2,2026-10-05T08:55:20.366037+00:00,0.7083333,High,1,North,social,61,Male,Basic,Month-to-month,30.75,27,Customer age,Demographic,Raises risk,0.6963,Failed payments (90d),Payments,Raises risk,0.6461,Month-to-month contract,Plan & Billing,Raises risk,0.5071,Payment recovery + switch to auto-pay,413,3,30.75,21.78,25-48m
2606-RMDHZ,xgb_churn_v2,2026-10-05T08:55:20.366037+00:00,0.7083333,High,1,West,partner,51,Male,Basic,Month-to-month,30.5,6,Failed payments (90d),Payments,Raises risk,0.6616,Month-to-month contract,Plan & Billing,Raises risk,0.5342,Monthly charge,Plan & Billing,Lowers risk,-0.4283,Payment recovery + switch to auto-pay,414,3,30.5,21.6,0-6m
6474-FVJLC,xgb_churn_v2,2026-10-05T08:55:20.366037+00:00,0.7083333,High,1,South,social,37,Male,Basic,Month-to-month,86.0,2,Usage trend,Engagement,Raises risk,0.9261,Feature adoption,Engagement,Lowers risk,-0.6878,Customer tenure,Tenure,Raises risk,0.6327,Proactive check-in call,415,3,86.0,60.92,0-6m
6804-GDMOI,xgb_churn_v2,2026-10-05T08:55:20.366037+00:00,0.7083333,High,1,North,referral,53,Female,Pro,Two year,106.6,61,Month-to-month contract,Plan & Billing,Lowers risk,-0.8128,Feature adoption,Engagement,Raises risk,0.7206,Customer tenure,Tenure,Lowers risk,-0.6123,Proactive feature walkthrough,416,3,106.6,75.51,49m+
0397-GZBBC,xgb_churn_v2,2026-10-05T08:55:20.366037+00:00,0.7083333,High,1,North,partner,73,Male,Basic,Month-to-month,93.85,59,Open support tickets,Support,Raises risk,1.1685,Customer tenure,Tenure,Lowers risk,-0.8628,Feature adoption,Engagement,Lowers risk,-0.55,Escalate to retention specialist,417,3,93.85,66.48,49m+
1334-FJSVR,xgb_churn_v2,2026-10-05T08:55:20.366037+00:00,0.7083333,High,1,East,social,49,Male,Basic,Month-to-month,24.25,1,Customer tenure,Tenure,Raises risk,1.2699,Monthly charge,Plan & Billing,Lowers risk,-0.5089,Month-to-month contract,Plan & Billing,Raises risk,0.4883,Early-life onboarding call,418,3,24.25,17.18,0-6m
5515-IDEJJ,xgb_churn_v2,2026-10-05T08:55:20.366037+00:00,0.7083333,High,1,East,organic,27,Male,Basic,Month-to-month,19.9,1,Customer tenure,Tenure,Raises risk,1.1532,Monthly charge,Plan & Billing,Lowers risk,-0.8691,Failed payments (90d),Payments,Raises risk,0.5431,Early-life onboarding call,419,3,19.9,14.1,0-6m
4013-TLDHQ,xgb_churn_v2,2026-10-05T08:55:20.366037+00:00,0.7083333,High,1,South,partner,24,Male,Basic,Month-to-month,78.25,19,Usage trend,Engagement,Raises risk,1.1769,Month-to-month contract,Plan & Billing,Raises risk,0.4348,Days since last active,Engagement,Raises risk,0.4212,Proactive check-in call,420,3,78.25,55.43,13-24m
7481-ATQQS,xgb_churn_v2,2026-10-05T08:55:20.366037+00:00,0.7083333,High,1,Central,organic,62,Female,Basic,Month-to-month,90.85,49,Customer tenure,Tenure,Lowers risk,-0.7519,Customer age,Demographic,Raises risk,0.6975,Open support tickets,Support,Raises risk,0.5169,Escalate to retention specialist,421,3,90.85,64.35,49m+
0111-KLBQG,xgb_churn_v2,2026-10-05T08:55:20.366037+00:00,0.7083333,High,0,Central,referral,62,Male,Basic,Month-to-month,93.95,32,Customer age,Demographic,Raises risk,0.6939,Month-to-month contract,Plan & Billing,Raises risk,0.4547,Monthly charge,Plan & Billing,Raises risk,0.4429,Offer annual-contract incentive,422,3,93.95,66.55,25-48m
4130-MZLCC,xgb_churn_v2,2026-10-05T08:55:20.366037+00:00,0.7083333,High,0,West,partner,55,Female,Basic,Month-to-month,50.55,5,Usage trend,Engagement,Raises risk,0.7374,Days since last active,Engagement,Raises risk,0.635,Feature adoption,Engagement,Lowers risk,-0.5092,Proactive check-in call,423,3,50.55,35.81,0-6m
7314-OXENN,xgb_churn_v2,2026-10-05T08:55:20.366037+00:00,0.7083333,High,1,West,referral,27,Male,Basic,Month-to-month,82.0,2,Customer tenure,Tenure,Raises risk,0.9533,Session count,Engagement,Lowers risk,-0.919,Month-to-month contract,Plan & Billing,Raises risk,0.4998,Early-life onboarding call,424,3,82.0,58.08,0-6m
3137-LUPIX,xgb_churn_v2,2026-10-05T08:55:20.366037+00:00,0.7083333,High,0,West,referral,44,Female,Basic,Month-to-month,64.4,4,Feature adoption,Engagement,Raises risk,0.6904,Session count,Engagement,Raises risk,0.5431,Month-to-month contract,Plan & Billing,Raises risk,0.4411,Proactive feature walkthrough,425,3,64.4,45.62,0-6m
4080-IIARD,xgb_churn_v2,2026-10-05T08:55:20.366037+00:00,0.7083333,High,0,North,partner,30,Female,Basic,Month-to-month,76.2,13,Failed payments (90d),Payments,Raises risk,0.657,Month-to-month contract,Plan & Billing,Raises risk,0.5218,Days since last active,Engagement,Raises risk,0.4111,Payment recovery + switch to auto-pay,426,3,76.2,53.97,13-24m
7957-RYHQD,xgb_churn_v2,2026-10-05T08:55:20.366037+00:00,0.7083333,High,1,West,partner,60,Female,Basic,Month-to-month,79.2,40,Customer age,Demographic,Raises risk,0.6968,Failed payments (90d),Payments,Raises risk,0.5671,Customer tenure,Tenure,Lowers risk,-0.5558,Payment recovery + switch to auto-pay,427,4,79.2,56.1,25-48m
0193-ESZXP,xgb_churn_v2,2026-10-05T08:55:20.366037+00:00,0.7083333,High,1,East,organic,70,Female,Standard,One year,105.5,58,Monthly charge,Plan & Billing,Raises risk,0.8865,Failed payments (90d),Payments,Raises risk,0.8067,Month-to-month contract,Plan & Billing,Lowers risk,-0.6553,Price-fit review / bundle offer,428,4,105.5,74.73,49m+
6733-LRIZX,xgb_churn_v2,2026-10-05T08:55:20.366037+00:00,0.7083333,High,0,West,paid_search,30,Male,Pro,Two year,108.95,35,Feature adoption,Engagement,Raises risk,0.8918,Month-to-month contract,Plan & Billing,Lowers risk,-0.8118,Monthly charge,Plan & Billing,Raises risk,0.5938,Proactive feature walkthrough,429,4,108.95,77.17,25-48m
0968-GSIKN,xgb_churn_v2,2026-10-05T08:55:20.366037+00:00,0.7083333,High,1,South,paid_search,32,Female,Basic,Month-to-month,70.8,1,Customer tenure,Tenure,Raises risk,1.2275,Usage trend,Engagement,Lowers risk,-0.6453,Month-to-month contract,Plan & Billing,Raises risk,0.5517,Early-life onboarding call,430,4,70.8,50.15,0-6m
4360-PNRQB,xgb_churn_v2,2026-10-05T08:55:20.366037+00:00,0.7083333,High,0,South,partner,58,Male,Basic,Month-to-month,75.6,18,Failed payments (90d),Payments,Raises risk,0.6513,Month-to-month contract,Plan & Billing,Raises risk,0.5514,Feature adoption,Engagement,Raises risk,0.2754,Payment recovery + switch to auto-pay,431,4,75.6,53.55,13-24m
2322-VCZHZ,xgb_churn_v2,2026-10-05T08:55:20.366037+00:00,0.7083333,High,0,North,organic,61,Male,Basic,Month-to-month,90.0,23,Session minutes,Engagement,Lowers risk,-0.6313,Customer age,Demographic,Raises risk,0.5828,Month-to-month contract,Plan & Billing,Raises risk,0.4963,Offer annual-contract incentive,432,4,90.0,63.75,13-24m
4059-IIEBK,xgb_churn_v2,2026-10-05T08:55:20.366037+00:00,0.7083333,High,0,Central,partner,37,Female,Basic,Month-to-month,78.55,7,Open support tickets,Support,Raises risk,0.6568,Session minutes,Engagement,Lowers risk,-0.4935,Month-to-month contract,Plan & Billing,Raises risk,0.4846,Escalate to retention specialist,433,4,78.55,55.64,7-12m
3097-NQYSN,xgb_churn_v2,2026-10-05T08:55:20.366037+00:00,0.7083333,High,1,North,social,79,Male,Basic,Month-to-month,86.85,2,Feature adoption,Engagement,Lowers risk,-0.9867,Customer tenure,Tenure,Raises risk,0.7498,Customer age,Demographic,Raises risk,0.5339,Early-life onboarding call,434,4,86.85,61.52,0-6m
2386-OWURY,xgb_churn_v2,2026-10-05T08:55:20.366037+00:00,0.7083333,High,0,South,paid_search,33,Female,Basic,Month-to-month,95.3,58,Customer tenure,Tenure,Lowers risk,-0.6761,Failed payments (90d),Payments,Raises risk,0.6735,Feature adoption,Engagement,Lowers risk,-0.5825,Payment recovery + switch to auto-pay,435,4,95.3,67.5,49m+
4903-UYAVB,xgb_churn_v2,2026-10-05T08:55:20.366037+00:00,0.7083333,High,1,North,organic,25,Male,Basic,Month-to-month,19.35,5,Monthly charge,Plan & Billing,Lowers risk,-0.8337,Session minutes,Engagement,Raises risk,0.7794,Failed payments (90d),Payments,Raises risk,0.632,Proactive feature walkthrough,436,4,19.35,13.71,0-6m
7250-EQKIY,xgb_churn_v2,2026-10-05T08:55:20.366037+00:00,0.7083333,High,1,West,paid_search,58,Female,Basic,Month-to-month,50.45,1,Customer tenure,Tenure,Raises risk,1.0713,Failed payments (90d),Payments,Raises risk,0.5434,Monthly charge,Plan & Billing,Lowers risk,-0.5416,Early-life onboarding call,437,4,50.45,35.74,0-6m
7590-VHVEG,xgb_churn_v2,2026-10-05T08:55:20.366037+00:00,0.7083333,High,0,East,partner,54,Female,Basic,Month-to-month,29.85,1,Customer tenure,Tenure,Raises risk,1.0987,Usage trend,Engagement,Raises risk,0.5724,Days since last active,Engagement,Raises risk,0.5232,Early-life onboarding call,438,4,29.85,21.14,0-6m
0887-HJGAR,xgb_churn_v2,2026-10-05T08:55:20.366037+00:00,0.7083333,High,1,Central,social,57,Male,Basic,Month-to-month,45.7,1,Customer tenure,Tenure,Raises risk,1.2538,Feature adoption,Engagement,Lowers risk,-0.6422,Open support tickets,Support,Raises risk,0.4812,Early-life onboarding call,439,4,45.7,32.37,0-6m
2391-SOORI,xgb_churn_v2,2026-10-05T08:55:20.366037+00:00,0.7083333,High,1,East,social,22,Male,Basic,Month-to-month,49.35,4,Feature adoption,Engagement,Raises risk,0.6516,Month-to-month contract,Plan & Billing,Raises risk,0.4357,Customer tenure,Tenure,Raises risk,0.4267,Proactive feature walkthrough,440,4,49.35,34.96,0-6m
9546-CQJSU,xgb_churn_v2,2026-10-05T08:55:20.366037+00:00,0.7083333,High,1,West,referral,46,Female,Basic,Month-to-month,91.4,2,Customer tenure,Tenure,Raises risk,0.7259,Month-to-month contract,Plan & Billing,Raises risk,0.5037,Monthly charge,Plan & Billing,Raises risk,0.4281,Early-life onboarding call,441,4,91.4,64.74,0-6m
9286-DOJGF,xgb_churn_v2,2026-10-05T08:55:20.366037+00:00,0.7083333,High,1,South,referral,63,Female,Basic,Month-to-month,74.95,38,Feature adoption,Engagement,Raises risk,0.8362,Usage trend,Engagement,Lowers risk,-0.8176,Failed payments (90d),Payments,Raises risk,0.6582,Proactive feature walkthrough,442,4,74.95,53.09,25-48m
1075-BGWOH,xgb_churn_v2,2026-10-05T08:55:20.366037+00:00,0.7083333,High,1,Central,partner,69,Male,Basic,Month-to-month,98.75,16,Monthly charge,Plan & Billing,Raises risk,0.6488,Month-to-month contract,Plan & Billing,Raises risk,0.4027,Failed payments (90d),Payments,Lowers risk,-0.401,Price-fit review / bundle offer,443,4,98.75,69.95,13-24m
5630-IXDXV,xgb_churn_v2,2026-10-05T08:55:20.366037+00:00,0.7083333,High,0,East,referral,24,Female,Basic,Month-to-month,106.35,47,Monthly charge,Plan & Billing,Raises risk,0.7563,Customer tenure,Tenure,Lowers risk,-0.629,Feature adoption,Engagement,Raises risk,0.4459,Price-fit review / bundle offer,444,4,106.35,75.33,25-48m
2865-TCHJW,xgb_churn_v2,2026-10-05T08:55:20.366037+00:00,0.7083333,High,1,East,paid_search,62,Female,Basic,Month-to-month,89.2,4,Feature adoption,Engagement,Lowers risk,-1.0263,Customer age,Demographic,Raises risk,0.6973,Customer tenure,Tenure,Raises risk,0.5984,Early-life onboarding call,445,4,89.2,63.18,0-6m
6986-IJDHX,xgb_churn_v2,2026-10-05T08:55:20.366037+00:00,0.7083333,High,1,Central,partner,42,Male,Basic,Month-to-month,86.3,39,Feature adoption,Engagement,Raises risk,0.7113,Failed payments (90d),Payments,Raises risk,0.6244,Month-to-month contract,Plan & Billing,Raises risk,0.5148,Proactive feature walkthrough,446,4,86.3,61.13,25-48m
1666-JXLKU,xgb_churn_v2,2026-10-05T08:55:20.366037+00:00,0.70833325,High,0,Central,partner,50,Female,Basic,Month-to-month,100.05,37,Monthly charge,Plan & Billing,Raises risk,0.612,Open support tickets,Support,Raises risk,0.52,Customer tenure,Tenure,Lowers risk,-0.4302,Price-fit review / bundle offer,447,4,100.05,70.87,25-48m
0447-RXSGD,xgb_churn_v2,2026-10-05T08:55:20.366037+00:00,0.70833325,High,0,Central,partner,33,Male,Basic,Month-to-month,99.65,24,Usage trend,Engagement,Raises risk,0.8246,Monthly charge,Plan & Billing,Raises risk,0.6677,Feature adoption,Engagement,Lowers risk,-0.5832,Proactive check-in call,448,4,99.65,70.59,13-24m
3085-QUOZK,xgb_churn_v2,2026-10-05T08:55:20.366037+00:00,0.70833325,High,1,West,partner,42,Female,Basic,Month-to-month,43.95,1,Customer tenure,Tenure,Raises risk,1.1145,Failed payments (90d),Payments,Raises risk,0.6236,Month-to-month contract,Plan & Billing,Raises risk,0.5473,Early-life onboarding call,449,4,43.95,31.13,0-6m
4441-NIHPT,xgb_churn_v2,2026-10-05T08:55:20.366037+00:00,0.70833325,High,1,South,paid_search,76,Female,Basic,Month-to-month,74.3,13,Month-to-month contract,Plan & Billing,Raises risk,0.5082,Failed payments (90d),Payments,Lowers risk,-0.3778,Session count,Engagement,Raises risk,0.3544,Offer annual-contract incentive,450,4,74.3,52.63,13-24m
0564-MUUQK,xgb_churn_v2,2026-10-05T08:55:20.366037+00:00,0.70833325,High,0,East,social,40,Female,Basic,Month-to-month,95.5,20,Usage trend,Engagement,Raises risk,1.0909,Monthly charge,Plan & Billing,Raises risk,0.5308,Feature adoption,Engagement,Lowers risk,-0.5077,Proactive check-in call,451,4,95.5,67.65,13-24m
9889-TMAHG,xgb_churn_v2,2026-10-05T08:55:20.366037+00:00,0.56926167,Medium,1,South,partner,71,Male,Basic,Month-to-month,100.3,8,Monthly charge,Plan & Billing,Raises risk,0.712,Feature adoption,Engagement,Raises risk,0.5202,Month-to-month contract,Plan & Billing,Raises risk,0.4222,Price-fit review / bundle offer,452,4,100.3,57.1,7-12m
2080-CAZNM,xgb_churn_v2,2026-10-05T08:55:20.366037+00:00,0.5151515,Medium,0,East,referral,62,Female,Basic,Month-to-month,104.4,41,Customer age,Demographic,Raises risk,0.6111,Monthly charge,Plan & Billing,Raises risk,0.5705,Feature adoption,Engagement,Raises risk,0.5195,Price-fit review / bundle offer,453,4,104.4,53.78,25-48m
4342-HENTK,xgb_churn_v2,2026-10-05T08:55:20.366037+00:00,0.5151515,Medium,1,West,paid_search,76,Female,Basic,Month-to-month,70.65,2,Customer tenure,Tenure,Raises risk,0.6717,Feature adoption,Engagement,Lowers risk,-0.5904,Month-to-month contract,Plan & Billing,Raises risk,0.5094,Early-life onboarding call,454,4,70.65,36.4,0-6m
4450-MDZFX,xgb_churn_v2,2026-10-05T08:55:20.366037+00:00,0.5151515,Medium,0,South,organic,33,Male,Basic,Month-to-month,74.35,60,Usage trend,Engagement,Raises risk,0.9948,Customer tenure,Tenure,Lowers risk,-0.9204,Failed payments (90d),Payments,Raises risk,0.5218,Proactive check-in call,455,4,74.35,38.3,49m+
1228-FZFRV,xgb_churn_v2,2026-10-05T08:55:20.366037+00:00,0.5151515,Medium,1,Central,referral,28,Male,Basic,Month-to-month,105.95,50,Usage trend,Engagement,Raises risk,0.8148,Monthly charge,Plan & Billing,Raises risk,0.8057,Feature adoption,Engagement,Lowers risk,-0.6256,Proactive check-in call,456,4,105.95,54.58,49m+
1156-ZFYDO,xgb_churn_v2,2026-10-05T08:55:20.366037+00:00,0.5151515,Medium,0,Central,organic,23,Female,Basic,Month-to-month,19.75,1,Customer tenure,Tenure,Raises risk,1.2279,Monthly charge,Plan & Billing,Lowers risk,-0.8689,Feature adoption,Engagement,Lowers risk,-0.6484,Early-life onboarding call,457,4,19.75,10.17,0-6m
5419-KLXBN,xgb_churn_v2,2026-10-05T08:55:20.366037+00:00,0.5151515,Medium,1,East,paid_search,30,Female,Basic,Month-to-month,89.15,25,Month-to-month contract,Plan & Billing,Raises risk,0.5142,Feature adoption,Engagement,Raises risk,0.46,Usage trend,Engagement,Lowers risk,-0.415,Offer annual-contract incentive,458,4,89.15,45.93,25-48m
2203-GHNWN,xgb_churn_v2,2026-10-05T08:55:20.366037+00:00,0.5151515,Medium,0,South,partner,46,Female,Basic,Month-to-month,79.65,24,Feature adoption,Engagement,Raises risk,0.5574,Month-to-month contract,Plan & Billing,Raises risk,0.4946,Monthly charge,Plan & Billing,Raises risk,0.36,Proactive feature walkthrough,459,4,79.65,41.03,13-24m
7979-CORPM,xgb_churn_v2,2026-10-05T08:55:20.366037+00:00,0.5151515,Medium,1,East,social,49,Male,Basic,Month-to-month,90.55,24,Month-to-month contract,Plan & Billing,Raises risk,0.5117,Feature adoption,Engagement,Raises risk,0.5061,Usage trend,Engagement,Lowers risk,-0.3858,Offer annual-contract incentive,460,4,90.55,46.65,13-24m
3511-APPBJ,xgb_churn_v2,2026-10-05T08:55:20.366037+00:00,0.5151515,Medium,0,East,partner,44,Male,Standard,One year,99.95,23,Monthly charge,Plan & Billing,Raises risk,1.0154,Failed payments (90d),Payments,Raises risk,0.8369,Month-to-month contract,Plan & Billing,Lowers risk,-0.6859,Price-fit review / bundle offer,461,4,99.95,51.49,13-24m
8266-VBFQL,xgb_churn_v2,2026-10-05T08:55:20.366037+00:00,0.5151515,Medium,0,South,paid_search,32,Male,Basic,Month-to-month,90.4,4,Feature adoption,Engagement,Lowers risk,-0.6554,Customer tenure,Tenure,Raises risk,0.567,Month-to-month contract,Plan & Billing,Raises risk,0.4881,Early-life onboarding call,462,4,90.4,46.57,0-6m
3338-CVVEH,xgb_churn_v2,2026-10-05T08:55:20.366037+00:00,0.5151515,Medium,0,South,partner,50,Male,Basic,Month-to-month,94.55,12,Feature adoption,Engagement,Lowers risk,-0.5983,Month-to-month contract,Plan & Billing,Raises risk,0.4687,Session minutes,Engagement,Raises risk,0.4211,Offer annual-contract incentive,463,4,94.55,48.71,7-12m
8869-TORSS,xgb_churn_v2,2026-10-05T08:55:20.366037+00:00,0.5151515,Medium,1,South,organic,23,Female,Standard,One year,60.35,48,Open support tickets,Support,Raises risk,1.0498,Month-to-month contract,Plan & Billing,Lowers risk,-0.7846,Feature adoption,Engagement,Raises risk,0.6287,Escalate to retention specialist,464,4,60.35,31.09,25-48m
6394-MFYNG,xgb_churn_v2,2026-10-05T08:55:20.366037+00:00,0.5151515,Medium,1,East,referral,36,Female,Basic,Month-to-month,107.4,48,Feature adoption,Engagement,Raises risk,0.7712,Session count,Engagement,Raises risk,0.5849,Customer tenure,Tenure,Lowers risk,-0.5754,Proactive feature walkthrough,465,4,107.4,55.33,25-48m
4134-BSXLX,xgb_churn_v2,2026-10-05T08:55:20.366037+00:00,0.5151515,Medium,0,South,paid_search,45,Male,Basic,Month-to-month,60.9,28,Feature adoption,Engagement,Raises risk,1.0643,Session count,Engagement,Raises risk,0.4968,Month-to-month contract,Plan & Billing,Raises risk,0.4291,Proactive feature walkthrough,466,4,60.9,31.37,25-48m
7601-WFVZV,xgb_churn_v2,2026-10-05T08:55:20.366037+00:00,0.5151515,Medium,0,South,paid_search,35,Male,Basic,Month-to-month,19.55,1,Customer tenure,Tenure,Raises risk,1.0707,Monthly charge,Plan & Billing,Lowers risk,-0.9134,Amount paid (90d),Payments,Lowers risk,-0.5901,Early-life onboarding call,467,4,19.55,10.07,0-6m
2665-NPTGL,xgb_churn_v2,2026-10-05T08:55:20.366037+00:00,0.5151515,Medium,0,Central,organic,62,Female,Basic,Month-to-month,98.1,26,Customer age,Demographic,Raises risk,0.5994,Open support tickets,Support,Raises risk,0.5808,Monthly charge,Plan & Billing,Raises risk,0.5767,Escalate to retention specialist,468,4,98.1,50.54,25-48m
4546-FOKWR,xgb_churn_v2,2026-10-05T08:55:20.366037+00:00,0.5151515,Medium,0,Central,organic,46,Female,Basic,Month-to-month,74.75,16,Month-to-month contract,Plan & Billing,Raises risk,0.5355,Feature adoption,Engagement,Raises risk,0.4876,Session count,Engagement,Raises risk,0.3368,Offer annual-contract incentive,469,4,74.75,38.51,13-24m
6637-KYRCV,xgb_churn_v2,2026-10-05T08:55:20.366037+00:00,0.5151515,Medium,0,North,referral,41,Female,Basic,Month-to-month,30.5,5,Usage trend,Engagement,Raises risk,0.7226,Days since last active,Engagement,Raises risk,0.5507,Month-to-month contract,Plan & Billing,Raises risk,0.4385,Proactive check-in call,470,4,30.5,15.71,0-6m
4145-UQXUQ,xgb_churn_v2,2026-10-05T08:55:20.366037+00:00,0.5151515,Medium,1,South,partner,74,Female,Basic,Month-to-month,92.1,8,Feature adoption,Engagement,Lowers risk,-0.8499,Month-to-month contract,Plan & Billing,Raises risk,0.5,Customer tenure,Tenure,Raises risk,0.4158,Offer annual-contract incentive,471,4,92.1,47.45,7-12m
6032-KRXXO,xgb_churn_v2,2026-10-05T08:55:20.366037+00:00,0.5151515,Medium,1,West,social,44,Male,Basic,Month-to-month,90.25,30,Month-to-month contract,Plan & Billing,Raises risk,0.4547,Customer tenure,Tenure,Lowers risk,-0.4318,Feature adoption,Engagement,Raises risk,0.4171,Offer annual-contract incentive,472,4,90.25,46.49,25-48m
4016-BJKTZ,xgb_churn_v2,2026-10-05T08:55:20.366037+00:00,0.5151515,Medium,0,West,organic,54,Female,Pro,Two year,108.9,25,Monthly charge,Plan & Billing,Raises risk,0.8006,Failed payments (90d),Payments,Raises risk,0.7373,Month-to-month contract,Plan & Billing,Lowers risk,-0.6926,Price-fit review / bundle offer,473,4,108.9,56.1,25-48m
8286-AFUYI,xgb_churn_v2,2026-10-05T08:55:20.366037+00:00,0.5151515,Medium,0,Central,referral,33,Male,Basic,Month-to-month,47.95,1,Customer tenure,Tenure,Raises risk,0.9769,Usage trend,Engagement,Raises risk,0.6242,Session minutes,Engagement,Lowers risk,-0.4891,Early-life onboarding call,474,4,47.95,24.7,0-6m
7576-JMYWV,xgb_churn_v2,2026-10-05T08:55:20.366037+00:00,0.5151515,Medium,0,South,referral,62,Female,Basic,Month-to-month,110.2,46,Usage trend,Engagement,Raises risk,1.0609,Customer age,Demographic,Raises risk,0.6408,Feature adoption,Engagement,Lowers risk,-0.5752,Proactive check-in call,475,4,110.2,56.77,25-48m
7617-EYGLW,xgb_churn_v2,2026-10-05T08:55:20.366037+00:00,0.5151515,Medium,0,West,referral,47,Male,Basic,Month-to-month,19.45,1,Customer tenure,Tenure,Raises risk,1.1579,Monthly charge,Plan & Billing,Lowers risk,-0.8459,Amount paid (90d),Payments,Lowers risk,-0.5068,Early-life onboarding call,476,4,19.45,10.02,0-6m
4398-HSCJH,xgb_churn_v2,2026-10-05T08:55:20.366037+00:00,0.5151515,Medium,1,East,partner,27,Female,Basic,Month-to-month,63.6,3,Feature adoption,Engagement,Lowers risk,-1.4321,Usage trend,Engagement,Raises risk,0.8165,Days since last active,Engagement,Raises risk,0.5318,Proactive check-in call,477,4,63.6,32.76,0-6m
6168-YBYNP,xgb_churn_v2,2026-10-05T08:55:20.366037+00:00,0.5151515,Medium,0,West,paid_search,40,Male,Basic,Month-to-month,111.35,59,Session count,Engagement,Raises risk,0.6269,Customer tenure,Tenure,Lowers risk,-0.4416,Month-to-month contract,Plan & Billing,Raises risk,0.4052,Proactive feature walkthrough,478,4,111.35,57.36,49m+
5600-KTXFM,xgb_churn_v2,2026-10-05T08:55:20.366037+00:00,0.5151515,Medium,0,North,social,58,Male,Basic,Month-to-month,69.95,2,Customer tenure,Tenure,Raises risk,0.7609,Month-to-month contract,Plan & Billing,Raises risk,0.5572,Session minutes,Engagement,Lowers risk,-0.5356,Early-life onboarding call,479,4,69.95,36.03,0-6m
7905-NJMXS,xgb_churn_v2,2026-10-05T08:55:20.366037+00:00,0.5151515,Medium,0,North,partner,60,Male,Basic,Month-to-month,64.2,7,Customer age,Demographic,Raises risk,0.607,Days since last active,Engagement,Raises risk,0.446,Month-to-month contract,Plan & Billing,Raises risk,0.4399,Proactive check-in call,480,4,64.2,33.07,7-12m
2462-XIIJB,xgb_churn_v2,2026-10-05T08:55:20.366037+00:00,0.5151515,Medium,1,West,referral,54,Male,Basic,Month-to-month,92.5,5,Customer tenure,Tenure,Raises risk,0.602,Month-to-month contract,Plan & Billing,Raises risk,0.4921,Monthly charge,Plan & Billing,Raises risk,0.434,Early-life onboarding call,481,4,92.5,47.65,0-6m
0778-NELLA,xgb_churn_v2,2026-10-05T08:55:20.366037+00:00,0.5151515,Medium,1,East,referral,54,Male,Basic,Month-to-month,34.7,9,Feature adoption,Engagement,Raises risk,0.6496,Month-to-month contract,Plan & Billing,Raises risk,0.4528,Usage trend,Engagement,Raises risk,0.3775,Proactive feature walkthrough,482,4,34.7,17.88,7-12m
3096-IZETN,xgb_churn_v2,2026-10-05T08:55:20.366037+00:00,0.5151515,Medium,1,North,organic,41,Female,Basic,Month-to-month,78.1,12,Month-to-month contract,Plan & Billing,Raises risk,0.5148,Days since last active,Engagement,Raises risk,0.3632,Failed payments (90d),Payments,Lowers risk,-0.3225,Offer annual-contract incentive,483,4,78.1,40.23,7-12m
1410-RSCMR,xgb_churn_v2,2026-10-05T08:55:20.366037+00:00,0.5151515,Medium,0,South,partner,36,Male,Basic,Month-to-month,71.35,7,Feature adoption,Engagement,Lowers risk,-0.5878,Month-to-month contract,Plan & Billing,Raises risk,0.528,Days since last active,Engagement,Raises risk,0.4374,Offer annual-contract incentive,484,4,71.35,36.76,7-12m
7562-GSUHK,xgb_churn_v2,2026-10-05T08:55:20.366037+00:00,0.5151515,Medium,1,East,organic,31,Female,Basic,Month-to-month,93.2,16,Failed payments (90d),Payments,Raises risk,0.7397,Feature adoption,Engagement,Lowers risk,-0.6196,Month-to-month contract,Plan & Billing,Raises risk,0.5054,Payment recovery + switch to auto-pay,485,4,93.2,48.01,13-24m
4847-QNOKA,xgb_churn_v2,2026-10-05T08:55:20.366037+00:00,0.5151515,Medium,1,Central,social,44,Female,Basic,Month-to-month,44.9,1,Customer tenure,Tenure,Raises risk,1.3112,Days since last active,Engagement,Raises risk,0.4979,Month-to-month contract,Plan & Billing,Raises risk,0.4592,Early-life onboarding call,486,4,44.9,23.13,0-6m
6559-PDZLR,xgb_churn_v2,2026-10-05T08:55:20.366037+00:00,0.5151515,Medium,0,North,organic,27,Male,Basic,Month-to-month,98.65,26,Monthly charge,Plan & Billing,Raises risk,0.5397,Month-to-month contract,Plan & Billing,Raises risk,0.4585,Customer tenure,Tenure,Lowers risk,-0.4242,Price-fit review / bundle offer,487,4,98.65,50.82,25-48m
0812-WUPTB,xgb_churn_v2,2026-10-05T08:55:20.366037+00:00,0.5151515,Medium,1,South,social,66,Male,Basic,Month-to-month,70.85,1,Customer tenure,Tenure,Raises risk,1.2157,Month-to-month contract,Plan & Billing,Raises risk,0.5412,Usage trend,Engagement,Lowers risk,-0.337,Early-life onboarding call,488,4,70.85,36.5,0-6m
5542-DHSXL,xgb_churn_v2,2026-10-05T08:55:20.366037+00:00,0.5151515,Medium,0,South,social,42,Female,Basic,Month-to-month,54.7,4,Usage trend,Engagement,Raises risk,0.8895,Session minutes,Engagement,Lowers risk,-0.5629,Customer tenure,Tenure,Raises risk,0.4749,Proactive check-in call,489,4,54.7,28.18,0-6m
5834-ASPWA,xgb_churn_v2,2026-10-05T08:55:20.366037+00:00,0.5151515,Medium,1,West,organic,53,Male,Basic,Month-to-month,75.45,1,Usage trend,Engagement,Lowers risk,-1.4399,Customer tenure,Tenure,Raises risk,1.222,Month-to-month contract,Plan & Billing,Raises risk,0.5282,Early-life onboarding call,490,4,75.45,38.87,0-6m
9355-NPPFS,xgb_churn_v2,2026-10-05T08:55:20.366037+00:00,0.5151515,Medium,0,East,paid_search,62,Female,Basic,Month-to-month,78.8,26,Customer age,Demographic,Raises risk,0.6413,Feature adoption,Engagement,Lowers risk,-0.5259,Month-to-month contract,Plan & Billing,Raises risk,0.4715,Offer annual-contract incentive,491,4,78.8,40.59,25-48m
3398-FSHON,xgb_churn_v2,2026-10-05T08:55:20.366037+00:00,0.5151515,Medium,1,West,social,70,Female,Basic,Month-to-month,91.3,12,Session minutes,Engagement,Lowers risk,-0.5179,Days since last active,Engagement,Raises risk,0.5092,Month-to-month contract,Plan & Billing,Raises risk,0.4905,Proactive check-in call,492,4,91.3,47.03,7-12m
0979-PHULV,xgb_churn_v2,2026-10-05T08:55:20.366037+00:00,0.5151515,Medium,1,North,paid_search,53,Male,Basic,Month-to-month,99.45,69,Customer tenure,Tenure,Lowers risk,-0.9337,Feature adoption,Engagement,Raises risk,0.8157,Monthly charge,Plan & Billing,Raises risk,0.5835,Proactive feature walkthrough,493,4,99.45,51.23,49m+
8563-IIOXK,xgb_churn_v2,2026-10-05T08:55:20.366037+00:00,0.5151515,Medium,1,Central,social,23,Male,Standard,One year,49.75,7,Month-to-month contract,Plan & Billing,Lowers risk,-0.9243,Failed payments (90d),Payments,Raises risk,0.7118,Open support tickets,Support,Raises risk,0.5186,Payment recovery + switch to auto-pay,494,4,49.75,25.63,7-12m
2754-XBHTB,xgb_churn_v2,2026-10-05T08:55:20.366037+00:00,0.5151515,Medium,1,South,partner,38,Female,Basic,Month-to-month,77.65,9,Feature adoption,Engagement,Lowers risk,-1.1229,Days since last active,Engagement,Raises risk,0.6674,Usage trend,Engagement,Raises risk,0.5478,Proactive check-in call,495,4,77.65,40.0,7-12m
6917-YACBP,xgb_churn_v2,2026-10-05T08:55:20.366037+00:00,0.5151515,Medium,0,Central,referral,60,Female,Basic,Month-to-month,89.75,59,Customer tenure,Tenure,Lowers risk,-0.6966,Customer age,Demographic,Raises risk,0.6498,Month-to-month contract,Plan & Billing,Raises risk,0.4793,Offer annual-contract incentive,496,4,89.75,46.23,49m+
9360-OMDZZ,xgb_churn_v2,2026-10-05T08:55:20.366037+00:00,0.5151515,Medium,0,East,paid_search,47,Male,Basic,Month-to-month,94.1,24,Usage trend,Engagement,Raises risk,1.1033,Feature adoption,Engagement,Lowers risk,-0.9814,Month-to-month contract,Plan & Billing,Raises risk,0.4028,Proactive check-in call,497,4,94.1,48.48,13-24m
3791-LGQCY,xgb_churn_v2,2026-10-05T08:55:20.366037+00:00,0.5151515,Medium,1,South,paid_search,61,Female,Basic,Month-to-month,100.65,56,Customer tenure,Tenure,Lowers risk,-0.8223,Monthly charge,Plan & Billing,Raises risk,0.5617,Customer age,Demographic,Raises risk,0.5605,Price-fit review / bundle offer,498,4,100.65,51.85,49m+
6892-EZDTG,xgb_churn_v2,2026-10-05T08:55:20.366037+00:00,0.5151515,Medium,1,South,social,43,Female,Basic,Month-to-month,91.65,4,Customer tenure,Tenure,Raises risk,0.6714,Month-to-month contract,Plan & Billing,Raises risk,0.497,Session minutes,Engagement,Lowers risk,-0.4916,Early-life onboarding call,499,4,91.65,47.21,0-6m
0581-BXBUB,xgb_churn_v2,2026-10-05T08:55:20.366037+00:00,0.5151515,Medium,0,North,partner,61,Female,Basic,Month-to-month,72.75,4,Feature adoption,Engagement,Lowers risk,-0.858,Customer age,Demographic,Raises risk,0.6312,Month-to-month contract,Plan & Billing,Raises risk,0.4956,Offer annual-contract incentive,500,4,72.75,37.48,0-6m
1450-SKCVI,xgb_churn_v2,2026-10-05T08:55:20.366037+00:00,0.5151515,Medium,1,South,partner,33,Female,Basic,Month-to-month,73.85,56,Customer tenure,Tenure,Lowers risk,-0.7861,Failed payments (90d),Payments,Raises risk,0.7162,Month-to-month contract,Plan & Billing,Raises risk,0.507,Payment recovery + switch to auto-pay,501,4,73.85,38.04,49m+
4671-LXRDQ,xgb_churn_v2,2026-10-05T08:55:20.366037+00:00,0.5151515,Medium,1,East,referral,57,Male,Basic,Month-to-month,45.0,2,Customer tenure,Tenure,Raises risk,0.7218,Failed payments (90d),Payments,Raises risk,0.6223,Month-to-month contract,Plan & Billing,Raises risk,0.4923,Early-life onboarding call,502,4,45.0,23.18,0-6m
8885-QSQBX,xgb_churn_v2,2026-10-05T08:55:20.366037+00:00,0.5151515,Medium,0,South,paid_search,47,Female,Basic,Month-to-month,49.55,1,Customer tenure,Tenure,Raises risk,1.0632,Month-to-month contract,Plan & Billing,Raises risk,0.4988,Monthly charge,Plan & Billing,Lowers risk,-0.4401,Early-life onboarding call,503,4,49.55,25.53,0-6m
6664-FPDAC,xgb_churn_v2,2026-10-05T08:55:20.366037+00:00,0.5151515,Medium,1,West,paid_search,64,Female,Standard,One year,111.95,56,Usage trend,Engagement,Raises risk,0.8867,Month-to-month contract,Plan & Billing,Lowers risk,-0.7956,Session count,Engagement,Raises risk,0.4315,Proactive check-in call,504,4,111.95,57.67,49m+
1597-FZREH,xgb_churn_v2,2026-10-05T08:55:20.366037+00:00,0.5151515,Medium,1,West,paid_search,46,Female,Basic,Month-to-month,76.4,2,Customer tenure,Tenure,Raises risk,0.7547,Usage trend,Engagement,Lowers risk,-0.7524,Month-to-month contract,Plan & Billing,Raises risk,0.5522,Early-life onboarding call,505,4,76.4,39.36,0-6m
2834-JRTUA,xgb_churn_v2,2026-10-05T08:55:20.366037+00:00,0.5151515,Medium,1,North,paid_search,30,Male,Pro,Two year,108.05,71,Customer tenure,Tenure,Lowers risk,-0.9332,Month-to-month contract,Plan & Billing,Lowers risk,-0.8911,Session count,Engagement,Raises risk,0.603,Proactive feature walkthrough,506,4,108.05,55.66,49m+
8245-UMPYT,xgb_churn_v2,2026-10-05T08:55:20.366037+00:00,0.5151515,Medium,1,North,partner,73,Female,Basic,Month-to-month,96.4,16,Session count,Engagement,Lowers risk,-0.7461,Failed payments (90d),Payments,Raises risk,0.7211,Monthly charge,Plan & Billing,Raises risk,0.6519,Payment recovery + switch to auto-pay,507,4,96.4,49.66,13-24m
7206-PQBBZ,xgb_churn_v2,2026-10-05T08:55:20.366037+00:00,0.5151515,Medium,0,North,social,62,Male,Basic,Month-to-month,70.2,11,Session minutes,Engagement,Lowers risk,-0.59,Customer age,Demographic,Raises risk,0.5504,Month-to-month contract,Plan & Billing,Raises risk,0.4406,Offer annual-contract incentive,508,4,70.2,36.16,7-12m
2607-FBDFF,xgb_churn_v2,2026-10-05T08:55:20.366037+00:00,0.5151515,Medium,0,West,referral,52,Male,Basic,Month-to-month,49.0,1,Customer tenure,Tenure,Raises risk,1.1386,Feature adoption,Engagement,Raises risk,0.5937,Month-to-month contract,Plan & Billing,Raises risk,0.4619,Early-life onboarding call,509,4,49.0,25.24,0-6m
7351-KYHQH,xgb_churn_v2,2026-10-05T08:55:20.366037+00:00,0.5151515,Medium,0,West,partner,60,Female,Basic,Month-to-month,64.95,7,Usage trend,Engagement,Raises risk,1.0193,Feature adoption,Engagement,Lowers risk,-0.8995,Days since last active,Engagement,Raises risk,0.6898,Proactive check-in call,510,4,64.95,33.46,7-12m
8053-WWDRO,xgb_churn_v2,2026-10-05T08:55:20.366037+00:00,0.5151515,Medium,1,North,partner,43,Female,Basic,Month-to-month,19.5,6,Monthly charge,Plan & Billing,Lowers risk,-1.0798,Usage trend,Engagement,Raises risk,0.7429,Amount paid (90d),Payments,Lowers risk,-0.665,Proactive check-in call,511,4,19.5,10.05,0-6m
8800-JOOCF,xgb_churn_v2,2026-10-05T08:55:20.366037+00:00,0.5151515,Medium,0,West,social,34,Female,Basic,Month-to-month,84.05,12,Month-to-month contract,Plan & Billing,Raises risk,0.4867,Feature adoption,Engagement,Raises risk,0.458,Monthly charge,Plan & Billing,Raises risk,0.4364,Offer annual-contract incentive,512,4,84.05,43.3,7-12m
5294-CDGWY,xgb_churn_v2,2026-10-05T08:55:20.366037+00:00,0.5151515,Medium,1,North,referral,37,Male,Standard,One year,59.3,51,Failed-payment ratio,Payments,Raises risk,1.0576,Failed payments (90d),Payments,Raises risk,1.0417,Month-to-month contract,Plan & Billing,Lowers risk,-0.9828,Payment recovery + switch to auto-pay,513,4,59.3,30.55,49m+
6614-VBEGU,xgb_churn_v2,2026-10-05T08:55:20.366037+00:00,0.5151515,Medium,0,South,paid_search,50,Female,Basic,Month-to-month,69.45,24,Usage trend,Engagement,Raises risk,1.009,Feature adoption,Engagement,Lowers risk,-0.7546,Days since last active,Engagement,Raises risk,0.5627,Proactive check-in call,514,4,69.45,35.78,13-24m
8806-EAGWC,xgb_churn_v2,2026-10-05T08:55:20.366037+00:00,0.5151515,Medium,1,East,organic,34,Male,Basic,Month-to-month,55.15,3,Usage trend,Engagement,Lowers risk,-1.284,Feature adoption,Engagement,Raises risk,0.6896,Failed payments (90d),Payments,Raises risk,0.5584,Proactive feature walkthrough,515,4,55.15,28.41,0-6m
9420-LOJKX,xgb_churn_v2,2026-10-05T08:55:20.366037+00:00,0.5151515,Medium,1,East,partner,58,Female,Basic,Month-to-month,99.1,15,Monthly charge,Plan & Billing,Raises risk,0.7584,Feature adoption,Engagement,Raises risk,0.6115,Month-to-month contract,Plan & Billing,Raises risk,0.4143,Price-fit review / bundle offer,516,4,99.1,51.05,13-24m
6705-LXORM,xgb_churn_v2,2026-10-05T08:55:20.366037+00:00,0.5151515,Medium,0,West,referral,61,Female,Basic,Month-to-month,70.05,5,Feature adoption,Engagement,Lowers risk,-0.6366,Customer age,Demographic,Raises risk,0.5658,Session minutes,Engagement,Lowers risk,-0.5123,General retention check-in,517,4,70.05,36.09,0-6m
9820-RMCQV,xgb_churn_v2,2026-10-05T08:55:20.366037+00:00,0.5151515,Medium,1,South,paid_search,49,Female,Basic,Month-to-month,48.55,11,Usage trend,Engagement,Raises risk,0.793,Failed payments (90d),Payments,Raises risk,0.5696,Days since last active,Engagement,Raises risk,0.5157,Proactive check-in call,518,4,48.55,25.01,7-12m
0742-MOABM,xgb_churn_v2,2026-10-05T08:55:20.366037+00:00,0.5151515,Medium,1,Central,organic,50,Male,Basic,Month-to-month,50.05,4,Session minutes,Engagement,Raises risk,0.6579,Customer tenure,Tenure,Raises risk,0.5242,Feature adoption,Engagement,Raises risk,0.4699,Proactive feature walkthrough,519,4,50.05,25.78,0-6m
4211-MMAZN,xgb_churn_v2,2026-10-05T08:55:20.366037+00:00,0.5151515,Medium,1,East,referral,40,Male,Basic,Month-to-month,20.25,1,Customer tenure,Tenure,Raises risk,1.305,Session minutes,Engagement,Raises risk,0.8254,Monthly charge,Plan & Billing,Lowers risk,-0.7791,Early-life onboarding call,520,4,20.25,10.43,0-6m
6413-XKKPU,xgb_churn_v2,2026-10-05T08:55:20.366037+00:00,0.5151515,Medium,1,North,organic,26,Male,Basic,Month-to-month,89.4,17,Feature adoption,Engagement,Lowers risk,-0.9349,Failed payments (90d),Payments,Raises risk,0.7484,Month-to-month contract,Plan & Billing,Raises risk,0.5377,Payment recovery + switch to auto-pay,521,4,89.4,46.05,13-24m
3987-KQDDU,xgb_churn_v2,2026-10-05T08:55:20.366037+00:00,0.5151515,Medium,0,East,paid_search,46,Male,Basic,Month-to-month,75.6,9,Month-to-month contract,Plan & Billing,Raises risk,0.5321,Days since last active,Engagement,Raises risk,0.3339,Failed payments (90d),Payments,Lowers risk,-0.3068,Offer annual-contract incentive,522,4,75.6,38.95,7-12m
1481-ZUWZA,xgb_churn_v2,2026-10-05T08:55:20.366037+00:00,0.5151515,Medium,1,East,organic,47,Male,Basic,Month-to-month,94.5,28,Failed payments (90d),Payments,Raises risk,0.6571,Month-to-month contract,Plan & Billing,Raises risk,0.4998,Customer tenure,Tenure,Lowers risk,-0.4415,Payment recovery + switch to auto-pay,523,4,94.5,48.68,25-48m
0118-JPNOY,xgb_churn_v2,2026-10-05T08:55:20.366037+00:00,0.5151515,Medium,0,East,referral,61,Female,Basic,Month-to-month,85.8,26,Customer age,Demographic,Raises risk,0.6361,Month-to-month contract,Plan & Billing,Raises risk,0.4768,Customer tenure,Tenure,Lowers risk,-0.4333,Offer annual-contract incentive,524,4,85.8,44.2,25-48m
5276-KQWHG,xgb_churn_v2,2026-10-05T08:55:20.366037+00:00,0.5151515,Medium,1,South,partner,70,Female,Basic,Month-to-month,69.6,2,Feature adoption,Engagement,Lowers risk,-0.6946,Customer tenure,Tenure,Raises risk,0.6155,Days since last active,Engagement,Raises risk,0.5445,Early-life onboarding call,525,4,69.6,35.85,0-6m
3682-YEUWS,xgb_churn_v2,2026-10-05T08:55:20.366037+00:00,0.5151515,Medium,0,East,social,55,Male,Basic,Month-to-month,24.4,10,Session minutes,Engagement,Raises risk,0.7523,Monthly charge,Plan & Billing,Lowers risk,-0.7383,Month-to-month contract,Plan & Billing,Raises risk,0.4786,Proactive feature walkthrough,526,4,24.4,12.57,7-12m
9978-HYCIN,xgb_churn_v2,2026-10-05T08:55:20.366037+00:00,0.5151515,Medium,0,North,partner,61,Male,Standard,One year,84.95,47,Usage trend,Engagement,Raises risk,1.1294,Month-to-month contract,Plan & Billing,Lowers risk,-0.8696,Session minutes,Engagement,Lowers risk,-0.774,Proactive check-in call,527,4,84.95,43.76,25-48m
8938-UMKPI,xgb_churn_v2,2026-10-05T08:55:20.366037+00:00,0.5151515,Medium,1,North,paid_search,29,Female,Basic,Month-to-month,106.4,47,Customer tenure,Tenure,Lowers risk,-0.6624,Support tickets (90d),Support,Raises risk,0.4857,Month-to-month contract,Plan & Billing,Raises risk,0.3742,Escalate to retention specialist,528,4,106.4,54.81,25-48m
6776-TLWOI,xgb_churn_v2,2026-10-05T08:55:20.366037+00:00,0.5151515,Medium,1,South,referral,42,Male,Basic,Month-to-month,19.85,3,Monthly charge,Plan & Billing,Lowers risk,-1.1192,Feature adoption,Engagement,Raises risk,0.8861,Amount paid (90d),Payments,Lowers risk,-0.7424,Proactive feature walkthrough,529,4,19.85,10.23,0-6m
7627-JKIAZ,xgb_churn_v2,2026-10-05T08:55:20.366037+00:00,0.5151515,Medium,1,East,organic,24,Female,Basic,Month-to-month,78.95,37,Failed payments (90d),Payments,Raises risk,0.6073,Support tickets (90d),Support,Raises risk,0.5256,Month-to-month contract,Plan & Billing,Raises risk,0.4373,Payment recovery + switch to auto-pay,530,4,78.95,40.67,25-48m
3191-CSNMG,xgb_churn_v2,2026-10-05T08:55:20.366037+00:00,0.5151515,Medium,0,South,social,42,Female,Basic,Month-to-month,80.7,3,Customer tenure,Tenure,Raises risk,0.6653,Month-to-month contract,Plan & Billing,Raises risk,0.5065,Session minutes,Engagement,Raises risk,0.3937,Early-life onboarding call,531,4,80.7,41.57,0-6m
5673-TIYIB,xgb_churn_v2,2026-10-05T08:55:20.366037+00:00,0.5151515,Medium,1,North,organic,30,Male,Basic,Month-to-month,40.4,2,Customer tenure,Tenure,Raises risk,0.8525,Feature adoption,Engagement,Lowers risk,-0.6353,Open support tickets,Support,Raises risk,0.5454,Early-life onboarding call,532,4,40.4,20.81,0-6m
2187-PKZAY,xgb_churn_v2,2026-10-05T08:55:20.366037+00:00,0.5151515,Medium,0,West,organic,27,Male,Basic,Month-to-month,79.95,12,Month-to-month contract,Plan & Billing,Raises risk,0.5219,Monthly charge,Plan & Billing,Raises risk,0.3811,Days since last active,Engagement,Raises risk,0.3609,Offer annual-contract incentive,533,4,79.95,41.19,7-12m
0486-HECZI,xgb_churn_v2,2026-10-05T08:55:20.366037+00:00,0.5151515,Medium,1,North,partner,52,Male,Basic,Month-to-month,96.75,55,Usage trend,Engagement,Lowers risk,-0.7996,Feature adoption,Engagement,Raises risk,0.6206,Customer tenure,Tenure,Lowers risk,-0.6173,Proactive feature walkthrough,534,4,96.75,49.84,49m+
6908-VVYHM,xgb_churn_v2,2026-10-05T08:55:20.366037+00:00,0.5151515,Medium,0,South,social,43,Male,Basic,Month-to-month,90.65,65,Customer tenure,Tenure,Lowers risk,-1.3003,Open support tickets,Support,Raises risk,0.6799,Failed payments (90d),Payments,Raises risk,0.5099,Escalate to retention specialist,535,4,90.65,46.7,49m+
8433-WXGNA,xgb_churn_v2,2026-10-05T08:55:20.366037+00:00,0.5151515,Medium,1,West,partner,38,Male,Basic,Month-to-month,75.7,2,Customer tenure,Tenure,Raises risk,0.8203,Month-to-month contract,Plan & Billing,Raises risk,0.5083,Days since last active,Engagement,Raises risk,0.3853,Early-life onboarding call,536,4,75.7,39.0,0-6m
2189-WWOEW,xgb_churn_v2,2026-10-05T08:55:20.366037+00:00,0.5151515,Medium,1,North,referral,27,Female,Basic,Month-to-month,85.9,15,Month-to-month contract,Plan & Billing,Raises risk,0.4583,Session count,Engagement,Raises risk,0.4145,Feature adoption,Engagement,Lowers risk,-0.36,Offer annual-contract incentive,537,4,85.9,44.25,13-24m
5804-HYIEZ,xgb_churn_v2,2026-10-05T08:55:20.366037+00:00,0.5151515,Medium,0,North,partner,58,Male,Basic,Month-to-month,106.05,70,Customer tenure,Tenure,Lowers risk,-0.8714,Session minutes,Engagement,Lowers risk,-0.7472,Monthly charge,Plan & Billing,Raises risk,0.7378,Price-fit review / bundle offer,538,4,106.05,54.63,49m+
3524-WQDSG,xgb_churn_v2,2026-10-05T08:55:20.366037+00:00,0.5151515,Medium,0,Central,referral,49,Female,Basic,Month-to-month,99.3,43,Failed payments (90d),Payments,Raises risk,0.6611,Monthly charge,Plan & Billing,Raises risk,0.6461,Customer tenure,Tenure,Lowers risk,-0.5778,Payment recovery + switch to auto-pay,539,4,99.3,51.15,25-48m
0899-WZRSD,xgb_churn_v2,2026-10-05T08:55:20.366037+00:00,0.5151515,Medium,0,North,referral,43,Male,Basic,Month-to-month,105.35,56,Customer tenure,Tenure,Lowers risk,-0.6614,Monthly charge,Plan & Billing,Raises risk,0.6563,Feature adoption,Engagement,Raises risk,0.584,Price-fit review / bundle offer,540,4,105.35,54.27,49m+
5442-XSDCW,xgb_churn_v2,2026-10-05T08:55:20.366037+00:00,0.5151515,Medium,1,North,partner,34,Male,Basic,Month-to-month,79.5,11,Month-to-month contract,Plan & Billing,Raises risk,0.4885,Monthly charge,Plan & Billing,Raises risk,0.3272,Feature adoption,Engagement,Lowers risk,-0.3269,Offer annual-contract incentive,541,4,79.5,40.95,7-12m
9821-POOTN,xgb_churn_v2,2026-10-05T08:55:20.366037+00:00,0.5151515,Medium,1,North,partner,43,Male,Basic,Month-to-month,75.2,35,Failed payments (90d),Payments,Raises risk,0.6929,Month-to-month contract,Plan & Billing,Raises risk,0.5323,Customer tenure,Tenure,Lowers risk,-0.4165,Payment recovery + switch to auto-pay,542,4,75.2,38.74,25-48m
4248-HCETZ,xgb_churn_v2,2026-10-05T08:55:20.366037+00:00,0.5151515,Medium,1,South,organic,63,Male,Basic,Month-to-month,79.65,30,Failed payments (90d),Payments,Raises risk,0.6336,Customer tenure,Tenure,Lowers risk,-0.5361,Month-to-month contract,Plan & Billing,Raises risk,0.4983,Payment recovery + switch to auto-pay,543,4,79.65,41.03,25-48m
0959-WHOKV,xgb_churn_v2,2026-10-05T08:55:20.366037+00:00,0.5151515,Medium,0,North,paid_search,32,Male,Standard,One year,99.0,42,Usage trend,Engagement,Raises risk,0.8594,Failed payments (90d),Payments,Raises risk,0.8375,Monthly charge,Plan & Billing,Raises risk,0.8095,Proactive check-in call,544,4,99.0,51.0,25-48m
4248-QPAVC,xgb_churn_v2,2026-10-05T08:55:20.366037+00:00,0.5151515,Medium,1,Central,paid_search,77,Female,Basic,Month-to-month,85.35,17,Month-to-month contract,Plan & Billing,Raises risk,0.5245,Feature adoption,Engagement,Raises risk,0.4623,Monthly charge,Plan & Billing,Raises risk,0.4375,Offer annual-contract incentive,545,4,85.35,43.97,13-24m
3030-ZKIWL,xgb_churn_v2,2026-10-05T08:55:20.366037+00:00,0.5151515,Medium,0,South,social,35,Male,Basic,Month-to-month,20.05,1,Customer tenure,Tenure,Raises risk,1.2269,Monthly charge,Plan & Billing,Lowers risk,-0.9735,Failed payments (90d),Payments,Raises risk,0.5926,Early-life onboarding call,546,4,20.05,10.33,0-6m
4797-AXPXK,xgb_churn_v2,2026-10-05T08:55:20.366037+00:00,0.5151515,Medium,1,Central,partner,34,Female,Basic,Month-to-month,60.0,1,Customer tenure,Tenure,Raises risk,1.1147,Monthly charge,Plan & Billing,Lowers risk,-0.5201,Month-to-month contract,Plan & Billing,Raises risk,0.484,Early-life onboarding call,547,4,60.0,30.91,0-6m
3948-XHGNA,xgb_churn_v2,2026-10-05T08:55:20.366037+00:00,0.5151515,Medium,1,East,partner,22,Male,Basic,Month-to-month,49.55,24,Feature adoption,Engagement,Raises risk,0.9602,Month-to-month contract,Plan & Billing,Raises risk,0.4155,Failed payments (90d),Payments,Lowers risk,-0.3841,Proactive feature walkthrough,548,4,49.55,25.53,13-24m
2027-OAQQC,xgb_churn_v2,2026-10-05T08:55:20.366037+00:00,0.5151515,Medium,1,West,paid_search,26,Female,Basic,Month-to-month,49.05,43,Failed payments (90d),Payments,Raises risk,0.6676,Days since last active,Engagement,Raises risk,0.5305,Month-to-month contract,Plan & Billing,Raises risk,0.462,Payment recovery + switch to auto-pay,549,4,49.05,25.27,25-48m
3877-JRJIP,xgb_churn_v2,2026-10-05T08:55:20.366037+00:00,0.5151515,Medium,1,North,social,33,Male,Basic,Month-to-month,59.85,1,Customer tenure,Tenure,Raises risk,0.9921,Monthly charge,Plan & Billing,Lowers risk,-0.518,Month-to-month contract,Plan & Billing,Raises risk,0.49,Early-life onboarding call,550,4,59.85,30.83,0-6m
1518-VOWAV,xgb_churn_v2,2026-10-05T08:55:20.366037+00:00,0.5151515,Medium,1,Central,partner,27,Female,Basic,Month-to-month,74.65,9,Month-to-month contract,Plan & Billing,Raises risk,0.5233,Feature adoption,Engagement,Raises risk,0.4982,Session count,Engagement,Lowers risk,-0.3038,Offer annual-contract incentive,551,4,74.65,38.46,7-12m
2603-HVKCG,xgb_churn_v2,2026-10-05T08:55:20.366037+00:00,0.5151515,Medium,0,Central,referral,44,Male,Basic,Month-to-month,101.4,31,Usage trend,Engagement,Raises risk,0.754,Feature adoption,Engagement,Lowers risk,-0.6058,Monthly charge,Plan & Billing,Raises risk,0.5972,Proactive check-in call,552,4,101.4,52.24,25-48m
2858-MOFSQ,xgb_churn_v2,2026-10-05T08:55:20.366037+00:00,0.5151515,Medium,1,Central,paid_search,30,Female,Standard,One year,55.85,17,Month-to-month contract,Plan & Billing,Lowers risk,-0.9854,Session count,Engagement,Raises risk,0.9181,Failed payments (90d),Payments,Raises risk,0.6591,Proactive feature walkthrough,553,4,55.85,28.77,13-24m
8421-WZOOW,xgb_churn_v2,2026-10-05T08:55:20.366037+00:00,0.5151515,Medium,0,North,organic,62,Female,Basic,Month-to-month,95.3,57,Customer age,Demographic,Raises risk,0.6657,Customer tenure,Tenure,Lowers risk,-0.6589,Monthly charge,Plan & Billing,Raises risk,0.4438,Price-fit review / bundle offer,554,4,95.3,49.09,49m+
5201-FRKKS,xgb_churn_v2,2026-10-05T08:55:20.366037+00:00,0.5151515,Medium,0,South,organic,40,Male,Basic,Month-to-month,74.3,25,Month-to-month contract,Plan & Billing,Raises risk,0.5105,Session count,Engagement,Raises risk,0.4131,Session minutes,Engagement,Raises risk,0.3318,Offer annual-contract incentive,555,4,74.3,38.28,25-48m
0840-DFEZH,xgb_churn_v2,2026-10-05T08:55:20.366037+00:00,0.5151515,Medium,0,North,partner,49,Female,Basic,Month-to-month,75.35,7,Days since last active,Engagement,Raises risk,0.5318,Month-to-month contract,Plan & Billing,Raises risk,0.4973,Feature adoption,Engagement,Lowers risk,-0.3863,Proactive check-in call,556,4,75.35,38.82,7-12m
5348-CAGXB,xgb_churn_v2,2026-10-05T08:55:20.366037+00:00,0.5151515,Medium,0,South,organic,44,Male,Basic,Month-to-month,89.55,12,Session minutes,Engagement,Lowers risk,-0.5635,Monthly charge,Plan & Billing,Raises risk,0.4776,Month-to-month contract,Plan & Billing,Raises risk,0.4738,Price-fit review / bundle offer,557,4,89.55,46.13,7-12m
5167-GBFRE,xgb_churn_v2,2026-10-05T08:55:20.366037+00:00,0.5151515,Medium,1,Central,organic,72,Male,Basic,Month-to-month,25.2,4,Failed payments (90d),Payments,Raises risk,1.1757,Failed-payment ratio,Payments,Raises risk,1.1644,Feature adoption,Engagement,Lowers risk,-0.899,Payment recovery + switch to auto-pay,558,4,25.2,12.98,0-6m
0587-DMGBH,xgb_churn_v2,2026-10-05T08:55:20.366037+00:00,0.5151515,Medium,1,West,organic,56,Female,Basic,Month-to-month,49.85,8,Open support tickets,Support,Raises risk,0.9826,Feature adoption,Engagement,Lowers risk,-0.8799,Usage trend,Engagement,Lowers risk,-0.4982,Escalate to retention specialist,559,4,49.85,25.68,7-12m
7993-PYKOF,xgb_churn_v2,2026-10-05T08:55:20.366037+00:00,0.5151515,Medium,1,South,paid_search,58,Male,Basic,Month-to-month,75.0,8,Days since last active,Engagement,Raises risk,0.5015,Month-to-month contract,Plan & Billing,Raises risk,0.5007,Session count,Engagement,Lowers risk,-0.4025,Proactive check-in call,560,4,75.0,38.64,7-12m
9752-ZNQUT,xgb_churn_v2,2026-10-05T08:55:20.366037+00:00,0.5151515,Medium,0,North,partner,48,Female,Basic,Month-to-month,48.6,1,Customer tenure,Tenure,Raises risk,1.159,Days since last active,Engagement,Raises risk,0.4781,Month-to-month contract,Plan & Billing,Raises risk,0.4679,Early-life onboarding call,561,4,48.6,25.04,0-6m
8699-ASUFO,xgb_churn_v2,2026-10-05T08:55:20.366037+00:00,0.5151515,Medium,1,West,paid_search,78,Male,Basic,Month-to-month,74.4,7,Usage trend,Engagement,Lowers risk,-1.4473,Failed payments (90d),Payments,Raises risk,0.5289,Month-to-month contract,Plan & Billing,Raises risk,0.4861,Payment recovery + switch to auto-pay,562,4,74.4,38.33,7-12m
2108-XWMPY,xgb_churn_v2,2026-10-05T08:55:20.366037+00:00,0.5151515,Medium,1,North,referral,40,Male,Basic,Month-to-month,35.45,3,Open support tickets,Support,Raises risk,1.0667,Feature adoption,Engagement,Lowers risk,-0.9526,Days since last active,Engagement,Raises risk,0.5338,Escalate to retention specialist,563,4,35.45,18.26,0-6m
2250-IVBWA,xgb_churn_v2,2026-10-05T08:55:20.366037+00:00,0.5151515,Medium,0,South,paid_search,54,Male,Basic,Month-to-month,81.05,64,Customer tenure,Tenure,Lowers risk,-1.0137,Feature adoption,Engagement,Raises risk,0.8814,Month-to-month contract,Plan & Billing,Raises risk,0.4589,Proactive feature walkthrough,564,4,81.05,41.75,49m+
9522-BNTHX,xgb_churn_v2,2026-10-05T08:55:20.366037+00:00,0.5151515,Medium,0,West,social,60,Female,Basic,Month-to-month,56.25,34,Usage trend,Engagement,Raises risk,0.7899,Customer age,Demographic,Raises risk,0.6331,Session minutes,Engagement,Lowers risk,-0.5505,Proactive check-in call,565,4,56.25,28.98,25-48m
4234-XTNEA,xgb_churn_v2,2026-10-05T08:55:20.366037+00:00,0.5151515,Medium,0,North,partner,26,Male,Basic,Month-to-month,79.95,2,Customer tenure,Tenure,Raises risk,0.7071,Feature adoption,Engagement,Lowers risk,-0.7057,Month-to-month contract,Plan & Billing,Raises risk,0.5036,Early-life onboarding call,566,4,79.95,41.19,0-6m
0303-WMMRN,xgb_churn_v2,2026-10-05T08:55:20.366037+00:00,0.51515144,Medium,0,South,referral,23,Male,Basic,Month-to-month,19.25,5,Open support tickets,Support,Raises risk,1.0313,Monthly charge,Plan & Billing,Lowers risk,-0.9863,Amount paid (90d),Payments,Raises risk,0.7021,Escalate to retention specialist,567,4,19.25,9.92,0-6m
5442-UTCVD,xgb_churn_v2,2026-10-05T08:55:20.366037+00:00,0.51219517,Medium,1,West,paid_search,47,Male,Basic,Month-to-month,91.85,3,Customer tenure,Tenure,Raises risk,0.6531,Month-to-month contract,Plan & Billing,Raises risk,0.5018,Session minutes,Engagement,Lowers risk,-0.4991,Early-life onboarding call,568,4,91.85,47.05,0-6m
5027-XWQHA,xgb_churn_v2,2026-10-05T08:55:20.366037+00:00,0.51219517,Medium,1,North,partner,41,Male,Basic,Month-to-month,44.75,6,Days since last active,Engagement,Raises risk,0.5214,Month-to-month contract,Plan & Billing,Raises risk,0.4289,Open support tickets,Support,Raises risk,0.3746,Proactive check-in call,569,5,44.75,22.92,0-6m
6650-VJONK,xgb_churn_v2,2026-10-05T08:55:20.366037+00:00,0.5121951,Medium,0,South,social,28,Male,Basic,Month-to-month,43.85,1,Customer tenure,Tenure,Raises risk,1.213,Session minutes,Engagement,Lowers risk,-0.5398,Feature adoption,Engagement,Raises risk,0.5135,Early-life onboarding call,570,5,43.85,22.46,0-6m
4468-YDOVK,xgb_churn_v2,2026-10-05T08:55:20.366037+00:00,0.5121951,Medium,0,East,partner,25,Male,Basic,Month-to-month,48.65,5,Customer tenure,Tenure,Raises risk,0.4934,Month-to-month contract,Plan & Billing,Raises risk,0.4592,Days since last active,Engagement,Raises risk,0.4387,Early-life onboarding call,571,5,48.65,24.92,0-6m
6092-QZVPP,xgb_churn_v2,2026-10-05T08:55:20.366037+00:00,0.5121951,Medium,0,West,organic,24,Male,Basic,Month-to-month,79.2,36,Month-to-month contract,Plan & Billing,Raises risk,0.5065,Feature adoption,Engagement,Raises risk,0.4922,Customer tenure,Tenure,Lowers risk,-0.4668,Offer annual-contract incentive,572,5,79.2,40.57,25-48m
8630-FJLIB,xgb_churn_v2,2026-10-05T08:55:20.366037+00:00,0.5121951,Medium,0,South,referral,57,Female,Basic,Month-to-month,69.8,18,Month-to-month contract,Plan & Billing,Raises risk,0.5016,Failed payments (90d),Payments,Lowers risk,-0.3826,Pays by electronic check,Payments,Raises risk,0.2662,Offer annual-contract incentive,573,5,69.8,35.75,13-24m
9840-DVNDC,xgb_churn_v2,2026-10-05T08:55:20.366037+00:00,0.5121951,Medium,1,East,referral,48,Male,Basic,Month-to-month,80.5,6,Customer tenure,Tenure,Raises risk,0.586,Month-to-month contract,Plan & Billing,Raises risk,0.4793,Feature adoption,Engagement,Lowers risk,-0.4087,Early-life onboarding call,574,5,80.5,41.23,0-6m
1218-VKFPE,xgb_churn_v2,2026-10-05T08:55:20.366037+00:00,0.5121951,Medium,1,South,social,27,Female,Basic,Month-to-month,19.0,12,Monthly charge,Plan & Billing,Lowers risk,-1.2145,Open support tickets,Support,Raises risk,1.011,Feature adoption,Engagement,Raises risk,0.7602,Escalate to retention specialist,575,5,19.0,9.73,7-12m
1409-PHXTF,xgb_churn_v2,2026-10-05T08:55:20.366037+00:00,0.5121951,Medium,0,East,social,61,Male,Pro,Two year,110.45,54,Feature adoption,Engagement,Lowers risk,-0.979,Failed payments (90d),Payments,Raises risk,0.7626,Month-to-month contract,Plan & Billing,Lowers risk,-0.7346,Payment recovery + switch to auto-pay,576,5,110.45,56.57,49m+
3733-ZEECP,xgb_churn_v2,2026-10-05T08:55:20.366037+00:00,0.5121951,Medium,0,East,paid_search,27,Male,Basic,Month-to-month,51.1,22,Feature adoption,Engagement,Raises risk,0.6243,Month-to-month contract,Plan & Billing,Raises risk,0.423,Failed payments (90d),Payments,Lowers risk,-0.3826,Proactive feature walkthrough,577,5,51.1,26.17,13-24m
4892-VLANZ,xgb_churn_v2,2026-10-05T08:55:20.366037+00:00,0.5121951,Medium,1,West,referral,34,Male,Basic,Month-to-month,19.8,1,Customer tenure,Tenure,Raises risk,1.3375,Monthly charge,Plan & Billing,Lowers risk,-0.8731,Failed payments (90d),Payments,Raises risk,0.568,Early-life onboarding call,578,5,19.8,10.14,0-6m
0623-IIHUG,xgb_churn_v2,2026-10-05T08:55:20.366037+00:00,0.5121951,Medium,1,South,partner,79,Female,Basic,Month-to-month,41.9,21,Customer age,Demographic,Raises risk,0.4954,Month-to-month contract,Plan & Billing,Raises risk,0.4279,Failed payments (90d),Payments,Lowers risk,-0.3922,Offer annual-contract incentive,579,5,41.9,21.46,13-24m
6923-EFPNL,xgb_churn_v2,2026-10-05T08:55:20.366037+00:00,0.5121951,Medium,1,East,partner,24,Male,Basic,Month-to-month,51.75,4,Customer tenure,Tenure,Raises risk,0.4734,Open support tickets,Support,Raises risk,0.443,Month-to-month contract,Plan & Billing,Raises risk,0.4245,Early-life onboarding call,580,5,51.75,26.51,0-6m
8356-WUAOJ,xgb_churn_v2,2026-10-05T08:55:20.366037+00:00,0.5121951,Medium,0,North,paid_search,34,Female,Basic,Month-to-month,45.0,1,Customer tenure,Tenure,Raises risk,1.465,Feature adoption,Engagement,Lowers risk,-0.6351,Month-to-month contract,Plan & Billing,Raises risk,0.4678,Early-life onboarding call,581,5,45.0,23.05,0-6m
0322-CHQRU,xgb_churn_v2,2026-10-05T08:55:20.366037+00:00,0.5121951,Medium,1,West,organic,23,Male,Basic,Month-to-month,45.35,2,Session count,Engagement,Lowers risk,-0.924,Customer tenure,Tenure,Raises risk,0.7867,Month-to-month contract,Plan & Billing,Raises risk,0.4596,Early-life onboarding call,582,5,45.35,23.23,0-6m
0757-WCUUZ,xgb_churn_v2,2026-10-05T08:55:20.366037+00:00,0.5121951,Medium,0,North,partner,24,Male,Pro,Two year,63.35,54,Failed-payment ratio,Payments,Raises risk,1.299,Failed payments (90d),Payments,Raises risk,1.0111,Month-to-month contract,Plan & Billing,Lowers risk,-0.9267,Payment recovery + switch to auto-pay,583,5,63.35,32.45,49m+
7851-FLGGQ,xgb_churn_v2,2026-10-05T08:55:20.366037+00:00,0.5121951,Medium,1,West,partner,27,Male,Basic,Month-to-month,44.65,1,Customer tenure,Tenure,Raises risk,1.1441,Session minutes,Engagement,Lowers risk,-0.6864,Failed payments (90d),Payments,Raises risk,0.5597,Early-life onboarding call,584,5,44.65,22.87,0-6m
8851-RAGOV,xgb_churn_v2,2026-10-05T08:55:20.366037+00:00,0.5121951,Medium,0,West,social,52,Female,Basic,Month-to-month,71.05,25,Month-to-month contract,Plan & Billing,Raises risk,0.4725,Session count,Engagement,Raises risk,0.3826,Feature adoption,Engagement,Lowers risk,-0.3653,Offer annual-contract incentive,585,5,71.05,36.39,25-48m
4109-CYRBD,xgb_churn_v2,2026-10-05T08:55:20.366037+00:00,0.5121951,Medium,0,East,organic,62,Male,Basic,Month-to-month,51.6,29,Customer age,Demographic,Raises risk,0.6566,Feature adoption,Engagement,Lowers risk,-0.6337,Days since last active,Engagement,Raises risk,0.5143,Proactive check-in call,586,5,51.6,26.43,25-48m
0637-UBJRP,xgb_churn_v2,2026-10-05T08:55:20.366037+00:00,0.5121951,Medium,1,East,organic,27,Male,Basic,Month-to-month,84.05,13,Feature adoption,Engagement,Lowers risk,-0.5657,Month-to-month contract,Plan & Billing,Raises risk,0.4829,Failed payments (90d),Payments,Lowers risk,-0.3763,Offer annual-contract incentive,587,5,84.05,43.05,13-24m
1009-IRMNA,xgb_churn_v2,2026-10-05T08:55:20.366037+00:00,0.5121951,Medium,1,Central,paid_search,39,Female,Basic,Month-to-month,20.0,7,Monthly charge,Plan & Billing,Lowers risk,-1.2978,Failed payments (90d),Payments,Raises risk,1.1417,Failed-payment ratio,Payments,Raises risk,1.1109,Payment recovery + switch to auto-pay,588,5,20.0,10.24,7-12m
0650-BWOZN,xgb_churn_v2,2026-10-05T08:55:20.366037+00:00,0.5121951,Medium,0,Central,organic,62,Female,Basic,Month-to-month,73.55,18,Usage trend,Engagement,Lowers risk,-0.7341,Customer age,Demographic,Raises risk,0.6819,Month-to-month contract,Plan & Billing,Raises risk,0.4702,Offer annual-contract incentive,589,5,73.55,37.67,13-24m
4512-ZUIYL,xgb_churn_v2,2026-10-05T08:55:20.366037+00:00,0.5121951,Medium,1,East,partner,32,Female,Basic,Month-to-month,70.0,2,Customer tenure,Tenure,Raises risk,0.8019,Feature adoption,Engagement,Lowers risk,-0.6822,Days since last active,Engagement,Raises risk,0.5549,Early-life onboarding call,590,5,70.0,35.85,0-6m
5337-IIWKZ,xgb_churn_v2,2026-10-05T08:55:20.366037+00:00,0.5121951,Medium,0,Central,social,38,Male,Basic,Month-to-month,44.85,34,Session count,Engagement,Raises risk,0.7704,Month-to-month contract,Plan & Billing,Raises risk,0.4802,Customer tenure,Tenure,Lowers risk,-0.4508,Proactive feature walkthrough,591,5,44.85,22.97,25-48m
9362-MWODR,xgb_churn_v2,2026-10-05T08:55:20.366037+00:00,0.5121951,Medium,0,East,partner,23,Female,Basic,Month-to-month,64.1,40,Open support tickets,Support,Raises risk,1.0934,Customer tenure,Tenure,Lowers risk,-0.6242,Feature adoption,Engagement,Lowers risk,-0.5655,Escalate to retention specialist,592,5,64.1,32.83,25-48m
8180-AKMJV,xgb_churn_v2,2026-10-05T08:55:20.366037+00:00,0.5121951,Medium,0,East,paid_search,23,Female,Basic,Month-to-month,44.55,1,Customer tenure,Tenure,Raises risk,1.2449,Usage trend,Engagement,Lowers risk,-0.708,Month-to-month contract,Plan & Billing,Raises risk,0.4502,Early-life onboarding call,593,5,44.55,22.82,0-6m
3834-XUIFC,xgb_churn_v2,2026-10-05T08:55:20.366037+00:00,0.5121951,Medium,1,North,partner,31,Male,Basic,Month-to-month,85.2,7,Session minutes,Engagement,Lowers risk,-0.5827,Month-to-month contract,Plan & Billing,Raises risk,0.5135,Monthly charge,Plan & Billing,Raises risk,0.4714,Offer annual-contract incentive,594,5,85.2,43.64,7-12m
1564-HJUVY,xgb_churn_v2,2026-10-05T08:55:20.366037+00:00,0.5121951,Medium,0,South,organic,58,Male,Basic,Month-to-month,63.75,4,Month-to-month contract,Plan & Billing,Raises risk,0.4623,Days since last active,Engagement,Raises risk,0.4008,Monthly charge,Plan & Billing,Lowers risk,-0.3766,Offer annual-contract incentive,595,5,63.75,32.65,0-6m
4526-ZJJTM,xgb_churn_v2,2026-10-05T08:55:20.366037+00:00,0.5121951,Medium,0,North,referral,61,Female,Basic,Month-to-month,88.4,25,Feature adoption,Engagement,Lowers risk,-0.8778,Customer age,Demographic,Raises risk,0.6614,Month-to-month contract,Plan & Billing,Raises risk,0.4557,Offer annual-contract incentive,596,5,88.4,45.28,25-48m
3345-PBBFH,xgb_churn_v2,2026-10-05T08:55:20.366037+00:00,0.5121951,Medium,0,Central,referral,53,Male,Basic,Month-to-month,49.55,8,Usage trend,Engagement,Raises risk,0.7214,Days since last active,Engagement,Raises risk,0.6405,Feature adoption,Engagement,Lowers risk,-0.4439,Proactive check-in call,597,5,49.55,25.38,7-12m
5976-JCJRH,xgb_churn_v2,2026-10-05T08:55:20.366037+00:00,0.5121951,Medium,1,North,social,58,Male,Basic,Month-to-month,70.3,10,Feature adoption,Engagement,Lowers risk,-0.7658,Month-to-month contract,Plan & Billing,Raises risk,0.4971,Days since last active,Engagement,Raises risk,0.3832,Offer annual-contract incentive,598,5,70.3,36.01,7-12m
6080-TCMYC,xgb_churn_v2,2026-10-05T08:55:20.366037+00:00,0.5121951,Medium,0,North,paid_search,58,Male,Basic,Month-to-month,81.2,40,Customer tenure,Tenure,Lowers risk,-0.6677,Support tickets (90d),Support,Raises risk,0.5523,Month-to-month contract,Plan & Billing,Raises risk,0.4182,Escalate to retention specialist,599,5,81.2,41.59,25-48m
7878-JGDKK,xgb_churn_v2,2026-10-05T08:55:20.366037+00:00,0.5121951,Medium,0,East,partner,40,Male,Basic,Month-to-month,44.55,4,Open support tickets,Support,Raises risk,0.4724,Month-to-month contract,Plan & Billing,Raises risk,0.4452,Feature adoption,Engagement,Raises risk,0.4066,Escalate to retention specialist,600,5,44.55,22.82,0-6m
8695-WDYEA,xgb_churn_v2,2026-10-05T08:55:20.366037+00:00,0.5121951,Medium,0,Central,organic,40,Male,Basic,Month-to-month,51.25,1,Customer tenure,Tenure,Raises risk,1.2147,Month-to-month contract,Plan & Billing,Raises risk,0.4655,Feature adoption,Engagement,Lowers risk,-0.439,Early-life onboarding call,601,5,51.25,26.25,0-6m
8566-YPRGL,xgb_churn_v2,2026-10-05T08:55:20.366037+00:00,0.5121951,Medium,0,Central,social,25,Female,Basic,Month-to-month,19.5,1,Customer tenure,Tenure,Raises risk,1.317,Monthly charge,Plan & Billing,Lowers risk,-0.9887,Amount paid (90d),Payments,Lowers risk,-0.5366,Early-life onboarding call,602,5,19.5,9.99,0-6m
4918-QLLIW,xgb_churn_v2,2026-10-05T08:55:20.366037+00:00,0.5121951,Medium,1,North,organic,27,Male,Basic,Month-to-month,53.4,3,Feature adoption,Engagement,Lowers risk,-0.6195,Customer tenure,Tenure,Raises risk,0.5161,Open support tickets,Support,Raises risk,0.48,Early-life onboarding call,603,5,53.4,27.35,0-6m
4021-RQSNY,xgb_churn_v2,2026-10-05T08:55:20.366037+00:00,0.5121951,Medium,1,Central,paid_search,78,Male,Basic,Month-to-month,98.5,29,Feature adoption,Engagement,Lowers risk,-0.5952,Monthly charge,Plan & Billing,Raises risk,0.5704,Customer tenure,Tenure,Lowers risk,-0.4679,Price-fit review / bundle offer,604,5,98.5,50.45,25-48m
1195-OIYEJ,xgb_churn_v2,2026-10-05T08:55:20.366037+00:00,0.5121951,Medium,1,East,paid_search,39,Male,Basic,Month-to-month,91.1,13,Feature adoption,Engagement,Lowers risk,-0.884,Month-to-month contract,Plan & Billing,Raises risk,0.474,Days since last active,Engagement,Raises risk,0.4392,Offer annual-contract incentive,605,5,91.1,46.66,13-24m
9773-PEQBZ,xgb_churn_v2,2026-10-05T08:55:20.366037+00:00,0.5121951,Medium,0,East,paid_search,22,Male,Basic,Month-to-month,79.85,10,Feature adoption,Engagement,Lowers risk,-0.4848,Month-to-month contract,Plan & Billing,Raises risk,0.4498,Monthly charge,Plan & Billing,Raises risk,0.3952,Offer annual-contract incentive,606,5,79.85,40.9,7-12m
3473-XIIIT,xgb_churn_v2,2026-10-05T08:55:20.366037+00:00,0.5121951,Medium,1,South,organic,51,Female,Basic,Month-to-month,100.0,16,Session minutes,Engagement,Lowers risk,-0.7553,Monthly charge,Plan & Billing,Raises risk,0.7104,Session count,Engagement,Lowers risk,-0.5105,Price-fit review / bundle offer,607,5,100.0,51.22,13-24m
7240-ETPTR,xgb_churn_v2,2026-10-05T08:55:20.366037+00:00,0.5121951,Medium,1,South,referral,53,Female,Basic,Month-to-month,48.75,9,Feature adoption,Engagement,Lowers risk,-0.5614,Days since last active,Engagement,Raises risk,0.5613,Month-to-month contract,Plan & Billing,Raises risk,0.4418,Proactive check-in call,608,5,48.75,24.97,7-12m
4612-THJBS,xgb_churn_v2,2026-10-05T08:55:20.366037+00:00,0.5121951,Medium,1,Central,referral,76,Female,Standard,One year,104.75,56,Month-to-month contract,Plan & Billing,Lowers risk,-0.8567,Monthly charge,Plan & Billing,Raises risk,0.6441,Customer tenure,Tenure,Lowers risk,-0.5976,Price-fit review / bundle offer,609,5,104.75,53.65,49m+
7326-RIGQZ,xgb_churn_v2,2026-10-05T08:55:20.366037+00:00,0.5121951,Medium,0,North,partner,55,Male,Basic,Month-to-month,69.8,6,Feature adoption,Engagement,Lowers risk,-0.9284,Month-to-month contract,Plan & Billing,Raises risk,0.4951,Session count,Engagement,Raises risk,0.3461,Offer annual-contract incentive,610,5,69.8,35.75,0-6m
6032-IGALN,xgb_churn_v2,2026-10-05T08:55:20.366037+00:00,0.5121951,Medium,1,Central,referral,35,Female,Basic,Month-to-month,25.1,1,Customer tenure,Tenure,Raises risk,1.2015,Feature adoption,Engagement,Lowers risk,-0.7135,Failed payments (90d),Payments,Raises risk,0.5347,Early-life onboarding call,611,5,25.1,12.86,0-6m
4351-QLCSU,xgb_churn_v2,2026-10-05T08:55:20.366037+00:00,0.5121951,Medium,1,East,partner,31,Female,Basic,Month-to-month,55.0,1,Customer tenure,Tenure,Raises risk,1.0384,Monthly charge,Plan & Billing,Lowers risk,-0.4987,Month-to-month contract,Plan & Billing,Raises risk,0.4662,Early-life onboarding call,612,5,55.0,28.17,0-6m
2740-JFBOK,xgb_churn_v2,2026-10-05T08:55:20.366037+00:00,0.5121951,Medium,0,South,referral,50,Male,Basic,Month-to-month,24.0,10,Feature adoption,Engagement,Raises risk,0.7682,Monthly charge,Plan & Billing,Lowers risk,-0.7533,Month-to-month contract,Plan & Billing,Raises risk,0.4297,Proactive feature walkthrough,613,5,24.0,12.29,7-12m
3566-HJGPK,xgb_churn_v2,2026-10-05T08:55:20.366037+00:00,0.5121951,Medium,0,East,paid_search,27,Male,Basic,Month-to-month,45.55,1,Customer tenure,Tenure,Raises risk,1.1426,Month-to-month contract,Plan & Billing,Raises risk,0.4566,Failed payments (90d),Payments,Lowers risk,-0.3212,Early-life onboarding call,614,5,45.55,23.33,0-6m
8749-JMNKX,xgb_churn_v2,2026-10-05T08:55:20.366037+00:00,0.5121951,Medium,1,East,referral,75,Male,Basic,Month-to-month,93.8,51,Customer tenure,Tenure,Lowers risk,-0.7481,Session count,Engagement,Lowers risk,-0.6852,Failed payments (90d),Payments,Raises risk,0.642,Payment recovery + switch to auto-pay,615,5,93.8,48.04,49m+
5353-WILCI,xgb_churn_v2,2026-10-05T08:55:20.366037+00:00,0.5121951,Medium,0,West,organic,56,Female,Basic,Month-to-month,56.05,28,Usage trend,Engagement,Raises risk,0.6711,Feature adoption,Engagement,Lowers risk,-0.5743,Days since last active,Engagement,Raises risk,0.5102,Proactive check-in call,616,5,56.05,28.71,25-48m
1396-QWFBJ,xgb_churn_v2,2026-10-05T08:55:20.366037+00:00,0.5121951,Medium,1,North,paid_search,41,Female,Basic,Month-to-month,74.05,21,Usage trend,Engagement,Lowers risk,-1.3903,Session count,Engagement,Raises risk,0.8847,Feature adoption,Engagement,Raises risk,0.6517,Proactive feature walkthrough,617,5,74.05,37.93,13-24m
8111-RKSPX,xgb_churn_v2,2026-10-05T08:55:20.366037+00:00,0.5121951,Medium,1,North,social,22,Male,Basic,Month-to-month,72.2,4,Customer tenure,Tenure,Raises risk,0.5628,Month-to-month contract,Plan & Billing,Raises risk,0.4525,Session count,Engagement,Lowers risk,-0.3875,Early-life onboarding call,618,5,72.2,36.98,0-6m
9191-MYQKX,xgb_churn_v2,2026-10-05T08:55:20.366037+00:00,0.5121951,Medium,1,Central,organic,55,Female,Basic,Month-to-month,75.15,7,Session count,Engagement,Lowers risk,-0.7396,Days since last active,Engagement,Raises risk,0.5103,Month-to-month contract,Plan & Billing,Raises risk,0.4818,Proactive check-in call,619,5,75.15,38.49,7-12m
4800-CZMPC,xgb_churn_v2,2026-10-05T08:55:20.366037+00:00,0.5121951,Medium,1,West,social,33,Female,Standard,One year,103.25,48,Month-to-month contract,Plan & Billing,Lowers risk,-0.8815,Monthly charge,Plan & Billing,Raises risk,0.8501,Session count,Engagement,Raises risk,0.5667,Price-fit review / bundle offer,620,5,103.25,52.88,25-48m
7878-RTCZG,xgb_churn_v2,2026-10-05T08:55:20.366037+00:00,0.5121951,Medium,0,North,referral,30,Female,Basic,Month-to-month,19.9,1,Customer tenure,Tenure,Raises risk,1.2767,Monthly charge,Plan & Billing,Lowers risk,-0.9432,Month-to-month contract,Plan & Billing,Raises risk,0.5063,Early-life onboarding call,621,5,19.9,10.19,0-6m
5572-ZDXHY,xgb_churn_v2,2026-10-05T08:55:20.366037+00:00,0.5121951,Medium,1,Central,referral,45,Female,Basic,Month-to-month,84.3,22,Feature adoption,Engagement,Raises risk,0.9035,Month-to-month contract,Plan & Billing,Raises risk,0.4856,Session minutes,Engagement,Lowers risk,-0.4458,Proactive feature walkthrough,622,5,84.3,43.18,13-24m
9758-MFWGD,xgb_churn_v2,2026-10-05T08:55:20.366037+00:00,0.5121951,Medium,0,West,referral,60,Female,Standard,One year,29.9,48,Usage trend,Engagement,Raises risk,1.2849,Month-to-month contract,Plan & Billing,Lowers risk,-0.9342,Customer age,Demographic,Raises risk,0.799,Proactive check-in call,623,5,29.9,15.31,25-48m
8623-ULFNQ,xgb_churn_v2,2026-10-05T08:55:20.366037+00:00,0.5121951,Medium,0,South,organic,60,Female,Basic,Month-to-month,66.05,26,Customer age,Demographic,Raises risk,0.6656,Month-to-month contract,Plan & Billing,Raises risk,0.4316,Days since last active,Engagement,Raises risk,0.4273,Offer annual-contract incentive,624,5,66.05,33.83,25-48m
6969-MVBAI,xgb_churn_v2,2026-10-05T08:55:20.366037+00:00,0.5121951,Medium,0,West,referral,62,Female,Basic,Month-to-month,90.1,9,Customer age,Demographic,Raises risk,0.6013,Feature adoption,Engagement,Lowers risk,-0.5967,Session minutes,Engagement,Lowers risk,-0.5421,General retention check-in,625,5,90.1,46.15,7-12m
1383-EZRWL,xgb_churn_v2,2026-10-05T08:55:20.366037+00:00,0.5121951,Medium,1,East,organic,35,Female,Basic,Month-to-month,20.05,7,Monthly charge,Plan & Billing,Lowers risk,-1.0689,Failed payments (90d),Payments,Raises risk,0.6143,Session minutes,Engagement,Raises risk,0.583,Payment recovery + switch to auto-pay,626,5,20.05,10.27,7-12m
9633-XQABV,xgb_churn_v2,2026-10-05T08:55:20.366037+00:00,0.5121951,Medium,0,North,organic,25,Female,Basic,Month-to-month,70.25,3,Feature adoption,Engagement,Lowers risk,-0.5966,Customer tenure,Tenure,Raises risk,0.581,Days since last active,Engagement,Raises risk,0.5068,Early-life onboarding call,627,5,70.25,35.98,0-6m
8992-JQYUN,xgb_churn_v2,2026-10-05T08:55:20.366037+00:00,0.5121951,Medium,1,North,social,41,Male,Basic,Month-to-month,50.35,1,Customer tenure,Tenure,Raises risk,1.2429,Session minutes,Engagement,Lowers risk,-0.569,Month-to-month contract,Plan & Billing,Raises risk,0.5117,Early-life onboarding call,628,5,50.35,25.79,0-6m
0928-JMXNP,xgb_churn_v2,2026-10-05T08:55:20.366037+00:00,0.5121951,Medium,0,East,organic,60,Male,Basic,Month-to-month,29.9,4,Customer age,Demographic,Raises risk,0.6829,Amount paid (90d),Payments,Lowers risk,-0.6707,Session count,Engagement,Lowers risk,-0.6051,General retention check-in,629,5,29.9,15.31,0-6m
6633-SYEUS,xgb_churn_v2,2026-10-05T08:55:20.366037+00:00,0.5121951,Medium,0,North,social,36,Female,Basic,Month-to-month,83.2,23,Usage trend,Engagement,Raises risk,0.85,Month-to-month contract,Plan & Billing,Raises risk,0.455,Days since last active,Engagement,Raises risk,0.4174,Proactive check-in call,630,5,83.2,42.61,13-24m
7036-ZZKBD,xgb_churn_v2,2026-10-05T08:55:20.366037+00:00,0.5121951,Medium,0,South,organic,52,Male,Basic,Month-to-month,66.4,31,Usage trend,Engagement,Raises risk,0.9071,Customer tenure,Tenure,Lowers risk,-0.462,Month-to-month contract,Plan & Billing,Raises risk,0.4497,Proactive check-in call,631,5,66.4,34.01,25-48m
7605-SNLQG,xgb_churn_v2,2026-10-05T08:55:20.366037+00:00,0.5121951,Medium,0,South,referral,39,Female,Basic,Month-to-month,50.25,45,Failed payments (90d),Payments,Raises risk,0.6217,Feature adoption,Engagement,Raises risk,0.5326,Customer tenure,Tenure,Lowers risk,-0.4911,Payment recovery + switch to auto-pay,632,5,50.25,25.74,25-48m
8182-PNAGI,xgb_churn_v2,2026-10-05T08:55:20.366037+00:00,0.49580365,Medium,1,West,referral,44,Male,Basic,Month-to-month,50.25,12,Failed payments (90d),Payments,Raises risk,0.5967,Days since last active,Engagement,Raises risk,0.5396,Session minutes,Engagement,Lowers risk,-0.5317,Payment recovery + switch to auto-pay,633,5,50.25,24.91,7-12m
2675-OTVVJ,xgb_churn_v2,2026-10-05T08:55:20.366037+00:00,0.46296299,Medium,0,North,social,60,Male,Basic,Month-to-month,89.45,31,Customer age,Demographic,Raises risk,0.6234,Customer tenure,Tenure,Lowers risk,-0.5248,Month-to-month contract,Plan & Billing,Raises risk,0.4402,Offer annual-contract incentive,634,5,89.45,41.41,25-48m
6366-XIVKZ,xgb_churn_v2,2026-10-05T08:55:20.366037+00:00,0.46296299,Medium,0,Central,partner,40,Female,Basic,Month-to-month,63.15,13,Usage trend,Engagement,Raises risk,0.7713,Days since last active,Engagement,Raises risk,0.6922,Feature adoption,Engagement,Lowers risk,-0.6375,Proactive check-in call,635,5,63.15,29.24,13-24m
7181-OQCUT,xgb_churn_v2,2026-10-05T08:55:20.366037+00:00,0.46296299,Medium,0,East,organic,22,Male,Basic,Month-to-month,103.85,21,Feature adoption,Engagement,Raises risk,0.5867,Monthly charge,Plan & Billing,Raises risk,0.5319,Month-to-month contract,Plan & Billing,Raises risk,0.4126,Proactive feature walkthrough,636,5,103.85,48.08,13-24m
5975-BAICR,xgb_churn_v2,2026-10-05T08:55:20.366037+00:00,0.46296299,Medium,0,North,social,56,Male,Standard,One year,63.7,36,Usage trend,Engagement,Raises risk,1.0547,Month-to-month contract,Plan & Billing,Lowers risk,-0.8157,Failed payments (90d),Payments,Raises risk,0.735,Proactive check-in call,637,5,63.7,29.49,25-48m
0601-WZHJF,xgb_churn_v2,2026-10-05T08:55:20.366037+00:00,0.46296299,Medium,1,East,paid_search,48,Male,Basic,Month-to-month,46.35,14,Feature adoption,Engagement,Lowers risk,-0.639,Session minutes,Engagement,Raises risk,0.552,Month-to-month contract,Plan & Billing,Raises risk,0.412,Proactive feature walkthrough,638,5,46.35,21.46,13-24m
5973-EJGDP,xgb_churn_v2,2026-10-05T08:55:20.366037+00:00,0.46296299,Medium,0,West,referral,42,Male,Basic,Month-to-month,87.35,51,Customer tenure,Tenure,Lowers risk,-0.6995,Feature adoption,Engagement,Raises risk,0.5362,Month-to-month contract,Plan & Billing,Raises risk,0.4865,Proactive feature walkthrough,639,5,87.35,40.44,49m+
5949-HGVJL,xgb_churn_v2,2026-10-05T08:55:20.366037+00:00,0.46296299,Medium,0,East,paid_search,51,Female,Basic,Month-to-month,73.05,26,Month-to-month contract,Plan & Billing,Raises risk,0.4849,Customer tenure,Tenure,Lowers risk,-0.4367,Failed payments (90d),Payments,Lowers risk,-0.3805,Offer annual-contract incentive,640,5,73.05,33.82,25-48m
3658-KIBGF,xgb_churn_v2,2026-10-05T08:55:20.366037+00:00,0.46296299,Medium,1,West,referral,28,Female,Basic,Month-to-month,54.9,1,Customer tenure,Tenure,Raises risk,1.2357,Month-to-month contract,Plan & Billing,Raises risk,0.467,Monthly charge,Plan & Billing,Lowers risk,-0.4553,Early-life onboarding call,641,5,54.9,25.42,0-6m
3349-ANQNH,xgb_churn_v2,2026-10-05T08:55:20.366037+00:00,0.46296299,Medium,0,East,partner,62,Female,Standard,One year,99.5,59,Month-to-month contract,Plan & Billing,Lowers risk,-0.771,Monthly charge,Plan & Billing,Raises risk,0.7119,Customer age,Demographic,Raises risk,0.6732,Price-fit review / bundle offer,642,5,99.5,46.06,49m+
3521-SYVOR,xgb_churn_v2,2026-10-05T08:55:20.366037+00:00,0.46296299,Medium,1,West,paid_search,29,Female,Basic,Month-to-month,64.75,37,Feature adoption,Engagement,Raises risk,0.7161,Month-to-month contract,Plan & Billing,Raises risk,0.4325,Usage trend,Engagement,Lowers risk,-0.345,Proactive feature walkthrough,643,5,64.75,29.98,25-48m
8645-KWHJO,xgb_churn_v2,2026-10-05T08:55:20.366037+00:00,0.46296299,Medium,0,South,partner,29,Male,Basic,Month-to-month,55.0,14,Session count,Engagement,Lowers risk,-0.4779,Month-to-month contract,Plan & Billing,Raises risk,0.423,Days since last active,Engagement,Raises risk,0.4129,Offer annual-contract incentive,644,5,55.0,25.46,13-24m
3961-SXAXY,xgb_churn_v2,2026-10-05T08:55:20.366037+00:00,0.46296299,Medium,0,East,referral,34,Male,Basic,Month-to-month,44.05,1,Customer tenure,Tenure,Raises risk,1.0948,Session minutes,Engagement,Lowers risk,-0.4807,Usage trend,Engagement,Raises risk,0.4676,Early-life onboarding call,645,5,44.05,20.39,0-6m
4659-NZRUF,xgb_churn_v2,2026-10-05T08:55:20.366037+00:00,0.46296299,Medium,1,Central,social,41,Female,Basic,Month-to-month,95.15,19,Usage trend,Engagement,Lowers risk,-1.2523,Session count,Engagement,Raises risk,0.8775,Open support tickets,Support,Raises risk,0.446,Proactive feature walkthrough,646,5,95.15,44.05,13-24m
3143-ILDAL,xgb_churn_v2,2026-10-05T08:55:20.366037+00:00,0.46296299,Medium,1,North,social,23,Male,Basic,Month-to-month,94.45,56,Feature adoption,Engagement,Lowers risk,-0.9065,Customer tenure,Tenure,Lowers risk,-0.6219,Month-to-month contract,Plan & Billing,Raises risk,0.4141,Offer annual-contract incentive,647,5,94.45,43.73,49m+
4701-AHWMW,xgb_churn_v2,2026-10-05T08:55:20.366037+00:00,0.46296299,Medium,1,West,organic,26,Male,Basic,Month-to-month,54.55,55,Feature adoption,Engagement,Raises risk,0.7967,Customer tenure,Tenure,Lowers risk,-0.6329,Session minutes,Engagement,Lowers risk,-0.6321,Proactive feature walkthrough,648,5,54.55,25.25,49m+
5088-QZLRL,xgb_churn_v2,2026-10-05T08:55:20.366037+00:00,0.46296299,Medium,0,East,social,53,Male,Basic,Month-to-month,20.65,1,Customer tenure,Tenure,Raises risk,1.4593,Monthly charge,Plan & Billing,Lowers risk,-0.8652,Month-to-month contract,Plan & Billing,Raises risk,0.4524,Early-life onboarding call,649,5,20.65,9.56,0-6m
9092-GDZKO,xgb_churn_v2,2026-10-05T08:55:20.366037+00:00,0.46296299,Medium,0,South,referral,46,Male,Basic,Month-to-month,24.85,22,Monthly charge,Plan & Billing,Lowers risk,-0.6544,Feature adoption,Engagement,Lowers risk,-0.6314,Days since last active,Engagement,Raises risk,0.5399,Proactive check-in call,650,5,24.85,11.5,13-24m
3096-WPXBT,xgb_churn_v2,2026-10-05T08:55:20.366037+00:00,0.46296299,Medium,0,West,paid_search,25,Female,Standard,One year,100.7,61,Usage trend,Engagement,Raises risk,0.8947,Customer tenure,Tenure,Lowers risk,-0.873,Month-to-month contract,Plan & Billing,Lowers risk,-0.817,Proactive check-in call,651,5,100.7,46.62,49m+
8785-EPNCG,xgb_churn_v2,2026-10-05T08:55:20.366037+00:00,0.46296299,Medium,1,East,paid_search,27,Male,Basic,Month-to-month,23.15,11,Monthly charge,Plan & Billing,Lowers risk,-0.8043,Session minutes,Engagement,Raises risk,0.4389,Month-to-month contract,Plan & Billing,Raises risk,0.4345,Proactive feature walkthrough,652,5,23.15,10.72,7-12m
9281-PKKZE,xgb_churn_v2,2026-10-05T08:55:20.366037+00:00,0.46296299,Medium,0,North,social,58,Female,Basic,Month-to-month,43.95,46,Customer tenure,Tenure,Lowers risk,-0.5536,Session minutes,Engagement,Raises risk,0.4841,Billing-ticket share,Support,Raises risk,0.4241,Proactive feature walkthrough,653,5,43.95,20.35,25-48m
2969-QWUBZ,xgb_churn_v2,2026-10-05T08:55:20.366037+00:00,0.46296299,Medium,0,East,social,49,Female,Basic,Month-to-month,51.4,2,Customer tenure,Tenure,Raises risk,0.7177,Days since last active,Engagement,Raises risk,0.4806,Month-to-month contract,Plan & Billing,Raises risk,0.4679,Early-life onboarding call,654,5,51.4,23.8,0-6m
2311-QYMUQ,xgb_churn_v2,2026-10-05T08:55:20.366037+00:00,0.46296299,Medium,1,East,social,44,Female,Basic,Month-to-month,89.45,16,Feature adoption,Engagement,Lowers risk,-0.552,Month-to-month contract,Plan & Billing,Raises risk,0.428,Open support tickets,Support,Raises risk,0.4019,Offer annual-contract incentive,655,5,89.45,41.41,13-24m
1697-NVVGY,xgb_churn_v2,2026-10-05T08:55:20.366037+00:00,0.46296299,Medium,0,North,organic,62,Male,Basic,Month-to-month,66.4,19,Customer age,Demographic,Raises risk,0.651,Feature adoption,Engagement,Lowers risk,-0.4961,Month-to-month contract,Plan & Billing,Raises risk,0.403,Offer annual-contract incentive,656,5,66.4,30.74,13-24m
1794-SWWKL,xgb_churn_v2,2026-10-05T08:55:20.366037+00:00,0.46296299,Medium,0,Central,organic,29,Male,Basic,Month-to-month,59.65,15,Usage trend,Engagement,Raises risk,0.7644,Feature adoption,Engagement,Lowers risk,-0.6608,Days since last active,Engagement,Raises risk,0.6107,Proactive check-in call,657,5,59.65,27.62,13-24m
3307-TLCUD,xgb_churn_v2,2026-10-05T08:55:20.366037+00:00,0.46296299,Medium,0,West,paid_search,54,Male,Basic,Month-to-month,34.4,17,Month-to-month contract,Plan & Billing,Raises risk,0.4543,Days since last active,Engagement,Raises risk,0.4192,Monthly charge,Plan & Billing,Lowers risk,-0.3685,Offer annual-contract incentive,658,5,34.4,15.93,13-24m
8429-XIBUM,xgb_churn_v2,2026-10-05T08:55:20.366037+00:00,0.46296299,Medium,1,East,partner,44,Male,Basic,Month-to-month,101.35,22,Monthly charge,Plan & Billing,Raises risk,0.6974,Failed payments (90d),Payments,Lowers risk,-0.4005,Month-to-month contract,Plan & Billing,Raises risk,0.3886,Price-fit review / bundle offer,659,5,101.35,46.92,13-24m
9938-TKDGL,xgb_churn_v2,2026-10-05T08:55:20.366037+00:00,0.46296299,Medium,0,West,social,54,Male,Pro,Two year,99.55,68,Usage trend,Engagement,Raises risk,1.4107,Customer tenure,Tenure,Lowers risk,-1.0313,Month-to-month contract,Plan & Billing,Lowers risk,-0.8182,Proactive check-in call,660,5,99.55,46.09,49m+
4238-JSSWH,xgb_churn_v2,2026-10-05T08:55:20.366037+00:00,0.46296299,Medium,0,West,partner,60,Female,Basic,Month-to-month,102.05,35,Customer age,Demographic,Raises risk,0.7269,Monthly charge,Plan & Billing,Raises risk,0.5848,Customer tenure,Tenure,Lowers risk,-0.5575,Price-fit review / bundle offer,661,5,102.05,47.25,25-48m
7009-LGECI,xgb_churn_v2,2026-10-05T08:55:20.366037+00:00,0.46296299,Medium,0,South,organic,32,Female,Basic,Month-to-month,50.55,4,Customer tenure,Tenure,Raises risk,0.4983,Month-to-month contract,Plan & Billing,Raises risk,0.4599,Monthly charge,Plan & Billing,Lowers risk,-0.4115,Early-life onboarding call,662,5,50.55,23.4,0-6m
4195-SMMNX,xgb_churn_v2,2026-10-05T08:55:20.366037+00:00,0.46296299,Medium,1,West,partner,37,Male,Basic,Month-to-month,20.35,2,Monthly charge,Plan & Billing,Lowers risk,-1.1902,Usage trend,Engagement,Raises risk,1.0344,Amount paid (90d),Payments,Lowers risk,-0.6521,Proactive check-in call,663,5,20.35,9.42,0-6m
2967-MXRAV,xgb_churn_v2,2026-10-05T08:55:20.366037+00:00,0.46296296,Medium,0,Central,referral,41,Male,Standard,One year,18.8,1,Monthly charge,Plan & Billing,Lowers risk,-0.9524,Customer tenure,Tenure,Raises risk,0.9313,Month-to-month contract,Plan & Billing,Lowers risk,-0.8791,Early-life onboarding call,664,5,18.8,8.7,0-6m
1051-GEJLJ,xgb_churn_v2,2026-10-05T08:55:20.366037+00:00,0.46296296,Medium,0,North,social,27,Female,Basic,Month-to-month,19.5,2,Monthly charge,Plan & Billing,Lowers risk,-0.9773,Amount paid (90d),Payments,Raises risk,0.7822,Customer tenure,Tenure,Raises risk,0.631,Payment recovery + switch to auto-pay,665,5,19.5,9.03,0-6m
4993-JCRGJ,xgb_churn_v2,2026-10-05T08:55:20.366037+00:00,0.46296296,Medium,0,East,organic,46,Male,Basic,Month-to-month,84.3,26,Month-to-month contract,Plan & Billing,Raises risk,0.5129,Customer tenure,Tenure,Lowers risk,-0.4563,Feature adoption,Engagement,Raises risk,0.3495,Offer annual-contract incentive,666,5,84.3,39.03,25-48m
9800-ONTFE,xgb_churn_v2,2026-10-05T08:55:20.366037+00:00,0.46296296,Medium,0,Central,paid_search,51,Female,Basic,Month-to-month,75.8,22,Feature adoption,Engagement,Lowers risk,-0.6846,Days since last active,Engagement,Raises risk,0.6022,Month-to-month contract,Plan & Billing,Raises risk,0.4549,Proactive check-in call,667,5,75.8,35.09,13-24m
8450-JOVAH,xgb_churn_v2,2026-10-05T08:55:20.366037+00:00,0.46296296,Medium,1,East,social,43,Male,Basic,Month-to-month,56.7,2,Customer tenure,Tenure,Raises risk,0.7254,Failed payments (90d),Payments,Raises risk,0.5684,Session minutes,Engagement,Lowers risk,-0.5674,Early-life onboarding call,668,5,56.7,26.25,0-6m
1629-DQQVB,xgb_churn_v2,2026-10-05T08:55:20.366037+00:00,0.46296296,Medium,0,West,partner,34,Female,Basic,Month-to-month,50.1,14,Feature adoption,Engagement,Lowers risk,-0.5561,Days since last active,Engagement,Raises risk,0.498,Month-to-month contract,Plan & Billing,Raises risk,0.4233,Proactive check-in call,669,5,50.1,23.19,13-24m
2070-FNEXE,xgb_churn_v2,2026-10-05T08:55:20.366037+00:00,0.46296296,Medium,1,West,referral,63,Female,Basic,Month-to-month,76.45,7,Days since last active,Engagement,Raises risk,0.615,Feature adoption,Engagement,Lowers risk,-0.5107,Month-to-month contract,Plan & Billing,Raises risk,0.459,Proactive check-in call,670,5,76.45,35.39,7-12m
4947-DSMXK,xgb_churn_v2,2026-10-05T08:55:20.366037+00:00,0.46296296,Medium,0,East,referral,23,Male,Basic,Month-to-month,97.7,34,Monthly charge,Plan & Billing,Raises risk,0.5229,Month-to-month contract,Plan & Billing,Raises risk,0.4061,Customer tenure,Tenure,Lowers risk,-0.3968,Price-fit review / bundle offer,671,5,97.7,45.23,25-48m
9318-NKNFC,xgb_churn_v2,2026-10-05T08:55:20.366037+00:00,0.46296296,Medium,1,Central,paid_search,22,Male,Basic,Month-to-month,18.85,1,Customer tenure,Tenure,Raises risk,1.3036,Monthly charge,Plan & Billing,Lowers risk,-0.9552,Session minutes,Engagement,Raises risk,0.7892,Early-life onboarding call,672,5,18.85,8.73,0-6m
5141-ZUVBH,xgb_churn_v2,2026-10-05T08:55:20.366037+00:00,0.46296296,Medium,0,South,social,42,Female,Basic,Month-to-month,93.0,9,Feature adoption,Engagement,Lowers risk,-0.5502,Days since last active,Engagement,Raises risk,0.5207,Monthly charge,Plan & Billing,Raises risk,0.4701,Proactive check-in call,673,5,93.0,43.06,7-12m
8861-HGGKB,xgb_churn_v2,2026-10-05T08:55:20.366037+00:00,0.46296296,Medium,1,South,paid_search,42,Female,Basic,Month-to-month,86.45,10,Feature adoption,Engagement,Lowers risk,-0.9762,Days since last active,Engagement,Raises risk,0.4848,Month-to-month contract,Plan & Billing,Raises risk,0.4847,Proactive check-in call,674,5,86.45,40.02,7-12m
6818-WOBHJ,xgb_churn_v2,2026-10-05T08:55:20.366037+00:00,0.46296296,Medium,1,East,organic,76,Female,Basic,Month-to-month,89.6,68,Customer tenure,Tenure,Lowers risk,-1.1808,Feature adoption,Engagement,Lowers risk,-0.548,Open support tickets,Support,Raises risk,0.4858,Escalate to retention specialist,675,5,89.6,41.48,49m+
9327-QSDED,xgb_churn_v2,2026-10-05T08:55:20.366037+00:00,0.46296296,Medium,0,South,organic,50,Male,Basic,Month-to-month,43.55,8,Session minutes,Engagement,Raises risk,0.6469,Feature adoption,Engagement,Raises risk,0.6398,Month-to-month contract,Plan & Billing,Raises risk,0.4487,Proactive feature walkthrough,676,5,43.55,20.16,7-12m
4581-LNWUM,xgb_churn_v2,2026-10-05T08:55:20.366037+00:00,0.46296296,Medium,0,South,partner,55,Female,Basic,Month-to-month,49.15,13,Days since last active,Engagement,Raises risk,0.5154,Feature adoption,Engagement,Lowers risk,-0.432,Failed payments (90d),Payments,Lowers risk,-0.4078,Proactive check-in call,677,5,49.15,22.75,13-24m
7526-BEZQB,xgb_churn_v2,2026-10-05T08:55:20.366037+00:00,0.46296296,Medium,1,South,social,33,Male,Basic,Month-to-month,96.05,12,Monthly charge,Plan & Billing,Raises risk,0.591,Month-to-month contract,Plan & Billing,Raises risk,0.4187,Failed payments (90d),Payments,Lowers risk,-0.3883,Price-fit review / bundle offer,678,5,96.05,44.47,7-12m
3391-JSQEW,xgb_churn_v2,2026-10-05T08:55:20.366037+00:00,0.46296296,Medium,0,West,social,38,Male,Basic,Month-to-month,50.15,40,Monthly charge,Plan & Billing,Lowers risk,-0.4968,Customer tenure,Tenure,Lowers risk,-0.4759,Feature adoption,Engagement,Raises risk,0.4631,Proactive feature walkthrough,679,5,50.15,23.22,25-48m
4176-FXYBO,xgb_churn_v2,2026-10-05T08:55:20.366037+00:00,0.46296296,Medium,0,Central,organic,51,Male,Basic,Month-to-month,109.55,54,Customer tenure,Tenure,Lowers risk,-0.6519,Open support tickets,Support,Raises risk,0.5336,Session minutes,Engagement,Lowers risk,-0.5191,Escalate to retention specialist,680,5,109.55,50.72,49m+
2195-VVRJF,xgb_churn_v2,2026-10-05T08:55:20.366037+00:00,0.46296296,Medium,0,West,organic,61,Male,Basic,Month-to-month,59.1,18,Customer age,Demographic,Raises risk,0.6125,Month-to-month contract,Plan & Billing,Raises risk,0.4251,Session count,Engagement,Lowers risk,-0.3866,Offer annual-contract incentive,681,5,59.1,27.36,13-24m
5060-TQUQN,xgb_churn_v2,2026-10-05T08:55:20.366037+00:00,0.46296296,Medium,0,North,partner,53,Male,Basic,Month-to-month,83.55,30,Usage trend,Engagement,Raises risk,1.0155,Session count,Engagement,Lowers risk,-0.5842,Feature adoption,Engagement,Lowers risk,-0.518,Proactive check-in call,682,5,83.55,38.68,25-48m
8875-AKBYH,xgb_churn_v2,2026-10-05T08:55:20.366037+00:00,0.46296296,Medium,0,West,referral,61,Male,Basic,Month-to-month,84.35,20,Customer age,Demographic,Raises risk,0.644,Feature adoption,Engagement,Lowers risk,-0.6043,Days since last active,Engagement,Raises risk,0.5002,Proactive check-in call,683,5,84.35,39.05,13-24m
2706-QZIHY,xgb_churn_v2,2026-10-05T08:55:20.366037+00:00,0.46296296,Medium,0,East,social,23,Female,Pro,Two year,25.2,15,Failed-payment ratio,Payments,Raises risk,1.0708,Failed payments (90d),Payments,Raises risk,0.9401,Month-to-month contract,Plan & Billing,Lowers risk,-0.8908,Payment recovery + switch to auto-pay,684,5,25.2,11.67,13-24m
8495-PRWFH,xgb_churn_v2,2026-10-05T08:55:20.366037+00:00,0.46296296,Medium,0,South,social,60,Female,Basic,Month-to-month,55.65,42,Customer age,Demographic,Raises risk,0.7589,Feature adoption,Engagement,Lowers risk,-0.6797,Customer tenure,Tenure,Lowers risk,-0.5231,General retention check-in,685,5,55.65,25.76,25-48m
9378-FXTIZ,xgb_churn_v2,2026-10-05T08:55:20.366037+00:00,0.46296296,Medium,1,South,partner,37,Female,Standard,One year,70.15,54,Usage trend,Engagement,Raises risk,1.2094,Month-to-month contract,Plan & Billing,Lowers risk,-0.8821,Customer tenure,Tenure,Lowers risk,-0.7277,Proactive check-in call,686,5,70.15,32.48,49m+
5650-VDUDS,xgb_churn_v2,2026-10-05T08:55:20.366037+00:00,0.46296296,Medium,1,North,partner,32,Female,Basic,Month-to-month,24.25,4,Amount paid (90d),Payments,Lowers risk,-0.766,Feature adoption,Engagement,Lowers risk,-0.6815,Monthly charge,Plan & Billing,Lowers risk,-0.658,General retention check-in,687,5,24.25,11.23,0-6m
8868-WOZGU,xgb_churn_v2,2026-10-05T08:55:20.366037+00:00,0.46296296,Medium,1,North,social,41,Male,Basic,Month-to-month,105.7,28,Monthly charge,Plan & Billing,Raises risk,0.5582,Customer tenure,Tenure,Lowers risk,-0.4786,Failed payments (90d),Payments,Lowers risk,-0.4154,Price-fit review / bundle offer,688,5,105.7,48.94,25-48m
2947-DOMLJ,xgb_churn_v2,2026-10-05T08:55:20.366037+00:00,0.46296296,Medium,1,North,paid_search,34,Male,Basic,Month-to-month,50.6,1,Customer tenure,Tenure,Raises risk,1.1936,Month-to-month contract,Plan & Billing,Raises risk,0.466,Monthly charge,Plan & Billing,Lowers risk,-0.3897,Early-life onboarding call,689,5,50.6,23.43,0-6m
3269-ATYWD,xgb_churn_v2,2026-10-05T08:55:20.366037+00:00,0.46296296,Medium,1,South,paid_search,75,Male,Basic,Month-to-month,95.65,39,Monthly charge,Plan & Billing,Raises risk,0.5556,Customer tenure,Tenure,Lowers risk,-0.5194,Month-to-month contract,Plan & Billing,Raises risk,0.4303,Price-fit review / bundle offer,690,5,95.65,44.28,25-48m
3373-YZZYM,xgb_churn_v2,2026-10-05T08:55:20.366037+00:00,0.46296296,Medium,0,West,social,58,Male,Basic,Month-to-month,19.2,1,Monthly charge,Plan & Billing,Lowers risk,-1.0432,Customer tenure,Tenure,Raises risk,1.0081,Usage trend,Engagement,Raises risk,0.5919,Early-life onboarding call,691,5,19.2,8.89,0-6m
3174-RKMOW,xgb_churn_v2,2026-10-05T08:55:20.366037+00:00,0.46296296,Medium,0,South,paid_search,52,Male,Basic,Month-to-month,109.95,35,Feature adoption,Engagement,Lowers risk,-1.1111,Customer tenure,Tenure,Lowers risk,-0.4938,Failed payments (90d),Payments,Lowers risk,-0.3902,General retention check-in,692,5,109.95,50.9,25-48m
7442-YGZFK,xgb_churn_v2,2026-10-05T08:55:20.366037+00:00,0.46296296,Medium,0,North,referral,49,Male,Basic,Month-to-month,49.8,1,Customer tenure,Tenure,Raises risk,1.1213,Monthly charge,Plan & Billing,Lowers risk,-0.4987,Month-to-month contract,Plan & Billing,Raises risk,0.4598,Early-life onboarding call,693,5,49.8,23.06,0-6m
6599-CEBNN,xgb_churn_v2,2026-10-05T08:55:20.366037+00:00,0.46296296,Medium,1,South,social,28,Female,Basic,Month-to-month,73.95,34,Feature adoption,Engagement,Lowers risk,-0.7405,Failed payments (90d),Payments,Raises risk,0.6622,Month-to-month contract,Plan & Billing,Raises risk,0.4819,Payment recovery + switch to auto-pay,694,5,73.95,34.24,25-48m
2774-LVQUS,xgb_churn_v2,2026-10-05T08:55:20.366037+00:00,0.46296296,Medium,1,Central,referral,74,Female,Basic,Month-to-month,83.05,15,Feature adoption,Engagement,Lowers risk,-0.5797,Month-to-month contract,Plan & Billing,Raises risk,0.4556,Failed payments (90d),Payments,Lowers risk,-0.3724,Offer annual-contract incentive,695,5,83.05,38.45,13-24m
9732-EQMWY,xgb_churn_v2,2026-10-05T08:55:20.366037+00:00,0.46296296,Medium,0,West,organic,58,Female,Basic,Month-to-month,99.4,49,Session minutes,Engagement,Lowers risk,-0.7677,Feature adoption,Engagement,Raises risk,0.6977,Monthly charge,Plan & Billing,Raises risk,0.6447,Proactive feature walkthrough,696,5,99.4,46.02,49m+
2325-NBPZG,xgb_churn_v2,2026-10-05T08:55:20.366037+00:00,0.46296296,Medium,0,North,paid_search,30,Female,Basic,Month-to-month,74.55,3,Feature adoption,Engagement,Lowers risk,-1.3043,Customer tenure,Tenure,Raises risk,0.5927,Days since last active,Engagement,Raises risk,0.5746,Early-life onboarding call,697,5,74.55,34.51,0-6m
3537-RYBHH,xgb_churn_v2,2026-10-05T08:55:20.366037+00:00,0.46296296,Medium,0,Central,partner,61,Female,Basic,Month-to-month,67.45,47,Session count,Engagement,Lowers risk,-0.8159,Customer tenure,Tenure,Lowers risk,-0.6739,Customer age,Demographic,Raises risk,0.5838,General retention check-in,698,5,67.45,31.23,25-48m
8096-LOIST,xgb_churn_v2,2026-10-05T08:55:20.366037+00:00,0.46296296,Medium,0,West,social,27,Female,Basic,Month-to-month,56.2,19,Session minutes,Engagement,Lowers risk,-0.5458,Month-to-month contract,Plan & Billing,Raises risk,0.4138,Open support tickets,Support,Raises risk,0.3829,Offer annual-contract incentive,699,5,56.2,26.02,13-24m
7654-YWJUF,xgb_churn_v2,2026-10-05T08:55:20.366037+00:00,0.46296296,Medium,0,Central,paid_search,27,Male,Standard,One year,84.25,43,Usage trend,Engagement,Raises risk,0.9765,Month-to-month contract,Plan & Billing,Lowers risk,-0.9526,Customer tenure,Tenure,Lowers risk,-0.4949,Proactive check-in call,700,5,84.25,39.0,25-48m
1427-VERSM,xgb_churn_v2,2026-10-05T08:55:20.366037+00:00,0.46296296,Medium,0,South,referral,33,Female,Basic,Month-to-month,98.7,56,Customer tenure,Tenure,Lowers risk,-0.693,Monthly charge,Plan & Billing,Raises risk,0.5124,Month-to-month contract,Plan & Billing,Raises risk,0.4445,Price-fit review / bundle offer,701,5,98.7,45.69,49m+
9895-VFOXH,xgb_churn_v2,2026-10-05T08:55:20.366037+00:00,0.46296296,Medium,0,East,organic,44,Female,Basic,Month-to-month,24.4,1,Customer tenure,Tenure,Raises risk,1.3755,Monthly charge,Plan & Billing,Lowers risk,-0.5718,Session minutes,Engagement,Lowers risk,-0.4962,Early-life onboarding call,702,5,24.4,11.3,0-6m
6821-BUXUX,xgb_churn_v2,2026-10-05T08:55:20.366037+00:00,0.46296296,Medium,1,South,partner,36,Female,Basic,Month-to-month,96.65,13,Feature adoption,Engagement,Lowers risk,-0.6693,Monthly charge,Plan & Billing,Raises risk,0.6413,Month-to-month contract,Plan & Billing,Raises risk,0.4284,Price-fit review / bundle offer,703,5,96.65,44.75,13-24m
6034-YMTOB,xgb_churn_v2,2026-10-05T08:55:20.366037+00:00,0.46296296,Medium,0,West,social,28,Female,Basic,Month-to-month,75.65,5,Feature adoption,Engagement,Lowers risk,-0.7182,Customer tenure,Tenure,Raises risk,0.587,Month-to-month contract,Plan & Billing,Raises risk,0.4861,Early-life onboarding call,704,5,75.65,35.02,0-6m
7291-CDTMJ,xgb_churn_v2,2026-10-05T08:55:20.366037+00:00,0.46296296,Medium,0,West,organic,35,Male,Basic,Month-to-month,19.65,1,Customer tenure,Tenure,Raises risk,1.146,Monthly charge,Plan & Billing,Lowers risk,-1.0061,Amount paid (90d),Payments,Lowers risk,-0.5741,Early-life onboarding call,705,5,19.65,9.1,0-6m
7975-TZMLR,xgb_churn_v2,2026-10-05T08:55:20.366037+00:00,0.46296296,Medium,0,West,paid_search,40,Male,Standard,One year,103.1,47,Monthly charge,Plan & Billing,Raises risk,0.9481,Failed payments (90d),Payments,Raises risk,0.8096,Feature adoption,Engagement,Lowers risk,-0.7662,Price-fit review / bundle offer,706,5,103.1,47.73,25-48m
5898-IGSLP,xgb_churn_v2,2026-10-05T08:55:20.366037+00:00,0.46296296,Medium,0,East,social,40,Male,Basic,Month-to-month,89.3,31,Feature adoption,Engagement,Lowers risk,-0.9519,Usage trend,Engagement,Raises risk,0.8285,Customer tenure,Tenure,Lowers risk,-0.5457,Proactive check-in call,707,5,89.3,41.34,25-48m
5651-CPDND,xgb_churn_v2,2026-10-05T08:55:20.366037+00:00,0.46296296,Medium,0,Central,referral,44,Male,Basic,Month-to-month,46.0,10,Session minutes,Engagement,Lowers risk,-0.6579,Month-to-month contract,Plan & Billing,Raises risk,0.4537,Days since last active,Engagement,Raises risk,0.438,Offer annual-contract incentive,708,5,46.0,21.3,7-12m
1996-DBMUS,xgb_churn_v2,2026-10-05T08:55:20.366037+00:00,0.46296296,Medium,0,West,paid_search,60,Female,Basic,Month-to-month,70.65,48,Customer tenure,Tenure,Lowers risk,-0.642,Customer age,Demographic,Raises risk,0.625,Month-to-month contract,Plan & Billing,Raises risk,0.4818,Offer annual-contract incentive,709,5,70.65,32.71,25-48m
3199-NPKCN,xgb_churn_v2,2026-10-05T08:55:20.366037+00:00,0.46296296,Medium,0,South,referral,58,Female,Standard,One year,111.25,67,Month-to-month contract,Plan & Billing,Lowers risk,-0.7823,Usage trend,Engagement,Raises risk,0.7398,Customer tenure,Tenure,Lowers risk,-0.7344,Proactive check-in call,710,5,111.25,51.5,49m+
1371-WEPDS,xgb_churn_v2,2026-10-05T08:55:20.366037+00:00,0.46296296,Medium,0,East,paid_search,60,Male,Standard,One year,55.8,40,Month-to-month contract,Plan & Billing,Lowers risk,-0.9102,Feature adoption,Engagement,Lowers risk,-0.9033,Failed payments (90d),Payments,Raises risk,0.6981,Payment recovery + switch to auto-pay,711,6,55.8,25.83,25-48m
7872-RDDLZ,xgb_churn_v2,2026-10-05T08:55:20.366037+00:00,0.46296296,Medium,0,East,paid_search,60,Female,Basic,Month-to-month,54.9,67,Customer tenure,Tenure,Lowers risk,-0.8251,Feature adoption,Engagement,Lowers risk,-0.7205,Customer age,Demographic,Raises risk,0.623,General retention check-in,712,6,54.9,25.42,49m+
4459-BBGHE,xgb_churn_v2,2026-10-05T08:55:20.366037+00:00,0.46296296,Medium,0,Central,partner,32,Male,Basic,Month-to-month,44.5,30,Open support tickets,Support,Raises risk,0.4978,Customer tenure,Tenure,Lowers risk,-0.4785,Month-to-month contract,Plan & Billing,Raises risk,0.4452,Escalate to retention specialist,713,6,44.5,20.6,25-48m
7629-WFGLW,xgb_churn_v2,2026-10-05T08:55:20.366037+00:00,0.46296296,Medium,0,South,social,60,Female,Standard,One year,95.65,56,Month-to-month contract,Plan & Billing,Lowers risk,-0.7667,Customer age,Demographic,Raises risk,0.7016,Customer tenure,Tenure,Lowers risk,-0.6223,General retention check-in,714,6,95.65,44.28,49m+
2826-DXLQO,xgb_churn_v2,2026-10-05T08:55:20.366037+00:00,0.46296296,Medium,0,Central,partner,63,Male,Basic,Month-to-month,29.8,7,Days since last active,Engagement,Raises risk,0.673,Session minutes,Engagement,Lowers risk,-0.4484,Month-to-month contract,Plan & Billing,Raises risk,0.439,Proactive check-in call,715,6,29.8,13.8,7-12m
1849-RJYIG,xgb_churn_v2,2026-10-05T08:55:20.366037+00:00,0.46296293,Medium,0,North,social,42,Female,Basic,Month-to-month,60.0,8,Feature adoption,Engagement,Lowers risk,-1.6299,Days since last active,Engagement,Raises risk,0.6412,Usage trend,Engagement,Raises risk,0.6005,Proactive check-in call,716,6,60.0,27.78,7-12m
2672-TGEFF,xgb_churn_v2,2026-10-05T08:55:20.366037+00:00,0.46296293,Medium,0,West,social,36,Female,Basic,Month-to-month,88.8,37,Session minutes,Engagement,Lowers risk,-0.7668,Feature adoption,Engagement,Raises risk,0.6613,Month-to-month contract,Plan & Billing,Raises risk,0.403,Proactive feature walkthrough,717,6,88.8,41.11,25-48m
7422-WNBTY,xgb_churn_v2,2026-10-05T08:55:20.366037+00:00,0.46296293,Medium,0,North,social,53,Male,Basic,Month-to-month,93.35,33,Month-to-month contract,Plan & Billing,Raises risk,0.4785,Customer tenure,Tenure,Lowers risk,-0.4446,Failed payments (90d),Payments,Lowers risk,-0.3794,Offer annual-contract incentive,718,6,93.35,43.22,25-48m
6549-YMFAW,xgb_churn_v2,2026-10-05T08:55:20.366037+00:00,0.46296293,Medium,0,North,partner,62,Male,Basic,Month-to-month,21.25,9,Monthly charge,Plan & Billing,Lowers risk,-0.8118,Customer age,Demographic,Raises risk,0.7221,Month-to-month contract,Plan & Billing,Raises risk,0.4295,Offer annual-contract incentive,719,6,21.25,9.84,7-12m
3181-MIZBN,xgb_churn_v2,2026-10-05T08:55:20.366037+00:00,0.46296293,Medium,0,East,organic,49,Male,Basic,Month-to-month,19.75,16,Monthly charge,Plan & Billing,Lowers risk,-1.0984,Failed payments (90d),Payments,Raises risk,0.6113,Amount paid (90d),Payments,Lowers risk,-0.5869,Payment recovery + switch to auto-pay,720,6,19.75,9.14,13-24m
3336-JORSO,xgb_churn_v2,2026-10-05T08:55:20.366037+00:00,0.46296293,Medium,1,Central,partner,78,Female,Basic,Month-to-month,110.45,33,Customer tenure,Tenure,Lowers risk,-0.4471,Customer age,Demographic,Raises risk,0.4069,Month-to-month contract,Plan & Billing,Raises risk,0.3678,Offer annual-contract incentive,721,6,110.45,51.13,25-48m
1852-XEMDW,xgb_churn_v2,2026-10-05T08:55:20.366037+00:00,0.46296293,Medium,0,East,paid_search,54,Male,Basic,Month-to-month,65.05,22,Usage trend,Engagement,Raises risk,1.086,Days since last active,Engagement,Raises risk,0.6511,Feature adoption,Engagement,Lowers risk,-0.6358,Proactive check-in call,722,6,65.05,30.12,13-24m
5716-LIBJC,xgb_churn_v2,2026-10-05T08:55:20.366037+00:00,0.46296293,Medium,0,North,organic,56,Female,Standard,One year,104.15,13,Monthly charge,Plan & Billing,Raises risk,0.8393,Month-to-month contract,Plan & Billing,Lowers risk,-0.7548,Feature adoption,Engagement,Lowers risk,-0.5651,Price-fit review / bundle offer,723,6,104.15,48.22,13-24m
1087-UDSIH,xgb_churn_v2,2026-10-05T08:55:20.366037+00:00,0.46296293,Medium,1,North,partner,26,Female,Basic,Month-to-month,19.6,3,Monthly charge,Plan & Billing,Lowers risk,-0.9785,Session minutes,Engagement,Raises risk,0.6409,Amount paid (90d),Payments,Lowers risk,-0.6128,Proactive feature walkthrough,724,6,19.6,9.07,0-6m
5934-RMPOV,xgb_churn_v2,2026-10-05T08:55:20.366037+00:00,0.46296293,Medium,0,Central,organic,45,Female,Basic,Month-to-month,84.75,22,Feature adoption,Engagement,Lowers risk,-0.7725,Month-to-month contract,Plan & Billing,Raises risk,0.4532,Days since last active,Engagement,Raises risk,0.3892,Offer annual-contract incentive,725,6,84.75,39.24,13-24m
7343-EOBEU,xgb_churn_v2,2026-10-05T08:55:20.366037+00:00,0.46296293,Medium,0,Central,partner,24,Male,Basic,Month-to-month,23.6,3,Monthly charge,Plan & Billing,Lowers risk,-0.6199,Customer tenure,Tenure,Raises risk,0.4989,Month-to-month contract,Plan & Billing,Raises risk,0.4972,Early-life onboarding call,726,6,23.6,10.93,0-6m
1104-FEJAM,xgb_churn_v2,2026-10-05T08:55:20.366037+00:00,0.46296293,Medium,0,Central,organic,32,Male,Basic,Month-to-month,64.4,28,Session minutes,Engagement,Lowers risk,-0.5377,Feature adoption,Engagement,Lowers risk,-0.4694,Open support tickets,Support,Raises risk,0.4525,Escalate to retention specialist,727,6,64.4,29.81,25-48m
6582-OIVSP,xgb_churn_v2,2026-10-05T08:55:20.366037+00:00,0.46296293,Medium,0,East,social,41,Female,Basic,Month-to-month,45.3,1,Usage trend,Engagement,Lowers risk,-1.1915,Customer tenure,Tenure,Raises risk,1.1468,Session minutes,Engagement,Lowers risk,-0.7784,Early-life onboarding call,728,6,45.3,20.97,0-6m
7449-HVPIV,xgb_churn_v2,2026-10-05T08:55:20.366037+00:00,0.46296293,Medium,0,East,organic,32,Male,Basic,Month-to-month,90.4,55,Usage trend,Engagement,Raises risk,1.0975,Customer tenure,Tenure,Lowers risk,-0.7042,Month-to-month contract,Plan & Billing,Raises risk,0.4093,Proactive check-in call,729,6,90.4,41.85,49m+
3859-CVCET,xgb_churn_v2,2026-10-05T08:55:20.366037+00:00,0.46296293,Medium,1,Central,organic,30,Female,Basic,Month-to-month,45.65,4,Usage trend,Engagement,Raises risk,0.832,Session count,Engagement,Lowers risk,-0.4409,Customer tenure,Tenure,Raises risk,0.4372,Proactive check-in call,730,6,45.65,21.13,0-6m
5934-TSSAU,xgb_churn_v2,2026-10-05T08:55:20.366037+00:00,0.46296293,Medium,0,East,partner,22,Female,Basic,Month-to-month,75.3,23,Session count,Engagement,Lowers risk,-0.8742,Month-to-month contract,Plan & Billing,Raises risk,0.4675,Feature adoption,Engagement,Raises risk,0.4572,Offer annual-contract incentive,731,6,75.3,34.86,13-24m
6849-WLEYG,xgb_churn_v2,2026-10-05T08:55:20.366037+00:00,0.46296293,Medium,1,North,paid_search,57,Male,Basic,Month-to-month,19.75,1,Customer tenure,Tenure,Raises risk,1.1625,Monthly charge,Plan & Billing,Lowers risk,-1.1295,Amount paid (90d),Payments,Lowers risk,-0.5365,Early-life onboarding call,732,6,19.75,9.14,0-6m
4860-IJUDE,xgb_churn_v2,2026-10-05T08:55:20.366037+00:00,0.46296293,Medium,0,East,organic,31,Male,Basic,Month-to-month,73.75,13,Feature adoption,Engagement,Lowers risk,-0.6445,Days since last active,Engagement,Raises risk,0.494,Month-to-month contract,Plan & Billing,Raises risk,0.4813,Proactive check-in call,733,6,73.75,34.14,13-24m
2186-QZEYA,xgb_churn_v2,2026-10-05T08:55:20.366037+00:00,0.46296293,Medium,0,East,partner,61,Female,Basic,Month-to-month,58.55,29,Customer age,Demographic,Raises risk,0.6774,Days since last active,Engagement,Raises risk,0.6065,Feature adoption,Engagement,Lowers risk,-0.4746,Proactive check-in call,734,6,58.55,27.11,25-48m
9699-UBQFS,xgb_churn_v2,2026-10-05T08:55:20.366037+00:00,0.46296293,Medium,0,East,organic,61,Female,Basic,Month-to-month,94.5,43,Customer age,Demographic,Raises risk,0.6428,Customer tenure,Tenure,Lowers risk,-0.6138,Month-to-month contract,Plan & Billing,Raises risk,0.4282,Offer annual-contract incentive,735,6,94.5,43.75,25-48m
3748-FVMZZ,xgb_churn_v2,2026-10-05T08:55:20.366037+00:00,0.46296293,Medium,0,West,paid_search,40,Male,Basic,Month-to-month,40.05,4,Days since last active,Engagement,Raises risk,0.5654,Feature adoption,Engagement,Lowers risk,-0.5057,Month-to-month contract,Plan & Billing,Raises risk,0.441,Proactive check-in call,736,6,40.05,18.54,0-6m
7831-QGOXH,xgb_churn_v2,2026-10-05T08:55:20.366037+00:00,0.45522094,Medium,1,Central,social,34,Female,Basic,Month-to-month,85.2,18,Month-to-month contract,Plan & Billing,Raises risk,0.4746,Failed payments (90d),Payments,Lowers risk,-0.3811,Feature adoption,Engagement,Lowers risk,-0.3547,Offer annual-contract incentive,737,6,85.2,38.78,13-24m
1230-QAJDW,xgb_churn_v2,2026-10-05T08:55:20.366037+00:00,0.45132065,Medium,0,West,organic,45,Male,Basic,Month-to-month,65.25,3,Customer tenure,Tenure,Raises risk,0.5547,Month-to-month contract,Plan & Billing,Raises risk,0.4435,Days since last active,Engagement,Raises risk,0.3797,Early-life onboarding call,738,6,65.25,29.45,0-6m
8552-OBVRU,xgb_churn_v2,2026-10-05T08:55:20.366037+00:00,0.44760382,Medium,0,East,organic,61,Female,Basic,Month-to-month,104.5,48,Feature adoption,Engagement,Lowers risk,-1.2593,Customer tenure,Tenure,Lowers risk,-0.7144,Customer age,Demographic,Raises risk,0.6919,General retention check-in,739,6,104.5,46.77,25-48m
4482-FTFFX,xgb_churn_v2,2026-10-05T08:55:20.366037+00:00,0.4443333,Medium,0,North,organic,32,Male,Basic,Month-to-month,56.15,5,Feature adoption,Engagement,Lowers risk,-0.7096,Days since last active,Engagement,Raises risk,0.5661,Customer tenure,Tenure,Raises risk,0.4146,Proactive check-in call,740,6,56.15,24.95,0-6m
6215-NQCPY,xgb_churn_v2,2026-10-05T08:55:20.366037+00:00,0.43243247,Medium,0,South,paid_search,32,Male,Basic,Month-to-month,99.7,15,Monthly charge,Plan & Billing,Raises risk,0.608,Feature adoption,Engagement,Lowers risk,-0.5866,Failed payments (90d),Payments,Lowers risk,-0.3935,Price-fit review / bundle offer,741,6,99.7,43.11,13-24m
0327-WFZSY,xgb_churn_v2,2026-10-05T08:55:20.366037+00:00,0.43243247,Medium,0,East,paid_search,39,Male,Standard,One year,100.0,39,Monthly charge,Plan & Billing,Raises risk,0.7993,Month-to-month contract,Plan & Billing,Lowers risk,-0.7469,Feature adoption,Engagement,Lowers risk,-0.6463,Price-fit review / bundle offer,742,6,100.0,43.24,25-48m
3427-GGZZI,xgb_churn_v2,2026-10-05T08:55:20.366037+00:00,0.43243247,Medium,0,North,social,36,Female,Basic,Month-to-month,89.1,19,Feature adoption,Engagement,Lowers risk,-0.5822,Month-to-month contract,Plan & Billing,Raises risk,0.4443,Failed payments (90d),Payments,Lowers risk,-0.4025,Offer annual-contract incentive,743,6,89.1,38.53,13-24m
5035-PGZXH,xgb_churn_v2,2026-10-05T08:55:20.366037+00:00,0.43243247,Medium,0,West,referral,48,Female,Standard,One year,106.8,56,Usage trend,Engagement,Raises risk,0.9637,Month-to-month contract,Plan & Billing,Lowers risk,-0.7416,Monthly charge,Plan & Billing,Raises risk,0.6202,Proactive check-in call,744,6,106.8,46.18,49m+
8344-WFMFH,xgb_churn_v2,2026-10-05T08:55:20.366037+00:00,0.43243247,Medium,0,South,referral,25,Male,Basic,Month-to-month,50.1,9,Session minutes,Engagement,Lowers risk,-0.5434,Monthly charge,Plan & Billing,Lowers risk,-0.415,Month-to-month contract,Plan & Billing,Raises risk,0.4031,Offer annual-contract incentive,745,6,50.1,21.66,7-12m
6907-NZZIJ,xgb_churn_v2,2026-10-05T08:55:20.366037+00:00,0.43243247,Medium,1,East,referral,27,Female,Basic,Month-to-month,99.15,36,Feature adoption,Engagement,Lowers risk,-1.3761,Customer tenure,Tenure,Lowers risk,-0.4528,Monthly charge,Plan & Billing,Raises risk,0.4412,Price-fit review / bundle offer,746,6,99.15,42.88,25-48m
7054-ENNGU,xgb_churn_v2,2026-10-05T08:55:20.366037+00:00,0.43243247,Medium,0,South,social,58,Female,Basic,Month-to-month,50.85,9,Month-to-month contract,Plan & Billing,Raises risk,0.4785,Session count,Engagement,Lowers risk,-0.4715,Monthly charge,Plan & Billing,Lowers risk,-0.4666,Offer annual-contract incentive,747,6,50.85,21.99,7-12m
3058-WQDRE,xgb_churn_v2,2026-10-05T08:55:20.366037+00:00,0.43243247,Medium,0,South,referral,37,Male,Basic,Month-to-month,25.15,13,Amount paid (90d),Payments,Lowers risk,-0.7404,Monthly charge,Plan & Billing,Lowers risk,-0.6884,Failed payments (90d),Payments,Raises risk,0.6782,Payment recovery + switch to auto-pay,748,6,25.15,10.88,13-24m
5998-VVEJY,xgb_churn_v2,2026-10-05T08:55:20.366037+00:00,0.43243247,Medium,1,West,referral,49,Male,Basic,Month-to-month,80.5,26,Feature adoption,Engagement,Lowers risk,-0.5297,Month-to-month contract,Plan & Billing,Raises risk,0.4626,Customer tenure,Tenure,Lowers risk,-0.452,Offer annual-contract incentive,749,6,80.5,34.81,25-48m
3589-PPVKW,xgb_churn_v2,2026-10-05T08:55:20.366037+00:00,0.43243247,Medium,0,East,paid_search,31,Male,Basic,Month-to-month,44.4,9,Month-to-month contract,Plan & Billing,Raises risk,0.4346,Days since last active,Engagement,Raises risk,0.3741,Failed payments (90d),Payments,Lowers risk,-0.363,Offer annual-contract incentive,750,6,44.4,19.2,7-12m
5493-SDRDQ,xgb_churn_v2,2026-10-05T08:55:20.366037+00:00,0.43243244,Medium,1,West,social,38,Male,Basic,Month-to-month,55.1,2,Customer tenure,Tenure,Raises risk,0.6126,Feature adoption,Engagement,Raises risk,0.4954,Month-to-month contract,Plan & Billing,Raises risk,0.4593,Early-life onboarding call,751,6,55.1,23.83,0-6m
4039-HEUNW,xgb_churn_v2,2026-10-05T08:55:20.366037+00:00,0.43243244,Medium,1,East,social,69,Male,Basic,Month-to-month,96.5,36,Monthly charge,Plan & Billing,Raises risk,0.5081,Customer tenure,Tenure,Lowers risk,-0.4767,Failed payments (90d),Payments,Lowers risk,-0.4109,Price-fit review / bundle offer,752,6,96.5,41.73,25-48m
9576-SYUHJ,xgb_churn_v2,2026-10-05T08:55:20.366037+00:00,0.43243244,Medium,0,West,referral,23,Male,Basic,Month-to-month,91.15,37,Feature adoption,Engagement,Lowers risk,-1.1049,Customer tenure,Tenure,Lowers risk,-0.5823,Month-to-month contract,Plan & Billing,Raises risk,0.4293,Offer annual-contract incentive,753,6,91.15,39.42,25-48m
6270-OMFIW,xgb_churn_v2,2026-10-05T08:55:20.366037+00:00,0.43243244,Medium,1,North,partner,23,Male,Standard,One year,94.4,60,Month-to-month contract,Plan & Billing,Lowers risk,-0.9029,Customer tenure,Tenure,Lowers risk,-0.7624,Ticket resolution time,Support,Lowers risk,-0.3645,General retention check-in,754,6,94.4,40.82,49m+
0599-XNYDO,xgb_churn_v2,2026-10-05T08:55:20.366037+00:00,0.43243244,Medium,0,North,partner,50,Female,Basic,Month-to-month,69.8,20,Days since last active,Engagement,Raises risk,0.6768,Month-to-month contract,Plan & Billing,Raises risk,0.4422,Ticket resolution time,Support,Lowers risk,-0.4178,Proactive check-in call,755,6,69.8,30.18,13-24m
9904-EHEVJ,xgb_churn_v2,2026-10-05T08:55:20.366037+00:00,0.43243244,Medium,0,Central,organic,62,Female,Basic,Month-to-month,91.35,32,Feature adoption,Engagement,Lowers risk,-0.9683,Customer age,Demographic,Raises risk,0.6926,Month-to-month contract,Plan & Billing,Raises risk,0.4325,Offer annual-contract incentive,756,6,91.35,39.5,25-48m
0822-QGCXA,xgb_churn_v2,2026-10-05T08:55:20.366037+00:00,0.43243244,Medium,0,West,paid_search,61,Female,Basic,Month-to-month,83.85,27,Customer age,Demographic,Raises risk,0.6199,Customer tenure,Tenure,Lowers risk,-0.5154,Month-to-month contract,Plan & Billing,Raises risk,0.4474,Offer annual-contract incentive,757,6,83.85,36.26,25-48m
9052-VKDUW,xgb_churn_v2,2026-10-05T08:55:20.366037+00:00,0.43243244,Medium,0,South,referral,62,Female,Basic,Month-to-month,109.4,65,Customer tenure,Tenure,Lowers risk,-0.9238,Usage trend,Engagement,Raises risk,0.8275,Customer age,Demographic,Raises risk,0.5726,Proactive check-in call,758,6,109.4,47.31,49m+
1624-WOIWJ,xgb_churn_v2,2026-10-05T08:55:20.366037+00:00,0.43243244,Medium,1,Central,social,38,Female,Basic,Month-to-month,84.7,10,Session minutes,Engagement,Lowers risk,-0.6202,Feature adoption,Engagement,Raises risk,0.5152,Month-to-month contract,Plan & Billing,Raises risk,0.4734,Proactive feature walkthrough,759,6,84.7,36.63,7-12m
0365-GXEZS,xgb_churn_v2,2026-10-05T08:55:20.366037+00:00,0.43243244,Medium,0,North,organic,36,Male,Basic,Month-to-month,78.2,18,Month-to-month contract,Plan & Billing,Raises risk,0.4743,Failed payments (90d),Payments,Lowers risk,-0.352,Days since last active,Engagement,Raises risk,0.2629,Offer annual-contract incentive,760,6,78.2,33.82,13-24m
2924-KHUVI,xgb_churn_v2,2026-10-05T08:55:20.366037+00:00,0.43243244,Medium,0,Central,referral,57,Male,Standard,One year,100.55,56,Month-to-month contract,Plan & Billing,Lowers risk,-0.8515,Monthly charge,Plan & Billing,Raises risk,0.7402,Customer tenure,Tenure,Lowers risk,-0.6067,Price-fit review / bundle offer,761,6,100.55,43.48,49m+
6549-NNDYT,xgb_churn_v2,2026-10-05T08:55:20.366037+00:00,0.43243244,Medium,0,Central,paid_search,33,Female,Basic,Month-to-month,30.85,13,Days since last active,Engagement,Raises risk,0.5444,Feature adoption,Engagement,Lowers risk,-0.4281,Month-to-month contract,Plan & Billing,Raises risk,0.4199,Proactive check-in call,762,6,30.85,13.34,13-24m
1591-NFNLQ,xgb_churn_v2,2026-10-05T08:55:20.366037+00:00,0.43243244,Medium,1,Central,partner,56,Male,Basic,Month-to-month,80.0,51,Customer tenure,Tenure,Lowers risk,-0.8092,Month-to-month contract,Plan & Billing,Raises risk,0.4931,Feature adoption,Engagement,Raises risk,0.387,Offer annual-contract incentive,763,6,80.0,34.59,49m+
7693-QPEFS,xgb_churn_v2,2026-10-05T08:55:20.366037+00:00,0.43243244,Medium,0,West,referral,62,Male,Basic,Month-to-month,72.95,52,Customer tenure,Tenure,Lowers risk,-0.7023,Customer age,Demographic,Raises risk,0.6863,Feature adoption,Engagement,Lowers risk,-0.5637,General retention check-in,764,6,72.95,31.55,49m+
2869-ADAWR,xgb_churn_v2,2026-10-05T08:55:20.366037+00:00,0.43243244,Medium,1,East,referral,28,Female,Basic,Month-to-month,89.3,45,Customer tenure,Tenure,Lowers risk,-0.6827,Month-to-month contract,Plan & Billing,Raises risk,0.4819,Usage trend,Engagement,Raises risk,0.3284,Offer annual-contract incentive,765,6,89.3,38.62,25-48m
9880-TDQAC,xgb_churn_v2,2026-10-05T08:55:20.366037+00:00,0.43243244,Medium,0,Central,partner,58,Female,Pro,Two year,60.0,72,Customer tenure,Tenure,Lowers risk,-1.9157,Month-to-month contract,Plan & Billing,Lowers risk,-0.8668,Open support tickets,Support,Raises risk,0.7861,Escalate to retention specialist,766,6,60.0,25.95,49m+
7964-VEXDG,xgb_churn_v2,2026-10-05T08:55:20.366037+00:00,0.43243244,Medium,0,West,referral,34,Male,Basic,Month-to-month,80.35,21,Month-to-month contract,Plan & Billing,Raises risk,0.4372,Failed payments (90d),Payments,Lowers risk,-0.4182,Feature adoption,Engagement,Lowers risk,-0.3098,Offer annual-contract incentive,767,6,80.35,34.75,13-24m
5889-JTMUL,xgb_churn_v2,2026-10-05T08:55:20.366037+00:00,0.43243244,Medium,1,East,social,64,Female,Basic,Month-to-month,95.05,50,Customer tenure,Tenure,Lowers risk,-0.741,Feature adoption,Engagement,Lowers risk,-0.6762,Month-to-month contract,Plan & Billing,Raises risk,0.4371,Offer annual-contract incentive,768,6,95.05,41.1,49m+
2782-LFZVW,xgb_churn_v2,2026-10-05T08:55:20.366037+00:00,0.43243244,Medium,0,West,organic,22,Female,Basic,Month-to-month,58.95,11,Feature adoption,Engagement,Lowers risk,-0.9904,Days since last active,Engagement,Raises risk,0.6049,Month-to-month contract,Plan & Billing,Raises risk,0.4275,Proactive check-in call,769,6,58.95,25.49,7-12m
9481-IEBZY,xgb_churn_v2,2026-10-05T08:55:20.366037+00:00,0.43243244,Medium,0,North,referral,62,Male,Basic,Month-to-month,112.9,72,Customer tenure,Tenure,Lowers risk,-1.7971,Session count,Engagement,Lowers risk,-0.6183,Customer age,Demographic,Raises risk,0.6109,General retention check-in,770,6,112.9,48.82,49m+
9554-DFKIC,xgb_churn_v2,2026-10-05T08:55:20.366037+00:00,0.43243244,Medium,0,East,referral,58,Male,Basic,Month-to-month,54.45,30,Open support tickets,Support,Raises risk,0.4931,Customer tenure,Tenure,Lowers risk,-0.4221,Month-to-month contract,Plan & Billing,Raises risk,0.3853,Escalate to retention specialist,771,6,54.45,23.55,25-48m
0929-PECLO,xgb_churn_v2,2026-10-05T08:55:20.366037+00:00,0.43243244,Medium,0,West,organic,60,Female,Basic,Month-to-month,89.6,63,Customer tenure,Tenure,Lowers risk,-1.1866,Feature adoption,Engagement,Lowers risk,-0.5536,Customer age,Demographic,Raises risk,0.5465,General retention check-in,772,6,89.6,38.75,49m+
4936-YPJNK,xgb_churn_v2,2026-10-05T08:55:20.366037+00:00,0.43243244,Medium,0,South,referral,27,Female,Basic,Month-to-month,19.9,10,Monthly charge,Plan & Billing,Lowers risk,-1.0613,Amount paid (90d),Payments,Lowers risk,-0.6231,Feature adoption,Engagement,Raises risk,0.6062,Proactive feature walkthrough,773,6,19.9,8.61,7-12m
6668-CNMFP,xgb_churn_v2,2026-10-05T08:55:20.366037+00:00,0.43243244,Medium,0,West,referral,43,Female,Standard,One year,89.35,19,Usage trend,Engagement,Raises risk,1.1285,Month-to-month contract,Plan & Billing,Lowers risk,-0.8771,Days since last active,Engagement,Raises risk,0.384,Proactive check-in call,774,6,89.35,38.64,13-24m
7802-EFKNY,xgb_churn_v2,2026-10-05T08:55:20.366037+00:00,0.43243244,Medium,1,East,paid_search,58,Male,Basic,Month-to-month,24.95,5,Amount paid (90d),Payments,Lowers risk,-0.8387,Monthly charge,Plan & Billing,Lowers risk,-0.7686,Month-to-month contract,Plan & Billing,Raises risk,0.4277,Offer annual-contract incentive,775,6,24.95,10.79,0-6m
0848-ZGQIJ,xgb_churn_v2,2026-10-05T08:55:20.366037+00:00,0.43243244,Medium,0,South,organic,46,Female,Basic,Month-to-month,94.65,16,Session count,Engagement,Lowers risk,-0.5901,Feature adoption,Engagement,Lowers risk,-0.5091,Monthly charge,Plan & Billing,Raises risk,0.4413,Price-fit review / bundle offer,776,6,94.65,40.93,13-24m
3194-ORPIK,xgb_churn_v2,2026-10-05T08:55:20.366037+00:00,0.43243244,Medium,1,Central,paid_search,55,Female,Basic,Month-to-month,84.4,50,Usage trend,Engagement,Lowers risk,-1.3257,Customer tenure,Tenure,Lowers risk,-0.8279,Session count,Engagement,Raises risk,0.8038,Proactive feature walkthrough,777,6,84.4,36.5,49m+
0129-KPTWJ,xgb_churn_v2,2026-10-05T08:55:20.366037+00:00,0.43243244,Medium,0,Central,social,44,Male,Basic,Month-to-month,94.65,72,Customer tenure,Tenure,Lowers risk,-1.8062,Usage trend,Engagement,Raises risk,0.866,Session minutes,Engagement,Lowers risk,-0.4979,Proactive check-in call,778,6,94.65,40.93,49m+
8887-IPQNC,xgb_churn_v2,2026-10-05T08:55:20.366037+00:00,0.43243244,Medium,0,North,organic,41,Female,Basic,Month-to-month,44.25,7,Days since last active,Engagement,Raises risk,0.5824,Month-to-month contract,Plan & Billing,Raises risk,0.4341,Feature adoption,Engagement,Lowers risk,-0.3907,Proactive check-in call,779,6,44.25,19.14,7-12m
7530-HDYDS,xgb_churn_v2,2026-10-05T08:55:20.366037+00:00,0.43243244,Medium,1,North,organic,31,Female,Basic,Month-to-month,84.25,38,Month-to-month contract,Plan & Billing,Raises risk,0.4865,Customer tenure,Tenure,Lowers risk,-0.3716,Session minutes,Engagement,Lowers risk,-0.3556,Offer annual-contract incentive,780,6,84.25,36.43,25-48m
2889-FPWRM,xgb_churn_v2,2026-10-05T08:55:20.366037+00:00,0.43243244,Medium,1,Central,organic,47,Male,Standard,One year,117.8,72,Customer tenure,Tenure,Lowers risk,-1.7931,Month-to-month contract,Plan & Billing,Lowers risk,-0.9148,Open support tickets,Support,Raises risk,0.6385,Escalate to retention specialist,781,6,117.8,50.94,49m+
3278-FSIXX,xgb_churn_v2,2026-10-05T08:55:20.366037+00:00,0.43243244,Medium,0,West,partner,32,Female,Basic,Month-to-month,45.25,2,Feature adoption,Engagement,Lowers risk,-0.9227,Customer tenure,Tenure,Raises risk,0.7,Month-to-month contract,Plan & Billing,Raises risk,0.472,Early-life onboarding call,782,6,45.25,19.57,0-6m
0447-BEMNG,xgb_churn_v2,2026-10-05T08:55:20.366037+00:00,0.43243244,Medium,1,North,referral,36,Female,Basic,Month-to-month,45.3,48,Customer tenure,Tenure,Lowers risk,-0.711,Feature adoption,Engagement,Lowers risk,-0.6495,Open support tickets,Support,Raises risk,0.5324,Escalate to retention specialist,783,6,45.3,19.59,25-48m
9058-MJLZC,xgb_churn_v2,2026-10-05T08:55:20.366037+00:00,0.43243244,Medium,0,North,paid_search,51,Female,Basic,Month-to-month,94.6,24,Feature adoption,Engagement,Lowers risk,-0.9037,Month-to-month contract,Plan & Billing,Raises risk,0.4296,Failed payments (90d),Payments,Lowers risk,-0.3982,Offer annual-contract incentive,784,6,94.6,40.91,13-24m
8690-UPCZI,xgb_churn_v2,2026-10-05T08:55:20.366037+00:00,0.43243244,Medium,0,South,paid_search,45,Male,Standard,One year,69.05,29,Month-to-month contract,Plan & Billing,Lowers risk,-0.9174,Usage trend,Engagement,Raises risk,0.5278,Customer tenure,Tenure,Lowers risk,-0.4147,Proactive check-in call,785,6,69.05,29.86,25-48m
0946-CLJTI,xgb_churn_v2,2026-10-05T08:55:20.366037+00:00,0.43243244,Medium,1,West,social,66,Male,Basic,Month-to-month,98.7,58,Customer tenure,Tenure,Lowers risk,-0.7382,Monthly charge,Plan & Billing,Raises risk,0.4927,Month-to-month contract,Plan & Billing,Raises risk,0.4174,Price-fit review / bundle offer,786,6,98.7,42.68,49m+
0463-ZSDNT,xgb_churn_v2,2026-10-05T08:55:20.366037+00:00,0.43243244,Medium,0,East,paid_search,24,Male,Basic,Month-to-month,56.75,10,Usage trend,Engagement,Lowers risk,-1.4062,Feature adoption,Engagement,Raises risk,0.6286,Month-to-month contract,Plan & Billing,Raises risk,0.4318,Proactive feature walkthrough,787,6,56.75,24.54,7-12m
5514-YQENT,xgb_churn_v2,2026-10-05T08:55:20.366037+00:00,0.43243244,Medium,0,South,social,40,Male,Pro,Two year,111.15,41,Open support tickets,Support,Raises risk,1.1249,Month-to-month contract,Plan & Billing,Lowers risk,-0.7871,Two-year contract,Plan & Billing,Lowers risk,-0.3654,Escalate to retention specialist,788,6,111.15,48.06,25-48m
6961-VCPMC,xgb_churn_v2,2026-10-05T08:55:20.366037+00:00,0.43243244,Medium,1,North,referral,64,Male,Basic,Month-to-month,80.4,46,Feature adoption,Engagement,Lowers risk,-0.7121,Customer tenure,Tenure,Lowers risk,-0.6607,Month-to-month contract,Plan & Billing,Raises risk,0.4646,Offer annual-contract incentive,789,6,80.4,34.77,25-48m
6030-REHUX,xgb_churn_v2,2026-10-05T08:55:20.366037+00:00,0.43243244,Medium,0,East,referral,60,Female,Basic,Month-to-month,110.85,28,Feature adoption,Engagement,Lowers risk,-0.7704,Customer age,Demographic,Raises risk,0.6425,Customer tenure,Tenure,Lowers risk,-0.4623,General retention check-in,790,6,110.85,47.94,25-48m
0137-UDEUO,xgb_churn_v2,2026-10-05T08:55:20.366037+00:00,0.43243244,Medium,1,North,partner,55,Female,Basic,Month-to-month,19.85,3,Monthly charge,Plan & Billing,Lowers risk,-1.0756,Open support tickets,Support,Raises risk,1.0079,Amount paid (90d),Payments,Lowers risk,-0.6625,Escalate to retention specialist,791,6,19.85,8.58,0-6m
0222-CNVPT,xgb_churn_v2,2026-10-05T08:55:20.366037+00:00,0.43243244,Medium,0,Central,social,61,Male,Basic,Month-to-month,48.8,52,Customer age,Demographic,Raises risk,0.6631,Customer tenure,Tenure,Lowers risk,-0.6141,Month-to-month contract,Plan & Billing,Raises risk,0.4546,Offer annual-contract incentive,792,6,48.8,21.1,49m+
2239-JALAW,xgb_churn_v2,2026-10-05T08:55:20.366037+00:00,0.43243244,Medium,1,East,referral,41,Male,Standard,One year,103.25,58,Month-to-month contract,Plan & Billing,Lowers risk,-0.876,Monthly charge,Plan & Billing,Raises risk,0.7554,Customer tenure,Tenure,Lowers risk,-0.518,Price-fit review / bundle offer,793,6,103.25,44.65,49m+
2709-UQGNP,xgb_churn_v2,2026-10-05T08:55:20.366037+00:00,0.43243244,Medium,0,East,paid_search,49,Male,Basic,Month-to-month,51.65,10,Feature adoption,Engagement,Lowers risk,-0.6009,Days since last active,Engagement,Raises risk,0.5295,Month-to-month contract,Plan & Billing,Raises risk,0.4334,Proactive check-in call,794,6,51.65,22.34,7-12m
9167-APMXZ,xgb_churn_v2,2026-10-05T08:55:20.366037+00:00,0.43243244,Medium,0,West,partner,38,Female,Basic,Month-to-month,84.15,22,Month-to-month contract,Plan & Billing,Raises risk,0.4405,Feature adoption,Engagement,Lowers risk,-0.3507,Failed payments (90d),Payments,Lowers risk,-0.3307,Offer annual-contract incentive,795,6,84.15,36.39,13-24m
2988-GBIVW,xgb_churn_v2,2026-10-05T08:55:20.366037+00:00,0.43243244,Medium,0,South,paid_search,60,Female,Basic,Month-to-month,90.85,70,Customer tenure,Tenure,Lowers risk,-1.2969,Customer age,Demographic,Raises risk,0.5765,Month-to-month contract,Plan & Billing,Raises risk,0.4821,Offer annual-contract incentive,796,6,90.85,39.29,49m+
2108-GLPQB,xgb_churn_v2,2026-10-05T08:55:20.366037+00:00,0.43243244,Medium,0,West,organic,30,Male,Basic,Month-to-month,55.55,25,Month-to-month contract,Plan & Billing,Raises risk,0.4338,Failed payments (90d),Payments,Lowers risk,-0.382,Session minutes,Engagement,Raises risk,0.3517,Offer annual-contract incentive,797,6,55.55,24.02,25-48m
1536-YHDOE,xgb_churn_v2,2026-10-05T08:55:20.366037+00:00,0.4324324,Medium,0,South,partner,39,Male,Standard,One year,62.1,17,Session count,Engagement,Raises risk,0.9218,Month-to-month contract,Plan & Billing,Lowers risk,-0.9049,Feature adoption,Engagement,Raises risk,0.5332,Proactive feature walkthrough,798,6,62.1,26.85,13-24m
6481-OGDOO,xgb_churn_v2,2026-10-05T08:55:20.366037+00:00,0.4324324,Medium,1,South,referral,22,Male,Standard,One year,90.6,67,Customer tenure,Tenure,Lowers risk,-0.9969,Month-to-month contract,Plan & Billing,Lowers risk,-0.8935,Failed payments (90d),Payments,Raises risk,0.6467,Payment recovery + switch to auto-pay,799,6,90.6,39.18,49m+
4184-VODJZ,xgb_churn_v2,2026-10-05T08:55:20.366037+00:00,0.4324324,Medium,0,West,organic,24,Male,Standard,One year,91.35,63,Customer tenure,Tenure,Lowers risk,-1.1269,Month-to-month contract,Plan & Billing,Lowers risk,-0.8037,Open support tickets,Support,Raises risk,0.7791,Escalate to retention specialist,800,6,91.35,39.5,49m+
7762-URZQH,xgb_churn_v2,2026-10-05T08:55:20.366037+00:00,0.4324324,Medium,1,South,social,36,Male,Pro,Two year,106.05,66,Monthly charge,Plan & Billing,Raises risk,0.9212,Customer tenure,Tenure,Lowers risk,-0.8738,Month-to-month contract,Plan & Billing,Lowers risk,-0.7377,Price-fit review / bundle offer,801,6,106.05,45.86,49m+
2800-QQUSO,xgb_churn_v2,2026-10-05T08:55:20.366037+00:00,0.4324324,Medium,0,South,organic,36,Male,Basic,Month-to-month,100.3,42,Feature adoption,Engagement,Lowers risk,-0.6611,Customer tenure,Tenure,Lowers risk,-0.6569,Monthly charge,Plan & Billing,Raises risk,0.5632,Price-fit review / bundle offer,802,6,100.3,43.37,25-48m
8958-JPTRR,xgb_churn_v2,2026-10-05T08:55:20.366037+00:00,0.4324324,Medium,0,West,partner,27,Female,Standard,One year,24.3,56,Failed payments (90d),Payments,Raises risk,1.0276,Month-to-month contract,Plan & Billing,Lowers risk,-0.9393,Failed-payment ratio,Payments,Raises risk,0.8743,Payment recovery + switch to auto-pay,803,6,24.3,10.51,49m+
4566-QVRRW,xgb_churn_v2,2026-10-05T08:55:20.366037+00:00,0.4324324,Medium,1,East,paid_search,29,Female,Basic,Month-to-month,44.05,11,Month-to-month contract,Plan & Billing,Raises risk,0.4317,Failed payments (90d),Payments,Lowers risk,-0.4166,Feature adoption,Engagement,Lowers risk,-0.3878,Offer annual-contract incentive,804,6,44.05,19.05,7-12m
5886-VLQVU,xgb_churn_v2,2026-10-05T08:55:20.366037+00:00,0.4324324,Medium,0,Central,paid_search,29,Male,Basic,Month-to-month,89.85,35,Customer tenure,Tenure,Lowers risk,-0.4662,Month-to-month contract,Plan & Billing,Raises risk,0.4391,Failed payments (90d),Payments,Lowers risk,-0.3553,Offer annual-contract incentive,805,6,89.85,38.85,25-48m
9776-OJUZI,xgb_churn_v2,2026-10-05T08:55:20.366037+00:00,0.4324324,Medium,0,East,partner,60,Female,Basic,Month-to-month,95.45,65,Customer tenure,Tenure,Lowers risk,-1.1732,Customer age,Demographic,Raises risk,0.5562,Monthly charge,Plan & Billing,Raises risk,0.4025,Price-fit review / bundle offer,806,6,95.45,41.28,49m+
8263-OKETD,xgb_churn_v2,2026-10-05T08:55:20.366037+00:00,0.4324324,Medium,0,East,referral,54,Female,Basic,Month-to-month,68.9,20,Month-to-month contract,Plan & Billing,Raises risk,0.4484,Failed payments (90d),Payments,Lowers risk,-0.3492,Usage trend,Engagement,Lowers risk,-0.3166,Offer annual-contract incentive,807,6,68.9,29.79,13-24m
3211-AAPKX,xgb_churn_v2,2026-10-05T08:55:20.366037+00:00,0.4324324,Medium,0,North,partner,41,Male,Basic,Month-to-month,98.55,20,Feature adoption,Engagement,Lowers risk,-0.8645,Monthly charge,Plan & Billing,Raises risk,0.6655,Days since last active,Engagement,Raises risk,0.5122,Price-fit review / bundle offer,808,6,98.55,42.62,13-24m
4476-OSWTN,xgb_churn_v2,2026-10-05T08:55:20.366037+00:00,0.34828824,Medium,0,East,organic,62,Male,Standard,One year,110.55,69,Customer tenure,Tenure,Lowers risk,-0.9293,Month-to-month contract,Plan & Billing,Lowers risk,-0.6752,Customer age,Demographic,Raises risk,0.4997,General retention check-in,809,6,110.55,38.5,49m+
2307-FYNNL,xgb_churn_v2,2026-10-05T08:55:20.366037+00:00,0.34257436,Medium,0,South,partner,62,Male,Pro,Two year,109.05,65,Customer tenure,Tenure,Lowers risk,-0.8675,Month-to-month contract,Plan & Billing,Lowers risk,-0.7785,Usage trend,Engagement,Lowers risk,-0.7232,General retention check-in,810,6,109.05,37.36,49m+
3351-NGXYI,xgb_churn_v2,2026-10-05T08:55:20.366037+00:00,0.33333337,Medium,0,East,organic,63,Female,Basic,Month-to-month,54.1,16,Session count,Engagement,Lowers risk,-0.934,Month-to-month contract,Plan & Billing,Raises risk,0.4369,Days since last active,Engagement,Raises risk,0.4313,Offer annual-contract incentive,811,6,54.1,18.03,13-24m
0489-WMEMG,xgb_churn_v2,2026-10-05T08:55:20.366037+00:00,0.33333337,Medium,0,South,organic,54,Female,Standard,One year,49.45,23,Month-to-month contract,Plan & Billing,Lowers risk,-0.9668,Open support tickets,Support,Raises risk,0.4082,Monthly charge,Plan & Billing,Lowers risk,-0.2919,Escalate to retention specialist,812,6,49.45,16.48,13-24m
0188-GWFLE,xgb_churn_v2,2026-10-05T08:55:20.366037+00:00,0.33333337,Medium,0,Central,partner,58,Male,Basic,Month-to-month,20.05,2,Monthly charge,Plan & Billing,Lowers risk,-1.128,Usage trend,Engagement,Raises risk,0.7327,Amount paid (90d),Payments,Lowers risk,-0.632,Proactive check-in call,813,6,20.05,6.68,0-6m
1867-TJHTS,xgb_churn_v2,2026-10-05T08:55:20.366037+00:00,0.33333337,Medium,0,East,social,30,Female,Basic,Month-to-month,79.8,58,Customer tenure,Tenure,Lowers risk,-0.7543,Usage trend,Engagement,Raises risk,0.7295,Feature adoption,Engagement,Lowers risk,-0.6653,Proactive check-in call,814,6,79.8,26.6,49m+
5222-IMUKT,xgb_churn_v2,2026-10-05T08:55:20.366037+00:00,0.33333337,Medium,0,South,organic,31,Male,Basic,Month-to-month,91.05,32,Customer tenure,Tenure,Lowers risk,-0.5487,Month-to-month contract,Plan & Billing,Raises risk,0.4478,Failed payments (90d),Payments,Lowers risk,-0.4237,Offer annual-contract incentive,815,6,91.05,30.35,25-48m
8728-SKJLR,xgb_churn_v2,2026-10-05T08:55:20.366037+00:00,0.33333337,Medium,0,East,referral,46,Male,Basic,Month-to-month,74.25,41,Customer tenure,Tenure,Lowers risk,-0.5891,Month-to-month contract,Plan & Billing,Raises risk,0.5021,Ticket resolution time,Support,Lowers risk,-0.3947,Offer annual-contract incentive,816,6,74.25,24.75,25-48m
7880-XSOJX,xgb_churn_v2,2026-10-05T08:55:20.366037+00:00,0.33333334,Medium,0,North,social,26,Male,Basic,Month-to-month,42.4,4,Month-to-month contract,Plan & Billing,Raises risk,0.4439,Customer tenure,Tenure,Raises risk,0.3934,Monthly charge,Plan & Billing,Lowers risk,-0.3773,Offer annual-contract incentive,817,6,42.4,14.13,0-6m
7055-VKGDA,xgb_churn_v2,2026-10-05T08:55:20.366037+00:00,0.33333334,Medium,1,North,referral,54,Male,Standard,One year,105.4,54,Monthly charge,Plan & Billing,Raises risk,0.8297,Month-to-month contract,Plan & Billing,Lowers risk,-0.7974,Customer tenure,Tenure,Lowers risk,-0.5205,Price-fit review / bundle offer,818,6,105.4,35.13,49m+
1353-LJWEM,xgb_churn_v2,2026-10-05T08:55:20.366037+00:00,0.33333334,Medium,0,Central,social,42,Male,Basic,Month-to-month,60.9,11,Feature adoption,Engagement,Lowers risk,-0.6411,Days since last active,Engagement,Raises risk,0.5604,Month-to-month contract,Plan & Billing,Raises risk,0.4264,Proactive check-in call,819,6,60.9,20.3,7-12m
5294-DMSFH,xgb_churn_v2,2026-10-05T08:55:20.366037+00:00,0.33333334,Medium,0,East,referral,35,Female,Basic,Month-to-month,87.8,29,Customer tenure,Tenure,Lowers risk,-0.494,Month-to-month contract,Plan & Billing,Raises risk,0.4552,Feature adoption,Engagement,Lowers risk,-0.3674,Offer annual-contract incentive,820,6,87.8,29.27,25-48m
0319-QZTCO,xgb_churn_v2,2026-10-05T08:55:20.366037+00:00,0.33333334,Medium,0,West,referral,22,Female,Basic,Month-to-month,58.7,3,Customer tenure,Tenure,Raises risk,0.5596,Feature adoption,Engagement,Lowers risk,-0.4575,Month-to-month contract,Plan & Billing,Raises risk,0.4419,Early-life onboarding call,821,6,58.7,19.57,0-6m
8048-DSDFQ,xgb_churn_v2,2026-10-05T08:55:20.366037+00:00,0.33333334,Medium,0,Central,paid_search,23,Male,Basic,Month-to-month,20.2,1,Customer tenure,Tenure,Raises risk,1.4205,Monthly charge,Plan & Billing,Lowers risk,-0.9012,Feature adoption,Engagement,Lowers risk,-0.6231,Early-life onboarding call,822,6,20.2,6.73,0-6m
3345-JHUEO,xgb_churn_v2,2026-10-05T08:55:20.366037+00:00,0.33333334,Medium,0,Central,referral,28,Male,Basic,Month-to-month,20.2,4,Monthly charge,Plan & Billing,Lowers risk,-1.1733,Amount paid (90d),Payments,Lowers risk,-0.617,Open support tickets,Support,Raises risk,0.4911,Escalate to retention specialist,823,6,20.2,6.73,0-6m
2604-IJPDU,xgb_churn_v2,2026-10-05T08:55:20.366037+00:00,0.33333334,Medium,0,East,referral,32,Female,Basic,Month-to-month,96.55,20,Monthly charge,Plan & Billing,Raises risk,0.5274,Feature adoption,Engagement,Lowers risk,-0.4616,Month-to-month contract,Plan & Billing,Raises risk,0.4037,Price-fit review / bundle offer,824,6,96.55,32.18,13-24m
3466-BYAVD,xgb_churn_v2,2026-10-05T08:55:20.366037+00:00,0.3333333,Medium,0,West,social,42,Male,Basic,Month-to-month,69.5,15,Month-to-month contract,Plan & Billing,Raises risk,0.4798,Failed payments (90d),Payments,Lowers risk,-0.308,Days since last active,Engagement,Raises risk,0.2258,Offer annual-contract incentive,825,6,69.5,23.17,13-24m
1699-HPSBG,xgb_churn_v2,2026-10-05T08:55:20.366037+00:00,0.3333333,Medium,1,North,organic,31,Male,Standard,One year,59.8,12,Month-to-month contract,Plan & Billing,Lowers risk,-0.9722,Monthly charge,Plan & Billing,Lowers risk,-0.3858,Feature adoption,Engagement,Raises risk,0.3008,Proactive feature walkthrough,826,6,59.8,19.93,7-12m
7096-UCLNH,xgb_churn_v2,2026-10-05T08:55:20.366037+00:00,0.20000002,Low,0,East,partner,47,Male,Basic,Month-to-month,20.05,1,Customer tenure,Tenure,Raises risk,1.2851,Monthly charge,Plan & Billing,Lowers risk,-1.0165,Amount paid (90d),Payments,Lowers risk,-0.5709,Early-life onboarding call,827,6,20.05,4.01,0-6m
2667-WYLWJ,xgb_churn_v2,2026-10-05T08:55:20.366037+00:00,0.20000002,Low,1,South,referral,51,Female,Standard,One year,19.75,8,Session count,Engagement,Raises risk,1.111,Feature adoption,Engagement,Raises risk,1.0055,Monthly charge,Plan & Billing,Lowers risk,-0.972,Proactive feature walkthrough,828,6,19.75,3.95,7-12m
6288-LBEAR,xgb_churn_v2,2026-10-05T08:55:20.366037+00:00,0.2,Low,0,East,paid_search,32,Female,Basic,Month-to-month,79.1,23,Month-to-month contract,Plan & Billing,Raises risk,0.4486,Failed payments (90d),Payments,Lowers risk,-0.3817,Feature adoption,Engagement,Lowers risk,-0.3575,Offer annual-contract incentive,829,6,79.1,15.82,13-24m
3275-RHRNE,xgb_churn_v2,2026-10-05T08:55:20.366037+00:00,0.2,Low,0,North,partner,48,Male,Standard,One year,60.0,28,Month-to-month contract,Plan & Billing,Lowers risk,-0.9029,Failed payments (90d),Payments,Raises risk,0.6702,Feature adoption,Engagement,Lowers risk,-0.6217,Payment recovery + switch to auto-pay,830,6,60.0,12.0,25-48m
3584-WKTTW,xgb_churn_v2,2026-10-05T08:55:20.366037+00:00,0.2,Low,0,South,referral,33,Male,Standard,One year,111.55,51,Month-to-month contract,Plan & Billing,Lowers risk,-0.8304,Feature adoption,Engagement,Raises risk,0.4725,Customer tenure,Tenure,Lowers risk,-0.4374,Proactive feature walkthrough,831,6,111.55,22.31,49m+
5678-VFNEQ,xgb_churn_v2,2026-10-05T08:55:20.366037+00:00,0.2,Low,0,Central,organic,54,Female,Standard,One year,104.1,71,Customer tenure,Tenure,Lowers risk,-1.3851,Month-to-month contract,Plan & Billing,Lowers risk,-0.7877,Usage trend,Engagement,Raises risk,0.7556,Proactive check-in call,832,6,104.1,20.82,49m+
3468-DRVQJ,xgb_churn_v2,2026-10-05T08:55:20.366037+00:00,0.2,Low,0,East,referral,55,Female,Standard,One year,70.3,10,Month-to-month contract,Plan & Billing,Lowers risk,-1.0807,Failed payments (90d),Payments,Raises risk,0.6444,Feature adoption,Engagement,Lowers risk,-0.4818,Payment recovery + switch to auto-pay,833,6,70.3,14.06,7-12m
8155-IBNHG,xgb_churn_v2,2026-10-05T08:55:20.366037+00:00,0.2,Low,1,East,paid_search,41,Female,Basic,Month-to-month,75.4,24,Month-to-month contract,Plan & Billing,Raises risk,0.45,Days since last active,Engagement,Raises risk,0.4462,Failed payments (90d),Payments,Lowers risk,-0.3806,Offer annual-contract incentive,834,6,75.4,15.08,13-24m
8003-EWNDZ,xgb_churn_v2,2026-10-05T08:55:20.366037+00:00,0.2,Low,0,East,paid_search,37,Female,Basic,Month-to-month,21.2,10,Monthly charge,Plan & Billing,Lowers risk,-0.819,Feature adoption,Engagement,Lowers risk,-0.5591,Month-to-month contract,Plan & Billing,Raises risk,0.4362,Offer annual-contract incentive,835,6,21.2,4.24,7-12m
7694-VLBWQ,xgb_churn_v2,2026-10-05T08:55:20.366037+00:00,0.2,Low,1,Central,referral,45,Male,Standard,One year,104.1,67,Customer tenure,Tenure,Lowers risk,-1.0285,Monthly charge,Plan & Billing,Raises risk,0.831,Month-to-month contract,Plan & Billing,Lowers risk,-0.7916,Price-fit review / bundle offer,836,6,104.1,20.82,49m+
5709-LVOEQ,xgb_churn_v2,2026-10-05T08:55:20.366037+00:00,0.2,Low,0,West,social,58,Female,Pro,Two year,80.85,0,Month-to-month contract,Plan & Billing,Lowers risk,-1.1347,Customer tenure,Tenure,Raises risk,0.9779,Two-year contract,Plan & Billing,Lowers risk,-0.4946,Early-life onboarding call,837,6,80.85,16.17,0-6m
7789-HKSBS,xgb_churn_v2,2026-10-05T08:55:20.366037+00:00,0.19999999,Low,0,South,organic,61,Female,Standard,One year,105.2,42,Month-to-month contract,Plan & Billing,Lowers risk,-0.8604,Monthly charge,Plan & Billing,Raises risk,0.729,Customer age,Demographic,Raises risk,0.5809,Price-fit review / bundle offer,838,6,105.2,21.04,25-48m
5753-QQWPW,xgb_churn_v2,2026-10-05T08:55:20.366037+00:00,0.1908228,Low,0,North,referral,36,Female,Standard,One year,59.9,28,Usage trend,Engagement,Raises risk,1.0717,Month-to-month contract,Plan & Billing,Lowers risk,-0.8399,Days since last active,Engagement,Raises risk,0.471,Proactive check-in call,839,6,59.9,11.43,25-48m
8258-GSTJK,xgb_churn_v2,2026-10-05T08:55:20.366037+00:00,0.18750001,Low,1,North,organic,78,Male,Basic,Month-to-month,77.0,3,Usage trend,Engagement,Lowers risk,-1.5548,Customer tenure,Tenure,Raises risk,0.5173,Month-to-month contract,Plan & Billing,Raises risk,0.4959,Early-life onboarding call,840,6,77.0,14.44,0-6m
1730-VFMWO,xgb_churn_v2,2026-10-05T08:55:20.366037+00:00,0.18750001,Low,0,North,social,42,Female,Basic,Month-to-month,50.2,34,Month-to-month contract,Plan & Billing,Raises risk,0.4735,Customer tenure,Tenure,Lowers risk,-0.4546,Days since last active,Engagement,Raises risk,0.3906,Offer annual-contract incentive,841,6,50.2,9.41,25-48m
5649-RXQTV,xgb_churn_v2,2026-10-05T08:55:20.366037+00:00,0.18750001,Low,0,South,social,44,Male,Basic,Month-to-month,99.0,51,Feature adoption,Engagement,Lowers risk,-1.2929,Customer tenure,Tenure,Lowers risk,-0.612,Monthly charge,Plan & Billing,Raises risk,0.579,Price-fit review / bundle offer,842,6,99.0,18.56,49m+
9560-BBZXK,xgb_churn_v2,2026-10-05T08:55:20.366037+00:00,0.1875,Low,0,Central,social,24,Female,Pro,Two year,31.05,36,Usage trend,Engagement,Raises risk,1.1414,Month-to-month contract,Plan & Billing,Lowers risk,-0.844,Feature adoption,Engagement,Lowers risk,-0.724,Proactive check-in call,843,6,31.05,5.82,25-48m
7129-CAKJW,xgb_churn_v2,2026-10-05T08:55:20.366037+00:00,0.1875,Low,0,South,partner,41,Female,Basic,Month-to-month,80.05,17,Feature adoption,Engagement,Lowers risk,-1.6697,Usage trend,Engagement,Raises risk,0.4447,Month-to-month contract,Plan & Billing,Raises risk,0.4412,Proactive check-in call,844,6,80.05,15.01,13-24m
1452-XRSJV,xgb_churn_v2,2026-10-05T08:55:20.366037+00:00,0.1875,Low,0,West,social,35,Female,Basic,Month-to-month,51.05,39,Feature adoption,Engagement,Lowers risk,-0.7609,Customer tenure,Tenure,Lowers risk,-0.4705,Month-to-month contract,Plan & Billing,Raises risk,0.429,Offer annual-contract incentive,845,6,51.05,9.57,25-48m
1545-ACTAS,xgb_churn_v2,2026-10-05T08:55:20.366037+00:00,0.1875,Low,0,South,social,28,Female,Standard,One year,99.7,48,Month-to-month contract,Plan & Billing,Lowers risk,-0.7925,Monthly charge,Plan & Billing,Raises risk,0.685,Customer tenure,Tenure,Lowers risk,-0.5651,Price-fit review / bundle offer,846,6,99.7,18.69,25-48m
7839-QRKXN,xgb_churn_v2,2026-10-05T08:55:20.366037+00:00,0.1875,Low,1,Central,social,56,Female,Basic,Month-to-month,20.2,1,Customer tenure,Tenure,Raises risk,1.4227,Monthly charge,Plan & Billing,Lowers risk,-0.9307,Amount paid (90d),Payments,Lowers risk,-0.4624,Early-life onboarding call,847,6,20.2,3.79,0-6m
0274-JKUJR,xgb_churn_v2,2026-10-05T08:55:20.366037+00:00,0.1875,Low,0,South,organic,36,Male,Basic,Month-to-month,58.85,7,Feature adoption,Engagement,Lowers risk,-0.6945,Days since last active,Engagement,Raises risk,0.4984,Monthly charge,Plan & Billing,Lowers risk,-0.4384,Proactive check-in call,848,6,58.85,11.03,7-12m
8901-HJXTF,xgb_churn_v2,2026-10-05T08:55:20.366037+00:00,0.1875,Low,1,Central,paid_search,43,Female,Basic,Month-to-month,29.2,12,Session count,Engagement,Lowers risk,-0.7999,Failed payments (90d),Payments,Raises risk,0.6848,Amount paid (90d),Payments,Lowers risk,-0.6294,Payment recovery + switch to auto-pay,849,6,29.2,5.48,7-12m
0531-ZZJWQ,xgb_churn_v2,2026-10-05T08:55:20.366037+00:00,0.1875,Low,0,West,paid_search,61,Male,Basic,Month-to-month,74.0,55,Customer age,Demographic,Raises risk,0.687,Feature adoption,Engagement,Lowers risk,-0.6773,Customer tenure,Tenure,Lowers risk,-0.6655,General retention check-in,850,6,74.0,13.88,49m+
0696-UKTOX,xgb_churn_v2,2026-10-05T08:55:20.366037+00:00,0.1875,Low,0,West,partner,42,Male,Basic,Month-to-month,54.15,23,Feature adoption,Engagement,Lowers risk,-0.5408,Days since last active,Engagement,Raises risk,0.5124,Failed payments (90d),Payments,Lowers risk,-0.437,Proactive check-in call,851,6,54.15,10.15,13-24m
1029-QFBEN,xgb_churn_v2,2026-10-05T08:55:20.366037+00:00,0.1875,Low,1,West,organic,22,Male,Basic,Month-to-month,19.55,1,Customer tenure,Tenure,Raises risk,1.263,Monthly charge,Plan & Billing,Lowers risk,-0.9632,Session minutes,Engagement,Lowers risk,-0.6818,Early-life onboarding call,852,6,19.55,3.67,0-6m
1004-NOZNR,xgb_churn_v2,2026-10-05T08:55:20.366037+00:00,0.1875,Low,0,East,paid_search,60,Male,Standard,One year,94.8,56,Month-to-month contract,Plan & Billing,Lowers risk,-0.9582,Customer tenure,Tenure,Lowers risk,-0.6139,Customer age,Demographic,Raises risk,0.608,General retention check-in,853,7,94.8,17.77,49m+
9494-MRNYX,xgb_churn_v2,2026-10-05T08:55:20.366037+00:00,0.1875,Low,0,West,partner,53,Male,Basic,Month-to-month,75.05,10,Usage trend,Engagement,Lowers risk,-0.7176,Feature adoption,Engagement,Lowers risk,-0.5659,Month-to-month contract,Plan & Billing,Raises risk,0.4854,Offer annual-contract incentive,854,7,75.05,14.07,7-12m
1452-KIOVK,xgb_churn_v2,2026-10-05T08:55:20.366037+00:00,0.1875,Low,0,North,social,40,Male,Basic,Month-to-month,89.1,22,Usage trend,Engagement,Lowers risk,-0.8529,Month-to-month contract,Plan & Billing,Raises risk,0.4795,Failed payments (90d),Payments,Lowers risk,-0.357,Offer annual-contract incentive,855,7,89.1,16.71,13-24m
7208-PSIHR,xgb_churn_v2,2026-10-05T08:55:20.366037+00:00,0.1875,Low,0,Central,referral,34,Female,Pro,Two year,104.3,70,Month-to-month contract,Plan & Billing,Lowers risk,-0.8932,Customer tenure,Tenure,Lowers risk,-0.8787,Open support tickets,Support,Raises risk,0.6866,Escalate to retention specialist,856,7,104.3,19.56,49m+
7176-WRTNX,xgb_churn_v2,2026-10-05T08:55:20.366037+00:00,0.1875,Low,0,Central,partner,26,Male,Pro,Two year,114.95,70,Customer tenure,Tenure,Lowers risk,-0.905,Month-to-month contract,Plan & Billing,Lowers risk,-0.7834,Open support tickets,Support,Raises risk,0.6492,Escalate to retention specialist,857,7,114.95,21.55,49m+
1064-FBXNK,xgb_churn_v2,2026-10-05T08:55:20.366037+00:00,0.1875,Low,0,North,paid_search,31,Male,Standard,One year,19.85,1,Customer tenure,Tenure,Raises risk,1.0818,Month-to-month contract,Plan & Billing,Lowers risk,-1.0476,Monthly charge,Plan & Billing,Lowers risk,-0.9165,Early-life onboarding call,858,7,19.85,3.72,0-6m
5117-IFGPS,xgb_churn_v2,2026-10-05T08:55:20.366037+00:00,0.1875,Low,0,South,paid_search,61,Male,Basic,Month-to-month,84.3,29,Usage trend,Engagement,Lowers risk,-0.7689,Customer age,Demographic,Raises risk,0.5533,Customer tenure,Tenure,Lowers risk,-0.5244,General retention check-in,859,7,84.3,15.81,25-48m
0048-LUMLS,xgb_churn_v2,2026-10-05T08:55:20.366037+00:00,0.1875,Low,0,Central,paid_search,25,Male,Standard,One year,91.2,37,Feature adoption,Engagement,Lowers risk,-1.0253,Month-to-month contract,Plan & Billing,Lowers risk,-0.8864,Usage trend,Engagement,Raises risk,0.8688,Proactive check-in call,860,7,91.2,17.1,25-48m
1395-OFUWC,xgb_churn_v2,2026-10-05T08:55:20.366037+00:00,0.1875,Low,0,West,referral,34,Male,Basic,Month-to-month,29.3,43,Customer tenure,Tenure,Lowers risk,-0.6179,Month-to-month contract,Plan & Billing,Raises risk,0.4582,Monthly charge,Plan & Billing,Lowers risk,-0.3486,Offer annual-contract incentive,861,7,29.3,5.49,25-48m
5701-ZIKJE,xgb_churn_v2,2026-10-05T08:55:20.366037+00:00,0.1875,Low,0,North,paid_search,42,Male,Basic,Month-to-month,50.55,13,Feature adoption,Engagement,Raises risk,0.7282,Session minutes,Engagement,Lowers risk,-0.6073,Month-to-month contract,Plan & Billing,Raises risk,0.4376,Proactive feature walkthrough,862,7,50.55,9.48,13-24m
8148-BPLZQ,xgb_churn_v2,2026-10-05T08:55:20.366037+00:00,0.1875,Low,0,East,partner,34,Male,Basic,Month-to-month,49.8,34,Feature adoption,Engagement,Lowers risk,-1.0084,Days since last active,Engagement,Raises risk,0.4599,Month-to-month contract,Plan & Billing,Raises risk,0.4348,Proactive check-in call,863,7,49.8,9.34,25-48m
5844-QVTAT,xgb_churn_v2,2026-10-05T08:55:20.366037+00:00,0.1875,Low,0,South,organic,22,Female,Standard,One year,58.45,33,Usage trend,Engagement,Raises risk,0.8895,Month-to-month contract,Plan & Billing,Lowers risk,-0.7844,Days since last active,Engagement,Raises risk,0.6001,Proactive check-in call,864,7,58.45,10.96,25-48m
1134-YWTYF,xgb_churn_v2,2026-10-05T08:55:20.366037+00:00,0.1875,Low,0,North,social,45,Male,Basic,Month-to-month,53.8,27,Feature adoption,Engagement,Lowers risk,-0.7357,Days since last active,Engagement,Raises risk,0.515,Month-to-month contract,Plan & Billing,Raises risk,0.4362,Proactive check-in call,865,7,53.8,10.09,25-48m
6345-ULYRW,xgb_churn_v2,2026-10-05T08:55:20.366037+00:00,0.1875,Low,1,South,paid_search,70,Male,Standard,One year,88.4,44,Month-to-month contract,Plan & Billing,Lowers risk,-0.8919,Customer tenure,Tenure,Lowers risk,-0.5448,Session minutes,Engagement,Raises risk,0.4096,Proactive feature walkthrough,866,7,88.4,16.58,25-48m
7632-MNYOY,xgb_churn_v2,2026-10-05T08:55:20.366037+00:00,0.1875,Low,1,Central,paid_search,65,Male,Standard,One year,110.9,66,Customer tenure,Tenure,Lowers risk,-1.0168,Feature adoption,Engagement,Lowers risk,-0.8963,Failed payments (90d),Payments,Raises risk,0.6542,Payment recovery + switch to auto-pay,867,7,110.9,20.79,49m+
8049-WJCLQ,xgb_churn_v2,2026-10-05T08:55:20.366037+00:00,0.18749999,Low,0,East,paid_search,44,Male,Basic,Month-to-month,60.2,10,Feature adoption,Engagement,Lowers risk,-0.5298,Monthly charge,Plan & Billing,Lowers risk,-0.4393,Month-to-month contract,Plan & Billing,Raises risk,0.4268,Offer annual-contract incentive,868,7,60.2,11.29,7-12m
3160-TYXLT,xgb_churn_v2,2026-10-05T08:55:20.366037+00:00,0.18739556,Low,0,East,organic,32,Male,Basic,Month-to-month,46.3,53,Customer tenure,Tenure,Lowers risk,-0.6454,Days since last active,Engagement,Raises risk,0.447,Month-to-month contract,Plan & Billing,Raises risk,0.4189,Proactive check-in call,869,7,46.3,8.68,49m+
7130-YXBRO,xgb_churn_v2,2026-10-05T08:55:20.366037+00:00,0.18717812,Low,0,Central,paid_search,47,Male,Basic,Month-to-month,111.45,48,Feature adoption,Engagement,Lowers risk,-0.7975,Customer tenure,Tenure,Lowers risk,-0.6488,Failed payments (90d),Payments,Lowers risk,-0.3552,General retention check-in,870,7,111.45,20.86,25-48m
8610-WFCJF,xgb_churn_v2,2026-10-05T08:55:20.366037+00:00,0.18533002,Low,1,East,paid_search,53,Female,Basic,Month-to-month,95.6,49,Customer tenure,Tenure,Lowers risk,-0.7342,Usage trend,Engagement,Lowers risk,-0.7215,Monthly charge,Plan & Billing,Raises risk,0.5259,Price-fit review / bundle offer,871,7,95.6,17.72,49m+
5067-XJQFU,xgb_churn_v2,2026-10-05T08:55:20.366037+00:00,0.18500802,Low,0,South,social,63,Male,Standard,One year,108.45,66,Month-to-month contract,Plan & Billing,Lowers risk,-0.7754,Customer tenure,Tenure,Lowers risk,-0.6987,Monthly charge,Plan & Billing,Raises risk,0.5898,Price-fit review / bundle offer,872,7,108.45,20.06,49m+
2316-ESMLS,xgb_churn_v2,2026-10-05T08:55:20.366037+00:00,0.18420945,Low,0,South,paid_search,29,Female,Standard,One year,33.15,12,Month-to-month contract,Plan & Billing,Lowers risk,-0.974,Feature adoption,Engagement,Lowers risk,-0.8058,Failed payments (90d),Payments,Raises risk,0.5993,Payment recovery + switch to auto-pay,873,7,33.15,6.11,7-12m
5651-CRHKQ,xgb_churn_v2,2026-10-05T08:55:20.366037+00:00,0.18330726,Low,0,West,partner,50,Female,Standard,One year,86.2,41,Usage trend,Engagement,Raises risk,0.8719,Month-to-month contract,Plan & Billing,Lowers risk,-0.8645,Customer tenure,Tenure,Lowers risk,-0.675,Proactive check-in call,874,7,86.2,15.8,25-48m
7233-DRTRF,xgb_churn_v2,2026-10-05T08:55:20.366037+00:00,0.1819546,Low,0,West,paid_search,33,Male,Basic,Month-to-month,102.4,63,Customer tenure,Tenure,Lowers risk,-0.973,Feature adoption,Engagement,Lowers risk,-0.5593,Monthly charge,Plan & Billing,Raises risk,0.5469,Price-fit review / bundle offer,875,7,102.4,18.63,49m+
9053-JZFKV,xgb_churn_v2,2026-10-05T08:55:20.366037+00:00,0.18181819,Low,1,South,referral,51,Male,Pro,Two year,116.2,67,Customer tenure,Tenure,Lowers risk,-0.8717,Month-to-month contract,Plan & Billing,Lowers risk,-0.806,Feature adoption,Engagement,Raises risk,0.767,Proactive feature walkthrough,876,7,116.2,21.13,49m+
1480-IVEVR,xgb_churn_v2,2026-10-05T08:55:20.366037+00:00,0.18181819,Low,0,North,organic,60,Male,Standard,One year,81.6,35,Month-to-month contract,Plan & Billing,Lowers risk,-0.927,Customer age,Demographic,Raises risk,0.6423,Customer tenure,Tenure,Lowers risk,-0.4544,General retention check-in,877,7,81.6,14.84,25-48m
1036-GUDCL,xgb_churn_v2,2026-10-05T08:55:20.366037+00:00,0.18181819,Low,0,East,partner,23,Male,Basic,Month-to-month,79.05,60,Customer tenure,Tenure,Lowers risk,-0.9934,Days since last active,Engagement,Raises risk,0.511,Month-to-month contract,Plan & Billing,Raises risk,0.4334,Proactive check-in call,878,7,79.05,14.37,49m+
3594-UVONA,xgb_churn_v2,2026-10-05T08:55:20.366037+00:00,0.18181819,Low,1,North,organic,49,Female,Standard,One year,85.95,35,Month-to-month contract,Plan & Billing,Lowers risk,-0.8747,Feature adoption,Engagement,Raises risk,0.8275,Customer tenure,Tenure,Lowers risk,-0.3051,Proactive feature walkthrough,879,7,85.95,15.63,25-48m
2748-MYRVK,xgb_churn_v2,2026-10-05T08:55:20.366037+00:00,0.18181819,Low,1,West,organic,51,Female,Standard,One year,99.9,63,Customer tenure,Tenure,Lowers risk,-1.1734,Monthly charge,Plan & Billing,Raises risk,0.8121,Month-to-month contract,Plan & Billing,Lowers risk,-0.7082,Price-fit review / bundle offer,880,7,99.9,18.16,49m+
1623-NLDOT,xgb_churn_v2,2026-10-05T08:55:20.366037+00:00,0.18181819,Low,1,North,paid_search,31,Female,Standard,One year,33.55,42,Month-to-month contract,Plan & Billing,Lowers risk,-0.8625,Customer tenure,Tenure,Lowers risk,-0.5286,Session count,Engagement,Raises risk,0.4205,Proactive feature walkthrough,881,7,33.55,6.1,25-48m
1818-ESQMW,xgb_churn_v2,2026-10-05T08:55:20.366037+00:00,0.18181819,Low,0,South,social,41,Female,Basic,Month-to-month,89.2,27,Feature adoption,Engagement,Lowers risk,-0.5614,Month-to-month contract,Plan & Billing,Raises risk,0.4567,Customer tenure,Tenure,Lowers risk,-0.4281,Offer annual-contract incentive,882,7,89.2,16.22,25-48m
4119-ZYPZY,xgb_churn_v2,2026-10-05T08:55:20.366037+00:00,0.18181819,Low,0,Central,referral,61,Male,Pro,Two year,106.8,71,Customer tenure,Tenure,Lowers risk,-1.2928,Month-to-month contract,Plan & Billing,Lowers risk,-0.7869,Usage trend,Engagement,Raises risk,0.7522,Proactive check-in call,883,7,106.8,19.42,49m+
6734-FQAJX,xgb_churn_v2,2026-10-05T08:55:20.366037+00:00,0.18181819,Low,0,North,partner,61,Male,Pro,Two year,105.05,67,Month-to-month contract,Plan & Billing,Lowers risk,-0.871,Customer tenure,Tenure,Lowers risk,-0.8501,Monthly charge,Plan & Billing,Raises risk,0.7095,Price-fit review / bundle offer,884,7,105.05,19.1,49m+
4160-AMJTL,xgb_churn_v2,2026-10-05T08:55:20.366037+00:00,0.18181819,Low,1,East,paid_search,71,Female,Basic,Month-to-month,19.65,8,Monthly charge,Plan & Billing,Lowers risk,-1.0296,Amount paid (90d),Payments,Lowers risk,-0.6405,Feature adoption,Engagement,Raises risk,0.4409,Proactive feature walkthrough,885,7,19.65,3.57,7-12m
7396-VJUZB,xgb_churn_v2,2026-10-05T08:55:20.366037+00:00,0.18181819,Low,0,West,social,25,Male,Basic,Month-to-month,45.25,4,Session minutes,Engagement,Lowers risk,-0.5705,Days since last active,Engagement,Raises risk,0.5046,Feature adoption,Engagement,Lowers risk,-0.4401,Proactive check-in call,886,7,45.25,8.23,0-6m
3541-ZNUHK,xgb_churn_v2,2026-10-05T08:55:20.366037+00:00,0.18181819,Low,0,South,partner,47,Female,Basic,Month-to-month,85.1,55,Customer tenure,Tenure,Lowers risk,-0.7841,Feature adoption,Engagement,Lowers risk,-0.4523,Month-to-month contract,Plan & Billing,Raises risk,0.4434,Offer annual-contract incentive,887,7,85.1,15.47,49m+
1049-FYSYG,xgb_churn_v2,2026-10-05T08:55:20.366037+00:00,0.18181819,Low,0,East,paid_search,55,Female,Basic,Month-to-month,35.65,17,Feature adoption,Engagement,Lowers risk,-0.7426,Month-to-month contract,Plan & Billing,Raises risk,0.4247,Failed payments (90d),Payments,Lowers risk,-0.3402,Offer annual-contract incentive,888,7,35.65,6.48,13-24m
5018-LXQQG,xgb_churn_v2,2026-10-05T08:55:20.366037+00:00,0.18181819,Low,0,North,referral,35,Female,Basic,Month-to-month,66.3,30,Open support tickets,Support,Raises risk,0.4813,Customer tenure,Tenure,Lowers risk,-0.4704,Days since last active,Engagement,Raises risk,0.4404,Escalate to retention specialist,889,7,66.3,12.05,25-48m
4544-RXFMG,xgb_churn_v2,2026-10-05T08:55:20.366037+00:00,0.18181819,Low,0,East,partner,51,Male,Standard,One year,43.45,8,Month-to-month contract,Plan & Billing,Lowers risk,-0.8877,Feature adoption,Engagement,Lowers risk,-0.4696,Days since last active,Engagement,Raises risk,0.4618,Proactive check-in call,890,7,43.45,7.9,7-12m
0480-BIXDE,xgb_churn_v2,2026-10-05T08:55:20.366037+00:00,0.18181819,Low,0,East,paid_search,42,Female,Basic,Month-to-month,96.8,19,Usage trend,Engagement,Lowers risk,-0.7615,Feature adoption,Engagement,Lowers risk,-0.6422,Monthly charge,Plan & Billing,Raises risk,0.5866,Price-fit review / bundle offer,891,7,96.8,17.6,13-24m
7594-LZNWR,xgb_churn_v2,2026-10-05T08:55:20.366037+00:00,0.18181819,Low,0,South,referral,61,Male,Basic,Month-to-month,69.15,34,Feature adoption,Engagement,Lowers risk,-1.1075,Customer age,Demographic,Raises risk,0.6386,Month-to-month contract,Plan & Billing,Raises risk,0.4257,Offer annual-contract incentive,892,7,69.15,12.57,25-48m
5868-YTYKS,xgb_churn_v2,2026-10-05T08:55:20.366037+00:00,0.18181819,Low,0,South,referral,36,Male,Basic,Month-to-month,20.25,1,Customer tenure,Tenure,Raises risk,1.1602,Monthly charge,Plan & Billing,Lowers risk,-1.0248,Feature adoption,Engagement,Lowers risk,-0.9039,Early-life onboarding call,893,7,20.25,3.68,0-6m
8741-LQOBK,xgb_churn_v2,2026-10-05T08:55:20.366037+00:00,0.18181819,Low,0,North,paid_search,43,Female,Basic,Month-to-month,35.05,46,Customer tenure,Tenure,Lowers risk,-0.621,Feature adoption,Engagement,Lowers risk,-0.5153,Days since last active,Engagement,Raises risk,0.434,Proactive check-in call,894,7,35.05,6.37,25-48m
9894-QMIMJ,xgb_churn_v2,2026-10-05T08:55:20.366037+00:00,0.18181819,Low,0,West,social,27,Female,Standard,One year,55.8,23,Usage trend,Engagement,Raises risk,1.0585,Month-to-month contract,Plan & Billing,Lowers risk,-0.8188,Days since last active,Engagement,Raises risk,0.4842,Proactive check-in call,895,7,55.8,10.15,13-24m
1101-SSWAG,xgb_churn_v2,2026-10-05T08:55:20.366037+00:00,0.18181819,Low,0,Central,referral,22,Female,Basic,Month-to-month,51.1,15,Session count,Engagement,Lowers risk,-0.8103,Feature adoption,Engagement,Lowers risk,-0.5444,Days since last active,Engagement,Raises risk,0.5368,Proactive check-in call,896,7,51.1,9.29,13-24m
8627-EHGIP,xgb_churn_v2,2026-10-05T08:55:20.366037+00:00,0.18181819,Low,1,Central,paid_search,43,Male,Standard,One year,53.95,44,Feature adoption,Engagement,Lowers risk,-0.7404,Month-to-month contract,Plan & Billing,Lowers risk,-0.705,Usage trend,Engagement,Raises risk,0.6686,Proactive check-in call,897,7,53.95,9.81,25-48m
8378-LKJAF,xgb_churn_v2,2026-10-05T08:55:20.366037+00:00,0.18181819,Low,0,South,paid_search,34,Male,Basic,Month-to-month,101.15,38,Feature adoption,Engagement,Lowers risk,-0.8782,Monthly charge,Plan & Billing,Raises risk,0.5797,Customer tenure,Tenure,Lowers risk,-0.5286,Price-fit review / bundle offer,898,7,101.15,18.39,25-48m
2455-USLMV,xgb_churn_v2,2026-10-05T08:55:20.366037+00:00,0.18181819,Low,0,West,organic,25,Female,Basic,Month-to-month,84.75,31,Feature adoption,Engagement,Lowers risk,-0.6256,Customer tenure,Tenure,Lowers risk,-0.5124,Days since last active,Engagement,Raises risk,0.4884,Proactive check-in call,899,7,84.75,15.41,25-48m
8631-NBHFZ,xgb_churn_v2,2026-10-05T08:55:20.366037+00:00,0.18181819,Low,1,North,partner,68,Male,Pro,Two year,79.4,66,Month-to-month contract,Plan & Billing,Lowers risk,-1.1168,Customer tenure,Tenure,Lowers risk,-0.9328,Two-year contract,Plan & Billing,Lowers risk,-0.5281,General retention check-in,900,7,79.4,14.44,49m+
4726-DLWQN,xgb_churn_v2,2026-10-05T08:55:20.366037+00:00,0.18181819,Low,0,South,organic,62,Male,Basic,Month-to-month,70.35,50,Customer tenure,Tenure,Lowers risk,-0.7684,Customer age,Demographic,Raises risk,0.5982,Month-to-month contract,Plan & Billing,Raises risk,0.4526,Offer annual-contract incentive,901,7,70.35,12.79,49m+
2359-KLTEK,xgb_churn_v2,2026-10-05T08:55:20.366037+00:00,0.18181819,Low,0,Central,referral,33,Female,Basic,Month-to-month,94.9,41,Customer tenure,Tenure,Lowers risk,-0.6242,Days since last active,Engagement,Raises risk,0.5267,Month-to-month contract,Plan & Billing,Raises risk,0.4107,Proactive check-in call,902,7,94.9,17.25,25-48m
2659-VXMWZ,xgb_churn_v2,2026-10-05T08:55:20.366037+00:00,0.18181819,Low,1,West,partner,55,Male,Standard,One year,111.3,67,Month-to-month contract,Plan & Billing,Lowers risk,-0.7985,Customer tenure,Tenure,Lowers risk,-0.7772,Session minutes,Engagement,Lowers risk,-0.5779,General retention check-in,903,7,111.3,20.24,49m+
7611-YKYTC,xgb_churn_v2,2026-10-05T08:55:20.366037+00:00,0.18181819,Low,0,West,social,30,Male,Basic,Month-to-month,75.0,22,Feature adoption,Engagement,Lowers risk,-0.5867,Days since last active,Engagement,Raises risk,0.5268,Month-to-month contract,Plan & Billing,Raises risk,0.4452,Proactive check-in call,904,7,75.0,13.64,13-24m
8562-GHPPI,xgb_churn_v2,2026-10-05T08:55:20.366037+00:00,0.18181819,Low,0,Central,social,32,Female,Basic,Month-to-month,19.8,1,Customer tenure,Tenure,Raises risk,1.3823,Monthly charge,Plan & Billing,Lowers risk,-0.8601,Session count,Engagement,Lowers risk,-0.6207,Early-life onboarding call,905,7,19.8,3.6,0-6m
1485-YDHMM,xgb_churn_v2,2026-10-05T08:55:20.366037+00:00,0.18181819,Low,0,Central,organic,49,Male,Basic,Month-to-month,93.25,52,Customer tenure,Tenure,Lowers risk,-0.8736,Feature adoption,Engagement,Lowers risk,-0.4966,Month-to-month contract,Plan & Billing,Raises risk,0.4277,Offer annual-contract incentive,906,7,93.25,16.95,49m+
1163-ONYEY,xgb_churn_v2,2026-10-05T08:55:20.366037+00:00,0.18181819,Low,0,Central,paid_search,50,Male,Basic,Month-to-month,74.55,41,Customer tenure,Tenure,Lowers risk,-0.6639,Session minutes,Engagement,Lowers risk,-0.5018,Month-to-month contract,Plan & Billing,Raises risk,0.4553,Offer annual-contract incentive,907,7,74.55,13.55,25-48m
9921-QFQUL,xgb_churn_v2,2026-10-05T08:55:20.366037+00:00,0.18181819,Low,0,Central,social,56,Female,Basic,Month-to-month,90.15,23,Usage trend,Engagement,Lowers risk,-0.7824,Feature adoption,Engagement,Lowers risk,-0.6425,Session minutes,Engagement,Lowers risk,-0.4084,General retention check-in,908,7,90.15,16.39,13-24m
0177-PXBAT,xgb_churn_v2,2026-10-05T08:55:20.366037+00:00,0.18181819,Low,0,North,paid_search,60,Male,Basic,Month-to-month,109.9,33,Session count,Engagement,Lowers risk,-0.9737,Customer age,Demographic,Raises risk,0.5248,Customer tenure,Tenure,Lowers risk,-0.4718,General retention check-in,909,7,109.9,19.98,25-48m
0620-XEFWH,xgb_churn_v2,2026-10-05T08:55:20.366037+00:00,0.18181817,Low,0,South,social,22,Male,Basic,Month-to-month,18.85,4,Monthly charge,Plan & Billing,Lowers risk,-1.2333,Amount paid (90d),Payments,Lowers risk,-0.7907,Month-to-month contract,Plan & Billing,Raises risk,0.4542,Offer annual-contract incentive,910,7,18.85,3.43,0-6m
7083-YNSKY,xgb_churn_v2,2026-10-05T08:55:20.366037+00:00,0.1794872,Low,1,North,referral,44,Female,Basic,Month-to-month,25.4,15,Monthly charge,Plan & Billing,Lowers risk,-0.6371,Month-to-month contract,Plan & Billing,Raises risk,0.4415,Failed payments (90d),Payments,Lowers risk,-0.3569,Offer annual-contract incentive,911,7,25.4,4.56,13-24m
0285-INHLN,xgb_churn_v2,2026-10-05T08:55:20.366037+00:00,0.1794872,Low,0,Central,social,54,Male,Basic,Month-to-month,54.75,27,Feature adoption,Engagement,Lowers risk,-0.6299,Days since last active,Engagement,Raises risk,0.4906,Customer tenure,Tenure,Lowers risk,-0.4524,Proactive check-in call,912,7,54.75,9.83,25-48m
8229-BUJHX,xgb_churn_v2,2026-10-05T08:55:20.366037+00:00,0.1794872,Low,0,South,paid_search,22,Female,Pro,Two year,20.5,71,Customer tenure,Tenure,Lowers risk,-1.1294,Month-to-month contract,Plan & Billing,Lowers risk,-0.9417,Monthly charge,Plan & Billing,Lowers risk,-0.7917,General retention check-in,913,7,20.5,3.68,49m+
4328-VUFWD,xgb_churn_v2,2026-10-05T08:55:20.366037+00:00,0.1794872,Low,0,East,referral,50,Female,Standard,One year,59.3,39,Month-to-month contract,Plan & Billing,Lowers risk,-0.9619,Monthly charge,Plan & Billing,Lowers risk,-0.3674,Customer tenure,Tenure,Lowers risk,-0.3222,General retention check-in,914,7,59.3,10.64,25-48m
7633-MVPUY,xgb_churn_v2,2026-10-05T08:55:20.366037+00:00,0.1794872,Low,0,Central,organic,54,Male,Pro,Two year,59.75,57,Feature adoption,Engagement,Raises risk,0.8468,Month-to-month contract,Plan & Billing,Lowers risk,-0.8215,Session minutes,Engagement,Lowers risk,-0.6927,Proactive feature walkthrough,915,7,59.75,10.72,49m+
6388-TABGU,xgb_churn_v2,2026-10-05T08:55:20.366037+00:00,0.17948718,Low,0,South,paid_search,47,Male,Standard,One year,56.15,62,Month-to-month contract,Plan & Billing,Lowers risk,-0.863,Customer tenure,Tenure,Lowers risk,-0.7438,Open support tickets,Support,Raises risk,0.5605,Escalate to retention specialist,916,7,56.15,10.08,49m+
0036-IHMOT,xgb_churn_v2,2026-10-05T08:55:20.366037+00:00,0.17948718,Low,0,South,social,46,Female,Standard,One year,103.7,55,Feature adoption,Engagement,Lowers risk,-1.3346,Monthly charge,Plan & Billing,Raises risk,0.8831,Month-to-month contract,Plan & Billing,Lowers risk,-0.6958,Price-fit review / bundle offer,917,7,103.7,18.61,49m+
6655-LHBYW,xgb_churn_v2,2026-10-05T08:55:20.366037+00:00,0.17948718,Low,0,East,partner,50,Male,Standard,One year,114.35,50,Month-to-month contract,Plan & Billing,Lowers risk,-0.847,Customer tenure,Tenure,Lowers risk,-0.468,Failed payments (90d),Payments,Lowers risk,-0.2887,General retention check-in,918,7,114.35,20.52,49m+
0112-QWPNC,xgb_churn_v2,2026-10-05T08:55:20.366037+00:00,0.17948718,Low,1,Central,partner,25,Male,Standard,One year,84.35,49,Month-to-month contract,Plan & Billing,Lowers risk,-1.0151,Customer tenure,Tenure,Lowers risk,-0.7296,Failed payments (90d),Payments,Raises risk,0.5941,Payment recovery + switch to auto-pay,919,7,84.35,15.14,49m+
9154-QDGTH,xgb_churn_v2,2026-10-05T08:55:20.366037+00:00,0.17948718,Low,0,South,organic,48,Male,Standard,One year,104.3,43,Session count,Engagement,Lowers risk,-0.8607,Month-to-month contract,Plan & Billing,Lowers risk,-0.8223,Monthly charge,Plan & Billing,Raises risk,0.8042,Price-fit review / bundle offer,920,7,104.3,18.72,25-48m
2972-YDYUW,xgb_churn_v2,2026-10-05T08:55:20.366037+00:00,0.17948718,Low,0,South,organic,22,Female,Standard,One year,94.7,57,Month-to-month contract,Plan & Billing,Lowers risk,-0.819,Customer tenure,Tenure,Lowers risk,-0.7142,Open support tickets,Support,Raises risk,0.3704,Escalate to retention specialist,921,7,94.7,17.0,49m+
4942-VZZOM,xgb_churn_v2,2026-10-05T08:55:20.366037+00:00,0.17948718,Low,0,East,social,37,Male,Standard,One year,66.15,64,Month-to-month contract,Plan & Billing,Lowers risk,-0.9332,Customer tenure,Tenure,Lowers risk,-0.7852,Feature adoption,Engagement,Raises risk,0.3943,Proactive feature walkthrough,922,7,66.15,11.87,49m+
2436-QBZFP,xgb_churn_v2,2026-10-05T08:55:20.366037+00:00,0.17948718,Low,0,West,social,22,Female,Basic,Month-to-month,39.2,22,Feature adoption,Engagement,Lowers risk,-1.0877,Days since last active,Engagement,Raises risk,0.5406,Month-to-month contract,Plan & Billing,Raises risk,0.4239,Proactive check-in call,923,7,39.2,7.04,13-24m
2792-VPPET,xgb_churn_v2,2026-10-05T08:55:20.366037+00:00,0.17948718,Low,0,East,partner,50,Male,Basic,Month-to-month,20.5,3,Monthly charge,Plan & Billing,Lowers risk,-0.9971,Amount paid (90d),Payments,Lowers risk,-0.6506,Feature adoption,Engagement,Lowers risk,-0.4785,General retention check-in,924,7,20.5,3.68,0-6m
2428-ZMCTB,xgb_churn_v2,2026-10-05T08:55:20.366037+00:00,0.17948718,Low,0,North,referral,57,Male,Basic,Month-to-month,19.75,10,Monthly charge,Plan & Billing,Lowers risk,-1.1898,Usage trend,Engagement,Raises risk,0.7914,Amount paid (90d),Payments,Lowers risk,-0.656,Proactive check-in call,925,7,19.75,3.54,7-12m
6339-DKLMK,xgb_churn_v2,2026-10-05T08:55:20.366037+00:00,0.17948718,Low,0,East,partner,56,Female,Basic,Month-to-month,31.65,13,Feature adoption,Engagement,Lowers risk,-1.7759,Month-to-month contract,Plan & Billing,Raises risk,0.4364,Monthly charge,Plan & Billing,Lowers risk,-0.3466,Offer annual-contract incentive,926,7,31.65,5.68,13-24m
6214-EDAKZ,xgb_churn_v2,2026-10-05T08:55:20.366037+00:00,0.17948718,Low,1,West,organic,53,Female,Basic,Month-to-month,55.15,22,Session minutes,Engagement,Lowers risk,-0.5361,Month-to-month contract,Plan & Billing,Raises risk,0.3899,Days since last active,Engagement,Raises risk,0.3795,Offer annual-contract incentive,927,7,55.15,9.9,13-24m
7921-LMDFQ,xgb_churn_v2,2026-10-05T08:55:20.366037+00:00,0.17948718,Low,0,West,partner,60,Male,Standard,One year,94.0,51,Month-to-month contract,Plan & Billing,Lowers risk,-0.8234,Customer tenure,Tenure,Lowers risk,-0.746,Customer age,Demographic,Raises risk,0.6049,General retention check-in,928,7,94.0,16.87,49m+
8755-IWJHN,xgb_churn_v2,2026-10-05T08:55:20.366037+00:00,0.17948718,Low,0,West,social,61,Male,Basic,Month-to-month,95.35,69,Customer tenure,Tenure,Lowers risk,-1.0894,Session count,Engagement,Lowers risk,-1.0002,Customer age,Demographic,Raises risk,0.5401,General retention check-in,929,7,95.35,17.11,49m+
6778-EICRF,xgb_churn_v2,2026-10-05T08:55:20.366037+00:00,0.17948718,Low,0,South,referral,22,Male,Standard,One year,74.8,24,Month-to-month contract,Plan & Billing,Lowers risk,-0.846,Session minutes,Engagement,Lowers risk,-0.7178,Failed payments (90d),Payments,Raises risk,0.5999,Payment recovery + switch to auto-pay,930,7,74.8,13.43,13-24m
2219-MVUSO,xgb_churn_v2,2026-10-05T08:55:20.366037+00:00,0.17948718,Low,1,East,organic,45,Male,Basic,Month-to-month,45.15,8,Session minutes,Engagement,Lowers risk,-0.7652,Month-to-month contract,Plan & Billing,Raises risk,0.4524,Monthly charge,Plan & Billing,Lowers risk,-0.4354,Offer annual-contract incentive,931,7,45.15,8.1,7-12m
7909-FIOIY,xgb_churn_v2,2026-10-05T08:55:20.366037+00:00,0.17948718,Low,0,South,paid_search,58,Female,Basic,Month-to-month,24.85,19,Monthly charge,Plan & Billing,Lowers risk,-0.6913,Month-to-month contract,Plan & Billing,Raises risk,0.4352,Customer tenure,Tenure,Lowers risk,-0.3611,Offer annual-contract incentive,932,7,24.85,4.46,13-24m
8272-ONJLV,xgb_churn_v2,2026-10-05T08:55:20.366037+00:00,0.17948718,Low,0,North,paid_search,39,Male,Standard,One year,95.7,12,Month-to-month contract,Plan & Billing,Lowers risk,-0.8231,Monthly charge,Plan & Billing,Raises risk,0.702,Feature adoption,Engagement,Lowers risk,-0.6902,Price-fit review / bundle offer,933,7,95.7,17.18,7-12m
3424-NMNBO,xgb_churn_v2,2026-10-05T08:55:20.366037+00:00,0.17948718,Low,1,North,partner,64,Male,Standard,One year,108.85,58,Month-to-month contract,Plan & Billing,Lowers risk,-0.8007,Session count,Engagement,Lowers risk,-0.7487,Customer tenure,Tenure,Lowers risk,-0.4777,General retention check-in,934,7,108.85,19.54,49m+
7750-EYXWZ,xgb_churn_v2,2026-10-05T08:55:20.366037+00:00,0.17948718,Low,0,Central,paid_search,56,Female,Standard,One year,60.65,12,Month-to-month contract,Plan & Billing,Lowers risk,-0.8501,Days since last active,Engagement,Raises risk,0.583,Feature adoption,Engagement,Lowers risk,-0.542,Proactive check-in call,935,7,60.65,10.89,7-12m
3583-KRKMD,xgb_churn_v2,2026-10-05T08:55:20.366037+00:00,0.17948718,Low,0,West,referral,47,Male,Basic,Month-to-month,75.9,18,Month-to-month contract,Plan & Billing,Raises risk,0.4494,Failed payments (90d),Payments,Lowers risk,-0.3763,Feature adoption,Engagement,Lowers risk,-0.3532,Offer annual-contract incentive,936,7,75.9,13.62,13-24m
5687-DKDTV,xgb_churn_v2,2026-10-05T08:55:20.366037+00:00,0.17948718,Low,1,North,paid_search,27,Female,Basic,Month-to-month,20.35,4,Monthly charge,Plan & Billing,Lowers risk,-1.1743,Amount paid (90d),Payments,Lowers risk,-0.7102,Month-to-month contract,Plan & Billing,Raises risk,0.4637,Offer annual-contract incentive,937,7,20.35,3.65,0-6m
3675-EQOZA,xgb_churn_v2,2026-10-05T08:55:20.366037+00:00,0.17948718,Low,0,South,social,24,Male,Basic,Month-to-month,20.65,5,Monthly charge,Plan & Billing,Lowers risk,-1.0909,Amount paid (90d),Payments,Lowers risk,-0.6627,Month-to-month contract,Plan & Billing,Raises risk,0.4262,Offer annual-contract incentive,938,7,20.65,3.71,0-6m
4374-YMUSQ,xgb_churn_v2,2026-10-05T08:55:20.366037+00:00,0.17948718,Low,0,West,organic,57,Male,Standard,One year,116.25,34,Month-to-month contract,Plan & Billing,Lowers risk,-0.7129,Customer tenure,Tenure,Lowers risk,-0.3332,Failed payments (90d),Payments,Lowers risk,-0.3149,General retention check-in,939,7,116.25,20.87,25-48m
6806-YDEUL,xgb_churn_v2,2026-10-05T08:55:20.366037+00:00,0.17948718,Low,0,South,organic,62,Female,Basic,Month-to-month,19.5,6,Monthly charge,Plan & Billing,Lowers risk,-1.0877,Customer age,Demographic,Raises risk,0.7322,Usage trend,Engagement,Raises risk,0.6911,Proactive check-in call,940,7,19.5,3.5,0-6m
5315-CKEQK,xgb_churn_v2,2026-10-05T08:55:20.366037+00:00,0.17948718,Low,0,East,paid_search,62,Male,Standard,One year,51.0,28,Month-to-month contract,Plan & Billing,Lowers risk,-0.8316,Customer age,Demographic,Raises risk,0.6381,Monthly charge,Plan & Billing,Lowers risk,-0.3117,General retention check-in,941,7,51.0,9.15,25-48m
1784-BXEFA,xgb_churn_v2,2026-10-05T08:55:20.366037+00:00,0.17948718,Low,0,South,referral,24,Female,Basic,Month-to-month,20.55,10,Monthly charge,Plan & Billing,Lowers risk,-1.0681,Amount paid (90d),Payments,Lowers risk,-0.5304,Month-to-month contract,Plan & Billing,Raises risk,0.4388,Offer annual-contract incentive,942,7,20.55,3.69,7-12m
3865-ZYKAD,xgb_churn_v2,2026-10-05T08:55:20.366037+00:00,0.17948718,Low,0,Central,partner,61,Male,Basic,Month-to-month,84.9,69,Customer tenure,Tenure,Lowers risk,-1.1853,Customer age,Demographic,Raises risk,0.6147,Session minutes,Engagement,Lowers risk,-0.6043,General retention check-in,943,7,84.9,15.24,49m+
6035-RIIOM,xgb_churn_v2,2026-10-05T08:55:20.366037+00:00,0.17948718,Low,0,South,organic,54,Female,Pro,Two year,97.2,54,Feature adoption,Engagement,Lowers risk,-0.9187,Month-to-month contract,Plan & Billing,Lowers risk,-0.757,Monthly charge,Plan & Billing,Raises risk,0.6807,Price-fit review / bundle offer,944,7,97.2,17.45,49m+
6178-KFNHS,xgb_churn_v2,2026-10-05T08:55:20.366037+00:00,0.17948718,Low,1,West,social,27,Female,Basic,Month-to-month,78.3,12,Usage trend,Engagement,Lowers risk,-1.5322,Month-to-month contract,Plan & Billing,Raises risk,0.4813,Feature adoption,Engagement,Lowers risk,-0.4165,Offer annual-contract incentive,945,7,78.3,14.05,7-12m
3012-VFFMN,xgb_churn_v2,2026-10-05T08:55:20.366037+00:00,0.17948718,Low,0,West,referral,23,Female,Basic,Month-to-month,20.65,7,Monthly charge,Plan & Billing,Lowers risk,-1.1267,Amount paid (90d),Payments,Lowers risk,-0.597,Month-to-month contract,Plan & Billing,Raises risk,0.4216,Offer annual-contract incentive,946,7,20.65,3.71,7-12m
0516-OOHAR,xgb_churn_v2,2026-10-05T08:55:20.366037+00:00,0.17948718,Low,0,East,referral,33,Male,Standard,One year,100.35,28,Month-to-month contract,Plan & Billing,Lowers risk,-0.7274,Monthly charge,Plan & Billing,Raises risk,0.6954,Customer tenure,Tenure,Lowers risk,-0.3302,Price-fit review / bundle offer,947,7,100.35,18.01,25-48m
5206-XZZQI,xgb_churn_v2,2026-10-05T08:55:20.366037+00:00,0.17948718,Low,0,East,social,51,Male,Basic,Month-to-month,80.6,53,Customer tenure,Tenure,Lowers risk,-0.8628,Month-to-month contract,Plan & Billing,Raises risk,0.4639,Failed payments (90d),Payments,Lowers risk,-0.3379,Offer annual-contract incentive,948,7,80.6,14.47,49m+
8773-HHUOZ,xgb_churn_v2,2026-10-05T08:55:20.366037+00:00,0.17948718,Low,1,North,partner,44,Female,Basic,Month-to-month,64.7,17,Session count,Engagement,Lowers risk,-1.2394,Month-to-month contract,Plan & Billing,Raises risk,0.4425,Days since last active,Engagement,Raises risk,0.4065,Offer annual-contract incentive,949,7,64.7,11.61,13-24m
4404-HIBDJ,xgb_churn_v2,2026-10-05T08:55:20.366037+00:00,0.17948718,Low,1,East,social,39,Female,Standard,One year,74.3,25,Month-to-month contract,Plan & Billing,Lowers risk,-0.9275,Feature adoption,Engagement,Raises risk,0.9206,Usage trend,Engagement,Lowers risk,-0.2963,Proactive feature walkthrough,950,7,74.3,13.34,25-48m
7576-ASEJU,xgb_churn_v2,2026-10-05T08:55:20.366037+00:00,0.17948718,Low,0,North,referral,52,Female,Standard,One year,74.7,41,Month-to-month contract,Plan & Billing,Lowers risk,-0.889,Usage trend,Engagement,Raises risk,0.7638,Customer tenure,Tenure,Lowers risk,-0.4806,Proactive check-in call,951,7,74.7,13.41,25-48m
0373-AIVNJ,xgb_churn_v2,2026-10-05T08:55:20.366037+00:00,0.17948718,Low,0,West,paid_search,26,Male,Standard,One year,39.55,9,Month-to-month contract,Plan & Billing,Lowers risk,-0.9566,Failed payments (90d),Payments,Raises risk,0.5845,Monthly charge,Plan & Billing,Lowers risk,-0.4021,Payment recovery + switch to auto-pay,952,7,39.55,7.1,7-12m
3890-RTCMS,xgb_churn_v2,2026-10-05T08:55:20.366037+00:00,0.17948718,Low,0,Central,referral,23,Male,Basic,Month-to-month,49.45,16,Month-to-month contract,Plan & Billing,Raises risk,0.4001,Session minutes,Engagement,Lowers risk,-0.3511,Feature adoption,Engagement,Lowers risk,-0.3395,Offer annual-contract incentive,953,7,49.45,8.88,13-24m
4530-NDRKU,xgb_churn_v2,2026-10-05T08:55:20.366037+00:00,0.17948718,Low,0,South,social,25,Female,Standard,One year,19.05,42,Monthly charge,Plan & Billing,Lowers risk,-1.0911,Usage trend,Engagement,Raises risk,0.8357,Month-to-month contract,Plan & Billing,Lowers risk,-0.8274,Proactive check-in call,954,7,19.05,3.42,25-48m
9637-CDTKZ,xgb_churn_v2,2026-10-05T08:55:20.366037+00:00,0.17948718,Low,0,South,social,48,Male,Pro,Two year,114.1,72,Customer tenure,Tenure,Lowers risk,-1.7,Failed-payment ratio,Payments,Raises risk,1.2552,Failed payments (90d),Payments,Raises risk,1.0858,Payment recovery + switch to auto-pay,955,7,114.1,20.48,49m+
9152-AMKAK,xgb_churn_v2,2026-10-05T08:55:20.366037+00:00,0.17948718,Low,0,East,paid_search,54,Male,Pro,Two year,80.25,6,Month-to-month contract,Plan & Billing,Lowers risk,-1.0719,Customer tenure,Tenure,Raises risk,0.4999,Two-year contract,Plan & Billing,Lowers risk,-0.4725,Early-life onboarding call,956,7,80.25,14.4,0-6m
1121-QSIVB,xgb_churn_v2,2026-10-05T08:55:20.366037+00:00,0.17948718,Low,0,South,organic,56,Female,Standard,One year,77.55,44,Usage trend,Engagement,Raises risk,1.1236,Month-to-month contract,Plan & Billing,Lowers risk,-0.8568,Customer tenure,Tenure,Lowers risk,-0.6372,Proactive check-in call,957,7,77.55,13.92,25-48m
0639-TSIQW,xgb_churn_v2,2026-10-05T08:55:20.366037+00:00,0.17948718,Low,1,East,organic,54,Female,Basic,Month-to-month,102.95,67,Customer tenure,Tenure,Lowers risk,-1.1983,Monthly charge,Plan & Billing,Raises risk,0.5604,Month-to-month contract,Plan & Billing,Raises risk,0.3916,Price-fit review / bundle offer,958,7,102.95,18.48,49m+
8224-UAXBZ,xgb_churn_v2,2026-10-05T08:55:20.366037+00:00,0.17948718,Low,0,West,paid_search,24,Female,Standard,One year,45.35,58,Month-to-month contract,Plan & Billing,Lowers risk,-0.8331,Customer tenure,Tenure,Lowers risk,-0.5784,Feature adoption,Engagement,Lowers risk,-0.4921,General retention check-in,959,7,45.35,8.14,49m+
5240-CAOYT,xgb_churn_v2,2026-10-05T08:55:20.366037+00:00,0.17948718,Low,0,East,paid_search,39,Female,Basic,Month-to-month,87.55,57,Customer tenure,Tenure,Lowers risk,-0.839,Month-to-month contract,Plan & Billing,Raises risk,0.43,Feature adoption,Engagement,Lowers risk,-0.4214,Offer annual-contract incentive,960,7,87.55,15.71,49m+
3724-UCSHY,xgb_churn_v2,2026-10-05T08:55:20.366037+00:00,0.17948718,Low,0,South,paid_search,48,Male,Basic,Month-to-month,19.55,6,Monthly charge,Plan & Billing,Lowers risk,-1.3528,Amount paid (90d),Payments,Lowers risk,-0.6373,Session minutes,Engagement,Lowers risk,-0.4482,General retention check-in,961,7,19.55,3.51,0-6m
1187-WILMM,xgb_churn_v2,2026-10-05T08:55:20.366037+00:00,0.17948718,Low,0,West,organic,23,Male,Pro,Two year,89.4,63,Month-to-month contract,Plan & Billing,Lowers risk,-0.9694,Customer tenure,Tenure,Lowers risk,-0.9613,Feature adoption,Engagement,Lowers risk,-0.5796,General retention check-in,962,7,89.4,16.05,49m+
9308-ANMVE,xgb_churn_v2,2026-10-05T08:55:20.366037+00:00,0.17948718,Low,0,South,social,39,Male,Basic,Month-to-month,55.3,47,Feature adoption,Engagement,Lowers risk,-1.2955,Customer tenure,Tenure,Lowers risk,-0.6895,Month-to-month contract,Plan & Billing,Raises risk,0.4164,Offer annual-contract incentive,963,7,55.3,9.93,25-48m
2011-TRQYE,xgb_churn_v2,2026-10-05T08:55:20.366037+00:00,0.17948718,Low,1,Central,social,37,Male,Basic,Month-to-month,33.5,18,Feature adoption,Engagement,Lowers risk,-0.6167,Month-to-month contract,Plan & Billing,Raises risk,0.4223,Failed payments (90d),Payments,Lowers risk,-0.3662,Offer annual-contract incentive,964,7,33.5,6.01,13-24m
8707-RMEZH,xgb_churn_v2,2026-10-05T08:55:20.366037+00:00,0.17948717,Low,0,North,organic,61,Female,Standard,One year,87.3,69,Customer tenure,Tenure,Lowers risk,-1.1179,Month-to-month contract,Plan & Billing,Lowers risk,-0.8902,Feature adoption,Engagement,Lowers risk,-0.7099,General retention check-in,965,7,87.3,15.67,49m+
7868-TMWMZ,xgb_churn_v2,2026-10-05T08:55:20.366037+00:00,0.17948717,Low,0,Central,social,61,Female,Pro,Two year,110.0,60,Customer tenure,Tenure,Lowers risk,-0.8366,Month-to-month contract,Plan & Billing,Lowers risk,-0.7656,Customer age,Demographic,Raises risk,0.5092,General retention check-in,966,7,110.0,19.74,49m+
2577-GVSIL,xgb_churn_v2,2026-10-05T08:55:20.366037+00:00,0.17948717,Low,0,North,referral,51,Male,Standard,One year,73.45,35,Month-to-month contract,Plan & Billing,Lowers risk,-1.0287,Failed payments (90d),Payments,Raises risk,0.6057,Feature adoption,Engagement,Lowers risk,-0.5912,Payment recovery + switch to auto-pay,967,7,73.45,13.18,25-48m
1423-BMPBQ,xgb_churn_v2,2026-10-05T08:55:20.366037+00:00,0.17948717,Low,0,South,paid_search,30,Female,Basic,Month-to-month,19.0,1,Customer tenure,Tenure,Raises risk,1.1926,Monthly charge,Plan & Billing,Lowers risk,-1.0084,Amount paid (90d),Payments,Lowers risk,-0.6164,Early-life onboarding call,968,7,19.0,3.41,0-6m
5887-IKKYO,xgb_churn_v2,2026-10-05T08:55:20.366037+00:00,0.17948717,Low,0,West,social,57,Male,Pro,Two year,94.35,58,Month-to-month contract,Plan & Billing,Lowers risk,-0.8157,Feature adoption,Engagement,Lowers risk,-0.7983,Failed payments (90d),Payments,Raises risk,0.5845,Payment recovery + switch to auto-pay,969,7,94.35,16.93,49m+
2342-CKIAO,xgb_churn_v2,2026-10-05T08:55:20.366037+00:00,0.17948717,Low,0,North,paid_search,51,Female,Basic,Month-to-month,20.3,2,Monthly charge,Plan & Billing,Lowers risk,-1.1682,Amount paid (90d),Payments,Lowers risk,-0.7303,Customer tenure,Tenure,Raises risk,0.5841,Early-life onboarding call,970,7,20.3,3.64,0-6m
0872-CASZJ,xgb_churn_v2,2026-10-05T08:55:20.366037+00:00,0.17948717,Low,0,North,paid_search,44,Male,Standard,One year,69.1,59,Month-to-month contract,Plan & Billing,Lowers risk,-0.8665,Customer tenure,Tenure,Lowers risk,-0.6132,Feature adoption,Engagement,Lowers risk,-0.5323,General retention check-in,971,7,69.1,12.4,49m+
8745-PVESG,xgb_churn_v2,2026-10-05T08:55:20.366037+00:00,0.17948717,Low,0,North,referral,47,Female,Standard,One year,41.1,57,Month-to-month contract,Plan & Billing,Lowers risk,-0.7722,Customer tenure,Tenure,Lowers risk,-0.6477,Session minutes,Engagement,Raises risk,0.5459,Proactive feature walkthrough,972,7,41.1,7.38,49m+
6627-CFOSN,xgb_churn_v2,2026-10-05T08:55:20.366037+00:00,0.17948717,Low,0,South,partner,47,Female,Basic,Month-to-month,99.45,59,Customer tenure,Tenure,Lowers risk,-0.8329,Feature adoption,Engagement,Lowers risk,-0.7589,Monthly charge,Plan & Billing,Raises risk,0.6006,Price-fit review / bundle offer,973,7,99.45,17.85,49m+
1045-LTCYT,xgb_churn_v2,2026-10-05T08:55:20.366037+00:00,0.17948717,Low,0,West,paid_search,43,Female,Basic,Month-to-month,21.05,8,Monthly charge,Plan & Billing,Lowers risk,-0.8647,Feature adoption,Engagement,Lowers risk,-0.431,Month-to-month contract,Plan & Billing,Raises risk,0.4196,Offer annual-contract incentive,974,7,21.05,3.78,7-12m
6916-HIJSE,xgb_churn_v2,2026-10-05T08:55:20.366037+00:00,0.17948717,Low,0,West,social,28,Female,Pro,Two year,84.85,65,Month-to-month contract,Plan & Billing,Lowers risk,-1.0736,Customer tenure,Tenure,Lowers risk,-0.9248,Two-year contract,Plan & Billing,Lowers risk,-0.5017,General retention check-in,975,7,84.85,15.23,49m+
8329-IBCTI,xgb_churn_v2,2026-10-05T08:55:20.366037+00:00,0.17948717,Low,1,West,referral,46,Female,Basic,Month-to-month,19.65,1,Customer tenure,Tenure,Raises risk,1.261,Monthly charge,Plan & Billing,Lowers risk,-1.1023,Amount paid (90d),Payments,Lowers risk,-0.5761,Early-life onboarding call,976,7,19.65,3.53,0-6m
0707-HOVVN,xgb_churn_v2,2026-10-05T08:55:20.366037+00:00,0.17948717,Low,0,East,organic,62,Female,Pro,Two year,75.5,70,Month-to-month contract,Plan & Billing,Lowers risk,-0.9504,Customer tenure,Tenure,Lowers risk,-0.8943,Session count,Engagement,Raises risk,0.6221,Proactive feature walkthrough,977,7,75.5,13.55,49m+
2696-ECXKC,xgb_churn_v2,2026-10-05T08:55:20.366037+00:00,0.17948717,Low,0,East,partner,43,Female,Standard,One year,100.9,55,Month-to-month contract,Plan & Billing,Lowers risk,-0.8185,Monthly charge,Plan & Billing,Raises risk,0.789,Customer tenure,Tenure,Lowers risk,-0.6857,Price-fit review / bundle offer,978,7,100.9,18.11,49m+
0136-IFMYD,xgb_churn_v2,2026-10-05T08:55:20.366037+00:00,0.17948717,Low,0,East,referral,62,Male,Pro,Two year,109.95,69,Month-to-month contract,Plan & Billing,Lowers risk,-0.8465,Customer tenure,Tenure,Lowers risk,-0.7661,Customer age,Demographic,Raises risk,0.5084,General retention check-in,979,7,109.95,19.73,49m+
8910-ICHIU,xgb_churn_v2,2026-10-05T08:55:20.366037+00:00,0.17948717,Low,0,North,partner,27,Female,Standard,One year,95.65,46,Feature adoption,Engagement,Lowers risk,-0.8545,Month-to-month contract,Plan & Billing,Lowers risk,-0.7294,Usage trend,Engagement,Raises risk,0.6666,Proactive check-in call,980,7,95.65,17.17,25-48m
0230-UBYPQ,xgb_churn_v2,2026-10-05T08:55:20.366037+00:00,0.17948717,Low,0,South,organic,61,Male,Standard,One year,36.1,63,Usage trend,Engagement,Lowers risk,-1.1515,Customer tenure,Tenure,Lowers risk,-0.8292,Month-to-month contract,Plan & Billing,Lowers risk,-0.8195,General retention check-in,981,7,36.1,6.48,49m+
5855-EIBDE,xgb_churn_v2,2026-10-05T08:55:20.366037+00:00,0.17948717,Low,0,East,partner,42,Female,Pro,Two year,106.65,49,Monthly charge,Plan & Billing,Raises risk,0.7713,Month-to-month contract,Plan & Billing,Lowers risk,-0.733,Failed payments (90d),Payments,Raises risk,0.5984,Price-fit review / bundle offer,982,7,106.65,19.14,49m+
8809-XKHMD,xgb_churn_v2,2026-10-05T08:55:20.366037+00:00,0.17948717,Low,0,North,paid_search,27,Male,Pro,Two year,100.55,72,Customer tenure,Tenure,Lowers risk,-1.7286,Month-to-month contract,Plan & Billing,Lowers risk,-0.8091,Monthly charge,Plan & Billing,Raises risk,0.692,Price-fit review / bundle offer,983,7,100.55,18.05,49m+
9128-CPXKI,xgb_churn_v2,2026-10-05T08:55:20.366037+00:00,0.16084385,Low,0,East,paid_search,29,Female,Pro,Two year,95.8,59,Month-to-month contract,Plan & Billing,Lowers risk,-0.8372,Customer tenure,Tenure,Lowers risk,-0.5048,Monthly charge,Plan & Billing,Raises risk,0.4766,Price-fit review / bundle offer,984,7,95.8,15.41,49m+
8570-KLJYJ,xgb_churn_v2,2026-10-05T08:55:20.366037+00:00,0.14000002,Low,0,North,social,54,Female,Standard,One year,54.45,36,Month-to-month contract,Plan & Billing,Lowers risk,-0.8476,Feature adoption,Engagement,Lowers risk,-0.4421,Customer tenure,Tenure,Lowers risk,-0.3837,General retention check-in,985,7,54.45,7.62,25-48m
7470-DYNOE,xgb_churn_v2,2026-10-05T08:55:20.366037+00:00,0.14000002,Low,0,South,partner,41,Male,Standard,One year,61.1,53,Month-to-month contract,Plan & Billing,Lowers risk,-0.8773,Customer tenure,Tenure,Lowers risk,-0.5782,Feature adoption,Engagement,Lowers risk,-0.3617,General retention check-in,986,7,61.1,8.55,49m+
7105-BENQF,xgb_churn_v2,2026-10-05T08:55:20.366037+00:00,0.14000002,Low,0,South,referral,30,Male,Standard,One year,64.85,15,Month-to-month contract,Plan & Billing,Lowers risk,-0.8276,Usage trend,Engagement,Lowers risk,-0.4064,Ticket resolution time,Support,Lowers risk,-0.2977,General retention check-in,987,7,64.85,9.08,13-24m
6332-FBZRI,xgb_churn_v2,2026-10-05T08:55:20.366037+00:00,0.14000002,Low,0,East,paid_search,27,Male,Standard,One year,69.35,67,Feature adoption,Engagement,Lowers risk,-0.9498,Customer tenure,Tenure,Lowers risk,-0.942,Month-to-month contract,Plan & Billing,Lowers risk,-0.8632,General retention check-in,988,7,69.35,9.71,49m+
3043-SUDUA,xgb_churn_v2,2026-10-05T08:55:20.366037+00:00,0.14000002,Low,0,North,paid_search,23,Female,Basic,Month-to-month,19.9,32,Monthly charge,Plan & Billing,Lowers risk,-1.0212,Usage trend,Engagement,Raises risk,0.6116,Amount paid (90d),Payments,Lowers risk,-0.5795,Proactive check-in call,989,7,19.9,2.79,25-48m
9488-FYQAU,xgb_churn_v2,2026-10-05T08:55:20.366037+00:00,0.14000002,Low,0,North,social,32,Female,Pro,Two year,109.25,63,Customer tenure,Tenure,Lowers risk,-0.9514,Month-to-month contract,Plan & Billing,Lowers risk,-0.8545,Monthly charge,Plan & Billing,Raises risk,0.5566,Price-fit review / bundle offer,990,7,109.25,15.3,49m+
9127-QRZMH,xgb_churn_v2,2026-10-05T08:55:20.366037+00:00,0.14000002,Low,0,South,organic,42,Male,Standard,One year,59.85,44,Month-to-month contract,Plan & Billing,Lowers risk,-0.8109,Customer tenure,Tenure,Lowers risk,-0.621,Feature adoption,Engagement,Lowers risk,-0.5785,General retention check-in,991,7,59.85,8.38,25-48m
7321-ZNSLA,xgb_churn_v2,2026-10-05T08:55:20.366037+00:00,0.14000002,Low,0,West,social,38,Male,Pro,Two year,40.55,13,Month-to-month contract,Plan & Billing,Lowers risk,-0.9041,Days since last active,Engagement,Raises risk,0.5642,Session minutes,Engagement,Lowers risk,-0.5069,Proactive check-in call,992,7,40.55,5.68,13-24m
7267-FRMJW,xgb_churn_v2,2026-10-05T08:55:20.366037+00:00,0.14000002,Low,0,East,partner,25,Female,Pro,Two year,20.1,25,Usage trend,Engagement,Raises risk,1.1322,Monthly charge,Plan & Billing,Lowers risk,-1.0833,Month-to-month contract,Plan & Billing,Lowers risk,-0.9248,Proactive check-in call,993,7,20.1,2.81,25-48m
6598-RFFVI,xgb_churn_v2,2026-10-05T08:55:20.366037+00:00,0.14,Low,1,East,organic,23,Male,Standard,One year,19.3,2,Month-to-month contract,Plan & Billing,Lowers risk,-0.9492,Monthly charge,Plan & Billing,Lowers risk,-0.9166,Amount paid (90d),Payments,Lowers risk,-0.654,General retention check-in,994,7,19.3,2.7,0-6m
2368-GAKKQ,xgb_churn_v2,2026-10-05T08:55:20.366037+00:00,0.14,Low,0,East,referral,49,Female,Pro,Two year,113.65,70,Month-to-month contract,Plan & Billing,Lowers risk,-0.8815,Customer tenure,Tenure,Lowers risk,-0.7739,Feature adoption,Engagement,Raises risk,0.3713,Proactive feature walkthrough,995,8,113.65,15.91,49m+
1042-HFUCW,xgb_churn_v2,2026-10-05T08:55:20.366037+00:00,0.14,Low,0,East,partner,45,Female,Standard,One year,54.75,25,Month-to-month contract,Plan & Billing,Lowers risk,-0.8524,Monthly charge,Plan & Billing,Lowers risk,-0.3902,Session count,Engagement,Lowers risk,-0.3133,General retention check-in,996,8,54.75,7.67,25-48m
6994-ORCWG,xgb_churn_v2,2026-10-05T08:55:20.366037+00:00,0.14,Low,0,East,organic,55,Female,Standard,One year,54.25,14,Month-to-month contract,Plan & Billing,Lowers risk,-0.8295,Days since last active,Engagement,Raises risk,0.3502,Monthly charge,Plan & Billing,Lowers risk,-0.3326,Proactive check-in call,997,8,54.25,7.6,13-24m
3452-SRFEG,xgb_churn_v2,2026-10-05T08:55:20.366037+00:00,0.14,Low,0,West,referral,32,Male,Basic,Month-to-month,74.6,49,Customer tenure,Tenure,Lowers risk,-0.7341,Feature adoption,Engagement,Lowers risk,-0.6354,Month-to-month contract,Plan & Billing,Raises risk,0.456,Offer annual-contract incentive,998,8,74.6,10.44,49m+
7298-IZWLY,xgb_churn_v2,2026-10-05T08:55:20.366037+00:00,0.14,Low,0,West,referral,49,Female,Basic,Month-to-month,19.4,1,Customer tenure,Tenure,Raises risk,1.192,Monthly charge,Plan & Billing,Lowers risk,-0.9221,Feature adoption,Engagement,Lowers risk,-0.7735,Early-life onboarding call,999,8,19.4,2.72,0-6m
7107-UBYKY,xgb_churn_v2,2026-10-05T08:55:20.366037+00:00,0.14,Low,0,Central,social,58,Female,Basic,Month-to-month,25.75,35,Monthly charge,Plan & Billing,Lowers risk,-0.6025,Amount paid (90d),Payments,Lowers risk,-0.5894,Customer tenure,Tenure,Lowers risk,-0.5133,General retention check-in,1000,8,25.75,3.61,25-48m
7129-AZJDE,xgb_churn_v2,2026-10-05T08:55:20.366037+00:00,0.14,Low,0,North,organic,25,Male,Standard,One year,78.95,34,Month-to-month contract,Plan & Billing,Lowers risk,-0.8862,Customer tenure,Tenure,Lowers risk,-0.429,Days since last active,Engagement,Raises risk,0.4265,Proactive check-in call,1001,8,78.95,11.05,25-48m
5397-TUPSH,xgb_churn_v2,2026-10-05T08:55:20.366037+00:00,0.14,Low,0,East,paid_search,61,Male,Standard,One year,70.95,65,Feature adoption,Engagement,Lowers risk,-0.9038,Month-to-month contract,Plan & Billing,Lowers risk,-0.9034,Customer tenure,Tenure,Lowers risk,-0.8262,General retention check-in,1002,8,70.95,9.93,49m+
5671-RQRLP,xgb_churn_v2,2026-10-05T08:55:20.366037+00:00,0.14,Low,0,West,referral,60,Female,Pro,Two year,75.65,70,Feature adoption,Engagement,Lowers risk,-1.0201,Customer tenure,Tenure,Lowers risk,-0.9341,Month-to-month contract,Plan & Billing,Lowers risk,-0.9146,General retention check-in,1003,8,75.65,10.59,49m+
3571-DPYUH,xgb_churn_v2,2026-10-05T08:55:20.366037+00:00,0.14,Low,0,North,social,47,Male,Standard,One year,94.7,58,Feature adoption,Engagement,Lowers risk,-0.8873,Month-to-month contract,Plan & Billing,Lowers risk,-0.7608,Customer tenure,Tenure,Lowers risk,-0.6599,General retention check-in,1004,8,94.7,13.26,49m+
3745-HRPHI,xgb_churn_v2,2026-10-05T08:55:20.366037+00:00,0.14,Low,0,North,social,44,Male,Pro,Two year,54.65,66,Usage trend,Engagement,Lowers risk,-1.1791,Month-to-month contract,Plan & Billing,Lowers risk,-0.8432,Feature adoption,Engagement,Raises risk,0.7638,Proactive feature walkthrough,1005,8,54.65,7.65,49m+
7994-XIRTR,xgb_churn_v2,2026-10-05T08:55:20.366037+00:00,0.14,Low,0,North,referral,63,Male,Standard,One year,65.25,54,Month-to-month contract,Plan & Billing,Lowers risk,-0.842,Usage trend,Engagement,Lowers risk,-0.7415,Customer tenure,Tenure,Lowers risk,-0.4116,General retention check-in,1006,8,65.25,9.14,49m+
5386-THSLQ,xgb_churn_v2,2026-10-05T08:55:20.366037+00:00,0.14,Low,0,West,paid_search,60,Female,Standard,One year,45.55,66,Customer tenure,Tenure,Lowers risk,-1.0078,Month-to-month contract,Plan & Billing,Lowers risk,-0.8983,Customer age,Demographic,Raises risk,0.6392,General retention check-in,1007,8,45.55,6.38,49m+
9039-RBEEE,xgb_churn_v2,2026-10-05T08:55:20.366037+00:00,0.14,Low,1,Central,organic,24,Male,Basic,Month-to-month,48.95,39,Customer tenure,Tenure,Lowers risk,-0.4917,Session minutes,Engagement,Lowers risk,-0.4085,Month-to-month contract,Plan & Billing,Raises risk,0.4053,Offer annual-contract incentive,1008,8,48.95,6.85,25-48m
7722-CVFXN,xgb_churn_v2,2026-10-05T08:55:20.366037+00:00,0.14,Low,0,West,referral,58,Male,Standard,One year,105.2,54,Month-to-month contract,Plan & Billing,Lowers risk,-0.7516,Customer tenure,Tenure,Lowers risk,-0.6815,Monthly charge,Plan & Billing,Raises risk,0.6723,Price-fit review / bundle offer,1009,8,105.2,14.73,49m+
2040-VZIKE,xgb_churn_v2,2026-10-05T08:55:20.366037+00:00,0.14,Low,0,Central,social,22,Female,Basic,Month-to-month,100.85,49,Customer tenure,Tenure,Lowers risk,-0.8535,Monthly charge,Plan & Billing,Raises risk,0.5766,Month-to-month contract,Plan & Billing,Raises risk,0.3799,Price-fit review / bundle offer,1010,8,100.85,14.12,49m+
3190-FZATL,xgb_churn_v2,2026-10-05T08:55:20.366037+00:00,0.14,Low,0,East,referral,54,Male,Basic,Month-to-month,19.95,14,Monthly charge,Plan & Billing,Lowers risk,-1.099,Session minutes,Engagement,Lowers risk,-0.553,Amount paid (90d),Payments,Lowers risk,-0.5126,General retention check-in,1011,8,19.95,2.79,13-24m
1577-HKTFG,xgb_churn_v2,2026-10-05T08:55:20.366037+00:00,0.14,Low,1,East,paid_search,40,Female,Basic,Month-to-month,19.65,30,Monthly charge,Plan & Billing,Lowers risk,-1.1281,Amount paid (90d),Payments,Lowers risk,-0.6634,Usage trend,Engagement,Raises risk,0.5629,Proactive check-in call,1012,8,19.65,2.75,25-48m
5110-CHOPY,xgb_churn_v2,2026-10-05T08:55:20.366037+00:00,0.14,Low,0,West,paid_search,51,Female,Pro,Two year,53.6,60,Month-to-month contract,Plan & Billing,Lowers risk,-0.9154,Customer tenure,Tenure,Lowers risk,-0.726,Feature adoption,Engagement,Raises risk,0.5728,Proactive feature walkthrough,1013,8,53.6,7.5,49m+
8597-CTXVJ,xgb_churn_v2,2026-10-05T08:55:20.366037+00:00,0.14,Low,0,North,referral,31,Male,Standard,One year,64.95,70,Month-to-month contract,Plan & Billing,Lowers risk,-0.8408,Customer tenure,Tenure,Lowers risk,-0.8173,Days since last active,Engagement,Raises risk,0.4001,Proactive check-in call,1014,8,64.95,9.09,49m+
5081-NWSUP,xgb_churn_v2,2026-10-05T08:55:20.366037+00:00,0.14,Low,0,East,social,46,Female,Standard,One year,64.9,10,Month-to-month contract,Plan & Billing,Lowers risk,-0.8855,Feature adoption,Engagement,Lowers risk,-0.5249,Days since last active,Engagement,Raises risk,0.5246,Proactive check-in call,1015,8,64.9,9.09,7-12m
4063-EIKNQ,xgb_churn_v2,2026-10-05T08:55:20.366037+00:00,0.14,Low,0,East,paid_search,49,Male,Basic,Month-to-month,20.95,11,Monthly charge,Plan & Billing,Lowers risk,-0.7206,Feature adoption,Engagement,Lowers risk,-0.5536,Month-to-month contract,Plan & Billing,Raises risk,0.4066,Offer annual-contract incentive,1016,8,20.95,2.93,7-12m
1047-NNCBF,xgb_churn_v2,2026-10-05T08:55:20.366037+00:00,0.14,Low,0,East,social,32,Male,Basic,Month-to-month,70.55,20,Feature adoption,Engagement,Lowers risk,-0.6388,Month-to-month contract,Plan & Billing,Raises risk,0.4362,Days since last active,Engagement,Raises risk,0.3573,Offer annual-contract incentive,1017,8,70.55,9.88,13-24m
6682-QJDGB,xgb_churn_v2,2026-10-05T08:55:20.366037+00:00,0.14,Low,1,East,referral,38,Male,Basic,Month-to-month,55.25,40,Customer tenure,Tenure,Lowers risk,-0.5,Month-to-month contract,Plan & Billing,Raises risk,0.4311,Monthly charge,Plan & Billing,Lowers risk,-0.4025,Offer annual-contract incentive,1018,8,55.25,7.74,25-48m
0584-BJQGZ,xgb_churn_v2,2026-10-05T08:55:20.366037+00:00,0.14,Low,0,South,partner,52,Female,Basic,Month-to-month,78.35,25,Session count,Engagement,Lowers risk,-0.9897,Month-to-month contract,Plan & Billing,Raises risk,0.5034,Failed payments (90d),Payments,Lowers risk,-0.3122,Offer annual-contract incentive,1019,8,78.35,10.97,25-48m
0253-ZTEOB,xgb_churn_v2,2026-10-05T08:55:20.366037+00:00,0.14,Low,0,North,paid_search,54,Female,Pro,Two year,79.65,48,Month-to-month contract,Plan & Billing,Lowers risk,-1.0708,Failed payments (90d),Payments,Raises risk,0.5931,Customer tenure,Tenure,Lowers risk,-0.5894,Payment recovery + switch to auto-pay,1020,8,79.65,11.15,25-48m
2001-MCUUW,xgb_churn_v2,2026-10-05T08:55:20.366037+00:00,0.14,Low,0,South,paid_search,42,Male,Pro,Two year,108.65,46,Month-to-month contract,Plan & Billing,Lowers risk,-0.7653,Feature adoption,Engagement,Lowers risk,-0.6706,Monthly charge,Plan & Billing,Raises risk,0.4669,Price-fit review / bundle offer,1021,8,108.65,15.21,25-48m
5149-CUZUJ,xgb_churn_v2,2026-10-05T08:55:20.366037+00:00,0.14,Low,0,East,referral,29,Male,Standard,One year,92.9,28,Month-to-month contract,Plan & Billing,Lowers risk,-0.9288,Session minutes,Engagement,Lowers risk,-0.5132,Session count,Engagement,Lowers risk,-0.4032,General retention check-in,1022,8,92.9,13.01,25-48m
1810-BOHSY,xgb_churn_v2,2026-10-05T08:55:20.366037+00:00,0.14,Low,0,West,social,32,Male,Standard,One year,96.4,51,Month-to-month contract,Plan & Billing,Lowers risk,-0.6713,Monthly charge,Plan & Billing,Raises risk,0.5839,Customer tenure,Tenure,Lowers risk,-0.5633,Price-fit review / bundle offer,1023,8,96.4,13.5,49m+
9770-LXDBK,xgb_churn_v2,2026-10-05T08:55:20.366037+00:00,0.14,Low,0,Central,paid_search,48,Female,Basic,Month-to-month,20.4,3,Monthly charge,Plan & Billing,Lowers risk,-1.1276,Amount paid (90d),Payments,Lowers risk,-0.7106,Month-to-month contract,Plan & Billing,Raises risk,0.4282,Offer annual-contract incentive,1024,8,20.4,2.86,0-6m
3635-JBPSG,xgb_churn_v2,2026-10-05T08:55:20.366037+00:00,0.14,Low,0,Central,paid_search,24,Female,Pro,Two year,38.8,15,Month-to-month contract,Plan & Billing,Lowers risk,-0.8599,Usage trend,Engagement,Raises risk,0.7273,Feature adoption,Engagement,Lowers risk,-0.5325,Proactive check-in call,1025,8,38.8,5.43,13-24m
5443-SCMKX,xgb_churn_v2,2026-10-05T08:55:20.366037+00:00,0.14,Low,0,East,partner,54,Female,Standard,One year,94.3,58,Month-to-month contract,Plan & Billing,Lowers risk,-0.8438,Customer tenure,Tenure,Lowers risk,-0.6637,Feature adoption,Engagement,Lowers risk,-0.3015,General retention check-in,1026,8,94.3,13.2,49m+
3977-QCRSL,xgb_churn_v2,2026-10-05T08:55:20.366037+00:00,0.14,Low,0,East,partner,57,Female,Basic,Month-to-month,20.15,5,Monthly charge,Plan & Billing,Lowers risk,-1.2035,Amount paid (90d),Payments,Lowers risk,-0.6905,Session minutes,Engagement,Lowers risk,-0.553,General retention check-in,1027,8,20.15,2.82,0-6m
5160-UXJED,xgb_churn_v2,2026-10-05T08:55:20.366037+00:00,0.14,Low,0,South,partner,43,Male,Standard,One year,44.6,17,Month-to-month contract,Plan & Billing,Lowers risk,-0.853,Monthly charge,Plan & Billing,Lowers risk,-0.3116,Days since last active,Engagement,Raises risk,0.285,Proactive check-in call,1028,8,44.6,6.24,13-24m
3795-GWTRD,xgb_churn_v2,2026-10-05T08:55:20.366037+00:00,0.14,Low,0,Central,organic,23,Female,Pro,Two year,75.55,63,Month-to-month contract,Plan & Billing,Lowers risk,-1.045,Customer tenure,Tenure,Lowers risk,-0.9861,Failed payments (90d),Payments,Raises risk,0.489,Payment recovery + switch to auto-pay,1029,8,75.55,10.58,49m+
8249-THVEC,xgb_churn_v2,2026-10-05T08:55:20.366037+00:00,0.14,Low,0,Central,social,44,Male,Standard,One year,19.4,51,Usage trend,Engagement,Raises risk,1.1143,Monthly charge,Plan & Billing,Lowers risk,-1.0137,Month-to-month contract,Plan & Billing,Lowers risk,-0.8213,Proactive check-in call,1030,8,19.4,2.72,49m+
5442-BXVND,xgb_churn_v2,2026-10-05T08:55:20.366037+00:00,0.14,Low,0,West,referral,44,Female,Basic,Month-to-month,24.25,33,Feature adoption,Engagement,Lowers risk,-0.8031,Monthly charge,Plan & Billing,Lowers risk,-0.6568,Usage trend,Engagement,Raises risk,0.5384,Proactive check-in call,1031,8,24.25,3.4,25-48m
7868-BGSZA,xgb_churn_v2,2026-10-05T08:55:20.366037+00:00,0.14,Low,0,North,social,58,Male,Standard,One year,80.2,43,Month-to-month contract,Plan & Billing,Lowers risk,-1.032,Feature adoption,Engagement,Lowers risk,-0.8121,Customer tenure,Tenure,Lowers risk,-0.6315,General retention check-in,1032,8,80.2,11.23,25-48m
4129-LYCOI,xgb_churn_v2,2026-10-05T08:55:20.366037+00:00,0.14,Low,0,West,referral,42,Female,Pro,Two year,104.0,67,Customer tenure,Tenure,Lowers risk,-0.9172,Month-to-month contract,Plan & Billing,Lowers risk,-0.7994,Monthly charge,Plan & Billing,Raises risk,0.6602,Price-fit review / bundle offer,1033,8,104.0,14.56,49m+
4023-RTIQM,xgb_churn_v2,2026-10-05T08:55:20.366037+00:00,0.14,Low,0,West,social,62,Female,Standard,One year,50.4,31,Month-to-month contract,Plan & Billing,Lowers risk,-0.9508,Customer age,Demographic,Raises risk,0.6403,Session count,Engagement,Lowers risk,-0.4965,General retention check-in,1034,8,50.4,7.06,25-48m
3340-QBBFM,xgb_churn_v2,2026-10-05T08:55:20.366037+00:00,0.14,Low,0,Central,partner,62,Male,Standard,One year,54.1,36,Month-to-month contract,Plan & Billing,Lowers risk,-0.8262,Session count,Engagement,Lowers risk,-0.822,Customer age,Demographic,Raises risk,0.6431,General retention check-in,1035,8,54.1,7.57,25-48m
2324-EFHVG,xgb_churn_v2,2026-10-05T08:55:20.366037+00:00,0.14,Low,0,West,paid_search,47,Male,Pro,Two year,104.4,64,Customer tenure,Tenure,Lowers risk,-0.9789,Month-to-month contract,Plan & Billing,Lowers risk,-0.917,Monthly charge,Plan & Billing,Raises risk,0.7735,Price-fit review / bundle offer,1036,8,104.4,14.62,49m+
8073-IJDCM,xgb_churn_v2,2026-10-05T08:55:20.366037+00:00,0.14,Low,1,Central,referral,45,Female,Basic,Month-to-month,20.3,1,Customer tenure,Tenure,Raises risk,1.1882,Monthly charge,Plan & Billing,Lowers risk,-1.0116,Feature adoption,Engagement,Lowers risk,-0.6203,Early-life onboarding call,1037,8,20.3,2.84,0-6m
1116-DXXDF,xgb_churn_v2,2026-10-05T08:55:20.366037+00:00,0.14,Low,0,Central,paid_search,28,Male,Pro,Two year,100.45,39,Month-to-month contract,Plan & Billing,Lowers risk,-0.7914,Monthly charge,Plan & Billing,Raises risk,0.619,Feature adoption,Engagement,Lowers risk,-0.5321,Price-fit review / bundle offer,1038,8,100.45,14.06,25-48m
7359-SSBJK,xgb_churn_v2,2026-10-05T08:55:20.366037+00:00,0.14,Low,1,North,paid_search,65,Female,Pro,Two year,70.2,64,Month-to-month contract,Plan & Billing,Lowers risk,-1.1197,Customer tenure,Tenure,Lowers risk,-0.8704,Two-year contract,Plan & Billing,Lowers risk,-0.4844,General retention check-in,1039,8,70.2,9.83,49m+
1248-DYXUB,xgb_churn_v2,2026-10-05T08:55:20.366037+00:00,0.14,Low,0,Central,partner,56,Male,Pro,Two year,24.8,52,Usage trend,Engagement,Raises risk,1.1214,Month-to-month contract,Plan & Billing,Lowers risk,-0.7885,Monthly charge,Plan & Billing,Lowers risk,-0.7178,Proactive check-in call,1040,8,24.8,3.47,49m+
9970-QBCDA,xgb_churn_v2,2026-10-05T08:55:20.366037+00:00,0.14,Low,0,South,paid_search,30,Female,Basic,Month-to-month,19.7,6,Monthly charge,Plan & Billing,Lowers risk,-1.0462,Feature adoption,Engagement,Lowers risk,-0.984,Amount paid (90d),Payments,Lowers risk,-0.6225,General retention check-in,1041,8,19.7,2.76,0-6m
1925-LFCZZ,xgb_churn_v2,2026-10-05T08:55:20.366037+00:00,0.14,Low,0,Central,partner,61,Male,Standard,One year,50.05,55,Month-to-month contract,Plan & Billing,Lowers risk,-0.9021,Customer age,Demographic,Raises risk,0.6739,Customer tenure,Tenure,Lowers risk,-0.5584,General retention check-in,1042,8,50.05,7.01,49m+
4078-SAYYN,xgb_churn_v2,2026-10-05T08:55:20.366037+00:00,0.14,Low,1,North,paid_search,56,Female,Basic,Month-to-month,100.75,11,Usage trend,Engagement,Lowers risk,-1.4601,Feature adoption,Engagement,Lowers risk,-1.325,Monthly charge,Plan & Billing,Raises risk,0.5686,Price-fit review / bundle offer,1043,8,100.75,14.11,7-12m
1621-YNCJH,xgb_churn_v2,2026-10-05T08:55:20.366037+00:00,0.14,Low,0,North,social,44,Female,Pro,Two year,106.05,36,Monthly charge,Plan & Billing,Raises risk,0.8512,Month-to-month contract,Plan & Billing,Lowers risk,-0.7474,Usage trend,Engagement,Lowers risk,-0.3677,Price-fit review / bundle offer,1044,8,106.05,14.85,25-48m
8480-PPONV,xgb_churn_v2,2026-10-05T08:55:20.366037+00:00,0.14,Low,0,Central,paid_search,37,Male,Pro,Two year,115.55,62,Month-to-month contract,Plan & Billing,Lowers risk,-0.8063,Customer tenure,Tenure,Lowers risk,-0.7814,Feature adoption,Engagement,Lowers risk,-0.3334,General retention check-in,1045,8,115.55,16.18,49m+
9534-NSXEM,xgb_churn_v2,2026-10-05T08:55:20.366037+00:00,0.14,Low,0,West,organic,32,Male,Standard,One year,20.65,26,Monthly charge,Plan & Billing,Lowers risk,-1.0091,Month-to-month contract,Plan & Billing,Lowers risk,-0.9172,Feature adoption,Engagement,Raises risk,0.7033,Proactive feature walkthrough,1046,8,20.65,2.89,25-48m
4365-MSDYN,xgb_churn_v2,2026-10-05T08:55:20.366037+00:00,0.14,Low,0,South,referral,32,Male,Basic,Month-to-month,19.55,8,Monthly charge,Plan & Billing,Lowers risk,-1.1593,Feature adoption,Engagement,Lowers risk,-0.7307,Amount paid (90d),Payments,Lowers risk,-0.6366,General retention check-in,1047,8,19.55,2.74,7-12m
4291-YZODP,xgb_churn_v2,2026-10-05T08:55:20.366037+00:00,0.14,Low,0,North,paid_search,28,Female,Standard,One year,20.05,7,Monthly charge,Plan & Billing,Lowers risk,-1.09,Month-to-month contract,Plan & Billing,Lowers risk,-0.8776,Amount paid (90d),Payments,Lowers risk,-0.5826,General retention check-in,1048,8,20.05,2.81,7-12m
2987-BJXIK,xgb_churn_v2,2026-10-05T08:55:20.366037+00:00,0.14,Low,0,South,paid_search,29,Female,Pro,Two year,84.7,70,Customer tenure,Tenure,Lowers risk,-1.1422,Month-to-month contract,Plan & Billing,Lowers risk,-1.013,Two-year contract,Plan & Billing,Lowers risk,-0.5119,General retention check-in,1049,8,84.7,11.86,49m+
4079-ULGFR,xgb_churn_v2,2026-10-05T08:55:20.366037+00:00,0.14,Low,0,South,partner,23,Male,Basic,Month-to-month,20.0,16,Monthly charge,Plan & Billing,Lowers risk,-0.977,Amount paid (90d),Payments,Lowers risk,-0.5906,Month-to-month contract,Plan & Billing,Raises risk,0.3915,Offer annual-contract incentive,1050,8,20.0,2.8,13-24m
7542-CYDDM,xgb_churn_v2,2026-10-05T08:55:20.366037+00:00,0.14,Low,0,East,partner,26,Male,Basic,Month-to-month,20.05,18,Monthly charge,Plan & Billing,Lowers risk,-1.0492,Session minutes,Engagement,Lowers risk,-0.5996,Amount paid (90d),Payments,Lowers risk,-0.5402,General retention check-in,1051,8,20.05,2.81,13-24m
1088-AUUZZ,xgb_churn_v2,2026-10-05T08:55:20.366037+00:00,0.14,Low,0,South,referral,53,Male,Pro,Two year,75.85,56,Usage trend,Engagement,Raises risk,1.0139,Month-to-month contract,Plan & Billing,Lowers risk,-1.0115,Feature adoption,Engagement,Raises risk,0.5643,Proactive check-in call,1052,8,75.85,10.62,49m+
4086-ATNFV,xgb_churn_v2,2026-10-05T08:55:20.366037+00:00,0.14,Low,0,West,organic,26,Female,Standard,One year,60.8,34,Month-to-month contract,Plan & Billing,Lowers risk,-0.9155,Customer tenure,Tenure,Lowers risk,-0.3572,Session count,Engagement,Raises risk,0.35,Proactive feature walkthrough,1053,8,60.8,8.51,25-48m
3705-PSNGL,xgb_churn_v2,2026-10-05T08:55:20.366037+00:00,0.14,Low,1,North,paid_search,34,Male,Standard,One year,20.4,45,Monthly charge,Plan & Billing,Lowers risk,-1.1817,Month-to-month contract,Plan & Billing,Lowers risk,-0.9203,Failed payments (90d),Payments,Raises risk,0.6139,Payment recovery + switch to auto-pay,1054,8,20.4,2.86,25-48m
4452-QIIEB,xgb_churn_v2,2026-10-05T08:55:20.366037+00:00,0.14,Low,0,West,social,44,Male,Basic,Month-to-month,43.9,7,Session minutes,Engagement,Lowers risk,-0.5862,Monthly charge,Plan & Billing,Lowers risk,-0.4297,Month-to-month contract,Plan & Billing,Raises risk,0.4236,Offer annual-contract incentive,1055,8,43.9,6.15,7-12m
3933-DQPWX,xgb_churn_v2,2026-10-05T08:55:20.366037+00:00,0.14,Low,0,North,paid_search,58,Female,Pro,Two year,39.7,50,Month-to-month contract,Plan & Billing,Lowers risk,-0.984,Customer tenure,Tenure,Lowers risk,-0.5825,Failed payments (90d),Payments,Raises risk,0.5317,Payment recovery + switch to auto-pay,1056,8,39.7,5.56,49m+
6013-BHCAW,xgb_churn_v2,2026-10-05T08:55:20.366037+00:00,0.14,Low,0,North,partner,53,Male,Pro,Two year,81.0,61,Customer tenure,Tenure,Lowers risk,-0.9945,Month-to-month contract,Plan & Billing,Lowers risk,-0.9016,Two-year contract,Plan & Billing,Lowers risk,-0.4553,General retention check-in,1057,8,81.0,11.34,49m+
4334-HOWRP,xgb_churn_v2,2026-10-05T08:55:20.366037+00:00,0.14,Low,0,East,partner,62,Male,Pro,Two year,64.95,72,Customer tenure,Tenure,Lowers risk,-1.488,Month-to-month contract,Plan & Billing,Lowers risk,-0.9172,Session count,Engagement,Lowers risk,-0.8114,General retention check-in,1058,8,64.95,9.09,49m+
2380-DAMQP,xgb_churn_v2,2026-10-05T08:55:20.366037+00:00,0.14,Low,0,East,partner,57,Female,Pro,Two year,115.15,72,Customer tenure,Tenure,Lowers risk,-1.862,Month-to-month contract,Plan & Billing,Lowers risk,-0.8468,Usage trend,Engagement,Raises risk,0.8319,Proactive check-in call,1059,8,115.15,16.12,49m+
2791-SFVEW,xgb_churn_v2,2026-10-05T08:55:20.366037+00:00,0.14,Low,0,East,paid_search,43,Female,Basic,Month-to-month,20.15,9,Monthly charge,Plan & Billing,Lowers risk,-1.2005,Amount paid (90d),Payments,Lowers risk,-0.6347,Session minutes,Engagement,Lowers risk,-0.5629,General retention check-in,1060,8,20.15,2.82,7-12m
2717-HVIZY,xgb_churn_v2,2026-10-05T08:55:20.366037+00:00,0.14,Low,0,West,referral,31,Female,Basic,Month-to-month,20.05,8,Feature adoption,Engagement,Lowers risk,-1.5391,Monthly charge,Plan & Billing,Lowers risk,-1.0974,Amount paid (90d),Payments,Lowers risk,-0.592,General retention check-in,1061,8,20.05,2.81,7-12m
6993-YGFJV,xgb_churn_v2,2026-10-05T08:55:20.366037+00:00,0.14,Low,0,North,partner,25,Male,Pro,Two year,112.55,69,Feature adoption,Engagement,Lowers risk,-0.8561,Customer tenure,Tenure,Lowers risk,-0.8265,Month-to-month contract,Plan & Billing,Lowers risk,-0.7406,General retention check-in,1062,8,112.55,15.76,49m+
9351-LZYGF,xgb_churn_v2,2026-10-05T08:55:20.366037+00:00,0.14,Low,0,Central,social,49,Female,Basic,Month-to-month,66.4,42,Customer tenure,Tenure,Lowers risk,-0.6092,Feature adoption,Engagement,Lowers risk,-0.5284,Month-to-month contract,Plan & Billing,Raises risk,0.4003,Offer annual-contract incentive,1063,8,66.4,9.3,25-48m
2172-EJXVF,xgb_churn_v2,2026-10-05T08:55:20.366037+00:00,0.14,Low,0,East,social,62,Female,Standard,One year,105.9,71,Customer tenure,Tenure,Lowers risk,-1.324,Month-to-month contract,Plan & Billing,Lowers risk,-0.7685,Monthly charge,Plan & Billing,Raises risk,0.6912,Price-fit review / bundle offer,1064,8,105.9,14.83,49m+
8220-OCUFY,xgb_churn_v2,2026-10-05T08:55:20.366037+00:00,0.14,Low,0,South,social,53,Female,Standard,One year,60.25,21,Month-to-month contract,Plan & Billing,Lowers risk,-0.8046,Feature adoption,Engagement,Lowers risk,-0.656,Days since last active,Engagement,Raises risk,0.4511,Proactive check-in call,1065,8,60.25,8.44,13-24m
5062-CJJKH,xgb_churn_v2,2026-10-05T08:55:20.366037+00:00,0.14,Low,0,Central,organic,49,Male,Standard,One year,53.65,25,Month-to-month contract,Plan & Billing,Lowers risk,-0.8531,Session count,Engagement,Lowers risk,-0.4579,Days since last active,Engagement,Raises risk,0.446,Proactive check-in call,1066,8,53.65,7.51,25-48m
1389-WNUIB,xgb_churn_v2,2026-10-05T08:55:20.366037+00:00,0.14,Low,0,West,social,40,Female,Standard,One year,76.0,20,Month-to-month contract,Plan & Billing,Lowers risk,-0.9253,Days since last active,Engagement,Raises risk,0.3951,Feature adoption,Engagement,Lowers risk,-0.2733,Proactive check-in call,1067,8,76.0,10.64,13-24m
1159-WFSGR,xgb_churn_v2,2026-10-05T08:55:20.366037+00:00,0.14,Low,0,East,organic,40,Female,Basic,Month-to-month,20.4,16,Monthly charge,Plan & Billing,Lowers risk,-1.1089,Amount paid (90d),Payments,Lowers risk,-0.6267,Feature adoption,Engagement,Lowers risk,-0.6266,General retention check-in,1068,8,20.4,2.86,13-24m
6583-SZVGP,xgb_churn_v2,2026-10-05T08:55:20.366037+00:00,0.14,Low,0,East,social,49,Male,Pro,Two year,108.1,48,Usage trend,Engagement,Lowers risk,-1.4499,Month-to-month contract,Plan & Billing,Lowers risk,-0.8205,Monthly charge,Plan & Billing,Raises risk,0.6263,Price-fit review / bundle offer,1069,8,108.1,15.13,25-48m
1635-NZATJ,xgb_churn_v2,2026-10-05T08:55:20.366037+00:00,0.14,Low,0,East,partner,60,Male,Pro,Two year,25.45,71,Customer tenure,Tenure,Lowers risk,-1.2583,Month-to-month contract,Plan & Billing,Lowers risk,-1.0573,Customer age,Demographic,Raises risk,0.7802,General retention check-in,1070,8,25.45,3.56,49m+
9640-ZSLDC,xgb_churn_v2,2026-10-05T08:55:20.366037+00:00,0.14,Low,0,North,partner,43,Female,Standard,One year,60.6,53,Month-to-month contract,Plan & Billing,Lowers risk,-0.774,Feature adoption,Engagement,Raises risk,0.5345,Customer tenure,Tenure,Lowers risk,-0.4786,Proactive feature walkthrough,1071,8,60.6,8.48,49m+
3612-YUNGG,xgb_churn_v2,2026-10-05T08:55:20.366037+00:00,0.14,Low,0,Central,paid_search,40,Male,Pro,Two year,109.2,64,Customer tenure,Tenure,Lowers risk,-0.875,Month-to-month contract,Plan & Billing,Lowers risk,-0.7955,Monthly charge,Plan & Billing,Raises risk,0.5659,Price-fit review / bundle offer,1072,8,109.2,15.29,49m+
3055-VTCGS,xgb_churn_v2,2026-10-05T08:55:20.366037+00:00,0.14,Low,0,West,partner,44,Female,Standard,One year,58.55,63,Usage trend,Engagement,Raises risk,1.1912,Feature adoption,Engagement,Lowers risk,-0.8661,Customer tenure,Tenure,Lowers risk,-0.8347,Proactive check-in call,1073,8,58.55,8.2,49m+
6333-YDVLT,xgb_churn_v2,2026-10-05T08:55:20.366037+00:00,0.14,Low,0,East,organic,41,Male,Standard,One year,110.0,65,Customer tenure,Tenure,Lowers risk,-0.9276,Month-to-month contract,Plan & Billing,Lowers risk,-0.7301,Session count,Engagement,Lowers risk,-0.606,General retention check-in,1074,8,110.0,15.4,49m+
6990-YNRIO,xgb_churn_v2,2026-10-05T08:55:20.366037+00:00,0.14,Low,1,Central,paid_search,33,Male,Pro,Two year,108.65,65,Customer tenure,Tenure,Lowers risk,-0.953,Month-to-month contract,Plan & Billing,Lowers risk,-0.8038,Monthly charge,Plan & Billing,Raises risk,0.6422,Price-fit review / bundle offer,1075,8,108.65,15.21,49m+
5919-VCZYM,xgb_churn_v2,2026-10-05T08:55:20.366037+00:00,0.14,Low,0,North,partner,50,Male,Basic,Month-to-month,20.05,2,Monthly charge,Plan & Billing,Lowers risk,-1.1387,Amount paid (90d),Payments,Lowers risk,-0.6804,Customer tenure,Tenure,Raises risk,0.6095,Early-life onboarding call,1076,8,20.05,2.81,0-6m
1897-RCFUM,xgb_churn_v2,2026-10-05T08:55:20.366037+00:00,0.14,Low,0,West,referral,29,Female,Standard,One year,24.2,39,Month-to-month contract,Plan & Billing,Lowers risk,-0.9399,Monthly charge,Plan & Billing,Lowers risk,-0.684,Failed payments (90d),Payments,Raises risk,0.5781,Payment recovery + switch to auto-pay,1077,8,24.2,3.39,25-48m
7140-ADSMJ,xgb_churn_v2,2026-10-05T08:55:20.366037+00:00,0.14,Low,0,Central,organic,31,Male,Basic,Month-to-month,20.45,8,Monthly charge,Plan & Billing,Lowers risk,-1.13,Amount paid (90d),Payments,Lowers risk,-0.6407,Feature adoption,Engagement,Lowers risk,-0.5099,General retention check-in,1078,8,20.45,2.86,7-12m
5537-UXXVS,xgb_churn_v2,2026-10-05T08:55:20.366037+00:00,0.14,Low,0,Central,organic,45,Female,Basic,Month-to-month,19.25,20,Monthly charge,Plan & Billing,Lowers risk,-1.1464,Amount paid (90d),Payments,Lowers risk,-0.7017,Month-to-month contract,Plan & Billing,Raises risk,0.433,Offer annual-contract incentive,1079,8,19.25,2.7,13-24m
5198-HQAEN,xgb_churn_v2,2026-10-05T08:55:20.366037+00:00,0.14,Low,0,North,partner,29,Male,Standard,One year,89.7,35,Month-to-month contract,Plan & Billing,Lowers risk,-0.8858,Feature adoption,Engagement,Lowers risk,-0.6168,Customer tenure,Tenure,Lowers risk,-0.3728,General retention check-in,1080,8,89.7,12.56,25-48m
0487-VVUVK,xgb_churn_v2,2026-10-05T08:55:20.366037+00:00,0.14,Low,0,North,organic,41,Male,Basic,Month-to-month,19.15,25,Monthly charge,Plan & Billing,Lowers risk,-1.048,Failed payments (90d),Payments,Raises risk,0.6422,Feature adoption,Engagement,Lowers risk,-0.622,Payment recovery + switch to auto-pay,1081,8,19.15,2.68,25-48m
0691-JVSYA,xgb_churn_v2,2026-10-05T08:55:20.366037+00:00,0.14,Low,1,South,paid_search,44,Female,Standard,One year,94.85,53,Month-to-month contract,Plan & Billing,Lowers risk,-0.9041,Customer tenure,Tenure,Lowers risk,-0.6992,Days since last active,Engagement,Raises risk,0.2612,Proactive check-in call,1082,8,94.85,13.28,49m+
4913-EHYUI,xgb_churn_v2,2026-10-05T08:55:20.366037+00:00,0.14,Low,1,West,social,75,Male,Standard,One year,104.55,56,Month-to-month contract,Plan & Billing,Lowers risk,-0.7258,Monthly charge,Plan & Billing,Raises risk,0.6901,Customer tenure,Tenure,Lowers risk,-0.6361,Price-fit review / bundle offer,1083,8,104.55,14.64,49m+
4106-HADHQ,xgb_churn_v2,2026-10-05T08:55:20.366037+00:00,0.14,Low,1,West,referral,53,Male,Standard,One year,80.0,39,Month-to-month contract,Plan & Billing,Lowers risk,-0.9195,Customer tenure,Tenure,Lowers risk,-0.5081,Feature adoption,Engagement,Lowers risk,-0.4427,General retention check-in,1084,8,80.0,11.2,25-48m
5939-SXWHM,xgb_churn_v2,2026-10-05T08:55:20.366037+00:00,0.14,Low,0,South,paid_search,38,Male,Pro,Two year,26.3,48,Usage trend,Engagement,Raises risk,1.2027,Month-to-month contract,Plan & Billing,Lowers risk,-0.8801,Monthly charge,Plan & Billing,Lowers risk,-0.6469,Proactive check-in call,1085,8,26.3,3.68,25-48m
0458-HEUZG,xgb_churn_v2,2026-10-05T08:55:20.366037+00:00,0.14,Low,0,Central,organic,58,Female,Pro,Two year,35.4,13,Month-to-month contract,Plan & Billing,Lowers risk,-0.8717,Days since last active,Engagement,Raises risk,0.4571,Feature adoption,Engagement,Lowers risk,-0.3831,Proactive check-in call,1086,8,35.4,4.96,13-24m
7398-LXGYX,xgb_churn_v2,2026-10-05T08:55:20.366037+00:00,0.14,Low,0,East,paid_search,26,Male,Basic,Month-to-month,84.8,44,Customer tenure,Tenure,Lowers risk,-0.7951,Month-to-month contract,Plan & Billing,Raises risk,0.4328,Session minutes,Engagement,Lowers risk,-0.4209,Offer annual-contract incentive,1087,8,84.8,11.87,25-48m
4049-ZPALD,xgb_churn_v2,2026-10-05T08:55:20.366037+00:00,0.14,Low,0,East,partner,39,Female,Pro,Two year,99.0,64,Customer tenure,Tenure,Lowers risk,-1.1193,Month-to-month contract,Plan & Billing,Lowers risk,-0.7902,Monthly charge,Plan & Billing,Raises risk,0.663,Price-fit review / bundle offer,1088,8,99.0,13.86,49m+
3115-JPJDD,xgb_churn_v2,2026-10-05T08:55:20.366037+00:00,0.14,Low,0,Central,referral,46,Female,Standard,One year,81.25,59,Month-to-month contract,Plan & Billing,Lowers risk,-0.931,Customer tenure,Tenure,Lowers risk,-0.6974,Session minutes,Engagement,Raises risk,0.3327,Proactive feature walkthrough,1089,8,81.25,11.38,49m+
1092-WPIVQ,xgb_churn_v2,2026-10-05T08:55:20.366037+00:00,0.14,Low,0,East,partner,43,Female,Pro,Two year,25.1,18,Month-to-month contract,Plan & Billing,Lowers risk,-0.8494,Usage trend,Engagement,Raises risk,0.7871,Feature adoption,Engagement,Lowers risk,-0.7787,Proactive check-in call,1090,8,25.1,3.51,13-24m
3786-WOVKF,xgb_churn_v2,2026-10-05T08:55:20.366037+00:00,0.14,Low,0,East,referral,61,Female,Standard,One year,106.85,72,Customer tenure,Tenure,Lowers risk,-1.7058,Month-to-month contract,Plan & Billing,Lowers risk,-0.7596,Customer age,Demographic,Raises risk,0.4757,General retention check-in,1091,8,106.85,14.96,49m+
1122-YJBCS,xgb_churn_v2,2026-10-05T08:55:20.366037+00:00,0.14,Low,0,East,partner,48,Male,Standard,One year,53.65,69,Month-to-month contract,Plan & Billing,Lowers risk,-0.8521,Customer tenure,Tenure,Lowers risk,-0.8155,Feature adoption,Engagement,Raises risk,0.4402,Proactive feature walkthrough,1092,8,53.65,7.51,49m+
0440-UEDAI,xgb_churn_v2,2026-10-05T08:55:20.366037+00:00,0.14,Low,0,South,partner,41,Female,Standard,One year,94.45,53,Month-to-month contract,Plan & Billing,Lowers risk,-0.8641,Customer tenure,Tenure,Lowers risk,-0.6908,Feature adoption,Engagement,Raises risk,0.4062,Proactive feature walkthrough,1093,8,94.45,13.22,49m+
4311-QTTAI,xgb_churn_v2,2026-10-05T08:55:20.366037+00:00,0.14,Low,0,Central,partner,44,Female,Standard,One year,19.35,16,Monthly charge,Plan & Billing,Lowers risk,-0.9696,Month-to-month contract,Plan & Billing,Lowers risk,-0.8645,Open support tickets,Support,Raises risk,0.6617,Escalate to retention specialist,1094,8,19.35,2.71,13-24m
8218-FFJDS,xgb_churn_v2,2026-10-05T08:55:20.366037+00:00,0.14,Low,0,East,partner,43,Female,Pro,Two year,86.4,72,Customer tenure,Tenure,Lowers risk,-1.8545,Usage trend,Engagement,Raises risk,1.1208,Month-to-month contract,Plan & Billing,Lowers risk,-1.0007,Proactive check-in call,1095,8,86.4,12.1,49m+
5840-NVDCG,xgb_churn_v2,2026-10-05T08:55:20.366037+00:00,0.14,Low,0,West,partner,41,Female,Pro,Two year,68.25,16,Month-to-month contract,Plan & Billing,Lowers risk,-0.8667,Two-year contract,Plan & Billing,Lowers risk,-0.4312,Session minutes,Engagement,Lowers risk,-0.3977,General retention check-in,1096,8,68.25,9.56,13-24m
8515-OCTJS,xgb_churn_v2,2026-10-05T08:55:20.366037+00:00,0.14,Low,1,North,paid_search,39,Female,Pro,Two year,24.75,25,Month-to-month contract,Plan & Billing,Lowers risk,-0.9391,Monthly charge,Plan & Billing,Lowers risk,-0.7064,Two-year contract,Plan & Billing,Lowers risk,-0.5669,General retention check-in,1097,8,24.75,3.47,25-48m
0471-LVHGK,xgb_churn_v2,2026-10-05T08:55:20.366037+00:00,0.14,Low,1,East,referral,31,Male,Standard,One year,73.0,41,Month-to-month contract,Plan & Billing,Lowers risk,-0.9015,Feature adoption,Engagement,Lowers risk,-0.7042,Customer tenure,Tenure,Lowers risk,-0.5507,General retention check-in,1098,8,73.0,10.22,25-48m
7940-UQQUG,xgb_churn_v2,2026-10-05T08:55:20.366037+00:00,0.14,Low,0,Central,social,41,Female,Standard,One year,104.4,64,Customer tenure,Tenure,Lowers risk,-0.9728,Month-to-month contract,Plan & Billing,Lowers risk,-0.8621,Monthly charge,Plan & Billing,Raises risk,0.7557,Price-fit review / bundle offer,1099,8,104.4,14.62,49m+
9445-ZUEQE,xgb_churn_v2,2026-10-05T08:55:20.366037+00:00,0.14,Low,0,East,social,45,Male,Basic,Month-to-month,85.2,27,Customer tenure,Tenure,Lowers risk,-0.5526,Session minutes,Engagement,Lowers risk,-0.5154,Month-to-month contract,Plan & Billing,Raises risk,0.4302,Offer annual-contract incentive,1100,8,85.2,11.93,25-48m
5795-KTGUD,xgb_churn_v2,2026-10-05T08:55:20.366037+00:00,0.14,Low,0,Central,paid_search,42,Female,Pro,Two year,110.8,68,Customer tenure,Tenure,Lowers risk,-1.139,Month-to-month contract,Plan & Billing,Lowers risk,-0.8353,Failed payments (90d),Payments,Raises risk,0.5846,Payment recovery + switch to auto-pay,1101,8,110.8,15.51,49m+
9391-TTOYH,xgb_churn_v2,2026-10-05T08:55:20.366037+00:00,0.14,Low,0,South,partner,28,Female,Basic,Month-to-month,19.5,23,Monthly charge,Plan & Billing,Lowers risk,-1.0907,Amount paid (90d),Payments,Lowers risk,-0.6032,Feature adoption,Engagement,Lowers risk,-0.4033,General retention check-in,1102,8,19.5,2.73,13-24m
2530-ENDWQ,xgb_churn_v2,2026-10-05T08:55:20.366037+00:00,0.14,Low,1,South,organic,51,Female,Pro,Two year,93.7,71,Customer tenure,Tenure,Lowers risk,-1.5721,Feature adoption,Engagement,Raises risk,0.9398,Usage trend,Engagement,Raises risk,0.9201,Proactive feature walkthrough,1103,8,93.7,13.12,49m+
9798-OPFEM,xgb_churn_v2,2026-10-05T08:55:20.366037+00:00,0.14,Low,0,Central,organic,24,Female,Pro,Two year,21.1,46,Month-to-month contract,Plan & Billing,Lowers risk,-0.9166,Monthly charge,Plan & Billing,Lowers risk,-0.7622,Feature adoption,Engagement,Raises risk,0.5213,Proactive feature walkthrough,1104,8,21.1,2.95,25-48m
4350-ZTLPI,xgb_churn_v2,2026-10-05T08:55:20.366037+00:00,0.14,Low,0,West,partner,25,Female,Standard,One year,108.95,53,Feature adoption,Engagement,Lowers risk,-0.8606,Month-to-month contract,Plan & Billing,Lowers risk,-0.6843,Monthly charge,Plan & Billing,Raises risk,0.5324,Price-fit review / bundle offer,1105,8,108.95,15.25,49m+
3374-TTZTK,xgb_churn_v2,2026-10-05T08:55:20.366037+00:00,0.14,Low,0,South,social,54,Male,Pro,Two year,106.3,52,Monthly charge,Plan & Billing,Raises risk,0.9602,Month-to-month contract,Plan & Billing,Lowers risk,-0.756,Session minutes,Engagement,Lowers risk,-0.6016,Price-fit review / bundle offer,1106,8,106.3,14.88,49m+
9286-BHDQG,xgb_churn_v2,2026-10-05T08:55:20.366037+00:00,0.14,Low,0,North,paid_search,29,Male,Pro,Two year,45.25,72,Customer tenure,Tenure,Lowers risk,-1.2487,Month-to-month contract,Plan & Billing,Lowers risk,-0.9301,Usage trend,Engagement,Raises risk,0.5465,Proactive check-in call,1107,8,45.25,6.34,49m+
2335-GSODA,xgb_churn_v2,2026-10-05T08:55:20.366037+00:00,0.14,Low,0,West,social,24,Male,Pro,Two year,40.1,23,Month-to-month contract,Plan & Billing,Lowers risk,-0.9162,Usage trend,Engagement,Raises risk,0.7521,Two-year contract,Plan & Billing,Lowers risk,-0.3847,Proactive check-in call,1108,8,40.1,5.61,13-24m
0221-NAUXK,xgb_churn_v2,2026-10-05T08:55:20.366037+00:00,0.14,Low,0,East,paid_search,55,Male,Standard,One year,19.95,10,Monthly charge,Plan & Billing,Lowers risk,-0.9275,Month-to-month contract,Plan & Billing,Lowers risk,-0.9167,Session minutes,Engagement,Raises risk,0.6579,Proactive feature walkthrough,1109,8,19.95,2.79,7-12m
6504-VBLFL,xgb_churn_v2,2026-10-05T08:55:20.366037+00:00,0.14,Low,0,South,referral,56,Male,Pro,Two year,58.6,55,Month-to-month contract,Plan & Billing,Lowers risk,-0.9007,Customer tenure,Tenure,Lowers risk,-0.5484,Session minutes,Engagement,Raises risk,0.5089,Proactive feature walkthrough,1110,8,58.6,8.2,49m+
8587-XYZSF,xgb_churn_v2,2026-10-05T08:55:20.366037+00:00,0.14,Low,0,East,organic,39,Male,Pro,Two year,50.55,67,Month-to-month contract,Plan & Billing,Lowers risk,-1.0234,Customer tenure,Tenure,Lowers risk,-0.9509,Two-year contract,Plan & Billing,Lowers risk,-0.5189,General retention check-in,1111,8,50.55,7.08,49m+
8947-YRTDV,xgb_churn_v2,2026-10-05T08:55:20.366037+00:00,0.14,Low,0,Central,organic,26,Male,Standard,One year,94.8,32,Month-to-month contract,Plan & Billing,Lowers risk,-0.8335,Open support tickets,Support,Raises risk,0.4414,Feature adoption,Engagement,Lowers risk,-0.4169,Escalate to retention specialist,1112,8,94.8,13.27,25-48m
4598-ZADCK,xgb_churn_v2,2026-10-05T08:55:20.366037+00:00,0.14,Low,0,Central,social,23,Female,Standard,One year,53.6,53,Month-to-month contract,Plan & Billing,Lowers risk,-0.7697,Customer tenure,Tenure,Lowers risk,-0.6885,Feature adoption,Engagement,Lowers risk,-0.4086,General retention check-in,1113,8,53.6,7.5,49m+
0201-OAMXR,xgb_churn_v2,2026-10-05T08:55:20.366037+00:00,0.14,Low,1,South,paid_search,51,Female,Standard,One year,115.55,70,Customer tenure,Tenure,Lowers risk,-0.872,Month-to-month contract,Plan & Billing,Lowers risk,-0.8413,Feature adoption,Engagement,Raises risk,0.3111,Proactive feature walkthrough,1114,8,115.55,16.18,49m+
9367-OIUXP,xgb_churn_v2,2026-10-05T08:55:20.366037+00:00,0.14,Low,0,North,referral,54,Male,Basic,Month-to-month,20.7,4,Monthly charge,Plan & Billing,Lowers risk,-1.1306,Amount paid (90d),Payments,Lowers risk,-0.6248,Month-to-month contract,Plan & Billing,Raises risk,0.4343,Offer annual-contract incentive,1115,8,20.7,2.9,0-6m
5966-EMAZU,xgb_churn_v2,2026-10-05T08:55:20.366037+00:00,0.14,Low,0,West,organic,45,Male,Standard,One year,108.5,64,Customer tenure,Tenure,Lowers risk,-0.9191,Month-to-month contract,Plan & Billing,Lowers risk,-0.8086,Monthly charge,Plan & Billing,Raises risk,0.619,Price-fit review / bundle offer,1116,8,108.5,15.19,49m+
9272-LSVYH,xgb_churn_v2,2026-10-05T08:55:20.366037+00:00,0.14,Low,0,South,partner,29,Male,Basic,Month-to-month,70.15,10,Usage trend,Engagement,Lowers risk,-1.4884,Month-to-month contract,Plan & Billing,Raises risk,0.4698,Feature adoption,Engagement,Lowers risk,-0.3787,Offer annual-contract incentive,1117,8,70.15,9.82,7-12m
1840-BIUOG,xgb_churn_v2,2026-10-05T08:55:20.366037+00:00,0.14,Low,0,North,referral,22,Male,Standard,One year,68.7,20,Feature adoption,Engagement,Lowers risk,-0.8546,Month-to-month contract,Plan & Billing,Lowers risk,-0.7919,Failed payments (90d),Payments,Lowers risk,-0.3173,General retention check-in,1118,8,68.7,9.62,13-24m
1841-YSJGV,xgb_churn_v2,2026-10-05T08:55:20.366037+00:00,0.14,Low,0,East,partner,40,Male,Pro,Two year,109.95,72,Customer tenure,Tenure,Lowers risk,-1.7789,Month-to-month contract,Plan & Billing,Lowers risk,-0.7939,Monthly charge,Plan & Billing,Raises risk,0.5777,Price-fit review / bundle offer,1119,8,109.95,15.39,49m+
9426-SXNHE,xgb_churn_v2,2026-10-05T08:55:20.366037+00:00,0.14,Low,0,West,partner,39,Female,Basic,Month-to-month,18.75,2,Monthly charge,Plan & Billing,Lowers risk,-1.135,Amount paid (90d),Payments,Lowers risk,-0.7743,Customer tenure,Tenure,Raises risk,0.5815,Early-life onboarding call,1120,8,18.75,2.63,0-6m
8707-HOEDG,xgb_churn_v2,2026-10-05T08:55:20.366037+00:00,0.14,Low,0,East,paid_search,28,Female,Pro,Two year,110.2,70,Customer tenure,Tenure,Lowers risk,-0.8466,Month-to-month contract,Plan & Billing,Lowers risk,-0.7839,Feature adoption,Engagement,Lowers risk,-0.645,General retention check-in,1121,8,110.2,15.43,49m+
9742-XOKTS,xgb_churn_v2,2026-10-05T08:55:20.366037+00:00,0.14,Low,0,Central,referral,36,Male,Standard,One year,89.55,67,Month-to-month contract,Plan & Billing,Lowers risk,-0.9758,Customer tenure,Tenure,Lowers risk,-0.9291,Session count,Engagement,Lowers risk,-0.515,General retention check-in,1122,8,89.55,12.54,49m+
6890-PFRQX,xgb_churn_v2,2026-10-05T08:55:20.366037+00:00,0.14,Low,0,Central,paid_search,33,Male,Basic,Month-to-month,69.5,18,Usage trend,Engagement,Lowers risk,-0.7607,Session minutes,Engagement,Lowers risk,-0.5925,Month-to-month contract,Plan & Billing,Raises risk,0.4733,Offer annual-contract incentive,1123,8,69.5,9.73,13-24m
2159-TURXX,xgb_churn_v2,2026-10-05T08:55:20.366037+00:00,0.14,Low,0,East,partner,36,Male,Basic,Month-to-month,20.05,5,Monthly charge,Plan & Billing,Lowers risk,-1.1545,Amount paid (90d),Payments,Lowers risk,-0.6852,Month-to-month contract,Plan & Billing,Raises risk,0.4339,Offer annual-contract incentive,1124,8,20.05,2.81,0-6m
3617-XLSGQ,xgb_churn_v2,2026-10-05T08:55:20.366037+00:00,0.14,Low,0,South,social,45,Female,Pro,Two year,109.25,66,Customer tenure,Tenure,Lowers risk,-0.879,Month-to-month contract,Plan & Billing,Lowers risk,-0.8337,Billing-ticket share,Support,Raises risk,0.4716,Escalate to retention specialist,1125,8,109.25,15.3,49m+
3351-NQLDI,xgb_churn_v2,2026-10-05T08:55:20.366037+00:00,0.14,Low,1,West,partner,51,Female,Standard,One year,94.35,67,Customer tenure,Tenure,Lowers risk,-1.0707,Month-to-month contract,Plan & Billing,Lowers risk,-0.8683,Feature adoption,Engagement,Lowers risk,-0.5846,General retention check-in,1126,8,94.35,13.21,49m+
3606-SBKRY,xgb_churn_v2,2026-10-05T08:55:20.366037+00:00,0.14,Low,0,North,organic,29,Male,Standard,One year,50.05,31,Month-to-month contract,Plan & Billing,Lowers risk,-0.8535,Days since last active,Engagement,Raises risk,0.4352,Customer tenure,Tenure,Lowers risk,-0.3733,Proactive check-in call,1127,8,50.05,7.01,25-48m
3284-SVCRO,xgb_churn_v2,2026-10-05T08:55:20.366037+00:00,0.14,Low,0,East,organic,45,Female,Pro,Two year,25.5,45,Usage trend,Engagement,Raises risk,0.859,Month-to-month contract,Plan & Billing,Lowers risk,-0.8563,Monthly charge,Plan & Billing,Lowers risk,-0.6243,Proactive check-in call,1128,8,25.5,3.57,25-48m
0323-XWWTN,xgb_churn_v2,2026-10-05T08:55:20.366037+00:00,0.14,Low,0,South,organic,29,Male,Pro,Two year,26.4,3,Month-to-month contract,Plan & Billing,Lowers risk,-0.9534,Feature adoption,Engagement,Lowers risk,-0.7863,Usage trend,Engagement,Raises risk,0.6593,Proactive check-in call,1129,8,26.4,3.7,0-6m
4397-FRLTA,xgb_churn_v2,2026-10-05T08:55:20.366037+00:00,0.14,Low,0,South,partner,44,Female,Basic,Month-to-month,20.15,4,Monthly charge,Plan & Billing,Lowers risk,-1.2933,Amount paid (90d),Payments,Lowers risk,-0.7239,Usage trend,Engagement,Raises risk,0.6713,Proactive check-in call,1130,8,20.15,2.82,0-6m
6827-IEAUQ,xgb_churn_v2,2026-10-05T08:55:20.366037+00:00,0.14,Low,0,South,partner,43,Female,Standard,One year,66.15,27,Month-to-month contract,Plan & Billing,Lowers risk,-0.9014,Customer tenure,Tenure,Lowers risk,-0.3543,Feature adoption,Engagement,Raises risk,0.2885,Proactive feature walkthrough,1131,8,66.15,9.26,25-48m
8405-IGQFX,xgb_churn_v2,2026-10-05T08:55:20.366037+00:00,0.14,Low,0,Central,organic,49,Female,Standard,One year,90.05,63,Customer tenure,Tenure,Lowers risk,-1.0765,Month-to-month contract,Plan & Billing,Lowers risk,-0.9385,Ticket resolution time,Support,Lowers risk,-0.378,General retention check-in,1132,8,90.05,12.61,49m+
6508-NJYRO,xgb_churn_v2,2026-10-05T08:55:20.366037+00:00,0.14,Low,0,West,social,58,Male,Standard,One year,18.8,15,Monthly charge,Plan & Billing,Lowers risk,-0.9998,Month-to-month contract,Plan & Billing,Lowers risk,-0.9356,Amount paid (90d),Payments,Raises risk,0.7956,Payment recovery + switch to auto-pay,1133,8,18.8,2.63,13-24m
9592-ERDKV,xgb_churn_v2,2026-10-05T08:55:20.366037+00:00,0.14,Low,0,South,paid_search,51,Male,Standard,One year,79.25,37,Month-to-month contract,Plan & Billing,Lowers risk,-0.8836,Customer tenure,Tenure,Lowers risk,-0.4992,Feature adoption,Engagement,Lowers risk,-0.4528,General retention check-in,1134,8,79.25,11.1,25-48m
4808-YNLEU,xgb_churn_v2,2026-10-05T08:55:20.366037+00:00,0.14,Low,0,North,social,58,Female,Standard,One year,62.15,35,Month-to-month contract,Plan & Billing,Lowers risk,-0.8326,Days since last active,Engagement,Raises risk,0.519,Feature adoption,Engagement,Lowers risk,-0.4255,Proactive check-in call,1135,8,62.15,8.7,25-48m
3022-BEXHZ,xgb_churn_v2,2026-10-05T08:55:20.366037+00:00,0.14,Low,0,South,social,36,Male,Pro,Two year,111.2,67,Customer tenure,Tenure,Lowers risk,-1.0489,Month-to-month contract,Plan & Billing,Lowers risk,-0.892,Open support tickets,Support,Raises risk,0.4924,Escalate to retention specialist,1136,8,111.2,15.57,49m+
1480-BKXGA,xgb_churn_v2,2026-10-05T08:55:20.366037+00:00,0.14,Low,0,South,organic,60,Male,Pro,Two year,116.05,72,Customer tenure,Tenure,Lowers risk,-1.8208,Usage trend,Engagement,Raises risk,1.0313,Month-to-month contract,Plan & Billing,Lowers risk,-0.844,Proactive check-in call,1137,9,116.05,16.25,49m+
7923-IYJWY,xgb_churn_v2,2026-10-05T08:55:20.366037+00:00,0.14,Low,0,Central,paid_search,63,Male,Pro,Two year,116.1,67,Customer tenure,Tenure,Lowers risk,-0.8396,Month-to-month contract,Plan & Billing,Lowers risk,-0.7822,Two-year contract,Plan & Billing,Lowers risk,-0.3281,General retention check-in,1138,9,116.1,16.25,49m+
9473-CBZOP,xgb_churn_v2,2026-10-05T08:55:20.366037+00:00,0.14,Low,0,East,organic,49,Female,Standard,One year,59.0,28,Month-to-month contract,Plan & Billing,Lowers risk,-0.9234,Monthly charge,Plan & Billing,Lowers risk,-0.3765,Customer tenure,Tenure,Lowers risk,-0.3077,General retention check-in,1139,9,59.0,8.26,25-48m
9347-AERRL,xgb_churn_v2,2026-10-05T08:55:20.366037+00:00,0.14,Low,0,Central,referral,44,Male,Standard,One year,19.3,23,Amount paid (90d),Payments,Raises risk,0.9548,Month-to-month contract,Plan & Billing,Lowers risk,-0.8754,Monthly charge,Plan & Billing,Lowers risk,-0.7537,Payment recovery + switch to auto-pay,1140,9,19.3,2.7,13-24m
7951-VRDVK,xgb_churn_v2,2026-10-05T08:55:20.366037+00:00,0.14,Low,0,South,partner,49,Female,Standard,One year,85.85,36,Month-to-month contract,Plan & Billing,Lowers risk,-0.9099,Feature adoption,Engagement,Lowers risk,-0.9031,Customer tenure,Tenure,Lowers risk,-0.5049,General retention check-in,1141,9,85.85,12.02,25-48m
5446-DKWYW,xgb_churn_v2,2026-10-05T08:55:20.366037+00:00,0.14,Low,0,North,social,63,Female,Standard,One year,65.2,61,Month-to-month contract,Plan & Billing,Lowers risk,-0.842,Customer tenure,Tenure,Lowers risk,-0.8155,Ticket resolution time,Support,Lowers risk,-0.3299,General retention check-in,1142,9,65.2,9.13,49m+
0002-ORFBO,xgb_churn_v2,2026-10-05T08:55:20.366037+00:00,0.14,Low,0,West,organic,47,Female,Standard,One year,65.6,9,Month-to-month contract,Plan & Billing,Lowers risk,-0.8094,Session minutes,Engagement,Lowers risk,-0.5867,Open support tickets,Support,Raises risk,0.5278,Escalate to retention specialist,1143,9,65.6,9.18,7-12m
2640-LYMOV,xgb_churn_v2,2026-10-05T08:55:20.366037+00:00,0.13999999,Low,0,South,referral,53,Male,Basic,Month-to-month,19.65,2,Monthly charge,Plan & Billing,Lowers risk,-1.0201,Amount paid (90d),Payments,Lowers risk,-0.7149,Customer tenure,Tenure,Raises risk,0.5872,Early-life onboarding call,1144,9,19.65,2.75,0-6m
9079-YEXQJ,xgb_churn_v2,2026-10-05T08:55:20.366037+00:00,0.13999999,Low,1,South,paid_search,58,Female,Basic,Month-to-month,111.1,54,Usage trend,Engagement,Lowers risk,-1.3726,Customer tenure,Tenure,Lowers risk,-0.5386,Failed payments (90d),Payments,Lowers risk,-0.3803,General retention check-in,1145,9,111.1,15.55,49m+
0847-HGRML,xgb_churn_v2,2026-10-05T08:55:20.366037+00:00,0.13999999,Low,0,Central,organic,32,Male,Pro,Two year,20.0,62,Monthly charge,Plan & Billing,Lowers risk,-0.944,Usage trend,Engagement,Raises risk,0.9393,Customer tenure,Tenure,Lowers risk,-0.8741,Proactive check-in call,1146,9,20.0,2.8,49m+
8883-GRDWQ,xgb_churn_v2,2026-10-05T08:55:20.366037+00:00,0.13999999,Low,0,North,social,60,Male,Standard,One year,54.0,20,Month-to-month contract,Plan & Billing,Lowers risk,-0.8208,Customer age,Demographic,Raises risk,0.5291,Session minutes,Engagement,Lowers risk,-0.4747,General retention check-in,1147,9,54.0,7.56,13-24m
4730-AWNAU,xgb_churn_v2,2026-10-05T08:55:20.366037+00:00,0.13999999,Low,0,East,organic,41,Male,Standard,One year,60.7,36,Month-to-month contract,Plan & Billing,Lowers risk,-0.8225,Session count,Engagement,Raises risk,0.5694,Feature adoption,Engagement,Lowers risk,-0.5192,Proactive feature walkthrough,1148,9,60.7,8.5,25-48m
2320-SLKMB,xgb_churn_v2,2026-10-05T08:55:20.366037+00:00,0.13999999,Low,0,Central,referral,51,Female,Basic,Month-to-month,44.45,26,Month-to-month contract,Plan & Billing,Raises risk,0.4304,Customer tenure,Tenure,Lowers risk,-0.427,Monthly charge,Plan & Billing,Lowers risk,-0.3813,Offer annual-contract incentive,1149,9,44.45,6.22,25-48m
8331-ZXFOE,xgb_churn_v2,2026-10-05T08:55:20.366037+00:00,0.1355626,Low,0,East,partner,32,Female,Standard,One year,71.1,58,Month-to-month contract,Plan & Billing,Lowers risk,-0.9968,Customer tenure,Tenure,Lowers risk,-0.661,Days since last active,Engagement,Raises risk,0.2535,Proactive check-in call,1150,9,71.1,9.64,49m+
8150-QUDFX,xgb_churn_v2,2026-10-05T08:55:20.366037+00:00,0.10176268,Low,0,South,paid_search,38,Male,Basic,Month-to-month,19.85,2,Monthly charge,Plan & Billing,Lowers risk,-1.1298,Amount paid (90d),Payments,Lowers risk,-0.6864,Customer tenure,Tenure,Raises risk,0.5825,Early-life onboarding call,1151,9,19.85,2.02,0-6m
0384-LPITE,xgb_churn_v2,2026-10-05T08:55:20.366037+00:00,0.042372886,Low,0,South,social,26,Male,Standard,One year,62.05,40,Feature adoption,Engagement,Lowers risk,-1.4539,Month-to-month contract,Plan & Billing,Lowers risk,-0.7878,Usage trend,Engagement,Raises risk,0.5645,Proactive check-in call,1152,9,62.05,2.63,25-48m
8884-MRNSU,xgb_churn_v2,2026-10-05T08:55:20.366037+00:00,0.042372886,Low,0,Central,referral,22,Male,Standard,One year,19.9,17,Monthly charge,Plan & Billing,Lowers risk,-1.0446,Month-to-month contract,Plan & Billing,Lowers risk,-0.7976,Session count,Engagement,Lowers risk,-0.7222,General retention check-in,1153,9,19.9,0.84,13-24m
0604-THJFP,xgb_churn_v2,2026-10-05T08:55:20.366037+00:00,0.042372886,Low,0,West,paid_search,27,Female,Pro,Two year,75.95,59,Month-to-month contract,Plan & Billing,Lowers risk,-0.8588,Customer tenure,Tenure,Lowers risk,-0.5609,Feature adoption,Engagement,Lowers risk,-0.4858,General retention check-in,1154,9,75.95,3.22,49m+
6603-YRDCJ,xgb_churn_v2,2026-10-05T08:55:20.366037+00:00,0.042372886,Low,0,Central,organic,27,Male,Pro,Two year,61.05,33,Month-to-month contract,Plan & Billing,Lowers risk,-0.868,Two-year contract,Plan & Billing,Lowers risk,-0.4092,Customer tenure,Tenure,Lowers risk,-0.3398,General retention check-in,1155,9,61.05,2.59,25-48m
9392-XBGTD,xgb_churn_v2,2026-10-05T08:55:20.366037+00:00,0.042372886,Low,0,South,partner,53,Male,Pro,Two year,20.6,27,Monthly charge,Plan & Billing,Lowers risk,-1.0971,Month-to-month contract,Plan & Billing,Lowers risk,-0.8789,Amount paid (90d),Payments,Lowers risk,-0.5342,General retention check-in,1156,9,20.6,0.87,25-48m
2798-NYLMZ,xgb_churn_v2,2026-10-05T08:55:20.366037+00:00,0.042372886,Low,0,West,social,33,Male,Pro,Two year,108.55,71,Customer tenure,Tenure,Lowers risk,-1.1388,Month-to-month contract,Plan & Billing,Lowers risk,-0.8371,Feature adoption,Engagement,Lowers risk,-0.7361,General retention check-in,1157,9,108.55,4.6,49m+
7047-YXDMZ,xgb_churn_v2,2026-10-05T08:55:20.366037+00:00,0.042372886,Low,0,Central,social,55,Male,Basic,Month-to-month,20.0,21,Monthly charge,Plan & Billing,Lowers risk,-1.088,Amount paid (90d),Payments,Lowers risk,-0.62,Feature adoption,Engagement,Lowers risk,-0.4703,General retention check-in,1158,9,20.0,0.85,13-24m
8512-WIWYV,xgb_churn_v2,2026-10-05T08:55:20.366037+00:00,0.042372886,Low,0,South,organic,26,Male,Standard,One year,20.35,32,Monthly charge,Plan & Billing,Lowers risk,-1.0291,Month-to-month contract,Plan & Billing,Lowers risk,-0.834,Amount paid (90d),Payments,Lowers risk,-0.5226,General retention check-in,1159,9,20.35,0.86,25-48m
3873-WOSBC,xgb_churn_v2,2026-10-05T08:55:20.366037+00:00,0.042372882,Low,0,East,paid_search,34,Male,Pro,Two year,25.6,67,Month-to-month contract,Plan & Billing,Lowers risk,-0.9135,Customer tenure,Tenure,Lowers risk,-0.8308,Monthly charge,Plan & Billing,Lowers risk,-0.5976,General retention check-in,1160,9,25.6,1.08,49m+
9199-PWQVC,xgb_churn_v2,2026-10-05T08:55:20.366037+00:00,0.042372882,Low,0,East,referral,29,Female,Standard,One year,79.7,63,Customer tenure,Tenure,Lowers risk,-0.9941,Month-to-month contract,Plan & Billing,Lowers risk,-0.9151,Usage trend,Engagement,Lowers risk,-0.3532,General retention check-in,1161,9,79.7,3.38,49m+
9477-LGWQI,xgb_churn_v2,2026-10-05T08:55:20.366037+00:00,0.042372882,Low,0,East,organic,23,Male,Pro,Two year,80.15,70,Customer tenure,Tenure,Lowers risk,-1.1201,Month-to-month contract,Plan & Billing,Lowers risk,-0.8951,Two-year contract,Plan & Billing,Lowers risk,-0.35,General retention check-in,1162,9,80.15,3.4,49m+
6374-NTQLP,xgb_churn_v2,2026-10-05T08:55:20.366037+00:00,0.042372882,Low,0,North,social,62,Male,Pro,Two year,104.1,72,Customer tenure,Tenure,Lowers risk,-1.7178,Month-to-month contract,Plan & Billing,Lowers risk,-0.8299,Monthly charge,Plan & Billing,Raises risk,0.5865,Price-fit review / bundle offer,1163,9,104.1,4.41,49m+
2192-CKRLV,xgb_churn_v2,2026-10-05T08:55:20.366037+00:00,0.042372882,Low,0,West,organic,40,Female,Pro,Two year,49.2,72,Customer tenure,Tenure,Lowers risk,-1.383,Month-to-month contract,Plan & Billing,Lowers risk,-0.8929,Session count,Engagement,Lowers risk,-0.5588,General retention check-in,1164,9,49.2,2.08,49m+
4213-HKBJO,xgb_churn_v2,2026-10-05T08:55:20.366037+00:00,0.042372882,Low,0,West,organic,47,Female,Pro,Two year,25.7,33,Feature adoption,Engagement,Raises risk,0.8923,Month-to-month contract,Plan & Billing,Lowers risk,-0.8485,Monthly charge,Plan & Billing,Lowers risk,-0.6834,Proactive feature walkthrough,1165,9,25.7,1.09,25-48m
6892-BOGQE,xgb_churn_v2,2026-10-05T08:55:20.366037+00:00,0.042372882,Low,0,North,partner,23,Female,Pro,Two year,20.9,71,Customer tenure,Tenure,Lowers risk,-1.1586,Month-to-month contract,Plan & Billing,Lowers risk,-0.9039,Usage trend,Engagement,Raises risk,0.6723,Proactive check-in call,1166,9,20.9,0.89,49m+
7131-ZQZNK,xgb_churn_v2,2026-10-05T08:55:20.366037+00:00,0.042372882,Low,0,North,social,41,Female,Pro,Two year,59.85,60,Customer tenure,Tenure,Lowers risk,-0.9082,Month-to-month contract,Plan & Billing,Lowers risk,-0.8812,Feature adoption,Engagement,Raises risk,0.8307,Proactive feature walkthrough,1167,9,59.85,2.54,49m+
1333-PBMXB,xgb_churn_v2,2026-10-05T08:55:20.366037+00:00,0.042372882,Low,0,Central,referral,58,Female,Standard,One year,24.75,54,Month-to-month contract,Plan & Billing,Lowers risk,-0.8259,Customer tenure,Tenure,Lowers risk,-0.6218,Monthly charge,Plan & Billing,Lowers risk,-0.6072,General retention check-in,1168,9,24.75,1.05,49m+
0608-JDVEC,xgb_churn_v2,2026-10-05T08:55:20.366037+00:00,0.042372882,Low,0,Central,organic,22,Male,Pro,Two year,19.8,50,Monthly charge,Plan & Billing,Lowers risk,-0.9159,Month-to-month contract,Plan & Billing,Lowers risk,-0.8734,Feature adoption,Engagement,Raises risk,0.5498,Proactive feature walkthrough,1169,9,19.8,0.84,49m+
3057-VJJQE,xgb_churn_v2,2026-10-05T08:55:20.366037+00:00,0.042372882,Low,0,East,social,27,Male,Pro,Two year,55.25,35,Month-to-month contract,Plan & Billing,Lowers risk,-0.8603,Two-year contract,Plan & Billing,Lowers risk,-0.3838,Monthly charge,Plan & Billing,Lowers risk,-0.3333,General retention check-in,1170,9,55.25,2.34,25-48m
9674-EHPPG,xgb_churn_v2,2026-10-05T08:55:20.366037+00:00,0.042372882,Low,0,South,referral,32,Male,Pro,Two year,40.4,46,Month-to-month contract,Plan & Billing,Lowers risk,-0.8242,Feature adoption,Engagement,Raises risk,0.4924,Two-year contract,Plan & Billing,Lowers risk,-0.4892,Proactive feature walkthrough,1171,9,40.4,1.71,25-48m
8573-CGOCC,xgb_churn_v2,2026-10-05T08:55:20.366037+00:00,0.042372882,Low,0,Central,social,31,Male,Basic,Month-to-month,19.75,16,Usage trend,Engagement,Lowers risk,-1.3543,Monthly charge,Plan & Billing,Lowers risk,-1.0216,Amount paid (90d),Payments,Lowers risk,-0.5129,General retention check-in,1172,9,19.75,0.84,13-24m
5827-MWCZK,xgb_churn_v2,2026-10-05T08:55:20.366037+00:00,0.042372882,Low,0,West,social,44,Male,Basic,Month-to-month,96.95,56,Usage trend,Engagement,Lowers risk,-1.4579,Customer tenure,Tenure,Lowers risk,-0.7347,Feature adoption,Engagement,Lowers risk,-0.645,General retention check-in,1173,9,96.95,4.11,49m+
0835-JKADZ,xgb_churn_v2,2026-10-05T08:55:20.366037+00:00,0.042372882,Low,0,East,social,55,Female,Pro,Two year,111.25,71,Customer tenure,Tenure,Lowers risk,-1.2297,Month-to-month contract,Plan & Billing,Lowers risk,-0.8732,Usage trend,Engagement,Lowers risk,-0.3202,General retention check-in,1174,9,111.25,4.71,49m+
6479-OAUSD,xgb_churn_v2,2026-10-05T08:55:20.366037+00:00,0.042372882,Low,0,North,partner,33,Male,Standard,One year,19.9,25,Monthly charge,Plan & Billing,Lowers risk,-1.0868,Month-to-month contract,Plan & Billing,Lowers risk,-0.834,Feature adoption,Engagement,Lowers risk,-0.6012,General retention check-in,1175,9,19.9,0.84,25-48m
7515-LODFU,xgb_churn_v2,2026-10-05T08:55:20.366037+00:00,0.042372882,Low,0,East,referral,62,Male,Pro,Two year,20.3,69,Month-to-month contract,Plan & Billing,Lowers risk,-0.9907,Monthly charge,Plan & Billing,Lowers risk,-0.9214,Customer tenure,Tenure,Lowers risk,-0.7902,General retention check-in,1176,9,20.3,0.86,49m+
8752-IMQOS,xgb_churn_v2,2026-10-05T08:55:20.366037+00:00,0.042372882,Low,0,West,social,33,Male,Standard,One year,20.1,5,Monthly charge,Plan & Billing,Lowers risk,-1.2742,Month-to-month contract,Plan & Billing,Lowers risk,-0.956,Amount paid (90d),Payments,Lowers risk,-0.7484,General retention check-in,1177,9,20.1,0.85,0-6m
0230-WEQUW,xgb_churn_v2,2026-10-05T08:55:20.366037+00:00,0.042372882,Low,0,West,organic,29,Male,Pro,Two year,56.6,66,Customer tenure,Tenure,Lowers risk,-1.0705,Month-to-month contract,Plan & Billing,Lowers risk,-0.8723,Days since last active,Engagement,Raises risk,0.6663,Proactive check-in call,1178,9,56.6,2.4,49m+
1085-LDWAM,xgb_churn_v2,2026-10-05T08:55:20.366037+00:00,0.042372882,Low,0,South,organic,54,Female,Standard,One year,20.35,69,Monthly charge,Plan & Billing,Lowers risk,-1.1926,Month-to-month contract,Plan & Billing,Lowers risk,-0.9423,Customer tenure,Tenure,Lowers risk,-0.7396,General retention check-in,1179,9,20.35,0.86,49m+
8619-IJNDK,xgb_churn_v2,2026-10-05T08:55:20.366037+00:00,0.042372882,Low,0,Central,referral,45,Female,Pro,Two year,64.05,71,Month-to-month contract,Plan & Billing,Lowers risk,-0.979,Customer tenure,Tenure,Lowers risk,-0.906,Feature adoption,Engagement,Raises risk,0.7402,Proactive feature walkthrough,1180,9,64.05,2.71,49m+
1431-CYWMH,xgb_churn_v2,2026-10-05T08:55:20.366037+00:00,0.042372882,Low,0,East,organic,42,Female,Basic,Month-to-month,19.05,22,Monthly charge,Plan & Billing,Lowers risk,-1.2896,Amount paid (90d),Payments,Lowers risk,-0.6424,Session minutes,Engagement,Lowers risk,-0.5308,General retention check-in,1181,9,19.05,0.81,13-24m
0129-QMPDR,xgb_churn_v2,2026-10-05T08:55:20.366037+00:00,0.042372882,Low,0,West,referral,30,Male,Standard,One year,20.5,44,Monthly charge,Plan & Billing,Lowers risk,-1.0562,Month-to-month contract,Plan & Billing,Lowers risk,-0.8916,Feature adoption,Engagement,Raises risk,0.5415,Proactive feature walkthrough,1182,9,20.5,0.87,25-48m
5696-JVVQY,xgb_churn_v2,2026-10-05T08:55:20.366037+00:00,0.042372882,Low,0,West,organic,25,Female,Pro,Two year,70.1,48,Month-to-month contract,Plan & Billing,Lowers risk,-0.8927,Customer tenure,Tenure,Lowers risk,-0.6663,Days since last active,Engagement,Raises risk,0.4382,Proactive check-in call,1183,9,70.1,2.97,25-48m
5980-BDHPY,xgb_churn_v2,2026-10-05T08:55:20.366037+00:00,0.042372882,Low,0,East,partner,47,Male,Pro,Two year,87.1,72,Customer tenure,Tenure,Lowers risk,-1.6737,Month-to-month contract,Plan & Billing,Lowers risk,-0.9763,Days since last active,Engagement,Raises risk,0.4228,Proactive check-in call,1184,9,87.1,3.69,49m+
6119-SPUDB,xgb_churn_v2,2026-10-05T08:55:20.366037+00:00,0.042372882,Low,0,West,organic,23,Male,Pro,Two year,38.25,46,Month-to-month contract,Plan & Billing,Lowers risk,-0.8325,Customer tenure,Tenure,Lowers risk,-0.5465,Days since last active,Engagement,Raises risk,0.5141,Proactive check-in call,1185,9,38.25,1.62,25-48m
1444-VVSGW,xgb_churn_v2,2026-10-05T08:55:20.366037+00:00,0.042372882,Low,1,East,social,34,Male,Standard,One year,115.65,70,Month-to-month contract,Plan & Billing,Lowers risk,-0.8541,Customer tenure,Tenure,Lowers risk,-0.8225,Session minutes,Engagement,Lowers risk,-0.5669,General retention check-in,1186,9,115.65,4.9,49m+
0661-KQHNK,xgb_churn_v2,2026-10-05T08:55:20.366037+00:00,0.042372882,Low,0,West,partner,27,Female,Standard,One year,19.0,6,Monthly charge,Plan & Billing,Lowers risk,-1.1285,Month-to-month contract,Plan & Billing,Lowers risk,-0.9046,Amount paid (90d),Payments,Lowers risk,-0.717,General retention check-in,1187,9,19.0,0.81,0-6m
4111-BNXIF,xgb_churn_v2,2026-10-05T08:55:20.366037+00:00,0.042372882,Low,0,East,organic,37,Female,Pro,Two year,59.55,67,Month-to-month contract,Plan & Billing,Lowers risk,-0.9992,Customer tenure,Tenure,Lowers risk,-0.9507,Feature adoption,Engagement,Lowers risk,-0.9083,General retention check-in,1188,9,59.55,2.52,49m+
7319-ZNRTR,xgb_churn_v2,2026-10-05T08:55:20.366037+00:00,0.042372882,Low,0,Central,paid_search,51,Male,Standard,One year,19.6,25,Monthly charge,Plan & Billing,Lowers risk,-0.9237,Month-to-month contract,Plan & Billing,Lowers risk,-0.8529,Session minutes,Engagement,Raises risk,0.5733,Proactive feature walkthrough,1189,9,19.6,0.83,25-48m
9838-BFCQT,xgb_churn_v2,2026-10-05T08:55:20.366037+00:00,0.042372882,Low,0,East,organic,24,Male,Pro,Two year,26.1,72,Customer tenure,Tenure,Lowers risk,-1.4529,Month-to-month contract,Plan & Billing,Lowers risk,-1.0631,Monthly charge,Plan & Billing,Lowers risk,-0.5427,General retention check-in,1190,9,26.1,1.11,49m+
1337-BOZWO,xgb_churn_v2,2026-10-05T08:55:20.366037+00:00,0.042372882,Low,0,East,referral,35,Male,Standard,One year,46.4,18,Feature adoption,Engagement,Lowers risk,-0.8805,Month-to-month contract,Plan & Billing,Lowers risk,-0.8579,Usage trend,Engagement,Lowers risk,-0.7098,General retention check-in,1191,9,46.4,1.97,13-24m
0602-DDUML,xgb_churn_v2,2026-10-05T08:55:20.366037+00:00,0.042372882,Low,0,North,organic,43,Female,Pro,Two year,69.75,57,Month-to-month contract,Plan & Billing,Lowers risk,-0.8786,Customer tenure,Tenure,Lowers risk,-0.7396,Feature adoption,Engagement,Lowers risk,-0.7115,General retention check-in,1192,9,69.75,2.96,49m+
6837-BJYDQ,xgb_churn_v2,2026-10-05T08:55:20.366037+00:00,0.042372882,Low,0,East,social,23,Male,Standard,One year,19.6,3,Monthly charge,Plan & Billing,Lowers risk,-0.9686,Month-to-month contract,Plan & Billing,Lowers risk,-0.8599,Amount paid (90d),Payments,Lowers risk,-0.7371,General retention check-in,1193,9,19.6,0.83,0-6m
0885-HMGPY,xgb_churn_v2,2026-10-05T08:55:20.366037+00:00,0.042372882,Low,0,Central,referral,31,Male,Pro,Two year,69.4,62,Month-to-month contract,Plan & Billing,Lowers risk,-0.8768,Customer tenure,Tenure,Lowers risk,-0.8215,Days since last active,Engagement,Raises risk,0.398,Proactive check-in call,1194,9,69.4,2.94,49m+
4199-QHJNM,xgb_churn_v2,2026-10-05T08:55:20.366037+00:00,0.042372882,Low,0,Central,referral,60,Male,Pro,Two year,102.9,67,Usage trend,Engagement,Lowers risk,-1.3182,Customer tenure,Tenure,Lowers risk,-0.9927,Month-to-month contract,Plan & Billing,Lowers risk,-0.8375,General retention check-in,1195,9,102.9,4.36,49m+
4654-GGUII,xgb_churn_v2,2026-10-05T08:55:20.366037+00:00,0.042372882,Low,0,East,referral,43,Female,Standard,One year,40.2,18,Month-to-month contract,Plan & Billing,Lowers risk,-0.8457,Session minutes,Engagement,Lowers risk,-0.5486,Feature adoption,Engagement,Lowers risk,-0.5069,General retention check-in,1196,9,40.2,1.7,13-24m
1385-TQOZW,xgb_churn_v2,2026-10-05T08:55:20.366037+00:00,0.042372882,Low,0,North,referral,55,Female,Basic,Month-to-month,20.45,9,Monthly charge,Plan & Billing,Lowers risk,-1.1781,Session count,Engagement,Lowers risk,-0.6588,Amount paid (90d),Payments,Lowers risk,-0.5824,General retention check-in,1197,9,20.45,0.87,7-12m
0016-QLJIS,xgb_churn_v2,2026-10-05T08:55:20.366037+00:00,0.042372882,Low,0,North,social,48,Female,Pro,Two year,90.45,65,Customer tenure,Tenure,Lowers risk,-1.1987,Month-to-month contract,Plan & Billing,Lowers risk,-0.9335,Feature adoption,Engagement,Lowers risk,-0.8676,General retention check-in,1198,9,90.45,3.83,49m+
5485-ITNPC,xgb_churn_v2,2026-10-05T08:55:20.366037+00:00,0.042372882,Low,0,West,social,50,Male,Pro,Two year,85.9,66,Customer tenure,Tenure,Lowers risk,-1.0357,Month-to-month contract,Plan & Billing,Lowers risk,-0.9176,Feature adoption,Engagement,Lowers risk,-0.6385,General retention check-in,1199,9,85.9,3.64,49m+
0031-PVLZI,xgb_churn_v2,2026-10-05T08:55:20.366037+00:00,0.042372882,Low,1,West,paid_search,39,Female,Basic,Month-to-month,20.35,4,Monthly charge,Plan & Billing,Lowers risk,-1.2623,Amount paid (90d),Payments,Lowers risk,-0.7136,Month-to-month contract,Plan & Billing,Raises risk,0.4123,Offer annual-contract incentive,1200,9,20.35,0.86,0-6m
3696-XRIEN,xgb_churn_v2,2026-10-05T08:55:20.366037+00:00,0.042372882,Low,0,East,referral,32,Female,Standard,One year,82.5,50,Month-to-month contract,Plan & Billing,Lowers risk,-0.8944,Feature adoption,Engagement,Lowers risk,-0.8645,Customer tenure,Tenure,Lowers risk,-0.7476,General retention check-in,1201,9,82.5,3.5,49m+
1301-LOPVR,xgb_churn_v2,2026-10-05T08:55:20.366037+00:00,0.042372882,Low,0,East,referral,53,Male,Standard,One year,55.35,29,Feature adoption,Engagement,Lowers risk,-1.1292,Month-to-month contract,Plan & Billing,Lowers risk,-0.7817,Days since last active,Engagement,Raises risk,0.5927,Proactive check-in call,1202,9,55.35,2.35,25-48m
5622-UEJFI,xgb_churn_v2,2026-10-05T08:55:20.366037+00:00,0.042372882,Low,0,North,paid_search,39,Female,Pro,Two year,25.4,35,Month-to-month contract,Plan & Billing,Lowers risk,-0.8261,Monthly charge,Plan & Billing,Lowers risk,-0.555,Feature adoption,Engagement,Lowers risk,-0.5104,General retention check-in,1203,9,25.4,1.08,25-48m
2211-RMNHO,xgb_churn_v2,2026-10-05T08:55:20.366037+00:00,0.042372882,Low,0,North,social,33,Female,Pro,Two year,85.3,68,Customer tenure,Tenure,Lowers risk,-1.0762,Month-to-month contract,Plan & Billing,Lowers risk,-0.9392,Days since last active,Engagement,Raises risk,0.488,Proactive check-in call,1204,9,85.3,3.61,49m+
6234-RAAPL,xgb_churn_v2,2026-10-05T08:55:20.366037+00:00,0.042372882,Low,0,North,referral,30,Female,Pro,Two year,99.9,72,Customer tenure,Tenure,Lowers risk,-1.7186,Month-to-month contract,Plan & Billing,Lowers risk,-0.851,Monthly charge,Plan & Billing,Raises risk,0.4676,Price-fit review / bundle offer,1205,9,99.9,4.23,49m+
0730-BGQGF,xgb_churn_v2,2026-10-05T08:55:20.366037+00:00,0.042372882,Low,0,East,social,37,Male,Pro,Two year,90.3,71,Customer tenure,Tenure,Lowers risk,-1.2638,Month-to-month contract,Plan & Billing,Lowers risk,-1.0603,Two-year contract,Plan & Billing,Lowers risk,-0.4696,General retention check-in,1206,9,90.3,3.83,49m+
6082-GLJIX,xgb_churn_v2,2026-10-05T08:55:20.366037+00:00,0.042372882,Low,0,North,organic,40,Male,Basic,Month-to-month,19.25,18,Monthly charge,Plan & Billing,Lowers risk,-0.9803,Amount paid (90d),Payments,Lowers risk,-0.6485,Month-to-month contract,Plan & Billing,Raises risk,0.4013,Offer annual-contract incentive,1207,9,19.25,0.82,13-24m
3813-DHBBB,xgb_churn_v2,2026-10-05T08:55:20.366037+00:00,0.042372882,Low,0,South,referral,53,Male,Pro,Two year,50.95,67,Month-to-month contract,Plan & Billing,Lowers risk,-0.8503,Customer tenure,Tenure,Lowers risk,-0.8283,Two-year contract,Plan & Billing,Lowers risk,-0.3974,General retention check-in,1208,9,50.95,2.16,49m+
4102-HLENU,xgb_churn_v2,2026-10-05T08:55:20.366037+00:00,0.042372882,Low,0,West,organic,26,Female,Pro,Two year,65.65,67,Customer tenure,Tenure,Lowers risk,-1.1077,Month-to-month contract,Plan & Billing,Lowers risk,-0.9097,Failed payments (90d),Payments,Raises risk,0.4571,Payment recovery + switch to auto-pay,1209,9,65.65,2.78,49m+
7156-MXBJE,xgb_churn_v2,2026-10-05T08:55:20.366037+00:00,0.042372882,Low,0,South,social,54,Female,Standard,One year,85.1,43,Month-to-month contract,Plan & Billing,Lowers risk,-0.8965,Customer tenure,Tenure,Lowers risk,-0.6951,Feature adoption,Engagement,Lowers risk,-0.4118,General retention check-in,1210,9,85.1,3.61,25-48m
2682-KEVRP,xgb_churn_v2,2026-10-05T08:55:20.366037+00:00,0.042372882,Low,0,Central,referral,61,Female,Standard,One year,20.05,22,Monthly charge,Plan & Billing,Lowers risk,-1.009,Month-to-month contract,Plan & Billing,Lowers risk,-0.8092,Customer age,Demographic,Raises risk,0.69,General retention check-in,1211,9,20.05,0.85,13-24m
8232-CTLKO,xgb_churn_v2,2026-10-05T08:55:20.366037+00:00,0.042372882,Low,0,North,paid_search,27,Female,Pro,Two year,59.75,66,Usage trend,Engagement,Lowers risk,-1.1703,Month-to-month contract,Plan & Billing,Lowers risk,-0.9195,Customer tenure,Tenure,Lowers risk,-0.9106,General retention check-in,1212,9,59.75,2.53,49m+
6519-ZHPXP,xgb_churn_v2,2026-10-05T08:55:20.366037+00:00,0.042372882,Low,0,West,social,32,Female,Pro,Two year,108.3,72,Customer tenure,Tenure,Lowers risk,-1.6264,Month-to-month contract,Plan & Billing,Lowers risk,-0.8633,Monthly charge,Plan & Billing,Raises risk,0.4707,Price-fit review / bundle offer,1213,9,108.3,4.59,49m+
8226-BXGES,xgb_churn_v2,2026-10-05T08:55:20.366037+00:00,0.042372882,Low,0,Central,partner,40,Male,Standard,One year,89.45,64,Customer tenure,Tenure,Lowers risk,-1.0842,Session count,Engagement,Lowers risk,-0.9098,Month-to-month contract,Plan & Billing,Lowers risk,-0.8645,General retention check-in,1214,9,89.45,3.79,49m+
9447-YPTBX,xgb_churn_v2,2026-10-05T08:55:20.366037+00:00,0.042372882,Low,0,Central,social,23,Female,Standard,One year,19.85,50,Monthly charge,Plan & Billing,Lowers risk,-0.9711,Month-to-month contract,Plan & Billing,Lowers risk,-0.764,Customer tenure,Tenure,Lowers risk,-0.5671,General retention check-in,1215,9,19.85,0.84,49m+
1776-SPBWV,xgb_churn_v2,2026-10-05T08:55:20.366037+00:00,0.042372882,Low,0,East,paid_search,57,Female,Standard,One year,20.1,34,Usage trend,Engagement,Lowers risk,-1.1638,Monthly charge,Plan & Billing,Lowers risk,-1.1069,Month-to-month contract,Plan & Billing,Lowers risk,-0.8907,General retention check-in,1216,9,20.1,0.85,25-48m
4006-HKYHO,xgb_churn_v2,2026-10-05T08:55:20.366037+00:00,0.042372882,Low,0,East,social,56,Male,Pro,Two year,86.7,63,Customer tenure,Tenure,Lowers risk,-1.0366,Month-to-month contract,Plan & Billing,Lowers risk,-0.8817,Usage trend,Engagement,Raises risk,0.5924,Proactive check-in call,1217,9,86.7,3.67,49m+
3996-ZNWYK,xgb_churn_v2,2026-10-05T08:55:20.366037+00:00,0.042372882,Low,0,South,paid_search,62,Male,Pro,Two year,19.8,71,Monthly charge,Plan & Billing,Lowers risk,-0.9378,Customer tenure,Tenure,Lowers risk,-0.9317,Month-to-month contract,Plan & Billing,Lowers risk,-0.8292,General retention check-in,1218,9,19.8,0.84,49m+
5197-YPYBZ,xgb_churn_v2,2026-10-05T08:55:20.366037+00:00,0.042372882,Low,0,North,organic,39,Female,Pro,Two year,25.25,12,Month-to-month contract,Plan & Billing,Lowers risk,-0.9505,Monthly charge,Plan & Billing,Lowers risk,-0.762,Session count,Engagement,Lowers risk,-0.4108,General retention check-in,1219,9,25.25,1.07,7-12m
3308-JSGML,xgb_churn_v2,2026-10-05T08:55:20.366037+00:00,0.042372882,Low,0,North,referral,62,Male,Pro,Two year,64.05,59,Month-to-month contract,Plan & Billing,Lowers risk,-0.8285,Customer age,Demographic,Raises risk,0.6824,Feature adoption,Engagement,Lowers risk,-0.5673,General retention check-in,1220,9,64.05,2.71,49m+
6953-PBDIN,xgb_churn_v2,2026-10-05T08:55:20.366037+00:00,0.042372882,Low,0,Central,partner,50,Male,Pro,Two year,72.95,70,Month-to-month contract,Plan & Billing,Lowers risk,-1.0053,Customer tenure,Tenure,Lowers risk,-0.9163,Days since last active,Engagement,Raises risk,0.5121,Proactive check-in call,1221,9,72.95,3.09,49m+
7670-ZBPOQ,xgb_churn_v2,2026-10-05T08:55:20.366037+00:00,0.042372882,Low,0,West,social,50,Female,Standard,One year,61.05,58,Month-to-month contract,Plan & Billing,Lowers risk,-0.7876,Days since last active,Engagement,Raises risk,0.59,Customer tenure,Tenure,Lowers risk,-0.5222,Proactive check-in call,1222,9,61.05,2.59,49m+
3192-NQECA,xgb_churn_v2,2026-10-05T08:55:20.366037+00:00,0.042372882,Low,1,North,paid_search,38,Male,Pro,Two year,110.0,68,Month-to-month contract,Plan & Billing,Lowers risk,-0.8749,Customer tenure,Tenure,Lowers risk,-0.8604,Usage trend,Engagement,Lowers risk,-0.7669,General retention check-in,1223,9,110.0,4.66,49m+
0743-HNPFG,xgb_churn_v2,2026-10-05T08:55:20.366037+00:00,0.042372882,Low,0,South,referral,40,Female,Standard,One year,69.75,51,Month-to-month contract,Plan & Billing,Lowers risk,-0.8736,Customer tenure,Tenure,Lowers risk,-0.6412,Days since last active,Engagement,Raises risk,0.3926,Proactive check-in call,1224,9,69.75,2.96,49m+
4697-LUPSU,xgb_churn_v2,2026-10-05T08:55:20.366037+00:00,0.042372882,Low,0,West,paid_search,55,Male,Standard,One year,20.2,2,Monthly charge,Plan & Billing,Lowers risk,-1.1524,Month-to-month contract,Plan & Billing,Lowers risk,-0.9276,Amount paid (90d),Payments,Lowers risk,-0.6198,General retention check-in,1225,9,20.2,0.86,0-6m
1971-DTCZB,xgb_churn_v2,2026-10-05T08:55:20.366037+00:00,0.042372882,Low,0,South,paid_search,22,Female,Pro,Two year,90.95,72,Customer tenure,Tenure,Lowers risk,-1.7932,Month-to-month contract,Plan & Billing,Lowers risk,-0.8896,Billing-ticket share,Support,Raises risk,0.5421,Escalate to retention specialist,1226,9,90.95,3.85,49m+
0229-LFJAF,xgb_churn_v2,2026-10-05T08:55:20.366037+00:00,0.042372882,Low,0,South,paid_search,36,Male,Pro,Two year,69.65,72,Customer tenure,Tenure,Lowers risk,-1.4603,Month-to-month contract,Plan & Billing,Lowers risk,-1.0269,Two-year contract,Plan & Billing,Lowers risk,-0.4646,General retention check-in,1227,9,69.65,2.95,49m+
7501-IWUNG,xgb_churn_v2,2026-10-05T08:55:20.366037+00:00,0.042372882,Low,0,North,paid_search,54,Female,Pro,Two year,73.8,61,Usage trend,Engagement,Raises risk,1.0273,Month-to-month contract,Plan & Billing,Lowers risk,-0.8943,Customer tenure,Tenure,Lowers risk,-0.855,Proactive check-in call,1228,9,73.8,3.13,49m+
5201-CBWYG,xgb_churn_v2,2026-10-05T08:55:20.366037+00:00,0.042372882,Low,0,West,partner,28,Male,Standard,One year,24.8,62,Customer tenure,Tenure,Lowers risk,-0.8905,Month-to-month contract,Plan & Billing,Lowers risk,-0.8268,Amount paid (90d),Payments,Lowers risk,-0.5875,General retention check-in,1229,9,24.8,1.05,49m+
9500-WBGRP,xgb_churn_v2,2026-10-05T08:55:20.366037+00:00,0.042372882,Low,0,West,organic,37,Male,Pro,Two year,19.1,69,Monthly charge,Plan & Billing,Lowers risk,-0.9892,Amount paid (90d),Payments,Raises risk,0.9569,Usage trend,Engagement,Raises risk,0.9565,Payment recovery + switch to auto-pay,1230,9,19.1,0.81,49m+
7153-CHRBV,xgb_churn_v2,2026-10-05T08:55:20.366037+00:00,0.042372882,Low,0,North,partner,28,Female,Standard,One year,59.3,57,Month-to-month contract,Plan & Billing,Lowers risk,-0.7972,Feature adoption,Engagement,Raises risk,0.6812,Session minutes,Engagement,Lowers risk,-0.5934,Proactive feature walkthrough,1231,9,59.3,2.51,49m+
2197-OMWGI,xgb_churn_v2,2026-10-05T08:55:20.366037+00:00,0.042372882,Low,0,North,social,60,Female,Pro,Two year,53.0,68,Usage trend,Engagement,Lowers risk,-1.2576,Customer tenure,Tenure,Lowers risk,-1.0355,Month-to-month contract,Plan & Billing,Lowers risk,-0.8658,General retention check-in,1232,9,53.0,2.25,49m+
9823-EALYC,xgb_churn_v2,2026-10-05T08:55:20.366037+00:00,0.042372882,Low,0,North,organic,37,Male,Pro,Two year,80.85,72,Customer tenure,Tenure,Lowers risk,-1.7661,Usage trend,Engagement,Raises risk,0.9765,Month-to-month contract,Plan & Billing,Lowers risk,-0.8904,Proactive check-in call,1233,9,80.85,3.43,49m+
8853-TZDGH,xgb_churn_v2,2026-10-05T08:55:20.366037+00:00,0.042372882,Low,0,East,organic,33,Female,Pro,Two year,111.6,72,Customer tenure,Tenure,Lowers risk,-1.677,Month-to-month contract,Plan & Billing,Lowers risk,-0.8388,Two-year contract,Plan & Billing,Lowers risk,-0.2935,General retention check-in,1234,9,111.6,4.73,49m+
3892-NXAZG,xgb_churn_v2,2026-10-05T08:55:20.366037+00:00,0.042372882,Low,0,Central,organic,41,Male,Pro,Two year,114.05,72,Customer tenure,Tenure,Lowers risk,-1.8042,Month-to-month contract,Plan & Billing,Lowers risk,-0.9341,Usage trend,Engagement,Raises risk,0.6846,Proactive check-in call,1235,9,114.05,4.83,49m+
1264-FUHCX,xgb_churn_v2,2026-10-05T08:55:20.366037+00:00,0.042372882,Low,0,South,social,41,Female,Standard,One year,56.3,49,Feature adoption,Engagement,Lowers risk,-1.0092,Month-to-month contract,Plan & Billing,Lowers risk,-0.8801,Customer tenure,Tenure,Lowers risk,-0.5663,General retention check-in,1236,9,56.3,2.39,49m+
5382-TEMLV,xgb_churn_v2,2026-10-05T08:55:20.366037+00:00,0.042372882,Low,0,West,referral,36,Male,Basic,Month-to-month,50.9,45,Feature adoption,Engagement,Lowers risk,-0.988,Customer tenure,Tenure,Lowers risk,-0.6323,Monthly charge,Plan & Billing,Lowers risk,-0.4417,General retention check-in,1237,9,50.9,2.16,25-48m
7480-SPLEF,xgb_churn_v2,2026-10-05T08:55:20.366037+00:00,0.042372882,Low,0,West,partner,27,Male,Pro,Two year,26.0,69,Month-to-month contract,Plan & Billing,Lowers risk,-0.9082,Customer tenure,Tenure,Lowers risk,-0.8844,Monthly charge,Plan & Billing,Lowers risk,-0.6163,General retention check-in,1238,9,26.0,1.1,49m+
9236-NDUCW,xgb_churn_v2,2026-10-05T08:55:20.366037+00:00,0.042372882,Low,0,Central,referral,43,Female,Pro,Two year,35.1,21,Month-to-month contract,Plan & Billing,Lowers risk,-0.8728,Days since last active,Engagement,Raises risk,0.4715,Two-year contract,Plan & Billing,Lowers risk,-0.4014,Proactive check-in call,1239,9,35.1,1.49,13-24m
0402-OAMEN,xgb_churn_v2,2026-10-05T08:55:20.366037+00:00,0.042372882,Low,0,South,partner,36,Female,Pro,Two year,24.45,72,Customer tenure,Tenure,Lowers risk,-1.3813,Month-to-month contract,Plan & Billing,Lowers risk,-0.8401,Session count,Engagement,Raises risk,0.6338,Proactive feature walkthrough,1240,9,24.45,1.04,49m+
7860-KSUGX,xgb_churn_v2,2026-10-05T08:55:20.366037+00:00,0.042372882,Low,0,South,partner,35,Male,Pro,Two year,64.45,72,Customer tenure,Tenure,Lowers risk,-1.4392,Month-to-month contract,Plan & Billing,Lowers risk,-0.8712,Feature adoption,Engagement,Raises risk,0.5563,Proactive feature walkthrough,1241,9,64.45,2.73,49m+
9867-NNXLC,xgb_churn_v2,2026-10-05T08:55:20.366037+00:00,0.042372882,Low,0,West,organic,43,Female,Basic,Month-to-month,20.05,22,Monthly charge,Plan & Billing,Lowers risk,-1.0779,Session minutes,Engagement,Lowers risk,-0.6404,Amount paid (90d),Payments,Lowers risk,-0.5229,General retention check-in,1242,9,20.05,0.85,13-24m
8966-KZXXA,xgb_churn_v2,2026-10-05T08:55:20.366037+00:00,0.042372882,Low,0,West,paid_search,43,Male,Pro,Two year,25.1,36,Month-to-month contract,Plan & Billing,Lowers risk,-0.9043,Monthly charge,Plan & Billing,Lowers risk,-0.6589,Amount paid (90d),Payments,Lowers risk,-0.5437,General retention check-in,1243,9,25.1,1.06,25-48m
8314-HTWVE,xgb_churn_v2,2026-10-05T08:55:20.366037+00:00,0.042372882,Low,0,North,organic,49,Female,Pro,Two year,19.85,7,Monthly charge,Plan & Billing,Lowers risk,-1.2411,Month-to-month contract,Plan & Billing,Lowers risk,-0.8444,Usage trend,Engagement,Raises risk,0.704,Proactive check-in call,1244,9,19.85,0.84,7-12m
4091-TVOCN,xgb_churn_v2,2026-10-05T08:55:20.366037+00:00,0.042372882,Low,0,Central,paid_search,35,Male,Standard,One year,78.75,48,Month-to-month contract,Plan & Billing,Lowers risk,-0.8754,Customer tenure,Tenure,Lowers risk,-0.6746,Feature adoption,Engagement,Lowers risk,-0.299,General retention check-in,1245,9,78.75,3.34,25-48m
0233-FTHAV,xgb_churn_v2,2026-10-05T08:55:20.366037+00:00,0.042372882,Low,0,South,partner,51,Female,Standard,One year,79.2,60,Customer tenure,Tenure,Lowers risk,-1.1871,Month-to-month contract,Plan & Billing,Lowers risk,-0.9934,Session count,Engagement,Lowers risk,-0.9267,General retention check-in,1246,9,79.2,3.36,49m+
3795-CAWEX,xgb_churn_v2,2026-10-05T08:55:20.366037+00:00,0.042372882,Low,0,West,paid_search,54,Male,Pro,Two year,116.55,70,Customer tenure,Tenure,Lowers risk,-0.8561,Month-to-month contract,Plan & Billing,Lowers risk,-0.8009,Session minutes,Engagement,Lowers risk,-0.4257,General retention check-in,1247,9,116.55,4.94,49m+
9063-ZGTUY,xgb_churn_v2,2026-10-05T08:55:20.366037+00:00,0.042372882,Low,1,Central,referral,31,Female,Basic,Month-to-month,19.4,61,Customer tenure,Tenure,Lowers risk,-0.9164,Monthly charge,Plan & Billing,Lowers risk,-0.88,Amount paid (90d),Payments,Lowers risk,-0.4487,General retention check-in,1248,9,19.4,0.82,49m+
1945-XISKS,xgb_churn_v2,2026-10-05T08:55:20.366037+00:00,0.042372882,Low,0,East,organic,54,Female,Pro,Two year,19.65,67,Monthly charge,Plan & Billing,Lowers risk,-1.0761,Customer tenure,Tenure,Lowers risk,-1.022,Month-to-month contract,Plan & Billing,Lowers risk,-0.8799,General retention check-in,1249,9,19.65,0.83,49m+
5286-YHCVC,xgb_churn_v2,2026-10-05T08:55:20.366037+00:00,0.042372882,Low,0,West,social,57,Male,Pro,Two year,104.8,72,Customer tenure,Tenure,Lowers risk,-1.6518,Month-to-month contract,Plan & Billing,Lowers risk,-0.9431,Monthly charge,Plan & Billing,Raises risk,0.6422,Price-fit review / bundle offer,1250,9,104.8,4.44,49m+
8097-VBQTZ,xgb_churn_v2,2026-10-05T08:55:20.366037+00:00,0.042372882,Low,0,South,social,28,Male,Basic,Month-to-month,69.9,54,Customer tenure,Tenure,Lowers risk,-0.691,Feature adoption,Engagement,Lowers risk,-0.6016,Month-to-month contract,Plan & Billing,Raises risk,0.4282,Offer annual-contract incentive,1251,9,69.9,2.96,49m+
5322-TEUJK,xgb_churn_v2,2026-10-05T08:55:20.366037+00:00,0.042372882,Low,0,Central,referral,50,Female,Pro,Two year,114.6,71,Customer tenure,Tenure,Lowers risk,-1.2624,Month-to-month contract,Plan & Billing,Lowers risk,-0.9455,Two-year contract,Plan & Billing,Lowers risk,-0.4183,General retention check-in,1252,9,114.6,4.86,49m+
2466-FCCPT,xgb_churn_v2,2026-10-05T08:55:20.366037+00:00,0.042372882,Low,0,Central,partner,49,Female,Standard,One year,19.7,20,Monthly charge,Plan & Billing,Lowers risk,-1.0189,Month-to-month contract,Plan & Billing,Lowers risk,-0.8174,Amount paid (90d),Payments,Lowers risk,-0.5566,General retention check-in,1253,9,19.7,0.83,13-24m
8612-GXIDD,xgb_churn_v2,2026-10-05T08:55:20.366037+00:00,0.042372882,Low,0,South,partner,53,Male,Pro,Two year,25.4,12,Month-to-month contract,Plan & Billing,Lowers risk,-0.8285,Monthly charge,Plan & Billing,Lowers risk,-0.6734,Days since last active,Engagement,Raises risk,0.4127,Proactive check-in call,1254,9,25.4,1.08,7-12m
3050-RLLXC,xgb_churn_v2,2026-10-05T08:55:20.366037+00:00,0.042372882,Low,0,West,referral,25,Female,Pro,Two year,81.25,56,Month-to-month contract,Plan & Billing,Lowers risk,-0.9474,Customer tenure,Tenure,Lowers risk,-0.8158,Session minutes,Engagement,Lowers risk,-0.4357,General retention check-in,1255,9,81.25,3.44,49m+
2788-CJQAQ,xgb_churn_v2,2026-10-05T08:55:20.366037+00:00,0.042372882,Low,0,Central,paid_search,45,Male,Standard,One year,19.45,13,Monthly charge,Plan & Billing,Lowers risk,-1.0468,Month-to-month contract,Plan & Billing,Lowers risk,-0.7626,Amount paid (90d),Payments,Lowers risk,-0.605,General retention check-in,1256,9,19.45,0.82,13-24m
3327-YBAKM,xgb_churn_v2,2026-10-05T08:55:20.366037+00:00,0.042372882,Low,0,Central,partner,50,Female,Standard,One year,96.9,64,Customer tenure,Tenure,Lowers risk,-1.1288,Month-to-month contract,Plan & Billing,Lowers risk,-0.7434,Monthly charge,Plan & Billing,Raises risk,0.6286,Price-fit review / bundle offer,1257,9,96.9,4.11,49m+
1821-BUCWY,xgb_churn_v2,2026-10-05T08:55:20.366037+00:00,0.042372882,Low,0,West,social,47,Male,Pro,Two year,55.65,30,Month-to-month contract,Plan & Billing,Lowers risk,-0.9197,Two-year contract,Plan & Billing,Lowers risk,-0.437,Customer tenure,Tenure,Lowers risk,-0.3673,General retention check-in,1258,9,55.65,2.36,25-48m
6923-AQONU,xgb_churn_v2,2026-10-05T08:55:20.366037+00:00,0.042372882,Low,0,North,social,26,Male,Pro,Two year,20.9,23,Month-to-month contract,Plan & Billing,Lowers risk,-0.8291,Monthly charge,Plan & Billing,Lowers risk,-0.7615,Feature adoption,Engagement,Lowers risk,-0.5866,General retention check-in,1259,9,20.9,0.89,13-24m
6997-UVGOX,xgb_churn_v2,2026-10-05T08:55:20.366037+00:00,0.042372882,Low,0,Central,paid_search,54,Male,Pro,Two year,85.45,71,Customer tenure,Tenure,Lowers risk,-1.3111,Month-to-month contract,Plan & Billing,Lowers risk,-0.9061,Days since last active,Engagement,Raises risk,0.4169,Proactive check-in call,1260,9,85.45,3.62,49m+
1320-GVNHT,xgb_churn_v2,2026-10-05T08:55:20.366037+00:00,0.042372882,Low,0,East,referral,25,Male,Pro,Two year,108.4,72,Customer tenure,Tenure,Lowers risk,-1.4826,Month-to-month contract,Plan & Billing,Lowers risk,-0.9716,Monthly charge,Plan & Billing,Raises risk,0.4576,Price-fit review / bundle offer,1261,9,108.4,4.59,49m+
3563-SVYLG,xgb_churn_v2,2026-10-05T08:55:20.366037+00:00,0.042372882,Low,0,Central,social,52,Male,Pro,Two year,62.65,68,Month-to-month contract,Plan & Billing,Lowers risk,-0.9188,Customer tenure,Tenure,Lowers risk,-0.8763,Two-year contract,Plan & Billing,Lowers risk,-0.4384,General retention check-in,1262,9,62.65,2.65,49m+
5614-DNZCE,xgb_churn_v2,2026-10-05T08:55:20.366037+00:00,0.042372882,Low,0,East,referral,22,Female,Pro,Two year,64.9,58,Month-to-month contract,Plan & Billing,Lowers risk,-0.959,Feature adoption,Engagement,Lowers risk,-0.5962,Customer tenure,Tenure,Lowers risk,-0.5375,General retention check-in,1263,9,64.9,2.75,49m+
1557-EMYVT,xgb_churn_v2,2026-10-05T08:55:20.366037+00:00,0.042372882,Low,0,West,organic,43,Female,Pro,Two year,115.05,43,Month-to-month contract,Plan & Billing,Lowers risk,-0.7533,Customer tenure,Tenure,Lowers risk,-0.4326,Two-year contract,Plan & Billing,Lowers risk,-0.3144,General retention check-in,1264,9,115.05,4.88,25-48m
2123-VSCOT,xgb_churn_v2,2026-10-05T08:55:20.366037+00:00,0.042372882,Low,0,West,paid_search,36,Female,Pro,Two year,72.1,59,Month-to-month contract,Plan & Billing,Lowers risk,-0.8838,Customer tenure,Tenure,Lowers risk,-0.5817,Two-year contract,Plan & Billing,Lowers risk,-0.3582,General retention check-in,1265,9,72.1,3.06,49m+
3533-UVMOM,xgb_churn_v2,2026-10-05T08:55:20.366037+00:00,0.042372882,Low,0,South,organic,31,Male,Pro,Two year,70.95,68,Customer tenure,Tenure,Lowers risk,-1.0331,Month-to-month contract,Plan & Billing,Lowers risk,-1.0232,Failed payments (90d),Payments,Raises risk,0.51,Payment recovery + switch to auto-pay,1266,9,70.95,3.01,49m+
4537-CIBHB,xgb_churn_v2,2026-10-05T08:55:20.366037+00:00,0.042372882,Low,0,North,paid_search,33,Female,Standard,One year,20.25,9,Monthly charge,Plan & Billing,Lowers risk,-1.0809,Month-to-month contract,Plan & Billing,Lowers risk,-0.9512,Amount paid (90d),Payments,Lowers risk,-0.6648,General retention check-in,1267,9,20.25,0.86,7-12m
6016-LVTJQ,xgb_churn_v2,2026-10-05T08:55:20.366037+00:00,0.042372882,Low,0,North,referral,30,Female,Basic,Month-to-month,20.65,34,Monthly charge,Plan & Billing,Lowers risk,-0.8387,Feature adoption,Engagement,Lowers risk,-0.8274,Usage trend,Engagement,Lowers risk,-0.6015,General retention check-in,1268,9,20.65,0.88,25-48m
8028-PNXHQ,xgb_churn_v2,2026-10-05T08:55:20.366037+00:00,0.042372882,Low,0,Central,referral,40,Male,Pro,Two year,24.25,62,Month-to-month contract,Plan & Billing,Lowers risk,-1.0109,Customer tenure,Tenure,Lowers risk,-0.8023,Monthly charge,Plan & Billing,Lowers risk,-0.7837,General retention check-in,1269,9,24.25,1.03,49m+
2904-GGUAZ,xgb_churn_v2,2026-10-05T08:55:20.366037+00:00,0.042372882,Low,0,North,social,45,Female,Pro,Two year,84.05,72,Customer tenure,Tenure,Lowers risk,-1.8051,Usage trend,Engagement,Raises risk,0.9971,Month-to-month contract,Plan & Billing,Lowers risk,-0.9008,Proactive check-in call,1270,9,84.05,3.56,49m+
2253-KPMNB,xgb_churn_v2,2026-10-05T08:55:20.366037+00:00,0.042372882,Low,0,West,paid_search,32,Female,Pro,Two year,46.25,69,Feature adoption,Engagement,Lowers risk,-1.5224,Month-to-month contract,Plan & Billing,Lowers risk,-0.9002,Customer tenure,Tenure,Lowers risk,-0.7727,General retention check-in,1271,9,46.25,1.96,49m+
9959-WOFKT,xgb_churn_v2,2026-10-05T08:55:20.366037+00:00,0.042372882,Low,0,South,paid_search,39,Male,Pro,Two year,106.7,71,Customer tenure,Tenure,Lowers risk,-1.1206,Month-to-month contract,Plan & Billing,Lowers risk,-0.8146,Monthly charge,Plan & Billing,Raises risk,0.6485,Price-fit review / bundle offer,1272,9,106.7,4.52,49m+
0206-TBWLC,xgb_churn_v2,2026-10-05T08:55:20.366037+00:00,0.042372882,Low,0,West,social,53,Female,Standard,One year,114.65,54,Month-to-month contract,Plan & Billing,Lowers risk,-0.7211,Feature adoption,Engagement,Lowers risk,-0.6469,Customer tenure,Tenure,Lowers risk,-0.6213,General retention check-in,1273,9,114.65,4.86,49m+
6814-ZPWFQ,xgb_churn_v2,2026-10-05T08:55:20.366037+00:00,0.042372882,Low,0,South,referral,62,Male,Standard,One year,25.0,51,Month-to-month contract,Plan & Billing,Lowers risk,-0.8263,Customer age,Demographic,Raises risk,0.6788,Monthly charge,Plan & Billing,Lowers risk,-0.6759,General retention check-in,1274,9,25.0,1.06,49m+
6377-KSLXC,xgb_churn_v2,2026-10-05T08:55:20.366037+00:00,0.042372882,Low,0,West,social,24,Male,Basic,Month-to-month,19.95,5,Session count,Engagement,Lowers risk,-1.1831,Monthly charge,Plan & Billing,Lowers risk,-1.0698,Amount paid (90d),Payments,Lowers risk,-0.6865,General retention check-in,1275,9,19.95,0.85,0-6m
0859-YGKFW,xgb_churn_v2,2026-10-05T08:55:20.366037+00:00,0.042372882,Low,0,North,organic,32,Male,Standard,One year,20.05,18,Monthly charge,Plan & Billing,Lowers risk,-1.1205,Month-to-month contract,Plan & Billing,Lowers risk,-0.9178,Amount paid (90d),Payments,Lowers risk,-0.5386,General retention check-in,1276,9,20.05,0.85,13-24m
0214-JHPFW,xgb_churn_v2,2026-10-05T08:55:20.366037+00:00,0.042372882,Low,0,Central,social,36,Female,Pro,Two year,57.8,70,Customer tenure,Tenure,Lowers risk,-0.971,Month-to-month contract,Plan & Billing,Lowers risk,-0.8489,Feature adoption,Engagement,Raises risk,0.6434,Proactive feature walkthrough,1277,9,57.8,2.45,49m+
6211-WWLTF,xgb_churn_v2,2026-10-05T08:55:20.366037+00:00,0.042372882,Low,0,East,paid_search,39,Male,Pro,Two year,99.7,63,Customer tenure,Tenure,Lowers risk,-0.9873,Month-to-month contract,Plan & Billing,Lowers risk,-0.7762,Monthly charge,Plan & Billing,Raises risk,0.6536,Price-fit review / bundle offer,1278,9,99.7,4.22,49m+
8821-KVZKQ,xgb_churn_v2,2026-10-05T08:55:20.366037+00:00,0.042372882,Low,0,South,organic,47,Female,Standard,One year,58.4,70,Customer tenure,Tenure,Lowers risk,-0.9487,Month-to-month contract,Plan & Billing,Lowers risk,-0.8732,Days since last active,Engagement,Raises risk,0.513,Proactive check-in call,1279,10,58.4,2.47,49m+
6901-GOGZG,xgb_churn_v2,2026-10-05T08:55:20.366037+00:00,0.042372882,Low,0,South,partner,31,Male,Pro,Two year,84.95,60,Month-to-month contract,Plan & Billing,Lowers risk,-0.9393,Customer tenure,Tenure,Lowers risk,-0.7943,Feature adoption,Engagement,Lowers risk,-0.4731,General retention check-in,1280,10,84.95,3.6,49m+
1099-BTKWT,xgb_churn_v2,2026-10-05T08:55:20.366037+00:00,0.042372882,Low,0,West,paid_search,28,Female,Standard,One year,54.4,68,Customer tenure,Tenure,Lowers risk,-0.9768,Month-to-month contract,Plan & Billing,Lowers risk,-0.8597,Days since last active,Engagement,Raises risk,0.5444,Proactive check-in call,1281,10,54.4,2.31,49m+
6094-ZIVKX,xgb_churn_v2,2026-10-05T08:55:20.366037+00:00,0.042372882,Low,0,West,partner,31,Female,Standard,One year,54.45,68,Customer tenure,Tenure,Lowers risk,-0.9633,Month-to-month contract,Plan & Billing,Lowers risk,-0.8945,Days since last active,Engagement,Raises risk,0.4931,Proactive check-in call,1282,10,54.45,2.31,49m+
2160-GPFXD,xgb_churn_v2,2026-10-05T08:55:20.366037+00:00,0.042372882,Low,0,West,partner,33,Male,Pro,Two year,65.65,54,Month-to-month contract,Plan & Billing,Lowers risk,-0.8351,Customer tenure,Tenure,Lowers risk,-0.6234,Two-year contract,Plan & Billing,Lowers risk,-0.3886,General retention check-in,1283,10,65.65,2.78,49m+
4701-LKOZD,xgb_churn_v2,2026-10-05T08:55:20.366037+00:00,0.042372882,Low,0,East,organic,35,Female,Pro,Two year,89.75,70,Customer tenure,Tenure,Lowers risk,-0.9901,Month-to-month contract,Plan & Billing,Lowers risk,-0.9147,Feature adoption,Engagement,Lowers risk,-0.5425,General retention check-in,1284,10,89.75,3.8,49m+
3181-VTHOE,xgb_churn_v2,2026-10-05T08:55:20.366037+00:00,0.042372882,Low,0,North,organic,49,Male,Standard,One year,51.05,70,Customer tenure,Tenure,Lowers risk,-1.0904,Month-to-month contract,Plan & Billing,Lowers risk,-0.972,Monthly charge,Plan & Billing,Lowers risk,-0.3734,General retention check-in,1285,10,51.05,2.16,49m+
3898-BSJYF,xgb_churn_v2,2026-10-05T08:55:20.366037+00:00,0.042372882,Low,0,West,paid_search,28,Female,Standard,One year,73.55,10,Month-to-month contract,Plan & Billing,Lowers risk,-0.9819,Feature adoption,Engagement,Lowers risk,-0.6817,Session minutes,Engagement,Raises risk,0.3976,Proactive feature walkthrough,1286,10,73.55,3.12,7-12m
9110-HSGTV,xgb_churn_v2,2026-10-05T08:55:20.366037+00:00,0.042372882,Low,0,South,partner,58,Female,Pro,Two year,82.45,69,Customer tenure,Tenure,Lowers risk,-1.0466,Month-to-month contract,Plan & Billing,Lowers risk,-0.9067,Two-year contract,Plan & Billing,Lowers risk,-0.4717,General retention check-in,1287,10,82.45,3.49,49m+
4707-YNOQA,xgb_churn_v2,2026-10-05T08:55:20.366037+00:00,0.042372882,Low,0,North,referral,45,Female,Standard,One year,25.6,34,Month-to-month contract,Plan & Billing,Lowers risk,-0.826,Monthly charge,Plan & Billing,Lowers risk,-0.633,Customer tenure,Tenure,Lowers risk,-0.3775,General retention check-in,1288,10,25.6,1.08,25-48m
7244-QWYHG,xgb_churn_v2,2026-10-05T08:55:20.366037+00:00,0.042372882,Low,0,North,social,39,Male,Standard,One year,44.45,50,Month-to-month contract,Plan & Billing,Lowers risk,-0.9615,Customer tenure,Tenure,Lowers risk,-0.609,Session count,Engagement,Lowers risk,-0.4319,General retention check-in,1289,10,44.45,1.88,49m+
9571-EDEBV,xgb_churn_v2,2026-10-05T08:55:20.366037+00:00,0.042372882,Low,0,South,referral,27,Male,Standard,One year,98.65,71,Customer tenure,Tenure,Lowers risk,-1.3202,Month-to-month contract,Plan & Billing,Lowers risk,-0.805,Monthly charge,Plan & Billing,Raises risk,0.5246,Price-fit review / bundle offer,1290,10,98.65,4.18,49m+
9150-HEPMB,xgb_churn_v2,2026-10-05T08:55:20.366037+00:00,0.042372882,Low,0,South,paid_search,53,Male,Standard,One year,52.7,56,Month-to-month contract,Plan & Billing,Lowers risk,-0.8177,Customer tenure,Tenure,Lowers risk,-0.6142,Session minutes,Engagement,Lowers risk,-0.4607,General retention check-in,1291,10,52.7,2.23,49m+
8898-KASCD,xgb_churn_v2,2026-10-05T08:55:20.366037+00:00,0.042372882,Low,0,Central,partner,54,Male,Standard,One year,35.55,39,Session count,Engagement,Lowers risk,-1.0854,Month-to-month contract,Plan & Billing,Lowers risk,-0.8975,Days since last active,Engagement,Raises risk,0.4458,Proactive check-in call,1292,10,35.55,1.51,25-48m
8646-JCOMS,xgb_churn_v2,2026-10-05T08:55:20.366037+00:00,0.042372882,Low,0,West,social,29,Female,Standard,One year,90.55,66,Customer tenure,Tenure,Lowers risk,-1.09,Month-to-month contract,Plan & Billing,Lowers risk,-0.8836,Feature adoption,Engagement,Lowers risk,-0.4711,General retention check-in,1293,10,90.55,3.84,49m+
2882-WDTBA,xgb_churn_v2,2026-10-05T08:55:20.366037+00:00,0.042372882,Low,0,Central,referral,44,Male,Pro,Two year,75.75,69,Month-to-month contract,Plan & Billing,Lowers risk,-1.0121,Customer tenure,Tenure,Lowers risk,-0.843,Session minutes,Engagement,Lowers risk,-0.4098,General retention check-in,1294,10,75.75,3.21,49m+
3422-WJOYD,xgb_churn_v2,2026-10-05T08:55:20.366037+00:00,0.042372882,Low,0,South,referral,50,Male,Standard,One year,54.35,28,Month-to-month contract,Plan & Billing,Lowers risk,-0.8075,Days since last active,Engagement,Raises risk,0.5997,Session minutes,Engagement,Lowers risk,-0.5669,Proactive check-in call,1295,10,54.35,2.3,25-48m
4451-RWASJ,xgb_churn_v2,2026-10-05T08:55:20.366037+00:00,0.042372882,Low,0,South,paid_search,58,Male,Standard,One year,19.5,15,Monthly charge,Plan & Billing,Lowers risk,-1.0547,Month-to-month contract,Plan & Billing,Lowers risk,-0.8601,Usage trend,Engagement,Lowers risk,-0.6041,General retention check-in,1296,10,19.5,0.83,13-24m
4366-CTOUZ,xgb_churn_v2,2026-10-05T08:55:20.366037+00:00,0.042372882,Low,0,Central,referral,22,Female,Pro,Two year,100.2,50,Month-to-month contract,Plan & Billing,Lowers risk,-0.7256,Feature adoption,Engagement,Lowers risk,-0.7038,Customer tenure,Tenure,Lowers risk,-0.6518,General retention check-in,1297,10,100.2,4.25,49m+
1023-BQXZE,xgb_churn_v2,2026-10-05T08:55:20.366037+00:00,0.042372882,Low,0,Central,organic,26,Male,Pro,Two year,74.35,57,Month-to-month contract,Plan & Billing,Lowers risk,-0.9255,Customer tenure,Tenure,Lowers risk,-0.5602,Two-year contract,Plan & Billing,Lowers risk,-0.3138,General retention check-in,1298,10,74.35,3.15,49m+
8146-QQKZH,xgb_churn_v2,2026-10-05T08:55:20.366037+00:00,0.042372882,Low,0,Central,partner,36,Female,Pro,Two year,81.85,71,Customer tenure,Tenure,Lowers risk,-1.4724,Month-to-month contract,Plan & Billing,Lowers risk,-0.9102,Days since last active,Engagement,Raises risk,0.5127,Proactive check-in call,1299,10,81.85,3.47,49m+
6549-BTYPG,xgb_churn_v2,2026-10-05T08:55:20.366037+00:00,0.042372882,Low,0,East,paid_search,25,Female,Pro,Two year,60.8,60,Month-to-month contract,Plan & Billing,Lowers risk,-0.8506,Customer tenure,Tenure,Lowers risk,-0.7675,Days since last active,Engagement,Raises risk,0.5153,Proactive check-in call,1300,10,60.8,2.58,49m+
4827-DPADN,xgb_churn_v2,2026-10-05T08:55:20.366037+00:00,0.042372882,Low,0,South,paid_search,42,Female,Pro,Two year,83.3,72,Customer tenure,Tenure,Lowers risk,-1.5603,Month-to-month contract,Plan & Billing,Lowers risk,-0.9185,Usage trend,Engagement,Raises risk,0.6055,Proactive check-in call,1301,10,83.3,3.53,49m+
1221-GHZEP,xgb_churn_v2,2026-10-05T08:55:20.366037+00:00,0.042372882,Low,0,East,social,39,Female,Pro,Two year,65.1,62,Customer tenure,Tenure,Lowers risk,-0.9212,Month-to-month contract,Plan & Billing,Lowers risk,-0.8832,Two-year contract,Plan & Billing,Lowers risk,-0.3921,General retention check-in,1302,10,65.1,2.76,49m+
2923-ARZLG,xgb_churn_v2,2026-10-05T08:55:20.366037+00:00,0.042372882,Low,0,South,referral,32,Male,Standard,One year,19.7,0,Customer tenure,Tenure,Raises risk,1.1399,Monthly charge,Plan & Billing,Lowers risk,-1.0211,Month-to-month contract,Plan & Billing,Lowers risk,-0.9011,Early-life onboarding call,1303,10,19.7,0.83,0-6m
1335-MXCSE,xgb_churn_v2,2026-10-05T08:55:20.366037+00:00,0.042372882,Low,0,East,referral,50,Male,Pro,Two year,55.25,55,Month-to-month contract,Plan & Billing,Lowers risk,-0.8883,Feature adoption,Engagement,Lowers risk,-0.5977,Customer tenure,Tenure,Lowers risk,-0.5375,General retention check-in,1304,10,55.25,2.34,49m+
6156-UZDLF,xgb_churn_v2,2026-10-05T08:55:20.366037+00:00,0.042372882,Low,0,East,social,39,Female,Standard,One year,87.15,26,Month-to-month contract,Plan & Billing,Lowers risk,-0.8792,Feature adoption,Engagement,Lowers risk,-0.6232,Customer tenure,Tenure,Lowers risk,-0.4121,General retention check-in,1305,10,87.15,3.69,25-48m
4018-KJYUY,xgb_churn_v2,2026-10-05T08:55:20.366037+00:00,0.042372882,Low,0,East,referral,22,Male,Basic,Month-to-month,20.15,22,Monthly charge,Plan & Billing,Lowers risk,-0.9887,Amount paid (90d),Payments,Lowers risk,-0.5156,Month-to-month contract,Plan & Billing,Raises risk,0.3921,Offer annual-contract incentive,1306,10,20.15,0.85,13-24m
6016-NXBNJ,xgb_churn_v2,2026-10-05T08:55:20.366037+00:00,0.042372882,Low,0,East,paid_search,42,Male,Standard,One year,19.15,35,Monthly charge,Plan & Billing,Lowers risk,-1.1883,Month-to-month contract,Plan & Billing,Lowers risk,-0.8595,Amount paid (90d),Payments,Lowers risk,-0.6053,General retention check-in,1307,10,19.15,0.81,25-48m
9348-ROUAI,xgb_churn_v2,2026-10-05T08:55:20.366037+00:00,0.042372882,Low,0,West,paid_search,47,Female,Pro,Two year,90.3,59,Month-to-month contract,Plan & Billing,Lowers risk,-0.903,Customer tenure,Tenure,Lowers risk,-0.705,Two-year contract,Plan & Billing,Lowers risk,-0.3613,General retention check-in,1308,10,90.3,3.83,49m+
8779-YIQQA,xgb_churn_v2,2026-10-05T08:55:20.366037+00:00,0.042372882,Low,0,Central,partner,27,Male,Standard,One year,19.8,21,Monthly charge,Plan & Billing,Lowers risk,-1.0277,Month-to-month contract,Plan & Billing,Lowers risk,-0.8726,Amount paid (90d),Payments,Lowers risk,-0.497,General retention check-in,1309,10,19.8,0.84,13-24m
5208-FVQKB,xgb_churn_v2,2026-10-05T08:55:20.366037+00:00,0.042372882,Low,0,North,social,58,Male,Pro,Two year,67.95,70,Month-to-month contract,Plan & Billing,Lowers risk,-0.9162,Customer tenure,Tenure,Lowers risk,-0.8493,Two-year contract,Plan & Billing,Lowers risk,-0.4065,General retention check-in,1310,10,67.95,2.88,49m+
8901-UPRHR,xgb_churn_v2,2026-10-05T08:55:20.366037+00:00,0.042372882,Low,0,North,partner,25,Female,Pro,Two year,109.2,72,Customer tenure,Tenure,Lowers risk,-1.6857,Month-to-month contract,Plan & Billing,Lowers risk,-0.9671,Feature adoption,Engagement,Raises risk,0.5695,Proactive feature walkthrough,1311,10,109.2,4.63,49m+
0422-OHQHQ,xgb_churn_v2,2026-10-05T08:55:20.366037+00:00,0.042372882,Low,0,North,referral,52,Female,Standard,One year,20.55,15,Monthly charge,Plan & Billing,Lowers risk,-1.024,Month-to-month contract,Plan & Billing,Lowers risk,-0.7787,Session count,Engagement,Lowers risk,-0.5301,General retention check-in,1312,10,20.55,0.87,13-24m
7242-EDTYC,xgb_churn_v2,2026-10-05T08:55:20.366037+00:00,0.04237288,Low,0,West,partner,48,Male,Pro,Two year,19.55,44,Monthly charge,Plan & Billing,Lowers risk,-1.0659,Month-to-month contract,Plan & Billing,Lowers risk,-0.8339,Customer tenure,Tenure,Lowers risk,-0.5551,General retention check-in,1313,10,19.55,0.83,25-48m
1535-VTJOQ,xgb_churn_v2,2026-10-05T08:55:20.366037+00:00,0.04237288,Low,0,North,social,38,Female,Pro,Two year,25.15,24,Usage trend,Engagement,Raises risk,1.115,Feature adoption,Engagement,Lowers risk,-0.9178,Month-to-month contract,Plan & Billing,Lowers risk,-0.8285,Proactive check-in call,1314,10,25.15,1.07,13-24m
8015-IHCGW,xgb_churn_v2,2026-10-05T08:55:20.366037+00:00,0.04237288,Low,0,North,organic,35,Female,Pro,Two year,115.5,72,Customer tenure,Tenure,Lowers risk,-1.6167,Month-to-month contract,Plan & Billing,Lowers risk,-0.9622,Two-year contract,Plan & Billing,Lowers risk,-0.3988,General retention check-in,1315,10,115.5,4.89,49m+
9134-WYRVP,xgb_churn_v2,2026-10-05T08:55:20.366037+00:00,0.04237288,Low,0,West,paid_search,35,Male,Standard,One year,86.35,51,Month-to-month contract,Plan & Billing,Lowers risk,-0.9743,Feature adoption,Engagement,Lowers risk,-0.9273,Customer tenure,Tenure,Lowers risk,-0.8159,General retention check-in,1316,10,86.35,3.66,49m+
4915-BFSXL,xgb_churn_v2,2026-10-05T08:55:20.366037+00:00,0.04237288,Low,0,East,partner,50,Male,Pro,Two year,68.95,70,Customer tenure,Tenure,Lowers risk,-0.8738,Month-to-month contract,Plan & Billing,Lowers risk,-0.8515,Session minutes,Engagement,Lowers risk,-0.4955,General retention check-in,1317,10,68.95,2.92,49m+
6265-SXWBU,xgb_churn_v2,2026-10-05T08:55:20.366037+00:00,0.04237288,Low,0,North,organic,24,Male,Standard,One year,95.75,69,Customer tenure,Tenure,Lowers risk,-1.0804,Feature adoption,Engagement,Lowers risk,-0.7344,Month-to-month contract,Plan & Billing,Lowers risk,-0.7323,General retention check-in,1318,10,95.75,4.06,49m+
5774-XZTQC,xgb_churn_v2,2026-10-05T08:55:20.366037+00:00,0.04237288,Low,0,Central,referral,30,Female,Basic,Month-to-month,20.45,7,Monthly charge,Plan & Billing,Lowers risk,-1.1015,Amount paid (90d),Payments,Lowers risk,-0.6638,Feature adoption,Engagement,Lowers risk,-0.6589,General retention check-in,1319,10,20.45,0.87,7-12m
9067-SQTNS,xgb_churn_v2,2026-10-05T08:55:20.366037+00:00,0.04237288,Low,0,West,paid_search,22,Male,Standard,One year,20.6,44,Monthly charge,Plan & Billing,Lowers risk,-0.9525,Month-to-month contract,Plan & Billing,Lowers risk,-0.7979,Customer tenure,Tenure,Lowers risk,-0.5557,General retention check-in,1320,10,20.6,0.87,25-48m
3038-PQIUY,xgb_churn_v2,2026-10-05T08:55:20.366037+00:00,0.04237288,Low,0,South,social,53,Female,Basic,Month-to-month,66.15,38,Usage trend,Engagement,Lowers risk,-1.376,Feature adoption,Engagement,Lowers risk,-0.7989,Customer tenure,Tenure,Lowers risk,-0.4321,General retention check-in,1321,10,66.15,2.8,25-48m
1813-JYWTO,xgb_churn_v2,2026-10-05T08:55:20.366037+00:00,0.04237288,Low,0,East,organic,26,Female,Pro,Two year,80.45,72,Customer tenure,Tenure,Lowers risk,-1.795,Month-to-month contract,Plan & Billing,Lowers risk,-1.0091,Two-year contract,Plan & Billing,Lowers risk,-0.4236,General retention check-in,1322,10,80.45,3.41,49m+
2790-XUYMV,xgb_churn_v2,2026-10-05T08:55:20.366037+00:00,0.0,Low,0,South,partner,52,Male,Standard,One year,85.45,71,Customer tenure,Tenure,Lowers risk,-1.4506,Month-to-month contract,Plan & Billing,Lowers risk,-0.9922,Session minutes,Engagement,Lowers risk,-0.4015,General retention check-in,1323,10,85.45,0.0,49m+
5249-QYHEX,xgb_churn_v2,2026-10-05T08:55:20.366037+00:00,0.0,Low,0,East,social,42,Female,Pro,Two year,24.8,40,Month-to-month contract,Plan & Billing,Lowers risk,-0.8212,Session count,Engagement,Lowers risk,-0.7689,Monthly charge,Plan & Billing,Lowers risk,-0.6785,General retention check-in,1324,10,24.8,0.0,25-48m
4277-BWBML,xgb_churn_v2,2026-10-05T08:55:20.366037+00:00,0.0,Low,0,West,organic,39,Male,Pro,Two year,19.95,72,Customer tenure,Tenure,Lowers risk,-1.4886,Monthly charge,Plan & Billing,Lowers risk,-0.9657,Month-to-month contract,Plan & Billing,Lowers risk,-0.8595,General retention check-in,1325,10,19.95,0.0,49m+
5003-OKNNK,xgb_churn_v2,2026-10-05T08:55:20.366037+00:00,0.0,Low,0,South,organic,37,Female,Standard,One year,20.35,15,Monthly charge,Plan & Billing,Lowers risk,-0.9963,Month-to-month contract,Plan & Billing,Lowers risk,-0.8174,Feature adoption,Engagement,Lowers risk,-0.6955,General retention check-in,1326,10,20.35,0.0,13-24m
3580-GICBM,xgb_churn_v2,2026-10-05T08:55:20.366037+00:00,0.0,Low,0,South,social,35,Female,Pro,Two year,24.2,61,Customer tenure,Tenure,Lowers risk,-0.8609,Month-to-month contract,Plan & Billing,Lowers risk,-0.8395,Monthly charge,Plan & Billing,Lowers risk,-0.5791,General retention check-in,1327,10,24.2,0.0,49m+
3831-YCPUO,xgb_churn_v2,2026-10-05T08:55:20.366037+00:00,0.0,Low,0,Central,social,22,Female,Pro,Two year,109.5,72,Customer tenure,Tenure,Lowers risk,-1.7043,Month-to-month contract,Plan & Billing,Lowers risk,-0.8044,Usage trend,Engagement,Lowers risk,-0.7694,General retention check-in,1328,10,109.5,0.0,49m+
3594-BDSOA,xgb_churn_v2,2026-10-05T08:55:20.366037+00:00,0.0,Low,0,Central,referral,30,Female,Standard,One year,20.4,24,Monthly charge,Plan & Billing,Lowers risk,-1.0653,Feature adoption,Engagement,Lowers risk,-0.8951,Month-to-month contract,Plan & Billing,Lowers risk,-0.8532,General retention check-in,1329,10,20.4,0.0,13-24m
2122-SZZZD,xgb_churn_v2,2026-10-05T08:55:20.366037+00:00,0.0,Low,0,South,social,28,Male,Standard,One year,19.5,44,Monthly charge,Plan & Billing,Lowers risk,-1.1286,Month-to-month contract,Plan & Billing,Lowers risk,-0.8225,Customer tenure,Tenure,Lowers risk,-0.5939,General retention check-in,1330,10,19.5,0.0,25-48m
2017-CCBLH,xgb_churn_v2,2026-10-05T08:55:20.366037+00:00,0.0,Low,0,South,referral,42,Female,Pro,Two year,20.0,8,Monthly charge,Plan & Billing,Lowers risk,-1.1761,Month-to-month contract,Plan & Billing,Lowers risk,-0.8689,Amount paid (90d),Payments,Lowers risk,-0.5737,General retention check-in,1331,10,20.0,0.0,7-12m
2400-FEQME,xgb_churn_v2,2026-10-05T08:55:20.366037+00:00,0.0,Low,0,West,partner,43,Male,Pro,Two year,20.5,55,Monthly charge,Plan & Billing,Lowers risk,-1.1192,Month-to-month contract,Plan & Billing,Lowers risk,-0.8078,Usage trend,Engagement,Raises risk,0.6753,Proactive check-in call,1332,10,20.5,0.0,49m+
4625-XMOYM,xgb_churn_v2,2026-10-05T08:55:20.366037+00:00,0.0,Low,0,Central,social,41,Female,Pro,Two year,26.25,72,Customer tenure,Tenure,Lowers risk,-1.5405,Month-to-month contract,Plan & Billing,Lowers risk,-0.961,Monthly charge,Plan & Billing,Lowers risk,-0.5137,General retention check-in,1333,10,26.25,0.0,49m+
2296-DKZFP,xgb_churn_v2,2026-10-05T08:55:20.366037+00:00,0.0,Low,0,South,partner,25,Female,Pro,Two year,71.0,65,Month-to-month contract,Plan & Billing,Lowers risk,-1.0174,Customer tenure,Tenure,Lowers risk,-0.983,Usage trend,Engagement,Lowers risk,-0.6978,General retention check-in,1334,10,71.0,0.0,49m+
2900-PHPLN,xgb_churn_v2,2026-10-05T08:55:20.366037+00:00,0.0,Low,0,East,referral,61,Female,Pro,Two year,19.55,70,Monthly charge,Plan & Billing,Lowers risk,-1.063,Month-to-month contract,Plan & Billing,Lowers risk,-0.8431,Customer tenure,Tenure,Lowers risk,-0.7979,General retention check-in,1335,10,19.55,0.0,49m+
5472-CVMDX,xgb_churn_v2,2026-10-05T08:55:20.366037+00:00,0.0,Low,0,North,social,45,Female,Pro,Two year,38.9,68,Customer tenure,Tenure,Lowers risk,-0.9886,Month-to-month contract,Plan & Billing,Lowers risk,-0.8734,Session minutes,Engagement,Lowers risk,-0.5805,General retention check-in,1336,10,38.9,0.0,49m+
3768-VHXQO,xgb_churn_v2,2026-10-05T08:55:20.366037+00:00,0.0,Low,0,Central,referral,31,Male,Pro,Two year,24.85,67,Feature adoption,Engagement,Lowers risk,-1.1686,Month-to-month contract,Plan & Billing,Lowers risk,-0.8654,Customer tenure,Tenure,Lowers risk,-0.8516,General retention check-in,1337,10,24.85,0.0,49m+
2878-DHMIN,xgb_churn_v2,2026-10-05T08:55:20.366037+00:00,0.0,Low,0,East,referral,42,Male,Standard,One year,19.9,35,Monthly charge,Plan & Billing,Lowers risk,-1.0681,Month-to-month contract,Plan & Billing,Lowers risk,-0.8869,Amount paid (90d),Payments,Lowers risk,-0.5363,General retention check-in,1338,10,19.9,0.0,25-48m
6169-PGNCD,xgb_churn_v2,2026-10-05T08:55:20.366037+00:00,0.0,Low,0,West,referral,46,Female,Pro,Two year,74.3,57,Month-to-month contract,Plan & Billing,Lowers risk,-0.8338,Feature adoption,Engagement,Lowers risk,-0.6253,Customer tenure,Tenure,Lowers risk,-0.621,General retention check-in,1339,10,74.3,0.0,49m+
0621-CXBKL,xgb_churn_v2,2026-10-05T08:55:20.366037+00:00,0.0,Low,0,South,partner,55,Female,Pro,Two year,18.7,53,Monthly charge,Plan & Billing,Lowers risk,-1.2103,Session count,Engagement,Lowers risk,-0.9543,Month-to-month contract,Plan & Billing,Lowers risk,-0.8272,General retention check-in,1340,10,18.7,0.0,49m+
3170-NMYVV,xgb_churn_v2,2026-10-05T08:55:20.366037+00:00,0.0,Low,0,East,organic,51,Female,Pro,Two year,20.15,50,Monthly charge,Plan & Billing,Lowers risk,-0.9363,Month-to-month contract,Plan & Billing,Lowers risk,-0.8297,Customer tenure,Tenure,Lowers risk,-0.5999,General retention check-in,1341,10,20.15,0.0,49m+
8232-UTFOZ,xgb_churn_v2,2026-10-05T08:55:20.366037+00:00,0.0,Low,0,East,paid_search,46,Male,Pro,Two year,19.95,69,Monthly charge,Plan & Billing,Lowers risk,-1.0385,Month-to-month contract,Plan & Billing,Lowers risk,-0.8408,Customer tenure,Tenure,Lowers risk,-0.8064,General retention check-in,1342,10,19.95,0.0,49m+
7225-IILWY,xgb_churn_v2,2026-10-05T08:55:20.366037+00:00,0.0,Low,0,West,referral,43,Male,Pro,Two year,25.75,68,Customer tenure,Tenure,Lowers risk,-0.9772,Month-to-month contract,Plan & Billing,Lowers risk,-0.8435,Feature adoption,Engagement,Lowers risk,-0.7996,General retention check-in,1343,10,25.75,0.0,49m+
8092-NLTGF,xgb_churn_v2,2026-10-05T08:55:20.366037+00:00,0.0,Low,0,South,partner,42,Male,Pro,Two year,24.75,72,Customer tenure,Tenure,Lowers risk,-1.3562,Month-to-month contract,Plan & Billing,Lowers risk,-0.8701,Feature adoption,Engagement,Lowers risk,-0.7374,General retention check-in,1344,10,24.75,0.0,49m+
1926-QUZNN,xgb_churn_v2,2026-10-05T08:55:20.366037+00:00,0.0,Low,0,South,social,40,Female,Pro,Two year,25.25,72,Customer tenure,Tenure,Lowers risk,-1.5288,Month-to-month contract,Plan & Billing,Lowers risk,-0.917,Monthly charge,Plan & Billing,Lowers risk,-0.5393,General retention check-in,1345,10,25.25,0.0,49m+
7205-BAIAD,xgb_churn_v2,2026-10-05T08:55:20.366037+00:00,0.0,Low,0,South,social,54,Female,Pro,Two year,20.6,40,Monthly charge,Plan & Billing,Lowers risk,-1.034,Month-to-month contract,Plan & Billing,Lowers risk,-0.9423,Customer tenure,Tenure,Lowers risk,-0.5045,General retention check-in,1346,10,20.6,0.0,25-48m
7301-ABVAD,xgb_churn_v2,2026-10-05T08:55:20.366037+00:00,0.0,Low,0,East,partner,23,Female,Pro,Two year,86.6,72,Customer tenure,Tenure,Lowers risk,-1.7699,Month-to-month contract,Plan & Billing,Lowers risk,-0.8722,Feature adoption,Engagement,Lowers risk,-0.4635,General retention check-in,1347,10,86.6,0.0,49m+
5394-MEITZ,xgb_churn_v2,2026-10-05T08:55:20.366037+00:00,0.0,Low,0,East,partner,47,Female,Pro,Two year,80.6,60,Usage trend,Engagement,Lowers risk,-1.4197,Month-to-month contract,Plan & Billing,Lowers risk,-1.0244,Customer tenure,Tenure,Lowers risk,-0.9487,General retention check-in,1348,10,80.6,0.0,49m+
8327-WKMIE,xgb_churn_v2,2026-10-05T08:55:20.366037+00:00,0.0,Low,0,East,social,41,Male,Standard,One year,20.15,37,Usage trend,Engagement,Lowers risk,-1.268,Monthly charge,Plan & Billing,Lowers risk,-0.9487,Month-to-month contract,Plan & Billing,Lowers risk,-0.7154,General retention check-in,1349,10,20.15,0.0,25-48m
3678-MNGZX,xgb_churn_v2,2026-10-05T08:55:20.366037+00:00,0.0,Low,0,South,social,53,Male,Pro,Two year,19.95,68,Usage trend,Engagement,Lowers risk,-1.2605,Monthly charge,Plan & Billing,Lowers risk,-1.0027,Month-to-month contract,Plan & Billing,Lowers risk,-0.8835,General retention check-in,1350,10,19.95,0.0,49m+
5879-HMFFH,xgb_churn_v2,2026-10-05T08:55:20.366037+00:00,0.0,Low,0,South,organic,31,Female,Pro,Two year,88.05,72,Customer tenure,Tenure,Lowers risk,-1.8775,Month-to-month contract,Plan & Billing,Lowers risk,-1.0103,Two-year contract,Plan & Billing,Lowers risk,-0.4743,General retention check-in,1351,10,88.05,0.0,49m+
8727-XDPUD,xgb_churn_v2,2026-10-05T08:55:20.366037+00:00,0.0,Low,0,West,partner,52,Male,Pro,Two year,35.8,37,Feature adoption,Engagement,Lowers risk,-1.2223,Month-to-month contract,Plan & Billing,Lowers risk,-0.8143,Monthly charge,Plan & Billing,Lowers risk,-0.499,General retention check-in,1352,10,35.8,0.0,25-48m
7596-ZYWBB,xgb_churn_v2,2026-10-05T08:55:20.366037+00:00,0.0,Low,0,East,partner,58,Female,Pro,Two year,59.6,65,Customer tenure,Tenure,Lowers risk,-0.9522,Month-to-month contract,Plan & Billing,Lowers risk,-0.8273,Usage trend,Engagement,Lowers risk,-0.6476,General retention check-in,1353,10,59.6,0.0,49m+
9242-TKFSV,xgb_churn_v2,2026-10-05T08:55:20.366037+00:00,0.0,Low,0,South,paid_search,38,Male,Pro,Two year,65.1,72,Customer tenure,Tenure,Lowers risk,-1.448,Month-to-month contract,Plan & Billing,Lowers risk,-0.9126,Two-year contract,Plan & Billing,Lowers risk,-0.4332,General retention check-in,1354,10,65.1,0.0,49m+
7244-KXYZN,xgb_churn_v2,2026-10-05T08:55:20.366037+00:00,0.0,Low,0,West,paid_search,56,Female,Standard,One year,20.45,24,Monthly charge,Plan & Billing,Lowers risk,-0.9813,Month-to-month contract,Plan & Billing,Lowers risk,-0.8098,Amount paid (90d),Payments,Lowers risk,-0.5263,General retention check-in,1355,10,20.45,0.0,13-24m
9258-CNWAC,xgb_churn_v2,2026-10-05T08:55:20.366037+00:00,0.0,Low,0,East,referral,54,Female,Pro,Two year,113.65,71,Customer tenure,Tenure,Lowers risk,-1.2096,Month-to-month contract,Plan & Billing,Lowers risk,-0.8532,Usage trend,Engagement,Lowers risk,-0.7374,General retention check-in,1356,10,113.65,0.0,49m+
5699-BNCAS,xgb_churn_v2,2026-10-05T08:55:20.366037+00:00,0.0,Low,0,East,partner,62,Male,Pro,Two year,24.65,71,Customer tenure,Tenure,Lowers risk,-1.1988,Month-to-month contract,Plan & Billing,Lowers risk,-0.8189,Customer age,Demographic,Raises risk,0.6534,General retention check-in,1357,10,24.65,0.0,49m+
8125-QPFJD,xgb_churn_v2,2026-10-05T08:55:20.366037+00:00,0.0,Low,0,Central,paid_search,24,Female,Pro,Two year,84.9,72,Customer tenure,Tenure,Lowers risk,-1.7859,Month-to-month contract,Plan & Billing,Lowers risk,-0.9019,Feature adoption,Engagement,Lowers risk,-0.7251,General retention check-in,1358,10,84.9,0.0,49m+
9824-QCJPK,xgb_churn_v2,2026-10-05T08:55:20.366037+00:00,0.0,Low,0,South,social,28,Male,Standard,One year,20.0,36,Monthly charge,Plan & Billing,Lowers risk,-1.0367,Month-to-month contract,Plan & Billing,Lowers risk,-0.8739,Session minutes,Engagement,Lowers risk,-0.52,General retention check-in,1359,10,20.0,0.0,25-48m
8626-XHBIE,xgb_churn_v2,2026-10-05T08:55:20.366037+00:00,0.0,Low,0,South,social,38,Male,Pro,Two year,24.8,56,Month-to-month contract,Plan & Billing,Lowers risk,-0.9003,Monthly charge,Plan & Billing,Lowers risk,-0.6366,Customer tenure,Tenure,Lowers risk,-0.5756,General retention check-in,1360,10,24.8,0.0,49m+
0640-YJTPY,xgb_churn_v2,2026-10-05T08:55:20.366037+00:00,0.0,Low,0,West,referral,56,Male,Pro,Two year,21.0,72,Customer tenure,Tenure,Lowers risk,-1.4257,Month-to-month contract,Plan & Billing,Lowers risk,-0.8919,Monthly charge,Plan & Billing,Lowers risk,-0.7205,General retention check-in,1361,10,21.0,0.0,49m+
3070-FNFZQ,xgb_churn_v2,2026-10-05T08:55:20.366037+00:00,0.0,Low,0,East,social,42,Female,Pro,Two year,20.4,23,Monthly charge,Plan & Billing,Lowers risk,-1.0042,Month-to-month contract,Plan & Billing,Lowers risk,-0.8194,Amount paid (90d),Payments,Lowers risk,-0.5636,General retention check-in,1362,10,20.4,0.0,13-24m
9945-PSVIP,xgb_churn_v2,2026-10-05T08:55:20.366037+00:00,0.0,Low,0,South,paid_search,42,Female,Pro,Two year,18.7,25,Monthly charge,Plan & Billing,Lowers risk,-1.0947,Month-to-month contract,Plan & Billing,Lowers risk,-0.8541,Amount paid (90d),Payments,Lowers risk,-0.5906,General retention check-in,1363,10,18.7,0.0,25-48m
2821-WARNZ,xgb_churn_v2,2026-10-05T08:55:20.366037+00:00,0.0,Low,0,South,organic,51,Female,Standard,One year,19.45,49,Monthly charge,Plan & Billing,Lowers risk,-1.0398,Month-to-month contract,Plan & Billing,Lowers risk,-0.8286,Amount paid (90d),Payments,Lowers risk,-0.5788,General retention check-in,1364,10,19.45,0.0,49m+
3190-ITQXP,xgb_churn_v2,2026-10-05T08:55:20.366037+00:00,0.0,Low,0,East,social,41,Female,Pro,Two year,20.25,46,Monthly charge,Plan & Billing,Lowers risk,-1.0206,Month-to-month contract,Plan & Billing,Lowers risk,-0.8184,Customer tenure,Tenure,Lowers risk,-0.5732,General retention check-in,1365,10,20.25,0.0,25-48m
7096-ZNBZI,xgb_churn_v2,2026-10-05T08:55:20.366037+00:00,0.0,Low,0,South,partner,41,Female,Pro,Two year,26.45,72,Customer tenure,Tenure,Lowers risk,-1.3753,Month-to-month contract,Plan & Billing,Lowers risk,-0.8416,Monthly charge,Plan & Billing,Lowers risk,-0.5993,General retention check-in,1366,10,26.45,0.0,49m+
4635-EJYPD,xgb_churn_v2,2026-10-05T08:55:20.366037+00:00,0.0,Low,0,West,paid_search,44,Male,Pro,Two year,18.95,32,Usage trend,Engagement,Lowers risk,-1.1942,Monthly charge,Plan & Billing,Lowers risk,-1.0678,Month-to-month contract,Plan & Billing,Lowers risk,-0.8829,General retention check-in,1367,10,18.95,0.0,25-48m
1830-IPXVJ,xgb_churn_v2,2026-10-05T08:55:20.366037+00:00,0.0,Low,0,South,partner,54,Female,Pro,Two year,19.75,61,Monthly charge,Plan & Billing,Lowers risk,-0.9739,Month-to-month contract,Plan & Billing,Lowers risk,-0.8129,Customer tenure,Tenure,Lowers risk,-0.8126,General retention check-in,1368,10,19.75,0.0,49m+
6527-PZFPV,xgb_churn_v2,2026-10-05T08:55:20.366037+00:00,0.0,Low,0,West,organic,36,Male,Standard,One year,20.8,24,Usage trend,Engagement,Lowers risk,-1.3508,Monthly charge,Plan & Billing,Lowers risk,-0.818,Month-to-month contract,Plan & Billing,Lowers risk,-0.7871,General retention check-in,1369,10,20.8,0.0,13-24m
4526-RMTLL,xgb_churn_v2,2026-10-05T08:55:20.366037+00:00,0.0,Low,0,East,organic,45,Male,Pro,Two year,76.15,8,Usage trend,Engagement,Lowers risk,-1.2923,Month-to-month contract,Plan & Billing,Lowers risk,-1.0209,Session minutes,Engagement,Lowers risk,-0.6386,General retention check-in,1370,10,76.15,0.0,7-12m
8922-NPKBJ,xgb_churn_v2,2026-10-05T08:55:20.366037+00:00,0.0,Low,0,East,referral,46,Male,Pro,Two year,19.35,42,Monthly charge,Plan & Billing,Lowers risk,-0.9794,Month-to-month contract,Plan & Billing,Lowers risk,-0.8148,Feature adoption,Engagement,Lowers risk,-0.5437,General retention check-in,1371,10,19.35,0.0,25-48m
2091-GPPIQ,xgb_churn_v2,2026-10-05T08:55:20.366037+00:00,0.0,Low,0,East,social,29,Female,Pro,Two year,78.95,72,Customer tenure,Tenure,Lowers risk,-1.662,Month-to-month contract,Plan & Billing,Lowers risk,-0.9706,Feature adoption,Engagement,Lowers risk,-0.8629,General retention check-in,1372,10,78.95,0.0,49m+
5380-XPJNZ,xgb_churn_v2,2026-10-05T08:55:20.366037+00:00,0.0,Low,0,Central,referral,38,Female,Standard,One year,20.05,38,Monthly charge,Plan & Billing,Lowers risk,-1.1018,Month-to-month contract,Plan & Billing,Lowers risk,-0.8377,Amount paid (90d),Payments,Lowers risk,-0.5559,General retention check-in,1373,10,20.05,0.0,25-48m
1627-AFWVJ,xgb_churn_v2,2026-10-05T08:55:20.366037+00:00,0.0,Low,0,North,referral,24,Female,Pro,Two year,19.4,29,Feature adoption,Engagement,Lowers risk,-1.1479,Month-to-month contract,Plan & Billing,Lowers risk,-0.9211,Monthly charge,Plan & Billing,Lowers risk,-0.9139,General retention check-in,1374,10,19.4,0.0,25-48m
5214-NLTIT,xgb_churn_v2,2026-10-05T08:55:20.366037+00:00,0.0,Low,0,South,organic,34,Male,Pro,Two year,90.8,72,Customer tenure,Tenure,Lowers risk,-1.5105,Usage trend,Engagement,Lowers risk,-1.3135,Month-to-month contract,Plan & Billing,Lowers risk,-0.8993,General retention check-in,1375,10,90.8,0.0,49m+
0784-ZQJZX,xgb_churn_v2,2026-10-05T08:55:20.366037+00:00,0.0,Low,0,Central,referral,43,Male,Pro,Two year,19.9,72,Customer tenure,Tenure,Lowers risk,-1.4208,Monthly charge,Plan & Billing,Lowers risk,-1.0139,Feature adoption,Engagement,Lowers risk,-0.8677,General retention check-in,1376,10,19.9,0.0,49m+
0397-ZXWQF,xgb_churn_v2,2026-10-05T08:55:20.366037+00:00,0.0,Low,0,Central,partner,24,Male,Pro,Two year,20.5,67,Customer tenure,Tenure,Lowers risk,-1.0404,Month-to-month contract,Plan & Billing,Lowers risk,-0.901,Monthly charge,Plan & Billing,Lowers risk,-0.7926,General retention check-in,1377,10,20.5,0.0,49m+
0206-OYVOC,xgb_churn_v2,2026-10-05T08:55:20.366037+00:00,0.0,Low,0,Central,referral,36,Female,Pro,Two year,19.25,46,Monthly charge,Plan & Billing,Lowers risk,-0.9038,Month-to-month contract,Plan & Billing,Lowers risk,-0.8019,Ticket resolution time,Support,Lowers risk,-0.638,General retention check-in,1378,10,19.25,0.0,25-48m
1927-QEWMY,xgb_churn_v2,2026-10-05T08:55:20.366037+00:00,0.0,Low,0,West,social,32,Female,Pro,Two year,20.5,72,Customer tenure,Tenure,Lowers risk,-1.4739,Month-to-month contract,Plan & Billing,Lowers risk,-0.888,Monthly charge,Plan & Billing,Lowers risk,-0.8405,General retention check-in,1379,10,20.5,0.0,49m+
4992-LTJNE,xgb_churn_v2,2026-10-05T08:55:20.366037+00:00,0.0,Low,0,Central,referral,36,Male,Pro,Two year,55.3,72,Customer tenure,Tenure,Lowers risk,-1.464,Month-to-month contract,Plan & Billing,Lowers risk,-0.8782,Days since last active,Engagement,Raises risk,0.4544,Proactive check-in call,1380,10,55.3,0.0,49m+
3774-VBNXY,xgb_churn_v2,2026-10-05T08:55:20.366037+00:00,0.0,Low,0,East,paid_search,38,Female,Pro,Two year,20.2,64,Monthly charge,Plan & Billing,Lowers risk,-1.0137,Month-to-month contract,Plan & Billing,Lowers risk,-0.8803,Customer tenure,Tenure,Lowers risk,-0.8722,General retention check-in,1381,10,20.2,0.0,49m+
1395-WSWXR,xgb_churn_v2,2026-10-05T08:55:20.366037+00:00,0.0,Low,0,South,partner,43,Male,Pro,Two year,20.75,24,Monthly charge,Plan & Billing,Lowers risk,-1.1044,Month-to-month contract,Plan & Billing,Lowers risk,-0.8387,Amount paid (90d),Payments,Lowers risk,-0.5283,General retention check-in,1382,10,20.75,0.0,13-24m
3572-UUHRS,xgb_churn_v2,2026-10-05T08:55:20.366037+00:00,0.0,Low,0,East,partner,26,Male,Standard,One year,18.85,45,Monthly charge,Plan & Billing,Lowers risk,-1.0585,Month-to-month contract,Plan & Billing,Lowers risk,-0.784,Customer tenure,Tenure,Lowers risk,-0.6379,General retention check-in,1383,10,18.85,0.0,25-48m
4644-OBGFZ,xgb_churn_v2,2026-10-05T08:55:20.366037+00:00,0.0,Low,0,North,paid_search,28,Male,Standard,One year,19.5,55,Monthly charge,Plan & Billing,Lowers risk,-1.0474,Month-to-month contract,Plan & Billing,Lowers risk,-0.8126,Customer tenure,Tenure,Lowers risk,-0.6022,General retention check-in,1384,10,19.5,0.0,49m+
6479-VDGRK,xgb_churn_v2,2026-10-05T08:55:20.366037+00:00,0.0,Low,0,North,partner,31,Female,Pro,Two year,85.3,72,Customer tenure,Tenure,Lowers risk,-1.7882,Month-to-month contract,Plan & Billing,Lowers risk,-0.9771,Two-year contract,Plan & Billing,Lowers risk,-0.4924,General retention check-in,1385,10,85.3,0.0,49m+
4464-JCOLN,xgb_churn_v2,2026-10-05T08:55:20.366037+00:00,0.0,Low,1,Central,referral,37,Male,Standard,One year,19.85,2,Monthly charge,Plan & Billing,Lowers risk,-1.0463,Month-to-month contract,Plan & Billing,Lowers risk,-0.8972,Amount paid (90d),Payments,Lowers risk,-0.741,General retention check-in,1386,10,19.85,0.0,0-6m
1399-OUPJN,xgb_churn_v2,2026-10-05T08:55:20.366037+00:00,0.0,Low,0,North,social,54,Female,Pro,Two year,19.75,57,Monthly charge,Plan & Billing,Lowers risk,-1.0859,Month-to-month contract,Plan & Billing,Lowers risk,-0.8473,Amount paid (90d),Payments,Lowers risk,-0.4867,General retention check-in,1387,10,19.75,0.0,49m+
5474-LAMUQ,xgb_churn_v2,2026-10-05T08:55:20.366037+00:00,0.0,Low,0,Central,referral,54,Male,Standard,One year,20.1,24,Monthly charge,Plan & Billing,Lowers risk,-1.13,Month-to-month contract,Plan & Billing,Lowers risk,-0.7963,Session minutes,Engagement,Lowers risk,-0.6326,General retention check-in,1388,10,20.1,0.0,13-24m
6585-WCEWR,xgb_churn_v2,2026-10-05T08:55:20.366037+00:00,0.0,Low,0,North,social,45,Male,Pro,Two year,20.35,72,Customer tenure,Tenure,Lowers risk,-1.3076,Monthly charge,Plan & Billing,Lowers risk,-0.9356,Month-to-month contract,Plan & Billing,Lowers risk,-0.871,General retention check-in,1389,10,20.35,0.0,49m+
1328-EUZHC,xgb_churn_v2,2026-10-05T08:55:20.366037+00:00,0.0,Low,0,South,referral,28,Female,Pro,Two year,20.1,18,Monthly charge,Plan & Billing,Lowers risk,-1.004,Month-to-month contract,Plan & Billing,Lowers risk,-0.836,Amount paid (90d),Payments,Lowers risk,-0.4798,General retention check-in,1390,10,20.1,0.0,13-24m
6258-PVZWJ,xgb_churn_v2,2026-10-05T08:55:20.366037+00:00,0.0,Low,0,North,referral,57,Male,Pro,Two year,90.8,68,Customer tenure,Tenure,Lowers risk,-1.0557,Month-to-month contract,Plan & Billing,Lowers risk,-0.8968,Feature adoption,Engagement,Lowers risk,-0.6952,General retention check-in,1391,10,90.8,0.0,49m+
5312-TSZVC,xgb_churn_v2,2026-10-05T08:55:20.366037+00:00,0.0,Low,0,North,referral,56,Female,Standard,One year,19.65,15,Monthly charge,Plan & Billing,Lowers risk,-1.1388,Month-to-month contract,Plan & Billing,Lowers risk,-0.852,Amount paid (90d),Payments,Lowers risk,-0.5666,General retention check-in,1392,10,19.65,0.0,13-24m
5893-KCLGT,xgb_churn_v2,2026-10-05T08:55:20.366037+00:00,0.0,Low,0,West,social,49,Female,Pro,Two year,19.75,72,Customer tenure,Tenure,Lowers risk,-1.4999,Monthly charge,Plan & Billing,Lowers risk,-1.0436,Month-to-month contract,Plan & Billing,Lowers risk,-0.9896,General retention check-in,1393,10,19.75,0.0,49m+
1302-TPUBN,xgb_churn_v2,2026-10-05T08:55:20.366037+00:00,0.0,Low,0,Central,social,27,Male,Pro,Two year,19.35,66,Monthly charge,Plan & Billing,Lowers risk,-0.8918,Customer tenure,Tenure,Lowers risk,-0.8076,Month-to-month contract,Plan & Billing,Lowers risk,-0.8019,General retention check-in,1394,10,19.35,0.0,49m+
9953-ZMKSM,xgb_churn_v2,2026-10-05T08:55:20.366037+00:00,0.0,Low,0,North,referral,52,Male,Pro,Two year,25.25,63,Customer tenure,Tenure,Lowers risk,-0.8851,Month-to-month contract,Plan & Billing,Lowers risk,-0.8627,Monthly charge,Plan & Billing,Lowers risk,-0.6638,General retention check-in,1395,10,25.25,0.0,49m+
4836-WNFNO,xgb_churn_v2,2026-10-05T08:55:20.366037+00:00,0.0,Low,0,West,social,56,Female,Pro,Two year,25.0,72,Customer tenure,Tenure,Lowers risk,-1.5804,Month-to-month contract,Plan & Billing,Lowers risk,-0.8576,Monthly charge,Plan & Billing,Lowers risk,-0.5783,General retention check-in,1396,10,25.0,0.0,49m+
4114-QMKVN,xgb_churn_v2,2026-10-05T08:55:20.366037+00:00,0.0,Low,0,West,referral,53,Female,Standard,One year,68.75,56,Usage trend,Engagement,Lowers risk,-1.3725,Month-to-month contract,Plan & Billing,Lowers risk,-0.8395,Customer tenure,Tenure,Lowers risk,-0.6339,General retention check-in,1397,10,68.75,0.0,49m+
1779-PWPMG,xgb_churn_v2,2026-10-05T08:55:20.366037+00:00,0.0,Low,0,West,referral,61,Female,Pro,Two year,114.65,72,Customer tenure,Tenure,Lowers risk,-1.7061,Month-to-month contract,Plan & Billing,Lowers risk,-0.8518,Customer age,Demographic,Raises risk,0.4547,General retention check-in,1398,10,114.65,0.0,49m+
1985-MBRYP,xgb_churn_v2,2026-10-05T08:55:20.366037+00:00,0.0,Low,0,Central,social,43,Female,Pro,Two year,19.65,43,Session count,Engagement,Lowers risk,-1.2188,Monthly charge,Plan & Billing,Lowers risk,-1.073,Month-to-month contract,Plan & Billing,Lowers risk,-0.9169,General retention check-in,1399,10,19.65,0.0,25-48m
7115-IRDHS,xgb_churn_v2,2026-10-05T08:55:20.366037+00:00,0.0,Low,0,South,partner,40,Female,Pro,Two year,24.65,72,Customer tenure,Tenure,Lowers risk,-1.5471,Month-to-month contract,Plan & Billing,Lowers risk,-0.8637,Monthly charge,Plan & Billing,Lowers risk,-0.5155,General retention check-in,1400,10,24.65,0.0,49m+
0962-CQPWQ,xgb_churn_v2,2026-10-05T08:55:20.366037+00:00,0.0,Low,0,West,social,58,Female,Pro,Two year,20.3,62,Monthly charge,Plan & Billing,Lowers risk,-1.0223,Customer tenure,Tenure,Lowers risk,-0.8422,Month-to-month contract,Plan & Billing,Lowers risk,-0.8234,General retention check-in,1401,10,20.3,0.0,49m+
8990-YOZLV,xgb_churn_v2,2026-10-05T08:55:20.366037+00:00,0.0,Low,0,North,social,34,Female,Pro,Two year,66.9,69,Usage trend,Engagement,Lowers risk,-1.3372,Customer tenure,Tenure,Lowers risk,-0.9239,Month-to-month contract,Plan & Billing,Lowers risk,-0.8858,General retention check-in,1402,10,66.9,0.0,49m+
1764-VUUMT,xgb_churn_v2,2026-10-05T08:55:20.366037+00:00,0.0,Low,0,South,social,57,Male,Pro,Two year,19.95,66,Monthly charge,Plan & Billing,Lowers risk,-1.0185,Month-to-month contract,Plan & Billing,Lowers risk,-0.8309,Customer tenure,Tenure,Lowers risk,-0.8029,General retention check-in,1403,10,19.95,0.0,49m+
1027-LKKQQ,xgb_churn_v2,2026-10-05T08:55:20.366037+00:00,0.0,Low,0,West,partner,30,Female,Pro,Two year,80.45,72,Customer tenure,Tenure,Lowers risk,-1.7286,Month-to-month contract,Plan & Billing,Lowers risk,-1.0573,Session count,Engagement,Lowers risk,-0.5556,General retention check-in,1404,10,80.45,0.0,49m+
8338-QIUNR,xgb_churn_v2,2026-10-05T08:55:20.366037+00:00,0.0,Low,0,South,social,53,Male,Pro,Two year,66.5,72,Customer tenure,Tenure,Lowers risk,-1.5763,Month-to-month contract,Plan & Billing,Lowers risk,-0.858,Feature adoption,Engagement,Lowers risk,-0.5482,General retention check-in,1405,10,66.5,0.0,49m+
2626-VEEWG,xgb_churn_v2,2026-10-05T08:55:20.366037+00:00,0.0,Low,0,Central,referral,58,Male,Pro,Two year,19.4,67,Month-to-month contract,Plan & Billing,Lowers risk,-0.9751,Monthly charge,Plan & Billing,Lowers risk,-0.9401,Customer tenure,Tenure,Lowers risk,-0.7032,General retention check-in,1406,10,19.4,0.0,49m+
6087-YPWHO,xgb_churn_v2,2026-10-05T08:55:20.366037+00:00,0.0,Low,0,West,paid_search,37,Male,Pro,Two year,68.15,72,Customer tenure,Tenure,Lowers risk,-1.6039,Month-to-month contract,Plan & Billing,Lowers risk,-0.8717,Feature adoption,Engagement,Lowers risk,-0.5385,General retention check-in,1407,10,68.15,0.0,49m+
2616-FLVQC,xgb_churn_v2,2026-10-05T08:55:20.366037+00:00,0.0,Low,0,South,social,31,Male,Pro,Two year,19.55,64,Monthly charge,Plan & Billing,Lowers risk,-1.0625,Month-to-month contract,Plan & Billing,Lowers risk,-0.8453,Customer tenure,Tenure,Lowers risk,-0.7932,General retention check-in,1408,10,19.55,0.0,49m+
9225-BZLNZ,xgb_churn_v2,2026-10-05T08:55:20.366037+00:00,0.0,Low,0,North,referral,46,Male,Pro,Two year,85.25,72,Customer tenure,Tenure,Lowers risk,-1.5644,Month-to-month contract,Plan & Billing,Lowers risk,-0.9033,Feature adoption,Engagement,Lowers risk,-0.7303,General retention check-in,1409,10,85.25,0.0,49m+
4703-MQYKT,xgb_churn_v2,2026-10-05T08:55:20.366037+00:00,0.0,Low,0,East,referral,26,Male,Pro,Two year,19.6,21,Monthly charge,Plan & Billing,Lowers risk,-1.0453,Month-to-month contract,Plan & Billing,Lowers risk,-0.8542,Amount paid (90d),Payments,Lowers risk,-0.5609,General retention check-in,1410,10,19.6,0.0,13-24m
7608-RGIRO,xgb_churn_v2,2026-10-05T08:55:20.366037+00:00,0.0,Low,0,West,referral,57,Male,Pro,Two year,24.4,62,Customer tenure,Tenure,Lowers risk,-0.8737,Month-to-month contract,Plan & Billing,Lowers risk,-0.8427,Monthly charge,Plan & Billing,Lowers risk,-0.7262,General retention check-in,1411,10,24.4,0.0,49m+
0281-CNTZX,xgb_churn_v2,2026-10-05T08:55:20.366037+00:00,0.0,Low,0,West,organic,31,Male,Pro,Two year,19.95,63,Monthly charge,Plan & Billing,Lowers risk,-1.0723,Month-to-month contract,Plan & Billing,Lowers risk,-0.8127,Customer tenure,Tenure,Lowers risk,-0.8035,General retention check-in,1412,10,19.95,0.0,49m+
0613-WUXUM,xgb_churn_v2,2026-10-05T08:55:20.366037+00:00,0.0,Low,0,North,social,56,Female,Pro,Two year,19.2,70,Monthly charge,Plan & Billing,Lowers risk,-1.0688,Month-to-month contract,Plan & Billing,Lowers risk,-0.9485,Customer tenure,Tenure,Lowers risk,-0.9041,General retention check-in,1413,10,19.2,0.0,49m+
7996-MHXLW,xgb_churn_v2,2026-10-05T08:55:20.366037+00:00,0.0,Low,0,West,paid_search,22,Female,Pro,Two year,25.15,66,Customer tenure,Tenure,Lowers risk,-0.9015,Feature adoption,Engagement,Lowers risk,-0.8633,Month-to-month contract,Plan & Billing,Lowers risk,-0.8255,General retention check-in,1414,10,25.15,0.0,49m+
0298-XACET,xgb_churn_v2,2026-10-05T08:55:20.366037+00:00,0.0,Low,0,Central,referral,36,Male,Pro,Two year,50.2,52,Month-to-month contract,Plan & Billing,Lowers risk,-0.8616,Usage trend,Engagement,Lowers risk,-0.715,Customer tenure,Tenure,Lowers risk,-0.5552,General retention check-in,1415,10,50.2,0.0,49m+
1293-BSEUN,xgb_churn_v2,2026-10-05T08:55:20.366037+00:00,0.0,Low,0,East,referral,44,Female,Pro,Two year,20.7,72,Customer tenure,Tenure,Lowers risk,-1.5108,Monthly charge,Plan & Billing,Lowers risk,-0.9715,Month-to-month contract,Plan & Billing,Lowers risk,-0.8556,General retention check-in,1416,10,20.7,0.0,49m+
5451-YHYPW,xgb_churn_v2,2026-10-05T08:55:20.366037+00:00,0.0,Low,0,North,referral,60,Female,Pro,Two year,115.75,72,Customer tenure,Tenure,Lowers risk,-1.6259,Month-to-month contract,Plan & Billing,Lowers risk,-0.8918,Customer age,Demographic,Raises risk,0.5885,General retention check-in,1417,10,115.75,0.0,49m+
3249-VHRIP,xgb_churn_v2,2026-10-05T08:55:20.366037+00:00,0.0,Low,0,North,partner,30,Female,Pro,Two year,43.6,62,Customer tenure,Tenure,Lowers risk,-0.9976,Month-to-month contract,Plan & Billing,Lowers risk,-0.8349,Two-year contract,Plan & Billing,Lowers risk,-0.4862,General retention check-in,1418,10,43.6,0.0,49m+
7008-LZVOZ,xgb_churn_v2,2026-10-05T08:55:20.366037+00:00,0.0,Low,0,South,referral,46,Male,Pro,Two year,25.3,66,Month-to-month contract,Plan & Billing,Lowers risk,-0.9317,Customer tenure,Tenure,Lowers risk,-0.9258,Session count,Engagement,Lowers risk,-0.7702,General retention check-in,1419,10,25.3,0.0,49m+
