customer_id,signup_date,region,signup_channel,age,gender
7590-VHVEG,2026-07-26,East,partner,54,Female
5575-GNVDE,2023-11-17,South,paid_search,53,Male
3668-QPYBK,2026-07-17,North,referral,26,Male
7795-CFOCW,2022-12-15,Central,social,44,Male
9237-HQITU,2026-07-08,Central,organic,36,Female
9305-CDSKC,2026-01-02,Central,partner,51,Female
1452-KIOVK,2024-11-08,North,social,40,Male
6713-OKOMC,2025-11-11,South,social,58,Female
7892-POOKP,2024-05-08,South,paid_search,37,Female
6388-TABGU,2021-07-03,South,paid_search,47,Male
9763-GRSKD,2025-08-09,East,social,26,Male
7469-LKBCI,2025-04-30,East,referral,56,Male
8091-TTVAX,2021-11-05,East,referral,27,Male
0280-XJGEX,2022-07-20,South,referral,35,Male
5129-JLPIS,2024-07-18,Central,referral,52,Male
3655-SNQYZ,2020-11-27,Central,partner,57,Female
8191-XWSZG,2022-05-02,South,referral,39,Female
9959-WOFKT,2020-10-16,South,paid_search,39,Male
4190-MFLUW,2025-10-29,East,referral,23,Female
4183-MYFRB,2024-12-05,South,partner,58,Female
8779-QRDMV,2026-08-09,Central,social,70,Male
1680-VDCWW,2025-08-24,East,referral,22,Male
1066-JKSGK,2026-08-16,North,partner,39,Male
3638-WEABW,2021-11-09,North,referral,22,Female
6322-HRPFA,2022-07-25,North,partner,28,Male
6865-JZNKO,2024-02-19,South,paid_search,45,Female
6467-CHFZW,2022-10-02,South,referral,48,Male
8665-UTDHZ,2026-08-02,Central,organic,33,Male
5248-YGIJN,2020-08-18,Central,paid_search,51,Male
8773-HHUOZ,2025-04-15,North,partner,44,Female
3841-NFECX,2020-10-02,Central,organic,69,Female
4929-XIHVW,2026-07-11,East,paid_search,64,Male
6827-IEAUQ,2024-06-03,South,partner,43,Female
7310-EGVHZ,2026-07-21,East,social,52,Male
3413-BMNZE,2026-07-31,East,referral,77,Male
6234-RAAPL,2020-08-18,North,referral,30,Female
6047-YHPVI,2026-04-02,Central,referral,33,Male
6572-ADKRS,2022-10-22,North,partner,34,Female
5380-WJKOV,2023-11-12,North,referral,54,Male
8168-UQWWF,2025-10-08,South,organic,49,Female
8865-TNMNX,2025-11-08,North,referral,42,Male
9489-DEDVP,2020-10-24,North,paid_search,41,Female
9867-JCZSP,2025-04-02,South,partner,54,Female
4671-VJLCL,2021-06-11,South,organic,38,Female
4080-IIARD,2025-08-12,North,partner,30,Female
3714-NTNFO,2022-08-06,Central,organic,27,Female
5948-UJZLF,2026-07-14,Central,social,34,Male
7760-OYPDY,2026-06-28,West,partner,46,Female
7639-LIAYI,2022-04-23,East,organic,39,Male
2954-PIBKO,2020-11-17,Central,social,37,Female
8012-SOUDQ,2023-02-09,South,referral,75,Female
9420-LOJKX,2025-06-04,East,partner,58,Female
6575-SUVOI,2024-08-01,North,organic,67,Female
7495-OOKFY,2026-01-02,West,organic,69,Female
4667-QONEA,2021-09-03,North,social,69,Female
1658-BYGOY,2025-03-12,West,referral,60,Male
8769-KKTPH,2021-06-14,West,partner,53,Female
5067-XJQFU,2021-03-05,South,social,63,Male
3957-SQXML,2023-11-15,West,referral,53,Female
5954-BDFSG,2020-09-15,South,paid_search,45,Female
0434-CSFON,2022-10-02,South,social,42,Female
1215-FIGMP,2021-08-22,East,organic,32,Male
0526-SXDJP,2020-08-31,South,referral,34,Male
0557-ASKVU,2025-03-18,West,social,27,Female
5698-BQJOH,2025-11-22,South,paid_search,41,Female
5122-CYFXA,2026-05-28,East,paid_search,32,Female
8627-ZYGSZ,2022-10-08,Central,referral,32,Male
3410-YOQBQ,2024-02-08,South,organic,23,Female
3170-NMYVV,2022-06-21,East,organic,51,Female
7410-OIEDU,2025-11-02,Central,paid_search,56,Male
2273-QCKXA,2026-08-13,South,social,40,Male
0731-EBJQB,2022-05-10,North,paid_search,41,Female
1891-QRQSA,2021-05-10,South,partner,69,Male
8028-PNXHQ,2021-07-05,Central,referral,40,Male
5630-AHZIL,2026-06-07,West,partner,45,Female
2673-CXQEU,2021-12-31,Central,paid_search,69,Female
6416-JNVRK,2022-11-07,South,social,41,Female
5590-ZSKRV,2025-12-28,Central,paid_search,41,Female
0191-ZHSKZ,2024-03-03,South,partner,71,Male
3887-PBQAO,2022-11-19,West,social,44,Female
5919-TMRGD,2026-07-24,Central,referral,40,Female
8108-UXRQN,2025-10-08,South,partner,24,Female
9191-MYQKX,2026-02-14,Central,organic,55,Female
9919-YLNNG,2023-03-01,West,referral,54,Female
0318-ZOPWS,2022-08-07,West,paid_search,28,Female
4445-ZJNMU,2025-11-20,West,social,32,Male
4808-YNLEU,2023-10-05,North,social,58,Female
1862-QRWPE,2022-09-08,West,partner,33,Female
2796-NNUFI,2022-11-06,South,social,52,Female
3016-KSVCP,2024-03-23,South,social,51,Male
4767-HZZHQ,2024-03-14,North,partner,53,Male
2424-WVHPL,2026-07-20,North,referral,76,Male
7233-PAHHL,2021-03-10,Central,paid_search,39,Male
6067-NGCEU,2021-03-23,South,social,42,Female
9848-JQJTX,2020-08-31,South,organic,52,Male
8637-XJIVR,2025-08-30,East,organic,30,Female
9803-FTJCG,2020-10-10,West,social,33,Male
0278-YXOOG,2026-03-27,East,organic,28,Male
3212-KXOCR,2022-04-29,East,organic,50,Male
4598-XLKNJ,2024-08-02,Central,referral,62,Female
6380-ARCEH,2026-08-04,East,referral,27,Male
3679-XASPY,2026-07-31,West,organic,30,Female
7123-WQUHX,2023-07-04,Central,paid_search,33,Male
5386-THSLQ,2021-02-16,West,paid_search,60,Female
3192-NQECA,2021-01-15,North,paid_search,38,Male
6180-YBIQI,2026-04-10,South,organic,32,Male
6728-DKUCO,2020-08-22,West,partner,33,Female
9750-BOOHV,2023-12-24,East,referral,44,Female
8597-CWYHH,2023-02-06,South,social,36,Male
2848-YXSMW,2020-09-01,South,organic,27,Male
0486-HECZI,2022-02-15,North,partner,52,Male
4549-ZDQYY,2022-05-13,South,social,37,Female
5712-AHQNN,2023-01-19,West,referral,31,Female
4846-WHAFZ,2023-07-29,North,partner,69,Female
5256-SKJGO,2021-05-16,Central,referral,49,Female
3071-VBYPO,2026-05-25,South,referral,27,Male
9560-BBZXK,2023-09-05,Central,social,24,Female
5299-RULOA,2025-10-30,South,referral,23,Female
8402-OOOHJ,2023-03-23,Central,referral,50,Female
9445-ZUEQE,2024-05-23,East,social,45,Male
1091-SOZGA,2022-01-12,Central,referral,51,Female
2928-HLDBA,2026-03-08,North,organic,45,Female
0404-SWRVG,2026-06-09,West,partner,36,Male
6497-TILVL,2026-01-19,South,partner,43,Female
7219-TLZHO,2026-04-25,South,paid_search,48,Female
4622-YNKIJ,2023-11-28,North,partner,36,Male
4412-YLTKF,2024-06-16,Central,organic,61,Female
6734-PSBAW,2020-08-23,West,paid_search,55,Male
3930-ZGWVE,2026-08-01,Central,social,51,Male
2639-UGMAZ,2020-10-08,East,partner,72,Male
2876-GZYZC,2025-08-04,North,partner,36,Female
6207-WIOLX,2024-08-03,South,partner,26,Female
8587-XYZSF,2021-02-07,East,organic,39,Male
3091-FYHKI,2026-07-21,North,social,49,Male
2372-HWUHI,2026-06-21,Central,paid_search,50,Male
7799-LGRDP,2023-02-15,Central,partner,36,Female
7850-VWJUU,2024-09-18,East,social,32,Female
3774-VBNXY,2021-05-05,East,paid_search,38,Female
6217-KDYWC,2021-11-23,West,partner,51,Male
0390-DCFDQ,2026-07-25,West,organic,68,Female
3146-MSEGF,2020-08-30,North,partner,79,Female
4080-OGPJL,2025-12-25,East,referral,30,Female
1095-WGNGG,2021-07-28,West,organic,51,Female
2636-SJDOU,2021-04-22,Central,partner,39,Male
1131-QQZEB,2020-10-04,East,social,79,Male
5716-EZXZN,2021-03-26,Central,organic,31,Female
6837-BJYDQ,2026-05-19,East,social,23,Male
2135-RXIHG,2026-07-20,South,social,39,Male
6440-DKQGE,2024-03-13,East,referral,58,Male
3466-BYAVD,2025-06-03,West,social,42,Male
3780-YVMFA,2026-01-01,Central,paid_search,54,Female
3874-EQOEP,2026-01-28,South,partner,49,Male
1679-JRFBR,2020-10-28,South,partner,54,Female
9073-ZZIAY,2021-06-22,West,referral,33,Male
3077-RSNTJ,2026-03-03,West,social,57,Female
6551-GNYDG,2025-06-26,South,social,30,Female
9167-APMXZ,2024-10-21,West,partner,38,Female
2749-CTKAJ,2024-11-13,North,referral,47,Male
6371-NZYEG,2025-04-28,South,social,32,Male
7554-NEWDD,2025-11-05,Central,referral,31,Male
8992-VONJD,2025-07-21,East,partner,26,Female
0867-MKZVY,2024-12-31,Central,organic,22,Female
4482-EWFMI,2026-06-30,South,paid_search,40,Female
4648-YPBTM,2022-03-26,South,social,58,Male
2907-ILJBN,2025-10-10,Central,referral,30,Female
6345-FZOQH,2020-11-30,Central,referral,38,Male
3376-BMGFE,2026-04-25,Central,social,56,Female
5997-OPVFA,2020-08-24,South,paid_search,50,Male
3445-HXXGF,2021-11-10,Central,paid_search,66,Male
1159-WFSGR,2025-04-22,East,organic,40,Female
7654-YWJUF,2023-02-12,Central,paid_search,27,Male
1875-QIVME,2026-07-11,Central,referral,31,Female
6727-IOTLZ,2025-06-22,East,partner,31,Male
0691-JVSYA,2022-03-30,South,paid_search,44,Female
5918-VUKWP,2023-12-31,Central,referral,29,Female
1744-JHKYS,2023-11-01,East,paid_search,31,Female
2656-FMOKZ,2025-05-19,East,social,74,Female
2070-FNEXE,2026-02-09,West,referral,63,Female
5947-SGKCL,2025-06-09,Central,organic,46,Female
3712-PKXZA,2021-08-03,North,partner,36,Male
6317-YPKDH,2026-07-23,Central,paid_search,34,Female
6582-OIVSP,2026-08-01,East,social,41,Female
9367-WXLCH,2025-12-26,North,paid_search,44,Male
5524-KHNJP,2023-11-23,South,social,22,Male
1918-ZBFQJ,2025-07-22,East,partner,54,Female
1024-GUALD,2026-08-04,West,organic,55,Female
4827-USJHP,2025-01-03,East,partner,44,Male
8167-GJLRN,2026-06-15,North,partner,43,Male
0956-SYCWG,2025-08-15,East,referral,47,Female
8017-UVSZU,2023-05-04,South,organic,38,Female
7100-FQPRV,2023-01-25,South,referral,35,Male
2472-OVKUP,2026-02-21,West,partner,35,Male
2984-RGEYA,2020-12-04,Central,organic,27,Female
9680-NIAUV,2020-08-30,North,paid_search,53,Female
2146-EGVDT,2021-09-23,West,partner,33,Male
2604-IJPDU,2025-01-07,East,referral,32,Female
9178-JHUVJ,2024-09-12,South,social,57,Male
6168-YBYNP,2021-09-20,West,paid_search,40,Male
7255-SSFBC,2020-08-31,South,partner,45,Male
3645-DEYGF,2026-08-13,West,referral,31,Male
9323-HGFWY,2024-06-10,East,paid_search,32,Female
8544-GOQSH,2025-07-08,North,social,48,Female
3363-DTIVD,2020-10-10,West,partner,38,Male
7018-WBJNK,2025-08-04,Central,referral,27,Male
9142-KZXOP,2022-12-23,East,paid_search,52,Male
7674-YTAFD,2023-11-25,West,social,36,Female
6348-SNFUS,2020-08-20,North,organic,46,Male
1285-OKIPP,2026-07-23,South,organic,34,Male
7825-ECJRF,2025-02-06,South,organic,42,Female
1347-KTTTA,2021-05-16,West,partner,50,Male
7841-TZDMQ,2026-07-14,South,organic,54,Male
4195-NZGTA,2026-07-25,West,partner,29,Female
7157-SMCFK,2021-08-07,South,organic,46,Male
4709-LKHYG,2024-03-27,West,partner,55,Female
2504-DSHIH,2024-10-03,South,partner,74,Male
0699-NDKJM,2021-11-20,East,social,27,Female
9286-BHDQG,2020-09-01,North,paid_search,29,Male
0230-WEQUW,2021-02-18,West,organic,29,Male
2040-LDIWQ,2021-04-10,North,partner,25,Male
6496-JDSSB,2025-12-24,Central,referral,49,Female
9408-SSNVZ,2026-05-03,Central,social,57,Female
4443-EMBNA,2020-10-11,East,organic,41,Female
6469-MRVET,2026-08-10,Central,referral,44,Male
0742-MOABM,2026-05-09,Central,organic,50,Male
5961-VUSRV,2025-09-12,North,referral,37,Female
6778-JFCMK,2024-08-19,West,organic,39,Male
6341-JVQGF,2024-02-10,South,partner,43,Female
2232-DMLXU,2026-07-31,Central,partner,33,Female
4811-JBUVU,2024-02-29,Central,organic,24,Male
0945-TSONX,2022-10-01,Central,referral,43,Female
2651-ZCBXV,2022-02-28,East,referral,52,Male
3316-UWXUY,2022-06-20,North,partner,24,Male
8937-RDTHP,2026-07-19,North,referral,30,Male
7083-MIOPC,2020-08-21,North,referral,31,Female
1984-GPTEH,2024-04-04,Central,social,51,Female
1251-KRREG,2026-06-27,East,referral,40,Male
0621-JFHOL,2025-11-11,South,social,41,Female
9903-LYSAB,2025-02-20,East,social,45,Male
0094-OIFMO,2025-10-12,North,social,66,Female
9227-UAQFT,2025-05-14,East,social,48,Male
7301-ABVAD,2020-08-23,East,partner,23,Female
6614-FHDBO,2020-08-25,West,referral,26,Male
7576-ASEJU,2023-04-13,North,referral,52,Female
9058-HRZSV,2021-03-20,Central,paid_search,72,Female
4522-AKYLR,2025-08-14,North,social,72,Female
0221-WMXNQ,2026-05-17,East,partner,61,Male
0303-UNCIP,2023-03-20,South,social,23,Male
9947-OTFQU,2025-06-11,West,partner,68,Male
0322-YINQP,2026-08-10,West,referral,49,Male
0959-WHOKV,2023-02-23,North,paid_search,32,Male
4075-JFPGR,2022-05-30,East,social,34,Female
4629-NRXKX,2026-07-03,East,partner,30,Female
9514-JDSKI,2026-07-19,East,social,63,Male
3282-ZISZV,2024-01-14,North,referral,32,Male
3675-YDUPJ,2025-10-20,North,referral,31,Male
4111-BNXIF,2021-02-07,East,organic,37,Female
7017-VFHAY,2021-07-30,South,organic,53,Female
6655-LHBYW,2022-07-08,East,partner,50,Male
4959-JOSRX,2026-07-10,North,paid_search,33,Female
5046-NUHWD,2024-04-08,West,organic,71,Female
7273-TEFQD,2026-06-01,North,partner,75,Male
3606-TWKGI,2025-07-22,West,partner,63,Male
7529-ZDFXI,2021-12-13,Central,organic,65,Male
7605-BDWDC,2024-01-28,South,referral,41,Female
1950-KSVVJ,2022-11-22,North,referral,29,Female
0123-CRBRT,2021-07-26,North,organic,50,Female
6292-TOSSS,2022-06-18,South,partner,33,Male
3197-ARFOY,2025-02-15,North,paid_search,66,Female
6323-AYBRX,2021-10-07,Central,social,25,Male
7014-ZZXAW,2020-10-04,Central,organic,40,Female
4385-GZQXV,2025-05-01,Central,social,65,Female
7633-MVPUY,2021-12-07,Central,organic,54,Male
6366-ZGQGL,2026-08-10,East,partner,37,Male
4716-HHKQH,2024-12-22,South,partner,79,Male
5940-AHUHD,2026-08-11,East,referral,54,Male
6432-TWQLB,2026-03-20,South,paid_search,41,Male
4484-GLZOU,2022-05-17,Central,organic,24,Female
3179-GBRWV,2024-12-04,East,paid_search,75,Male
8645-KWHJO,2025-06-29,South,partner,29,Male
4130-MZLCC,2026-03-19,West,partner,55,Female
0314-TKOSI,2026-02-24,South,organic,55,Female
8229-MYEJZ,2025-11-16,South,organic,39,Female
2080-SRCDE,2026-07-26,South,referral,54,Female
9577-WJVCQ,2021-01-07,North,referral,31,Female
9512-UIBFX,2025-02-21,North,social,47,Male
6202-DYYFX,2024-10-24,East,partner,36,Female
3808-HFKDE,2025-01-11,Central,referral,30,Female
5583-SXDAG,2026-08-07,South,referral,31,Male
3488-PGMQJ,2025-12-23,West,partner,70,Male
3580-REOAC,2025-10-20,South,referral,34,Male
7534-BFESC,2024-08-29,South,partner,76,Male
3727-OWVYD,2023-10-11,North,organic,34,Male
2294-SALNE,2024-10-05,East,social,26,Male
4847-TAJYI,2026-02-23,West,social,66,Female
1563-IWQEX,2025-08-30,South,referral,36,Female
8203-XJZRC,2026-08-11,East,referral,25,Male
6556-DBKZF,2020-10-08,East,referral,43,Female
6851-WEFYX,2023-10-12,South,social,68,Male
2985-JUUBZ,2023-05-04,West,organic,35,Male
6390-DSAZX,2026-08-04,East,paid_search,53,Female
0895-LMRSF,2024-09-30,North,partner,44,Male
8098-LLAZX,2026-04-20,East,partner,76,Female
8266-VBFQL,2026-04-29,South,paid_search,32,Male
8181-YHCMF,2020-12-30,West,organic,23,Female
2240-HSJQD,2023-07-08,South,referral,34,Male
1248-DYXUB,2022-04-29,Central,partner,56,Male
0265-EDXBD,2023-12-19,West,partner,66,Male
4115-BNPJY,2024-04-17,North,organic,51,Male
3167-SNQPL,2023-07-08,East,organic,66,Male
4091-TVOCN,2022-09-15,Central,paid_search,35,Male
1098-TDVUQ,2026-08-11,South,referral,33,Female
7277-OZCGZ,2024-11-14,West,organic,56,Female
1557-EMYVT,2023-01-30,West,organic,43,Female
2799-ARNLO,2026-03-24,West,referral,65,Female
7563-BIUPC,2026-03-20,North,paid_search,32,Male
5027-YOCXN,2022-06-10,South,partner,54,Male
3973-SKMLN,2020-09-26,South,organic,23,Male
2321-OMBXY,2023-07-09,South,social,24,Female
2840-XANRC,2024-09-07,Central,organic,78,Male
6745-JEFZB,2023-09-29,North,referral,22,Male
5020-ZSTTY,2022-02-26,East,social,66,Female
9880-TDQAC,2020-08-30,Central,partner,58,Female
8705-WZCYL,2026-08-15,Central,social,37,Male
7102-JJVTX,2025-12-05,West,organic,48,Female
8626-PTQGE,2020-12-08,Central,partner,40,Male
4983-CLMLV,2022-05-18,East,organic,25,Female
5701-YVSVF,2025-10-16,West,partner,64,Female
5804-LEPIM,2026-07-05,East,paid_search,60,Female
5697-GOMBF,2024-05-14,North,partner,62,Female
2739-CACDQ,2025-03-26,North,organic,71,Female
9385-EHGDO,2023-10-16,Central,social,34,Female
9498-FIMXL,2026-01-09,North,referral,35,Female
2379-GYFLQ,2022-10-18,South,referral,57,Male
0122-OAHPZ,2026-01-25,West,referral,44,Female
2868-SNELZ,2026-07-02,East,organic,44,Female
4322-RCYMT,2021-01-16,East,paid_search,34,Male
6680-NENYN,2023-02-15,Central,partner,36,Female
2088-IEBAU,2020-12-20,West,social,47,Female
7982-VCELR,2023-08-25,Central,social,23,Female
1343-EHPYB,2021-05-20,West,referral,30,Male
6035-BXTTY,2023-12-23,Central,paid_search,72,Female
6885-PKOAM,2020-10-16,West,referral,45,Female
7520-HQWJU,2021-02-21,East,referral,25,Female
9639-BUJXT,2021-06-04,Central,paid_search,51,Male
5924-SNGKP,2023-03-28,Central,paid_search,42,Female
0021-IKXGC,2026-08-05,North,social,65,Female
2034-GDRCN,2026-06-27,Central,paid_search,49,Female
8966-SNIZF,2020-10-22,West,organic,58,Female
6243-OZGFH,2024-09-17,Central,partner,37,Female
4654-DLAMQ,2021-05-01,West,partner,63,Female
0513-RBGPE,2023-08-09,Central,paid_search,33,Male
5160-UXJED,2025-03-30,South,partner,43,Male
4115-NZRKS,2026-02-01,North,social,65,Female
0219-YTZUE,2026-05-12,North,social,39,Male
0623-IIHUG,2024-11-25,South,partner,79,Female
4572-DVCGN,2025-11-14,South,referral,23,Female
3351-NGXYI,2025-05-05,East,organic,63,Female
8984-EYLLL,2021-04-27,North,referral,49,Male
9057-MSWCO,2024-05-21,North,social,61,Male
9833-TGFHX,2023-02-28,East,social,25,Male
9294-TDIPC,2026-03-19,West,partner,31,Male
5229-DTFYB,2023-03-24,North,social,37,Female
0104-PPXDV,2021-11-09,East,referral,43,Male
5176-LMJXE,2022-09-22,West,organic,58,Female
3583-KRKMD,2025-03-08,West,referral,47,Male
1010-DIAUQ,2026-03-30,North,paid_search,41,Male
9069-LGEUL,2024-10-10,West,social,24,Male
7302-ZHMHP,2026-08-01,North,partner,24,Female
9571-EDEBV,2020-09-26,South,referral,27,Male
3520-FJGCV,2020-08-20,South,paid_search,46,Male
6563-VRERX,2023-11-19,Central,organic,34,Male
0259-GBZSH,2026-06-24,North,organic,30,Male
6122-EFVKN,2024-08-31,West,paid_search,46,Male
2805-EDJPQ,2021-12-21,Central,paid_search,52,Female
6862-CQUMB,2023-08-14,Central,paid_search,38,Male
7156-MXBJE,2023-01-18,South,social,54,Female
6158-HDPXZ,2026-08-11,North,partner,49,Male
9601-BRXPO,2024-08-04,South,referral,48,Female
2863-IMQDR,2021-07-21,West,organic,54,Female
5686-CMAWK,2025-03-27,North,social,28,Male
5651-CRHKQ,2023-03-23,West,partner,50,Female
6905-NIQIN,2026-07-28,South,referral,57,Male
8204-YJCLA,2020-08-29,West,referral,78,Male
5167-ZFFMM,2026-08-12,West,referral,43,Male
6583-SZVGP,2022-08-18,East,social,49,Male
4895-TMWIR,2025-09-28,West,partner,62,Male
0533-BNWKF,2022-01-26,Central,referral,61,Female
1708-PBBOA,2023-03-06,South,partner,55,Female
8782-LKFPK,2022-12-19,East,social,52,Male
5522-JBWMO,2026-08-04,West,paid_search,36,Male
3597-MVHJT,2024-06-12,Central,social,49,Female
9774-NRNAU,2024-06-12,East,partner,63,Male
0224-RLWWD,2026-06-28,South,organic,67,Female
9967-ATRFS,2025-01-24,Central,social,51,Female
3951-NJCVI,2023-03-12,Central,partner,74,Female
2977-CEBSX,2021-02-25,East,paid_search,43,Female
0177-PXBAT,2023-11-18,North,paid_search,60,Male
6599-CEBNN,2023-11-02,South,social,28,Female
2519-ERQOJ,2023-11-18,East,social,65,Male
5876-QMYLD,2024-10-12,West,organic,42,Female
2277-AXSDC,2024-01-04,West,partner,41,Female
9442-JTWDL,2025-10-01,Central,organic,47,Female
0979-PHULV,2020-12-06,North,paid_search,53,Male
3067-SVMTC,2021-01-13,East,referral,27,Female
5495-GPSRW,2025-01-03,West,paid_search,37,Male
7606-BPHHN,2020-09-06,Central,referral,48,Male
4742-DRORA,2021-09-10,North,referral,52,Male
0111-KLBQG,2024-01-05,Central,referral,62,Male
4800-VHZKI,2026-08-05,North,social,51,Female
7989-CHGTL,2026-07-22,North,organic,53,Male
0334-GDDSO,2026-06-03,Central,partner,63,Male
4163-NCJAK,2022-11-04,West,paid_search,44,Female
5233-AOZUF,2024-04-06,Central,organic,31,Female
5973-EJGDP,2022-05-31,West,referral,42,Male
1996-DBMUS,2022-09-08,West,paid_search,60,Female
7916-VCCPB,2025-04-21,East,organic,25,Female
4686-GEFRM,2020-11-04,East,referral,50,Male
5249-QYHEX,2023-05-06,East,social,42,Female
0578-SKVMF,2024-11-15,South,referral,56,Female
5564-NEMQO,2026-07-22,Central,partner,70,Female
2233-FAGXV,2026-04-03,South,organic,55,Female
5605-IYGFG,2026-02-11,West,organic,38,Female
7663-ZTEGJ,2024-04-12,West,paid_search,43,Male
3935-TBRZZ,2023-01-06,East,partner,46,Male
8111-BKVDS,2025-10-24,West,social,43,Female
2055-SIFSS,2022-02-13,North,organic,63,Female
2806-MLNTI,2022-05-15,South,referral,77,Male
8734-DKSTZ,2025-10-31,East,paid_search,49,Female
4360-PNRQB,2025-03-04,South,partner,58,Male
6152-ONASV,2020-12-19,Central,paid_search,30,Female
9063-ZGTUY,2021-07-26,Central,referral,31,Female
7781-HVGMK,2020-08-28,West,social,39,Female
2181-UAESM,2026-07-08,South,referral,48,Male
2957-LOLHO,2025-08-29,North,partner,57,Male
6048-NJXHX,2023-03-31,West,partner,51,Male
2320-SLKMB,2024-07-09,Central,referral,51,Female
4980-URKXC,2023-09-06,East,paid_search,38,Male
4376-KFVRS,2020-08-20,Central,social,45,Male
5886-VLQVU,2023-10-01,Central,paid_search,29,Male
3577-AMVUX,2026-08-03,East,social,39,Male
0771-WLCLA,2025-04-24,South,social,28,Female
5628-RKIFK,2022-08-09,North,referral,66,Female
0206-TBWLC,2022-03-12,West,social,53,Female
2937-FTHUR,2025-02-17,East,partner,51,Female
1910-FMXJM,2023-08-24,North,partner,40,Female
7752-XUSCI,2021-09-04,North,organic,22,Female
4110-PFEUZ,2026-07-20,Central,organic,25,Female
0732-OCQOC,2022-05-07,South,organic,26,Female
5168-MSWXT,2025-12-27,South,organic,48,Male
1090-ESELR,2020-09-15,West,social,29,Male
8592-PLTMQ,2021-04-27,South,organic,31,Female
5760-WRAHC,2024-11-11,Central,organic,78,Female
8847-GEOOQ,2021-09-09,West,social,54,Male
0256-LTHVJ,2024-04-23,South,paid_search,50,Female
4785-FCIFB,2021-08-11,South,social,33,Female
8313-NDOIA,2024-09-02,Central,social,43,Female
5149-CUZUJ,2024-04-20,East,referral,29,Male
0942-KOWSM,2024-02-18,Central,social,53,Female
4237-CLSMM,2026-07-05,South,social,25,Male
1452-VOQCH,2026-08-15,North,organic,49,Male
4719-UMSIY,2026-03-10,Central,organic,40,Male
6614-VBEGU,2024-08-29,South,paid_search,50,Female
0880-TKATG,2026-05-08,Central,referral,38,Male
3811-VBYBZ,2026-01-25,West,partner,27,Male
1480-BKXGA,2020-08-18,South,organic,60,Male
2996-XAUVF,2020-10-29,West,organic,45,Male
9076-AXYIK,2021-04-29,North,paid_search,63,Male
5968-XQIVE,2020-09-01,South,paid_search,35,Male
8896-RAZCR,2023-01-11,South,social,34,Female
4640-UHDOS,2025-07-31,West,paid_search,39,Female
4933-IKULF,2025-03-21,East,social,74,Female
3583-EKAPL,2026-07-28,West,organic,32,Male
1304-BCCFO,2025-11-25,East,organic,32,Male
4104-PVRPS,2024-08-22,West,social,22,Male
9399-APLBT,2026-08-06,North,paid_search,56,Female
2359-KMGLI,2024-09-06,West,organic,30,Male
3780-DDGSE,2023-09-18,North,referral,76,Male
4431-EDMIQ,2026-02-02,North,organic,27,Female
0306-JAELE,2026-03-26,West,organic,58,Male
6227-HWPWX,2025-05-29,North,referral,39,Female
0486-LGCCH,2025-10-14,West,referral,34,Male
0447-BEMNG,2022-09-07,North,referral,36,Female
4612-SSVHJ,2025-01-07,North,referral,65,Female
5168-MQQCA,2020-09-11,Central,organic,33,Female
5949-XIKAE,2025-12-24,North,paid_search,31,Female
7971-HLVXI,2020-08-19,Central,paid_search,51,Male
9094-AZPHK,2025-05-20,South,paid_search,24,Female
3649-JPUGY,2020-09-11,West,referral,37,Male
4472-LVYGI,2026-09-03,Central,paid_search,51,Female
8372-JUXUI,2026-08-11,North,partner,52,Male
3552-CTCYF,2021-06-16,South,social,40,Male
6778-YSNIH,2026-06-30,East,partner,30,Female
0388-EOPEX,2026-06-23,Central,paid_search,34,Female
5756-OZRIO,2021-08-15,North,referral,72,Male
6579-JPICP,2026-07-29,North,referral,46,Male
8205-OTCHB,2024-11-15,South,partner,32,Male
4134-BSXLX,2024-04-22,South,paid_search,45,Male
0505-SPOOW,2020-11-15,South,organic,46,Female
6235-VDHOM,2026-04-04,North,partner,78,Female
7783-YKGDV,2025-09-13,Central,partner,35,Female
4374-YMUSQ,2023-11-05,West,organic,57,Male
4513-CXYIX,2020-10-04,North,partner,73,Female
3957-HHLMR,2020-10-31,East,organic,47,Female
7803-XOCCZ,2022-04-24,West,partner,46,Female
5736-YEJAX,2020-11-17,West,partner,52,Male
5609-CEBID,2025-01-06,Central,organic,69,Female
8981-FJGLA,2025-09-20,West,partner,51,Male
7218-HKQFK,2026-07-06,West,organic,35,Male
4636-QRJKY,2026-03-15,North,paid_search,40,Female
1135-LMECX,2026-07-30,North,partner,40,Female
4332-MUOEZ,2024-12-26,West,paid_search,79,Male
8535-SFUTN,2021-08-08,Central,social,44,Male
5956-VKDTT,2026-03-31,South,social,76,Female
8677-HDZEE,2022-01-04,West,social,51,Female
2475-MROZF,2024-03-13,South,organic,50,Male
9412-GHEEC,2023-05-07,East,organic,25,Male
3482-ABPKK,2024-05-05,West,organic,57,Female
6705-LXORM,2026-04-07,West,referral,61,Female
0257-ZESQC,2024-05-21,North,referral,69,Female
7531-GQHME,2025-09-05,Central,partner,40,Male
5174-ITUMV,2021-01-28,Central,paid_search,52,Male
4109-CYRBD,2024-04-17,East,organic,62,Male
0913-XWSCN,2022-02-06,South,partner,56,Male
6825-UYPFK,2024-09-20,East,partner,37,Female
8397-MVTAZ,2023-10-22,Central,partner,30,Male
0750-EBAIU,2022-04-19,East,paid_search,35,Male
8606-CIQUL,2020-09-15,North,referral,78,Male
3571-DPYUH,2021-10-22,North,social,47,Male
7601-GNDYK,2023-10-09,Central,partner,56,Male
0356-OBMAC,2022-01-16,West,social,78,Female
8067-NIOYM,2024-09-14,West,referral,57,Female
1403-GYAFU,2020-10-25,North,organic,41,Male
4234-XTNEA,2026-07-01,North,partner,26,Male
1297-VQDRP,2020-12-30,South,referral,65,Male
9282-IZGQK,2026-07-22,South,organic,34,Female
5348-CAGXB,2025-09-14,South,organic,44,Male
0621-HJWXJ,2021-06-15,East,paid_search,47,Female
5844-QVTAT,2023-11-20,South,organic,22,Female
8905-IAZPF,2020-11-28,North,partner,30,Female
5394-MEITZ,2021-08-24,East,partner,47,Female
6859-QNXIQ,2020-09-01,West,paid_search,34,Female
2782-LFZVW,2025-10-13,West,organic,22,Female
2866-IKBTM,2026-08-02,South,organic,22,Female
1342-JPNKI,2025-10-19,South,social,52,Male
2817-NTQDO,2025-08-14,East,paid_search,27,Male
7129-AZJDE,2023-11-14,North,organic,25,Male
6986-IJDHX,2023-06-07,Central,partner,42,Male
2560-PPCHE,2021-04-04,Central,social,26,Female
4676-MQUEA,2022-06-29,North,organic,70,Male
8138-EALND,2025-06-13,Central,social,42,Male
3580-HYCSP,2020-08-19,North,partner,46,Male
1352-HNSAW,2020-09-12,East,paid_search,40,Female
2075-PUEPR,2022-02-09,West,partner,50,Male
1982-FEBTD,2024-09-17,South,referral,45,Female
5301-GAUUY,2024-01-05,South,partner,37,Male
5791-KAJFD,2021-12-30,North,organic,22,Female
2654-VBVPB,2026-08-04,West,paid_search,32,Female
1154-HYWWO,2023-07-11,North,partner,26,Male
2501-XWWTZ,2025-10-02,East,social,22,Male
3716-UVSPD,2026-07-25,South,organic,32,Male
6815-ABQFQ,2022-01-16,Central,paid_search,29,Male
7343-EOBEU,2026-05-22,Central,partner,24,Male
3701-SFMUH,2026-02-10,Central,social,33,Male
6103-LIANB,2021-09-20,West,partner,40,Male
7319-VENRZ,2026-01-18,East,partner,28,Male
5846-NEQVZ,2020-09-19,South,paid_search,32,Male
6967-QIQRV,2025-05-29,North,organic,22,Male
5781-RFZRP,2020-09-19,Central,partner,23,Male
0939-YAPAF,2023-09-22,South,partner,27,Female
0308-IVGOK,2025-09-28,East,referral,38,Female
7293-LSCDV,2021-08-21,North,referral,46,Female
7025-WCBNE,2022-10-07,South,paid_search,68,Male
5756-JYOJT,2025-09-22,West,referral,45,Female
4710-FDUIZ,2021-12-20,East,paid_search,44,Male
6030-REHUX,2024-04-28,East,referral,60,Female
9548-LIGTA,2021-08-14,South,organic,31,Male
5150-LJNSR,2024-02-10,North,partner,51,Male
8270-RKSAP,2025-12-12,Central,paid_search,56,Male
6522-YRBXD,2023-10-02,East,partner,77,Male
2640-LYMOV,2026-07-05,South,referral,53,Male
1218-VKFPE,2025-08-23,South,social,27,Female
3627-FHKBK,2026-08-09,West,paid_search,54,Female
2865-TCHJW,2026-05-14,East,paid_search,62,Female
1423-BMPBQ,2026-07-30,South,paid_search,30,Female
2393-DIVAI,2026-06-13,Central,partner,24,Female
5192-EBGOV,2026-07-21,Central,organic,78,Female
4568-KNYWR,2022-05-16,North,partner,37,Male
8752-IMQOS,2026-04-03,West,social,33,Male
0742-LAFQK,2020-08-19,Central,partner,36,Male
0795-LAFGP,2020-09-30,East,organic,58,Male
0619-OLYUR,2020-08-23,North,referral,37,Male
5512-IDZEI,2022-11-04,North,referral,24,Male
0459-SPZHJ,2021-05-26,West,paid_search,32,Male
0215-BQKGS,2024-02-25,Central,referral,27,Male
9244-ZVAPM,2026-08-02,North,partner,47,Male
0719-SYFRB,2025-09-13,East,social,51,Female
8208-EUMTE,2025-04-18,East,paid_search,53,Male
5172-MIGPM,2026-05-17,South,paid_search,45,Male
1710-RCXUS,2022-06-07,West,paid_search,50,Male
0374-FIUCA,2021-03-29,Central,referral,37,Male
5839-SUYVZ,2025-04-24,South,referral,45,Male
5173-ZXXXL,2026-07-02,North,partner,25,Male
1096-ADRUX,2021-03-05,South,paid_search,41,Female
2001-MCUUW,2022-11-04,South,paid_search,42,Male
2731-GJRDG,2023-12-18,West,organic,23,Female
4723-BEGSG,2020-09-06,East,organic,42,Male
6516-NKQBO,2023-06-23,North,organic,48,Male
8672-OAUPW,2022-06-16,South,paid_search,35,Male
8207-DMRVL,2020-08-28,West,partner,42,Male
3419-SNJJD,2021-03-28,East,partner,77,Female
6543-CPZMK,2025-11-27,East,social,32,Male
4765-OXPPD,2025-12-05,South,referral,26,Female
2804-ETQDK,2021-02-25,South,referral,34,Male
6689-VRRTK,2023-01-03,North,social,67,Female
7138-GIRSH,2022-06-30,North,organic,56,Male
9396-ZSFLL,2025-05-22,North,partner,45,Female
6464-KEXXH,2025-12-27,West,social,45,Male
7134-MJPDY,2021-02-23,North,referral,65,Female
5240-CAOYT,2021-11-17,East,paid_search,39,Female
4059-IIEBK,2026-02-09,Central,partner,37,Female
4881-JVQOD,2025-10-30,West,social,68,Male
0516-UXRMT,2021-06-28,East,paid_search,51,Female
4851-BQDNX,2023-04-28,North,referral,37,Male
5148-HKFIR,2025-01-13,East,organic,42,Female
1009-IRMNA,2026-01-24,Central,paid_search,39,Female
3003-CMDUU,2024-08-11,South,partner,32,Female
5016-IBERQ,2024-10-04,Central,referral,32,Male
6797-UCJHZ,2021-02-24,West,organic,67,Female
2469-DTSGX,2020-09-09,South,paid_search,70,Female
4554-YGZIH,2022-08-14,North,organic,67,Male
5099-BAILX,2023-01-27,North,partner,74,Male
9931-KGHOA,2022-11-08,South,social,58,Female
1775-KWJKQ,2020-08-23,South,organic,23,Male
7665-VIGUD,2025-10-21,West,paid_search,50,Male
9411-TPQQV,2023-05-08,East,social,51,Female
7207-RMRDB,2021-03-26,East,social,38,Female
7954-MLBUN,2024-02-10,West,partner,32,Male
2077-DDHJK,2020-12-20,West,partner,35,Female
4913-EHYUI,2022-01-09,West,social,75,Male
0195-IESCP,2025-10-21,Central,paid_search,53,Male
9574-BOSMD,2020-12-24,South,social,45,Male
4580-TMHJU,2023-02-07,Central,social,41,Female
0970-ETWGE,2026-07-24,East,paid_search,46,Male
4908-XAXAY,2022-07-30,North,organic,69,Female
8404-VLQFB,2025-05-28,North,referral,44,Female
1626-ERCMM,2025-01-05,North,partner,66,Male
0887-HJGAR,2026-08-10,Central,social,57,Male
2391-IPLOP,2022-06-27,North,organic,54,Male
5644-PDMZC,2026-07-17,Central,paid_search,79,Female
3509-GWQGF,2024-09-06,West,partner,76,Male
9576-ANLXO,2026-06-13,East,organic,49,Female
2024-BASKD,2026-08-17,Central,partner,45,Female
5845-BZZIB,2023-10-17,Central,paid_search,48,Male
1140-UKVZG,2025-04-15,Central,organic,41,Female
4160-AMJTL,2025-12-19,East,paid_search,71,Female
5183-SNMJQ,2025-10-24,South,partner,24,Male
8100-PNJMH,2020-12-18,North,social,32,Male
7838-LAZFO,2022-12-15,Central,organic,41,Male
4464-JCOLN,2026-06-19,Central,referral,37,Male
2085-JVGAD,2023-07-31,East,paid_search,40,Male
5650-VDUDS,2026-04-25,North,partner,32,Female
8095-WANWK,2025-10-22,Central,partner,56,Female
3030-ZKIWL,2026-08-10,South,social,35,Male
9565-FLVCG,2021-03-26,East,paid_search,53,Male
8755-OGKNA,2021-11-27,West,paid_search,36,Female
2800-VEQXM,2026-06-05,North,paid_search,38,Female
7538-GWHML,2026-07-04,North,partner,44,Female
5533-RJFTJ,2022-08-11,North,referral,31,Male
3859-CVCET,2026-05-13,Central,organic,30,Female
0214-JHPFW,2020-10-20,Central,social,36,Female
5642-MHDQT,2022-03-27,East,organic,51,Female
3088-FVYWK,2022-04-01,East,social,27,Male
3276-HDUEG,2026-07-28,East,organic,38,Female
9092-GDZKO,2024-11-04,South,referral,46,Male
0823-HSCDJ,2022-05-11,East,paid_search,72,Male
3729-OWRVL,2021-03-20,South,partner,74,Male
2324-AALNO,2022-08-18,West,referral,25,Female
0822-GAVAP,2026-07-12,South,paid_search,22,Female
5760-IFJOZ,2026-05-24,West,referral,39,Male
2826-UWHIS,2022-12-04,Central,social,51,Male
1448-PWKYE,2026-07-27,South,paid_search,23,Male
7501-IWUNG,2021-08-14,North,paid_search,54,Female
4957-TREIR,2026-06-03,East,organic,47,Male
7251-LJBQN,2023-05-15,North,partner,79,Female
8040-MNRTF,2026-07-24,South,partner,34,Female
1536-HBSWP,2026-08-06,West,partner,30,Female
5313-FPXWG,2022-06-10,East,organic,57,Male
0067-DKWBL,2026-06-28,East,partner,71,Male
0946-FKYTX,2022-04-20,West,social,33,Male
5076-YVXCM,2022-06-07,North,social,32,Male
8262-COGGB,2026-07-27,East,social,42,Male
6663-JOCQO,2024-01-27,North,paid_search,22,Male
9620-QJREV,2022-10-03,East,partner,31,Male
2276-YDAVZ,2026-05-24,South,referral,28,Female
2682-KEVRP,2024-11-13,Central,referral,61,Female
2480-JZOSN,2026-07-22,South,paid_search,46,Female
0078-XZMHT,2020-09-04,South,partner,39,Male
5896-NPFWW,2026-06-16,North,social,27,Male
9978-HYCIN,2022-09-18,North,partner,61,Male
8338-QIUNR,2020-08-24,South,social,53,Male
1525-LNLOJ,2021-02-21,South,social,29,Male
9450-TRJUU,2023-10-13,West,organic,28,Male
1766-GKNMI,2024-03-26,Central,social,26,Male
6942-LBFDP,2026-06-28,Central,social,52,Female
1456-TWCGB,2026-04-21,Central,referral,26,Male
7133-VBDCG,2024-08-05,Central,partner,43,Female
7596-ZYWBB,2021-03-21,East,partner,58,Female
8329-UTMVM,2024-05-27,South,partner,71,Male
3014-WJKSM,2024-04-10,West,social,37,Male
3347-YJZZE,2024-04-11,South,organic,29,Male
1029-QFBEN,2026-07-21,West,organic,22,Male
7929-DMBCV,2024-12-28,Central,paid_search,27,Female
9661-JALZV,2021-11-13,North,referral,57,Female
5433-KYGHE,2025-07-14,West,social,27,Female
4312-KFRXN,2020-08-23,Central,partner,22,Male
5575-TPIZQ,2022-11-11,East,organic,52,Male
0114-IGABW,2020-10-10,South,partner,37,Female
9944-AEXBM,2023-12-29,South,referral,35,Male
1853-ARAAQ,2024-06-22,North,paid_search,48,Female
6952-OMNWB,2021-01-06,South,partner,71,Male
4697-LUPSU,2026-06-29,West,paid_search,55,Male
8434-VGEQQ,2021-07-27,East,partner,39,Male
4952-YSOGZ,2026-04-30,South,organic,48,Female
1589-AGTLK,2026-05-28,East,paid_search,54,Male
5244-IRFIH,2023-12-11,Central,referral,75,Male
6549-YMFAW,2025-11-29,North,partner,62,Male
4950-HKQTE,2024-11-16,North,social,58,Female
6786-OBWQR,2026-03-27,Central,paid_search,30,Female
2684-EIWEO,2024-02-23,West,social,69,Female
2753-JMMCV,2021-03-25,East,social,43,Male
6439-GTPCA,2022-12-17,Central,paid_search,58,Female
6621-YOBKI,2026-03-21,East,organic,25,Male
1216-JWVUX,2024-08-03,East,paid_search,53,Male
7564-GHCVB,2020-09-14,South,partner,52,Female
1173-NOEYG,2024-06-01,Central,partner,56,Female
7595-EHCDL,2023-12-30,West,partner,37,Male
6647-ZEDXT,2024-03-05,South,partner,31,Female
2521-NPUZR,2020-10-25,West,organic,40,Male
1307-TVUFB,2023-03-02,West,referral,74,Male
7503-MIOGA,2020-09-10,North,social,77,Female
4381-MHQDC,2022-09-29,North,paid_search,46,Female
6923-JHPMP,2026-07-11,East,social,39,Female
5138-WVKYJ,2025-11-13,West,organic,41,Male
4018-PPNDW,2021-08-09,West,social,48,Female
1635-FJFCC,2026-03-21,South,partner,41,Female
2499-AJYUA,2020-08-30,Central,partner,67,Female
6919-ELBGL,2020-09-07,East,partner,70,Male
3966-HRMZA,2026-06-07,South,social,66,Female
6425-JWTDV,2022-08-22,North,paid_search,44,Male
8405-IGQFX,2021-05-29,Central,organic,49,Female
8224-IVVPA,2024-05-25,West,social,33,Female
9477-LGWQI,2020-10-29,East,organic,23,Male
1410-RSCMR,2026-01-17,South,partner,36,Male
3115-CZMZD,2026-08-28,North,paid_search,54,Male
0139-IVFJG,2026-07-06,North,social,26,Female
6683-VLCTZ,2025-01-09,North,social,68,Male
5730-DBDSI,2021-03-16,East,referral,29,Male
0030-FNXPP,2026-05-25,North,referral,37,Female
2189-WWOEW,2025-05-21,North,referral,27,Female
5684-FJVYR,2020-08-28,South,referral,49,Female
4013-GUXND,2026-08-03,West,social,51,Male
1894-IGFSG,2024-11-13,East,paid_search,50,Female
7379-POKDZ,2026-05-29,North,social,48,Male
1266-NZYUI,2020-09-10,West,partner,30,Female
7969-FFOWG,2021-03-30,East,social,41,Male
4718-DHSMV,2025-10-08,North,partner,25,Female
5175-WLYXL,2024-10-22,West,social,35,Male
7817-OMJNA,2025-06-19,Central,referral,40,Male
8728-SKJLR,2023-04-10,East,referral,46,Male
3137-NYQQI,2025-04-08,North,paid_search,25,Male
7706-DZNKK,2025-09-20,South,paid_search,52,Male
0236-HFWSV,2025-06-17,East,organic,38,Male
3900-AQPHZ,2026-08-02,Central,paid_search,54,Female
5842-POCOP,2026-04-13,Central,social,41,Female
2037-XJFUP,2023-12-05,Central,social,42,Male
8823-RLPWL,2020-09-16,Central,partner,47,Female
9505-SQFSW,2026-06-13,East,paid_search,52,Female
7314-OXENN,2026-07-06,West,referral,27,Male
3758-CKOQL,2021-10-16,West,partner,40,Female
0322-CHQRU,2026-06-25,West,organic,23,Male
5676-CFLYY,2020-09-29,West,social,39,Male
7521-AFHAB,2026-04-04,North,social,52,Female
0285-INHLN,2024-06-03,Central,social,54,Male
4678-DVQEO,2026-07-23,North,organic,32,Female
5125-CNDSP,2021-05-23,East,social,36,Male
0691-IFBQW,2022-11-15,East,partner,71,Female
4992-LTJNE,2020-08-27,Central,referral,36,Male
2202-OUTMO,2023-11-03,North,organic,28,Female
0810-BDHAW,2024-08-24,East,referral,33,Female
0229-LFJAF,2020-08-24,South,paid_search,36,Male
7131-ZQZNK,2021-08-26,North,social,41,Female
3442-ZHHCC,2020-12-27,South,paid_search,56,Male
5726-CVNYA,2026-01-10,East,paid_search,42,Female
9871-ELEYA,2023-10-23,Central,social,36,Female
4257-GAESD,2026-02-25,South,organic,46,Female
5173-WXOQV,2026-07-10,Central,social,50,Male
2040-OBMLJ,2024-02-10,West,social,37,Male
6286-ZHAOK,2025-01-01,Central,paid_search,40,Female
3807-XHCJH,2026-08-07,Central,partner,30,Female
3009-JWMPU,2021-06-27,West,partner,53,Male
5671-RQRLP,2020-11-04,West,referral,60,Female
1450-GALXR,2025-11-11,North,partner,28,Female
8859-AXJZP,2023-06-06,West,organic,34,Male
3174-AKMAS,2022-10-23,North,referral,32,Female
3138-BKYAV,2026-02-22,West,referral,56,Male
9926-PJHDQ,2020-09-07,West,referral,24,Female
7382-DFJTU,2025-02-23,West,social,29,Male
2798-NYLMZ,2020-10-14,West,social,33,Male
4289-DTDKW,2023-04-19,South,partner,42,Male
1820-TQVEV,2026-07-26,South,referral,31,Male
2239-JALAW,2021-11-15,East,referral,41,Male
4853-RULSV,2020-10-26,East,organic,49,Male
8098-TDCBU,2023-03-04,South,referral,52,Female
3551-GAEGL,2023-10-22,East,paid_search,25,Male
4785-NKHCX,2026-04-10,East,social,75,Male
3196-NVXLZ,2024-07-21,South,partner,25,Female
6275-YDUVO,2026-06-22,West,social,55,Female
0036-IHMOT,2022-02-07,South,social,46,Female
0115-TFERT,2024-12-04,South,referral,41,Male
4178-EGMON,2020-10-28,East,referral,51,Male
4220-TINQT,2021-08-10,North,partner,43,Female
5318-YKDPV,2023-01-18,West,referral,30,Male
7975-TZMLR,2022-10-12,West,paid_search,40,Male
0295-QVKPB,2026-04-10,Central,partner,48,Male
4335-BSMJS,2021-07-02,South,referral,23,Female
2311-QYMUQ,2025-05-03,East,social,44,Female
3643-AHCFP,2026-02-14,East,paid_search,73,Male
9146-JRIOX,2025-06-20,West,referral,24,Female
3104-OWCGK,2021-09-09,West,referral,31,Male
5337-IIWKZ,2023-11-14,Central,social,38,Male
9101-BWFSS,2022-07-02,Central,referral,34,Female
9650-VBUOG,2023-06-21,North,organic,32,Male
3487-EARAT,2020-11-16,South,paid_search,46,Female
2672-TGEFF,2023-08-03,West,social,36,Female
9231-ZJYAM,2026-04-21,East,paid_search,77,Female
4250-WAROZ,2021-08-21,East,paid_search,75,Male
8184-WMOFI,2021-07-12,North,organic,25,Male
6982-SSHFK,2026-07-30,East,partner,35,Male
6092-QZVPP,2023-08-23,West,organic,24,Male
4625-LAMOB,2022-12-27,North,paid_search,56,Male
0727-BMPLR,2022-01-27,East,partner,65,Female
0392-BZIUW,2020-08-24,Central,social,52,Female
1038-ZAGBI,2025-09-03,East,paid_search,29,Female
6549-NNDYT,2025-08-15,Central,paid_search,33,Female
3027-ZTDHO,2026-07-29,South,organic,44,Male
0422-OHQHQ,2025-05-30,North,referral,52,Female
6916-HIJSE,2021-03-23,West,social,28,Female
2316-ESMLS,2025-08-20,South,paid_search,29,Female
9778-OGKQZ,2020-09-06,North,paid_search,54,Male
7408-OFWXJ,2020-08-19,North,paid_search,33,Female
6007-TCTST,2020-09-16,Central,social,29,Female
2252-NKNSI,2022-04-19,West,referral,49,Male
8713-IGZSO,2026-07-14,South,partner,25,Male
7905-TVXTA,2026-03-29,East,partner,54,Female
7695-PKLCZ,2020-12-27,South,partner,54,Female
2382-BCKQJ,2021-06-29,North,referral,53,Female
8374-UULRV,2020-08-18,Central,referral,32,Male
2207-NHRJK,2026-08-01,Central,referral,26,Male
3224-DFQNQ,2021-03-14,South,organic,37,Female
5275-PMFUT,2020-08-29,South,referral,34,Male
4795-UXVCJ,2024-07-09,Central,social,57,Male
9777-IQHWP,2021-04-29,East,organic,45,Male
0947-MUGVO,2025-01-05,South,social,62,Male
9944-HKVVB,2026-06-16,South,referral,49,Female
4124-MMETB,2024-10-28,East,paid_search,48,Male
3671-SHRSP,2026-05-16,East,organic,26,Male
0979-MOZQI,2021-07-08,North,partner,24,Male
2732-ISEZX,2026-03-30,East,organic,23,Female
3313-QKNKB,2021-09-21,East,referral,43,Male
0323-XWWTN,2026-06-08,South,organic,29,Male
1937-OTUKY,2020-09-08,South,social,58,Female
1573-LGXBA,2021-12-07,East,organic,26,Male
1764-VUUMT,2021-02-28,South,social,57,Male
5073-WXOYN,2021-09-11,Central,referral,46,Female
4713-ZBURT,2022-12-02,East,organic,25,Male
3050-GBUSH,2026-05-24,East,partner,24,Female
0207-MDKNV,2025-06-15,South,social,36,Female
7876-AEHIG,2022-05-20,Central,paid_search,34,Female
7945-HLKEA,2021-09-01,North,social,33,Female
9342-VNIMQ,2023-11-29,East,partner,41,Male
9851-KIELU,2025-10-29,North,partner,26,Male
3523-BRGUW,2024-06-19,West,paid_search,77,Male
3908-BLSYF,2026-02-27,South,organic,47,Female
3199-NPKCN,2021-01-20,South,referral,58,Female
5170-PTRKA,2022-08-09,North,social,32,Female
4661-NJEUX,2026-08-11,West,referral,56,Male
2123-AGEEN,2026-01-27,South,partner,61,Female
1258-YMZNM,2024-06-13,South,partner,63,Female
0048-LUMLS,2023-08-14,Central,paid_search,25,Male
7549-MYGPK,2021-06-11,North,organic,37,Female
5898-IGSLP,2024-02-08,East,social,40,Male
3804-RVTGV,2022-07-15,North,partner,46,Male
6259-WJQLC,2023-12-26,North,referral,70,Male
9227-LUNBG,2026-07-31,North,referral,28,Female
7997-EASSD,2021-06-11,North,social,37,Female
0730-KOAVE,2024-03-09,Central,partner,24,Male
8975-SKGRX,2020-09-19,East,partner,27,Male
0678-RLHVP,2022-03-21,Central,partner,45,Female
4315-MURBD,2025-09-13,South,paid_search,57,Female
2267-FPIMA,2022-06-29,West,partner,43,Male
1051-GEJLJ,2026-07-09,North,social,27,Female
9734-YWGEX,2025-12-07,North,paid_search,58,Female
2719-BDAQO,2025-03-31,North,referral,41,Male
5285-MVEHD,2021-12-18,Central,partner,48,Female
0379-DJQHR,2021-01-29,West,referral,29,Male
0781-LKXBR,2025-11-19,West,social,74,Male
5543-QDCRY,2026-04-24,Central,referral,24,Male
0297-RBCSG,2025-01-23,South,paid_search,45,Male
4694-PHWFW,2025-12-24,West,organic,29,Female
0835-JKADZ,2020-09-23,East,social,55,Female
1907-UBQFC,2025-11-09,East,partner,75,Male
7508-SMHXL,2025-05-19,West,referral,63,Female
3865-YIOTT,2020-08-20,East,referral,27,Male
5993-BQHEA,2025-08-29,North,referral,47,Male
6024-RUGGH,2020-08-26,North,social,40,Male
6513-EECDB,2026-07-22,East,partner,69,Male
3956-CJUST,2024-10-12,East,social,70,Female
4079-WWQQQ,2020-09-15,West,social,35,Male
6103-BOCOU,2024-06-18,East,partner,25,Female
5149-TGWDZ,2024-11-30,North,referral,44,Female
7471-WNSUF,2021-08-26,South,paid_search,38,Male
8942-DBMHZ,2025-09-01,East,partner,23,Male
4301-VVZKA,2025-05-02,Central,partner,43,Male
9199-PWQVC,2021-06-16,East,referral,29,Female
4824-GUCBY,2024-11-08,West,organic,64,Female
5393-HJZSM,2024-01-14,West,social,22,Female
7074-IEVOJ,2026-06-05,South,social,70,Female
9625-QSTYE,2025-08-17,Central,paid_search,30,Female
0862-PRCBS,2020-12-23,West,referral,24,Female
8812-ZRHFP,2024-03-09,Central,organic,38,Female
5146-CBVOE,2025-04-25,West,social,30,Female
0454-OKRCT,2023-12-16,West,paid_search,26,Male
5787-KXGIY,2020-09-16,North,paid_search,39,Male
4750-ZRXIU,2026-05-06,East,referral,72,Female
4198-VFOEA,2025-08-24,North,paid_search,58,Female
6630-UJZMY,2026-04-24,West,partner,78,Female
5709-LVOEQ,2026-08-31,West,social,58,Female
6400-BWQKW,2026-02-28,East,social,54,Female
2692-AQCPF,2021-03-28,South,referral,58,Female
0347-UBKUZ,2025-05-28,North,organic,42,Female
0835-DUUIQ,2024-08-25,West,social,37,Female
0811-GSDTP,2025-08-17,West,paid_search,48,Female
7567-ECMCM,2024-09-04,East,social,24,Male
6115-ZTBFQ,2020-08-22,West,paid_search,53,Female
6353-BRMMA,2022-03-05,West,referral,33,Female
6680-WKXRZ,2026-06-13,East,referral,22,Female
6231-WFGFH,2026-04-29,North,referral,30,Male
9904-EHEVJ,2024-01-07,Central,organic,62,Female
7028-DVOIQ,2023-10-02,East,referral,78,Male
6169-PPETC,2023-10-02,West,referral,46,Male
4208-UFFGW,2026-06-28,Central,social,61,Male
8584-KMVXD,2025-12-20,South,referral,53,Female
8467-WYNSR,2024-10-27,West,social,38,Male
0851-DFJKB,2025-05-19,North,paid_search,48,Female
5382-SOYZL,2024-11-16,Central,paid_search,34,Male
9448-REEVD,2026-07-25,North,organic,26,Male
3261-CQXOL,2020-10-04,East,partner,28,Female
8388-FYNPZ,2026-04-27,South,organic,45,Male
4002-BQWPQ,2024-08-14,North,paid_search,48,Male
5651-YLPRD,2024-01-01,East,social,31,Female
2826-DXLQO,2026-02-15,Central,partner,63,Male
4378-BZYFP,2025-03-29,North,referral,56,Male
9489-UTFKA,2026-01-10,South,social,76,Male
4849-PYRLQ,2022-01-12,North,partner,64,Female
9117-SHLZX,2026-08-15,North,social,30,Male
9889-TMAHG,2026-01-08,South,partner,71,Male
4541-RMRLG,2026-01-18,East,referral,41,Male
7764-BDPEE,2026-05-19,West,organic,42,Male
3429-IFLEM,2020-10-14,West,paid_search,28,Female
3158-MOERK,2026-06-19,West,partner,24,Female
7294-TMAOP,2026-07-31,West,paid_search,40,Female
5002-GCQFH,2022-08-08,South,partner,51,Male
0556-FJEGU,2021-10-19,Central,organic,27,Male
8919-FYFQZ,2023-01-09,North,organic,69,Male
0604-THJFP,2021-10-12,West,paid_search,27,Female
2834-JRTUA,2020-10-10,North,paid_search,30,Male
5875-YPQFJ,2026-08-13,West,social,44,Male
5879-SESNB,2025-10-03,North,paid_search,32,Female
6646-QVXLR,2021-07-13,South,referral,67,Male
6461-PPAXN,2023-10-11,South,referral,58,Female
3318-ISQFQ,2025-01-05,West,paid_search,28,Female
1106-HRLKZ,2023-04-29,North,social,29,Male
2483-XSSMZ,2023-05-23,South,partner,56,Female
8603-IJWDN,2026-08-15,South,organic,42,Male
8165-ZJRNM,2020-08-29,West,paid_search,23,Female
9369-XFEHK,2023-12-14,Central,organic,73,Female
2604-XVDAM,2025-08-18,West,paid_search,42,Female
3717-OFRTN,2026-08-09,East,partner,31,Male
9046-JBFWA,2024-05-23,South,social,42,Male
3280-NMUVX,2023-10-25,Central,referral,45,Male
1206-EHBDD,2022-01-07,North,organic,31,Female
8361-LBRDI,2021-11-07,North,organic,52,Female
4883-KCPZJ,2024-11-07,South,referral,38,Female
9108-EQPNQ,2025-11-02,South,paid_search,57,Female
7277-KAMWT,2025-08-04,East,referral,25,Male
3842-IYKUE,2023-09-28,Central,organic,33,Female
6641-XRPSU,2023-11-04,West,paid_search,48,Female
1374-DMZUI,2026-04-25,South,referral,67,Female
2545-LXYVJ,2020-09-03,South,paid_search,30,Male
3234-VKACU,2026-07-09,West,paid_search,58,Male
8357-EQXFO,2026-02-06,South,paid_search,29,Female
1989-PRJHP,2024-05-27,Central,organic,74,Male
8120-JDCAM,2026-05-14,East,paid_search,33,Male
8917-FAEMR,2023-08-09,East,paid_search,37,Female
7047-YXDMZ,2024-12-07,Central,social,55,Male
2858-EIMXH,2022-03-29,South,social,78,Female
9524-EGPJC,2025-03-15,East,referral,51,Female
6993-OHLXR,2026-07-05,East,paid_search,31,Female
8818-XYFCQ,2023-12-27,South,referral,57,Male
6419-ZTTLE,2024-09-19,North,partner,70,Male
0929-HYQEW,2026-06-04,South,paid_search,46,Male
6614-YOLAC,2020-09-17,North,partner,47,Female
7426-RHZGU,2025-11-29,West,social,46,Male
4065-JJAVA,2026-07-25,North,referral,44,Female
4695-VADHF,2025-03-11,South,organic,39,Male
3863-IUBJR,2025-08-20,Central,organic,45,Male
7649-SIJJF,2020-10-09,East,social,55,Male
9361-YNQWJ,2021-05-13,West,referral,36,Female
3748-FVMZZ,2026-05-16,West,paid_search,40,Male
9391-TTOYH,2024-09-27,South,partner,28,Female
1452-XRSJV,2023-05-30,West,social,35,Female
3422-WJOYD,2024-05-12,South,referral,50,Male
8242-SOQUO,2026-03-22,West,paid_search,77,Female
7460-ITWWP,2022-12-09,West,social,76,Female
7147-AYBAA,2023-07-30,Central,organic,42,Male
7868-TMWMZ,2021-09-01,Central,social,61,Female
4822-RVYBB,2025-12-30,North,referral,61,Male
6732-FZUGP,2022-09-25,South,organic,24,Female
8436-BJUMM,2024-06-20,East,paid_search,36,Male
4184-TJFAN,2026-05-27,South,partner,66,Female
8329-GWVPJ,2022-06-20,West,partner,33,Female
1352-VHKAJ,2024-05-22,Central,organic,52,Male
4145-UQXUQ,2026-01-06,South,partner,74,Female
2632-TACXW,2021-07-01,Central,social,41,Female
8146-QQKZH,2020-10-11,Central,partner,36,Female
1767-CJKBA,2021-02-18,Central,partner,23,Male
6445-TNRXS,2020-12-18,North,organic,52,Male
4581-LNWUM,2025-07-22,South,partner,55,Female
4869-EPIUS,2021-12-25,North,partner,38,Male
9948-YPTDG,2023-06-23,North,organic,41,Male
1236-WFCDV,2025-06-24,North,paid_search,74,Male
1915-OAKWD,2025-05-11,East,social,47,Female
7296-PIXQY,2025-07-10,North,social,27,Female
4883-QICIH,2024-01-01,South,organic,46,Male
3354-OADJP,2026-01-04,Central,partner,56,Female
3524-WQDSG,2023-01-25,Central,referral,49,Female
0810-DHDBD,2022-04-26,Central,referral,39,Female
4026-SKKHW,2026-05-19,North,referral,41,Male
2829-HYVZP,2024-03-25,West,social,31,Male
8329-IBCTI,2026-08-17,West,referral,46,Female
1271-SJBGZ,2025-09-06,North,referral,70,Male
3845-JHAMY,2025-05-08,Central,partner,34,Female
7013-PSXHK,2023-04-29,East,referral,31,Female
5669-SRAIP,2026-04-07,Central,social,34,Female
5981-ITEMU,2023-04-19,North,paid_search,35,Male
3486-NPGST,2023-09-09,West,social,25,Female
6941-PMGEP,2026-04-04,North,partner,48,Female
1624-WOIWJ,2025-10-23,Central,social,38,Female
2074-GKOWZ,2026-07-07,West,paid_search,57,Male
0376-YMCJC,2024-10-15,North,referral,28,Male
6100-FJZDG,2024-07-08,South,organic,46,Male
4829-ZLJTK,2020-09-06,South,social,73,Female
1730-VFMWO,2023-10-30,North,social,42,Female
7143-BQIBA,2025-10-26,North,paid_search,40,Male
3800-LYTRK,2025-07-01,Central,organic,38,Female
0634-SZPQA,2024-10-04,Central,partner,46,Female
9646-NMHXE,2022-10-02,East,partner,52,Male
7030-NJVDP,2024-09-12,Central,referral,33,Male
5536-RTPWK,2022-08-12,West,organic,53,Male
8883-GRDWQ,2024-12-29,North,social,60,Male
6166-ILMNY,2026-06-23,West,referral,32,Female
3097-NNSPB,2026-07-03,North,partner,33,Female
7771-ZONAT,2024-11-15,Central,social,57,Male
0655-RBDUG,2026-01-17,South,referral,26,Male
2111-DWYHN,2026-08-08,North,organic,36,Male
4194-WHFCB,2021-09-25,South,social,37,Female
4121-AGSIN,2021-10-21,West,partner,51,Female
4361-BKAXE,2023-03-19,Central,social,39,Female
9845-PEEKO,2021-10-14,East,partner,68,Female
0455-XFASS,2026-06-12,North,social,49,Female
0301-KOBTQ,2023-12-28,Central,social,48,Male
1751-NCDLI,2022-10-25,West,paid_search,79,Male
4367-NUYAO,2026-08-22,East,organic,27,Male
9878-TNQGW,2026-07-02,East,organic,38,Male
9170-ARBTB,2022-05-14,Central,partner,43,Female
4441-NIHPT,2025-07-27,South,paid_search,76,Female
8999-BOHSE,2025-09-27,North,referral,76,Female
7241-AJHFS,2024-01-02,North,partner,27,Male
7029-RPUAV,2025-03-29,West,referral,73,Male
4546-FOKWR,2025-05-11,Central,organic,46,Female
9036-CSKBW,2022-05-24,West,paid_search,32,Female
5832-TRLPB,2024-04-16,West,organic,49,Male
8590-YFFQO,2020-10-22,South,paid_search,47,Male
8659-IOOPU,2020-09-21,East,partner,52,Female
1338-CECEE,2023-03-28,North,referral,55,Male
7439-DKZTW,2026-07-24,South,partner,54,Male
4646-QZXTF,2026-01-19,West,organic,28,Female
4607-CHPCA,2024-08-12,Central,partner,50,Male
9742-XOKTS,2021-01-30,Central,referral,36,Male
6921-OZMFH,2026-03-29,Central,paid_search,36,Male
9578-FOMUK,2025-05-20,North,partner,45,Male
4712-UYOOI,2024-12-25,Central,organic,44,Female
8824-RWFXJ,2026-05-31,South,referral,37,Male
7722-CVFXN,2022-03-02,West,referral,58,Male
8717-VCTXJ,2023-03-14,Central,organic,28,Male
7363-QTBIW,2025-12-08,Central,social,25,Female
4159-NAAIX,2021-06-05,West,paid_search,23,Female
0971-QIFJK,2020-11-20,South,organic,52,Female
9397-TZSHA,2020-11-21,East,referral,37,Female
3391-JSQEW,2023-04-29,West,social,38,Male
0343-QLUZP,2021-09-13,East,partner,46,Male
9763-PDTKK,2026-04-27,East,partner,38,Female
2176-LVPNX,2020-10-03,East,social,63,Female
7627-JKIAZ,2023-07-29,East,organic,24,Female
3312-UUMZW,2024-01-04,North,referral,27,Male
1271-UODNO,2023-05-27,Central,paid_search,56,Male
8461-EFQYM,2023-07-12,North,partner,38,Female
6900-RBKER,2022-05-14,Central,social,28,Male
6891-JPYFF,2022-09-10,North,organic,35,Female
1459-QNFQT,2020-10-20,East,organic,34,Male
1047-NNCBF,2025-01-14,East,social,32,Male
3696-XRIEN,2022-07-09,East,referral,32,Female
4081-DYXAV,2025-02-05,East,paid_search,48,Female
0074-HDKDG,2024-07-22,Central,organic,25,Male
8791-GFXLZ,2025-09-06,North,paid_search,33,Male
8111-SLLHI,2023-05-22,Central,organic,76,Male
0927-LCSMG,2026-01-17,West,paid_search,41,Male
9330-DHBFL,2024-09-27,West,organic,54,Female
0098-BOWSO,2024-06-07,North,organic,56,Male
3452-ABWRL,2022-09-30,North,social,72,Male
5859-HZYLF,2024-06-27,South,partner,41,Male
8257-RZAHR,2025-07-14,South,social,22,Female
5293-WXJAK,2025-09-23,West,paid_search,75,Female
3156-QLHBO,2026-07-05,Central,paid_search,27,Male
2208-NQBCT,2024-06-22,East,paid_search,24,Female
1779-PWPMG,2020-08-29,West,referral,61,Female
6621-NRZAK,2021-05-23,North,organic,28,Female
0831-JNISG,2020-10-14,West,paid_search,39,Male
0774-IFUVM,2025-10-16,North,social,25,Male
3082-WQRVY,2025-07-14,West,paid_search,70,Male
9553-DLCLU,2025-07-22,South,partner,50,Female
1641-BYBTK,2026-02-17,East,paid_search,43,Male
2460-NGXBJ,2025-09-18,South,social,78,Male
2446-ZKVAF,2025-03-09,East,partner,38,Male
0841-NULXI,2026-08-10,Central,social,28,Male
3522-CDKHF,2024-01-06,Central,referral,27,Female
1430-SFQSA,2024-03-24,South,social,30,Male
0411-EZJZE,2026-06-10,South,paid_search,29,Female
7851-WZEKY,2026-07-02,East,referral,33,Female
8844-TONUD,2025-07-29,West,organic,29,Male
8807-ARQET,2023-04-07,North,organic,43,Female
8992-CEUEN,2026-08-03,West,partner,27,Female
4320-QMLLA,2026-01-27,Central,paid_search,45,Male
8777-PVYGU,2022-04-25,Central,organic,34,Female
8292-ITGYJ,2022-12-12,East,paid_search,47,Female
6870-ZWMNX,2020-11-01,South,paid_search,40,Male
0621-CXBKL,2022-04-13,South,partner,55,Female
5268-DSMNQ,2021-07-17,West,organic,77,Female
5334-JLAXU,2021-08-28,East,organic,32,Female
4086-YQSNZ,2026-06-03,North,partner,66,Female
6242-MBHPK,2024-10-09,West,organic,71,Female
5868-CZJDR,2026-08-16,North,referral,38,Male
9359-UGBTK,2021-01-18,Central,partner,42,Female
0135-NMXAP,2025-08-23,East,referral,39,Female
4782-OSFXZ,2020-09-18,South,organic,70,Female
6479-OAUSD,2024-08-13,North,partner,33,Male
7129-ACFOG,2026-04-17,North,organic,55,Female
4189-NAKJS,2024-07-11,Central,paid_search,46,Male
5562-BETPV,2026-08-14,East,organic,25,Male
1282-IHQAC,2020-11-03,Central,referral,78,Male
9127-FHJBZ,2020-08-28,Central,partner,48,Male
6270-OMFIW,2021-09-11,North,partner,23,Male
1641-RQDAY,2024-01-05,South,organic,67,Female
0107-WESLM,2026-08-01,Central,paid_search,43,Male
6994-ORCWG,2025-07-08,East,organic,55,Female
1346-UFHAX,2025-08-04,East,paid_search,40,Female
3992-YWPKO,2026-03-01,East,paid_search,41,Female
2933-XEUJM,2022-10-19,West,partner,33,Female
0125-LZQXK,2025-06-08,Central,partner,33,Male
5461-QKNTN,2023-02-14,Central,social,60,Male
4835-YSJMR,2023-05-22,West,paid_search,52,Male
8399-YNDCH,2024-11-29,East,organic,78,Male
3164-YAXFY,2021-12-02,South,organic,50,Male
0887-WBJVH,2022-03-27,North,social,44,Female
4660-IRIBM,2025-02-17,West,social,40,Male
5673-FSSMF,2026-08-14,North,paid_search,34,Female
7670-ZBPOQ,2021-10-22,West,social,50,Female
8089-UZWLX,2020-09-27,East,referral,71,Female
0080-OROZO,2023-09-30,West,organic,31,Female
3916-NRPAP,2026-05-23,Central,paid_search,54,Male
6807-SIWJI,2023-07-09,East,paid_search,43,Male
8221-HVAYI,2023-09-24,East,partner,35,Male
1579-KLYDT,2026-01-29,East,organic,54,Male
5232-NXPAY,2022-09-19,South,organic,57,Female
8967-SZQAS,2025-07-03,North,partner,33,Female
4468-KAZHE,2024-12-26,North,paid_search,72,Female
0455-ENTCR,2021-03-03,West,paid_search,39,Male
8944-AILEF,2025-06-06,Central,social,47,Male
5542-NKVRU,2023-03-07,North,social,57,Female
7126-RBHSD,2025-03-21,South,referral,42,Female
5370-IIVVL,2023-07-23,West,social,51,Male
6789-HJBWG,2025-09-10,West,social,44,Female
3927-NLNRY,2022-03-23,West,referral,54,Male
9087-EYCPR,2021-08-30,West,social,36,Female
6791-YBNAK,2025-03-15,North,organic,36,Male
6358-LYNGM,2026-07-26,South,organic,37,Male
6077-BDPXA,2026-06-13,East,social,58,Female
0013-MHZWF,2025-11-21,North,organic,44,Female
5494-HECPR,2026-08-04,South,partner,27,Female
8268-YDIXR,2021-12-20,South,referral,23,Male
9824-BEMCV,2025-04-03,Central,partner,41,Male
1373-ORVIZ,2025-10-15,South,partner,51,Female
4291-SHSBH,2026-01-23,Central,organic,39,Male
6980-IMXXE,2020-11-25,West,paid_search,42,Female
9866-QEVEE,2025-02-06,West,partner,51,Male
9897-KXHCM,2026-06-11,Central,social,41,Female
0040-HALCW,2022-02-21,Central,social,55,Male
0784-GTUUK,2021-06-24,South,social,45,Male
7979-CORPM,2024-09-08,East,social,49,Male
2294-DMMUS,2021-06-26,East,social,50,Female
0872-JCPIB,2025-04-10,Central,referral,45,Male
3055-MJDSB,2025-12-12,North,paid_search,23,Male
9091-WTUUY,2021-04-28,East,referral,37,Male
1618-CFHME,2026-06-24,South,partner,27,Female
3165-HDOEW,2026-07-21,South,referral,40,Male
6581-NQCBA,2025-05-04,West,social,27,Female
7115-IRDHS,2020-09-12,South,partner,40,Female
8496-DMZUK,2024-03-01,West,paid_search,34,Male
2040-VZIKE,2022-07-28,Central,social,22,Female
9068-VPWQQ,2021-07-19,West,social,26,Male
0178-SZBHO,2022-10-14,North,referral,40,Male
0384-RVBPI,2024-12-28,North,organic,24,Male
1689-MRZQR,2023-11-02,East,paid_search,53,Male
1299-AURJA,2020-10-30,East,social,50,Female
4525-VZCZG,2022-03-16,West,organic,48,Male
1543-LLLFT,2021-08-17,East,referral,66,Male
5835-BEQEU,2026-05-30,North,partner,51,Male
2788-CJQAQ,2025-08-12,Central,paid_search,45,Male
5565-FILXA,2025-04-29,Central,social,65,Female
0319-QZTCO,2026-06-17,West,referral,22,Female
2120-SMPEX,2024-07-23,West,organic,41,Male
0096-FCPUF,2024-03-08,Central,paid_search,51,Male
0668-OGMHD,2024-12-03,East,paid_search,23,Female
5552-ZNFSJ,2026-08-07,North,paid_search,23,Male
2223-KAGMX,2025-06-05,West,social,36,Female
6507-ZJSUR,2024-10-01,East,paid_search,79,Male
9408-HRXRK,2022-11-28,West,referral,39,Female
5593-SUAOO,2024-08-27,West,referral,37,Female
7321-PKUYW,2025-09-18,East,paid_search,31,Female
2833-SLKDQ,2026-08-12,South,referral,24,Male
6766-HFKLA,2021-12-21,East,paid_search,23,Female
7595-EUIVN,2026-07-30,West,organic,25,Female
7617-EYGLW,2026-08-08,West,referral,47,Male
2026-TGDHM,2026-01-19,East,referral,51,Female
9220-ZNKJI,2022-01-25,East,organic,72,Female
4030-VPZBD,2026-07-13,Central,partner,24,Female
2226-ICFDO,2020-09-11,South,partner,37,Female
0723-VSOBE,2022-11-28,North,paid_search,71,Female
5529-GIBVH,2022-09-26,West,referral,31,Female
4187-CINZD,2022-11-15,Central,paid_search,76,Female
9992-UJOEL,2026-06-30,West,partner,41,Male
4741-WWJQZ,2026-07-03,East,organic,34,Female
6625-UTXEW,2025-08-18,South,partner,38,Female
6818-WOBHJ,2020-12-25,East,organic,76,Female
6244-BESBM,2020-11-19,North,organic,39,Male
1004-NOZNR,2022-01-15,East,paid_search,60,Male
1251-STYSZ,2026-04-26,South,organic,61,Female
2612-PHGOX,2021-05-07,South,referral,23,Male
2408-TZMJL,2021-10-01,East,organic,22,Male
8480-PPONV,2021-06-21,Central,paid_search,37,Male
8780-IHCRN,2021-05-22,South,organic,55,Male
4598-ZADCK,2022-04-11,Central,social,23,Female
1257-SXUXQ,2026-04-10,East,partner,24,Male
9681-KYGYB,2022-07-27,Central,paid_search,73,Male
7182-OVLBJ,2021-06-21,South,organic,38,Female
5095-ETBRJ,2022-01-28,Central,social,30,Female
7005-CYUIL,2020-10-15,West,partner,73,Female
4821-WQOYN,2020-09-12,West,social,46,Female
4730-AWNAU,2023-08-26,East,organic,41,Male
3452-FLHYD,2024-07-25,East,paid_search,45,Male
2388-LAESQ,2020-08-21,East,organic,74,Female
9531-NSBMR,2023-09-02,Central,referral,41,Female
6260-ONULR,2026-08-05,West,organic,53,Male
4389-UEFCZ,2020-09-13,North,organic,33,Female
8711-LOBKY,2021-09-24,West,referral,36,Male
9134-CEQMF,2026-01-18,Central,social,60,Male
8985-OOPOS,2026-08-16,West,partner,45,Female
8800-ZKRFW,2024-03-03,East,partner,23,Female
2616-FLVQC,2021-05-07,South,social,31,Male
9968-FFVVH,2021-05-26,West,social,48,Male
3108-PCCGG,2020-08-25,West,organic,64,Male
7993-PYKOF,2026-01-10,South,paid_search,58,Male
8390-FESFV,2021-06-19,East,partner,36,Female
3022-BEXHZ,2021-02-11,South,social,36,Male
5027-XWQHA,2026-02-23,North,partner,41,Male
6248-TKCQV,2020-10-25,North,partner,45,Female
6729-GDNGC,2025-01-12,North,paid_search,65,Female
6198-ZFIOJ,2026-03-28,East,paid_search,54,Female
5989-OMNJE,2024-09-08,East,organic,57,Female
4566-QVRRW,2025-10-09,East,paid_search,29,Female
1291-CUOCY,2020-09-14,Central,organic,48,Male
9795-SHUHB,2021-02-23,South,social,33,Female
3230-IUALN,2022-11-23,South,organic,58,Female
0042-RLHYP,2020-12-01,South,paid_search,31,Female
8519-IMDHU,2025-05-25,South,social,72,Male
4945-RVMTE,2024-05-07,East,social,48,Female
0201-OAMXR,2020-10-31,South,paid_search,51,Female
1866-NXPSP,2023-08-25,South,referral,26,Female
3372-KWFBM,2025-05-05,West,referral,68,Male
7831-QGOXH,2025-02-28,Central,social,34,Female
6393-WRYZE,2023-11-13,South,partner,44,Female
3941-XTSKM,2023-03-03,North,referral,42,Male
1661-CZBAU,2022-08-22,South,paid_search,58,Male
6599-RCLCJ,2022-09-24,East,paid_search,56,Male
9831-BPFRI,2023-06-08,Central,partner,46,Female
5158-RIVOP,2025-10-01,North,social,47,Female
9788-YTFGE,2026-01-28,North,organic,55,Male
9277-JOOMO,2026-05-20,East,partner,28,Female
1907-YLNYW,2025-12-23,Central,referral,48,Male
1725-MIMXW,2026-07-24,East,organic,50,Male
8947-YRTDV,2023-12-25,Central,organic,26,Male
3161-ONRWK,2021-09-06,West,paid_search,54,Male
0114-RSRRW,2025-11-05,North,paid_search,47,Female
4565-NLZBV,2020-10-03,East,organic,34,Female
0031-PVLZI,2026-05-06,West,paid_search,39,Female
7206-GZCDC,2026-07-20,East,social,63,Female
6682-VCIXC,2023-01-21,North,partner,55,Female
4791-QRGMF,2021-09-21,North,paid_search,57,Male
6475-VHUIZ,2024-09-28,West,partner,51,Female
3910-MRQOY,2020-09-11,East,referral,46,Female
0661-WCQNQ,2024-11-12,East,partner,25,Male
7537-RBWEA,2026-08-09,South,paid_search,55,Female
4656-CAURT,2020-11-27,South,organic,26,Male
0121-SNYRK,2022-07-07,West,paid_search,28,Male
1768-ZAIFU,2026-07-29,North,social,70,Female
4671-LXRDQ,2026-06-22,East,referral,57,Male
3733-LSYCE,2025-06-07,South,organic,40,Female
6265-FRMTQ,2024-01-20,West,social,30,Male
1934-SJVJK,2026-08-02,West,social,24,Male
3838-OZURD,2021-02-21,East,referral,37,Male
1371-DWPAZ,2026-09-15,South,partner,48,Female
9269-CQOOL,2026-06-09,South,organic,58,Male
2017-CCBLH,2025-12-20,South,referral,42,Female
7690-KPNCU,2021-04-21,South,social,44,Male
0536-BGFMZ,2024-04-30,West,referral,52,Female
2293-IJWPS,2021-12-16,North,organic,55,Female
2845-HSJCY,2025-07-16,North,partner,32,Female
5469-NUJUR,2025-02-03,East,partner,58,Male
1184-PJVDB,2025-10-21,South,partner,41,Male
2625-TRCZQ,2022-06-06,Central,partner,56,Female
4102-HLENU,2021-01-20,West,organic,26,Female
7266-GSSJX,2025-10-01,West,organic,25,Male
7722-VJRQD,2020-09-12,East,partner,54,Male
7073-QETQY,2021-03-01,East,social,46,Male
9415-DPEWS,2025-03-08,East,organic,28,Female
5624-RYAMH,2025-12-11,North,referral,55,Female
0196-JTUQI,2025-11-27,East,referral,25,Female
7130-YXBRO,2022-09-10,Central,paid_search,47,Male
9272-LSVYH,2025-10-20,South,partner,29,Male
7943-RQCHR,2025-11-23,North,social,24,Female
3793-MMFUH,2025-07-25,East,social,61,Female
3249-ZPQRG,2026-05-16,South,organic,53,Male
2568-BRGYX,2026-04-20,West,referral,25,Male
3084-DOWLE,2020-09-02,Central,social,25,Female
1084-MNSMJ,2022-05-27,Central,paid_search,44,Female
7721-JXEAW,2021-10-12,South,social,23,Male
7249-WBIYX,2025-10-24,Central,referral,49,Male
4238-HFHSN,2021-08-08,North,referral,69,Male
6250-CGGUN,2022-02-25,South,paid_search,49,Male
5478-JJVZK,2023-12-09,South,social,30,Female
7596-IIWYC,2024-05-21,Central,referral,29,Female
6567-HOOPW,2026-07-27,West,referral,66,Female
9793-WECQC,2024-10-03,South,referral,24,Male
4291-HPAXL,2026-08-04,North,organic,41,Male
8999-YPYBV,2022-12-17,West,partner,38,Male
1839-FBNFR,2023-06-09,West,paid_search,49,Female
3164-AALRN,2026-03-25,Central,paid_search,29,Male
3071-MVJCD,2020-08-23,East,partner,50,Male
1697-BCSHV,2021-10-18,North,organic,47,Female
0562-KBDVM,2020-11-14,South,partner,30,Female
1131-SUEKT,2021-08-10,West,referral,35,Male
3717-OEAUQ,2026-06-26,South,partner,24,Male
4538-WNTMJ,2022-11-06,North,organic,38,Female
3334-CTHOL,2026-08-10,Central,partner,31,Female
4704-ERYFC,2024-11-08,East,paid_search,26,Female
9432-RUVSL,2022-08-20,South,social,42,Female
8060-HIWJJ,2021-04-22,East,paid_search,42,Male
7684-XSZIY,2020-09-16,West,organic,25,Male
9089-UOWJG,2025-08-22,North,referral,28,Female
8621-MNIHH,2023-11-01,East,organic,78,Female
8039-ACLPL,2020-08-22,South,paid_search,47,Female
9885-AIBVB,2024-03-30,North,partner,34,Male
1934-MKPXS,2023-11-27,North,referral,24,Male
2592-YKDIF,2026-07-31,East,partner,29,Female
2272-JKMSI,2021-06-25,East,social,58,Female
0471-LVHGK,2023-03-24,East,referral,31,Male
9518-RWHZL,2021-05-02,West,referral,47,Female
8714-CTZJW,2026-05-15,East,organic,39,Female
3569-EDBPQ,2024-09-14,East,paid_search,28,Female
3131-NWVFJ,2025-07-05,Central,partner,33,Female
7521-YXVZY,2026-06-03,West,organic,22,Male
5419-CONWX,2026-04-23,Central,paid_search,64,Female
6240-EURKS,2025-03-18,South,organic,34,Female
2373-NTKOD,2025-12-21,West,social,40,Male
1970-KKFWL,2023-10-16,West,referral,27,Female
6960-HVYXR,2026-08-03,East,partner,52,Female
9337-SRRNI,2021-03-05,North,partner,30,Male
0895-UADGO,2025-12-31,East,paid_search,42,Male
5678-VFNEQ,2020-10-15,Central,organic,54,Female
5977-CKHON,2023-01-25,West,paid_search,48,Female
7024-OHCCK,2026-07-14,North,organic,61,Female
2692-BUCFV,2024-03-25,South,paid_search,71,Male
7861-UVUFT,2025-05-31,East,paid_search,28,Female
1830-GGFNM,2021-03-22,Central,partner,57,Male
5302-BDJNT,2023-09-18,East,paid_search,42,Male
5223-UZAVK,2021-04-22,Central,organic,37,Male
4859-ZSRDZ,2021-11-03,West,social,31,Female
5651-WYIPH,2025-03-06,South,organic,68,Female
9350-VLHMB,2021-01-27,North,paid_search,58,Male
3498-LZGQZ,2021-05-29,Central,paid_search,47,Male
8785-CJSHH,2021-08-24,East,organic,23,Female
5357-TZHPP,2025-12-03,Central,social,79,Male
3870-SPZSI,2020-11-03,Central,paid_search,49,Female
0680-DFNNY,2025-06-14,East,partner,36,Male
7560-QRBXH,2022-09-11,North,organic,50,Female
7077-XJMET,2025-08-23,Central,referral,48,Male
8752-GHJFU,2020-09-17,East,organic,73,Male
6896-SRVYQ,2022-12-29,North,paid_search,78,Male
7767-UXAGJ,2026-08-07,East,referral,28,Male
4652-ODEVH,2022-12-16,North,social,40,Male
6510-UPNKS,2024-10-15,South,paid_search,36,Female
6718-BDGHG,2023-01-27,South,partner,51,Female
9046-DQMTP,2023-09-28,East,organic,54,Male
6439-LAJXL,2025-12-09,East,paid_search,39,Male
1571-SAVHK,2025-09-11,Central,partner,41,Male
9052-VKDUW,2021-04-15,South,referral,62,Female
9546-CQJSU,2026-06-28,West,referral,46,Female
1666-JZPZT,2024-05-30,Central,partner,45,Male
5777-KJIRB,2023-05-09,West,organic,50,Female
0506-LVNGN,2026-03-27,South,partner,79,Female
7677-SJJJK,2025-12-22,West,social,52,Male
2480-EJWYP,2021-11-01,South,partner,70,Female
3253-HKOKL,2022-05-11,East,paid_search,39,Female
7055-HNEOJ,2026-06-17,West,paid_search,39,Male
5514-YQENT,2023-03-25,South,social,40,Male
3211-AAPKX,2024-12-30,North,partner,41,Male
8445-DNBAE,2026-08-07,Central,social,48,Male
2951-QOQTK,2026-05-18,West,social,37,Male
2958-NHPPS,2024-09-22,North,referral,31,Male
6806-YDEUL,2026-02-19,South,organic,62,Female
1735-XMJVH,2026-01-02,South,paid_search,53,Male
6890-PFRQX,2025-03-10,Central,paid_search,33,Male
0222-CNVPT,2022-04-30,Central,social,61,Male
5899-OUVKV,2024-01-21,West,paid_search,58,Male
8681-ICONS,2024-03-31,East,paid_search,29,Male
1621-YNCJH,2023-09-17,North,social,44,Female
3473-XIIIT,2025-05-12,South,organic,51,Female
6362-QHAFM,2023-03-16,North,partner,32,Male
7893-IXHRQ,2026-08-05,West,referral,34,Male
3070-BDOQC,2021-09-03,North,social,32,Female
2952-QAYZF,2026-04-01,West,referral,27,Male
6234-PFPXL,2024-10-25,Central,referral,27,Male
9824-QCJPK,2023-09-14,South,social,28,Male
4763-PGDPO,2026-04-20,West,social,38,Female
4283-IVYCI,2025-12-10,Central,partner,41,Male
1866-OBPNR,2026-08-02,East,partner,22,Male
8205-MQUGY,2025-09-10,East,social,53,Male
8970-ANWXO,2024-10-06,South,social,47,Female
9480-BQJEI,2021-06-23,East,partner,24,Male
5394-SVGJV,2023-08-16,Central,paid_search,53,Male
6979-TNDEU,2026-01-02,West,partner,23,Female
9777-WJJPR,2024-01-30,South,paid_search,42,Male
9283-LZQOH,2025-07-31,East,referral,39,Male
7079-QRCBC,2024-09-05,West,referral,40,Female
9495-SKLKD,2022-12-06,North,social,57,Male
6048-UWKAL,2020-11-19,West,referral,66,Female
5067-DGXLL,2026-07-11,South,social,32,Male
5469-CTCWN,2021-08-03,South,social,43,Male
9851-QXEEQ,2023-04-07,East,social,57,Male
6281-FKEWS,2022-12-25,East,organic,48,Female
8898-KASCD,2023-05-24,Central,partner,54,Male
9242-TKFSV,2020-08-22,South,paid_search,38,Male
9290-SHCMB,2025-08-15,South,referral,65,Female
0743-HNPFG,2022-06-15,South,referral,40,Female
2277-BKJKN,2020-10-05,Central,paid_search,68,Female
9809-IMGCQ,2024-11-03,Central,social,77,Male
5208-HFSBT,2026-07-17,East,social,47,Female
5035-PGZXH,2021-12-21,West,referral,48,Female
8695-WDYEA,2026-07-22,Central,organic,40,Male
6543-JXSOO,2024-10-04,Central,organic,33,Female
8016-ZMGMO,2021-02-22,West,paid_search,65,Female
8605-ITULD,2026-08-01,East,social,40,Female
3254-YRILK,2025-01-27,Central,referral,60,Male
6416-YJTTB,2025-09-21,South,organic,42,Male
2667-WYLWJ,2026-01-14,South,referral,51,Female
4472-VESGY,2022-05-12,West,social,23,Female
3195-TQDZX,2026-06-05,North,referral,50,Male
3128-YOVTD,2022-05-22,East,referral,40,Female
0529-ONKER,2025-05-31,Central,organic,69,Male
1728-CXQBE,2021-05-06,North,social,76,Male
7041-TXQJH,2023-08-17,Central,organic,39,Female
5014-GSOUQ,2025-07-31,East,social,26,Male
5724-BIDBU,2022-08-09,Central,paid_search,51,Male
0481-SUMCB,2022-12-08,West,organic,66,Female
1769-GRUIK,2025-02-17,North,paid_search,53,Female
5240-IJOQT,2026-08-02,West,organic,64,Male
8819-WFGGJ,2021-01-12,North,organic,29,Male
7427-AUFPY,2022-03-17,South,organic,54,Male
2811-POVEX,2024-10-05,Central,partner,77,Female
1092-GANHU,2025-04-16,Central,social,40,Male
7898-PDWQE,2020-10-04,North,paid_search,36,Male
9972-EWRJS,2021-02-03,South,partner,56,Female
9314-IJWSQ,2025-06-21,North,paid_search,53,Female
0661-XEYAN,2026-08-07,South,referral,66,Female
5799-JRCZO,2021-06-09,Central,paid_search,32,Female
1921-KYSAY,2023-03-30,North,social,43,Female
6198-RTPMF,2025-03-29,West,referral,47,Female
2924-KHUVI,2022-01-15,Central,referral,57,Male
1925-GMVBW,2026-04-15,Central,social,22,Female
7881-EVUAD,2026-07-13,South,partner,58,Female
6184-DYUOB,2026-05-25,West,organic,35,Female
9207-ZPANB,2023-08-11,East,organic,26,Male
5766-XQXMQ,2024-03-19,North,paid_search,44,Female
9327-QSDED,2026-01-03,South,organic,50,Male
1656-DRSMG,2021-05-20,West,partner,26,Female
3012-VFFMN,2026-02-08,West,referral,23,Female
2984-AFWNC,2026-06-05,East,organic,55,Female
0640-YJTPY,2020-09-12,West,referral,56,Male
8096-LOIST,2025-01-21,West,social,27,Female
9764-REAFF,2021-09-30,South,social,55,Female
3703-VAVCL,2026-07-16,South,social,55,Male
7107-UBYKY,2023-09-25,Central,social,58,Female
4881-GQJTW,2025-06-21,Central,partner,30,Male
8519-QJGJD,2025-06-27,North,social,43,Female
7876-DNYAP,2020-11-22,West,social,58,Female
7905-NJMXS,2026-02-07,North,partner,60,Male
2882-WDTBA,2020-12-04,Central,referral,44,Male
2091-GPPIQ,2020-08-22,East,social,29,Female
6326-MTTXK,2025-12-29,West,referral,25,Male
5071-FBJFS,2026-04-30,West,organic,31,Female
2796-UUZZO,2021-05-25,West,organic,24,Male
2429-AYKKO,2020-08-29,South,referral,29,Male
9798-OPFEM,2022-11-13,Central,organic,24,Female
0330-IVZHA,2026-04-11,East,organic,50,Female
3794-NFNCH,2024-02-23,East,paid_search,43,Male
5193-QLVZB,2021-06-10,South,referral,41,Male
7114-AEOZE,2021-08-28,North,referral,51,Female
2886-KEFUM,2021-06-03,East,referral,37,Female
5522-NYKPB,2024-07-29,South,referral,36,Male
4237-RLAQD,2026-08-10,West,social,29,Male
9957-YODKZ,2026-03-09,South,paid_search,65,Male
6518-KZXCB,2024-10-27,Central,referral,28,Male
2245-ADZFJ,2024-02-11,West,partner,43,Female
7776-QGYJC,2023-06-08,East,paid_search,58,Female
9313-QOLTZ,2024-06-18,West,organic,41,Male
9651-GTSAQ,2022-04-13,West,organic,33,Female
3186-BAXNB,2026-07-31,West,paid_search,47,Female
4672-FOTSD,2025-09-12,East,paid_search,52,Male
0637-YLETY,2025-04-26,Central,organic,39,Female
9818-XQCUV,2026-07-15,South,paid_search,31,Female
7338-ERIVA,2023-05-31,East,partner,48,Male
1157-BQCUW,2026-08-04,South,social,28,Male
8259-NFJTV,2026-01-26,East,referral,58,Female
3223-DWFIO,2026-05-18,Central,organic,78,Male
2660-EMUBI,2025-11-01,West,partner,71,Male
6968-GMKPR,2022-01-30,South,organic,48,Female
4751-ERMAN,2020-09-09,Central,organic,22,Male
1436-ZMJAN,2025-11-08,West,referral,29,Female
3292-PBZEJ,2025-09-26,East,referral,78,Male
0799-DDIHE,2025-06-01,North,paid_search,36,Female
3070-FNFZQ,2024-09-29,East,social,42,Female
2812-SFXMJ,2026-07-20,Central,organic,28,Male
7675-OZCZG,2026-06-05,East,organic,74,Female
5014-WUQMG,2022-09-21,North,referral,50,Male
5312-TSZVC,2025-05-19,North,referral,56,Female
2003-CKLOR,2021-02-28,Central,social,22,Male
0993-OSGPT,2021-01-10,East,organic,70,Female
9254-RBFON,2025-04-05,West,referral,22,Female
1205-WNWPJ,2026-02-14,South,organic,41,Female
9391-EOYLI,2025-08-27,North,organic,72,Male
7108-DGVUU,2024-12-08,East,referral,65,Female
2782-JEEBU,2024-11-19,West,partner,30,Male
5127-BZENZ,2021-12-28,South,organic,31,Female
2720-FVBQP,2026-03-04,West,social,50,Female
9906-NHHVC,2021-04-12,East,referral,72,Female
4522-XRWWI,2023-03-16,South,referral,32,Male
3766-EJLFL,2020-12-27,South,social,22,Female
5939-SXWHM,2022-08-25,South,paid_search,38,Male
8152-UOBNY,2022-07-10,South,paid_search,77,Female
7351-KYHQH,2026-02-15,West,partner,60,Female
7643-RCHXS,2021-06-08,South,organic,56,Female
8246-SHFGA,2025-03-26,West,social,52,Male
8387-MOJJT,2023-03-01,South,social,51,Female
0620-XEFWH,2026-05-16,South,social,22,Male
6485-QXWWE,2021-07-14,Central,referral,53,Female
2761-OCIAX,2026-07-15,Central,partner,63,Male
7321-VGNKU,2026-06-26,East,social,36,Female
5327-CNLUQ,2022-08-24,South,organic,43,Male
7552-KEYGT,2024-06-05,West,paid_search,52,Male
5816-JMLGY,2020-10-27,North,referral,55,Female
3068-OMWZA,2026-08-17,East,partner,66,Male
2927-QRRQV,2022-10-31,East,partner,23,Male
6032-KRXXO,2024-03-09,West,social,44,Male
7459-RRWQZ,2025-05-24,North,referral,47,Female
6265-SXWBU,2020-12-02,North,organic,24,Male
7941-RCJOW,2021-03-23,South,organic,52,Male
6374-NTQLP,2020-08-31,North,social,62,Male
4154-AQUGT,2025-08-04,East,referral,71,Male
2387-KDZQY,2025-03-20,Central,partner,42,Male
3584-WKTTW,2022-05-19,South,referral,33,Male
3399-BMLVW,2022-06-04,East,social,24,Male
1971-DTCZB,2020-09-06,South,paid_search,22,Female
3092-IGHWF,2021-01-27,North,organic,49,Male
3374-PZLXD,2023-11-12,West,partner,35,Male
3813-DHBBB,2021-02-04,South,referral,53,Male
2812-REYAT,2022-07-23,East,social,30,Female
6518-PPLMZ,2022-03-22,West,organic,56,Male
4939-KYYPY,2024-06-05,Central,paid_search,56,Male
8017-LXHFA,2024-10-05,North,social,62,Female
5930-GBIWP,2020-11-20,East,social,45,Male
6022-KOUQO,2026-07-12,Central,organic,56,Female
6352-TWCAU,2023-10-16,East,social,33,Female
2361-UPSND,2022-11-14,North,organic,24,Female
6035-RIIOM,2022-03-15,South,organic,54,Female
2929-QNSRW,2021-12-21,West,social,39,Female
1262-OPMFY,2025-12-16,West,organic,23,Female
9504-DSHWM,2025-01-07,South,paid_search,53,Male
5035-BVCXS,2025-09-29,North,organic,47,Male
6267-DCFFZ,2024-02-28,South,referral,67,Female
3533-UVMOM,2020-12-23,South,organic,31,Male
2439-LYPMQ,2023-06-19,West,paid_search,71,Male
4248-QPAVC,2025-04-05,Central,paid_search,77,Female
1899-VXWXM,2022-09-10,North,partner,22,Male
1478-VPOAD,2026-08-15,West,referral,51,Female
9995-HOTOH,2021-05-22,West,organic,40,Male
2988-PLAHS,2026-06-06,West,referral,43,Female
1371-OJCEK,2022-08-21,Central,referral,52,Female
4999-IEZLT,2021-03-07,North,paid_search,55,Male
8883-ANODQ,2020-12-25,West,referral,26,Female
4690-LLKUA,2025-03-29,North,paid_search,65,Male
2351-RRBUE,2026-01-25,Central,paid_search,26,Female
5980-BDHPY,2020-08-28,East,partner,47,Male
1498-DQNRX,2024-04-08,North,paid_search,43,Female
9469-WEJBT,2023-08-14,West,paid_search,25,Male
3331-HQDTW,2023-11-17,West,organic,30,Female
9490-DFPMD,2023-03-06,East,partner,65,Female
2581-VKIRT,2021-09-21,South,partner,49,Female
5442-XSDCW,2025-09-28,North,partner,34,Male
7426-WEIJX,2021-08-27,Central,organic,79,Male
2851-MMUTZ,2024-06-10,North,referral,58,Female
3049-NDXFL,2026-08-03,Central,paid_search,50,Female
8580-AECUZ,2026-08-05,East,partner,60,Male
3307-TLCUD,2025-04-13,West,paid_search,54,Male
6625-FLENO,2021-10-29,West,referral,48,Male
2967-MXRAV,2026-08-07,Central,referral,41,Male
7963-GQRMY,2026-06-05,North,partner,38,Female
8189-HBVRW,2022-03-31,Central,partner,52,Female
4163-KIUHY,2023-10-17,North,social,42,Male
1228-FZFRV,2022-06-19,Central,referral,28,Male
3500-NSDOA,2021-01-10,South,social,58,Male
1171-TYKUR,2022-09-27,Central,social,24,Male
3761-FLYZI,2021-03-25,North,referral,72,Female
2058-DCJBE,2026-04-13,East,partner,46,Male
5364-XYIRR,2022-06-10,East,social,43,Male
4829-AUOAX,2022-11-04,Central,social,23,Female
1219-NNDDO,2025-11-23,North,paid_search,40,Female
8388-DMKAE,2025-12-28,North,partner,55,Female
4403-BWPAY,2025-07-03,West,referral,30,Male
9659-QEQSY,2022-11-22,North,organic,47,Female
5405-ZMYXQ,2026-01-02,West,paid_search,53,Female
5047-LHVLY,2026-07-22,North,social,75,Male
1442-OKRJE,2021-02-22,Central,social,41,Male
4737-AQCPU,2020-09-11,East,partner,33,Male
9158-VCTQB,2023-04-06,Central,social,47,Female
2808-CHTDM,2024-10-16,North,referral,39,Female
6311-UEUME,2024-04-10,South,partner,45,Female
0793-TWELN,2026-05-18,East,organic,49,Female
3283-WCWXT,2026-03-15,North,paid_search,48,Male
1060-ENTOF,2021-02-15,North,organic,78,Female
0999-QXNSA,2026-01-26,South,social,70,Male
5451-MHQOF,2022-01-04,West,partner,42,Male
4836-WNFNO,2020-09-02,West,social,56,Female
9225-BZLNZ,2020-08-25,North,referral,46,Male
0354-VXMJC,2024-09-22,North,referral,54,Male
4422-QVIJA,2023-10-02,West,partner,58,Female
9365-SRSZE,2024-06-04,South,referral,70,Male
6839-ITVZJ,2024-06-28,West,paid_search,49,Female
8332-OSJDW,2025-09-04,South,paid_search,44,Male
4735-BJKOU,2023-05-05,South,referral,26,Female
0274-JKUJR,2026-02-07,South,organic,36,Male
5740-YHGTW,2020-11-11,South,organic,39,Male
8917-SZTTJ,2021-09-11,West,organic,50,Male
1696-MZVAU,2023-05-29,East,organic,43,Male
7359-WWYJV,2020-08-23,West,organic,38,Male
0375-HVGXO,2026-08-05,North,organic,27,Female
4906-ZHGPK,2022-03-16,East,organic,48,Male
8593-WHYHV,2026-05-30,East,social,37,Male
3795-GWTRD,2021-05-21,Central,organic,23,Female
1298-PHBTI,2020-10-01,East,referral,32,Male
6223-DHJGV,2023-03-18,North,organic,54,Female
6961-MJKBO,2022-10-15,West,social,26,Male
6097-EQISJ,2021-03-02,North,paid_search,37,Female
4423-YLHDV,2024-11-21,Central,partner,40,Female
8158-WPEZG,2025-10-16,South,partner,25,Male
0107-YHINA,2026-07-26,West,partner,28,Male
4918-FYJNT,2022-01-23,West,partner,77,Female
0727-BNRLG,2020-12-15,East,referral,43,Male
4854-CIDCF,2026-06-11,East,partner,78,Female
8640-SDGKB,2026-05-18,North,social,28,Male
3280-MRDOF,2024-03-01,North,paid_search,64,Male
6435-SRWBJ,2026-04-12,West,social,48,Female
9964-WBQDJ,2020-09-19,Central,social,49,Female
6303-KFWSL,2024-04-15,Central,partner,29,Female
1702-CCFNJ,2022-04-29,South,social,48,Male
8932-CZHRQ,2020-12-24,South,organic,55,Male
0386-CWRGM,2022-11-11,South,referral,30,Female
5515-RUGKN,2026-01-09,West,partner,22,Male
0404-AHASP,2020-08-24,West,social,57,Male
7279-NMVJC,2025-04-15,West,organic,41,Female
2081-VEYEH,2026-06-04,Central,social,50,Male
6407-UTSLV,2026-07-11,South,organic,61,Female
4116-TZAQJ,2025-12-17,West,paid_search,33,Female
9060-HJJRW,2022-06-04,East,partner,30,Female
2587-YNLES,2026-03-04,Central,paid_search,30,Female
7398-SKNQZ,2026-06-07,South,social,39,Female
5935-FCCNB,2025-03-24,North,social,75,Female
1958-RNRKS,2024-03-15,South,organic,53,Male
5136-RGMZO,2024-02-04,West,paid_search,40,Male
8345-MVDYC,2022-12-12,Central,organic,55,Female
8226-BXGES,2021-04-25,Central,partner,40,Male
3877-JRJIP,2026-08-01,North,social,33,Male
8375-DKEBR,2026-07-27,East,partner,78,Female
9705-IOVQQ,2021-08-14,North,organic,73,Male
1015-OWJKI,2026-08-04,South,organic,52,Male
7511-YMXVQ,2025-12-16,Central,organic,48,Male
2040-XBAVJ,2020-09-07,Central,referral,27,Male
7551-JOHTI,2026-07-20,North,partner,43,Female
8887-IPQNC,2026-01-25,North,organic,41,Female
8646-JCOMS,2021-03-15,West,social,29,Female
9804-ICWBG,2026-08-06,East,paid_search,26,Male
1222-KJNZD,2023-04-22,East,referral,50,Male
0106-GHRQR,2025-05-12,Central,partner,31,Male
5318-IXUZF,2026-06-26,Central,referral,41,Female
3768-VHXQO,2021-02-06,Central,referral,31,Male
8952-WCVCD,2023-04-03,West,paid_search,46,Female
2418-TPEUN,2021-12-21,Central,referral,23,Female
3963-RYFNS,2020-08-27,West,paid_search,35,Female
3198-VELRD,2026-06-09,Central,paid_search,42,Female
8540-ZQGEA,2022-03-18,East,partner,38,Female
1320-REHCS,2022-05-11,North,social,74,Male
4137-JOPHL,2022-07-05,Central,social,28,Female
9436-ZBZCT,2025-07-13,Central,paid_search,38,Male
7801-CEDNV,2024-05-22,South,paid_search,49,Male
2057-BOYKM,2020-09-15,East,organic,67,Female
3658-QQJYD,2021-07-01,East,paid_search,27,Male
1803-BGNBD,2025-08-18,West,referral,53,Female
0134-XWXCE,2023-01-06,West,paid_search,66,Female
6950-TWMYB,2022-03-02,South,partner,47,Male
5848-FHRFC,2021-01-14,Central,organic,51,Female
2243-FNMMI,2024-12-26,Central,referral,50,Male
2511-MORQY,2022-06-18,Central,paid_search,49,Male
5356-KZCKT,2021-10-24,East,referral,40,Male
9470-XCCEM,2023-10-13,North,organic,22,Male
6519-CFDBX,2026-07-08,Central,referral,44,Female
3902-MIVLE,2021-05-27,North,partner,32,Male
0409-WTMPL,2021-10-24,North,social,50,Female
8763-KIAFH,2024-06-05,South,paid_search,39,Female
3669-WHAFY,2020-09-18,North,referral,55,Female
3055-VTCGS,2021-06-11,West,partner,44,Female
3144-KMTWZ,2020-09-24,East,referral,42,Male
7279-BUYWN,2023-04-03,South,referral,66,Female
7156-MHUGY,2025-07-27,North,paid_search,67,Male
7198-GLXTC,2026-07-01,South,social,35,Male
2007-QVGAW,2021-01-04,West,partner,35,Female
5207-PLSTK,2026-07-24,West,social,54,Male
2307-FYNNL,2021-03-23,South,partner,62,Male
5605-XNWEN,2020-08-23,North,paid_search,66,Male
2155-AMQRX,2024-05-15,East,paid_search,40,Female
6181-AXXYF,2020-09-04,West,organic,35,Male
5091-HFAZW,2026-06-26,North,partner,45,Female
0516-VRYBW,2025-02-20,West,partner,23,Female
2519-LBNQL,2021-09-06,North,paid_search,66,Male
8623-ULFNQ,2024-06-25,South,organic,60,Female
8380-PEFPE,2026-08-01,West,social,30,Male
5687-DKDTV,2026-05-12,North,paid_search,27,Female
1568-LJSZU,2020-12-21,South,referral,45,Male
7530-HDYDS,2023-07-05,North,organic,31,Female
7789-HKSBS,2023-02-28,South,organic,61,Female
7416-CKTEP,2021-12-08,West,social,50,Female
2586-CWXVV,2022-03-18,South,partner,57,Male
3096-IZETN,2025-09-03,North,organic,41,Female
2348-KCJLT,2022-12-26,South,organic,56,Female
8401-EMUWF,2023-03-09,North,referral,22,Male
4193-IBKSW,2020-08-20,West,partner,32,Male
5377-NDTOU,2020-09-24,Central,referral,22,Female
5922-ABDVO,2025-01-27,North,social,47,Female
2474-LCNUE,2024-09-22,West,partner,40,Female
0839-QNXME,2024-02-21,South,partner,32,Female
3506-OVLKD,2023-09-26,North,paid_search,33,Male
9172-ANCRX,2025-10-23,West,partner,45,Female
6650-VJONK,2026-07-27,South,social,28,Male
2178-PMGCJ,2024-10-22,East,organic,41,Male
7492-TAFJD,2026-02-12,East,partner,44,Male
2773-MADBQ,2023-09-07,East,social,30,Female
6016-LVTJQ,2023-10-22,North,referral,30,Female
7860-KSUGX,2020-09-02,South,partner,35,Male
8966-KZXXA,2023-09-17,West,paid_search,43,Male
6910-HADCM,2026-07-23,Central,organic,31,Female
4816-LXZYW,2024-09-27,North,social,36,Female
9606-PBKBQ,2023-12-20,East,paid_search,79,Male
5149-QYTTU,2020-10-16,Central,partner,28,Female
2070-XYMFH,2024-10-12,South,paid_search,73,Female
2085-BOJKI,2025-04-02,East,paid_search,27,Male
0817-HSUSE,2026-08-12,Central,partner,27,Male
5442-PPTJY,2025-09-01,Central,paid_search,30,Male
1927-QEWMY,2020-09-06,West,social,32,Female
1663-MHLHE,2026-08-11,West,organic,23,Male
5663-QBGIS,2020-08-24,West,organic,65,Male
4450-MDZFX,2021-09-15,South,organic,33,Male
6701-DHKWQ,2021-07-22,Central,paid_search,51,Female
7554-AKDQF,2026-03-14,North,organic,55,Female
3536-IQCTX,2023-12-30,North,paid_search,75,Male
4911-BANWH,2024-01-18,West,organic,52,Female
8496-EJAUI,2025-02-12,Central,partner,25,Male
0794-YVSGE,2020-08-20,Central,organic,35,Male
5423-BHIXO,2024-01-07,West,social,49,Female
6908-VVYHM,2021-03-26,South,social,43,Male
2959-EEXWB,2022-11-22,South,partner,22,Female
1839-UMACK,2023-03-12,East,partner,42,Male
3030-YDNRM,2026-01-06,South,partner,51,Male
7321-KKSDU,2023-12-22,East,social,52,Male
3402-XRIUO,2024-11-13,North,referral,79,Female
3132-TVFDZ,2021-12-13,South,partner,71,Male
8286-AFUYI,2026-08-08,Central,referral,33,Male
8080-DDEMJ,2026-07-30,West,partner,68,Male
8356-WUAOJ,2026-07-24,North,paid_search,34,Female
6365-MTGZX,2024-08-31,South,organic,33,Male
1349-WXNGG,2026-08-03,South,social,38,Male
8058-DMYRU,2022-02-20,South,partner,64,Male
9350-ZXYJC,2026-05-13,West,partner,32,Female
6990-YNRIO,2021-03-21,Central,paid_search,33,Male
8958-JPTRR,2022-01-07,West,partner,27,Female
6959-GQEGV,2022-12-09,East,referral,54,Male
3173-WSSUE,2020-09-18,North,organic,46,Female
1265-HVPZB,2021-09-28,North,social,55,Male
4115-UMJFQ,2020-12-04,Central,social,42,Male
7369-TRPFD,2025-02-06,West,social,26,Male
1098-KFQEC,2022-02-02,East,referral,55,Female
7190-XHTWJ,2023-06-25,East,paid_search,38,Female
0621-TWIEM,2025-11-12,Central,organic,47,Male
3537-RYBHH,2022-10-12,Central,partner,61,Female
2485-ITVKB,2026-07-09,North,social,40,Female
3669-OYSJI,2026-08-03,South,organic,40,Male
1612-EOHDH,2026-07-24,North,partner,32,Female
6702-OHFWR,2026-08-11,South,organic,62,Male
5296-BFCYD,2022-10-24,West,partner,49,Male
4510-PYUSH,2023-06-21,South,organic,67,Female
9359-JANWS,2021-04-04,North,social,26,Female
7517-SAWMO,2025-01-18,East,organic,53,Female
4143-HHPMK,2022-04-22,East,referral,43,Male
3279-DYZQM,2020-09-23,West,partner,58,Male
7054-LGEQW,2026-08-06,North,social,44,Female
0523-VNGTF,2022-05-09,South,paid_search,76,Female
9575-IWCAZ,2026-02-21,West,social,55,Male
7105-MXJLL,2024-07-04,West,organic,76,Female
7064-FRRSW,2022-09-16,Central,referral,68,Male
7940-UQQUG,2021-04-26,Central,social,41,Female
0923-PNFUB,2026-06-07,Central,paid_search,30,Female
3961-SXAXY,2026-07-20,East,referral,34,Male
7010-BRBUU,2020-08-22,Central,referral,47,Male
3566-HJGPK,2026-08-14,East,paid_search,27,Male
3062-ICYZQ,2022-05-21,Central,partner,46,Female
9938-PRCVK,2023-03-20,South,referral,43,Female
0973-KYVNF,2020-08-25,East,partner,33,Female
5129-HHMZC,2023-02-08,West,referral,23,Female
9637-CDTKZ,2020-08-27,South,social,48,Male
3946-JEWRQ,2022-09-21,North,referral,52,Male
7873-CVMAW,2020-08-23,Central,partner,49,Male
0463-WZZKO,2026-06-05,East,partner,37,Male
3494-JCHRQ,2026-07-27,Central,social,46,Male
6474-FVJLC,2026-07-07,South,social,37,Male
4524-QCSSM,2024-07-10,Central,paid_search,35,Male
5832-EXGTT,2024-03-28,West,paid_search,34,Male
8840-DQLGN,2023-10-04,West,paid_search,76,Female
2039-JONDJ,2024-06-11,West,referral,57,Male
7217-JYHOQ,2024-08-28,South,referral,46,Male
6695-FRVEC,2021-02-06,Central,organic,28,Male
4547-LYTDD,2025-04-30,Central,social,54,Female
9894-QMIMJ,2024-10-06,West,social,27,Female
8069-YQQAJ,2025-06-21,Central,partner,43,Male
6770-XUAGN,2026-07-23,Central,paid_search,28,Female
4193-ORFCL,2026-08-03,West,social,64,Female
1636-NTNCO,2026-04-27,East,paid_search,77,Male
3466-WAESX,2025-05-12,Central,paid_search,58,Male
9281-PKKZE,2022-10-18,North,social,58,Female
3638-VBZTA,2021-01-10,East,social,55,Male
7459-IMVYU,2023-06-22,Central,referral,30,Male
7776-QWNFX,2024-02-21,Central,organic,77,Male
6689-TCZHQ,2026-04-12,South,organic,74,Female
8563-OYMQY,2025-04-17,North,social,56,Male
0754-EEBDC,2026-04-26,South,paid_search,32,Male
5777-ZPQNC,2025-08-21,Central,partner,22,Female
1951-IEYXM,2020-08-26,East,paid_search,45,Male
3318-NMQXL,2026-06-16,North,referral,24,Male
3143-ILDAL,2021-12-28,North,social,23,Male
1022-RKXDR,2023-04-06,South,referral,56,Female
2361-FJWNO,2023-04-21,South,referral,40,Male
2272-UOINI,2026-01-22,North,referral,26,Female
8232-UTFOZ,2020-11-23,East,paid_search,46,Male
3750-YHRYO,2026-02-03,East,referral,35,Male
6637-KYRCV,2026-04-08,North,referral,41,Female
5668-MEISB,2020-08-23,South,organic,55,Female
0129-QMPDR,2023-01-13,West,referral,30,Male
7188-CBBBA,2021-04-14,Central,partner,45,Female
5356-CSVSQ,2026-06-16,Central,organic,52,Female
3221-CJMSG,2024-09-01,East,social,37,Male
4720-VSTSI,2023-01-14,North,social,57,Female
3219-JQRSL,2020-08-30,Central,partner,69,Female
2801-NISEI,2024-09-11,Central,organic,38,Male
3946-MHCZW,2026-07-22,South,referral,54,Male
4623-ZKHLY,2024-11-04,East,social,45,Male
6732-VAILE,2020-11-14,North,organic,54,Male
8201-AAXCB,2024-07-27,Central,partner,51,Male
7696-CFTAT,2023-08-07,West,social,48,Male
1845-CSBRZ,2024-11-09,North,organic,67,Female
2123-VSCOT,2021-09-28,West,paid_search,36,Female
6651-AZVTJ,2022-07-20,East,partner,53,Male
4566-GOLUK,2022-09-18,East,social,44,Male
2484-DGXPZ,2024-02-03,South,partner,32,Female
2018-QKYGT,2026-07-23,Central,referral,34,Male
2792-VPPET,2026-06-11,East,partner,50,Male
7409-JURKQ,2022-03-23,Central,referral,28,Female
3247-MHJKM,2026-07-20,North,referral,26,Male
1964-SVLEA,2025-01-01,East,partner,50,Male
4587-NUKOX,2026-06-02,South,organic,32,Female
7297-DVYGA,2022-06-01,Central,paid_search,50,Female
2239-CGBUZ,2022-06-15,East,organic,41,Female
0854-UYHZD,2025-07-23,West,partner,58,Female
7243-LCGGZ,2026-07-26,North,partner,41,Female
8267-KFGYD,2026-07-22,West,organic,54,Male
4890-VMUAV,2021-06-14,North,organic,53,Male
9261-WDCAF,2026-05-24,South,paid_search,29,Male
3764-MNMOI,2022-11-06,South,paid_search,58,Male
7442-YGZFK,2026-07-24,North,referral,49,Male
0420-BWTPW,2025-12-18,East,referral,25,Male
8229-BUJHX,2020-09-20,South,paid_search,22,Female
7449-HVPIV,2022-01-19,East,organic,32,Male
5504-WSIUR,2020-11-13,West,partner,22,Female
8183-ONMXC,2026-07-09,North,partner,35,Female
8466-PZBLH,2021-02-07,West,partner,58,Male
9614-RMGHA,2021-04-02,South,social,39,Male
8735-IJJEG,2025-06-18,South,social,22,Male
0564-MUUQK,2024-12-27,East,social,40,Female
5054-IEXZT,2026-08-01,West,partner,30,Male
5834-ASPWA,2026-07-24,West,organic,53,Male
0701-RFGFI,2022-08-12,North,paid_search,25,Female
0019-EFAEP,2020-08-28,East,referral,50,Female
5619-PTMIK,2022-11-01,South,partner,38,Female
3737-XBQDD,2024-09-10,South,social,22,Male
5882-CMAZQ,2026-03-29,Central,partner,46,Female
5846-QFDFI,2023-11-22,North,paid_search,38,Female
4445-KWOKW,2023-02-22,East,partner,50,Female
3511-APPBJ,2024-09-21,East,partner,44,Male
7967-HYCDE,2025-12-23,South,partner,51,Male
2430-RRYUW,2021-03-03,West,referral,39,Male
3948-XHGNA,2024-09-15,East,partner,22,Male
3723-BFBGR,2024-08-19,West,paid_search,67,Male
0565-IYCGT,2020-12-03,South,paid_search,38,Male
5447-WZAFP,2022-03-30,Central,paid_search,36,Female
5110-CHOPY,2021-09-16,West,paid_search,51,Female
5445-UTODQ,2026-01-20,South,partner,37,Female
4425-OWHWB,2024-12-21,Central,paid_search,53,Female
7892-QVYKW,2024-09-19,Central,organic,28,Female
9675-ICXCT,2020-09-11,East,organic,36,Male
1024-VRZHF,2025-09-22,North,social,49,Male
4703-MQYKT,2024-11-28,East,referral,26,Male
9497-QCMMS,2026-08-13,West,referral,78,Male
5692-ICXLW,2024-01-30,South,social,66,Male
0602-DDUML,2021-12-02,North,organic,43,Female
2208-MPXIO,2022-11-29,East,social,50,Female
1960-UYCNN,2025-11-14,Central,partner,41,Male
0348-SDKOL,2021-10-31,South,partner,53,Female
3190-FZATL,2025-06-27,East,referral,54,Male
7336-RLLRH,2024-05-27,North,partner,58,Male
4373-MAVJG,2025-06-24,West,paid_search,26,Female
8901-HJXTF,2025-08-29,Central,paid_search,43,Female
7710-JSYOA,2020-11-25,West,social,26,Female
5419-KLXBN,2024-08-14,East,paid_search,30,Female
3424-NMNBO,2021-10-24,North,partner,64,Male
9885-MFVSU,2023-10-06,East,social,45,Female
4514-GFCFI,2025-05-01,Central,referral,70,Female
0607-MVMGC,2022-12-01,North,paid_search,53,Male
3365-SAIGS,2025-03-19,South,social,33,Female
9828-AOQLM,2026-08-08,Central,social,44,Female
8022-BECSI,2024-11-05,East,referral,50,Male
8000-REIQB,2026-07-26,North,organic,60,Female
9993-LHIEB,2021-01-27,North,referral,31,Male
0266-CLZKZ,2021-02-06,East,referral,49,Female
7615-ESMYF,2026-07-08,East,organic,25,Female
3858-VOBET,2024-09-22,Central,referral,42,Male
7020-OZKXZ,2025-11-22,Central,organic,77,Female
3977-QCRSL,2026-04-13,East,partner,57,Female
0017-DINOC,2022-03-07,East,referral,50,Male
1447-PJGGA,2021-11-23,Central,partner,56,Female
8565-CLBZW,2024-09-13,West,referral,53,Male
9139-WQQDY,2022-08-12,South,partner,37,Female
0224-HJAPT,2026-04-13,West,partner,49,Male
8086-OVPWV,2026-07-03,West,organic,23,Male
9430-FRQOC,2026-05-05,South,referral,42,Female
7639-OPLNG,2020-11-07,Central,partner,23,Male
3074-GQWYX,2026-04-13,South,referral,48,Male
1492-QGCLU,2022-03-29,East,paid_search,57,Male
6845-RGTYS,2022-09-23,East,social,47,Female
7328-OWMOM,2024-02-10,West,organic,53,Female
4418-LZMSV,2025-07-29,Central,social,30,Male
5155-AZQPB,2024-04-24,South,partner,58,Female
8861-HGGKB,2025-10-31,South,paid_search,42,Female
1087-GRUYI,2023-07-01,West,organic,46,Male
7065-YUNRY,2026-08-12,Central,social,50,Female
7694-VLBWQ,2021-01-18,Central,referral,45,Male
2546-KZAAT,2022-04-20,West,social,33,Male
0181-RITDD,2021-06-26,West,social,44,Male
5989-PGKJB,2025-04-20,West,organic,46,Female
4795-KTRTH,2026-03-30,Central,partner,71,Female
8272-ONJLV,2025-08-28,North,paid_search,39,Male
1488-PBLJN,2020-08-23,East,social,40,Female
0308-GIQJT,2020-10-15,North,paid_search,72,Male
3778-FOAQW,2024-09-10,East,organic,26,Female
4452-ROHMO,2025-06-11,South,partner,25,Female
6481-OGDOO,2021-01-28,South,referral,22,Male
3090-LETTY,2026-07-11,Central,referral,46,Male
5349-AZPEW,2026-04-06,West,paid_search,37,Female
3753-TSEMP,2025-06-03,East,referral,54,Female
8305-VHZBZ,2026-07-26,Central,social,47,Male
9720-JJJOR,2023-04-02,North,partner,27,Male
8100-HZZLJ,2023-02-16,West,social,25,Female
8775-ERLNB,2026-07-28,North,paid_search,71,Male
8309-IEYJD,2026-08-05,South,social,60,Female
9172-JITSM,2024-07-14,North,paid_search,23,Female
6298-QDFNH,2024-10-28,East,social,28,Male
7398-HPYZQ,2020-10-08,West,social,23,Male
3546-GHEAE,2026-02-02,West,organic,37,Male
7361-YPXFS,2024-04-18,East,social,74,Female
6557-BZXLQ,2025-05-10,Central,partner,74,Male
2550-QHZGP,2026-01-20,South,partner,40,Male
7519-JTWQH,2020-12-03,North,referral,27,Female
2538-OIMXF,2026-07-21,North,paid_search,35,Female
8543-MSDMF,2026-05-23,North,social,41,Male
9961-JBNMK,2024-11-22,East,organic,75,Male
1170-SASML,2020-12-10,East,social,48,Female
4872-JCVCA,2020-09-23,Central,paid_search,58,Female
5346-BZCHP,2020-12-05,North,partner,29,Female
2038-LLMLM,2022-08-20,South,referral,31,Female
6173-ITPWD,2022-09-18,Central,paid_search,26,Male
9734-UYXQI,2026-06-30,North,paid_search,48,Female
1216-BGTSP,2022-11-20,East,paid_search,39,Male
4138-NAXED,2022-06-02,North,social,32,Male
2189-UXTKY,2024-11-15,East,partner,30,Female
0744-BIKKF,2020-08-21,Central,partner,24,Male
7483-IQWIB,2023-08-02,South,partner,39,Male
5248-KWLAR,2020-10-15,South,referral,47,Male
4958-GZWIY,2026-02-14,East,social,30,Male
7996-MHXLW,2021-02-24,West,paid_search,22,Female
7833-PKIHD,2022-05-21,Central,social,39,Male
7061-OVMIM,2024-02-26,North,paid_search,47,Female
5153-RTHKF,2023-11-04,East,paid_search,34,Female
1852-QSWCD,2021-05-08,West,referral,31,Male
4832-VRBMR,2021-04-05,North,partner,78,Male
9079-LWTFD,2022-10-08,Central,partner,49,Male
6356-ELRKD,2026-08-09,South,partner,53,Female
8624-GIOUT,2022-08-14,East,organic,50,Female
3392-EHMNK,2021-01-29,Central,organic,41,Female
5986-WWXDV,2023-06-11,West,social,48,Male
3061-BCKYI,2025-07-13,Central,social,36,Male
6179-GJPSO,2023-02-08,West,organic,73,Female
7901-TBKJX,2021-12-24,South,social,68,Male
7228-PAQPD,2025-06-30,West,paid_search,48,Female
3177-LASXD,2026-08-03,West,social,45,Female
7746-QYVCO,2025-04-30,South,social,58,Male
5804-HYIEZ,2020-10-31,North,partner,58,Male
9919-FZDED,2020-09-02,West,organic,76,Male
5934-TSSAU,2024-09-21,East,partner,22,Female
3486-KHMLI,2024-11-25,West,organic,32,Male
4897-QSUYC,2026-08-12,North,paid_search,54,Female
1084-UQCHV,2026-07-24,East,partner,52,Male
8290-YWKHZ,2024-01-11,Central,organic,73,Female
2955-BJZHG,2025-04-15,Central,paid_search,27,Male
3806-DXQOM,2026-05-06,Central,partner,42,Female
6784-XYJAE,2023-09-06,South,organic,46,Female
3933-DQPWX,2022-06-24,North,paid_search,58,Female
6661-EIPZC,2022-08-27,East,organic,49,Female
8957-THMOA,2022-07-16,East,partner,29,Female
2251-PYLPB,2020-09-02,South,organic,23,Male
5555-RNPGT,2025-10-24,North,paid_search,45,Male
1057-FOGLZ,2025-02-25,North,referral,42,Female
9300-RENDD,2026-08-02,South,paid_search,56,Male
0761-AETCS,2026-07-30,West,paid_search,43,Female
8087-LGYHQ,2025-12-01,North,social,40,Male
4137-BTIKL,2026-07-12,North,partner,33,Male
2190-BCXEC,2023-05-02,South,organic,25,Female
6227-FBDXH,2020-11-26,Central,social,54,Male
2153-MREFK,2023-08-16,Central,referral,52,Female
2911-WDXMV,2025-02-26,East,organic,28,Male
7206-PQBBZ,2025-10-10,North,social,62,Male
3106-ULWFW,2026-01-16,North,paid_search,35,Female
0925-VYDLG,2026-05-26,Central,paid_search,38,Female
4547-FZJWE,2022-02-04,East,organic,53,Male
7422-WNBTY,2023-12-05,North,social,53,Male
0842-IWYCP,2022-10-29,Central,paid_search,29,Female
3521-HTQTV,2023-11-01,East,referral,33,Male
3744-ZBHON,2026-05-30,South,paid_search,52,Female
3373-DIUUN,2024-02-18,East,social,55,Male
8383-SGHJU,2023-11-28,South,partner,24,Female
7607-QKKTJ,2022-12-16,Central,referral,52,Male
7707-PYBBH,2023-05-12,West,paid_search,40,Male
8984-HPEMB,2020-10-03,North,partner,43,Female
4349-GFQHK,2026-08-03,West,referral,24,Male
4139-DETXS,2020-09-06,North,social,47,Female
9779-DPNEJ,2024-11-11,East,partner,47,Female
9805-FILKB,2022-11-13,West,organic,46,Male
5793-YOLJN,2022-02-11,North,social,51,Female
0673-IGUQO,2026-07-20,West,organic,57,Male
4123-FCVCB,2025-09-05,South,paid_search,53,Female
8819-IMISP,2024-01-19,West,referral,49,Male
7802-EFKNY,2026-04-07,East,paid_search,58,Male
8311-UEUAB,2021-02-06,North,social,46,Female
5858-EAFCZ,2026-08-03,West,social,46,Male
8035-BUYVG,2023-04-20,South,organic,42,Male
1163-ONYEY,2023-04-01,Central,paid_search,50,Male
9787-XVQIU,2026-08-16,Central,paid_search,24,Male
8945-MUQUF,2022-06-09,North,partner,40,Male
5656-MJEFC,2023-02-17,West,referral,37,Male
6082-OQFBA,2024-10-12,South,partner,55,Male
8051-HJRLT,2026-07-23,West,organic,67,Female
8974-OVACP,2026-07-21,East,referral,45,Female
4010-YLMVT,2022-01-10,South,paid_search,28,Female
1379-FRVEB,2025-06-01,West,paid_search,54,Male
8612-GXIDD,2025-08-30,South,partner,53,Male
6288-CHQJB,2022-02-23,Central,organic,30,Female
8160-HOWOX,2026-01-23,Central,organic,54,Female
3023-GFLBR,2023-12-16,North,referral,40,Female
6648-INWPS,2025-05-08,West,partner,57,Male
4223-BKEOR,2024-11-18,Central,referral,49,Female
4079-VTGLK,2024-03-07,North,organic,72,Male
1763-WQFUK,2026-06-10,West,partner,29,Male
1391-UBDAR,2025-09-29,Central,paid_search,36,Male
8894-JVDCV,2021-07-12,South,partner,29,Female
2023-VQFDL,2025-03-14,East,paid_search,26,Male
1345-GKDZZ,2026-02-23,West,social,58,Male
2014-MKGMH,2022-11-13,South,paid_search,54,Female
5628-FCGYG,2024-11-20,South,social,38,Male
2560-WBWXF,2021-01-09,South,paid_search,29,Male
0248-IPDFW,2026-08-14,South,partner,28,Female
7978-DKUQH,2024-07-25,West,referral,55,Female
4335-UPJSI,2024-09-11,South,organic,34,Female
0524-IAVZO,2024-03-07,South,organic,22,Female
2737-YNGYW,2026-07-08,Central,referral,36,Female
1784-EZDKJ,2022-06-02,East,organic,38,Male
9297-FVVDH,2021-12-02,Central,partner,45,Female
8007-YYPWD,2025-06-12,West,organic,34,Female
7101-HRBLJ,2020-09-09,Central,referral,56,Female
5159-YFPKQ,2026-07-13,North,paid_search,45,Female
6635-CPNUN,2024-05-16,Central,organic,58,Male
4021-RQSNY,2024-03-29,Central,paid_search,78,Male
5453-YBTWV,2020-11-02,North,referral,46,Male
5039-LZRQT,2025-08-14,South,paid_search,35,Female
2931-VUVJN,2021-10-08,East,paid_search,66,Female
9061-TIHDA,2025-07-28,East,paid_search,76,Male
8699-ASUFO,2026-02-07,West,paid_search,78,Male
6418-PIQSP,2021-07-05,West,referral,56,Female
8220-OCUFY,2024-11-24,South,social,53,Female
3995-WFCSM,2026-06-28,West,referral,55,Female
1895-QTKDO,2026-07-27,Central,referral,30,Female
2038-OEQZH,2026-05-07,East,partner,48,Male
1178-PZGAB,2025-02-01,Central,referral,25,Female
7927-AUXBZ,2024-02-21,West,social,25,Female
2626-VEEWG,2021-01-20,Central,referral,58,Male
2878-RMWXY,2020-09-15,Central,paid_search,69,Male
1657-DYMBM,2022-03-23,North,referral,53,Male
7311-MQJCH,2026-03-22,Central,partner,37,Female
7375-WMVMT,2020-09-18,North,paid_search,73,Male
1136-XGEQU,2022-07-09,Central,paid_search,24,Female
2530-FMFXO,2022-01-01,Central,referral,46,Male
6844-DZKRF,2026-07-17,South,social,48,Male
4695-WJZUE,2026-07-15,North,paid_search,72,Female
7619-ODSGN,2024-08-31,East,referral,51,Male
5970-GHJAW,2022-11-10,South,partner,33,Male
8879-XUAHX,2020-10-10,East,partner,42,Male
3689-MOZGR,2024-04-09,North,organic,32,Female
4195-PNGZS,2020-12-03,North,paid_search,43,Male
5003-XZWWO,2020-10-12,East,social,27,Male
3988-RQIXO,2026-07-24,West,social,68,Female
7622-FWGEW,2021-12-27,South,partner,65,Male
6922-NCEDI,2021-12-24,South,organic,42,Male
2514-GINMM,2026-07-21,North,referral,38,Male
9891-NQDBD,2024-04-29,South,organic,45,Female
6131-IUNXN,2025-02-05,South,paid_search,40,Female
8548-AWOFC,2021-02-16,South,social,32,Male
9798-DRYDS,2025-04-01,South,paid_search,29,Female
8532-UEFWH,2022-05-05,South,organic,45,Male
6296-DDOOR,2025-02-03,West,partner,56,Female
7951-VRDVK,2023-09-16,South,partner,49,Female
5931-FLJJF,2026-01-18,West,partner,60,Male
4815-YOSUK,2020-08-23,West,social,56,Male
2659-VXMWZ,2021-01-26,West,partner,55,Male
0380-NEAVX,2023-11-11,East,partner,75,Male
3207-OYBWH,2021-11-19,Central,social,62,Male
4285-GYRQC,2026-02-10,South,paid_search,45,Female
7216-EWTRS,2026-08-10,Central,referral,64,Female
4365-MSDYN,2026-01-14,South,referral,32,Male
7036-TYDEC,2020-12-08,North,partner,53,Female
5802-ADBRC,2022-07-08,Central,referral,54,Female
8076-FEZKJ,2025-10-24,Central,referral,34,Male
5197-YPYBZ,2025-09-07,North,organic,39,Female
8337-MSSXB,2025-06-19,East,partner,29,Female
4312-GVYNH,2020-11-07,East,organic,28,Female
8495-LJDFO,2021-05-02,South,referral,69,Female
0839-JTCUD,2021-02-28,East,referral,35,Female
5494-WOZRZ,2020-09-22,West,partner,32,Female
1302-UHBDD,2024-12-25,East,referral,63,Male
2234-EOFPT,2020-08-21,East,organic,38,Male
8619-IJNDK,2020-09-18,Central,referral,45,Female
8378-LKJAF,2023-07-15,South,paid_search,34,Male
8182-BJDSI,2024-05-15,West,paid_search,41,Female
2528-HFYZX,2025-04-04,South,paid_search,68,Male
1153-GNOLC,2023-12-13,Central,organic,48,Male
3298-QEICA,2024-10-02,South,social,45,Female
0788-DXBFY,2021-10-30,Central,paid_search,57,Male
3597-YASZG,2020-11-08,West,referral,65,Female
3496-LFSZU,2026-05-16,South,social,53,Male
5242-UOWHD,2022-11-19,West,paid_search,34,Male
2482-CZGBB,2025-11-05,South,social,24,Male
6479-SZPLM,2023-08-23,South,referral,47,Male
8097-VBQTZ,2022-02-28,South,social,28,Male
4500-HKANN,2024-09-27,West,referral,28,Male
9917-KWRBE,2023-03-25,South,organic,58,Female
3420-ZDBMA,2026-04-10,East,social,64,Male
2212-LYASK,2024-06-11,East,social,42,Male
1393-IMKZG,2026-07-19,North,social,29,Female
8069-RHUXK,2021-01-26,South,organic,26,Female
3398-GCPMU,2020-09-08,South,social,64,Female
2908-WGAXL,2021-12-28,South,paid_search,22,Female
3378-AJRAO,2023-01-05,Central,social,39,Male
1013-QCWAM,2021-02-20,South,social,62,Female
0866-QLSIR,2023-11-02,East,organic,23,Female
6050-FFXES,2020-12-07,West,paid_search,34,Female
7181-BQYBV,2026-07-28,West,paid_search,32,Female
0362-RAOQO,2023-04-26,West,paid_search,43,Female
9554-DFKIC,2024-03-06,East,referral,58,Male
5527-ACHSO,2025-09-25,Central,referral,47,Female
0829-DDVLK,2025-06-10,Central,partner,55,Female
1399-UBQIU,2025-10-10,South,partner,29,Male
1813-JLKWR,2021-04-23,North,paid_search,29,Female
0336-PIKEI,2020-08-29,South,organic,70,Male
7322-OCWHC,2020-09-15,Central,partner,65,Male
9537-VHDTA,2026-07-28,Central,organic,53,Female
4957-TIALW,2025-06-08,West,organic,39,Female
2054-PJOCK,2021-09-08,West,partner,29,Female
9150-HEPMB,2022-01-04,South,paid_search,53,Male
9030-QGZNL,2026-01-03,East,organic,42,Female
6204-IEUXJ,2026-05-22,North,paid_search,51,Female
3126-WQMGH,2022-08-04,East,referral,38,Female
4529-CKBCL,2026-07-10,North,social,26,Female
2506-CLAKW,2026-02-23,North,social,47,Female
7176-WRTNX,2020-10-31,Central,partner,26,Male
1583-IHQZE,2025-09-16,Central,social,46,Male
5732-IKGQH,2022-04-30,West,referral,73,Male
9239-GZHZE,2020-09-01,West,referral,51,Female
7205-BAIAD,2023-05-01,South,social,54,Female
0151-ONTOV,2026-08-12,East,paid_search,37,Female
4140-MUHUG,2026-06-03,West,social,66,Female
0093-EXYQL,2023-04-29,East,social,66,Female
8064-RAVOH,2026-07-28,South,paid_search,25,Male
0219-QAERP,2024-02-26,South,partner,58,Male
0320-JDNQG,2024-09-17,Central,partner,43,Male
7180-PISOG,2026-08-02,South,partner,38,Male
9168-INPSZ,2023-01-04,Central,paid_search,64,Female
3571-RFHAR,2021-04-01,West,social,32,Male
0015-UOCOJ,2026-02-06,Central,referral,67,Female
5334-AFQJB,2020-09-07,East,organic,73,Male
2754-SDJRD,2025-12-27,South,organic,75,Female
9578-VRMNM,2025-05-08,North,partner,37,Female
1587-FKLZB,2021-02-23,East,referral,66,Male
6140-QNRQQ,2026-07-26,South,organic,28,Male
8963-JLGJT,2026-05-20,North,referral,25,Male
4307-KTUMW,2022-04-14,Central,referral,38,Male
1465-LNTLJ,2026-01-06,Central,organic,78,Male
5440-FLBQG,2020-11-23,South,paid_search,76,Male
2135-DQWAQ,2026-04-05,West,referral,37,Female
4056-QHXHZ,2020-08-28,East,partner,45,Female
7470-MCQTK,2025-07-26,East,partner,52,Female
7488-MXJIV,2026-04-22,West,organic,56,Female
7401-JIXNM,2022-03-12,East,partner,34,Female
9339-FIIJL,2020-09-09,Central,social,36,Male
2027-FECZV,2025-09-02,North,organic,54,Male
2672-DZUOY,2026-08-02,West,social,47,Male
4706-DGAHW,2026-07-21,Central,organic,63,Male
3870-MQAMG,2022-03-17,Central,partner,47,Female
6670-MFRPK,2020-12-09,North,paid_search,27,Male
6177-PEVRA,2022-08-20,North,partner,38,Female
4800-CZMPC,2022-08-29,West,social,33,Female
4813-HQMGZ,2025-12-27,Central,social,58,Female
7579-KKLOE,2020-10-09,Central,social,23,Male
7377-DMMRI,2026-06-30,Central,social,53,Male
8402-EIVQS,2021-02-04,North,paid_search,32,Male
4947-DSMXK,2023-10-27,East,referral,23,Male
7245-NIIWQ,2026-06-15,West,partner,46,Female
0002-ORFBO,2025-12-09,West,organic,47,Female
3324-OIRTO,2020-09-27,West,referral,27,Male
5414-OFQCB,2021-11-28,South,referral,23,Male
4967-WPNCF,2020-08-22,East,social,26,Male
8552-OBVRU,2022-08-23,East,organic,61,Female
8499-BRXTD,2025-03-18,Central,organic,26,Male
9154-QDGTH,2023-02-14,South,organic,48,Male
8197-BFWVU,2020-09-06,South,referral,24,Female
2577-GVSIL,2023-09-19,North,referral,51,Male
9367-OIUXP,2026-05-04,North,referral,54,Male
6770-UAYGJ,2022-07-22,Central,paid_search,48,Female
6463-HHXJR,2020-10-15,Central,paid_search,56,Female
7928-VJYAB,2025-09-19,South,referral,56,Male
1187-WILMM,2021-06-16,West,organic,23,Male
9776-OJUZI,2021-03-24,East,partner,60,Female
1306-RPWXZ,2022-07-22,Central,organic,50,Female
8949-JTMAY,2024-04-09,South,partner,34,Female
2774-LVQUS,2025-06-08,Central,referral,74,Female
3097-PYWXL,2026-05-01,South,social,50,Female
2266-SJNAT,2020-08-26,West,partner,58,Female
0869-PAPRP,2024-07-14,South,referral,63,Female
4238-JSSWH,2023-10-10,West,partner,60,Female
2972-YDYUW,2021-11-24,South,organic,22,Female
1104-FEJAM,2024-04-23,Central,organic,32,Male
2809-ILCYT,2024-08-12,West,referral,32,Female
5499-ECUTN,2022-09-21,South,social,38,Female
4981-FLTMF,2021-11-20,Central,social,37,Female
9121-PHQSR,2025-04-21,West,paid_search,71,Male
3113-IWHLC,2026-04-10,East,paid_search,50,Male
3211-ILJTT,2025-03-28,North,social,48,Male
4612-THJBS,2022-01-12,Central,referral,76,Female
4277-BWBML,2020-09-11,West,organic,39,Male
4094-NSEDU,2024-12-14,West,paid_search,61,Female
0234-TEVTT,2022-09-02,Central,social,31,Female
4304-TSPVK,2020-12-26,West,social,37,Female
1552-AAGRX,2024-03-12,South,social,48,Female
2637-FKFSY,2026-06-12,South,organic,51,Female
9796-MVYXX,2025-07-09,North,social,71,Female
7874-ECPQJ,2026-05-13,North,organic,37,Female
0020-INWCK,2020-09-22,West,social,36,Female
7089-RKVSZ,2026-01-11,Central,social,36,Male
2683-JXWQQ,2021-08-09,North,paid_search,46,Male
9548-ZMVTX,2020-09-07,East,organic,37,Male
8739-XNIKG,2026-04-11,North,partner,36,Female
9755-JHNMN,2022-07-20,East,organic,28,Female
3981-QSVQI,2026-01-10,West,referral,39,Male
2789-HQBOU,2026-06-03,Central,paid_search,30,Male
9424-CMPOG,2025-12-01,Central,referral,41,Male
5067-WJEUN,2021-02-08,South,social,54,Male
3450-WXOAT,2022-11-02,Central,social,50,Male
9251-WNSOD,2021-02-10,West,referral,39,Female
6974-DAFLI,2022-02-01,South,paid_search,58,Female
2616-UUTFK,2023-12-17,South,social,58,Male
7064-JHXCE,2021-07-04,North,referral,38,Male
5103-MHMHY,2026-08-07,Central,organic,50,Female
7989-AWGEH,2022-08-07,South,social,34,Male
4373-VVHQL,2026-08-14,South,social,54,Male
4559-UWIHT,2025-06-18,East,paid_search,35,Male
7268-IGMFD,2025-03-18,North,organic,61,Male
1846-XWOQN,2026-08-13,Central,organic,66,Female
0235-KGSLC,2026-08-14,West,referral,53,Female
6650-BWFRT,2020-08-18,North,paid_search,32,Female
9570-KYEUA,2021-05-08,North,partner,52,Male
6993-YGFJV,2020-12-04,North,partner,25,Male
2712-SYWAY,2026-07-26,Central,organic,40,Female
0730-BGQGF,2020-10-15,East,social,37,Male
5498-IBWPI,2021-03-15,West,organic,38,Female
9101-NTIXF,2026-07-13,North,organic,28,Male
0013-SMEOE,2020-09-26,South,partner,79,Female
9314-QDMDW,2025-09-18,East,partner,34,Male
9308-ANMVE,2022-09-29,South,social,39,Male
2884-GBPFB,2023-09-21,West,referral,51,Female
3757-NJYBX,2023-12-21,Central,referral,73,Male
3413-DHLPB,2021-09-08,South,partner,31,Male
7649-PHJVR,2025-10-12,West,partner,31,Male
6114-TCFID,2024-04-13,Central,partner,44,Female
3787-TRIAL,2024-11-23,Central,paid_search,38,Male
2573-GYRUU,2022-08-27,North,social,63,Male
5156-UMKOW,2026-05-23,North,paid_search,38,Female
1247-QBVSH,2023-02-01,Central,paid_search,42,Female
6734-GMPVK,2026-03-19,Central,paid_search,24,Male
9822-OAOVB,2026-07-22,South,paid_search,29,Female
6161-ERDGD,2020-09-22,East,paid_search,53,Male
1226-JZNKR,2025-12-23,East,referral,34,Female
7318-EIVKO,2026-01-13,West,partner,37,Male
3771-PZOBW,2024-12-25,West,referral,43,Male
5136-KCKGI,2023-11-19,South,social,24,Female
8231-BSWXX,2020-10-08,Central,referral,40,Male
6486-LHTMA,2024-01-23,North,referral,73,Female
4083-BFNYK,2023-07-08,North,organic,78,Female
3722-WPXTK,2026-08-11,Central,social,37,Male
7389-KBFIT,2026-06-27,North,organic,38,Female
7176-WIONM,2025-09-12,Central,organic,28,Female
5141-ZUVBH,2025-12-03,South,social,42,Female
1089-HDMKP,2025-09-19,South,referral,71,Male
7623-HKYRK,2026-03-14,North,organic,31,Male
0310-SUCIN,2020-10-12,Central,referral,57,Female
5197-PYEPU,2023-02-18,South,referral,44,Female
2929-ERCFZ,2025-12-24,North,organic,50,Female
7548-SEPYI,2026-04-04,East,partner,24,Female
8835-VSDSE,2026-07-06,North,partner,50,Female
6619-RPLQZ,2022-11-19,West,organic,34,Female
3275-RHRNE,2024-04-26,North,partner,48,Male
3503-TYDAY,2023-01-20,East,paid_search,51,Female
6901-GOGZG,2021-09-14,South,partner,31,Male
1623-NLDOT,2023-03-03,North,paid_search,31,Female
7021-XSNYE,2026-01-25,North,paid_search,24,Male
9621-OUPYD,2024-08-15,East,referral,44,Female
9898-KZQDZ,2023-05-03,South,referral,69,Female
8982-NHAVY,2024-06-16,North,paid_search,37,Male
4307-KWMXE,2025-10-20,North,social,27,Male
0141-YEAYS,2024-05-28,Central,partner,65,Female
2450-ZKEED,2025-10-12,West,referral,36,Female
3694-DELSO,2026-05-03,West,paid_search,55,Male
3893-JRNFS,2021-01-13,Central,referral,26,Male
9603-OAIHC,2026-07-24,North,organic,62,Male
1133-KXCGE,2025-03-13,West,social,45,Female
5236-PERKL,2021-11-28,West,organic,30,Female
0142-GVYSN,2024-07-15,South,partner,54,Male
1049-FYSYG,2025-04-13,East,paid_search,55,Female
7854-FOKSF,2026-07-19,West,partner,36,Male
2519-FAKOD,2023-07-07,West,paid_search,49,Male
8406-LNMHF,2021-10-14,South,organic,65,Male
1821-BUCWY,2024-02-26,West,social,47,Male
8263-JQAIK,2026-07-12,West,partner,70,Male
0023-UYUPN,2022-06-30,North,organic,63,Female
8314-DPQHL,2025-11-23,East,organic,34,Male
1465-WCZVT,2026-05-28,East,referral,26,Female
9481-SFCQY,2025-07-10,South,social,32,Female
6360-SVNWV,2024-02-09,North,referral,72,Female
0567-GGCAC,2026-02-09,North,organic,43,Female
7089-IVVAZ,2025-12-29,West,partner,29,Female
8884-MRNSU,2025-03-28,Central,referral,22,Male
2171-UDMFD,2024-01-01,East,partner,30,Male
9050-IKDZA,2026-07-07,Central,paid_search,60,Female
2205-YMZZJ,2026-02-14,Central,organic,60,Male
9802-CAQUT,2020-08-22,West,organic,35,Female
1254-IZEYF,2024-01-28,East,partner,71,Female
0187-WZNAB,2024-05-29,Central,partner,42,Female
9492-TOKRI,2025-03-15,West,paid_search,24,Female
1475-VWVDO,2026-02-07,Central,organic,30,Male
9221-OTIVJ,2025-07-08,Central,partner,75,Female
1357-MVDOZ,2025-09-30,North,organic,41,Male
7602-MVRMB,2020-08-24,West,organic,38,Female
3325-FUYCG,2024-04-22,West,referral,43,Male
5908-QMGOE,2025-06-02,Central,partner,61,Male
1197-BVMVG,2026-05-08,South,social,69,Female
5406-KGRMX,2020-10-04,Central,partner,54,Female
8481-YYXWG,2026-03-26,East,social,55,Female
5968-HYJRZ,2022-10-08,South,partner,26,Male
5198-EFNBM,2021-12-04,North,social,78,Male
7516-GMHUV,2022-06-24,South,organic,69,Male
7140-ADSMJ,2025-12-31,Central,organic,31,Male
2230-XTUWL,2022-09-02,West,partner,41,Female
7706-YLMQA,2020-10-25,West,social,23,Female
2585-KTFRE,2026-08-09,Central,partner,35,Male
7994-UYIVZ,2026-01-15,South,paid_search,29,Male
2609-IAICY,2026-07-25,West,referral,39,Female
1740-CSDJP,2026-08-04,South,organic,52,Male
7717-BICXI,2021-09-07,Central,paid_search,56,Male
6559-RAKOZ,2022-08-15,East,partner,29,Male
2636-OHFMN,2026-04-21,Central,organic,42,Male
4716-MRVEN,2024-03-27,West,referral,39,Female
2143-LJULT,2021-02-07,West,paid_search,37,Female
1323-OOEPC,2022-03-30,Central,referral,45,Female
3200-MNQTF,2021-02-02,West,partner,58,Male
6164-HXUGH,2026-03-09,South,social,36,Female
5630-IXDXV,2022-10-08,East,referral,24,Female
0320-DWVTU,2022-04-15,East,social,55,Female
9135-MGVPY,2020-11-17,North,partner,56,Male
1212-GLHMD,2026-05-21,East,social,33,Male
7878-JGDKK,2026-04-22,East,partner,40,Male
1088-AUUZZ,2022-01-07,South,referral,53,Male
0397-GZBBC,2021-09-18,North,partner,73,Male
6614-YWYSC,2021-08-09,East,paid_search,77,Male
9588-OZDMQ,2026-06-24,East,partner,56,Female
7641-EUYET,2022-11-13,North,partner,66,Male
6476-EPYZR,2025-09-07,West,partner,40,Male
9921-ZVRHG,2025-06-30,North,organic,27,Female
1174-FGIFN,2024-04-18,North,referral,38,Female
6620-HVDUJ,2024-09-09,East,partner,47,Male
4701-MLJPN,2024-02-04,South,organic,32,Male
1032-MAELW,2020-12-22,Central,partner,41,Female
7641-TQFHN,2023-06-03,North,social,46,Male
1552-TKMXS,2023-02-26,South,referral,25,Female
9206-GVPEQ,2025-08-05,West,social,43,Male
8622-ZLFKO,2026-03-18,South,social,49,Female
1596-BBVTG,2023-10-09,Central,referral,29,Male
6188-UXBBR,2023-07-02,West,social,42,Female
2333-KWEWW,2025-03-18,Central,social,48,Male
5702-SKUOB,2026-05-12,Central,organic,23,Female
1134-YWTYF,2024-05-20,North,social,45,Male
6061-GWWAV,2023-04-17,East,organic,31,Male
0679-TDGAK,2022-07-10,West,referral,36,Male
6585-WCEWR,2020-08-29,North,social,45,Male
9067-YGSCA,2020-10-31,East,partner,22,Female
9067-SQTNS,2023-01-10,West,paid_search,22,Male
8433-WXGNA,2026-07-17,West,partner,38,Male
1776-SPBWV,2023-10-22,East,paid_search,57,Female
8735-SDUFN,2020-08-31,Central,paid_search,69,Female
9668-PUGNU,2020-09-29,West,social,51,Male
9405-GPBBG,2021-05-16,North,organic,24,Female
1926-QUZNN,2020-09-10,South,social,40,Female
3707-GNWHM,2026-08-15,Central,referral,37,Male
7016-NVRIC,2024-03-19,North,organic,77,Male
5829-NVSQN,2024-09-23,North,partner,25,Female
9565-AXSMR,2022-05-02,South,organic,49,Male
8922-LIEGH,2024-07-27,Central,paid_search,62,Female
8869-LIHMK,2021-05-13,West,paid_search,50,Female
8245-UMPYT,2025-04-18,North,partner,73,Female
5186-SAMNZ,2026-08-02,South,paid_search,70,Male
0447-RXSGD,2024-09-01,Central,partner,33,Male
4927-WWOOZ,2026-06-20,South,organic,46,Male
5788-YPOEG,2023-11-15,East,partner,58,Female
5373-SFODM,2023-09-05,East,partner,60,Male
0661-KBKPA,2022-04-15,West,paid_search,55,Male
9081-WWXKP,2022-10-05,West,social,30,Female
0784-ZQJZX,2020-09-08,Central,referral,43,Male
3133-PZNSR,2020-09-03,North,partner,36,Male
5766-ZJYBB,2026-07-27,East,organic,57,Male
8931-GJJIQ,2025-12-09,West,social,57,Female
4277-PVRAN,2026-01-15,East,paid_search,54,Female
0022-TCJCI,2022-12-13,West,partner,71,Male
0722-SVSFK,2026-01-25,West,organic,33,Female
3612-YVGSJ,2020-09-29,South,organic,48,Female
9825-YCXWZ,2023-03-19,North,organic,78,Female
5397-NSKQG,2021-01-20,Central,social,34,Male
8565-HBFNN,2020-12-12,Central,paid_search,27,Male
2000-DHJUY,2020-10-25,Central,social,79,Female
0203-HHYIJ,2024-08-14,South,referral,47,Male
8670-ERCJH,2020-09-14,South,organic,38,Male
7758-UJWYS,2023-10-25,South,referral,40,Male
2050-ONYDQ,2021-04-05,North,referral,52,Female
7055-JCGNI,2020-10-18,North,paid_search,22,Female
0739-UUAJR,2020-09-16,South,partner,49,Female
4826-DXMUP,2023-10-02,Central,social,32,Male
0952-KMEEH,2025-08-08,South,social,56,Male
7285-KLOTR,2025-08-18,East,referral,57,Female
0654-PQKDW,2021-06-27,East,social,40,Female
7175-NTIXE,2024-07-24,South,social,33,Female
7963-SHNDT,2022-05-10,Central,organic,30,Female
9796-BPKIW,2025-12-21,North,partner,69,Male
0188-GWFLE,2026-06-23,Central,partner,58,Male
8129-GMVGI,2021-12-24,West,organic,28,Female
2882-DDZPG,2025-09-02,South,partner,38,Female
3547-LQRIK,2022-09-20,West,social,39,Female
9137-NOQKA,2026-06-28,East,paid_search,63,Male
5843-TTHGI,2025-03-17,Central,social,53,Female
1849-RJYIG,2025-12-21,North,social,42,Female
8868-GAGIO,2022-12-17,North,partner,50,Male
4061-UKJWL,2026-05-28,East,partner,42,Male
5380-XPJNZ,2023-07-11,Central,referral,38,Female
8263-QMNTJ,2020-08-21,North,referral,27,Male
8178-EYZUO,2022-10-26,West,referral,29,Male
3230-JCNZS,2020-09-22,Central,referral,37,Female
0277-ORXQS,2021-02-25,East,referral,23,Male
5130-IEKQT,2024-07-30,Central,social,68,Male
3230-WYKIR,2025-02-21,West,partner,39,Male
7996-BPXHY,2025-08-09,South,paid_search,39,Female
3227-WLKLI,2021-04-02,Central,referral,52,Female
0407-BDJKB,2021-09-08,West,paid_search,57,Male
2266-FUBDZ,2025-06-14,North,organic,48,Male
8237-ULIXL,2020-08-21,East,paid_search,24,Female
9600-UDOPK,2024-03-03,West,organic,37,Male
8216-AZUUZ,2023-03-17,Central,social,49,Female
9153-BTBVV,2020-09-22,West,organic,44,Female
4074-SJFFA,2026-07-20,East,paid_search,38,Female
3269-ATYWD,2023-05-29,South,paid_search,75,Male
5186-PEIZU,2023-10-08,North,paid_search,37,Female
1074-AMIOH,2022-03-23,North,paid_search,43,Female
4910-GMJOT,2026-07-26,West,partner,28,Female
0354-WYROK,2024-02-08,Central,social,79,Female
4361-FEBGN,2022-09-07,North,organic,29,Male
7748-UMTRK,2024-02-17,West,paid_search,67,Female
0380-ZCSBI,2025-10-19,East,referral,53,Male
7145-FEJWU,2025-08-27,North,paid_search,40,Female
6463-MVYRY,2021-12-15,South,partner,73,Female
3969-JQABI,2021-11-10,South,paid_search,56,Female
9624-EGDEQ,2023-08-07,West,referral,46,Female
1051-EQPZR,2022-12-31,South,referral,37,Female
5849-ASHZJ,2024-05-22,Central,paid_search,23,Male
5780-INQIK,2025-12-22,South,partner,22,Female
7576-OYWBN,2026-06-09,North,partner,66,Male
4526-ZJJTM,2024-08-13,North,referral,61,Female
8384-FZBJK,2021-12-08,East,referral,48,Female
3750-RNQKR,2025-09-09,East,social,40,Female
0962-CQPWQ,2021-06-21,West,social,58,Female
3096-YXENJ,2021-04-17,East,social,42,Female
1265-BCFEO,2020-09-22,North,organic,55,Female
5837-LXSDN,2024-11-27,South,social,42,Female
5945-AZYHT,2020-10-13,East,social,35,Male
8325-QRPZR,2026-01-26,South,social,48,Female
6384-VMJHP,2020-08-30,West,partner,38,Female
2262-SLNVK,2026-08-17,Central,paid_search,32,Female
7730-CLDSV,2020-09-10,South,partner,39,Female
1135-HIORI,2021-05-07,East,referral,46,Female
0164-APGRB,2020-09-10,Central,social,35,Female
6481-ESCNL,2024-03-31,South,paid_search,48,Female
1790-NESIO,2025-07-30,East,partner,58,Female
1550-EENBN,2024-02-11,South,partner,37,Female
5539-TMZLF,2026-08-14,West,social,65,Male
4323-SADQS,2026-01-27,West,organic,36,Male
4446-BZKHU,2021-08-03,North,social,53,Male
5202-IVJNU,2023-06-10,North,paid_search,28,Female
5976-JCJRH,2025-11-09,North,social,58,Male
8198-RKSZG,2025-07-16,North,organic,37,Female
0137-OCGAB,2026-07-23,North,paid_search,53,Female
3351-NQLDI,2021-01-21,West,partner,51,Female
9297-EONCV,2020-08-31,Central,referral,50,Female
7593-JNWRU,2026-03-08,East,partner,55,Male
4588-YBNIB,2026-08-11,Central,referral,28,Female
1069-QJOEE,2024-08-07,West,organic,43,Male
3336-JORSO,2023-11-20,Central,partner,78,Female
7799-DSEWS,2025-03-16,West,referral,33,Male
8766-PAFNE,2020-09-22,North,referral,23,Male
5315-CKEQK,2024-05-08,East,paid_search,62,Male
3130-ICDUP,2026-07-11,East,social,44,Female
0820-FNRNX,2025-03-24,West,partner,49,Male
0880-FVFWF,2021-12-19,West,organic,28,Male
4611-ANLQC,2021-08-18,North,organic,34,Female
4213-HKBJO,2023-12-09,West,organic,47,Female
2792-LSHWX,2026-07-31,Central,organic,52,Female
5028-GZLDO,2026-07-10,North,partner,54,Male
0014-BMAQU,2021-06-12,East,partner,24,Male
6861-XWTWQ,2026-02-04,Central,referral,73,Male
9018-PCIOK,2022-02-14,North,referral,22,Female
4837-QUSFT,2021-04-13,North,social,52,Female
6877-TJMBR,2026-07-31,Central,social,26,Male
9953-ZMKSM,2021-05-28,North,referral,52,Male
0907-HQNTS,2020-11-08,West,referral,66,Female
7665-NKLAV,2023-09-01,Central,referral,22,Female
6769-DCQLI,2022-04-26,East,social,54,Male
2433-KMEAS,2024-10-21,East,partner,38,Male
4391-LNRXK,2024-10-30,East,paid_search,37,Male
8250-ZNGGW,2026-04-10,South,social,69,Female
2195-ZRVAX,2022-09-26,South,paid_search,32,Female
3550-SAHFP,2023-12-12,East,partner,47,Female
2011-TRQYE,2025-03-14,Central,social,37,Male
8562-GHPPI,2026-08-07,Central,social,32,Female
5893-PYOLZ,2022-01-07,Central,organic,36,Male
4986-MXSFP,2026-07-14,North,paid_search,22,Female
6131-FOYAS,2023-10-16,South,partner,33,Male
3027-YNWZU,2021-04-19,West,organic,43,Female
5609-IMCGG,2025-05-28,East,organic,27,Female
4873-ILOLJ,2024-08-26,South,paid_search,26,Male
4727-MCYZG,2026-08-16,South,referral,46,Male
9481-WHGWY,2020-10-24,North,organic,37,Female
2725-KXXWT,2026-08-07,South,organic,27,Male
9565-DJPIB,2026-04-26,East,paid_search,49,Female
4328-VUFWD,2023-06-03,East,referral,50,Female
3301-LSLWQ,2024-04-10,East,referral,23,Female
7473-ZBDSN,2025-07-10,South,partner,29,Female
3166-PNEOF,2021-08-13,South,social,35,Female
5639-NTUPK,2025-07-24,Central,organic,49,Male
8780-YRMTT,2021-03-05,East,partner,24,Female
8348-HFYIV,2026-06-25,South,organic,51,Male
5140-FOMCQ,2021-09-23,West,paid_search,33,Female
6242-SGYTS,2021-07-12,East,paid_search,26,Male
8166-ORCHU,2023-12-08,East,partner,70,Male
8414-OOEEL,2021-03-14,South,paid_search,25,Male
8454-AATJP,2020-09-16,West,social,26,Female
6849-WLEYG,2026-07-19,North,paid_search,57,Male
4659-NZRUF,2025-01-27,Central,social,41,Female
4531-AUZNK,2022-06-04,East,social,39,Female
4191-XOVOM,2021-06-11,East,referral,47,Male
2150-OEGBV,2024-05-31,South,organic,45,Male
8429-XIBUM,2024-10-31,East,partner,44,Male
1855-CFULU,2026-05-12,West,referral,78,Female
4878-BUNFV,2023-03-18,East,paid_search,42,Male
1872-EBWSC,2024-04-03,North,referral,32,Female
2608-BHKFN,2026-05-03,East,paid_search,51,Female
7026-YMSBE,2024-02-23,South,paid_search,40,Male
7341-LXCAF,2026-05-07,North,social,26,Male
6997-UVGOX,2020-10-14,Central,paid_search,54,Male
9674-EHPPG,2022-10-21,South,referral,32,Male
9462-MJUAW,2026-05-06,East,partner,32,Male
8128-YVJRG,2026-01-25,North,paid_search,56,Female
5440-VHLUL,2020-12-15,South,partner,50,Male
5781-BKHOP,2020-09-15,South,social,53,Female
4283-FUTGF,2025-02-15,North,social,64,Male
5213-TWWJU,2024-04-24,Central,organic,55,Male
1569-TTNYJ,2026-04-10,South,referral,26,Male
8628-MFKAX,2020-08-24,East,organic,79,Female
2397-BRLOM,2025-12-19,East,partner,74,Male
7629-WIXZF,2026-01-27,East,paid_search,36,Female
5445-GLVOT,2024-10-18,East,social,30,Female
3976-HXHCE,2020-08-20,East,organic,29,Male
2466-NEJOJ,2025-12-26,North,social,38,Male
0254-KCJGT,2022-04-24,West,paid_search,55,Male
5472-CVMDX,2020-12-29,North,social,45,Female
6461-SZMCV,2020-10-10,East,organic,34,Female
8150-QUDFX,2026-07-15,South,paid_search,38,Male
9508-ILZDG,2023-11-06,East,paid_search,62,Female
2346-DJQTB,2023-10-03,North,social,31,Female
1697-LYYYX,2021-08-07,West,partner,41,Female
1942-OQFRW,2026-08-14,East,social,47,Male
4749-VFKVB,2026-08-02,North,referral,30,Female
9640-ZSLDC,2022-04-03,North,partner,43,Female
4231-LZUYM,2020-08-19,East,partner,48,Female
7598-UAASY,2026-06-20,West,partner,41,Male
7938-OUHIO,2026-05-30,East,social,32,Male
8510-AWCXC,2025-07-23,West,social,74,Female
6128-AQBMT,2023-04-08,West,referral,77,Male
3594-BDSOA,2024-08-18,Central,referral,30,Female
0431-APWVY,2024-04-19,Central,partner,43,Female
5133-VRSAB,2026-01-13,Central,partner,47,Male
5996-DAOQL,2026-07-27,West,social,33,Male
6838-YAUVY,2022-03-05,East,partner,36,Female
0484-JPBRU,2023-04-10,East,social,54,Male
7883-ROJOC,2025-02-03,West,partner,35,Female
0244-LGNFY,2020-08-20,North,social,44,Female
7274-CGTOD,2021-06-20,West,partner,27,Male
4295-YURET,2022-01-06,East,social,63,Female
3426-NIYYL,2025-06-04,East,organic,44,Male
8225-BTJAU,2025-11-01,Central,social,73,Male
4635-EJYPD,2023-12-25,West,paid_search,44,Male
1866-ZSLJM,2024-12-02,Central,partner,35,Male
4636-TVXVG,2021-07-06,Central,paid_search,34,Male
4236-UJPWO,2026-06-21,Central,referral,47,Female
9392-XBGTD,2024-06-06,South,partner,53,Male
3387-VATUS,2026-04-10,North,referral,26,Male
6402-SSEJG,2024-08-07,South,partner,53,Female
1143-NMNQJ,2026-07-09,West,organic,52,Female
1169-SAOCL,2022-08-01,Central,social,26,Male
1110-KYLGQ,2021-05-29,Central,referral,26,Female
9929-PLVPA,2026-05-14,West,partner,47,Female
3518-PZXZQ,2026-07-22,West,paid_search,53,Female
2371-JUNGC,2025-10-10,Central,referral,36,Male
7693-QPEFS,2022-05-15,West,referral,62,Male
0924-BJCRC,2021-08-27,North,organic,71,Female
5074-FBGHB,2021-05-11,East,referral,33,Male
2351-BKRZW,2023-01-25,South,partner,30,Female
4455-BFSPD,2021-07-20,West,social,58,Female
0415-MOSGF,2026-07-28,West,social,32,Female
1724-BQUHA,2026-03-25,South,paid_search,61,Male
3948-KXDUF,2021-03-03,South,partner,38,Male
2323-ARSVR,2021-02-05,North,organic,41,Male
0815-MFZGM,2023-02-28,South,social,31,Female
4826-XTSOH,2026-08-07,Central,social,68,Male
5480-XTFFL,2024-01-21,West,social,47,Female
8295-FHIVV,2026-02-01,Central,referral,29,Male
2495-INZWQ,2026-05-04,Central,paid_search,39,Male
9086-YJYXS,2023-10-28,Central,partner,24,Male
1179-INLAT,2026-06-12,North,partner,30,Male
7909-FIOIY,2025-01-30,South,paid_search,58,Female
4139-SUGLD,2024-01-25,North,referral,40,Male
6857-VWJDT,2026-07-25,North,partner,45,Female
6351-SCJKT,2026-06-11,South,referral,54,Male
5468-BPMMO,2022-11-15,South,paid_search,48,Male
5624-BQSSA,2026-08-12,North,paid_search,51,Female
0197-PNKNK,2020-11-22,Central,referral,48,Female
2439-QKJUL,2026-04-10,East,paid_search,40,Male
1194-SPVSP,2026-08-16,West,paid_search,45,Male
9534-NSXEM,2024-06-30,West,organic,32,Male
2408-WITXK,2025-10-21,Central,paid_search,68,Female
8929-KSWIH,2024-08-10,North,partner,28,Male
2250-IVBWA,2021-05-16,South,paid_search,54,Male
1810-MVMAI,2024-03-13,South,organic,54,Male
9506-UXUSK,2025-08-14,East,social,27,Male
1229-RCALF,2021-05-11,East,referral,48,Female
3572-UOLYZ,2022-11-11,West,referral,58,Female
1429-UYJSV,2025-08-28,East,referral,43,Female
5577-OTWWW,2025-06-11,South,referral,34,Female
6100-QQHEB,2025-04-01,East,referral,54,Male
6366-XIVKZ,2025-08-05,Central,partner,40,Female
3470-OBUET,2021-01-27,East,social,26,Female
2770-NSVDG,2024-08-28,East,social,31,Male
9375-MHRRS,2026-03-01,North,referral,47,Male
2634-HCZGT,2022-03-22,North,paid_search,66,Male
7503-QQRVF,2025-05-12,South,organic,70,Male
4860-YZGZM,2025-11-01,North,referral,51,Male
6599-GZWCM,2025-08-06,East,social,26,Female
2691-NZETQ,2025-12-02,Central,paid_search,30,Male
4404-HIBDJ,2024-08-12,East,social,39,Female
5533-NHFRF,2026-02-06,West,partner,78,Male
7037-MTYVW,2023-06-20,Central,partner,36,Male
4760-THGOT,2023-01-23,West,referral,55,Female
7295-JOMMD,2026-05-06,West,partner,56,Female
4016-BJKTZ,2024-08-13,West,organic,54,Female
6584-VQMYT,2024-05-29,South,organic,33,Male
9838-BFCQT,2020-09-07,East,organic,24,Male
2790-XUYMV,2020-10-07,South,partner,52,Male
0581-MDMPW,2024-09-14,West,referral,35,Female
5013-SBUIH,2022-07-09,East,paid_search,49,Female
1023-BQXZE,2021-12-10,Central,organic,26,Male
9163-GHAYE,2025-06-16,North,referral,46,Female
3904-UKFRE,2026-05-01,North,paid_search,43,Male
5353-WILCI,2024-04-18,West,organic,56,Female
0709-TVGUR,2025-12-14,West,organic,78,Female
0058-EVZWM,2022-02-14,West,partner,37,Female
6023-YEBUP,2026-06-14,South,partner,58,Male
7209-JCUDS,2025-10-31,North,paid_search,36,Male
7009-PCARS,2022-01-22,South,referral,46,Male
0519-DRGTI,2025-01-07,East,paid_search,27,Female
1017-FBQMM,2021-07-14,East,referral,48,Female
3001-CBHLQ,2024-01-14,Central,organic,79,Male
1985-MBRYP,2023-01-29,Central,social,43,Female
6158-DWPZT,2025-12-07,West,partner,54,Male
9372-TXXPS,2021-09-06,North,social,46,Female
3259-QMXUN,2021-11-09,North,paid_search,39,Male
1015-JPFYW,2026-01-20,East,social,29,Male
6645-MXQJT,2026-07-07,West,referral,34,Male
4360-QRAVE,2023-07-27,West,organic,63,Male
8433-WPJTV,2021-03-26,South,paid_search,70,Female
5804-JMYIO,2023-06-16,North,social,46,Female
3763-GCZHZ,2021-03-10,South,partner,39,Male
6484-LATFU,2020-12-21,West,partner,33,Male
7599-NTMDP,2021-06-21,Central,paid_search,48,Female
0772-GYEQQ,2026-06-05,Central,partner,35,Male
0536-ACXIP,2020-09-12,East,social,32,Female
0936-NQLJU,2023-04-09,North,organic,41,Female
4831-EOBFE,2024-03-20,Central,paid_search,50,Male
1575-KRZZE,2026-04-28,North,organic,53,Female
3251-YMVWZ,2022-04-15,South,organic,45,Male
4102-OQUPX,2026-07-27,Central,social,76,Male
9170-GYZJC,2023-04-13,East,paid_search,51,Female
4884-LEVMQ,2023-06-08,North,organic,31,Male
8857-CUPFQ,2021-06-03,East,organic,31,Male
7610-TVOPG,2025-06-07,North,social,39,Male
3638-DIMPH,2025-07-28,South,referral,45,Female
1845-ZLLIG,2026-08-13,Central,partner,45,Male
8559-WNQZS,2026-07-22,South,paid_search,27,Male
3999-QGRJH,2025-12-30,Central,partner,62,Male
1699-UOTXU,2021-09-07,East,social,35,Male
2454-RPBRZ,2025-08-19,West,partner,75,Female
0635-WKOLD,2023-05-04,West,referral,48,Male
5993-JSUWV,2021-03-05,East,paid_search,58,Female
4518-FZBSX,2023-03-18,North,paid_search,45,Male
5387-ASZNZ,2021-02-16,Central,referral,70,Female
6988-CJEYV,2022-07-23,East,referral,28,Male
2002-MZHWP,2026-08-12,West,organic,36,Female
3097-FQTVJ,2023-03-20,East,organic,53,Female
5465-BUBFA,2023-03-25,West,referral,36,Female
7299-GNVPL,2024-10-04,South,organic,23,Female
9743-DQKQW,2026-05-21,Central,referral,31,Male
1215-VFYVK,2026-05-02,South,paid_search,44,Female
9371-BITHB,2022-04-28,West,paid_search,45,Female
2265-CYWIV,2026-05-13,East,organic,69,Female
9093-FPDLG,2025-10-14,East,referral,56,Female
0541-FITGH,2026-07-03,North,organic,41,Female
6985-HAYWX,2024-07-08,South,partner,42,Female
7508-KBIMB,2024-08-18,North,social,51,Male
6838-HVLXG,2025-09-14,East,social,23,Female
2277-DJJDL,2021-08-25,West,partner,63,Male
1897-OKVMW,2021-04-29,East,social,39,Female
5485-ITNPC,2021-02-19,West,social,50,Male
0233-FTHAV,2021-08-18,South,partner,51,Female
4644-PIZRT,2025-03-22,South,paid_search,46,Male
8922-NPKBJ,2023-03-07,East,referral,46,Male
2740-TVLFN,2026-07-28,South,social,47,Male
7771-CFQRQ,2022-10-13,Central,partner,43,Female
9512-PHSMG,2025-11-02,Central,paid_search,30,Female
6963-EZQEE,2020-11-08,East,organic,68,Male
2452-KDRRH,2021-02-08,West,organic,63,Male
2004-OCQXK,2026-07-31,North,paid_search,44,Female
5027-QPKTE,2026-02-12,North,social,30,Male
4146-SVFUD,2026-07-31,South,referral,54,Male
1564-HJUVY,2026-05-06,South,organic,58,Male
3617-XLSGQ,2021-03-11,South,social,45,Female
7517-LDMPS,2025-08-31,East,referral,30,Female
7244-KXYZN,2024-08-25,West,paid_search,56,Female
5226-NOZFC,2024-06-29,East,social,30,Male
2672-HUYVI,2026-03-16,East,paid_search,38,Female
1400-WIVLL,2021-11-30,North,partner,53,Male
7508-MYBOG,2025-06-29,South,social,41,Male
8148-NLEGT,2023-02-26,Central,referral,30,Female
0148-DCDOS,2024-08-04,Central,partner,24,Male
8347-GDTMP,2021-05-15,North,paid_search,35,Female
9992-RRAMN,2024-11-13,North,social,46,Male
6746-WAUWT,2025-02-06,Central,organic,48,Male
0310-MVLET,2021-07-29,North,paid_search,30,Female
0428-IKYCP,2024-10-25,East,social,27,Male
4550-VBOFE,2020-10-27,Central,referral,79,Male
2187-PKZAY,2025-09-07,West,organic,27,Male
4003-OCTMP,2024-02-03,East,referral,24,Female
6652-YFFJO,2025-10-16,South,paid_search,39,Female
7225-IILWY,2020-12-24,West,referral,43,Male
5248-RPYWW,2020-09-06,West,paid_search,67,Female
7923-IYJWY,2021-01-31,Central,paid_search,63,Male
3170-GWYKC,2021-09-03,East,social,30,Female
5696-QURRL,2026-08-09,Central,organic,34,Male
7409-KIUTL,2026-08-12,West,partner,62,Female
9830-ECLEN,2021-10-19,North,organic,22,Male
1732-VHUBQ,2022-10-14,South,referral,62,Female
0495-RVCBF,2026-07-20,West,partner,22,Female
2668-TZSPS,2026-08-14,North,social,33,Male
7854-EDSSA,2024-11-14,West,paid_search,43,Male
8869-TORSS,2022-08-20,South,organic,23,Female
7446-SFAOA,2023-07-20,South,partner,44,Female
9522-ZSINC,2025-07-22,East,social,44,Male
8234-GSZYK,2023-01-24,Central,referral,43,Male
6505-OZNPG,2026-03-04,Central,organic,45,Female
6164-HAQTX,2020-10-13,East,referral,51,Male
0679-IDSTG,2026-07-31,North,paid_search,70,Female
7765-LWVVH,2020-09-01,Central,referral,28,Female
1658-TJVOA,2026-02-24,Central,organic,77,Female
0953-LGOVU,2025-09-15,West,paid_search,47,Male
2115-BFTIW,2024-08-14,West,social,54,Male
4692-NNQRU,2024-11-29,East,organic,55,Female
7742-MYPGI,2026-02-21,North,social,43,Female
0611-DFXKO,2024-12-20,North,referral,37,Male
7780-OTDSO,2025-03-01,North,referral,37,Male
9619-GSATL,2023-02-05,Central,social,24,Female
5622-UEJFI,2023-10-03,North,paid_search,39,Female
9747-DDZOS,2026-08-02,East,social,40,Female
0674-DGMAQ,2023-12-29,South,paid_search,69,Male
6203-HBZPA,2022-05-12,North,paid_search,50,Male
0484-FFVBJ,2024-01-05,Central,referral,52,Male
0301-FIDRB,2020-08-31,North,partner,33,Female
4139-JPIAM,2022-05-23,Central,paid_search,55,Male
2181-TIDSV,2020-12-23,West,partner,25,Male
2761-XECQW,2025-12-25,West,organic,76,Male
1936-CZAKF,2022-08-11,North,partner,50,Male
9453-PATOS,2020-09-04,Central,partner,30,Female
0564-JJHGS,2025-12-01,East,referral,46,Male
3348-CFRNX,2024-04-18,East,partner,33,Female
4402-FTBXC,2022-03-08,West,partner,51,Male
1428-GTBJJ,2025-09-20,South,social,27,Male
2931-XIQBR,2022-06-25,South,paid_search,31,Female
0106-UGRDO,2020-11-27,South,referral,33,Female
5542-TBBWB,2026-07-27,East,referral,29,Male
1930-QPBVZ,2020-12-24,West,paid_search,34,Male
2606-PKWJB,2023-04-28,South,social,44,Male
5322-ZSMZY,2024-01-27,South,referral,45,Male
8059-UDZFY,2023-12-06,Central,referral,73,Female
7740-BTPUX,2022-02-03,East,organic,63,Male
5220-AGAAX,2020-12-30,Central,referral,29,Male
0208-BPQEJ,2025-08-22,South,partner,56,Female
9435-JMLSX,2020-09-27,South,referral,31,Male
3352-ALMCK,2023-04-19,South,partner,25,Male
5312-IRCFR,2021-04-27,East,organic,38,Female
5294-IMHHT,2022-04-05,West,organic,22,Male
8802-UNOJF,2025-08-30,East,paid_search,63,Male
6313-GIDIT,2022-03-30,South,paid_search,74,Male
6176-YJWAS,2020-08-21,Central,social,31,Male
5310-NOOVA,2022-11-09,East,social,48,Male
4526-EXKKN,2023-05-11,South,referral,40,Male
5311-IHLEI,2025-09-10,North,referral,35,Male
3987-KQDDU,2025-12-16,East,paid_search,46,Male
3404-JNXAX,2022-05-28,West,referral,44,Female
5131-PONJI,2022-07-20,Central,partner,33,Male
2845-AFFTX,2023-03-30,South,partner,70,Male
3489-VSFRD,2022-01-15,North,social,55,Female
3345-JHUEO,2026-05-08,Central,referral,28,Male
5815-HGGHV,2024-12-20,East,paid_search,57,Male
5260-UMPWX,2024-07-16,North,organic,39,Female
2249-YPRNG,2024-12-29,North,partner,58,Female
7410-YTJIK,2026-02-02,East,social,35,Female
4626-GYCZP,2026-01-19,West,referral,42,Male
5649-RXQTV,2022-06-02,South,social,44,Male
2674-MIAHT,2026-05-02,South,paid_search,34,Female
2576-HXMPA,2026-07-27,West,organic,30,Female
7587-AOVVU,2024-05-24,Central,partner,41,Male
5590-BYNII,2024-11-01,East,organic,46,Male
6898-MDLZW,2025-08-26,East,organic,31,Male
3237-AJGEH,2026-05-24,South,partner,50,Female
4707-YNOQA,2023-11-02,North,referral,45,Female
9357-UJRUN,2024-08-26,North,partner,28,Male
1591-NFNLQ,2022-06-07,Central,partner,56,Male
8648-PFRMP,2025-07-07,North,paid_search,64,Female
7663-CUXZB,2021-10-17,Central,partner,46,Male
0258-NOKBL,2026-05-28,South,referral,38,Male
1163-VIPRI,2021-04-10,West,referral,46,Female
2815-CPTUL,2026-03-24,Central,partner,72,Male
9348-ROUAI,2021-09-19,West,paid_search,47,Female
9443-JUBUO,2020-08-21,West,referral,46,Male
0596-BQCEQ,2021-07-09,South,referral,53,Female
1481-ZUWZA,2024-04-28,East,organic,47,Male
3043-TYBNO,2026-05-26,West,paid_search,52,Male
4830-FAXFM,2025-01-31,East,organic,36,Male
5906-BFOZT,2026-08-02,North,organic,29,Male
2960-NKRSO,2024-09-03,Central,referral,30,Male
8996-ZROXE,2021-12-07,North,social,69,Male
5598-IKHQQ,2020-08-30,Central,social,41,Female
0397-ZXWQF,2021-01-17,Central,partner,24,Male
5266-PFRQK,2022-05-12,North,referral,29,Male
4674-HGNUA,2020-10-15,West,paid_search,57,Male
6765-MBQNU,2024-07-16,West,paid_search,48,Female
9786-IJYDL,2023-09-30,South,partner,49,Female
1303-SRDOK,2022-02-07,Central,social,29,Female
3769-MHZNV,2023-12-04,North,social,24,Female
6295-OSINB,2020-08-19,South,paid_search,32,Male
3308-MHOOC,2026-08-15,Central,referral,53,Male
2309-OSFEU,2025-11-11,West,referral,40,Male
2207-QPJED,2023-08-11,North,organic,72,Female
4177-JPDFU,2025-09-03,North,organic,40,Male
2239-CFOUJ,2026-07-28,South,organic,40,Male
8046-DNVTL,2021-07-12,North,partner,44,Male
2209-XADXF,2026-08-14,North,paid_search,57,Female
6620-JDYNW,2025-03-16,East,partner,38,Female
1891-FZYSA,2020-11-22,North,paid_search,66,Male
4770-UEZOX,2026-07-18,South,partner,56,Male
1038-RQOST,2025-01-28,South,organic,35,Male
7613-LLQFO,2025-08-30,Central,paid_search,53,Male
4568-TTZRT,2025-12-14,Central,paid_search,41,Male
9513-DXHDA,2024-06-01,Central,referral,54,Male
2640-PMGFL,2024-06-09,South,referral,39,Male
3801-HMYNL,2026-08-02,East,organic,45,Male
0516-QREYC,2024-09-12,East,partner,67,Female
9685-WKZGT,2025-06-27,Central,social,71,Male
6022-UGGSO,2023-12-24,West,organic,68,Female
8084-OIVBS,2025-10-17,Central,organic,44,Female
8896-BQTTI,2026-08-02,East,social,51,Male
3865-QBWSJ,2023-06-29,Central,partner,67,Male
3352-RICWQ,2025-12-17,West,social,37,Female
2160-GPFXD,2022-02-25,West,partner,33,Male
2065-MMKGR,2024-04-01,West,partner,49,Female
5857-TYBCJ,2023-01-07,South,organic,69,Male
1498-NHTLT,2021-10-03,West,referral,41,Male
4484-CGXFK,2026-05-28,South,paid_search,22,Female
1402-PTHGN,2025-02-27,West,social,26,Female
4176-RELJR,2021-01-23,South,organic,71,Male
6214-EDAKZ,2024-11-15,West,organic,53,Female
5199-FPUSP,2023-11-24,East,referral,53,Male
6377-KSLXC,2026-04-16,West,social,24,Male
1796-JANOW,2026-06-29,South,social,23,Female
0238-WHBIQ,2020-09-06,West,referral,50,Male
8735-NBLWT,2025-12-16,Central,referral,41,Male
6651-RLGGM,2021-01-26,North,paid_search,33,Male
6127-ISGTU,2025-05-01,South,social,44,Female
1614-JBEBI,2025-12-28,West,organic,30,Female
8740-XLHDR,2026-04-06,Central,organic,29,Male
1208-DNHLN,2024-10-08,West,referral,35,Male
1761-AEZZR,2026-07-30,East,paid_search,55,Male
3923-CSIHK,2022-07-11,South,referral,65,Female
5696-EXCYS,2025-03-24,Central,social,29,Male
5795-KTGUD,2020-12-27,Central,paid_search,42,Female
7120-RFMVS,2026-07-19,Central,social,54,Male
7924-GJZFI,2024-08-16,South,paid_search,79,Female
4702-HDRKD,2021-01-29,East,paid_search,50,Male
8512-WIWYV,2023-12-31,South,organic,26,Male
5897-ZYEKH,2021-01-21,Central,partner,65,Female
5456-ITGIC,2020-09-04,Central,social,63,Male
7317-GGVPB,2020-09-18,North,social,27,Male
1406-PUQVY,2026-08-10,South,organic,28,Male
1322-AGOQM,2022-10-22,East,partner,33,Male
3677-IYRBF,2026-07-03,East,organic,70,Female
5692-FPTAH,2026-07-20,East,partner,36,Female
9114-AAFQH,2022-09-10,South,partner,37,Female
8715-KKTFG,2021-08-10,West,organic,31,Female
1550-LOAHA,2023-12-31,Central,organic,27,Female
1728-BQDMA,2026-07-02,Central,organic,58,Female
0268-QKIWO,2026-06-13,East,partner,44,Female
0876-WDUUZ,2026-03-29,Central,partner,30,Female
5117-ZSMHQ,2020-10-04,West,organic,51,Female
5151-HQRDG,2023-08-13,North,referral,52,Male
0960-HUWBM,2021-04-02,West,partner,57,Male
6465-GSRCL,2021-01-26,South,paid_search,27,Female
0617-FHSGK,2022-08-17,West,partner,45,Male
0263-FJTQO,2022-06-20,West,paid_search,58,Male
7319-ZNRTR,2024-07-29,Central,paid_search,51,Male
2858-MOFSQ,2025-04-10,Central,paid_search,30,Female
7503-EPSZW,2021-04-25,Central,paid_search,55,Female
7089-XXAYG,2024-07-22,East,referral,37,Male
8118-LSUEL,2024-09-18,East,paid_search,66,Male
8070-AAWZP,2024-08-24,East,paid_search,67,Male
1666-JXLKU,2023-08-11,Central,partner,50,Female
7855-DIWPO,2024-12-12,South,paid_search,26,Female
5133-POWUA,2026-08-11,East,partner,41,Male
5652-MSDEY,2025-10-21,West,organic,52,Female
7005-CCBKV,2026-03-09,North,organic,42,Male
1810-BOHSY,2022-06-08,West,social,32,Male
1784-BXEFA,2025-10-21,South,referral,24,Female
7351-MHQVU,2026-03-12,South,partner,42,Female
9224-VTYID,2022-10-05,West,partner,48,Male
9500-IWPXQ,2021-08-09,North,organic,42,Female
5762-TJXGK,2022-05-09,North,social,58,Female
4504-YOULA,2023-09-30,East,referral,44,Female
5569-IDSEY,2020-09-24,East,social,40,Male
4250-FDVOU,2026-03-11,North,referral,24,Female
7284-ZZLOH,2022-12-16,South,referral,42,Male
5277-ZLOOR,2026-06-29,South,partner,64,Female
2141-RRYGO,2026-05-02,East,organic,48,Female
1777-JYQPJ,2026-06-29,South,partner,27,Male
6376-GAHQE,2026-05-05,North,social,55,Male
3401-URHDA,2022-05-25,East,partner,33,Male
1599-EAHXY,2021-08-29,Central,organic,38,Male
8631-XVRZL,2025-11-25,East,partner,27,Male
5052-PNLOS,2026-05-27,South,organic,29,Male
3853-LYGAM,2025-04-03,East,organic,56,Male
6979-ZNSFF,2026-01-07,North,paid_search,32,Female
5751-USDBL,2022-10-30,South,paid_search,40,Male
5680-LQOGP,2020-12-28,East,organic,58,Female
2386-LAHRK,2026-07-31,East,organic,45,Male
8189-DUKMV,2026-05-03,East,partner,23,Female
6032-IGALN,2026-08-07,Central,referral,35,Female
9931-DCEZH,2024-05-13,West,organic,36,Male
1898-JSNDC,2023-06-05,North,referral,32,Female
0315-LVCRK,2025-09-21,East,partner,30,Male
3911-RSNHI,2020-09-25,East,partner,40,Female
2410-CIYFZ,2026-06-26,North,paid_search,35,Male
4248-HCETZ,2024-02-24,South,organic,63,Male
5505-OVWQW,2025-03-21,Central,social,37,Female
7271-AJDTL,2022-02-09,South,partner,34,Female
1867-TJHTS,2021-10-26,East,social,30,Female
0516-WJVXC,2026-04-15,South,paid_search,38,Female
9174-FKWZE,2026-08-10,North,organic,68,Female
6860-YRJZP,2025-12-17,South,paid_search,74,Male
4429-WYGFR,2024-07-05,West,paid_search,44,Male
2817-LVCPP,2022-07-13,Central,partner,58,Female
5038-ETMLM,2020-09-05,West,partner,44,Female
5056-FIMPT,2023-02-12,Central,organic,30,Female
4521-WFJAI,2022-01-15,West,referral,36,Male
6569-KTMDU,2026-08-03,West,paid_search,40,Female
8809-RIHDD,2020-09-04,East,partner,39,Male
8809-XKHMD,2020-09-04,North,paid_search,27,Male
0396-YCHWO,2023-09-07,East,referral,25,Male
0867-LDTTC,2026-04-05,Central,partner,34,Male
4822-NGOCH,2025-08-17,East,paid_search,55,Female
9391-DXGGG,2023-01-02,West,organic,72,Female
9844-FELAJ,2020-10-22,North,partner,72,Female
2122-SZZZD,2023-01-12,South,social,28,Male
5307-DZCVC,2024-01-12,South,referral,77,Female
3148-AOIQT,2020-11-23,South,social,43,Female
8679-JOEVF,2025-05-02,Central,organic,79,Female
8395-ETZKQ,2021-01-09,East,social,69,Male
6692-YQHXC,2025-04-24,West,social,35,Male
3889-VWBID,2021-01-07,West,paid_search,23,Male
5222-JCXZT,2026-04-30,East,organic,53,Male
9754-CLVZW,2024-07-01,Central,partner,56,Female
1432-FPAXX,2024-04-12,South,social,24,Female
2739-CCZMB,2026-03-26,North,organic,37,Male
7080-TNUWP,2020-10-29,West,partner,41,Male
0496-AHOOK,2024-09-10,West,social,51,Male
8336-TAVKX,2020-08-25,South,organic,69,Female
2468-SJFLM,2026-07-30,Central,referral,37,Male
3181-VTHOE,2020-10-22,North,organic,49,Male
7168-HDQHG,2023-08-24,South,organic,56,Female
4803-AXVYP,2023-07-09,North,referral,60,Female
3884-HCSWG,2025-03-20,North,paid_search,32,Female
4567-AKPIA,2023-04-16,West,organic,52,Female
5077-DXTCG,2026-08-07,West,social,37,Female
1142-WACZW,2026-06-30,West,paid_search,22,Male
7901-HXJVA,2025-07-01,Central,social,50,Male
5649-ANRML,2026-07-12,North,organic,68,Male
4892-VLANZ,2026-08-12,West,referral,34,Male
5924-IFQTT,2025-07-25,North,partner,38,Male
7968-QUXNS,2026-02-20,Central,referral,35,Male
2919-HBCJO,2026-04-28,West,referral,26,Female
4236-XPXAV,2026-04-02,West,partner,58,Female
8903-WMRNW,2025-05-25,East,organic,22,Female
2452-SNHFZ,2022-10-10,South,social,42,Female
3629-WEAAM,2025-12-18,West,partner,22,Female
6029-CSMJE,2025-04-14,Central,partner,47,Male
7993-NQLJE,2025-05-31,North,referral,55,Male
9909-DFRJA,2024-07-07,Central,paid_search,45,Female
9099-FTUHS,2024-09-19,West,referral,44,Female
0581-BXBUB,2026-05-11,North,partner,61,Female
4962-CHQPW,2024-03-29,Central,social,58,Male
9467-ROOLM,2024-08-12,North,social,53,Female
3030-YZADT,2025-12-12,West,organic,30,Male
7410-KTVFV,2025-03-06,North,organic,42,Male
5150-ITWWB,2026-05-25,North,social,77,Male
2253-KPMNB,2020-12-08,West,paid_search,32,Female
1345-ZUKID,2025-06-27,West,referral,46,Male
6429-SHBCB,2025-01-29,West,organic,22,Male
9281-OFDMF,2023-05-19,South,organic,66,Male
2603-HVKCG,2024-02-07,Central,referral,44,Male
1834-WULEG,2024-09-09,North,partner,49,Male
9097-ZUBYC,2025-06-20,Central,partner,52,Male
5148-ORICT,2021-05-08,South,social,30,Female
4893-GYUJU,2022-07-11,West,organic,38,Female
4578-PHJYZ,2022-04-24,Central,paid_search,53,Male
7272-QDCKA,2024-04-23,South,referral,28,Male
8908-SLFCJ,2024-12-15,East,referral,52,Female
8393-DLHGA,2024-07-22,Central,organic,32,Male
9766-HGEDE,2025-03-30,Central,referral,43,Female
6968-MHOMU,2021-11-08,South,social,40,Male
7395-IGJOS,2025-04-01,East,organic,71,Male
5044-XDPYX,2022-06-10,South,social,52,Female
1814-WFGVS,2020-09-11,East,referral,34,Male
2834-SPCJV,2022-05-15,South,referral,28,Male
3721-WKIIL,2024-06-13,North,partner,37,Female
6734-CKRSM,2026-05-31,Central,partner,44,Female
1265-ZFOSD,2021-04-23,West,partner,49,Female
6568-POCUI,2022-12-03,East,organic,49,Female
7890-VYYWG,2026-06-17,North,paid_search,61,Male
5197-LQXXH,2020-10-04,North,social,56,Female
9907-SWKKF,2026-07-26,East,organic,78,Female
3457-PQBYH,2021-10-22,West,partner,26,Female
7682-AZNDK,2023-10-27,South,referral,22,Male
0587-DMGBH,2026-01-05,West,organic,56,Female
5384-ZTTWP,2025-05-29,South,organic,28,Female
3745-HRPHI,2021-03-15,North,social,44,Male
7636-OWBPG,2025-09-04,East,organic,73,Male
1231-YNDEK,2021-10-31,North,organic,50,Male
1407-DIGZV,2026-06-17,North,organic,57,Female
6397-JNZZG,2023-02-16,North,partner,74,Female
0570-BFQHT,2025-11-23,South,social,37,Female
4393-OBCRR,2026-06-11,East,organic,40,Female
3523-QRQLL,2024-11-13,Central,partner,47,Female
8564-LDKFL,2023-05-01,South,partner,45,Male
3696-DFHHB,2021-01-08,North,paid_search,42,Female
0895-DQHEW,2022-02-17,North,organic,33,Male
4717-GHADL,2022-06-19,South,referral,25,Female
5501-TVMGM,2026-07-24,South,organic,37,Male
5879-HMFFH,2020-09-07,South,organic,31,Female
6772-WFQRD,2023-04-22,Central,referral,42,Male
3810-DVDQQ,2020-09-09,South,social,51,Female
6972-SNKKW,2026-03-11,West,social,42,Female
3694-GLTJM,2026-03-19,West,partner,43,Female
8550-XSXUQ,2022-08-27,North,paid_search,23,Male
8149-RSOUN,2026-08-15,South,paid_search,45,Female
9055-MOJJJ,2021-04-21,East,partner,38,Female
4359-INNWN,2025-04-13,East,organic,26,Female
0585-EGDDA,2023-04-28,North,referral,29,Male
4032-RMHCI,2023-04-04,West,partner,50,Female
0549-CYCQN,2022-06-17,South,social,71,Male
3481-JHUZH,2023-03-25,South,organic,40,Male
7250-EQKIY,2026-07-28,West,paid_search,58,Female
3594-IVHJZ,2026-06-22,Central,paid_search,28,Female
6869-FGJJC,2020-12-29,Central,referral,33,Male
3896-ZVNET,2024-08-25,Central,organic,56,Female
8205-VSLRB,2020-10-20,East,social,28,Male
5960-MVTUK,2026-05-19,North,social,46,Male
6817-WTYHE,2026-07-02,South,paid_search,30,Male
3082-VQXNH,2026-06-17,South,referral,34,Male
4013-UBXWQ,2026-02-05,South,referral,39,Female
4931-TRZWN,2025-07-30,South,organic,35,Female
0750-EKNGL,2026-02-12,North,social,54,Male
7669-LCRSD,2025-09-13,North,partner,57,Male
3567-PQTSO,2022-04-06,West,paid_search,40,Male
5519-NPHVG,2025-08-20,East,referral,41,Female
8043-PNYSD,2021-06-08,North,paid_search,24,Male
9938-EKRGF,2025-05-20,East,paid_search,30,Female
2703-AMTUL,2023-08-24,Central,paid_search,23,Male
0928-JMXNP,2026-05-09,East,organic,60,Male
8173-RXAYP,2024-09-10,South,social,30,Female
4825-XJGDM,2021-07-24,South,partner,34,Female
5402-HTOTQ,2025-04-25,South,social,53,Male
6734-JDTTV,2021-03-30,South,organic,48,Male
7850-THJMU,2024-06-18,Central,partner,44,Female
3890-RTCMS,2025-05-14,Central,referral,23,Male
8849-GYOKR,2022-03-07,South,partner,42,Female
3148-BLQJT,2026-07-30,Central,social,42,Male
3717-FDJFU,2026-04-15,Central,paid_search,33,Male
3665-JATSN,2025-01-17,North,organic,49,Female
7966-YOTQW,2025-10-30,East,organic,56,Male
0461-CVKMU,2024-10-07,West,referral,31,Female
8806-EAGWC,2026-06-10,East,organic,34,Male
8853-TZDGH,2020-09-16,East,organic,33,Female
7779-LGOVN,2025-10-30,East,organic,62,Male
4324-BZCKL,2025-10-18,West,paid_search,24,Female
6924-TDGMT,2025-10-16,South,organic,55,Male
9710-ZUSHQ,2023-08-05,East,referral,74,Female
1536-YHDOE,2025-03-29,South,partner,39,Male
8123-QBNAZ,2023-09-05,Central,paid_search,43,Female
3629-ZNKXA,2025-03-29,North,organic,64,Male
4827-LTQRJ,2021-02-24,North,referral,63,Female
7711-YIJWC,2021-07-20,North,organic,32,Male
5482-VXSXJ,2024-10-29,South,partner,23,Male
7365-BVCJH,2026-07-27,West,paid_search,46,Male
9620-ENEJV,2026-03-09,Central,referral,27,Female
4183-WCSEP,2024-02-12,East,paid_search,25,Male
2378-YIZKA,2021-01-14,North,paid_search,58,Female
5498-TXHLF,2023-11-14,South,organic,39,Female
0689-DSXGL,2022-04-24,North,referral,46,Female
6818-DJXAA,2025-11-15,East,organic,30,Female
9722-UJOJR,2024-04-03,West,partner,25,Male
0464-WJTKO,2020-08-29,North,paid_search,24,Female
8902-ZEOVF,2022-09-27,West,referral,35,Male
6778-EICRF,2024-09-15,South,referral,22,Male
2662-NNTDK,2021-03-23,West,partner,37,Male
4132-KALRO,2026-05-05,Central,partner,34,Female
3902-FOIGH,2025-09-16,West,referral,68,Male
6772-KSATR,2026-08-14,West,social,43,Male
7112-OPOTK,2023-11-22,West,paid_search,33,Male
2874-YXVVA,2023-10-20,North,partner,38,Female
1245-HARPS,2025-06-25,North,paid_search,24,Female
4210-QFJMF,2026-05-08,South,partner,33,Female
4323-ELYYB,2025-07-20,West,referral,58,Male
4293-ETKAP,2021-04-09,West,social,58,Female
6064-PUPMC,2024-10-09,West,paid_search,39,Male
6504-VBLFL,2022-01-24,South,referral,56,Male
6322-PJJDJ,2022-08-08,Central,organic,40,Male
0330-BGYZE,2021-09-01,East,partner,26,Male
1085-LDWAM,2020-11-27,South,organic,54,Female
7586-ZATGZ,2023-05-14,West,referral,37,Male
7197-VOJMM,2021-01-19,North,organic,44,Male
3318-OSATS,2023-10-13,East,paid_search,62,Male
5828-AVIPD,2025-01-17,West,referral,33,Male
1843-TLSGD,2025-08-09,West,paid_search,49,Female
9626-VFRGG,2023-04-05,South,paid_search,40,Female
7075-BNDVQ,2026-05-11,North,organic,35,Female
9143-CANJF,2024-08-31,North,partner,33,Female
7284-BUYEC,2026-04-17,North,partner,49,Female
2041-JIJCI,2026-04-12,Central,referral,31,Female
1086-LXKFY,2026-08-02,West,organic,26,Female
4900-MSOMT,2020-08-27,East,organic,54,Female
2229-VWQJH,2024-08-19,East,partner,34,Female
9194-GFVOI,2023-02-21,South,social,45,Female
1336-EZFZY,2026-04-21,North,social,48,Female
4282-MSACW,2020-12-24,North,referral,53,Male
1403-LKLIK,2023-11-24,West,referral,45,Female
2636-ALXXZ,2026-08-07,North,organic,65,Female
7774-OJSXI,2024-01-20,North,organic,52,Male
7786-WBJYI,2026-04-20,West,partner,56,Female
0136-IFMYD,2020-12-01,East,referral,62,Male
5144-TVGLP,2023-07-15,East,referral,65,Male
9643-AVVWI,2026-06-16,South,paid_search,28,Female
0253-ZTEOB,2022-09-02,North,paid_search,54,Female
2706-QZIHY,2025-05-29,East,social,23,Female
6061-PQHMK,2024-07-31,South,social,31,Female
9885-CSMWE,2026-07-22,East,partner,70,Female
6137-MFAJN,2022-08-31,North,paid_search,44,Female
9122-UMROB,2026-07-29,South,partner,22,Male
4232-JGKIY,2026-07-26,North,paid_search,22,Male
2402-TAIRZ,2023-07-22,East,referral,40,Female
9659-ZTWSM,2021-02-27,South,organic,76,Male
9139-TWBAS,2024-07-01,South,partner,41,Female
6685-GBWJZ,2021-06-15,East,organic,38,Male
5016-ETTFF,2025-10-28,East,partner,46,Male
3866-MDTUB,2026-07-13,South,partner,42,Female
2195-VVRJF,2025-03-07,West,organic,61,Male
3913-RDSJZ,2021-05-02,South,referral,43,Female
8058-JMEQO,2025-12-15,South,paid_search,75,Female
4203-QGNZA,2024-04-27,East,referral,31,Female
5043-TRZWM,2026-08-09,North,organic,46,Female
0697-ZMSWS,2026-05-03,East,partner,34,Male
7657-DYEPJ,2023-07-08,East,referral,63,Male
9494-BDNNC,2021-03-07,North,paid_search,26,Male
1640-PLFMP,2026-08-06,East,social,54,Female
5366-OBVMR,2025-03-17,North,partner,34,Female
8276-MQBYC,2022-06-12,West,partner,72,Male
7644-OMVMY,2026-08-24,North,organic,48,Male
7593-XFKDI,2026-08-14,North,referral,41,Male
4573-JKNAE,2025-09-02,South,partner,38,Male
0337-CNPZE,2023-04-13,West,social,55,Female
9817-APLHW,2025-08-31,West,partner,33,Male
8380-MQINP,2022-01-27,East,organic,43,Female
0840-DFEZH,2026-02-01,North,partner,49,Female
1513-XNPPH,2025-08-24,South,organic,44,Female
8690-ZVLCL,2021-01-09,West,paid_search,29,Female
6015-VVHHE,2026-04-01,North,social,70,Female
1125-SNVCK,2022-08-09,West,social,66,Female
0384-LPITE,2023-05-03,South,social,26,Male
4616-EWBNJ,2025-05-16,North,paid_search,28,Female
6347-DCUIK,2025-11-08,West,partner,46,Male
1335-HQMKX,2020-08-26,North,partner,26,Female
2545-EBUPK,2026-06-25,South,paid_search,72,Female
6923-AQONU,2024-10-08,North,social,26,Male
2172-EJXVF,2020-10-09,East,social,62,Female
0897-FEGMU,2025-10-09,North,organic,46,Female
7663-RGWBC,2026-08-09,North,partner,38,Male
1120-BMWUB,2025-04-18,East,referral,31,Female
9124-LHCJQ,2026-07-29,Central,partner,34,Female
4536-PLEQY,2025-09-05,North,referral,49,Male
7029-IJEJK,2022-03-05,East,paid_search,49,Female
8871-JLMHM,2021-01-01,Central,organic,29,Female
2235-ZGKPT,2026-05-02,South,referral,42,Female
3891-PUQOD,2026-08-06,East,social,58,Female
5447-VYTKW,2024-05-19,Central,social,31,Male
3623-FQBOX,2024-12-08,West,paid_search,47,Male
0689-NKYLF,2025-08-05,South,social,28,Male
8659-HDIYE,2021-05-17,West,paid_search,74,Female
3658-KIBGF,2026-08-03,West,referral,28,Female
3474-BAFSJ,2021-11-21,East,paid_search,33,Male
5519-YLDGW,2024-11-17,East,referral,38,Female
3865-ZFZIB,2025-02-01,Central,referral,35,Male
1855-AGAWH,2024-02-12,Central,partner,28,Male
7109-CQYUZ,2022-04-27,Central,referral,45,Male
1370-GGAWX,2022-10-28,West,referral,22,Female
4680-KUTAJ,2025-09-19,South,partner,62,Female
5307-UVGNB,2022-04-02,North,referral,23,Female
4946-EDSEW,2025-10-17,North,referral,34,Female
2883-ILGWO,2021-11-19,Central,organic,66,Male
2516-VQRRV,2026-06-28,South,social,70,Female
7580-UGXNC,2026-06-24,North,organic,73,Female
3642-BYHDO,2020-10-13,South,social,49,Female
9629-NHXFW,2026-08-04,North,partner,24,Female
2696-RZVZW,2021-01-03,East,social,55,Male
5766-FTRTS,2020-09-08,East,organic,38,Male
0396-HUJBP,2026-06-23,South,paid_search,54,Female
5178-LMXOP,2026-08-12,West,organic,76,Male
8879-ZKJOF,2023-04-15,East,referral,27,Female
6285-FTQBF,2020-09-09,Central,social,57,Male
8185-UPYBR,2026-02-17,West,partner,50,Male
4585-HETAI,2026-05-15,North,partner,55,Female
7526-BEZQB,2025-08-30,South,social,33,Male
1474-JUWSM,2021-11-11,West,organic,36,Female
3530-CRZSB,2026-02-04,East,partner,43,Female
8498-XXGWA,2021-04-01,West,paid_search,38,Female
9617-INGJY,2026-08-17,South,partner,30,Male
0621-TSSMU,2022-01-09,North,partner,35,Male
7234-KMNRQ,2026-05-01,West,partner,44,Male
7636-PEPNS,2021-11-16,West,referral,23,Female
4683-WYDOU,2021-07-03,West,partner,34,Male
9052-DHNKM,2024-06-29,East,referral,32,Male
6794-HKIAJ,2021-07-11,North,partner,24,Male
5578-NKCXI,2021-11-12,West,referral,26,Female
1642-HMARX,2021-01-02,West,paid_search,40,Female
3096-WPXBT,2021-07-27,West,paid_search,25,Female
8434-PNQZX,2023-03-18,North,paid_search,34,Female
5950-AAAGJ,2025-03-08,West,partner,42,Male
4299-OPXEJ,2021-12-18,West,social,54,Female
4951-UKAAQ,2026-05-08,Central,organic,25,Female
9618-LFJRU,2026-05-09,East,organic,38,Female
6693-DJWTY,2023-09-25,West,referral,25,Female
0744-GKNGE,2021-05-03,East,partner,37,Female
6447-EGDIV,2024-02-05,West,organic,39,Female
1167-OYZJF,2021-01-23,West,paid_search,72,Female
2108-YKQTY,2026-05-18,West,organic,38,Female
4806-DXQCE,2020-10-26,Central,organic,69,Female
4918-QLLIW,2026-06-06,North,organic,27,Male
7056-IMHCC,2022-03-22,West,partner,79,Male
4854-SSLTN,2026-06-27,West,social,22,Male
5294-DMSFH,2024-03-20,East,referral,35,Female
4837-PZTIC,2022-10-14,East,organic,29,Female
1625-JAIIY,2021-01-11,West,social,25,Female
0603-OLQDC,2025-08-20,East,paid_search,30,Male
3272-VUHPV,2026-01-05,East,organic,58,Female
4176-FXYBO,2022-02-22,Central,organic,51,Male
1063-DHQJF,2020-11-26,West,paid_search,22,Male
8663-UPDGF,2024-07-03,South,partner,55,Female
6719-FGEDO,2020-09-15,Central,paid_search,29,Female
1837-YQUCE,2020-11-14,South,referral,37,Female
2947-DOMLJ,2026-07-27,North,paid_search,34,Male
4112-LUEIZ,2025-11-14,Central,social,36,Male
0369-ZGOVK,2024-05-17,South,partner,50,Female
4510-HIMLV,2026-08-11,South,partner,48,Male
9919-KNPOO,2024-11-19,South,referral,43,Female
8749-JMNKX,2022-05-30,East,referral,75,Male
7872-BAAZR,2022-03-27,North,social,48,Female
9391-LMANN,2022-03-29,North,partner,28,Male
2430-USGXP,2024-08-31,South,social,36,Male
8174-TBVCF,2020-11-09,South,organic,25,Female
1698-XFZCI,2021-08-05,North,social,48,Male
1877-HKBQX,2025-10-01,Central,social,38,Female
4450-DLLMH,2026-06-19,East,partner,45,Male
0428-AXXLJ,2024-07-21,North,social,42,Male
2746-DIJLO,2023-03-26,North,referral,32,Female
5955-ERIHD,2025-02-22,Central,paid_search,27,Male
0917-EZOLA,2020-08-23,South,partner,76,Male
3508-VLHCZ,2020-09-26,North,partner,32,Female
4086-ATNFV,2023-10-24,West,organic,26,Female
0468-YRPXN,2024-04-15,Central,paid_search,33,Male
5996-NRVXR,2023-05-18,South,paid_search,64,Male
3739-YBWAB,2023-09-04,West,referral,31,Male
7047-FWEYA,2022-11-15,East,organic,58,Female
2000-MPKCA,2021-11-06,North,partner,39,Female
9762-YAQAA,2023-06-12,West,organic,53,Male
5949-EBSQK,2026-04-20,Central,social,46,Male
5473-KHBPS,2022-04-29,Central,partner,23,Female
0100-DUVFC,2020-11-15,North,paid_search,69,Male
5397-TUPSH,2021-03-30,East,paid_search,61,Male
8950-MTZNV,2026-07-27,West,partner,29,Male
0326-VDYXE,2020-11-07,North,organic,42,Female
6773-LQTVT,2024-03-22,Central,partner,76,Female
7274-RTAPZ,2026-07-19,North,referral,47,Male
0436-TWFFZ,2021-01-17,South,paid_search,52,Female
8566-YPRGL,2026-08-15,Central,social,25,Female
0311-UNPFF,2024-07-04,East,partner,39,Female
6609-MXJHJ,2024-02-23,West,organic,46,Female
2669-OIDSD,2022-09-03,East,partner,24,Female
8400-WZICQ,2022-02-01,West,referral,36,Female
3834-XUIFC,2026-02-06,North,partner,31,Male
9576-SYUHJ,2023-08-05,West,referral,23,Male
0410-IPFTY,2024-01-27,North,social,51,Female
2831-EBWRN,2026-05-18,North,social,38,Male
9430-NKQLY,2020-08-24,East,organic,49,Male
8414-MYSHR,2026-03-27,East,referral,65,Male
0247-SLUJI,2026-08-13,North,paid_search,54,Male
9402-ORRAH,2025-05-25,West,referral,77,Female
6483-OATDN,2026-01-01,South,organic,44,Male
1293-HHSHJ,2023-10-08,Central,referral,35,Female
4840-ORQXB,2022-01-03,North,organic,74,Female
7599-FKVXZ,2023-03-03,South,partner,52,Male
3982-DQLUS,2021-04-11,South,referral,65,Male
8610-ZIKJJ,2026-06-30,East,social,41,Female
3756-VNWDH,2021-03-30,East,social,70,Male
7801-KICAO,2025-03-07,North,partner,58,Female
7673-LPRNY,2024-10-03,East,referral,46,Female
8229-TNIQA,2026-04-30,Central,partner,34,Female
6060-QBMGV,2020-11-01,North,partner,43,Male
7339-POGZN,2026-05-05,South,organic,36,Female
2828-SLQPF,2025-01-18,East,paid_search,27,Male
4465-VDKIQ,2025-02-20,West,social,54,Female
2921-XWDJH,2023-07-07,North,paid_search,68,Female
6221-AVQYL,2026-06-27,South,organic,52,Male
2558-BUOZZ,2022-09-23,South,social,35,Male
9257-AZMTZ,2022-05-15,West,social,31,Female
0003-MKNFE,2025-11-30,North,partner,23,Male
0975-UYDTX,2024-06-24,West,partner,49,Female
7743-EXURX,2026-01-15,East,paid_search,34,Male
4682-BLBUC,2023-01-06,South,paid_search,55,Male
0975-VOOVL,2026-05-25,Central,social,54,Female
5968-VXZLG,2026-06-20,Central,social,26,Male
5569-KGJHX,2025-11-18,Central,referral,55,Female
4988-IQIGL,2026-07-30,Central,paid_search,70,Male
5201-FRKKS,2024-08-15,South,organic,40,Male
9799-CAYJJ,2026-07-18,Central,organic,69,Female
7730-IUTDZ,2023-01-23,North,referral,57,Male
0426-TIRNE,2026-07-26,South,referral,46,Female
5443-SCMKX,2021-11-11,East,partner,54,Female
8295-KMENE,2021-10-14,West,social,44,Female
6738-ISCBM,2023-01-12,East,paid_search,52,Male
9821-BESNZ,2021-02-19,East,organic,53,Male
3678-MNGZX,2020-12-25,South,social,53,Male
1335-NTIUC,2025-11-19,East,partner,37,Male
2916-BQZLN,2025-02-12,East,referral,36,Male
4558-CGYCZ,2026-04-28,East,organic,58,Male
2368-GAKKQ,2020-10-20,East,referral,49,Female
8710-YGLWG,2026-08-02,West,partner,55,Male
3199-XGZCY,2025-12-24,South,social,43,Female
3785-KTYSH,2022-03-30,North,referral,56,Male
6814-ZPWFQ,2022-06-17,South,referral,62,Male
4063-EIKNQ,2025-10-05,East,paid_search,49,Male
6993-YCOBK,2021-09-09,North,referral,28,Male
5206-HPJKM,2025-04-15,North,organic,42,Male
7587-RZNME,2026-05-31,Central,organic,49,Male
0748-RDGGM,2020-10-20,South,partner,50,Male
8393-JMVMB,2026-08-16,West,paid_search,57,Male
5019-GQVCR,2023-02-07,North,social,78,Male
6036-TTFYU,2025-04-27,Central,paid_search,33,Female
2550-AEVRU,2021-12-07,South,social,57,Female
0969-RGKCU,2023-08-14,South,organic,58,Male
0378-CJKPV,2020-09-11,West,organic,28,Female
4706-AXVKM,2025-10-17,South,referral,65,Female
5889-JTMUL,2022-06-18,East,social,64,Female
9026-RNUJS,2026-04-03,West,organic,62,Male
3746-EUBYR,2026-07-20,North,referral,50,Male
2332-EFBJY,2025-04-27,North,paid_search,26,Male
2880-FPNAE,2026-07-08,West,partner,62,Male
1703-MGIAB,2025-03-20,South,referral,51,Female
4311-QTTAI,2025-05-10,Central,partner,44,Female
9474-PHLYD,2025-06-12,Central,paid_search,42,Female
4318-RAJVY,2025-10-23,Central,paid_search,53,Female
2165-VOEGB,2022-10-31,Central,partner,33,Female
3612-YUNGG,2021-05-05,Central,paid_search,40,Male
2254-DLXRI,2026-07-31,South,partner,44,Female
5062-CJJKH,2024-07-18,Central,organic,49,Male
9028-LIHRP,2020-10-08,South,paid_search,34,Male
2219-MVUSO,2025-12-20,East,organic,45,Male
1053-MXTTK,2020-08-20,North,organic,38,Female
1530-ZTDOZ,2022-07-26,Central,paid_search,42,Female
1301-LOPVR,2024-04-13,East,referral,53,Male
0853-TWRVK,2020-09-14,Central,organic,36,Male
8914-RBTSB,2024-02-13,South,organic,46,Male
6212-ATMLK,2022-06-26,South,social,56,Female
8200-LGKSR,2020-10-05,East,referral,50,Male
1568-BEKZM,2020-10-18,Central,partner,77,Male
0670-ANMUU,2020-10-16,East,partner,43,Male
6897-RWMUB,2021-08-06,West,organic,32,Male
0963-ZBDRN,2024-01-09,South,partner,58,Male
7594-RQHXR,2026-07-22,West,social,45,Female
6999-CHVCF,2021-01-13,West,referral,30,Male
6134-KWTBV,2021-07-05,Central,social,33,Male
1077-HUUJM,2026-01-20,North,social,31,Female
6331-EWIEB,2024-12-18,South,referral,52,Male
0895-LNKRC,2026-02-19,North,organic,25,Male
2045-BMBTJ,2023-11-28,East,partner,66,Female
8417-GSODA,2024-05-13,West,social,42,Male
5171-EPLKN,2024-06-15,West,referral,24,Male
4452-QIIEB,2026-02-03,West,social,44,Male
5998-VVEJY,2024-07-03,West,referral,49,Male
1624-NALOJ,2026-04-02,Central,referral,68,Male
6741-EGCBI,2024-03-16,Central,social,75,Male
7820-ZYGNY,2021-05-28,East,organic,34,Male
4317-VTEOA,2026-08-06,Central,referral,28,Male
9677-AVKED,2022-04-14,North,organic,22,Female
1670-SVOWZ,2025-06-20,West,partner,35,Female
2227-JRSJX,2024-12-06,East,social,45,Female
9847-HNVGP,2025-04-11,Central,social,23,Male
6696-YDAYZ,2025-05-03,East,paid_search,58,Male
8980-WQFWL,2023-09-19,North,partner,43,Female
1730-ZMAME,2023-12-23,West,social,73,Female
6506-EYCNH,2024-05-15,Central,social,57,Female
4634-JLRJT,2026-07-28,North,referral,28,Female
9501-UKKNL,2021-09-28,North,organic,57,Male
2560-QTSBS,2020-08-21,West,referral,32,Female
7541-YLXCL,2023-08-20,East,partner,36,Male
4795-WRNVT,2023-04-26,East,partner,37,Female
6080-TCMYC,2023-04-29,North,paid_search,58,Male
0260-ZDLGK,2025-12-07,East,paid_search,31,Female
7860-UXCRM,2021-05-22,East,partner,57,Male
6357-JJPQT,2026-05-20,Central,referral,34,Female
2292-XQWSV,2023-04-19,South,referral,32,Male
9552-TGUZV,2025-12-19,South,social,45,Male
5913-INRQV,2023-10-29,North,organic,64,Male
8722-NGNBH,2026-03-20,East,paid_search,34,Male
6210-KBBPI,2025-11-24,West,social,73,Male
9643-YBLUR,2025-12-10,South,social,36,Male
8734-FNWVH,2024-02-16,West,paid_search,41,Male
9447-YPTBX,2022-06-18,Central,social,23,Female
0133-BMFZO,2026-07-06,North,paid_search,24,Female
6128-CZOMY,2026-07-22,East,organic,55,Female
9540-JYROE,2026-01-08,West,paid_search,23,Male
9026-LHEVG,2025-12-07,North,referral,37,Female
2260-USTRB,2026-06-24,North,organic,65,Female
3656-TKRVZ,2026-06-02,South,organic,34,Female
7011-CVEUC,2024-07-27,North,partner,40,Male
6185-TASNN,2026-08-08,South,partner,65,Male
7925-PNRGI,2022-11-29,North,partner,51,Female
8623-TMRBY,2022-06-03,Central,social,68,Male
1552-CZCLL,2022-01-19,East,paid_search,53,Female
3038-PQIUY,2023-07-04,South,social,53,Female
1501-SGHBW,2026-07-16,West,paid_search,34,Male
9313-CDOGY,2023-06-26,North,social,23,Male
8148-BPLZQ,2023-10-20,East,partner,34,Male
2623-DRYAM,2020-10-21,West,paid_search,27,Female
9987-LUTYD,2025-08-14,Central,paid_search,41,Female
3208-YPIOE,2023-05-19,South,referral,27,Male
4488-KQFDT,2021-08-07,East,referral,56,Female
2612-RANWT,2025-08-22,West,paid_search,44,Female
5693-PIPCS,2023-03-30,West,paid_search,31,Male
0491-KAPQG,2024-11-17,North,social,56,Male
1925-LFCZZ,2022-02-05,Central,partner,61,Male
8039-EQPIM,2020-11-28,South,organic,38,Male
6900-PXRMS,2024-06-27,South,partner,68,Male
8707-RMEZH,2020-12-12,North,organic,61,Female
3346-BRMIS,2025-02-23,North,referral,68,Female
3209-ZPKFI,2022-10-13,South,organic,50,Male
6479-VDGRK,2020-08-23,North,partner,31,Female
9373-WSLOY,2023-12-14,West,organic,79,Male
2933-FILNV,2026-07-13,East,paid_search,32,Female
3569-JFODW,2020-09-02,South,organic,31,Female
9819-FBNSV,2023-08-12,East,organic,68,Male
9544-PYPSJ,2021-07-15,West,organic,76,Female
1591-XWLGB,2020-10-15,North,referral,36,Female
0396-UKGAI,2024-10-08,South,social,35,Male
3243-ZHOHY,2025-05-03,Central,paid_search,32,Female
5186-EJEGL,2025-12-16,North,partner,50,Male
7527-QNRUS,2025-04-13,Central,referral,34,Male
9986-BONCE,2026-04-30,Central,paid_search,47,Female
2722-JMONI,2026-08-08,South,organic,70,Female
2203-GHNWN,2024-08-25,South,partner,46,Female
3878-AVSOQ,2026-07-23,South,organic,75,Female
3258-SYSWS,2020-09-16,East,referral,79,Male
5296-PSYVW,2020-08-19,South,organic,30,Female
6319-QSUSR,2025-09-27,West,partner,32,Female
4083-EUGRJ,2025-11-23,South,social,54,Male
7579-OOPEC,2026-07-04,Central,paid_search,61,Female
0512-FLFDW,2021-09-16,Central,paid_search,72,Female
1771-OADNZ,2024-03-22,East,referral,74,Male
0487-CRLZF,2022-07-31,East,referral,44,Female
2107-FBPTK,2024-03-16,North,paid_search,78,Female
9451-WLYRI,2022-04-13,North,paid_search,48,Female
8219-VYBVI,2023-06-11,East,organic,43,Male
1991-VOPLL,2025-12-06,East,paid_search,53,Female
9738-QLWTP,2023-06-04,South,referral,33,Male
1016-DJTSV,2026-01-04,North,partner,72,Male
9419-IPPBE,2022-05-22,Central,partner,24,Female
0174-QRVVY,2020-09-18,East,referral,47,Male
5699-BNCAS,2020-09-26,East,partner,62,Male
2900-PHPLN,2020-10-28,East,referral,61,Female
0612-RTZZA,2026-07-23,East,paid_search,68,Female
8106-GWQOK,2023-07-10,West,paid_search,26,Male
8751-EDEKA,2024-05-01,West,referral,46,Female
6878-GGDWG,2023-12-28,East,paid_search,50,Female
4039-PIMHX,2022-08-09,North,partner,70,Male
8450-LUGUK,2023-07-20,Central,organic,39,Female
3604-WLABM,2025-11-09,South,organic,55,Female
0795-GMVQO,2021-02-14,North,referral,37,Male
2259-OUUSZ,2026-02-06,North,organic,49,Male
1142-IHLOO,2022-05-24,West,organic,41,Female
6410-LEFEN,2025-12-06,South,paid_search,46,Female
4633-MKHYU,2025-12-11,North,organic,45,Female
6257-RJOHI,2026-04-22,Central,paid_search,46,Male
1545-JFUML,2020-10-12,South,referral,50,Male
3194-ORPIK,2022-07-13,Central,paid_search,55,Female
7826-VVKWT,2024-08-21,Central,social,63,Female
1353-GHZOS,2024-11-07,North,organic,56,Male
2587-EKXTS,2023-01-16,West,partner,45,Male
5442-BXVND,2023-12-04,West,referral,44,Female
8816-VXNZD,2026-07-26,North,partner,34,Female
9378-FXTIZ,2022-02-24,South,partner,37,Female
1723-HKXJQ,2023-03-16,East,organic,46,Male
7825-GKXMW,2026-08-09,North,partner,35,Female
9753-OYLBX,2026-07-30,West,paid_search,32,Female
2364-UFROM,2024-02-27,South,partner,52,Male
6656-JWRQX,2026-07-30,Central,paid_search,37,Female
6473-ULUHT,2025-05-07,Central,paid_search,45,Male
1240-KNSEZ,2026-07-23,West,partner,23,Male
0836-SEYLU,2025-12-15,North,social,24,Male
4433-JCGCG,2022-10-23,North,social,60,Male
3716-BDVDB,2026-07-20,North,partner,27,Male
7688-AWMDX,2020-09-26,East,referral,51,Male
2842-BCQGE,2023-02-04,West,referral,55,Male
7244-QWYHG,2022-07-06,North,social,39,Male
5899-MQZZL,2025-08-04,West,paid_search,54,Female
6849-OYAMU,2025-02-11,North,social,37,Male
5312-UXESG,2023-04-11,South,partner,57,Female
9488-HGMJH,2026-07-29,East,partner,63,Female
6038-GCYEC,2024-08-31,Central,referral,37,Female
2150-WLKUW,2023-05-04,West,social,36,Female
7159-FVYPK,2026-06-03,East,partner,51,Female
7032-LMBHI,2023-08-15,North,organic,23,Female
1150-WFARN,2021-01-20,South,partner,52,Female
6088-BXMRG,2023-12-19,West,partner,22,Female
3144-AUDBS,2026-03-11,North,social,33,Female
4821-SJHJV,2024-01-07,West,social,44,Female
7346-MEDWM,2021-09-29,West,social,27,Female
1137-DGOWI,2024-03-17,West,organic,40,Female
5616-PRTNT,2025-01-13,South,partner,58,Male
3812-LRZIR,2024-05-21,South,social,52,Female
4818-QIUFN,2025-01-11,North,social,64,Female
9483-GCPWE,2025-11-30,South,referral,43,Male
4227-OJHAL,2020-12-21,East,social,44,Female
9220-CXRSC,2020-11-25,North,social,24,Female
4993-JCRGJ,2024-07-09,East,organic,46,Male
9537-JALFH,2020-12-12,South,social,41,Male
6698-OXETB,2025-09-26,East,partner,47,Male
2103-ZRXFN,2026-08-05,South,referral,33,Male
3724-BSCVH,2025-10-18,Central,organic,31,Male
4877-TSOFF,2022-01-27,South,social,49,Female
9209-NWPGU,2023-01-16,Central,paid_search,48,Male
6961-VCPMC,2022-11-09,North,referral,64,Male
7306-YDSOI,2020-11-24,North,paid_search,30,Male
5288-AHOUP,2025-09-26,North,social,65,Male
6688-UZPWD,2025-09-25,East,referral,52,Female
0655-YDGFJ,2024-04-10,Central,organic,29,Male
8468-EHYJA,2021-12-09,North,organic,30,Female
6823-SIDFQ,2024-05-11,West,social,51,Male
1097-FSPVW,2023-02-26,West,paid_search,47,Female
2839-RFSQE,2026-07-18,South,partner,55,Female
8328-SKJNO,2024-09-22,South,organic,50,Male
7010-ZMVBF,2025-03-10,Central,social,57,Female
5201-CBWYG,2021-07-03,West,partner,28,Male
0968-GSIKN,2026-08-10,South,paid_search,32,Female
1965-DDBWU,2025-05-05,Central,social,30,Male
9057-SIHCH,2026-05-26,East,paid_search,24,Female
6352-GIGGQ,2021-02-10,North,social,50,Male
3635-QQRQD,2021-06-30,Central,referral,46,Male
6771-XWBDM,2021-12-15,Central,referral,25,Female
2897-DOVND,2026-07-13,East,organic,29,Male
3082-YVEKW,2024-09-26,West,paid_search,29,Female
0191-EQUUH,2024-07-30,South,organic,36,Female
7134-HBPBS,2020-08-29,Central,social,66,Female
3489-HHPFY,2026-07-12,South,organic,32,Female
2926-JEJJC,2026-01-10,South,organic,56,Female
8601-QACRS,2026-04-05,East,organic,29,Female
4950-BDEUX,2023-10-14,South,social,42,Male
5789-LDFXO,2024-08-21,West,social,38,Male
0508-OOLTO,2026-07-10,West,partner,36,Female
2984-TBYKU,2020-08-26,East,organic,52,Male
9822-WMWVG,2023-04-13,West,referral,58,Female
2391-SOORI,2026-04-29,East,social,22,Male
9040-KZVWO,2024-07-11,Central,organic,39,Male
2645-QTLMB,2026-02-07,South,partner,26,Male
4806-HIPDW,2026-08-05,West,organic,38,Female
1548-ARAGG,2026-05-15,East,social,44,Female
6339-RZCBJ,2022-09-13,Central,referral,37,Male
4424-TKOPW,2026-06-26,South,social,78,Male
4415-WNGVR,2025-09-06,North,referral,71,Female
2522-AHJXR,2021-08-30,Central,partner,33,Male
0412-UCCNP,2022-01-27,Central,social,34,Male
1816-FLZDK,2026-07-30,West,paid_search,35,Male
7096-UCLNH,2026-07-30,East,partner,47,Male
8443-ZRDBZ,2026-04-19,East,referral,25,Male
9136-ALYBR,2026-07-30,West,referral,23,Male
4615-PIVVU,2023-03-08,West,partner,41,Female
8885-QSQBX,2026-08-09,South,paid_search,47,Female
7479-NITWS,2026-01-22,North,organic,31,Male
8617-ENBDS,2026-06-05,North,referral,29,Male
9385-NXKDA,2020-08-31,South,social,45,Female
0430-IHCDJ,2025-05-24,West,organic,36,Male
2959-MJHIC,2026-05-11,East,paid_search,49,Male
6674-KVJHG,2025-10-11,West,partner,27,Female
1814-DKOLC,2026-04-16,East,referral,26,Female
4201-JMNGR,2026-08-15,South,partner,73,Female
9351-HXDMR,2020-08-29,West,referral,36,Male
3537-HPKQT,2022-01-31,West,social,48,Female
2129-ALKBS,2023-05-10,Central,social,40,Female
5821-MMEIL,2021-12-10,Central,referral,35,Female
5960-WPXQM,2026-07-28,South,referral,27,Male
0684-AOSIH,2026-08-15,West,paid_search,28,Male
8260-NGFNY,2026-07-27,South,referral,49,Female
1309-XGFSN,2022-04-21,Central,social,68,Male
1866-RZZQS,2023-04-04,West,referral,63,Male
6968-URWQU,2023-02-02,Central,partner,52,Male
4742-TXUEX,2022-10-01,South,referral,55,Female
9631-XEYKE,2026-06-15,North,partner,31,Male
8631-NBHFZ,2021-02-27,North,partner,68,Male
1335-MXCSE,2022-02-05,East,referral,50,Male
8873-TMKGR,2024-04-03,Central,social,47,Male
8800-JOOCF,2025-09-16,West,social,34,Female
1469-LBJQJ,2021-02-19,Central,organic,43,Female
4958-XCBDQ,2023-10-07,East,paid_search,79,Male
8337-UPOAQ,2025-11-14,Central,social,71,Male
0064-YIJGF,2024-05-25,Central,referral,48,Male
2386-OWURY,2021-10-18,South,paid_search,33,Female
1725-IQNIY,2022-03-03,Central,partner,39,Male
0310-VQXAM,2025-12-16,North,partner,34,Male
6598-RFFVI,2026-06-19,East,organic,23,Male
3453-RTHJQ,2026-03-12,East,organic,26,Male
6712-OAWRH,2024-07-10,South,social,65,Female
6278-FEPBZ,2025-11-26,Central,partner,38,Female
4280-DLSHD,2026-01-07,West,paid_search,27,Male
1508-DFXCU,2025-09-14,North,social,23,Male
8614-VGMMV,2025-05-28,North,organic,35,Female
7868-BGSZA,2023-02-09,North,social,58,Male
2800-QQUSO,2023-02-21,South,organic,36,Male
2930-UOTMB,2024-02-12,North,partner,58,Female
7973-DZRKH,2021-02-18,South,social,40,Female
5914-DVBWJ,2025-02-25,West,partner,71,Female
7698-YFGEZ,2026-08-10,Central,partner,51,Male
2533-QVMSK,2021-07-31,West,paid_search,23,Male
9773-PEQBZ,2025-10-19,East,paid_search,22,Male
8644-XLFBW,2026-08-16,West,paid_search,76,Male
0650-BWOZN,2025-02-22,Central,organic,62,Female
8625-AZYZY,2024-09-03,North,paid_search,26,Male
7785-RDVIG,2026-05-20,Central,paid_search,45,Female
9602-WCXPI,2022-07-11,West,partner,56,Male
2903-YYTBW,2026-07-27,South,paid_search,57,Male
3620-MWJNE,2026-06-19,East,organic,32,Male
8573-JGCZW,2025-04-07,East,partner,52,Male
6837-HAEVO,2020-12-13,North,referral,45,Male
6701-YVNQG,2020-09-05,South,paid_search,56,Male
9306-CPCBC,2026-05-31,South,partner,27,Female
4304-XUMGI,2022-06-29,North,paid_search,69,Male
9504-YAZWB,2022-04-03,East,partner,22,Female
8819-ZBYNA,2021-10-20,East,organic,35,Female
6174-NRBTZ,2022-10-30,South,referral,22,Male
9481-IEBZY,2020-08-28,North,referral,62,Male
1833-VGRUM,2026-07-20,Central,paid_search,60,Female
6137-NICCO,2026-02-18,West,partner,46,Female
9065-ZCPQX,2020-09-06,East,paid_search,33,Male
6402-EJMWF,2026-05-10,West,partner,37,Male
3620-EHIMZ,2022-04-26,South,paid_search,35,Female
3213-VVOLG,2026-09-01,South,referral,49,Male
6870-ECSHE,2026-07-05,West,partner,31,Female
8747-UDCOI,2021-03-28,West,social,25,Female
8374-XGEJJ,2023-01-28,West,paid_search,63,Male
2656-TABEH,2026-04-21,East,referral,52,Male
6946-LMSQS,2024-08-06,North,referral,64,Male
4626-OZDTJ,2022-05-26,West,social,29,Female
9169-BSVIN,2025-09-10,West,social,23,Male
2325-ZUSFD,2021-11-18,East,partner,56,Female
8194-PEEBY,2024-09-14,South,social,50,Female
6872-HXFNF,2021-04-25,Central,organic,27,Female
3932-CMDTD,2026-05-15,South,partner,24,Female
7714-YXSMB,2024-06-21,South,social,26,Female
8387-UGUSU,2025-05-20,West,partner,35,Female
1080-BWSYE,2021-04-23,East,referral,77,Male
4039-HEUNW,2023-08-25,East,social,69,Male
1194-HVAIF,2024-06-03,West,partner,52,Female
0812-WUPTB,2026-08-10,South,social,66,Male
3594-UVONA,2023-09-18,North,organic,49,Female
0004-TLHLJ,2026-05-03,North,partner,32,Male
1767-TGTKO,2025-12-23,Central,referral,57,Female
8439-LTUGF,2025-10-26,East,social,39,Male
8805-JNRAZ,2026-06-27,East,social,32,Female
5089-IFSDP,2021-11-06,South,social,30,Female
6418-HNFED,2022-06-05,West,paid_search,52,Male
0206-OYVOC,2022-11-03,Central,referral,36,Female
7291-CDTMJ,2026-07-30,West,organic,35,Male
7128-GGCNO,2022-10-26,East,social,49,Male
0237-YFUTL,2022-07-12,East,paid_search,41,Female
7691-KGKGP,2022-04-11,Central,partner,46,Male
6710-HSJRD,2021-08-16,Central,referral,38,Male
3675-EQOZA,2026-04-02,South,social,24,Male
0840-DCNZE,2022-09-27,Central,social,22,Male
1732-FEKLD,2022-03-12,Central,partner,23,Female
9862-KJTYK,2025-01-25,Central,partner,43,Male
0479-HMSWA,2024-07-17,North,organic,41,Female
5854-KSRBJ,2020-10-22,North,social,49,Male
0365-BZUWY,2025-03-28,South,organic,55,Male
4817-VYYWS,2024-02-26,West,referral,28,Female
5701-SVCWR,2026-07-27,North,paid_search,57,Female
3129-AAQOU,2025-02-05,North,paid_search,56,Female
4922-CVPDX,2024-06-18,North,social,44,Female
1396-QWFBJ,2024-11-24,North,paid_search,41,Female
1357-BIJKI,2022-07-12,Central,referral,28,Male
1099-BTKWT,2020-12-20,West,paid_search,28,Female
5299-SJCZT,2026-05-26,West,social,22,Male
2018-PZKMU,2025-12-08,South,partner,45,Male
7340-KEFQE,2022-05-20,West,referral,38,Female
4570-QHXHL,2025-12-10,West,organic,29,Female
2403-BCASL,2023-03-29,East,organic,72,Male
7392-YYPYJ,2024-10-27,Central,paid_search,24,Male
2898-LSJGD,2024-11-18,East,referral,45,Female
2223-GDSHL,2020-09-29,South,social,47,Male
7359-PTSXY,2026-07-19,West,organic,45,Male
9470-RTWDV,2024-07-09,Central,referral,26,Male
2176-OSJUV,2020-09-22,Central,paid_search,23,Male
9348-YVOMK,2026-05-11,East,organic,25,Male
8104-OSKWT,2025-08-18,East,partner,49,Female
4521-YEEHE,2025-02-24,Central,partner,49,Female
4090-KPJIP,2026-05-30,West,social,32,Female
3786-WOVKF,2020-09-15,East,referral,61,Female
4503-BDXBD,2025-10-03,South,paid_search,33,Male
6086-ESGRL,2026-08-13,Central,social,51,Female
2592-HODOV,2025-07-21,Central,paid_search,27,Male
3886-CERTZ,2020-09-05,North,partner,51,Female
7995-ZHHNZ,2023-02-22,North,social,39,Male
3824-RHKVR,2025-03-21,North,organic,27,Female
5816-SCGFC,2026-02-12,South,social,64,Female
5989-AXPUC,2020-12-25,North,paid_search,41,Female
4979-HPRFL,2022-01-07,Central,referral,46,Male
8590-OHDIW,2023-07-15,Central,paid_search,25,Female
8015-IHCGW,2020-09-09,North,organic,35,Female
2332-TODQS,2022-08-31,Central,partner,45,Female
9278-VZKCD,2022-04-23,North,referral,78,Female
8008-OTEZX,2023-09-27,West,referral,24,Female
2773-OVBPK,2021-02-09,South,referral,44,Male
5999-LCXAO,2026-08-09,North,partner,56,Female
5206-XZZQI,2022-04-08,East,social,51,Male
4803-LBYPN,2023-10-26,Central,referral,29,Male
5759-RCVCB,2026-06-02,Central,organic,55,Female
6372-RFVNS,2026-08-17,North,paid_search,47,Female
2139-FQHLM,2025-02-13,Central,referral,24,Male
8261-GWDBQ,2021-09-14,South,organic,63,Female
1093-YSWCA,2025-09-19,East,paid_search,56,Male
8938-UMKPI,2022-10-02,North,paid_search,29,Female
0991-BRRFB,2025-03-04,Central,social,25,Male
3882-IYOIJ,2021-08-25,West,referral,38,Female
8749-TZYEC,2020-09-11,West,social,41,Male
1755-FZQEC,2023-06-17,West,referral,43,Male
3115-JPJDD,2021-10-09,Central,referral,46,Female
5600-KTXFM,2026-07-12,North,social,58,Male
3871-IKPYH,2026-07-25,South,partner,76,Male
6319-IEJWJ,2024-12-23,North,paid_search,22,Male
9025-AOMKI,2026-02-27,East,paid_search,25,Female
6339-TBELP,2020-09-19,East,partner,22,Male
7964-YESJC,2024-09-03,North,organic,36,Female
6173-GOLSU,2021-02-08,West,organic,69,Male
5275-SQEIZ,2026-08-08,North,organic,56,Male
7716-YTYHG,2022-09-12,West,partner,35,Female
9938-ZREHM,2023-07-21,West,referral,23,Female
7950-XWOVN,2025-09-29,Central,organic,54,Male
4390-KYULV,2026-05-25,North,partner,31,Male
4647-MUZON,2025-03-10,Central,partner,55,Female
9702-AIUJO,2022-06-26,East,partner,50,Male
8849-PRIQJ,2021-02-06,Central,organic,54,Female
8851-RAGOV,2024-08-03,West,social,52,Female
1304-NECVQ,2026-06-29,West,organic,74,Female
5396-IZEPB,2025-11-18,North,referral,45,Male
1729-VLAZJ,2025-10-31,West,referral,37,Female
8285-ABVLB,2020-10-26,East,paid_search,45,Female
0701-TJSEF,2025-11-30,Central,paid_search,49,Male
5712-VBOXD,2026-05-06,West,organic,40,Female
6629-LADHQ,2026-06-21,North,referral,33,Female
8945-GRKHX,2026-07-20,Central,partner,55,Female
1559-DTODC,2025-02-06,North,paid_search,46,Male
4797-MIWUM,2026-01-20,South,referral,54,Male
6959-UWKHF,2026-08-04,South,social,30,Male
8720-RQSBJ,2026-07-26,Central,paid_search,79,Male
4537-CIBHB,2025-12-02,North,paid_search,33,Female
3815-SLMEF,2026-05-25,Central,organic,39,Female
5154-VEKBL,2025-11-21,South,referral,53,Female
4324-AHJKS,2026-04-05,West,paid_search,35,Female
4355-CVPVS,2021-12-26,North,social,31,Female
4495-LHSSK,2025-03-03,South,paid_search,55,Female
5655-JSMZM,2022-07-25,West,partner,67,Male
5915-ANOEI,2020-11-11,West,organic,33,Male
9861-PDSZP,2020-08-26,Central,paid_search,33,Female
4505-EXZHB,2026-03-01,Central,organic,69,Female
7225-CBZPL,2025-04-04,East,referral,71,Male
6704-UTUKK,2024-04-06,South,organic,42,Male
4587-VVTOX,2026-02-25,South,organic,31,Female
2019-HDCZY,2021-06-07,Central,referral,53,Male
4652-NNHNY,2025-05-17,West,referral,28,Male
8788-DOXSU,2021-09-19,Central,paid_search,45,Male
7404-JLKQG,2026-06-04,East,referral,40,Female
7421-ZLUPA,2026-01-12,East,referral,44,Female
8972-HJWNV,2026-02-09,Central,partner,73,Female
3274-NSDWE,2020-12-23,West,referral,39,Female
2632-IVXVF,2021-01-07,South,social,45,Female
3692-JHONH,2022-05-10,East,paid_search,77,Female
8915-NNTRC,2020-09-02,South,organic,54,Male
5914-GXMDA,2024-01-16,West,referral,41,Female
7463-IFMQU,2020-08-31,North,organic,35,Female
2920-RNCEZ,2026-08-16,Central,partner,23,Male
2541-YGPKE,2023-02-21,Central,paid_search,28,Male
8515-OCTJS,2024-08-04,North,paid_search,39,Female
5382-TEMLV,2022-12-11,West,referral,36,Male
3441-CGZJH,2023-02-03,North,organic,54,Female
9592-ERDKV,2023-08-12,South,paid_search,51,Male
2860-RANUS,2025-01-07,South,social,73,Female
5261-QSHQM,2026-05-15,East,partner,43,Female
4778-IZARL,2021-05-28,Central,referral,38,Male
0432-CAJZV,2026-05-19,East,referral,25,Male
7008-LZVOZ,2021-03-03,South,referral,46,Male
8868-WOZGU,2024-05-15,North,social,41,Male
1200-TUZHR,2026-01-14,Central,social,61,Female
9365-CSLBQ,2020-09-22,South,referral,39,Male
1334-FJSVR,2026-08-07,East,social,49,Male
5884-FBCTL,2020-09-08,North,organic,34,Female
7130-CTCUS,2025-05-14,South,paid_search,66,Male
6242-FEGFD,2021-02-26,East,paid_search,26,Male
7625-XCQRH,2025-10-16,Central,partner,29,Female
6194-HBGQN,2022-05-21,South,partner,58,Male
7634-WSWDB,2026-01-10,East,referral,44,Female
6986-IXNDM,2025-07-15,Central,paid_search,28,Male
1731-TVIUK,2026-04-27,South,referral,39,Female
2987-BJXIK,2020-11-06,South,paid_search,29,Female
9769-TSBZE,2020-10-27,North,referral,38,Female
0406-BPDVR,2022-03-17,Central,paid_search,70,Female
0618-XWMSS,2024-04-22,North,social,44,Male
1395-WSWXR,2024-09-07,South,partner,43,Male
6023-GSSXW,2020-11-24,North,organic,45,Female
6752-APNJL,2023-02-18,West,social,38,Male
5276-KQWHG,2026-07-02,South,partner,70,Female
0420-HLGXF,2023-06-07,West,paid_search,66,Female
7446-KQISO,2022-12-08,West,referral,29,Male
9823-EALYC,2020-08-27,North,organic,37,Male
0582-AVCLN,2023-07-18,South,organic,38,Female
5803-NQJZO,2020-09-12,North,referral,46,Male
2565-JSLRY,2026-07-29,North,partner,23,Male
2607-DHDAK,2020-09-16,East,paid_search,32,Male
1073-XXCZD,2022-02-07,South,paid_search,53,Male
0743-HRVFF,2022-05-29,North,social,55,Female
4006-HKYHO,2021-06-10,East,social,56,Male
3727-JEZTU,2026-07-21,East,referral,33,Female
8143-ETQTI,2024-09-17,Central,organic,27,Female
6689-KXGBO,2026-08-16,West,partner,29,Female
9667-TKTVZ,2026-07-13,South,partner,26,Female
3657-COGMW,2022-04-21,East,social,65,Female
8570-KLJYJ,2023-09-17,North,social,54,Female
7754-IXRMC,2026-08-03,South,partner,51,Female
9473-CBZOP,2024-04-19,East,organic,49,Female
2969-WGHQO,2026-01-29,North,paid_search,34,Female
6615-NGGZJ,2025-07-08,Central,partner,39,Male
4334-HOWRP,2020-09-16,East,partner,62,Male
4255-DDUOU,2026-08-06,West,referral,52,Female
5863-OOKCL,2025-10-31,South,referral,41,Female
1686-STUHN,2023-03-16,Central,partner,52,Male
1329-VHWNP,2026-01-31,South,referral,34,Female
2984-MIIZL,2026-05-06,Central,organic,37,Male
0266-GMEAO,2020-09-07,East,social,53,Male
5590-YRFJT,2024-12-18,West,paid_search,35,Female
5574-NXZIU,2021-05-22,South,paid_search,49,Male
0019-GFNTW,2021-12-27,Central,organic,38,Female
4256-ZWTZI,2026-03-31,North,referral,33,Female
8309-PPCED,2020-09-02,North,social,30,Female
4098-NAUKP,2021-01-14,East,organic,65,Male
5196-WPYOW,2021-02-06,Central,paid_search,39,Male
4608-LCIMN,2026-01-16,Central,organic,35,Male
1485-YDHMM,2022-05-08,Central,organic,49,Male
4054-CUMIA,2025-03-04,East,partner,22,Female
0603-TPMIB,2021-09-29,Central,paid_search,25,Female
2525-GVKQU,2021-09-06,East,partner,57,Female
8161-QYMTT,2026-02-08,East,referral,46,Male
9581-GVBXT,2021-09-26,North,partner,42,Male
5862-BRIXZ,2022-11-12,West,organic,22,Male
5404-GGUKR,2026-04-14,South,paid_search,44,Male
3308-JSGML,2021-09-27,North,referral,62,Male
2126-GSEGL,2020-10-30,South,organic,44,Female
3677-TNKIO,2025-06-21,West,referral,23,Female
0440-QEXBZ,2022-12-25,South,referral,42,Female
2434-EEVDB,2021-04-20,South,referral,43,Female
6762-QVYJO,2021-10-28,South,referral,32,Female
6199-IWKGC,2022-10-22,East,partner,69,Female
2675-DHUTR,2021-11-11,West,partner,66,Male
8152-VETUR,2020-09-01,West,organic,48,Female
9667-EQRXU,2024-02-18,North,partner,75,Female
7446-YPODE,2025-09-24,South,social,76,Male
9522-BNTHX,2023-11-05,West,social,60,Female
4676-WLUHT,2022-02-19,South,paid_search,26,Male
3329-WDIOK,2026-06-08,North,partner,38,Female
7980-MHFLQ,2020-09-16,South,social,54,Female
2873-ZLIWT,2023-04-25,West,paid_search,32,Female
3415-TAILE,2026-07-06,West,social,57,Female
0757-WCUUZ,2022-03-17,North,partner,24,Male
1629-DQQVB,2025-07-11,West,partner,34,Female
1915-IOFGU,2026-08-15,North,partner,34,Female
3045-XETSH,2025-10-18,West,partner,44,Female
0374-AACSZ,2026-07-23,East,social,28,Female
7239-HZZCX,2026-07-21,North,social,30,Male
4872-VXRIL,2022-01-11,South,referral,46,Male
9140-CZQZZ,2020-12-23,Central,referral,32,Female
3423-HHXAO,2025-07-01,East,partner,54,Female
9938-TKDGL,2021-01-08,West,social,54,Male
0531-ZZJWQ,2022-01-26,West,paid_search,61,Male
6537-QLGEX,2025-04-19,North,paid_search,42,Female
2688-BHGOG,2025-12-04,Central,partner,76,Male
7683-CBDKJ,2025-07-17,South,social,34,Male
0946-CLJTI,2021-10-22,West,social,66,Male
3160-TYXLT,2022-04-12,East,organic,32,Male
1325-USMEC,2020-11-11,East,social,27,Male
0916-QOFDP,2025-06-29,South,partner,72,Female
0628-CNQRM,2024-10-24,Central,organic,56,Male
5606-AMZBO,2025-10-24,North,organic,31,Female
6199-IPCAO,2024-03-22,Central,paid_search,35,Female
7665-TOALD,2026-07-22,South,social,45,Female
0112-QWPNC,2022-08-14,Central,partner,25,Male
0324-BRPCJ,2021-01-07,North,referral,75,Female
2777-PHDEI,2026-07-27,North,partner,28,Female
5640-CAXOA,2024-03-06,North,referral,56,Female
2235-EZAIK,2020-08-26,East,social,56,Female
3847-BAERP,2025-11-03,South,organic,49,Female
1196-AMORA,2026-02-02,East,paid_search,31,Male
4282-YMKNA,2025-12-17,Central,paid_search,44,Female
1453-RZFON,2026-07-30,North,social,46,Female
8263-OKETD,2024-12-22,East,referral,54,Female
0670-KDOMA,2026-07-24,West,partner,27,Female
2476-YGEFM,2024-04-07,East,social,49,Female
8687-BAFGU,2026-07-28,Central,organic,29,Male
0641-EVBOJ,2026-06-12,West,social,43,Male
0829-XXPLX,2024-12-28,North,organic,54,Female
9974-JFBHQ,2021-05-05,East,partner,24,Male
5356-RHIPP,2026-07-21,South,partner,27,Male
6624-JDRDS,2026-02-25,North,social,52,Female
0608-JDVEC,2022-07-15,Central,organic,22,Male
9780-FKVVF,2026-02-20,South,social,47,Male
1919-RTPQD,2026-01-25,North,partner,40,Male
5214-NLTIT,2020-09-10,South,organic,34,Male
3345-PBBFH,2026-01-08,Central,referral,53,Male
5055-BRMNE,2021-02-10,East,social,53,Female
9189-JWSHV,2024-09-07,Central,referral,62,Female
2190-PHBHR,2020-08-19,East,paid_search,22,Female
2650-GYRYL,2023-11-20,North,paid_search,26,Male
0746-JTRFU,2026-07-02,South,referral,25,Male
5208-FVQKB,2020-11-06,North,social,58,Male
7184-LRUUR,2024-11-06,East,partner,44,Female
6627-CFOSN,2021-09-19,South,partner,47,Female
3982-JGSFD,2023-09-12,Central,partner,30,Male
1574-DYCWE,2022-05-26,South,partner,53,Female
7247-XOZPB,2022-03-19,South,referral,48,Male
2466-FCCPT,2024-12-22,Central,partner,49,Female
6211-WWLTF,2021-05-27,East,paid_search,39,Male
4826-TZEVA,2023-04-22,North,referral,47,Female
6016-NXBNJ,2023-10-11,East,paid_search,42,Male
9138-EFSMO,2024-06-18,South,social,36,Male
0576-WNXXC,2024-06-15,West,partner,78,Male
4632-XJMEX,2022-04-17,East,referral,34,Male
8910-LEDAG,2023-11-12,West,referral,65,Male
3452-GWUIN,2025-01-28,Central,referral,75,Female
2716-GFZOR,2023-02-09,West,partner,49,Male
3724-UCSHY,2026-02-27,South,paid_search,48,Male
8626-XHBIE,2022-01-13,South,social,38,Male
4628-CTTLA,2021-11-26,East,paid_search,57,Male
3192-LNKRK,2023-11-11,East,organic,29,Male
4439-YRNVD,2025-11-01,South,partner,43,Female
2876-VBBBL,2026-08-14,Central,partner,24,Female
6834-NXDCA,2025-07-19,Central,paid_search,32,Female
2208-UGTGR,2022-01-05,South,partner,43,Male
3005-TYFRD,2022-01-28,West,partner,40,Female
8670-MEFCP,2023-09-03,Central,partner,56,Female
3079-BCHLN,2022-09-30,North,social,44,Male
7777-UNYHB,2025-09-03,South,social,37,Female
5597-GLBUC,2026-08-15,West,referral,37,Female
7278-CKDNC,2024-08-23,East,paid_search,70,Male
2748-MYRVK,2021-05-29,West,organic,51,Female
8450-UYIBU,2023-10-10,East,referral,77,Female
2969-VAPYH,2021-02-13,North,partner,43,Female
4822-YCXMX,2024-07-21,East,partner,43,Male
7181-OQCUT,2024-12-07,East,organic,22,Male
8474-UMLNT,2025-07-21,Central,partner,55,Female
9821-POOTN,2023-09-25,North,partner,43,Male
3836-FZSDJ,2020-09-18,North,partner,77,Male
9142-XMYJH,2024-03-29,North,referral,45,Female
6559-ILWKJ,2020-10-11,East,organic,47,Male
0187-QSXOE,2026-02-14,Central,referral,66,Male
7733-UDMTP,2021-12-09,West,partner,70,Female
2649-HWLYB,2021-04-04,Central,referral,37,Male
5214-CHIWJ,2024-05-30,Central,referral,28,Male
4229-CZMLL,2026-02-20,West,referral,43,Male
6904-JLBGY,2020-09-12,West,referral,63,Female
2465-BLLEU,2026-07-29,South,paid_search,39,Male
1685-VAYJF,2025-10-15,Central,partner,58,Male
8874-EJNSR,2023-06-03,West,paid_search,41,Male
6917-YACBP,2021-10-15,Central,referral,60,Female
5049-MUBWG,2024-07-06,Central,referral,24,Male
4223-WOZCM,2026-06-30,South,partner,67,Male
0769-MURVM,2020-08-25,North,social,55,Female
9253-VIFJQ,2021-03-24,Central,partner,38,Male
7030-FZTFM,2020-09-01,East,organic,55,Male
9741-YLNTD,2026-03-11,Central,partner,41,Male
5917-RYRMG,2023-12-20,West,paid_search,69,Male
5120-ZBLAI,2022-06-19,South,organic,37,Female
1194-BHJYC,2021-07-19,South,organic,42,Male
3663-MITLP,2025-05-25,West,social,24,Female
0906-QVPMS,2020-08-24,South,referral,24,Male
9025-ZRPVR,2025-12-15,South,paid_search,39,Male
1905-OEILC,2026-07-31,South,organic,44,Female
7858-GTZSP,2025-09-04,West,partner,42,Female
3285-UCQVC,2023-08-10,North,partner,37,Female
6248-BSHKG,2021-08-15,North,paid_search,32,Male
4685-TFLLS,2025-03-12,North,organic,48,Male
3470-BTGQO,2024-11-19,West,paid_search,44,Male
1209-VFFOC,2020-12-20,North,partner,23,Male
8224-DWCKX,2025-08-25,East,organic,69,Male
5482-PLVPE,2026-07-15,North,paid_search,73,Female
4553-DVPZG,2021-06-27,East,organic,51,Female
4902-OHLSK,2024-04-14,North,referral,62,Female
6917-IAYHD,2026-07-28,North,organic,56,Male
0495-ZBNGW,2026-04-16,East,organic,61,Male
8620-RJPZN,2026-08-09,West,organic,38,Female
7572-KPVKK,2021-07-14,North,partner,45,Male
2642-MAWLJ,2023-08-20,East,referral,54,Female
2357-COQEK,2024-04-30,Central,social,60,Female
7103-ZGVNT,2020-11-19,West,paid_search,27,Female
3737-GCSPV,2025-10-17,West,paid_search,38,Female
2027-WKXMW,2021-05-26,South,paid_search,25,Female
7137-NAXML,2024-10-02,Central,social,52,Male
2428-ZMCTB,2025-11-02,North,referral,57,Male
2961-VNFKL,2020-09-20,West,paid_search,44,Female
1768-HNVGJ,2022-12-16,East,partner,69,Female
6963-KQYQB,2020-10-19,North,referral,24,Female
5934-RMPOV,2024-11-16,Central,organic,45,Female
1207-BLKSA,2022-05-08,West,partner,38,Female
4088-YLDSU,2022-02-11,South,organic,32,Male
8316-BBQAY,2021-04-02,North,organic,33,Female
1166-PQLGG,2020-08-30,West,partner,42,Female
3146-JTQHR,2025-10-28,East,referral,45,Male
4291-YZODP,2026-01-23,North,paid_search,28,Female
4395-PZMSN,2026-03-26,Central,organic,65,Male
6427-FEFIG,2024-08-19,West,referral,56,Female
0017-IUDMW,2020-09-03,East,partner,22,Female
8706-HRADD,2024-12-11,South,paid_search,54,Male
9955-QOPOY,2020-12-12,South,referral,44,Male
4385-ZKVNW,2023-01-08,East,paid_search,34,Male
5446-DKWYW,2021-07-30,North,social,63,Female
2034-CGRHZ,2024-09-15,South,partner,74,Male
5797-APWZC,2026-07-20,South,paid_search,50,Female
3683-QKIUE,2026-02-17,North,referral,25,Female
4228-ZGYUW,2026-05-14,North,social,24,Male
9031-ZVQPT,2020-08-24,South,paid_search,45,Male
2990-IAJSV,2020-08-30,South,organic,33,Male
8107-KNCIM,2025-07-03,South,paid_search,66,Male
9027-YFHQJ,2026-01-24,West,partner,37,Male
5176-LDKUH,2022-08-30,East,social,48,Female
4644-OBGFZ,2022-02-06,North,paid_search,28,Male
7926-IJOOU,2026-08-01,Central,organic,58,Male
6480-YAGIY,2022-12-13,West,organic,37,Male
4029-HPFVY,2026-06-10,East,referral,27,Male
7602-DBTOU,2020-09-17,North,organic,24,Female
5345-BMKWB,2026-01-11,Central,organic,53,Male
3519-ZKXGG,2026-05-31,West,partner,26,Female
5457-COLHT,2020-12-08,East,social,37,Male
6416-TVAIH,2026-08-04,North,paid_search,46,Male
5451-YHYPW,2020-09-09,North,referral,60,Female
5108-ADXWO,2025-09-30,South,referral,31,Male
7998-WNZEM,2020-09-30,South,partner,25,Male
3066-RRJIO,2026-07-30,South,social,48,Female
4664-NJCMS,2023-12-08,East,social,40,Female
0307-BCOPK,2025-04-30,North,paid_search,23,Female
7629-WFGLW,2021-12-26,South,social,60,Female
2542-HYGIQ,2026-07-27,Central,organic,42,Female
6715-OFDBP,2026-03-31,Central,social,28,Male
5016-LIPDW,2021-12-08,North,organic,36,Male
6481-LXPWL,2022-01-01,West,organic,26,Male
1567-DSCIC,2025-12-31,Central,organic,51,Male
2150-UWTFY,2024-10-19,East,organic,45,Female
6124-ACRHJ,2026-08-06,South,referral,51,Female
9362-MWODR,2023-05-09,East,partner,23,Female
9975-GPKZU,2022-10-25,South,partner,35,Male
9625-RZFUK,2021-05-29,South,organic,31,Male
5153-LXKDT,2021-01-04,Central,paid_search,45,Male
5161-UBZXI,2020-12-16,West,organic,52,Male
1020-JPQOW,2021-12-26,East,organic,30,Female
7919-ZODZZ,2025-10-25,North,partner,50,Female
0565-JUPYD,2021-05-21,Central,partner,43,Male
6867-ACCZI,2024-09-01,North,paid_search,52,Female
5939-XAIXZ,2025-01-31,West,paid_search,25,Female
9054-FOWNV,2024-11-10,South,social,58,Male
2683-BPJSO,2024-04-04,South,referral,38,Male
2157-MXBJS,2025-08-17,North,paid_search,32,Male
8207-VVMYB,2020-11-01,South,social,28,Female
9732-EQMWY,2022-07-27,West,organic,58,Female
9360-AHGNL,2023-01-24,East,paid_search,72,Female
1087-UDSIH,2026-05-29,North,partner,26,Female
5269-NRGDP,2023-02-22,South,referral,38,Male
6195-MELTI,2021-11-27,North,organic,49,Male
5485-WUYWF,2026-06-25,East,social,65,Male
2121-JAFOM,2020-09-03,Central,paid_search,28,Female
8818-DOPVL,2022-10-29,Central,partner,71,Female
2632-UCGVD,2021-02-26,Central,paid_search,79,Male
5445-PZWGX,2021-06-30,North,partner,32,Male
1227-UDMZR,2020-08-30,East,social,57,Female
5198-HQAEN,2023-09-24,North,partner,29,Male
9170-CCKOU,2025-04-10,East,social,48,Male
2167-FQSTQ,2020-09-07,East,referral,55,Female
2819-GWENI,2024-05-02,West,organic,51,Female
1043-YCUTE,2021-12-28,South,referral,51,Male
3814-MLAXC,2024-02-01,North,referral,27,Female
3572-UUHRS,2022-12-12,East,partner,26,Male
2692-PFYTJ,2026-07-24,East,paid_search,50,Female
1226-UDFZR,2026-07-02,West,partner,49,Female
5955-EPOAZ,2026-03-05,North,referral,49,Female
6821-JPCDC,2022-08-21,West,partner,37,Female
8815-LMFLX,2024-08-03,East,referral,41,Male
9135-HSWOC,2021-05-13,West,paid_search,22,Male
8582-KRHPJ,2022-06-18,Central,paid_search,32,Male
5811-IWXYM,2022-05-07,South,social,41,Female
7044-YAACC,2026-04-22,West,organic,68,Male
8189-XRIKE,2024-01-01,North,paid_search,62,Female
1506-YJTYT,2022-12-10,Central,referral,23,Male
4123-DVHPH,2025-12-06,East,organic,29,Male
6425-YQLLO,2021-02-18,West,social,76,Female
5442-UTCVD,2026-05-20,West,paid_search,47,Male
2228-BZDEE,2022-03-14,West,paid_search,57,Female
7734-DBOAI,2026-07-19,South,paid_search,31,Female
2789-CZANW,2021-04-22,West,organic,44,Female
2091-RFFBA,2024-01-28,East,partner,69,Female
2114-MGINA,2025-07-12,West,referral,35,Female
7596-LDUXP,2025-08-30,West,paid_search,46,Female
3740-RLMVT,2021-02-03,East,social,79,Male
4489-SNOJF,2023-10-14,North,partner,52,Female
2192-OZITF,2022-11-18,South,referral,57,Female
5651-CPDND,2025-10-29,Central,referral,44,Male
2186-QZEYA,2024-04-15,East,partner,61,Female
1131-ALZWV,2024-09-06,West,organic,54,Female
7729-XBTWX,2021-02-20,South,social,47,Male
9134-WYRVP,2022-06-04,West,paid_search,35,Male
3284-SVCRO,2022-12-03,East,organic,45,Female
9732-OUYRN,2022-08-13,South,referral,42,Female
0559-CKHUS,2024-04-14,North,social,30,Female
2931-SVLTV,2023-04-19,South,partner,41,Male
6899-PPEEA,2023-07-20,East,paid_search,75,Female
7504-UWHNB,2024-08-14,South,paid_search,55,Male
2582-FFFZR,2024-10-31,South,referral,43,Female
8908-NMQTX,2020-08-27,South,paid_search,28,Male
2187-LZGPL,2026-01-20,South,social,58,Female
1431-AIDJQ,2023-12-01,West,paid_search,43,Male
6288-LBEAR,2024-09-20,East,paid_search,32,Female
4597-NUCQV,2024-09-13,East,organic,75,Male
9019-QVLZD,2026-08-17,North,partner,36,Female
8413-YNHNV,2020-12-03,East,organic,35,Male
5808-TOTXO,2026-06-10,Central,social,53,Female
4369-NYSCF,2021-12-25,West,social,54,Male
6333-YDVLT,2021-04-07,East,organic,41,Male
5324-KTGCG,2020-10-04,South,organic,35,Male
5599-HVLTW,2025-07-01,South,social,68,Female
7394-LWLYN,2026-06-20,North,organic,28,Female
3707-LRWZD,2024-01-14,North,referral,49,Female
6873-UDNLD,2023-05-02,West,social,43,Male
2700-LUEVA,2026-08-06,Central,organic,53,Male
1455-ESIQH,2026-08-16,Central,partner,37,Male
0958-YHXGP,2026-01-22,West,paid_search,52,Female
1101-SSWAG,2025-05-21,Central,referral,22,Female
2979-SXESE,2025-04-12,East,social,50,Female
4013-TLDHQ,2025-01-24,South,partner,24,Male
5743-KHMNA,2020-09-25,South,paid_search,45,Male
4194-FJARJ,2022-02-25,South,social,29,Female
5325-UWTWJ,2024-02-03,West,referral,57,Male
3969-GYXEL,2025-10-08,North,organic,50,Female
9208-OLGAQ,2025-03-16,Central,paid_search,68,Female
3244-CQPHU,2020-09-15,West,paid_search,75,Female
2674-MLXMN,2020-10-11,South,partner,66,Female
9708-HPXWZ,2026-04-02,West,social,74,Male
6992-TKNYO,2023-07-14,North,organic,25,Male
4468-YDOVK,2026-03-28,East,partner,25,Male
3754-DXMRT,2026-06-30,North,social,68,Male
5792-JALQC,2022-05-08,North,social,69,Female
7130-VTEWQ,2026-01-14,North,partner,65,Female
2200-DSAAL,2021-01-01,West,paid_search,53,Female
4302-ZYFEL,2020-11-22,West,organic,28,Male
9351-LZYGF,2023-03-07,Central,social,49,Female
4366-CTOUZ,2022-06-23,Central,referral,22,Female
6121-VZNQB,2026-08-09,Central,paid_search,32,Female
7903-CMPEY,2026-08-15,Central,partner,67,Male
1518-OMDIK,2023-11-28,North,partner,26,Male
6671-NGWON,2026-01-20,West,social,43,Female
0595-ITUDF,2021-04-21,West,social,55,Male
6996-KNSML,2026-07-20,North,social,46,Female
1955-IBMMB,2021-10-14,North,organic,53,Male
0096-BXERS,2026-03-17,Central,organic,43,Female
3806-YAZOV,2026-05-31,Central,paid_search,23,Female
7998-ZLXWN,2025-05-20,South,partner,34,Female
6253-WRFHY,2025-07-19,North,referral,52,Male
9133-AYJZG,2024-10-08,South,social,23,Female
2675-OTVVJ,2024-02-05,North,social,60,Male
8680-CGLTP,2024-03-29,West,social,52,Male
8430-TWCBX,2022-07-21,South,organic,24,Female
5018-GWURO,2022-01-11,North,partner,57,Female
6741-QRLUP,2021-05-19,Central,social,50,Female
4737-HOBAX,2021-05-24,Central,social,46,Male
0537-QYZZN,2024-09-14,Central,paid_search,63,Male
3340-QBBFM,2023-08-23,Central,partner,62,Male
1704-NRWYE,2025-11-28,North,referral,78,Female
2592-SEIFQ,2026-05-19,West,organic,51,Male
8200-KLNYW,2024-12-10,West,paid_search,55,Female
3372-CDXFJ,2025-07-19,West,paid_search,38,Male
4781-ZXYGU,2026-08-16,South,social,53,Male
7632-YUTXB,2024-08-14,South,organic,50,Female
2718-YSKCS,2020-10-03,Central,organic,24,Male
9896-UYMIE,2021-02-26,North,referral,44,Male
0853-NWIFK,2022-12-12,West,referral,44,Female
8212-CRQXP,2024-11-08,West,referral,42,Female
6980-CDGFC,2021-02-04,West,organic,50,Female
7691-XVTZH,2021-01-13,East,referral,54,Female
2520-SGTTA,2026-09-11,West,social,42,Female
7481-ATQQS,2022-08-13,Central,organic,62,Female
2277-VWCNI,2026-04-20,West,partner,67,Female
1088-CNNKB,2021-05-20,North,organic,57,Male
8642-GVWRF,2026-06-30,South,paid_search,47,Female
1930-BZLHI,2024-11-26,South,social,45,Male
3400-ESFUW,2022-02-11,South,paid_search,25,Male
5868-YTYKS,2026-08-16,South,referral,36,Male
3525-DVKFN,2025-04-06,South,paid_search,29,Female
1482-OXZSY,2024-02-17,West,partner,41,Male
0377-JBKKT,2024-11-02,North,referral,52,Male
5778-BVOFB,2025-11-23,West,referral,30,Female
3373-YZZYM,2026-08-06,West,social,58,Male
2057-ZBLPD,2024-12-07,Central,referral,26,Female
0228-MAUWC,2025-01-22,North,referral,25,Male
5502-RLUYV,2020-12-02,South,social,58,Female
0023-HGHWL,2026-07-27,Central,referral,65,Male
7663-YJHSN,2020-08-26,East,social,49,Female
4915-BFSXL,2020-10-26,East,partner,50,Male
3086-RUCRN,2021-02-25,North,social,34,Female
5215-LNLDJ,2026-01-22,West,referral,24,Female
7576-JMYWV,2022-11-03,South,referral,62,Female
9039-RBEEE,2023-06-08,Central,organic,24,Male
0257-KXZGU,2024-01-01,South,organic,46,Female
1307-ATKGB,2024-09-07,North,organic,54,Male
8417-FMLZI,2026-03-17,East,partner,58,Male
3714-XPXBW,2023-08-07,East,paid_search,51,Female
1850-AKQEP,2026-01-01,East,paid_search,50,Male
2824-DXNKN,2020-09-01,Central,partner,54,Female
5227-JSCFE,2020-10-06,South,paid_search,66,Male
0848-ZGQIJ,2025-04-26,South,organic,46,Female
3621-CHYVB,2021-12-08,West,referral,58,Female
8042-RNLKO,2021-02-26,North,referral,33,Male
1792-UXAFY,2025-04-09,Central,organic,74,Female
5372-FBKBN,2024-11-17,South,paid_search,55,Female
0420-TXVSG,2021-02-26,South,paid_search,33,Male
6217-TOWGS,2025-04-01,North,partner,33,Female
0515-YPMCW,2026-08-05,South,paid_search,27,Male
0378-XSZPU,2021-10-25,East,organic,32,Male
1045-LTCYT,2026-01-04,West,paid_search,43,Female
1544-JJMYL,2024-05-24,Central,referral,54,Male
4636-JGAAI,2023-11-13,West,partner,27,Male
6874-SGLHU,2024-02-22,South,organic,47,Male
5951-AOFIH,2023-11-19,Central,social,50,Male
4729-XKASR,2026-08-10,North,paid_search,55,Male
3059-NGMXB,2025-07-11,South,paid_search,49,Male
8652-YHIYU,2025-04-19,South,organic,27,Female
5278-PNYOX,2022-08-05,East,paid_search,40,Female
5449-FIBXJ,2025-01-26,South,referral,57,Male
3486-HOOGQ,2020-11-11,Central,partner,55,Female
5061-PBXFW,2024-01-04,South,partner,44,Female
8630-FJLIB,2025-02-25,South,referral,57,Female
3891-NLXJB,2023-07-22,West,organic,46,Male
4749-OJKQU,2026-05-05,East,paid_search,24,Female
0577-WHMEV,2025-05-15,East,partner,55,Female
5453-AXEPF,2025-04-05,Central,partner,28,Male
3639-XJHKQ,2025-01-27,East,referral,36,Female
3716-LRGXK,2021-08-21,North,referral,30,Male
2263-SFSQZ,2022-05-23,West,referral,48,Male
9950-MTGYX,2024-04-25,West,social,23,Male
3397-AVTKU,2023-02-12,South,referral,45,Male
4825-FUREZ,2023-03-03,Central,referral,53,Male
9837-BMCLM,2026-05-31,South,paid_search,51,Male
2672-OJQZP,2026-08-03,North,referral,33,Female
0137-UDEUO,2026-05-21,North,partner,55,Female
3134-DSHVC,2021-05-20,West,social,35,Female
6161-UUUTA,2026-06-11,South,partner,66,Male
7821-DPRQE,2020-12-19,East,partner,40,Male
6543-XRMYR,2024-02-21,West,partner,71,Female
2001-EWBQU,2021-08-26,Central,organic,22,Female
4925-LMHOK,2025-06-06,East,paid_search,28,Male
1608-GMEWB,2022-11-25,Central,paid_search,65,Male
6695-AMZUF,2020-10-30,South,partner,57,Female
1455-UGQVH,2025-10-21,Central,partner,37,Male
8410-BGQXN,2026-04-27,South,organic,57,Male
8280-MQRQN,2026-07-20,North,organic,23,Female
1619-YWUBB,2021-01-04,West,referral,57,Female
7611-YKYTC,2024-11-14,West,social,30,Male
2037-SGXHH,2023-07-04,Central,organic,23,Male
3178-FESZO,2026-07-19,Central,social,50,Female
0365-GXEZS,2025-02-27,North,organic,36,Male
0082-OQIQY,2024-03-27,West,paid_search,32,Male
6087-MVHJH,2025-04-29,West,partner,50,Female
4603-JANFB,2026-07-31,West,partner,34,Male
3018-TFTSU,2025-09-15,North,social,49,Male
3606-SBKRY,2024-02-04,North,organic,29,Male
4806-KEXQR,2026-05-16,West,organic,25,Male
0667-NSRGI,2022-09-06,Central,referral,34,Female
7083-YNSKY,2025-05-27,North,referral,44,Female
6893-ODYYE,2022-06-23,North,paid_search,30,Male
8242-JSVBO,2026-02-09,East,partner,27,Male
2479-BRAMR,2023-03-29,South,paid_search,77,Male
9541-ZPSEA,2021-01-10,Central,social,40,Male
2665-NPTGL,2024-07-11,Central,organic,62,Female
1139-WUOAH,2021-11-18,East,partner,30,Male
4693-VWVBO,2026-05-30,Central,referral,22,Female
7434-SHXLS,2026-08-12,South,organic,23,Female
6937-GCDGQ,2025-02-11,Central,partner,47,Male
0988-JRWWP,2026-06-16,East,organic,24,Female
5075-JSDKI,2021-10-03,East,referral,31,Female
7908-QCBCA,2026-08-14,North,partner,55,Female
8644-XYTSV,2023-03-01,North,organic,34,Male
6711-FLDFB,2026-02-02,North,paid_search,49,Female
3873-WOSBC,2021-01-27,East,paid_search,34,Male
7465-ZZRVX,2026-08-11,North,social,56,Male
7975-JMZNT,2021-03-13,North,paid_search,52,Male
7251-XFOIL,2021-08-14,West,social,39,Female
4116-IQRFR,2026-05-16,Central,referral,47,Male
3714-JTVOV,2023-03-16,North,social,73,Female
8259-DZLIZ,2021-05-10,East,social,56,Female
0442-ZXKVS,2022-02-22,Central,paid_search,63,Female
7853-WNZSY,2026-07-30,East,referral,52,Male
3120-FAZKD,2022-03-11,North,partner,44,Male
8606-OEGQZ,2025-02-19,North,organic,45,Female
0225-ZORZP,2026-05-26,Central,partner,35,Male
4702-IOQDC,2026-07-25,East,referral,52,Female
9489-JMTTN,2020-08-21,North,organic,49,Female
0575-CUQOV,2021-08-25,Central,social,67,Male
0967-BMLBD,2025-09-19,Central,paid_search,51,Female
6178-KFNHS,2025-09-07,West,social,27,Female
2830-LEWOA,2021-07-23,North,paid_search,54,Male
5006-MXVRN,2023-06-14,North,referral,53,Female
1264-BYWMS,2022-02-06,South,paid_search,30,Male
9658-WYUFB,2025-03-22,North,social,58,Female
8327-WKMIE,2023-08-13,East,social,41,Male
6917-FIJHC,2020-09-01,South,partner,33,Female
5329-KRDTM,2020-09-06,West,social,65,Male
7797-EJMDP,2026-01-13,North,partner,35,Female
3530-VWVGU,2024-11-09,West,paid_search,23,Female
2013-SGDXK,2026-08-01,Central,social,47,Female
6368-NWMCE,2023-06-30,North,referral,48,Female
3633-CDBUW,2025-03-28,West,paid_search,46,Male
0707-HOVVN,2020-11-13,East,organic,62,Female
8580-QVLOC,2020-09-07,North,partner,78,Female
3956-MGXOG,2024-05-14,South,paid_search,48,Female
9274-UARKJ,2025-06-17,West,partner,54,Female
4077-HWUYD,2020-09-05,Central,organic,25,Male
2012-NWRPA,2025-09-29,South,partner,61,Female
8808-ELEHO,2026-01-05,North,partner,74,Male
0103-CSITQ,2021-12-15,South,referral,53,Female
3506-LCJDC,2026-08-11,Central,partner,58,Male
8671-KKKOS,2022-11-04,East,social,28,Female
7305-ZWMAJ,2024-03-07,East,social,39,Male
9518-XXBXE,2025-10-23,North,referral,79,Male
3934-HXCFZ,2024-09-29,West,social,54,Male
6578-KRMAW,2023-12-18,East,social,41,Male
4860-IJUDE,2025-08-12,East,organic,31,Male
7666-WKRON,2023-06-06,Central,paid_search,25,Female
9688-YGXVR,2023-01-14,East,partner,49,Female
0423-UDIJQ,2025-12-17,Central,referral,71,Male
1945-XISKS,2021-01-19,East,organic,54,Female
4910-AQFFX,2025-12-03,South,referral,57,Male
2154-KVJFF,2025-05-29,Central,paid_search,52,Female
5360-LJCNJ,2020-10-08,West,partner,51,Female
2607-FBDFF,2026-08-16,West,referral,52,Male
9647-ERGBE,2024-02-20,South,organic,58,Female
3428-XZMAZ,2026-07-29,West,organic,39,Male
1100-DDVRV,2025-03-27,East,paid_search,50,Male
0378-TOVMS,2026-06-01,North,organic,52,Female
4355-HBJHH,2021-02-03,South,social,26,Male
6728-WYQBC,2026-08-05,Central,paid_search,47,Male
9058-CBREO,2026-07-26,East,partner,72,Female
9029-FEGVJ,2024-01-10,West,organic,78,Female
7216-KAOID,2023-04-07,North,referral,28,Male
0318-QUUOB,2026-08-08,South,social,26,Male
6145-NNPNO,2026-08-02,Central,partner,55,Female
5520-FVEWJ,2025-08-18,East,paid_search,50,Female
5339-TJFEK,2021-06-20,Central,partner,25,Male
5572-ZDXHY,2024-10-31,Central,referral,45,Female
2074-GUHPQ,2025-04-11,South,paid_search,46,Female
4625-XMOYM,2020-08-19,Central,social,41,Female
5827-MWCZK,2022-01-07,West,social,44,Male
1385-TQOZW,2025-12-07,North,referral,55,Female
5914-XRFQB,2020-08-21,North,organic,41,Male
4329-YPDDQ,2025-01-09,North,referral,46,Male
4804-NCPET,2025-02-02,West,referral,43,Male
3750-CKVKH,2026-06-21,North,social,36,Male
5944-UGLLK,2022-04-08,South,partner,54,Male
8063-GBATB,2024-05-30,East,paid_search,75,Female
7787-BNTZM,2026-03-17,North,referral,51,Male
2252-ISRNH,2025-11-18,South,organic,44,Male
9415-TPKRV,2026-01-04,West,referral,47,Female
5322-TEUJK,2020-09-26,Central,referral,50,Female
4547-KQRTM,2025-11-01,East,referral,49,Female
4877-EVATK,2026-08-04,West,referral,42,Male
1866-DIOQZ,2020-10-04,East,referral,44,Female
8375-KVTHK,2021-01-16,East,partner,40,Male
2697-NQBPF,2023-11-09,East,referral,34,Male
3709-OIJEA,2024-07-06,Central,organic,48,Male
7639-SUPCW,2024-11-05,North,partner,54,Female
1386-ZIKUV,2026-02-07,East,partner,48,Male
0599-XNYDO,2024-12-28,North,partner,50,Female
6377-WHAOX,2021-08-23,Central,partner,52,Female
6855-VLGOS,2020-08-21,West,organic,35,Male
8999-XXGNS,2020-08-18,North,social,74,Female
8746-OQQRW,2026-04-29,West,social,34,Male
3181-MIZBN,2025-05-05,East,organic,49,Male
0471-ARVMX,2021-06-28,North,paid_search,63,Female
7766-CLTIC,2025-11-13,Central,paid_search,41,Female
5650-YLIBA,2024-01-23,South,social,50,Male
0825-CPPQH,2020-09-30,North,social,24,Female
9084-OAYKL,2021-11-12,West,paid_search,45,Male
6122-LJADA,2020-11-04,South,partner,47,Male
2400-XIWIO,2020-10-07,West,paid_search,40,Female
7524-VRLPL,2020-12-06,North,organic,71,Male
1069-XAIEM,2026-08-16,Central,paid_search,72,Female
7569-NMZYQ,2020-09-16,East,organic,41,Female
5201-USSQZ,2024-07-07,East,social,44,Female
2105-PHWON,2023-12-08,Central,partner,51,Female
1494-EJZDW,2025-10-18,East,organic,31,Female
4884-TVUQF,2021-12-09,North,referral,73,Female
8003-EWNDZ,2025-11-07,East,paid_search,37,Female
1897-RCFUM,2023-05-21,West,referral,29,Female
9256-JTBNZ,2025-09-22,South,social,34,Female
4658-HCOHW,2024-12-15,North,social,34,Female
2211-RMNHO,2021-01-14,North,social,33,Female
2432-TFSMK,2025-03-16,Central,paid_search,37,Male
3440-JPSCL,2026-03-05,North,organic,40,Female
4929-ROART,2025-03-01,East,organic,47,Male
1834-ABKHQ,2022-05-08,Central,organic,33,Female
1741-WTPON,2022-01-16,South,partner,53,Male
3932-IJWDZ,2022-12-11,South,partner,39,Male
1240-HCBOH,2021-01-28,West,social,48,Female
3594-KADLU,2026-06-06,West,organic,26,Male
8065-BVEPF,2021-04-14,North,paid_search,64,Male
3796-ENZGF,2021-05-29,East,partner,38,Male
1734-ZMNTZ,2025-09-29,North,partner,35,Female
2853-CWQFQ,2026-08-03,South,referral,40,Male
0813-TAXXS,2022-01-18,South,organic,27,Male
2519-TWKFS,2024-07-22,Central,referral,39,Male
2889-FPWRM,2020-09-15,Central,organic,47,Male
0626-QXNGV,2020-08-20,West,referral,48,Female
6723-CEGQI,2021-04-16,West,social,31,Female
6987-XQSJT,2022-03-04,North,organic,70,Female
4732-RRJZC,2026-01-19,North,organic,41,Male
9499-XPZXM,2020-08-18,West,partner,41,Female
4338-EYCER,2024-12-16,East,organic,51,Male
3007-FDPEA,2026-07-16,East,social,36,Female
6350-XFYGW,2026-05-11,West,partner,72,Male
4290-BSXUX,2026-06-09,South,referral,54,Male
8513-OLYGY,2020-09-08,West,paid_search,33,Male
0311-QYWSS,2026-03-06,West,paid_search,52,Female
8705-DWKTI,2022-05-09,South,paid_search,34,Male
8755-IWJHN,2020-11-29,West,social,61,Male
0325-XBFAC,2025-12-22,North,partner,46,Male
4480-QQRHC,2025-12-31,South,paid_search,67,Female
0929-PECLO,2021-06-08,West,organic,60,Female
3680-CTHUH,2021-08-30,Central,referral,30,Male
1202-KKGFU,2025-08-29,North,partner,25,Female
6112-KTHFQ,2025-07-22,West,partner,55,Female
1852-XEMDW,2024-10-19,East,paid_search,54,Male
2462-XIIJB,2026-04-09,West,referral,54,Male
4760-XOHVN,2026-07-21,West,organic,40,Female
1820-DJFPH,2020-08-23,North,referral,54,Female
9426-SXNHE,2026-07-15,West,partner,39,Female
9068-FHQHD,2023-05-02,South,paid_search,24,Female
1269-FOYWN,2023-01-12,North,paid_search,29,Male
9470-YFUYI,2020-10-02,East,referral,69,Male
7817-BOQPW,2026-07-17,North,social,35,Female
7402-EYFXX,2024-07-09,West,partner,78,Male
1853-UDXBW,2026-07-31,East,social,34,Male
9895-VFOXH,2026-08-08,East,organic,44,Female
5458-CQJTA,2021-04-17,North,social,32,Male
1230-QAJDW,2026-06-06,West,organic,45,Male
5701-ZIKJE,2025-08-01,North,paid_search,42,Male
5219-YIPTK,2023-11-25,South,referral,27,Female
5032-MIYKT,2026-08-13,South,paid_search,39,Female
7396-VJUZB,2026-05-04,West,social,25,Male
9717-QEBGU,2026-07-13,East,social,54,Male
5172-RKOCB,2020-09-12,Central,referral,48,Male
6509-TSGWN,2023-08-14,Central,referral,56,Female
3540-RZJYU,2025-05-26,West,partner,54,Female
3178-CIFOT,2024-09-19,North,partner,30,Female
2091-MJTFX,2024-02-27,West,referral,48,Female
4530-NDRKU,2023-03-07,South,social,25,Female
5985-TBABQ,2023-12-19,Central,organic,57,Female
9800-ONTFE,2024-11-02,Central,paid_search,51,Female
6743-HHQPF,2023-03-03,North,organic,47,Male
8455-HIRAQ,2025-12-28,North,organic,58,Female
6616-AALSR,2021-03-29,West,organic,53,Female
0883-EIBTI,2026-07-04,North,partner,53,Female
9415-ZNBSX,2020-11-02,Central,social,25,Female
4018-KJYUY,2024-11-07,East,referral,22,Male
0722-TROQR,2026-04-28,East,referral,67,Female
7571-YXDAD,2026-06-28,Central,paid_search,31,Female
3884-UEBXB,2021-02-02,South,organic,37,Female
8780-RSYYU,2024-07-26,East,referral,23,Female
5537-UXXVS,2025-01-12,Central,organic,45,Female
1791-PQHBB,2026-07-06,North,partner,52,Female
8701-DGLVH,2022-05-19,North,referral,53,Male
8741-LQOBK,2022-10-25,North,paid_search,43,Female
3393-FMZPV,2024-07-26,South,organic,46,Female
8082-GHXOP,2025-07-23,North,paid_search,41,Male
6402-ZFPPI,2024-07-29,North,organic,77,Female
0980-FEXWF,2024-06-28,Central,partner,42,Male
7486-KSRVI,2023-02-02,East,referral,56,Male
3011-WQKSZ,2025-01-22,South,partner,31,Male
8443-WVPSS,2025-10-26,East,referral,39,Male
3006-XIMLN,2026-07-03,Central,social,44,Female
8218-FFJDS,2020-09-13,East,partner,43,Female
1986-PHGZF,2025-02-22,East,organic,66,Male
9965-YOKZB,2025-12-08,Central,organic,63,Male
0504-HHAPI,2024-06-07,North,social,73,Female
9360-OMDZZ,2024-09-13,East,paid_search,47,Male
6305-YLBMM,2020-12-10,West,partner,49,Male
0345-XMMUG,2022-11-13,East,partner,58,Female
8024-XNAFQ,2020-09-14,Central,partner,78,Female
3647-GMGDH,2024-11-16,Central,paid_search,43,Male
2988-GBIVW,2020-11-08,South,paid_search,60,Female
2832-SCUCO,2026-06-26,Central,referral,35,Female
7036-ZZKBD,2024-01-22,South,organic,52,Male
3791-LGQCY,2022-01-10,South,paid_search,61,Female
0265-PSUAE,2025-05-05,Central,referral,48,Female
0463-TXOAK,2022-04-24,North,paid_search,26,Male
0594-UFTUL,2025-07-27,South,paid_search,26,Male
9509-MPYOD,2023-09-20,West,social,29,Female
9128-CPXKI,2021-10-05,East,paid_search,29,Female
0129-KPTWJ,2020-09-11,Central,social,44,Male
8166-ZZTFS,2021-03-13,South,social,66,Female
5855-EIBDE,2022-07-27,East,partner,42,Female
5365-LLFYV,2026-07-18,North,organic,32,Female
5956-YHHRX,2024-12-03,South,paid_search,61,Male
6008-NAIXK,2022-03-08,North,social,70,Male
2956-GGUCQ,2024-08-20,West,organic,77,Male
1928-BXYIV,2026-07-19,South,referral,27,Male
5760-FXFVO,2026-03-04,West,referral,24,Male
6595-COKXZ,2026-07-31,South,social,28,Female
0961-ZWLVI,2022-08-06,East,social,26,Male
5181-OABFK,2021-12-24,Central,paid_search,39,Female
4007-NHVHI,2022-01-08,Central,referral,68,Female
7816-VGHTO,2026-02-24,North,partner,44,Female
5871-DGTXZ,2023-12-20,West,social,38,Male
7550-WIQVA,2022-07-12,Central,referral,28,Male
7544-ZVIKX,2021-11-10,West,organic,22,Male
0016-QLJIS,2021-04-06,North,social,48,Female
7508-DQAKK,2021-04-23,West,referral,58,Female
5176-OLSKT,2021-02-26,West,organic,32,Female
9356-AXGMP,2023-07-13,West,organic,29,Male
3556-BVQGL,2025-01-05,East,paid_search,33,Female
0362-ZBZWJ,2023-08-29,East,partner,29,Male
8979-CAMGB,2021-04-19,West,social,71,Male
4211-MMAZN,2026-08-04,East,referral,40,Male
7581-EBBOU,2021-09-14,West,organic,51,Female
4274-OWWYO,2026-08-14,West,social,48,Male
5073-RZGBK,2022-07-17,South,partner,57,Female
1541-ETJZO,2026-08-14,West,referral,35,Male
2192-CKRLV,2020-09-04,West,organic,40,Female
3154-HMWUU,2021-09-08,East,social,36,Male
6119-SPUDB,2022-11-07,West,organic,23,Male
6522-OIQSX,2020-11-24,North,partner,36,Female
7813-ZGGAW,2024-02-02,South,referral,78,Male
8748-HFWBO,2025-01-25,West,referral,39,Male
1052-QJIBV,2020-09-30,Central,referral,27,Female
1319-YLZJG,2025-09-10,West,paid_search,49,Male
4106-HADHQ,2023-05-20,West,referral,53,Male
0723-FDLAY,2023-01-02,South,paid_search,57,Male
3050-RLLXC,2021-12-22,West,referral,25,Female
9298-WGMRW,2020-09-14,South,partner,26,Female
2369-UAPKZ,2026-03-23,North,partner,57,Male
3088-LHEFH,2025-09-26,South,organic,53,Female
2778-OCLGR,2024-09-09,West,social,65,Male
6583-KQJLK,2025-05-25,Central,organic,69,Female
8544-JNBOX,2020-08-25,East,paid_search,41,Male
6681-ZSEXG,2021-12-21,Central,paid_search,41,Male
6139-ZZRBQ,2021-05-11,West,paid_search,73,Male
6116-RFVHN,2023-10-22,East,paid_search,41,Female
0637-KVDLV,2026-06-26,Central,paid_search,23,Male
8884-FEEWR,2023-10-07,East,referral,47,Male
3125-RAHBV,2024-11-06,East,partner,50,Male
6633-MPWBS,2026-04-10,West,social,33,Male
0373-AIVNJ,2025-12-03,West,paid_search,26,Male
8785-EPNCG,2025-09-21,East,paid_search,27,Male
1682-VCOIO,2024-09-21,East,partner,53,Male
5729-KLZAR,2026-05-14,Central,organic,38,Female
2072-ZVJJX,2021-01-13,North,referral,41,Male
8849-AYPTR,2023-12-16,North,paid_search,57,Male
9518-IMLHK,2024-01-29,East,partner,24,Male
1582-RAFML,2026-08-08,North,organic,29,Male
3646-ITDGM,2021-12-25,South,social,52,Female
8740-CRYFY,2026-07-26,East,paid_search,41,Male
3569-VLDHH,2021-03-12,East,referral,23,Male
8224-KDLKN,2020-08-27,South,referral,48,Male
7594-LZNWR,2023-10-26,South,referral,61,Male
4001-TSBTV,2021-10-18,West,referral,50,Female
2962-XPMCQ,2026-06-27,Central,paid_search,51,Male
8727-XDPUD,2023-08-07,West,partner,52,Male
1043-UXOVO,2020-09-17,East,referral,39,Female
1064-FBXNK,2026-08-09,North,paid_search,31,Male
3996-ZNWYK,2020-09-22,South,paid_search,62,Male
2878-DHMIN,2023-10-06,East,referral,42,Male
7762-ONLJY,2026-02-18,South,social,45,Female
1678-FYZOW,2026-05-25,West,social,27,Female
5795-BKOYE,2020-11-29,South,paid_search,45,Female
8627-EHGIP,2023-01-10,Central,paid_search,43,Male
7402-PWYJJ,2022-04-12,South,organic,32,Female
5480-TBGPH,2024-08-19,East,referral,50,Female
0018-NYROU,2026-03-24,West,paid_search,26,Female
7501-VTYLJ,2026-07-03,South,social,48,Female
7608-RGIRO,2021-06-21,West,referral,57,Male
0480-BIXDE,2025-01-23,East,paid_search,42,Female
5895-QSXOD,2025-12-06,West,social,25,Male
9814-AOUDH,2022-03-24,East,social,42,Male
6175-IRFIT,2026-03-25,Central,paid_search,41,Male
8760-ZRHKE,2020-10-02,West,organic,75,Female
1622-HSHSF,2026-08-17,North,paid_search,32,Female
8854-CCVSQ,2025-02-24,East,paid_search,45,Male
6749-UTDVX,2020-09-06,Central,referral,31,Male
5542-DHSXL,2026-05-08,South,social,42,Female
9102-OXKFY,2021-09-26,East,social,43,Male
0511-JTEOY,2026-07-24,West,partner,45,Female
5216-WASFJ,2024-02-14,South,social,63,Female
7808-DVWEP,2026-05-24,East,organic,54,Male
7067-KSAZT,2021-04-09,East,organic,79,Female
2284-VFLKH,2022-08-01,North,social,51,Male
0366-NQSHS,2026-06-22,North,partner,54,Male
6532-YLWSI,2022-04-11,East,paid_search,30,Female
3807-BPOMJ,2022-02-09,North,partner,32,Female
3892-NXAZG,2020-08-18,Central,organic,41,Male
4948-WBBKL,2023-09-06,East,partner,67,Female
4182-BGSIQ,2025-10-19,West,social,47,Female
9300-AGZNL,2026-08-07,South,referral,72,Male
0988-AADSA,2020-08-29,South,partner,27,Female
9972-NKTFD,2024-05-02,East,partner,49,Female
3717-LNXKW,2023-06-19,West,social,52,Male
5734-EJKXG,2021-08-01,South,referral,33,Female
2207-RYYRL,2022-05-03,South,paid_search,33,Male
6729-FZWSY,2021-02-02,North,paid_search,42,Male
9695-IDRZR,2023-11-06,East,paid_search,39,Female
8144-DGHXP,2022-03-05,West,organic,28,Female
7814-LEEVE,2026-08-04,East,partner,40,Female
1112-CUNAO,2025-05-26,South,paid_search,64,Female
5175-AOBHI,2026-05-17,South,partner,48,Female
5174-RNGBH,2025-12-02,South,organic,52,Female
8631-WUXGY,2022-10-31,South,paid_search,45,Female
7270-BDIOA,2024-10-25,South,paid_search,54,Female
9565-JSNFM,2023-06-29,Central,organic,31,Male
5906-DVAPM,2022-02-03,South,social,23,Female
6654-QGBZZ,2026-08-14,South,referral,26,Female
8348-JLBUG,2021-05-06,West,social,70,Male
0607-DAAHE,2022-04-10,Central,social,45,Male
5641-DMBFJ,2021-11-10,East,organic,31,Female
9200-NLNPD,2021-12-26,West,social,53,Male
2664-XJZNO,2020-09-02,North,organic,33,Male
9732-KPKBW,2026-07-25,East,social,44,Male
3339-EAQNV,2020-09-12,North,partner,69,Male
0921-OHLVP,2024-10-18,North,social,25,Male
3389-YGYAI,2026-01-02,East,referral,63,Female
9560-ARGQJ,2025-05-10,South,organic,30,Female
8350-NYMVI,2023-06-07,North,organic,42,Female
1600-DILPE,2025-08-22,North,organic,22,Female
0536-ESJEP,2022-02-25,West,social,30,Male
4654-GGUII,2025-03-13,East,referral,43,Female
6478-HRRCZ,2023-12-18,South,paid_search,36,Male
8510-BBWMU,2023-04-14,Central,organic,45,Female
6857-TKDJV,2021-02-07,South,organic,46,Male
2360-RDGRO,2021-03-27,Central,paid_search,57,Male
0584-BJQGZ,2024-08-01,South,partner,52,Female
5134-IKDAY,2026-08-04,North,social,30,Female
1360-XFJMR,2021-01-19,North,partner,47,Female
3070-DVEYC,2026-01-23,South,social,78,Male
5730-RIITO,2023-01-19,North,paid_search,75,Female
9058-MJLZC,2024-09-08,North,paid_search,51,Female
5707-ORNDZ,2025-11-22,South,partner,61,Male
0902-XKXPN,2020-12-10,Central,organic,35,Male
5177-RVZNU,2023-07-24,South,social,52,Female
0056-EPFBG,2024-12-31,South,partner,55,Male
8993-IZEUX,2026-01-29,Central,organic,23,Male
8696-JKZNU,2023-08-14,South,organic,61,Female
5380-AFSSK,2026-03-22,Central,partner,31,Female
8190-ZTQFB,2023-04-09,West,partner,28,Male
0931-MHTEM,2022-03-01,Central,paid_search,24,Female
2055-PDADH,2026-06-13,East,partner,74,Female
7515-LODFU,2020-11-19,East,referral,62,Male
0440-UEDAI,2022-04-08,South,partner,41,Female
1337-BOZWO,2025-02-24,East,referral,35,Male
0868-VJRDR,2021-04-25,West,referral,50,Male
8714-EUHJO,2024-01-31,Central,paid_search,46,Female
6344-SFJVH,2025-01-13,North,organic,55,Female
3950-VPYJB,2021-12-08,North,organic,34,Male
8041-TMEID,2021-05-30,North,organic,75,Male
7321-ZNSLA,2025-08-01,West,social,38,Male
6941-KXRRV,2022-08-30,North,referral,76,Female
3721-CNEYS,2026-07-11,Central,paid_search,38,Female
8727-JQFHV,2021-11-30,South,social,52,Male
9475-NNDGC,2020-10-14,South,social,23,Male
1355-KUSBG,2026-02-01,Central,paid_search,41,Female
3688-FTHLT,2025-05-15,West,paid_search,37,Female
0899-LIIBW,2023-10-29,East,referral,29,Male
2568-OIADY,2023-07-31,Central,social,45,Female
1384-RCUXW,2025-04-22,West,partner,51,Male
5825-XJOCM,2022-09-03,West,referral,42,Male
6848-YLDFR,2021-11-12,South,paid_search,25,Male
8125-QPFJD,2020-09-09,Central,paid_search,24,Female
2320-YKQBO,2026-01-22,West,organic,37,Female
1193-RTSLK,2023-06-20,Central,partner,46,Female
2302-ANTDP,2022-09-15,Central,social,73,Female
5923-GXUOC,2025-10-27,East,partner,33,Male
4973-RLZVI,2024-03-03,South,paid_search,53,Female
7869-ZYDST,2024-02-09,Central,referral,22,Male
4501-UYKBC,2022-11-01,Central,social,75,Female
1215-EXRMO,2022-06-19,North,referral,27,Male
2305-MRGLV,2024-05-12,West,social,58,Male
8404-VIOMB,2021-02-20,West,referral,40,Female
5233-GEEAX,2026-01-14,West,referral,63,Male
2359-KLTEK,2023-03-27,Central,referral,33,Female
5304-EFJLP,2020-09-14,South,paid_search,64,Male
2673-ZALNP,2026-02-14,Central,referral,47,Female
9184-GALIL,2023-07-17,West,paid_search,30,Female
4393-RYCRE,2022-12-23,North,partner,30,Male
9746-MDMBK,2022-09-30,East,partner,24,Male
3162-ZJZFU,2022-03-28,North,paid_search,50,Male
8404-GFGCZ,2026-05-14,Central,social,27,Male
8875-AKBYH,2024-12-20,West,referral,61,Male
4432-ADRLB,2026-06-24,Central,social,34,Male
0533-UCAAU,2021-12-02,West,partner,69,Male
1394-SUIUH,2022-12-21,South,social,68,Female
3521-MNKLV,2024-09-12,East,social,51,Male
2533-TIBIX,2025-06-09,Central,paid_search,32,Male
8993-PHFWD,2026-06-16,North,paid_search,36,Female
1565-RHDJD,2026-05-14,Central,social,36,Female
7137-RYLPP,2023-07-23,East,paid_search,66,Male
3765-JXVKY,2026-08-05,East,partner,49,Female
5092-STPKP,2024-08-28,West,organic,41,Female
7330-WZLNC,2026-03-22,North,social,39,Female
0114-PEGZZ,2023-11-25,North,partner,58,Female
3359-DSRKA,2021-11-05,North,referral,28,Female
8639-NHQEI,2020-09-06,West,referral,57,Female
7161-DFHUF,2020-10-13,North,partner,47,Female
3957-LXOLK,2024-04-23,West,paid_search,75,Female
3720-DBRWL,2022-05-19,North,paid_search,47,Male
6635-MYYYZ,2024-03-02,West,paid_search,49,Female
8565-WUXZU,2020-09-02,Central,organic,70,Male
5281-BUZGT,2023-08-23,East,social,60,Male
4994-OBRSZ,2025-07-07,South,partner,52,Male
0562-FGDCR,2020-09-04,East,referral,27,Female
2436-QBZFP,2024-10-21,West,social,22,Female
3420-YJLQT,2026-07-07,West,partner,46,Female
6040-CGACY,2025-05-21,West,referral,55,Female
6582-PLFUU,2022-06-13,East,organic,40,Male
8242-PDSGJ,2020-11-02,West,referral,26,Male
0264-CNITK,2020-10-02,South,organic,41,Female
0089-IIQKO,2023-06-08,South,partner,31,Female
7839-NUIAA,2021-07-20,Central,organic,52,Female
6075-QMNRR,2022-05-04,East,referral,44,Female
5378-IKEEG,2026-07-22,Central,paid_search,34,Female
5966-EMAZU,2021-05-11,West,organic,45,Male
0440-EKDCF,2021-07-07,East,referral,46,Male
4774-HHGGS,2024-03-03,East,paid_search,47,Male
2718-GAXQD,2026-05-02,West,paid_search,63,Female
2055-BFOCC,2021-06-11,North,social,64,Male
8180-AKMJV,2026-08-08,East,paid_search,23,Female
4298-OYIFC,2025-05-30,West,referral,36,Male
5566-SOEZD,2024-06-09,North,organic,35,Male
9842-EFSYY,2026-04-26,North,paid_search,41,Female
2272-WUSPA,2020-09-02,North,paid_search,57,Female
4584-LBNMK,2022-11-18,East,partner,71,Male
3898-GUYTS,2022-12-10,South,organic,79,Female
0930-EHUZA,2023-08-23,East,social,45,Female
6413-XKKPU,2025-04-03,North,organic,26,Male
9975-SKRNR,2026-08-15,South,partner,39,Male
3703-KBKZP,2025-04-26,North,organic,74,Male
1449-XQEMT,2026-06-11,Central,social,47,Male
2626-URJFX,2026-05-14,East,partner,57,Male
4973-MGTON,2020-10-01,North,social,39,Female
3682-YEUWS,2025-10-24,East,social,55,Male
1223-UNPKS,2025-01-09,Central,social,58,Male
2612-RRIDN,2026-04-30,Central,partner,43,Male
4735-ASGMA,2024-07-17,Central,social,25,Male
3446-QDSZF,2026-05-13,East,organic,35,Female
3669-LVWZB,2026-03-26,South,partner,50,Male
6892-EZDTG,2026-05-18,South,social,43,Female
5117-IFGPS,2024-04-07,South,paid_search,61,Male
7379-FNIUJ,2026-07-03,Central,social,52,Male
1627-AFWVJ,2024-04-16,North,referral,24,Female
9725-SCPZG,2026-07-19,Central,referral,53,Male
5884-GCYMI,2026-08-02,Central,paid_search,35,Male
3217-FZDMN,2026-01-06,Central,organic,63,Female
4486-EFAEB,2025-07-19,West,social,40,Male
0060-FUALY,2021-10-01,Central,partner,38,Female
7853-GVUDZ,2026-07-28,North,referral,24,Female
7480-QNVZJ,2022-07-15,Central,social,67,Male
6954-OOYZZ,2025-03-14,East,organic,44,Male
7088-FBAWU,2025-04-16,Central,partner,43,Female
8313-AFGBW,2022-10-02,North,referral,42,Male
3943-KDREE,2024-06-22,Central,partner,27,Female
9239-ZBZZV,2026-02-19,East,organic,40,Female
3097-IDVPU,2025-01-29,North,partner,24,Male
4398-HSCJH,2026-06-16,East,partner,27,Female
2197-OMWGI,2020-12-29,North,social,60,Female
2303-PJYHN,2026-06-29,North,paid_search,44,Female
9795-VOWON,2026-01-29,East,organic,46,Male
1237-WIYYZ,2025-02-25,Central,organic,58,Female
1987-AUELQ,2020-09-30,North,organic,53,Female
7852-LECYP,2025-07-27,South,paid_search,75,Male
4430-UZIPO,2026-06-03,South,social,50,Male
4822-LPTYJ,2020-09-12,East,organic,25,Male
8165-CBKXO,2021-03-15,North,organic,53,Male
6527-PZFPV,2024-08-20,West,organic,36,Male
4855-SNKMY,2026-08-04,East,paid_search,50,Female
9593-CVZKR,2022-01-07,Central,partner,57,Female
8595-SIZNC,2024-11-08,South,paid_search,78,Female
8008-HAWED,2025-07-16,East,referral,56,Male
7124-UGSUR,2021-07-20,North,paid_search,63,Female
1862-SKORY,2023-05-16,Central,social,68,Female
5236-XMZJY,2023-03-12,Central,organic,45,Female
4827-DPADN,2020-09-03,South,paid_search,42,Female
2694-CIUMO,2025-09-06,East,referral,26,Female
5846-ABOBJ,2020-10-15,Central,social,48,Male
1439-LCGVL,2024-07-08,South,referral,24,Female
0909-SDHNU,2026-01-23,South,organic,58,Female
4647-XXZAM,2026-03-11,South,referral,27,Female
1502-XFCVR,2021-10-22,West,paid_search,38,Female
7740-KKCXF,2022-06-07,South,paid_search,52,Male
5360-XGYAZ,2020-09-16,North,social,41,Male
9692-TUSXH,2025-03-15,North,social,49,Female
7912-SYRQT,2026-01-22,Central,paid_search,48,Female
3557-HTYWR,2022-10-05,Central,referral,57,Female
4816-JBHOV,2026-06-19,Central,referral,76,Male
8920-NAVAY,2021-06-24,South,social,73,Male
1699-TLDLZ,2025-05-17,East,social,41,Female
5600-PDUJF,2026-03-09,East,paid_search,55,Male
8292-TYSPY,2025-01-25,East,organic,49,Male
0567-XRHCU,2020-12-15,North,organic,26,Female
1867-BDVFH,2025-09-18,East,organic,45,Male
2067-QYTCF,2021-05-13,North,partner,54,Female
2359-QWQUL,2023-05-25,South,partner,26,Female
9103-TCIHJ,2025-05-23,South,social,53,Female
7407-SUJIZ,2024-08-01,West,organic,25,Male
9150-KPBJQ,2026-02-22,Central,organic,54,Female
0052-DCKON,2021-02-19,West,organic,51,Male
3654-ARMGP,2021-07-26,East,partner,27,Female
9699-UBQFS,2023-01-26,East,organic,61,Female
9367-TCUYN,2025-09-05,East,partner,26,Female
1261-FWTTE,2024-10-08,North,social,78,Male
3528-HFRIQ,2020-09-20,Central,organic,73,Male
0708-SJDIS,2023-11-11,Central,partner,29,Female
4140-WJAWW,2026-04-05,South,referral,28,Female
2073-QBVBI,2023-04-02,North,social,37,Female
6928-ONTRW,2020-09-05,North,paid_search,35,Female
3320-VEOYC,2025-07-06,West,paid_search,72,Male
5231-FIQPA,2023-03-31,North,organic,38,Female
6617-WLBQC,2024-10-07,North,partner,31,Female
2599-CIPQE,2020-09-17,West,social,26,Male
6653-CBBOM,2026-08-12,North,organic,32,Female
8774-GSBUN,2020-09-05,North,referral,22,Male
7326-RIGQZ,2026-02-21,North,partner,55,Male
1401-FTHFQ,2024-10-02,West,partner,58,Male
3247-ZVOUO,2025-10-26,South,social,61,Male
0254-FNMCI,2020-08-28,South,partner,54,Female
1848-LBZHY,2026-02-06,West,social,39,Female
6101-IMRMM,2026-02-24,North,social,55,Male
8118-TJAFG,2025-12-10,East,social,28,Male
5429-LWCMV,2025-08-25,East,referral,32,Female
7298-IZWLY,2026-08-14,West,referral,49,Female
9758-MFWGD,2022-08-27,West,referral,60,Female
3955-JBZZM,2025-01-13,West,social,52,Male
1268-ASBGA,2025-04-21,South,paid_search,78,Female
8943-URTMR,2026-06-30,North,partner,36,Female
4815-TUMEQ,2025-11-15,East,partner,38,Female
4713-LZDRV,2026-07-15,North,organic,64,Female
9909-IDLEK,2025-01-11,East,referral,22,Male
4092-OFQZS,2024-12-19,West,organic,49,Male
1561-BWHIN,2025-01-29,Central,partner,50,Male
4325-NFSKC,2025-02-07,West,referral,71,Male
9927-DSWDF,2024-11-08,Central,paid_search,58,Male
9500-LTVBP,2023-10-17,East,organic,50,Female
7252-NTGSS,2026-08-11,East,organic,41,Female
8149-AIQCG,2023-05-23,South,partner,39,Male
1360-JYXKQ,2022-03-01,West,social,65,Female
2955-PSXOE,2026-08-06,Central,paid_search,52,Female
7762-URZQH,2021-03-17,South,social,36,Male
0899-WZRSD,2022-01-06,North,referral,43,Male
3255-GRXMG,2025-03-07,North,paid_search,25,Male
4828-FAZPK,2025-05-14,West,referral,33,Female
6094-ZIVKX,2020-12-29,West,partner,31,Female
6925-BAYGL,2022-03-29,North,social,78,Female
3262-EIDHV,2020-08-18,North,referral,40,Female
7354-OIJLX,2025-12-07,West,paid_search,48,Male
1376-HHBDV,2024-03-09,South,partner,37,Female
6907-NZZIJ,2023-08-24,East,referral,27,Female
6133-OZILE,2025-03-08,South,paid_search,42,Female
4135-FRWKJ,2022-01-28,West,referral,72,Female
2911-UREFD,2023-05-26,West,referral,53,Female
3744-ZRRDZ,2024-11-20,North,organic,50,Male
5673-TIYIB,2026-07-09,North,organic,30,Male
6551-ZCOTS,2023-11-29,East,partner,73,Male
7191-ADRGF,2023-01-13,West,organic,23,Male
5018-LXQQG,2024-02-23,North,referral,35,Female
6892-BOGQE,2020-10-15,North,partner,23,Female
1602-IJQQE,2026-04-28,West,paid_search,56,Female
4628-WQCQQ,2023-10-11,East,paid_search,26,Male
1746-TGTWV,2026-08-04,North,social,46,Male
5995-SNNEW,2024-10-14,West,organic,63,Male
8050-WYBND,2024-10-27,North,partner,30,Female
2821-WARNZ,2022-08-03,South,organic,51,Female
4879-GZLFH,2023-02-27,West,social,26,Female
1644-IRKSF,2023-12-07,South,referral,54,Female
8314-HTWVE,2026-02-15,North,organic,49,Female
9402-ROUMJ,2021-01-29,Central,partner,45,Female
2507-QZPQS,2025-05-28,South,organic,54,Male
7159-NOKYQ,2021-01-27,East,paid_search,36,Male
5707-ZMDJP,2022-04-10,Central,referral,32,Male
8779-YIQQA,2024-11-25,Central,partner,27,Male
7136-IHZJA,2023-05-02,Central,referral,56,Female
8966-OIQHG,2024-11-10,South,social,36,Female
7074-STDCN,2023-06-14,Central,referral,52,Male
3705-PSNGL,2022-12-08,North,paid_search,34,Male
8739-QOTTN,2026-07-18,South,paid_search,57,Female
1399-OUPJN,2021-11-25,North,social,54,Female
0277-BKSQP,2026-01-16,East,partner,33,Male
6502-HCJTI,2026-02-14,Central,organic,77,Male
2606-RMDHZ,2026-03-14,West,partner,51,Male
5774-XZTQC,2026-02-06,Central,referral,30,Female
2676-SSLTO,2022-08-17,North,paid_search,22,Male
6266-QHOJZ,2021-03-30,West,organic,32,Female
7269-JISCY,2022-02-12,West,social,43,Female
0363-SVHYR,2020-09-22,East,organic,27,Male
8547-NSBBO,2023-10-01,North,social,34,Male
8258-GSTJK,2026-06-15,North,organic,78,Male
6861-OKBCE,2025-10-05,Central,referral,24,Female
9940-RHLFB,2026-08-13,South,organic,23,Female
6591-QGOYB,2025-03-19,West,referral,37,Male
9070-BCKQP,2020-08-30,Central,social,22,Female
6421-SZVEM,2024-04-23,East,referral,23,Female
1328-EUZHC,2025-03-07,South,referral,28,Female
2995-UPRYS,2023-05-14,East,organic,72,Female
8878-RYUKI,2022-05-11,South,social,52,Female
9633-DENPU,2022-10-05,North,paid_search,26,Female
7811-JIVPF,2024-09-23,Central,referral,41,Female
7113-HIPFI,2021-03-05,South,social,48,Male
8541-QVFKM,2025-12-20,West,partner,45,Female
6686-YPGHK,2022-10-07,West,partner,73,Male
1383-EZRWL,2026-02-09,East,organic,35,Female
9258-CNWAC,2020-10-02,East,referral,54,Female
5371-VYLSX,2022-07-14,North,referral,64,Female
6374-AFWOX,2022-10-27,East,organic,25,Male
4759-TRPLW,2026-08-14,West,paid_search,53,Male
5317-FLPJF,2021-02-26,North,social,24,Female
7621-VPNET,2023-03-07,South,social,29,Female
6034-YMTOB,2026-04-07,West,social,28,Female
8563-IIOXK,2026-01-28,Central,social,23,Male
4903-CNOZC,2024-03-27,South,social,26,Male
4353-HYOJD,2024-05-21,Central,organic,43,Female
8020-BWHYL,2025-06-09,North,social,73,Female
7267-FRMJW,2024-07-23,East,partner,25,Female
2982-VPSGI,2025-09-22,Central,social,56,Female
4188-FRABG,2021-11-17,East,partner,25,Male
8199-ZLLSA,2021-01-18,East,organic,47,Male
4128-ETESU,2022-09-24,North,referral,73,Female
0620-DLSLK,2025-08-09,East,partner,41,Female
4625-EWPTF,2025-12-27,East,organic,40,Male
5980-NOPLP,2022-12-24,Central,referral,26,Female
3850-OKINF,2020-10-08,South,partner,30,Male
6892-XPFPU,2024-08-23,South,referral,60,Male
8010-EZLOU,2025-05-27,West,partner,74,Male
1156-ZFYDO,2026-08-03,Central,organic,23,Female
3295-YVUSR,2026-06-23,South,paid_search,69,Male
8016-NCFVO,2022-02-13,West,social,73,Male
4119-ZYPZY,2020-09-26,Central,referral,61,Male
5549-ZGHFB,2022-06-24,West,organic,23,Male
7577-SWIFR,2026-08-16,East,organic,26,Male
0303-WMMRN,2026-04-05,South,referral,23,Male
6408-OTUBZ,2021-03-02,South,social,44,Female
5204-HMGYF,2022-08-11,North,organic,26,Female
1078-TDCRN,2026-05-22,North,organic,72,Female
3727-OVPRY,2021-02-27,East,paid_search,28,Male
3797-FKOGQ,2025-10-09,North,paid_search,57,Male
7622-NXQZR,2024-05-04,North,organic,48,Male
6196-HBOBZ,2021-04-14,West,paid_search,35,Male
3970-XGJDU,2021-07-15,North,partner,37,Female
7017-VFULY,2026-06-26,North,social,24,Female
5562-YJQGT,2026-06-19,East,paid_search,24,Female
8807-OPMBM,2022-02-07,Central,partner,41,Female
5439-WIKXB,2023-04-10,West,social,73,Male
9874-QLCLH,2025-03-28,North,organic,45,Female
8294-UIMBA,2024-03-02,North,social,36,Female
8109-YUOHE,2025-04-13,West,organic,27,Male
5840-NVDCG,2025-04-27,West,partner,41,Female
8092-NLTGF,2020-09-10,South,partner,42,Male
5928-QLDHB,2025-12-14,Central,social,49,Male
9840-EFJQB,2026-08-04,Central,referral,29,Female
0696-UKTOX,2024-09-24,West,partner,42,Male
4801-KFYKL,2026-01-01,West,organic,53,Male
3472-OAOOR,2025-01-27,West,referral,31,Male
6135-OZQVA,2026-02-08,North,social,52,Female
8062-YBDOE,2026-08-03,West,organic,61,Male
2252-JHJGE,2021-07-27,Central,organic,37,Male
4188-PCPIG,2021-12-01,South,partner,54,Female
6000-APYLU,2025-12-10,North,referral,57,Male
7105-BENQF,2025-05-20,South,referral,30,Male
7721-DVEKZ,2026-08-15,South,paid_search,58,Female
3566-VVORZ,2025-08-20,Central,organic,22,Female
9507-HSMMZ,2022-02-25,East,partner,26,Male
2480-SQIOB,2026-05-15,West,paid_search,23,Male
0947-IDHRQ,2026-02-08,Central,partner,35,Female
7813-TKCVO,2025-01-05,West,referral,56,Female
0128-MKWSG,2024-06-19,West,paid_search,44,Female
3672-YITQD,2023-09-02,Central,paid_search,69,Male
4350-ZTLPI,2022-04-10,West,partner,25,Female
9048-JVYVF,2026-05-21,South,paid_search,41,Male
0361-HJRDX,2021-01-13,West,social,36,Female
5727-MYATE,2020-08-23,South,referral,39,Male
3823-KYNQY,2025-08-23,South,social,31,Male
8988-ECPJR,2023-11-06,West,referral,77,Female
7570-WELNY,2021-01-15,South,referral,57,Female
3021-VLNRJ,2022-06-21,North,referral,42,Female
3776-EKTKM,2026-07-19,Central,referral,77,Female
2080-CAZNM,2023-04-06,East,referral,62,Female
1028-FFNJK,2024-03-12,West,social,76,Male
6907-FLBER,2026-08-09,Central,partner,39,Male
3001-UNBTL,2024-04-13,West,organic,74,Male
5982-PSMKW,2024-09-28,West,organic,46,Female
3507-GASNP,2021-09-01,West,organic,26,Male
7096-ZNBZI,2020-09-06,South,partner,41,Female
1902-XBTFB,2024-10-28,Central,paid_search,53,Male
1676-MQAOA,2020-08-29,West,paid_search,39,Male
0786-IVLAW,2021-03-17,North,social,78,Female
7566-DSRLQ,2020-09-04,North,organic,30,Female
0643-OKLRP,2022-09-22,Central,organic,71,Female
7245-JMTTQ,2022-05-25,Central,organic,40,Female
6050-IJRHS,2020-10-22,Central,paid_search,35,Female
6202-JVYEU,2025-11-19,North,organic,26,Male
8591-TKMZH,2021-10-16,Central,partner,47,Male
0734-OXWBT,2026-06-09,Central,partner,28,Male
4282-ACRXS,2023-07-05,West,organic,70,Male
0365-TRTPY,2023-08-02,East,referral,58,Female
7349-ALMUX,2023-07-25,East,paid_search,24,Male
9381-NDKME,2024-08-26,East,organic,75,Female
6502-KUGLL,2025-06-26,North,referral,33,Female
1841-YSJGV,2020-09-12,East,partner,40,Male
2794-XIMMO,2022-03-28,South,paid_search,31,Male
8382-SHQEH,2025-12-24,South,partner,57,Female
3511-BFTJW,2020-08-25,North,social,22,Male
7668-XCFYV,2025-03-31,East,organic,72,Female
2983-ZANRP,2026-07-16,North,organic,41,Female
7845-URHJN,2026-01-12,Central,paid_search,23,Female
3034-ZBEQN,2022-08-25,Central,social,26,Female
5018-HEKFO,2025-10-21,Central,organic,25,Female
2923-ARZLG,2026-08-23,South,referral,32,Male
3976-NLDEZ,2026-08-05,North,referral,34,Male
2282-YGNOR,2024-03-31,East,organic,45,Female
5336-UFNZP,2021-04-12,West,organic,77,Female
6854-EXGSF,2025-12-30,North,organic,48,Female
1241-EZFMJ,2021-08-12,Central,organic,32,Male
9233-PSYHO,2022-11-24,East,referral,70,Female
5376-PCKNB,2020-08-24,Central,social,32,Male
8044-BGWPI,2025-09-15,North,paid_search,34,Male
4060-LDNLU,2026-01-18,East,paid_search,52,Male
3589-PPVKW,2025-11-24,East,paid_search,31,Male
8327-LZKAS,2023-02-05,North,social,65,Female
5887-IKKYO,2021-11-03,West,social,57,Male
1075-BGWOH,2025-05-15,Central,partner,69,Male
1755-RMCXH,2026-06-20,East,referral,29,Male
0302-JOIVN,2026-01-13,South,organic,54,Female
3858-XHYJO,2023-04-21,West,social,28,Female
4299-SIMNS,2025-11-28,South,organic,27,Male
7025-IWFHT,2023-03-21,South,organic,38,Male
6261-LHRTG,2024-07-06,West,partner,47,Female
7841-FCRQD,2023-11-21,East,organic,29,Female
2056-EVGZL,2021-01-04,South,organic,49,Male
8777-MBMTS,2021-04-07,East,referral,67,Female
7753-USQYQ,2022-02-05,Central,organic,50,Male
5366-IJEQJ,2024-12-19,East,paid_search,25,Male
7661-CPURM,2025-02-02,North,partner,39,Male
6233-HXJMX,2022-12-03,Central,organic,45,Female
5902-WBLSE,2020-10-28,West,partner,31,Female
1981-INRFU,2026-07-02,South,organic,44,Female
4971-PUYQO,2024-06-01,Central,partner,47,Female
3239-TPHPZ,2025-09-05,Central,organic,46,Female
5115-GZDEL,2020-09-12,Central,partner,36,Male
3338-CVVEH,2025-08-18,South,partner,50,Male
8485-GJCDN,2026-04-03,Central,partner,68,Female
2615-YVMYX,2020-09-17,Central,paid_search,74,Male
2851-STERV,2023-10-04,Central,paid_search,71,Male
4393-GEADV,2020-10-30,East,social,55,Male
8486-AYEQH,2024-01-31,South,partner,52,Female
1527-SXDPN,2022-04-20,South,organic,49,Male
6029-WTIPC,2023-08-14,Central,organic,65,Male
8634-CILSZ,2020-12-01,East,paid_search,51,Male
5419-JKZNQ,2024-03-13,Central,partner,64,Male
2495-KZNFB,2023-11-21,East,paid_search,48,Female
1409-PHXTF,2022-03-03,East,social,61,Male
4560-WQAQW,2021-09-20,North,referral,35,Female
9591-YVTEB,2022-02-07,East,social,69,Male
9309-BZGNT,2020-12-12,East,social,76,Male
4274-DRSQT,2021-02-27,North,referral,53,Female
2027-DNKIV,2023-08-13,North,social,37,Male
8075-GXIUB,2025-12-06,East,referral,72,Male
2885-HIJDH,2020-12-07,South,organic,25,Male
5424-RLQLC,2025-11-10,West,paid_search,42,Male
6682-QJDGB,2023-05-15,East,referral,38,Male
6507-DTJZV,2025-07-29,East,social,40,Male
8780-IXSTS,2026-02-24,North,social,23,Female
7673-BQGKU,2020-12-05,East,organic,31,Female
6723-WSNTY,2021-03-09,East,organic,72,Female
9530-EHPOH,2025-10-13,East,referral,33,Male
2725-IWWBA,2022-10-27,South,referral,56,Male
0345-HKJVM,2026-02-22,North,partner,27,Female
1061-PNTHC,2021-12-31,Central,paid_search,47,Female
0394-YONDK,2020-11-04,Central,social,22,Male
6574-MCOEH,2023-11-28,Central,referral,42,Female
7399-QHBJS,2020-08-20,South,paid_search,56,Female
3049-SOLAY,2026-05-19,West,referral,34,Female
0997-YTLNY,2025-02-10,North,social,29,Female
3317-HRTNN,2026-04-03,Central,paid_search,79,Female
9479-HYNYL,2020-09-20,North,referral,32,Female
3235-ETOOB,2025-12-29,East,social,54,Male
9708-KFDBY,2026-07-24,Central,organic,53,Male
8058-INTPH,2026-07-19,West,referral,46,Female
3642-GKTCT,2021-08-14,Central,partner,45,Female
0774-RMNUW,2020-09-28,East,social,44,Female
1334-PDUKM,2021-01-01,North,organic,49,Female
0756-MPZRL,2022-11-08,North,partner,39,Male
2242-MFOTG,2023-11-28,North,social,57,Male
2927-CVULT,2022-04-14,North,paid_search,34,Female
2144-BFDSO,2022-07-03,East,partner,75,Female
8745-PVESG,2021-12-04,North,referral,47,Female
7647-GYYKX,2022-03-07,North,partner,46,Female
5647-FXOTP,2021-08-29,East,paid_search,63,Female
5569-OUICF,2024-04-19,West,organic,76,Female
8821-XNHVZ,2026-07-20,West,social,37,Female
2082-OJVTK,2024-03-27,North,paid_search,42,Male
9700-ISPUP,2025-11-07,Central,organic,36,Female
9839-ETQOE,2023-01-19,East,social,51,Male
6078-VESFR,2025-07-19,South,social,64,Male
9027-TMATR,2023-01-22,South,partner,50,Female
5940-NFXKV,2025-01-20,Central,referral,37,Male
1941-HOSAM,2026-07-24,East,paid_search,30,Male
9110-HSGTV,2020-11-24,South,partner,58,Female
0704-VCUMB,2021-07-27,East,partner,41,Female
6171-ZTVYB,2023-01-28,North,referral,48,Male
8053-WWDRO,2026-02-27,North,partner,43,Female
9564-KCLHR,2026-08-06,South,referral,35,Male
1935-IMVBB,2021-12-21,South,social,57,Male
2535-PBCGC,2020-10-28,South,partner,35,Female
2082-CEFLT,2026-07-30,North,paid_search,58,Male
1470-PSXNM,2022-07-26,West,partner,37,Male
1213-NGCUN,2026-03-16,North,paid_search,22,Female
2498-XLDZR,2023-12-20,South,paid_search,23,Female
9866-OCCKE,2020-08-30,Central,social,64,Female
5338-YHWYT,2023-07-20,North,referral,41,Male
7718-UPSKJ,2020-12-13,South,organic,36,Female
8731-WBBMB,2024-07-10,East,paid_search,52,Female
1448-CYWKC,2021-10-19,South,social,44,Female
7901-IIDQV,2024-08-27,South,partner,46,Male
2690-DVRVK,2026-03-29,North,social,47,Male
5688-KZTSN,2025-06-05,East,referral,29,Male
1270-XKUCC,2024-03-01,West,organic,25,Female
0334-ZFJSR,2022-01-30,East,organic,48,Female
2894-QOJRX,2024-08-11,Central,organic,22,Female
5747-PMBSQ,2025-10-31,West,partner,71,Male
5583-EJXRD,2023-01-01,West,partner,26,Male
4565-EVZMJ,2022-10-08,East,referral,31,Female
3143-JQEGI,2025-08-07,West,partner,48,Female
6386-SZZKH,2022-07-25,East,referral,45,Female
3327-YBAKM,2021-04-27,Central,partner,50,Female
9441-QHEVC,2026-08-03,East,partner,44,Male
6705-LNMDD,2024-12-29,East,referral,23,Male
2580-ASVVY,2023-08-10,North,partner,53,Female
3370-GQEAL,2024-03-03,Central,paid_search,29,Male
5032-USPKF,2023-07-02,East,partner,27,Female
2982-IHMFT,2026-08-10,West,social,72,Female
3521-SYVOR,2023-08-12,West,paid_search,29,Female
4254-QPEDE,2022-05-03,North,partner,41,Female
6283-GITPX,2020-09-18,West,organic,39,Male
9526-JAWYF,2024-07-04,East,paid_search,50,Male
0771-CHWSK,2021-02-18,South,partner,23,Male
9788-HNGUT,2020-08-22,South,paid_search,25,Male
9495-REDIY,2024-07-25,West,paid_search,37,Male
5375-XLDOF,2020-11-20,North,paid_search,39,Male
1172-VIYBP,2022-04-05,West,organic,51,Male
5649-VUKMC,2025-08-25,Central,partner,44,Female
6559-PDZLR,2024-07-13,North,organic,27,Male
8992-OBVDG,2024-12-07,North,paid_search,58,Male
4273-MBHYA,2026-08-01,North,paid_search,39,Female
4724-WXVWF,2022-09-15,West,social,57,Male
5701-GUXDC,2024-06-25,Central,social,58,Female
1460-UZPRJ,2021-08-20,Central,organic,23,Male
6082-GLJIX,2025-03-15,North,organic,40,Male
5143-EGQFK,2025-10-18,East,partner,66,Female
4919-IKATY,2026-04-15,North,paid_search,40,Male
2495-TTHBQ,2026-05-15,South,partner,33,Female
0485-ZBSLN,2021-03-26,South,social,42,Male
3810-PJUHR,2020-10-27,West,organic,40,Male
9050-QLROH,2025-02-18,Central,social,28,Male
0847-HGRML,2021-07-05,Central,organic,32,Male
8232-CTLKO,2021-02-28,North,paid_search,27,Female
9227-YBAXE,2021-04-13,South,referral,53,Female
6168-WFVVF,2026-05-28,South,social,73,Female
9860-LISIZ,2023-10-19,South,referral,36,Female
0112-QAWRZ,2025-04-30,South,organic,36,Male
0877-SDMBN,2022-02-19,West,paid_search,24,Female
2786-GCDPI,2022-07-06,West,partner,67,Female
4043-MKDTV,2020-09-17,Central,referral,56,Male
8065-YKXKD,2025-10-31,West,organic,23,Female
9637-EIHEQ,2026-08-13,South,referral,27,Female
9229-RQABD,2025-03-08,North,referral,53,Male
8313-KTIHG,2026-05-04,South,organic,41,Male
5320-BRKGK,2021-11-14,West,paid_search,23,Female
6284-KMNUF,2021-12-21,Central,social,40,Female
9689-PTNPG,2026-07-11,South,partner,49,Male
9465-RWMXL,2023-12-27,North,organic,34,Male
6229-UOLQL,2021-12-20,North,organic,36,Male
2362-IBOOY,2023-09-04,North,paid_search,45,Male
3137-LUPIX,2026-04-30,West,referral,44,Female
0843-WTBXE,2022-04-02,East,referral,55,Male
6143-JQKEA,2025-10-25,West,partner,31,Male
8676-OOQEJ,2026-05-17,North,organic,32,Male
5515-IDEJJ,2026-08-07,East,organic,27,Male
9701-CDXHR,2022-05-30,North,partner,46,Female
7450-NWRTR,2025-09-14,South,social,63,Male
8124-NZVGJ,2026-02-21,West,organic,34,Female
2162-FRZAA,2021-05-30,South,paid_search,47,Male
5376-DEQCP,2026-08-17,West,partner,35,Female
5118-MUEYH,2022-09-16,South,organic,29,Female
9095-HFAFX,2026-04-13,East,social,41,Female
5627-TVBPP,2023-09-28,East,paid_search,38,Female
2379-ENZGV,2026-03-03,South,referral,36,Male
3936-QQFLL,2026-07-04,North,paid_search,38,Male
2589-AYCRP,2022-07-01,East,partner,55,Female
4067-HLYQI,2023-12-03,Central,organic,29,Female
5124-EOGYE,2024-02-06,West,organic,32,Male
5057-RKGLH,2025-12-17,West,referral,42,Female
0292-WEGCH,2022-03-18,Central,social,23,Female
8910-ICHIU,2022-10-27,North,partner,27,Female
4097-YODCF,2023-10-26,West,partner,42,Male
9715-WZCLW,2020-10-09,South,referral,40,Male
9786-YWNHU,2021-06-10,West,organic,46,Female
6407-GSJNL,2022-06-05,Central,referral,26,Female
6005-OBZPH,2024-06-28,Central,social,74,Female
4049-ZPALD,2021-04-30,East,partner,39,Female
7932-WPTDS,2026-08-01,Central,partner,69,Female
3733-UOCWF,2021-08-16,West,paid_search,70,Male
6833-JMZYP,2025-06-05,North,referral,30,Female
2722-VOJQL,2021-04-25,South,partner,38,Male
1310-QRITU,2025-03-01,Central,partner,39,Female
8961-QDZZJ,2021-11-22,Central,social,38,Female
9715-SBVSU,2025-06-27,Central,partner,39,Male
8490-BXHEO,2025-02-20,South,paid_search,71,Male
7173-TETGO,2020-08-30,South,paid_search,72,Female
7929-SKFGK,2020-10-30,Central,partner,40,Male
2300-RQGOI,2023-07-02,North,social,57,Female
3563-SVYLG,2021-01-09,Central,social,52,Male
5228-EXCET,2025-08-04,West,partner,52,Male
6435-VWCCY,2021-04-12,West,referral,66,Male
4998-IKFSE,2024-03-05,East,social,38,Female
8630-QSGXK,2022-06-13,Central,social,35,Male
2455-USLMV,2024-02-02,West,organic,25,Female
7394-FKDNK,2025-11-19,North,paid_search,24,Female
9488-FVZCC,2020-09-03,East,paid_search,45,Female
6331-LWDTQ,2025-10-25,Central,referral,37,Male
5995-WWKKG,2023-08-04,North,paid_search,52,Female
1597-FZREH,2026-06-21,West,paid_search,46,Female
7879-CGSFV,2022-02-09,South,organic,25,Male
9921-EZKBY,2023-11-22,East,organic,53,Male
7432-FFVAR,2022-10-26,Central,referral,40,Female
7246-ZGQDF,2026-07-22,East,social,42,Female
7000-WCEVQ,2025-01-13,North,paid_search,60,Female
0727-IWKVK,2025-11-21,North,paid_search,45,Male
5959-BELXA,2023-12-20,West,paid_search,71,Male
4456-RHSNB,2025-02-07,Central,social,28,Female
3512-IZIKN,2020-10-29,South,partner,37,Female
2481-SBOYW,2021-07-31,Central,partner,23,Female
7109-MFBYV,2024-07-16,East,organic,28,Male
1833-TCXKK,2022-12-02,North,social,51,Male
1832-PEUTS,2021-06-28,East,organic,27,Male
6141-OOXUQ,2026-08-11,Central,social,28,Male
8660-BUETV,2026-06-07,South,social,40,Female
0580-PIQHM,2023-03-31,Central,referral,25,Female
5696-CEIQJ,2021-01-19,West,social,31,Male
7503-ZGUZJ,2026-08-16,South,social,56,Male
1696-HXOWK,2020-09-18,West,referral,45,Female
3026-ATZYV,2023-07-24,East,partner,57,Female
4012-YCFAI,2021-08-22,North,referral,35,Male
2506-TNFCO,2026-08-16,Central,referral,66,Female
9970-QBCDA,2026-03-01,South,paid_search,30,Female
8718-PTMEZ,2025-08-06,East,partner,36,Female
9496-IVVRP,2025-09-20,West,paid_search,28,Female
2207-OBZNX,2026-01-24,North,organic,52,Male
2657-VPXTA,2025-10-28,West,paid_search,28,Female
6551-VLJMV,2023-11-17,South,organic,29,Male
1221-GHZEP,2021-06-21,East,social,39,Female
9289-LBQVU,2021-05-03,East,paid_search,37,Male
6142-VSJQO,2026-08-13,West,partner,33,Female
3458-IDMFK,2024-07-21,North,referral,35,Male
6933-FHBZC,2024-06-20,North,paid_search,32,Female
0221-NAUXK,2025-11-02,East,paid_search,55,Male
9770-KXGQU,2022-03-29,North,social,43,Female
6437-UKHMV,2026-01-28,South,referral,56,Female
6538-POCHL,2023-12-08,West,referral,58,Male
6726-NNFWD,2020-09-24,Central,partner,71,Female
3002-WQZWT,2024-03-19,West,social,52,Female
4277-UDIEF,2024-08-19,South,partner,26,Male
1208-NBVFH,2024-12-27,Central,referral,57,Male
4912-PIGUY,2026-08-07,East,social,39,Female
1114-CENIM,2022-02-19,North,social,48,Male
6060-DRTNL,2026-03-21,West,social,65,Female
2725-TTRIQ,2020-09-16,East,organic,25,Female
3374-TTZTK,2022-05-08,South,social,54,Male
8990-ZXLSU,2025-12-01,West,organic,38,Female
2275-RBYQS,2026-07-31,West,partner,27,Female
8473-VUVJN,2026-07-27,South,partner,61,Male
6289-CPNLD,2023-12-02,North,paid_search,24,Male
5536-SLHPM,2022-02-15,East,organic,38,Female
4419-UJMUS,2020-12-12,North,social,48,Male
7794-JASDG,2026-07-26,West,social,48,Male
7609-YBPXG,2022-02-26,East,organic,38,Male
5519-TEEUH,2023-11-28,South,partner,35,Male
7856-GANIL,2022-12-04,East,organic,77,Male
0804-XBFBV,2025-10-09,South,referral,28,Female
2676-OXPPQ,2026-03-09,South,paid_search,24,Male
3703-TTEPD,2024-11-26,South,partner,27,Male
2799-TSLAG,2021-04-02,West,referral,51,Female
0196-VULGZ,2026-03-15,Central,referral,64,Female
8837-VVWLQ,2026-01-05,West,partner,23,Female
2696-NARTR,2025-09-23,South,referral,28,Male
2208-NKVVH,2023-01-30,Central,organic,23,Male
7614-QVWQL,2022-07-23,North,referral,52,Male
1976-CFOCS,2026-08-02,South,partner,79,Female
4631-OACRM,2025-06-03,North,referral,60,Male
7139-JZFVG,2021-08-19,Central,organic,30,Male
4987-GQWPO,2025-04-02,North,organic,44,Male
3755-JBMNH,2025-05-13,East,paid_search,60,Male
1757-TCATG,2023-10-05,North,partner,52,Male
6345-ULYRW,2022-12-28,South,paid_search,70,Male
4776-XSKYQ,2025-09-06,West,social,24,Female
8048-DSDFQ,2026-08-05,Central,paid_search,23,Male
5753-QQWPW,2024-04-21,North,referral,36,Female
6010-DDPPW,2020-11-03,North,partner,48,Male
1809-DMJHQ,2026-04-08,South,partner,46,Female
6693-FRIRW,2025-03-15,Central,organic,29,Male
6586-MYGKD,2020-11-04,North,organic,46,Male
3173-NVMPX,2025-11-25,North,organic,46,Female
0248-PGHBZ,2021-02-07,East,social,77,Female
0623-GDISB,2026-08-03,South,organic,49,Female
2892-GESUL,2025-02-27,North,organic,37,Female
6923-EFPNL,2026-04-21,East,partner,24,Male
7472-EQOAV,2020-09-22,West,partner,73,Male
9574-RKJIF,2024-03-09,North,social,50,Male
2043-WVTQJ,2026-08-13,West,paid_search,47,Male
8034-RYTVV,2022-01-26,North,partner,31,Female
3863-QSTYI,2021-10-10,West,organic,50,Male
2619-WFQWU,2026-08-06,South,referral,36,Female
5044-LRQAQ,2026-02-12,South,organic,39,Female
1716-LSAMB,2022-11-24,North,social,25,Male
1333-PBMXB,2022-03-14,Central,referral,58,Female
6546-OPBBH,2022-06-06,East,paid_search,53,Male
5985-BEHZK,2020-09-04,West,social,66,Female
9127-QRZMH,2023-01-15,South,organic,42,Male
5919-VCZYM,2026-06-25,North,partner,50,Male
9644-KVCNC,2021-02-27,North,referral,40,Female
2137-DQMEV,2020-12-31,East,partner,29,Male
8174-LNWMW,2024-02-11,South,paid_search,57,Female
9279-CJEOJ,2024-12-15,West,social,68,Female
7964-VEXDG,2024-12-15,West,referral,34,Male
2404-JIBFC,2022-01-28,South,referral,35,Female
0778-NELLA,2025-11-25,East,referral,54,Male
8029-XYPWT,2020-09-23,South,paid_search,76,Male
4614-NUVZD,2026-07-24,West,paid_search,48,Female
4632-PAOYU,2024-11-05,West,organic,55,Male
3803-KMQFW,2026-08-17,West,referral,56,Female
6804-GDMOI,2021-08-10,North,referral,53,Female
2990-OGYTD,2021-01-23,South,paid_search,55,Female
6646-JPPHA,2025-06-25,Central,social,75,Female
9572-MTILT,2021-10-02,South,organic,58,Male
7658-UYUQS,2024-12-16,North,social,77,Male
7880-XSOJX,2026-04-25,North,social,26,Male
9611-CTWIH,2026-05-24,North,organic,26,Female
4589-IUAJB,2020-11-10,West,partner,51,Male
0329-GTIAJ,2026-05-24,North,paid_search,33,Female
8746-BFOAJ,2024-11-27,East,organic,72,Male
8457-XIGKN,2024-12-21,South,social,56,Male
6072-NUQCB,2024-10-29,North,organic,45,Male
6629-CZTTH,2026-08-15,Central,paid_search,50,Male
8838-GPHZP,2021-05-29,West,organic,32,Female
8750-QWZAJ,2020-11-13,Central,organic,38,Female
5364-EVNIB,2025-08-10,Central,organic,57,Male
6918-UMQCG,2026-03-22,Central,social,52,Female
0675-NCDYU,2020-08-18,West,organic,29,Female
6339-DKLMK,2025-08-03,East,partner,56,Female
1346-PJWTK,2021-08-09,West,organic,40,Male
5088-QZLRL,2026-08-06,East,social,53,Male
8023-QHAIO,2022-01-09,North,social,75,Female
4397-FRLTA,2026-05-01,South,partner,44,Female
3057-VJJQE,2023-10-05,East,social,27,Male
5087-SUURX,2025-03-17,North,paid_search,34,Female
2302-OUZXB,2020-08-29,Central,partner,48,Male
8133-ANHHJ,2022-07-29,Central,paid_search,67,Female
2270-CHBFN,2022-12-27,East,partner,25,Female
0013-EXCHZ,2026-05-20,East,social,64,Female
5982-FPVQN,2023-07-27,Central,partner,47,Female
9107-UKCKY,2021-07-28,East,paid_search,38,Male
4654-ULTTN,2020-11-10,West,partner,53,Male
5550-VFRLC,2026-08-04,East,social,73,Female
5546-BYZSM,2023-04-04,South,social,34,Female
1492-KGETH,2020-10-19,West,partner,23,Male
4929-BSTRX,2026-08-03,North,partner,48,Female
4163-HFTUK,2022-05-28,South,partner,53,Male
8215-NGSPE,2023-03-02,West,partner,27,Female
2225-ZRGSG,2020-11-15,West,organic,33,Female
8859-YSTWS,2022-08-19,Central,social,53,Male
5271-YNWVR,2020-12-27,West,organic,23,Male
7601-DHFWZ,2022-09-10,North,referral,57,Female
2657-ALMWY,2024-07-16,Central,paid_search,61,Female
6330-JKLPC,2025-09-19,East,paid_search,27,Male
4667-OHGKG,2026-08-08,North,paid_search,27,Male
1998-VHJHK,2024-06-17,East,organic,47,Female
1707-HABPF,2022-10-29,North,referral,79,Female
1660-HSOOQ,2026-08-17,East,referral,40,Male
7253-UVNDW,2022-11-10,East,referral,24,Female
0487-VVUVK,2024-07-21,North,organic,41,Male
7228-OMTPN,2026-05-17,Central,partner,34,Male
5063-IUOKK,2025-07-26,East,organic,48,Male
4508-OEBEY,2024-01-29,Central,social,54,Male
0027-KWYKW,2024-10-07,East,organic,40,Female
2308-STERM,2026-07-10,East,organic,45,Female
5982-XMDEX,2021-04-03,Central,paid_search,44,Female
6284-AHOOQ,2024-11-01,South,referral,73,Male
6051-PTVNS,2022-01-20,Central,social,30,Female
2344-JMOGN,2025-12-10,North,referral,30,Male
3799-ISUZQ,2026-01-29,Central,paid_search,36,Male
2877-VDUER,2023-09-27,West,social,49,Female
9152-AMKAK,2026-03-18,East,paid_search,54,Male
1794-HBQTJ,2026-07-22,South,social,32,Female
9432-VOFYX,2025-03-19,East,referral,26,Male
8049-WJCLQ,2025-11-14,East,paid_search,44,Male
6586-PSJOX,2025-06-10,Central,paid_search,44,Male
2460-FPSYH,2023-04-25,Central,organic,71,Female
9705-ZJBCG,2025-07-24,East,partner,28,Female
4818-DRBQT,2024-04-13,South,referral,53,Male
1320-HTRDR,2026-05-21,South,partner,53,Female
6847-KJLTS,2021-11-07,South,partner,64,Female
9670-BPNXF,2022-12-09,North,organic,43,Female
3913-FCUUW,2020-09-06,North,social,31,Female
3301-VKTGC,2020-12-27,West,referral,36,Male
1493-AMTIE,2026-08-11,South,partner,24,Male
9555-SAHUZ,2023-07-02,East,organic,31,Female
0816-TSPHQ,2026-07-16,West,partner,38,Male
9932-WBWIK,2025-10-13,West,partner,38,Male
4619-EVPHY,2024-12-24,South,paid_search,63,Female
5286-YHCVC,2020-09-05,West,social,57,Male
6424-ELEYH,2026-05-25,North,partner,31,Female
4391-RESHN,2024-09-24,East,social,40,Male
9115-YQHGA,2023-04-19,North,social,39,Male
4462-CYWMH,2021-07-13,East,paid_search,64,Male
8963-MQVYN,2024-10-19,North,social,53,Female
2458-EOMRE,2025-09-21,Central,partner,49,Female
9334-GWGOW,2026-02-02,West,organic,60,Male
6821-BUXUX,2025-08-13,South,partner,36,Female
5028-HTLJB,2026-08-13,West,referral,60,Male
9801-GDWGV,2023-06-02,South,social,37,Female
6542-LWGXJ,2026-06-17,East,organic,42,Male
5567-GZKQY,2021-11-14,North,paid_search,34,Male
1222-LRYKO,2026-03-03,East,paid_search,39,Male
2320-JRSDE,2026-08-01,North,referral,27,Female
2087-QAREY,2024-10-22,North,partner,43,Female
0601-WZHJF,2025-06-18,East,paid_search,48,Male
4423-JWZJN,2021-05-09,East,partner,41,Male
5143-WMWOG,2026-08-08,South,organic,54,Male
6490-FGZAT,2026-03-13,North,paid_search,58,Male
5393-RXQSZ,2026-08-11,East,partner,55,Male
7452-FOLON,2023-06-04,Central,paid_search,25,Male
2320-TZRRH,2024-12-18,West,referral,54,Female
0231-LXVAP,2026-07-22,North,partner,34,Male
9444-JTXHZ,2026-07-21,Central,paid_search,38,Male
4942-VZZOM,2021-05-04,East,social,37,Male
5510-BOIUJ,2026-07-29,East,social,32,Male
7502-BNYGS,2022-10-26,North,social,54,Female
4291-HYEBC,2024-05-10,South,referral,79,Female
6147-CBCRA,2023-12-04,West,paid_search,57,Female
6047-SUHPR,2023-06-01,South,social,57,Male
4471-KXAUH,2023-03-07,North,partner,37,Female
9752-ZNQUT,2026-08-03,North,partner,48,Female
7638-QVMVY,2026-02-02,Central,organic,40,Female
1576-PFZIW,2020-11-15,Central,social,64,Male
5666-MBJPT,2021-03-25,North,referral,49,Male
7312-XSBAT,2026-07-21,Central,partner,47,Male
3096-GKWEB,2025-02-24,Central,social,55,Male
2371-JQHZZ,2024-08-19,South,organic,50,Male
0674-GCDXG,2021-06-05,West,organic,45,Male
1121-QSIVB,2023-01-15,South,organic,56,Female
4396-KLSEH,2026-05-10,South,partner,25,Male
3244-DCJWY,2026-07-23,West,social,50,Female
2824-MYYBN,2023-08-13,South,organic,36,Female
0875-CABNR,2025-10-31,South,organic,70,Female
6345-HOVES,2023-11-17,South,referral,50,Male
8318-LCNBW,2023-10-08,North,paid_search,32,Male
6469-QJKZW,2026-05-15,Central,organic,54,Female
0147-ESWWR,2023-06-14,West,partner,75,Female
1217-VASWC,2023-02-12,Central,social,73,Male
7812-FZHPE,2025-04-01,East,paid_search,34,Female
6370-ZVHDV,2021-07-28,North,organic,37,Female
5915-DGNVC,2022-08-09,South,paid_search,56,Female
6260-XLACS,2026-04-24,South,organic,25,Male
3566-CAAYU,2021-05-06,Central,referral,40,Female
4983-CCWMC,2026-05-26,South,organic,52,Male
9103-CXVOK,2026-08-02,West,paid_search,39,Male
2896-TBNBE,2023-04-27,North,organic,42,Male
4797-AXPXK,2026-07-19,Central,partner,34,Female
5229-PRWKT,2025-12-18,West,referral,27,Male
6982-UQZLY,2026-07-31,East,organic,63,Female
2522-WLNSF,2023-10-20,South,organic,75,Female
3841-CONLJ,2026-07-27,South,referral,41,Female
5057-LCOUI,2023-06-09,South,referral,37,Female
0193-ESZXP,2021-10-19,East,organic,70,Female
4475-NVTLU,2022-12-13,Central,paid_search,56,Male
4369-HTUIF,2026-03-04,South,partner,75,Male
9386-LDCZR,2023-02-12,West,referral,55,Male
9585-KKMFD,2023-03-25,East,organic,35,Male
5399-ZIMKF,2026-03-22,West,paid_search,45,Male
0336-KXKFK,2020-08-23,West,organic,38,Male
5619-XZZKR,2026-05-15,North,social,30,Male
3948-FVVRP,2025-12-09,North,social,29,Male
5327-XOKKY,2020-09-06,Central,paid_search,64,Male
0983-TATYJ,2023-12-14,North,paid_search,42,Female
1813-JYWTO,2020-09-01,East,organic,26,Female
0156-FVPTA,2024-11-15,West,partner,47,Male
1984-FCOWB,2020-10-29,East,social,38,Female
0654-HMSHN,2024-11-29,North,paid_search,54,Male
6719-OXYBR,2025-05-31,North,partner,32,Male
3312-ZWLGF,2024-03-21,West,paid_search,72,Male
6476-YHMGA,2025-05-25,Central,social,33,Female
5287-QWLKY,2020-10-09,South,paid_search,65,Male
0795-XCCTE,2020-08-30,East,organic,68,Male
0168-XZKBB,2025-01-22,Central,social,48,Female
3785-NRHYR,2026-07-23,Central,social,53,Male
5196-SGOAK,2026-07-29,East,paid_search,32,Female
4537-DKTAL,2026-07-16,West,social,45,Female
7072-MBHEV,2025-10-04,Central,paid_search,70,Female
5602-BVFMK,2025-08-22,West,paid_search,35,Female
6297-NOOPG,2020-11-14,East,referral,32,Female
1891-UAWWU,2024-12-30,West,partner,78,Female
8204-TIFGJ,2024-09-30,South,paid_search,54,Female
8050-DVOJX,2022-08-11,Central,partner,73,Male
6108-OQZDQ,2026-05-08,North,partner,32,Female
0363-QJVFX,2023-12-18,South,organic,52,Male
8903-XEBGX,2026-07-01,South,social,39,Male
8169-SAEJD,2020-11-18,South,organic,74,Male
9840-DVNDC,2026-03-04,East,referral,48,Male
1089-XZWHH,2024-08-22,West,referral,27,Female
2325-WINES,2023-12-29,Central,referral,54,Female
6064-ZATLR,2024-05-21,East,organic,35,Female
3096-JRDSO,2024-06-08,West,paid_search,73,Female
7824-PANSQ,2021-11-05,East,organic,37,Male
8042-JVNFH,2026-08-16,North,social,49,Male
9648-BCHKM,2025-03-12,West,organic,44,Female
2888-ADFAO,2022-10-13,North,referral,28,Female
8707-HOEDG,2020-11-11,East,paid_search,28,Female
3374-LXDEV,2025-08-08,Central,organic,54,Female
4072-IPYLT,2023-08-22,West,paid_search,41,Female
7167-PCEYD,2021-02-04,East,social,32,Male
4936-YPJNK,2025-10-23,South,referral,27,Female
1580-BMCMR,2025-01-22,Central,social,76,Male
4817-KEQSP,2020-09-17,Central,social,56,Female
6408-WHTEF,2020-09-01,South,referral,58,Male
9251-AWQGT,2022-08-22,North,social,36,Female
8749-CLJXC,2026-08-05,East,paid_search,29,Male
7989-VCQOH,2025-02-28,West,referral,37,Male
5049-GLYVG,2026-07-24,Central,partner,27,Male
4199-QHJNM,2021-02-11,Central,referral,60,Male
8882-TLVRW,2020-12-15,South,social,45,Male
5883-GTGVD,2025-02-11,South,organic,58,Male
5135-GRQJV,2020-08-26,Central,referral,77,Male
2384-OVPSA,2023-07-04,South,partner,69,Female
1371-WEPDS,2023-05-10,East,paid_search,60,Male
3580-GICBM,2021-07-25,South,social,35,Female
4817-QRJSX,2025-11-16,South,paid_search,44,Female
9730-DRTMJ,2024-01-11,East,paid_search,24,Male
4686-UXDML,2024-12-02,South,paid_search,50,Female
3349-ANQNH,2021-09-20,East,partner,62,Female
2398-YPMUR,2025-07-26,South,organic,77,Female
0932-YIXYU,2022-09-27,North,organic,39,Female
7480-SPLEF,2020-11-25,West,partner,27,Male
7636-XUHWW,2026-07-09,Central,paid_search,22,Male
1431-CYWMH,2024-11-03,East,organic,42,Female
5937-EORGB,2025-05-22,South,paid_search,68,Male
6349-JDHQP,2022-03-27,West,paid_search,52,Female
5539-HIVAK,2024-04-30,East,organic,70,Female
5847-MXBEO,2024-11-14,East,social,27,Male
9985-MWVIX,2026-07-27,East,organic,33,Female
4583-PARNH,2025-05-07,West,referral,62,Male
1116-FRYVH,2022-09-05,North,paid_search,25,Female
1421-HCERK,2024-02-26,North,paid_search,63,Male
9633-XQABV,2026-06-06,North,organic,25,Female
0716-BQNDX,2021-11-29,North,social,66,Male
1265-XTECC,2021-01-16,Central,social,70,Female
1183-CANVH,2024-10-11,West,organic,29,Female
1972-XMUWV,2021-04-01,West,organic,26,Female
8679-LZBMD,2022-12-19,West,social,48,Male
3407-JMJQQ,2020-09-24,North,referral,45,Female
6252-DFGTK,2023-08-05,South,organic,57,Female
1539-LNKHM,2025-08-18,West,organic,26,Female
8645-KOMJQ,2020-12-08,East,referral,29,Male
0289-IVARM,2023-09-21,East,referral,38,Female
9761-XUJWD,2026-04-05,West,partner,46,Male
4057-FKCZK,2021-11-14,North,organic,26,Male
4291-TPNFG,2020-09-16,West,paid_search,29,Male
6087-YPWHO,2020-08-18,West,paid_search,37,Male
3090-QFUVD,2026-07-29,East,referral,22,Female
2237-ZFSMY,2023-06-13,East,paid_search,36,Female
1722-LDZJS,2022-03-19,North,paid_search,50,Male
1818-ESQMW,2024-06-16,South,social,41,Female
4871-JTKJF,2026-08-07,South,referral,77,Female
1415-YFWLT,2026-07-26,Central,referral,79,Female
7401-RUBNK,2025-03-17,North,organic,57,Female
0506-YLVKJ,2022-10-20,South,organic,41,Male
8661-BOYNW,2020-08-27,North,partner,41,Female
6711-VTNRE,2023-08-20,South,social,56,Female
4815-GBTCD,2026-04-23,North,referral,27,Female
2805-AUFQN,2024-07-23,South,organic,25,Female
0980-PVMRC,2023-05-12,West,referral,38,Female
7233-DRTRF,2021-06-11,West,paid_search,33,Male
3500-RMZLT,2025-06-10,South,organic,67,Female
3873-NFTGI,2025-07-13,West,organic,26,Male
1162-ECVII,2020-08-28,West,referral,68,Male
7048-GXDAY,2023-06-16,Central,referral,44,Male
8571-ZCMCX,2022-10-05,Central,referral,47,Female
1169-WCVAK,2025-01-29,South,partner,26,Male
4548-SDBKE,2026-04-01,East,paid_search,34,Female
8066-POXGX,2025-08-03,West,paid_search,44,Female
7129-CAKJW,2025-04-11,South,partner,41,Female
8695-ARGXZ,2023-11-14,East,organic,67,Male
3570-YUEKJ,2023-02-17,East,organic,46,Female
4143-OOBWZ,2026-04-04,South,social,37,Male
1555-HAPSU,2020-09-29,North,paid_search,50,Female
1697-NVVGY,2025-01-29,North,organic,62,Male
7854-EKTJL,2026-07-07,West,partner,24,Female
8464-EETCQ,2021-11-25,Central,referral,55,Male
2419-FSORS,2020-09-05,West,organic,22,Male
8132-YPVBX,2026-03-06,South,social,32,Female
9102-IAYHT,2025-03-24,North,paid_search,26,Female
6754-LZUKA,2021-08-08,West,partner,30,Male
3422-LYEPQ,2026-07-28,North,partner,36,Male
8099-MZPUJ,2022-08-28,East,social,26,Male
0787-LHDYT,2025-05-17,Central,partner,39,Male
2642-DTVCO,2025-11-27,North,partner,61,Male
0374-IOEGQ,2026-05-24,East,organic,27,Female
4361-JEIVL,2026-08-09,Central,social,56,Male
3197-NNYNB,2021-03-21,South,organic,37,Male
3396-DKDEL,2020-11-16,Central,paid_search,43,Female
1752-OZXFY,2021-09-11,Central,referral,38,Male
9066-QRSDU,2020-11-18,East,paid_search,33,Female
9112-WSNPU,2023-09-22,South,referral,77,Female
9867-NNXLC,2024-10-25,West,organic,43,Female
5321-NTRKC,2021-02-27,West,referral,55,Male
1363-TXLSL,2026-08-11,East,paid_search,70,Male
9507-EXLTT,2026-08-03,North,partner,44,Female
3161-GETRM,2023-11-01,West,referral,45,Male
0402-OAMEN,2020-09-14,South,partner,36,Female
6933-VLYFX,2024-01-30,North,organic,26,Male
6754-WKSHP,2024-03-15,North,social,40,Male
9846-GKXAS,2025-12-14,East,paid_search,54,Female
6017-PPLPX,2025-01-11,North,paid_search,33,Male
4976-LNFVV,2025-02-10,South,referral,64,Male
5055-MGMGF,2021-04-15,South,organic,53,Female
4641-FROLU,2024-02-18,East,social,31,Female
2862-JVEOY,2026-02-22,West,paid_search,43,Male
2969-QWUBZ,2026-07-03,East,social,49,Female
9822-BIIGN,2022-04-06,East,organic,40,Male
2077-MPJQO,2026-02-10,North,social,74,Male
1534-OULXE,2021-07-20,North,paid_search,55,Female
7136-RVDTZ,2020-10-24,Central,partner,79,Male
2971-SGAFL,2025-07-26,West,social,53,Female
1480-IVEVR,2023-10-03,North,organic,60,Male
2905-KFQUV,2026-07-18,East,paid_search,52,Female
4581-SSPWD,2026-05-29,North,social,53,Female
3370-HXOPH,2026-06-03,North,organic,30,Female
9391-YZEJW,2021-07-09,South,organic,22,Female
9958-MEKUC,2020-09-07,West,referral,27,Male
0281-CNTZX,2021-06-16,West,organic,31,Male
6927-WTFIV,2024-12-21,West,social,63,Male
4118-CEVPF,2023-10-13,North,social,71,Female
3398-ZOUAA,2024-11-22,North,organic,65,Male
9114-VEPUF,2021-06-18,East,organic,22,Male
7876-BEUTG,2025-06-16,Central,partner,47,Female
2338-BQEZT,2022-01-28,West,referral,35,Female
9873-MNDKV,2025-10-15,West,social,50,Female
0378-NHQXU,2025-03-24,North,social,26,Female
8241-JUIQO,2021-08-02,Central,referral,32,Female
2194-IIQOF,2020-10-16,Central,paid_search,24,Female
4512-ZUIYL,2026-06-25,East,partner,32,Female
9631-RXVJM,2023-09-25,South,partner,56,Male
9584-EXCDZ,2025-03-21,West,referral,40,Female
7969-AULMZ,2024-12-02,West,paid_search,38,Female
5093-FEGLU,2022-09-20,Central,paid_search,32,Female
2621-UDNLU,2026-05-29,North,referral,31,Female
7526-IVLYU,2026-06-02,East,referral,46,Male
2428-HYUNX,2023-01-06,West,referral,77,Male
9214-EKVXR,2026-08-09,South,organic,49,Female
3410-MHHUM,2022-12-29,Central,social,49,Female
0568-ONFPC,2026-03-26,North,partner,39,Male
0733-VUNUW,2024-09-15,North,social,25,Male
4550-EVXNY,2026-08-05,West,social,48,Female
2122-YWVYA,2025-03-17,North,partner,51,Female
2968-SSGAA,2025-11-05,East,paid_search,40,Female
2296-DKZFP,2021-03-25,South,partner,25,Female
4844-JJWUY,2026-07-28,West,referral,78,Female
6777-TGHTM,2022-04-14,North,social,56,Female
8909-BOLNL,2026-05-27,South,paid_search,30,Male
6603-YRDCJ,2023-12-17,Central,organic,27,Male
3538-WZPHD,2026-06-17,South,organic,49,Male
3229-USWAR,2023-10-21,East,organic,34,Female
2138-VFAPZ,2025-07-17,Central,partner,48,Female
6131-JLWZM,2025-08-10,West,organic,48,Female
4785-QRJHC,2022-11-13,West,organic,62,Male
0269-XFESX,2024-09-29,Central,paid_search,23,Male
1709-EJDOX,2022-10-02,West,partner,42,Female
4316-XCSLJ,2025-03-23,Central,referral,37,Male
8610-WFCJF,2022-07-19,East,paid_search,53,Female
9693-XMUOB,2021-09-25,Central,paid_search,65,Male
0383-CLDDA,2020-12-02,West,social,31,Female
4905-JEFDW,2025-10-16,South,referral,53,Male
2709-UQGNP,2025-10-20,East,paid_search,49,Male
3549-ZTMNH,2025-08-31,South,partner,44,Male
7881-INRLC,2022-12-11,South,paid_search,57,Male
8033-ATFAS,2023-06-01,South,paid_search,50,Female
1635-NZATJ,2020-10-05,East,partner,60,Male
0562-HKHML,2020-10-06,South,paid_search,51,Male
8277-RVRSV,2023-12-04,West,referral,36,Female
9943-VSZUV,2021-01-24,South,partner,77,Male
0117-LFRMW,2023-08-13,East,paid_search,44,Male
6172-FECYY,2022-07-20,North,organic,50,Male
7054-ENNGU,2025-12-16,South,social,58,Female
1455-HFBXA,2022-05-14,South,paid_search,47,Male
9402-CXWPL,2020-10-27,Central,paid_search,43,Female
1628-BIZYP,2026-08-13,East,referral,43,Male
1965-AKTSX,2025-06-24,North,organic,69,Female
0082-LDZUE,2026-07-26,South,organic,22,Male
4786-UKSNZ,2026-08-05,West,referral,23,Male
5343-SGUBI,2022-05-05,North,social,55,Female
0856-NAOES,2026-02-17,North,referral,51,Male
1976-AZZPJ,2026-01-23,South,referral,31,Male
7248-VZQLC,2022-09-29,South,partner,73,Female
6156-UZDLF,2024-07-13,East,social,39,Female
3099-OONVS,2024-07-30,North,social,31,Male
9500-WBGRP,2020-12-15,West,organic,37,Male
5183-KLYEM,2020-09-09,South,referral,34,Female
5144-PQCDZ,2026-04-28,West,referral,47,Male
8514-VZHEB,2021-10-05,East,paid_search,50,Male
6625-IUTTT,2021-01-17,South,social,25,Male
9355-NPPFS,2024-06-19,East,paid_search,62,Female
0068-FIGTF,2024-06-15,North,social,58,Female
5965-GGPRW,2020-08-21,West,organic,54,Male
8035-PWSEV,2026-02-21,South,partner,51,Female
2236-HILPA,2021-07-14,South,partner,49,Male
1840-BIUOG,2025-01-05,North,referral,22,Male
1356-MKYSK,2026-02-18,South,organic,58,Male
6080-LNESI,2022-06-17,South,organic,49,Male
1830-IPXVJ,2021-08-16,South,partner,54,Female
5828-DWPIL,2021-07-02,Central,social,65,Male
8398-TBIYD,2020-08-19,South,referral,31,Female
0011-IGKFF,2025-08-09,North,organic,70,Male
4192-GORJT,2026-03-25,East,partner,46,Male
6496-SLWHQ,2026-05-28,South,referral,66,Male
9912-GVSEQ,2024-07-13,East,organic,76,Female
2931-FSOHN,2025-08-09,West,paid_search,65,Male
9418-RUKPH,2023-06-30,North,paid_search,58,Female
5383-MMTWC,2026-01-02,East,social,71,Female
9971-ZWPBF,2023-11-10,North,social,79,Male
4712-AUQZO,2025-03-12,North,organic,46,Male
9711-FJTBX,2021-12-31,North,referral,46,Male
2908-ZTPNF,2023-08-24,North,organic,34,Female
7240-ETPTR,2025-12-05,South,referral,53,Female
2202-CUYXZ,2026-07-21,Central,organic,43,Male
5995-OIGLP,2025-08-27,Central,partner,27,Male
8421-WZOOW,2021-12-04,North,organic,62,Female
6261-RCVNS,2023-02-25,Central,social,53,Female
7951-QKZPL,2023-12-04,West,paid_search,25,Female
1414-YADCW,2020-10-25,East,paid_search,22,Male
8756-RDDLT,2020-12-18,West,social,46,Female
2862-PFNIK,2026-07-25,East,social,38,Male
5816-QVHRX,2023-08-13,South,organic,31,Female
4430-YHXGG,2026-05-16,East,organic,39,Female
6888-SBYAI,2026-07-24,West,social,28,Male
7395-XWZOY,2024-12-22,West,social,35,Male
7169-YWAMK,2020-08-30,North,referral,30,Male
3640-PHQXK,2024-02-09,Central,organic,43,Female
6877-LGWXO,2025-02-20,South,organic,74,Male
6859-RKMZJ,2025-10-04,Central,paid_search,55,Male
2729-VNVAP,2023-12-09,South,partner,24,Female
2957-JIRMN,2021-07-07,North,organic,63,Female
2049-BAFNW,2026-08-09,Central,partner,31,Female
3842-QTGDL,2025-05-09,East,social,43,Male
7163-OCEQI,2024-11-07,South,organic,41,Male
9782-LGXMC,2022-07-28,North,social,54,Female
5975-BAICR,2023-09-17,North,social,56,Male
8019-ENHXU,2023-03-08,North,paid_search,50,Male
5167-GBFRE,2026-05-13,Central,organic,72,Male
9033-EOXWV,2025-08-28,North,paid_search,23,Female
4673-KKSLS,2024-01-18,North,paid_search,55,Female
4853-OITSN,2026-03-25,Central,paid_search,56,Male
9800-OUIGR,2021-03-10,Central,social,31,Male
1324-NLTJE,2025-06-02,South,organic,69,Female
2324-EFHVG,2021-05-17,West,paid_search,47,Male
7094-MSZAO,2025-11-04,East,partner,43,Male
1522-VVDMG,2026-02-07,East,organic,54,Male
6907-CQGPN,2024-04-02,South,organic,43,Male
0780-XNZFN,2021-12-04,West,paid_search,50,Male
0239-OXEXL,2022-10-27,Central,social,51,Female
2675-IJRGJ,2022-04-01,West,social,22,Male
7049-GKVZY,2025-03-20,Central,social,27,Female
8577-QSOCG,2023-07-16,North,social,50,Female
3721-CNZHX,2025-05-20,West,organic,28,Male
0212-ISBBF,2024-10-24,Central,referral,29,Female
9185-TQCVP,2025-06-26,East,referral,49,Male
3585-YNADK,2021-11-22,Central,organic,29,Female
5271-DBYSJ,2025-10-16,South,social,78,Male
1099-GODLO,2026-08-11,Central,partner,22,Female
6828-HMKWP,2025-09-16,Central,social,39,Male
5567-WSELE,2026-05-25,West,paid_search,71,Male
1472-TNCWL,2023-09-07,West,partner,49,Male
8063-RJYNF,2025-05-07,East,organic,55,Male
0687-ZVTHB,2021-03-30,South,organic,46,Male
2080-GKCWQ,2026-07-06,East,partner,49,Male
9661-ACXBS,2023-02-27,Central,organic,29,Female
2193-SFWQW,2020-08-19,North,paid_search,34,Male
5656-JAMLX,2021-07-08,South,partner,33,Male
3462-BJQQA,2026-02-20,East,referral,24,Female
0442-TDYUO,2022-09-01,South,paid_search,57,Male
6733-LRIZX,2023-10-06,West,paid_search,30,Male
9503-XJUME,2022-04-21,South,partner,38,Male
4367-NHWMM,2026-08-03,West,social,35,Female
3727-RJMEO,2026-03-15,North,partner,23,Male
3779-OSWCF,2020-10-08,South,paid_search,55,Female
6736-DHUQI,2021-01-21,West,referral,30,Female
3915-ODIYG,2021-09-01,East,organic,64,Male
1360-RCYRT,2024-09-30,West,organic,34,Male
2724-FJDYW,2023-05-28,West,paid_search,27,Male
4451-RWASJ,2025-06-12,South,paid_search,58,Male
6646-VRFOL,2022-04-15,East,social,61,Male
3460-TJBWI,2024-09-03,Central,social,33,Male
5917-HBSDW,2023-07-21,Central,organic,32,Female
5685-IIXLY,2026-04-14,North,paid_search,22,Female
5671-UUNXD,2022-06-26,West,organic,71,Female
0956-ACVZC,2022-02-17,East,organic,40,Female
2325-NBPZG,2026-06-15,North,paid_search,30,Female
4250-ZBWLV,2021-01-13,West,social,25,Male
4482-FTFFX,2026-03-22,North,organic,32,Male
8859-DZTGQ,2023-12-14,South,partner,32,Male
0440-MOGPM,2023-03-26,West,paid_search,37,Female
0020-JDNXP,2023-10-25,Central,referral,58,Female
3752-CQSJI,2025-08-08,East,social,33,Female
5025-GOOKI,2025-01-08,Central,social,48,Female
4698-KVLLG,2022-06-02,Central,social,77,Female
5095-AESKG,2026-06-02,East,referral,23,Female
2887-JPYLU,2023-03-23,North,organic,40,Female
4770-QAZXN,2025-07-31,West,social,38,Female
4896-CPRPF,2023-09-18,North,social,40,Male
1871-MOWRM,2025-09-09,Central,social,28,Male
9714-EDSUC,2026-05-10,South,referral,39,Male
2027-OAQQC,2023-02-09,West,paid_search,26,Female
0282-NVSJS,2025-08-28,West,organic,74,Female
9090-SGQXL,2021-01-15,East,paid_search,75,Male
6595-YGXIT,2024-07-22,Central,paid_search,78,Male
7353-YOWFP,2026-01-23,West,paid_search,40,Female
9835-ZIITK,2021-02-16,Central,social,61,Male
8008-ESFLK,2022-03-20,North,partner,49,Female
7537-CBQUZ,2021-06-15,East,paid_search,66,Male
1555-DJEQW,2020-10-25,Central,partner,55,Female
5649-TJHOV,2024-06-02,Central,partner,64,Male
0519-XUZJU,2026-07-26,East,referral,31,Female
3363-EWLGO,2026-03-22,North,social,27,Female
4750-UKWJK,2023-07-31,South,social,67,Female
6338-AVWCY,2026-06-17,East,referral,48,Male
1689-YQBYY,2025-08-22,West,referral,41,Female
4487-ZYJZK,2023-07-05,Central,paid_search,46,Female
2959-FENLU,2025-12-04,North,partner,31,Female
0708-LGSMF,2025-07-31,South,social,24,Male
9253-QXKBE,2024-03-21,South,partner,63,Male
7634-HLQJR,2022-10-02,Central,paid_search,57,Female
0487-RPVUM,2021-08-11,North,referral,23,Male
4079-ULGFR,2025-04-26,South,partner,23,Male
2516-XSJKX,2023-03-30,South,organic,42,Female
0057-QBUQH,2023-02-15,North,referral,23,Female
9445-SZLCH,2023-09-02,West,partner,48,Female
6599-SFQVE,2026-02-23,East,referral,56,Female
8331-ZXFOE,2021-10-21,East,partner,32,Female
4003-FUSHP,2025-02-07,Central,social,32,Male
0356-ERHVT,2025-10-02,East,organic,53,Male
7325-ENZFI,2023-05-24,South,referral,35,Female
4884-ZTHVF,2025-12-30,South,partner,69,Female
3920-HIHMQ,2024-07-05,Central,social,25,Female
3055-OYMSE,2022-04-12,East,referral,67,Female
0613-WUXUM,2020-11-15,North,social,56,Female
7568-PODML,2026-07-28,West,paid_search,24,Male
4458-KVRBJ,2021-09-19,West,referral,51,Male
5349-IECLD,2026-06-30,South,social,27,Male
1397-XKKWR,2026-01-23,East,referral,27,Male
3945-GFWQL,2025-08-27,East,paid_search,36,Female
8097-OMULG,2021-10-07,North,referral,38,Male
6013-BHCAW,2021-08-02,North,partner,53,Male
0401-WDBXM,2020-09-08,West,social,47,Male
3387-PLKUI,2025-08-11,West,partner,27,Female
6096-EGVTU,2021-04-30,West,organic,43,Female
3797-VTIDR,2026-07-29,South,organic,54,Male
5081-NWSUP,2025-10-18,East,social,46,Female
2580-ATZSQ,2021-04-10,Central,referral,30,Female
8085-MSNLK,2021-07-09,South,paid_search,26,Female
9691-HKOVS,2022-02-11,West,paid_search,38,Female
9881-VCZEP,2024-07-19,North,organic,39,Female
9526-BIHHD,2026-07-25,North,organic,35,Male
8757-TFHHJ,2026-08-08,Central,partner,26,Male
4523-WXCEF,2021-09-18,North,partner,26,Female
1468-DEFNC,2021-04-26,West,referral,78,Male
5119-KEPFY,2023-09-03,East,organic,56,Male
8364-TRMMK,2026-06-06,Central,partner,44,Female
0916-KNFAJ,2021-07-31,East,social,38,Male
8319-QBEHW,2024-07-15,West,social,56,Male
3063-QFSZL,2026-08-12,Central,paid_search,47,Female
8775-LHDJH,2026-07-20,Central,partner,74,Female
9625-QNLUX,2021-01-10,West,paid_search,43,Male
3097-NQYSN,2026-07-14,North,social,79,Male
4024-CSNBY,2020-08-22,North,social,40,Female
7110-BDTWG,2020-09-18,East,paid_search,45,Female
7493-GVFIO,2021-11-22,West,referral,44,Male
0690-SRQID,2026-05-15,West,paid_search,49,Male
9605-WGJVW,2026-07-23,West,partner,73,Female
9114-DPSIA,2020-09-08,North,paid_search,32,Male
4700-UBQMV,2024-12-16,North,partner,47,Male
7711-GQBZC,2020-09-19,North,social,23,Female
3565-UNOCC,2024-04-09,East,social,64,Female
4627-MIHJH,2020-11-27,West,organic,77,Female
9795-NREXC,2021-05-15,North,organic,45,Female
8573-CGOCC,2025-05-12,Central,social,31,Male
7356-AYNJP,2026-04-22,South,organic,44,Female
9249-FXSCK,2022-05-01,West,referral,35,Female
5493-SDRDQ,2026-06-19,West,social,38,Male
6286-SUUWT,2026-08-12,North,referral,30,Male
4819-HJPIW,2025-02-20,Central,organic,45,Male
8654-DHAOW,2026-06-22,Central,social,29,Female
5438-QMDDL,2025-01-19,Central,partner,38,Female
9812-GHVRI,2023-05-17,North,paid_search,56,Female
5553-AOINX,2021-03-14,South,partner,69,Female
1228-ZLNBX,2024-12-01,South,partner,37,Male
4226-KKDON,2026-01-13,East,referral,57,Male
3831-YCPUO,2020-09-15,Central,social,22,Female
7445-WMRBW,2022-08-23,West,partner,57,Female
3308-DGHKL,2020-11-26,West,paid_search,35,Male
9924-JPRMC,2020-08-22,East,social,52,Male
0080-EMYVY,2025-06-19,Central,social,57,Female
6218-KNUBD,2026-03-14,Central,organic,44,Male
7337-CINUD,2025-12-23,Central,paid_search,44,Female
7609-NRNCA,2025-04-16,Central,partner,49,Female
0623-EJQEG,2021-04-06,West,social,30,Male
7153-CHRBV,2021-12-08,North,partner,28,Female
0871-URUWO,2025-08-10,South,referral,34,Male
9190-MFJLN,2025-01-25,West,paid_search,63,Male
6198-PNNSZ,2022-01-13,South,organic,49,Female
3317-VLGQT,2025-06-23,North,social,31,Female
4132-POCZS,2022-04-22,Central,referral,42,Male
5614-DNZCE,2021-10-28,East,referral,22,Female
1095-JUDTC,2022-10-15,Central,social,68,Female
3896-RCYYE,2021-01-29,South,organic,57,Female
9638-JIQYA,2026-06-30,South,paid_search,53,Male
3258-SANFR,2026-03-07,South,social,73,Male
3726-TBHQT,2020-10-05,South,paid_search,34,Male
3190-ITQXP,2022-11-02,East,social,41,Female
0870-VEMYL,2026-03-19,South,social,46,Female
4833-QTJNO,2021-02-15,Central,organic,61,Male
3039-MJSLN,2026-06-02,South,referral,49,Male
0178-CIIKR,2026-06-08,East,partner,47,Female
5385-SUIRI,2022-05-02,Central,referral,60,Male
3982-XWFZQ,2023-03-18,East,paid_search,38,Female
5774-QPLTF,2022-06-20,North,organic,33,Male
2322-VCZHZ,2024-10-03,North,organic,61,Male
5010-IPEAQ,2021-01-17,East,organic,58,Female
4009-ALQFH,2024-08-12,West,paid_search,58,Female
6383-ZTSIW,2023-05-31,Central,paid_search,74,Female
8990-YOZLV,2020-11-26,North,social,34,Female
3069-SSVSN,2026-07-25,East,referral,50,Female
5222-IMUKT,2024-01-16,South,organic,31,Male
3627-FCRDW,2025-11-28,East,organic,55,Female
7562-GSUHK,2025-05-13,East,organic,31,Female
6685-XSHHU,2021-09-04,South,paid_search,36,Male
8901-UPRHR,2020-09-15,North,partner,25,Female
4903-UYAVB,2026-04-16,North,organic,25,Male
0118-JPNOY,2024-06-25,East,referral,61,Female
6776-TLWOI,2026-05-27,South,referral,42,Male
3845-FXCYS,2026-06-22,South,organic,22,Male
5857-XRECV,2026-06-27,North,organic,53,Female
0725-CXOTM,2023-08-31,North,paid_search,26,Female
4343-EJVQB,2026-02-12,North,organic,58,Male
9000-PLFUZ,2021-08-25,South,partner,64,Female
3427-GGZZI,2025-02-09,North,social,36,Female
7779-ORAEL,2022-12-14,South,partner,64,Male
0644-OQMDK,2026-04-27,South,partner,73,Male
4077-CROMM,2024-01-30,South,partner,49,Female
3154-CFSZG,2022-10-13,North,social,24,Male
2868-MZAGQ,2026-08-01,North,organic,25,Male
4847-QNOKA,2026-07-28,Central,social,44,Female
2220-IAHLS,2026-08-03,West,referral,54,Female
1658-XUHBX,2021-09-26,North,referral,66,Female
6379-RXJRQ,2025-11-01,South,partner,30,Male
2378-HTWFW,2023-10-07,South,referral,64,Male
8650-RHRKE,2026-05-12,Central,paid_search,26,Male
4377-VDHYI,2024-01-09,Central,organic,33,Male
0475-RIJEP,2023-01-23,West,organic,22,Male
1260-TTRXI,2026-05-07,North,organic,40,Male
3719-TDVQB,2022-02-25,East,paid_search,75,Female
6328-ZPBGN,2025-10-07,East,partner,78,Female
0201-MIBOL,2021-03-02,West,paid_search,67,Female
4937-QPZPO,2021-07-30,Central,referral,37,Male
2925-VDZHY,2020-09-02,South,organic,40,Male
6981-TDRFT,2022-12-25,East,referral,28,Male
3413-CSSTH,2023-03-21,South,social,26,Male
8033-VCZGH,2022-06-22,South,paid_search,28,Male
4789-KWMXN,2022-09-20,South,referral,58,Male
0224-NIJLP,2026-01-16,West,social,48,Male
7542-CYDDM,2025-02-24,East,partner,26,Male
4718-WXBGI,2020-08-26,West,paid_search,33,Male
2867-UIMSS,2026-08-05,West,organic,37,Male
8495-PRWFH,2023-03-09,South,social,60,Female
0439-IFYUN,2025-03-17,Central,partner,65,Female
5716-LIBJC,2025-07-23,North,organic,56,Female
2868-LLSKM,2020-12-22,Central,referral,31,Female
8111-RKSPX,2026-05-16,North,social,22,Male
2988-QRAJY,2020-11-29,South,social,31,Male
1585-MQSSU,2025-04-01,Central,organic,43,Male
0071-NDAFP,2024-08-11,West,referral,51,Male
2856-NNASM,2023-01-31,South,social,63,Male
7328-ZJAJO,2021-09-23,Central,partner,32,Female
6458-CYIDZ,2026-04-08,North,referral,79,Female
8559-CIZFV,2024-11-25,West,paid_search,22,Male
1090-PYKCI,2020-11-17,East,partner,22,Female
3058-WQDRE,2025-08-04,South,referral,37,Male
7547-EKNFS,2023-03-15,Central,referral,44,Male
2279-AXJJK,2022-05-10,West,social,22,Male
6769-DYBQN,2022-11-12,North,paid_search,75,Male
0909-SELIE,2021-08-07,North,partner,55,Male
3417-TSCIC,2024-03-29,North,organic,58,Male
1042-HFUCW,2024-08-10,East,partner,45,Female
4439-JMPMT,2026-04-02,East,referral,41,Female
6537-OTKMY,2025-05-19,West,social,43,Male
8999-EXMNO,2025-02-08,West,paid_search,35,Female
6725-TPKJO,2022-12-21,North,social,29,Male
2446-BEGGB,2026-03-09,East,referral,72,Female
7162-WPHPM,2021-10-29,West,paid_search,47,Male
1599-MMYRQ,2021-07-13,Central,organic,46,Male
8821-KVZKQ,2020-11-08,South,organic,47,Female
1496-GGSUK,2026-07-22,North,paid_search,78,Female
6434-TTGJP,2025-10-30,North,referral,24,Male
0042-JVWOJ,2024-06-30,South,social,45,Male
0130-SXOUN,2021-03-02,East,social,54,Male
2575-GFSOE,2026-02-08,South,partner,46,Female
2330-PQGDQ,2022-05-21,North,referral,43,Male
1452-UZOSF,2020-09-05,South,partner,30,Male
2097-YVPKN,2021-04-17,South,paid_search,51,Male
2842-JTCCU,2026-06-21,East,paid_search,38,Male
8597-CTXVJ,2020-11-15,North,referral,31,Male
6631-HMANX,2020-08-21,West,social,40,Male
9962-BFPDU,2026-08-10,East,organic,26,Female
3296-SILRA,2026-08-15,South,organic,72,Female
9681-OXGVC,2026-04-11,Central,organic,47,Female
6394-HHHZM,2026-05-29,West,paid_search,34,Male
5995-LFTLE,2021-10-31,North,organic,51,Male
5180-UCIIQ,2024-11-12,North,organic,73,Male
1932-UEDCX,2023-12-08,North,organic,76,Male
7153-OANIO,2026-08-11,East,paid_search,46,Male
5188-HGMLP,2022-02-27,South,partner,79,Male
0665-XHDJU,2020-08-22,South,organic,48,Male
6521-YYTYI,2026-08-10,East,paid_search,52,Male
8878-HMWBV,2026-05-22,East,social,43,Male
8265-HKSOW,2020-09-04,North,organic,29,Female
3544-FBCAS,2020-09-14,North,social,49,Female
5331-RGMTT,2022-03-09,West,referral,76,Male
4759-PXTAN,2021-09-21,Central,partner,49,Female
7054-DMVAS,2022-02-22,Central,paid_search,45,Male
3428-MMGUB,2021-08-26,Central,paid_search,25,Male
6549-BTYPG,2021-09-05,East,paid_search,25,Female
7823-JSOAG,2026-05-25,Central,organic,22,Male
3705-RHRFR,2020-11-25,Central,paid_search,24,Female
9374-YOLBJ,2026-07-25,Central,social,33,Female
9074-KGVOX,2022-07-01,North,organic,22,Male
6128-DAFVY,2022-01-01,North,referral,56,Female
9933-QRGTX,2021-08-18,East,partner,55,Female
4476-OSWTN,2020-11-18,East,organic,62,Male
3751-KTZEL,2026-08-01,Central,organic,33,Female
1977-STDKI,2026-08-11,South,referral,73,Female
5066-GFJMM,2026-06-05,Central,paid_search,46,Female
2661-GKBTK,2021-09-01,Central,social,43,Male
0458-HEUZG,2025-07-28,Central,organic,58,Female
7268-WNTCP,2021-07-08,North,organic,45,Male
0824-VWDPO,2022-12-16,South,paid_search,46,Female
8409-WQJUX,2024-07-23,South,paid_search,40,Female
2578-JQPHZ,2022-12-19,West,organic,41,Male
3278-FSIXX,2026-07-16,West,partner,32,Female
5813-UECBU,2023-12-08,East,paid_search,73,Male
0328-GRPMV,2026-08-04,North,referral,55,Female
9746-UGFAC,2024-10-25,East,paid_search,35,Female
2946-KIQSP,2023-09-24,West,organic,26,Female
0625-AFOHS,2024-04-07,East,organic,44,Female
6726-WEXXK,2024-06-08,South,organic,75,Male
4636-OLWOE,2022-03-06,East,social,57,Male
4342-HENTK,2026-07-11,West,paid_search,76,Female
4685-ERGHK,2021-12-03,East,paid_search,51,Male
0885-HMGPY,2021-07-10,Central,referral,31,Male
5003-OKNNK,2025-06-16,South,organic,37,Female
4195-SMMNX,2026-06-27,West,partner,37,Male
7208-PSIHR,2020-10-24,Central,referral,34,Female
4012-ZTHBR,2024-12-08,South,partner,48,Female
0489-WMEMG,2024-10-04,South,organic,54,Female
7435-ZNUYY,2026-03-06,North,organic,34,Male
1354-YZFNB,2026-05-18,South,partner,27,Male
6956-SMUCM,2026-06-01,North,paid_search,52,Female
2985-FMWYF,2024-10-03,West,organic,53,Female
2812-ENYMO,2024-06-19,North,referral,56,Male
2717-HVIZY,2026-01-05,West,referral,31,Female
3223-WZWJM,2024-06-24,East,social,48,Male
3422-GALYP,2026-07-07,Central,social,48,Male
9053-JZFKV,2021-02-10,South,referral,51,Male
2530-ENDWQ,2020-10-06,South,organic,51,Female
2890-WFBHU,2021-09-21,South,partner,57,Female
0327-WFZSY,2023-06-10,East,paid_search,39,Male
7977-HXJKU,2024-11-21,South,social,24,Male
6615-ZGEDR,2026-07-29,North,partner,29,Male
7033-CLAMM,2022-08-25,Central,paid_search,54,Female
4023-RTIQM,2024-01-25,West,social,62,Female
0864-FVJNJ,2021-05-02,North,referral,22,Female
7356-IWLFW,2022-10-29,West,paid_search,35,Male
9541-PWTWO,2022-05-16,South,organic,31,Female
3967-VQOGC,2021-01-26,North,partner,33,Female
7872-RDDLZ,2021-01-25,East,paid_search,60,Female
9250-WYPLL,2026-04-14,West,organic,40,Female
6308-CQRBU,2020-10-01,North,organic,39,Female
2754-XBHTB,2025-12-02,South,partner,38,Female
1597-LHYNC,2024-07-08,Central,social,67,Female
0186-CAERR,2020-10-15,South,paid_search,47,Male
3043-SUDUA,2024-01-16,North,paid_search,23,Female
5442-BHQNG,2026-07-12,East,partner,27,Female
2169-RRLFW,2020-10-10,West,organic,34,Female
5872-OEQNH,2021-09-10,Central,organic,38,Female
3162-KKZXO,2022-01-28,West,partner,66,Female
7055-VKGDA,2022-03-06,North,referral,54,Male
0754-UKWQP,2026-07-15,Central,organic,46,Male
8873-GLDMH,2026-03-16,West,paid_search,23,Female
5696-JVVQY,2022-08-28,West,organic,25,Female
8946-BFWSG,2021-05-20,Central,partner,38,Male
7493-TPUWZ,2026-07-24,West,partner,43,Male
0547-HURJB,2025-08-25,South,partner,46,Male
8904-OPDCK,2022-03-09,East,organic,66,Male
8845-LWKGE,2024-02-25,East,social,54,Female
1577-HKTFG,2024-03-15,East,paid_search,40,Female
8752-STIVR,2026-05-13,West,social,43,Female
0691-NIKRI,2023-05-14,West,social,23,Female
5022-JNQEQ,2025-12-12,North,referral,52,Female
4558-FANTW,2025-04-07,East,partner,42,Female
3249-VHRIP,2021-07-16,North,partner,30,Female
3736-BLEPA,2024-04-23,East,partner,33,Male
4701-LKOZD,2020-10-26,East,organic,35,Female
6603-QWSPR,2022-10-28,South,organic,23,Female
9921-QFQUL,2024-10-11,Central,social,56,Female
1929-ZCBHE,2022-09-21,South,partner,51,Male
4378-MYPGO,2021-01-16,North,partner,54,Male
8651-ENBZX,2021-08-18,South,paid_search,61,Female
4129-LYCOI,2021-01-25,West,referral,42,Female
7798-JVXYM,2025-07-11,North,paid_search,38,Female
8647-SDTWQ,2021-12-11,East,referral,39,Male
2696-ECXKC,2022-01-26,East,partner,43,Female
2081-KJSQF,2026-07-24,Central,partner,38,Male
7623-TRNQN,2026-08-04,North,paid_search,50,Male
3323-CPBWR,2024-10-15,North,social,24,Male
9330-IJWIO,2025-08-03,East,organic,29,Female
3384-CTMSF,2022-10-03,North,social,55,Male
0902-RFHOF,2023-07-09,West,partner,54,Male
9286-DOJGF,2023-06-21,South,referral,63,Female
6048-QBXKL,2026-07-08,East,paid_search,74,Female
9661-MHUMO,2026-08-10,North,paid_search,71,Male
7718-RXDGG,2025-05-28,West,paid_search,22,Male
1025-FALIX,2024-06-29,East,social,32,Female
3451-VAWLI,2023-09-29,North,organic,48,Female
3407-QGWLG,2026-06-02,South,partner,34,Male
1842-EZJMK,2022-07-08,North,social,39,Male
2347-WKKAE,2023-03-11,North,referral,26,Male
8735-DCXNF,2025-11-13,West,partner,40,Male
3214-IYUUQ,2021-08-12,East,referral,48,Female
1936-UAFEH,2020-12-30,Central,referral,43,Female
3587-PMCOY,2025-11-04,South,partner,42,Male
8079-XRJRS,2021-03-26,West,social,55,Male
1027-LKKQQ,2020-08-23,West,partner,30,Female
7148-XZPHA,2022-01-30,West,social,33,Male
8073-IJDCM,2026-08-14,Central,referral,45,Female
5309-TAIKL,2026-02-15,West,partner,39,Female
6856-RAURS,2026-07-12,West,social,58,Female
8778-LMWTJ,2025-12-09,West,paid_search,24,Female
9717-IOAAF,2024-06-15,East,social,26,Male
8884-ADFVN,2026-01-23,West,partner,69,Male
2845-KDHVX,2021-05-06,Central,referral,38,Female
0848-SOMKO,2020-10-25,West,partner,54,Male
2720-WGKHP,2026-07-12,West,organic,60,Male
6734-FQAJX,2021-02-15,North,partner,61,Male
2869-ADAWR,2022-12-13,East,referral,28,Female
1535-VTJOQ,2024-09-02,North,social,38,Female
6368-TZZDT,2026-05-04,North,partner,41,Male
0943-ZQPXH,2023-01-03,South,referral,43,Male
1293-BSEUN,2020-08-19,East,referral,44,Female
9894-EZEWG,2026-07-29,East,referral,37,Female
1302-TPUBN,2021-02-24,Central,social,27,Male
7851-FLGGQ,2026-08-14,West,partner,27,Male
0637-UBJRP,2025-08-04,East,organic,27,Male
0940-OUQEC,2025-10-29,South,referral,44,Male
2378-VTKDH,2021-03-31,West,paid_search,65,Male
0927-CNGRH,2026-07-20,South,organic,54,Male
8608-OZTLB,2023-07-04,Central,social,33,Male
2335-GSODA,2024-10-05,West,social,24,Male
1952-DVVSW,2025-10-19,West,social,45,Female
0702-PGIBZ,2026-05-08,South,paid_search,23,Male
6656-GULJQ,2020-08-30,West,referral,45,Male
9853-JFZDU,2023-10-17,Central,partner,36,Female
1963-VAUKV,2026-08-13,North,organic,53,Female
3777-XROBG,2021-11-15,North,organic,45,Female
6994-FGRHH,2020-11-04,East,referral,49,Male
4000-VGMQP,2023-06-21,South,partner,37,Male
3999-WRNGR,2021-09-14,West,referral,53,Female
3466-RITXD,2024-06-18,East,paid_search,41,Male
2680-XKKNJ,2025-12-21,Central,referral,45,Female
3058-HJCUY,2023-04-17,South,social,35,Male
2974-GGUXS,2023-09-17,South,paid_search,71,Female
7994-XIRTR,2022-02-19,North,referral,63,Male
3259-FDWOY,2020-09-29,South,paid_search,36,Male
2101-RANCD,2022-02-10,South,paid_search,22,Female
7921-BEPCI,2020-08-19,West,partner,36,Female
0807-ZABDG,2026-06-01,South,paid_search,36,Female
8510-TMWYB,2022-02-27,South,partner,37,Female
3258-ZKPAI,2020-08-27,South,organic,24,Male
1428-IEDPR,2022-05-12,East,partner,26,Male
5298-GSTLM,2021-09-06,West,organic,78,Female
4450-YOOHP,2023-06-14,Central,paid_search,37,Female
6728-CZFEI,2025-06-02,North,social,23,Female
5748-RNCJT,2020-11-17,Central,paid_search,36,Male
3653-NCRDJ,2023-01-29,South,partner,33,Male
6121-TNHBO,2021-05-28,Central,paid_search,76,Female
5119-NZPTV,2026-07-13,North,social,68,Male
6519-ZHPXP,2020-08-31,West,social,32,Female
7739-LAXOG,2023-12-18,Central,social,27,Female
3472-QPRCH,2023-05-16,North,paid_search,49,Male
8224-UAXBZ,2021-11-10,West,paid_search,24,Female
9610-WCESF,2021-01-25,North,partner,43,Male
9776-CLUJA,2022-06-17,Central,social,62,Female
2486-WYVVE,2024-02-10,West,referral,51,Male
3865-ZYKAD,2020-11-18,Central,partner,61,Male
1422-DGUBX,2024-01-16,Central,social,42,Male
2999-AANRQ,2024-12-04,South,partner,50,Female
8668-KNZTI,2022-05-09,East,paid_search,53,Male
0480-KYJVA,2020-09-05,West,paid_search,29,Female
6034-ZRYCV,2020-09-09,North,referral,51,Female
9746-YKGXB,2022-05-10,South,referral,39,Male
3926-YZVVX,2023-03-26,North,social,25,Female
6000-UKLWI,2023-04-17,Central,paid_search,44,Male
2079-FBMZK,2026-03-15,South,organic,58,Female
6332-FBZRI,2021-02-08,East,paid_search,27,Male
2096-XOTMO,2025-04-23,East,referral,22,Female
3266-FTKHB,2025-04-06,South,paid_search,55,Male
8221-EQDGL,2023-10-16,West,paid_search,44,Male
2346-LOCWC,2021-11-01,Central,paid_search,30,Female
6608-QQLVK,2026-07-30,East,social,51,Male
0298-XACET,2022-05-05,Central,referral,36,Male
7560-QJAVJ,2020-11-14,North,partner,34,Female
2995-YWTCD,2025-01-20,Central,referral,32,Female
3551-HUAZH,2026-07-23,North,organic,61,Male
9137-UIYPG,2023-09-20,North,paid_search,26,Female
2809-ZMYOQ,2023-12-19,North,social,35,Female
5084-OOVCJ,2025-04-08,South,referral,33,Female
0254-WWRKD,2021-02-03,Central,partner,24,Female
7727-SHVZV,2025-11-19,South,partner,50,Female
6302-JGYRJ,2024-02-03,West,referral,22,Male
5339-PXDVH,2026-04-23,East,referral,57,Male
2205-LPVGL,2021-10-28,North,paid_search,65,Male
8782-NUUOL,2021-08-20,East,paid_search,35,Male
3685-YLCMQ,2021-11-16,South,organic,25,Male
7601-WFVZV,2026-07-27,South,paid_search,35,Male
4609-KNNWG,2024-05-24,East,partner,44,Female
4868-AADLV,2021-03-12,West,social,76,Male
9529-OFXHY,2025-05-26,East,referral,41,Male
8634-MPHTR,2022-10-12,South,partner,73,Male
2669-QVCRG,2023-03-21,West,social,38,Female
2478-EEWWM,2021-09-20,West,partner,26,Male
9174-IHETN,2022-07-17,South,paid_search,47,Female
2233-TXSIU,2025-04-02,Central,paid_search,28,Male
9644-UMGQA,2026-03-07,Central,partner,22,Male
3256-EZDBI,2022-05-22,West,paid_search,69,Male
8761-NSOBC,2023-01-07,South,paid_search,32,Male
0419-YAAPX,2022-07-27,South,referral,23,Male
8413-VONUO,2026-07-15,East,partner,50,Male
0872-CASZJ,2021-10-11,North,paid_search,44,Male
4726-DLWQN,2022-06-18,South,organic,62,Male
8164-OCKUJ,2021-10-06,North,partner,39,Female
3094-JOJAI,2025-02-24,North,paid_search,38,Male
9494-MRNYX,2025-10-18,West,partner,53,Male
2599-CZABP,2025-06-19,North,organic,25,Male
7945-PRBVF,2023-10-17,East,paid_search,35,Male
4544-RXFMG,2026-01-10,East,partner,51,Male
0859-YGKFW,2025-02-25,North,organic,32,Male
1150-FTQGN,2021-08-20,Central,paid_search,54,Female
9223-UCPVT,2026-07-19,Central,partner,32,Female
7196-LIWRH,2026-02-25,West,partner,37,Female
5448-VWNAM,2025-02-12,West,paid_search,55,Female
1177-XZBJL,2022-03-26,South,organic,31,Male
3518-FSTWG,2020-09-08,Central,organic,67,Male
9330-VOFSZ,2021-08-23,West,referral,23,Female
4351-QLCSU,2026-08-01,East,partner,31,Female
0939-EREMR,2025-08-12,West,referral,43,Female
9389-ACWBI,2026-03-23,Central,referral,43,Female
5419-JPRRN,2026-07-19,West,organic,55,Male
3644-QXEHN,2025-08-02,North,paid_search,57,Male
2911-IJORQ,2023-07-24,South,organic,47,Male
5921-NGYRH,2021-05-16,North,referral,46,Male
2100-BDNSN,2026-04-09,South,paid_search,33,Female
5998-DZLYR,2021-08-14,Central,organic,51,Female
0488-GSLFR,2026-08-09,North,partner,45,Female
9318-NKNFC,2026-08-06,Central,paid_search,22,Male
3985-HOYPM,2024-07-05,South,social,52,Male
9728-FTTVZ,2026-08-08,East,referral,35,Female
9548-LERKT,2024-08-31,East,organic,39,Male
6576-FBXOJ,2025-04-11,North,partner,39,Male
4310-KEDTB,2024-07-07,North,partner,52,Female
7254-IQWOZ,2026-07-23,South,social,31,Male
2474-BRUCM,2023-05-02,North,partner,72,Male
4062-HBMOS,2022-05-18,West,paid_search,23,Male
0742-NXBGR,2026-08-08,East,partner,34,Female
2676-ISHSF,2026-07-24,Central,partner,25,Male
9236-NDUCW,2024-12-11,Central,referral,43,Female
4753-PADAS,2021-01-19,South,partner,55,Female
6103-QCKFX,2023-01-08,Central,social,39,Female
7781-EWARA,2020-10-29,North,partner,55,Male
6110-OHIHY,2026-06-03,East,referral,58,Male
7018-FPXHH,2021-12-29,West,referral,23,Male
5889-LFOLL,2025-07-25,East,social,41,Female
5708-EVONK,2021-11-12,West,social,41,Female
8708-XPXHZ,2023-03-08,Central,paid_search,36,Female
0616-ATFGB,2026-07-31,East,organic,60,Male
0572-ZJKLT,2022-11-09,South,social,36,Female
5135-RDDQL,2021-06-06,East,paid_search,24,Female
1353-LJWEM,2025-09-21,Central,social,42,Male
1794-SWWKL,2025-06-11,Central,organic,29,Male
6166-YIPFO,2020-09-11,Central,social,35,Male
7016-BPGEU,2024-03-31,South,partner,40,Female
6876-ADESB,2026-08-15,South,paid_search,48,Male
9332-GYWLO,2026-03-18,East,organic,32,Female
1963-SVUCV,2026-07-22,East,social,36,Male
4184-VODJZ,2021-06-09,West,organic,24,Male
0220-EBGCE,2026-07-15,Central,organic,36,Male
1092-WPIVQ,2025-02-27,East,partner,43,Female
7233-IOQNP,2023-02-02,South,partner,44,Female
2834-JKOOW,2025-06-04,Central,organic,32,Female
2754-VDLTR,2025-11-03,East,paid_search,24,Male
2400-FEQME,2022-02-11,West,partner,43,Male
3190-XFANI,2022-07-23,North,partner,46,Male
7551-DACSP,2026-03-18,East,paid_search,25,Male
4957-SREEC,2020-11-02,East,referral,40,Male
7235-NXZCP,2026-07-10,North,organic,66,Male
0230-UBYPQ,2021-05-29,South,organic,61,Male
4923-ADWXJ,2024-07-31,West,social,45,Female
1763-KUAAW,2025-03-07,North,paid_search,69,Female
1104-TNLZA,2024-05-01,North,social,63,Male
5195-KPUNQ,2022-04-11,North,organic,79,Female
0520-FDVVT,2023-10-14,North,social,30,Male
3439-GVUSX,2026-07-21,East,referral,53,Male
1444-VVSGW,2020-10-29,East,social,34,Male
5712-PTIWW,2026-06-29,West,social,35,Male
5949-HGVJL,2024-06-18,East,paid_search,51,Female
5203-XEHAX,2023-10-21,East,partner,34,Female
1635-HDGFT,2025-01-29,Central,paid_search,24,Female
3315-TOTBP,2025-05-25,South,partner,48,Male
8050-XGRVL,2021-07-02,West,social,46,Female
6661-HBGWL,2023-03-11,North,social,63,Female
1518-VOWAV,2025-11-29,Central,partner,27,Female
9828-QHFBK,2024-08-20,South,paid_search,45,Male
3908-MKIMJ,2020-12-21,South,organic,74,Male
5012-YSPJJ,2024-02-01,North,referral,42,Male
5909-ECHUI,2026-07-20,East,organic,40,Female
1309-BXVOQ,2024-12-11,South,referral,50,Male
6728-VOIFY,2021-06-16,Central,social,58,Female
9317-WZPGV,2026-07-06,North,organic,63,Female
4891-NLUBA,2021-08-11,East,social,26,Female
2856-HYAPG,2026-07-20,Central,referral,42,Female
8969-PRHFK,2025-03-15,Central,organic,57,Male
0661-KQHNK,2026-03-02,West,partner,27,Female
8709-KRDVL,2023-11-24,East,organic,40,Female
4488-PSYCG,2025-05-14,Central,partner,37,Male
1427-VERSM,2022-01-15,South,referral,33,Female
9801-NOSHQ,2024-09-30,Central,partner,46,Male
6339-YPSAH,2025-11-20,East,paid_search,32,Male
3621-CEOVK,2025-07-17,South,organic,69,Female
6906-ANDWJ,2025-06-17,South,paid_search,53,Male
2159-TURXX,2026-03-21,East,partner,36,Male
1548-FEHVL,2021-07-30,North,social,22,Male
3795-CAWEX,2020-10-26,West,paid_search,54,Male
6215-NQCPY,2025-06-09,South,paid_search,32,Male
5647-URDKA,2026-01-07,South,social,50,Male
2229-DPMBI,2026-01-02,North,paid_search,50,Female
9626-WEQRM,2026-05-12,East,paid_search,41,Female
2188-SXWVT,2023-11-04,South,social,25,Female
6258-PVZWJ,2020-12-19,North,referral,57,Male
1094-BKOSX,2022-11-25,Central,referral,47,Female
6969-MVBAI,2025-11-21,West,referral,62,Female
2978-XXSOG,2024-11-02,South,partner,53,Female
2342-CKIAO,2026-06-25,North,paid_search,51,Female
6953-PBDIN,2020-11-04,Central,partner,50,Male
3898-BSJYF,2025-10-29,West,paid_search,28,Female
3938-YFPXD,2020-08-26,East,referral,45,Male
7696-AMHOD,2022-07-24,West,organic,32,Female
2453-SAFNS,2022-02-19,North,organic,67,Female
9558-IHEZX,2020-10-13,East,referral,34,Female
9617-UDPEU,2024-10-24,North,organic,25,Female
6340-DACFT,2022-06-26,West,social,25,Female
4955-VCWBI,2023-01-25,Central,social,48,Female
6813-GZQCG,2022-12-17,East,paid_search,40,Female
7426-GSWPO,2021-05-03,West,paid_search,69,Male
3389-KTRXV,2024-09-18,West,referral,29,Female
3118-UHVVQ,2020-12-20,Central,paid_search,50,Female
1031-IIDEO,2026-08-11,North,social,45,Female
5832-XKAES,2026-07-04,South,organic,43,Male
3205-MXZRA,2024-06-22,South,referral,29,Male
4701-AHWMW,2022-01-19,West,organic,26,Male
8317-BVKSO,2025-07-08,East,social,26,Male
5702-KVQRD,2020-09-22,West,organic,22,Male
0083-PIVIK,2021-04-22,East,referral,57,Male
9210-IAHGH,2026-02-11,Central,social,35,Female
6169-PGNCD,2021-12-16,West,referral,46,Female
0023-XUOPT,2025-08-16,North,organic,58,Female
4592-IWTJI,2026-06-13,Central,organic,56,Female
4909-JOUPP,2020-08-25,Central,partner,78,Male
4657-FWVFY,2023-05-07,North,organic,40,Female
2257-BOVXD,2025-06-27,South,paid_search,39,Male
7729-JTEEC,2026-07-16,Central,partner,23,Male
7632-MNYOY,2021-02-27,Central,paid_search,65,Male
6518-LGAOV,2023-06-26,East,social,43,Female
7242-QZLXF,2026-07-19,East,partner,35,Male
4576-CSAJH,2024-11-07,North,organic,42,Male
1000-AJSLD,2026-08-01,East,social,49,Male
9696-RMYBA,2026-04-03,West,social,22,Male
8690-UPCZI,2024-04-07,South,paid_search,45,Male
1062-LHZOD,2026-07-29,South,paid_search,53,Male
9770-LXDBK,2026-06-01,Central,paid_search,48,Female
4086-WITJG,2020-09-22,East,referral,44,Male
8344-WFMFH,2025-12-17,South,referral,25,Male
9600-NAXZN,2023-02-10,South,social,49,Male
8822-KNBHV,2022-08-30,East,partner,49,Female
8404-FYDIB,2024-06-30,South,social,40,Male
2791-SFVEW,2025-11-20,East,paid_search,43,Female
6457-USBER,2026-07-28,Central,referral,44,Male
6762-NSODU,2022-11-16,West,organic,26,Female
4662-EKDPQ,2026-07-04,South,paid_search,31,Male
9248-OJYKK,2026-07-23,East,referral,78,Male
9888-ZCUMM,2021-04-21,East,organic,58,Male
3398-FSHON,2025-08-23,West,social,70,Female
3319-DWOEP,2026-03-04,West,paid_search,75,Male
1074-WVEVG,2021-10-14,East,organic,55,Female
9979-RGMZT,2026-02-09,South,partner,28,Female
6437-UDQJM,2020-08-22,West,organic,65,Female
1226-IENZN,2025-05-07,North,paid_search,69,Male
2108-GLPQB,2024-07-25,West,organic,30,Male
9259-PACGQ,2023-11-16,Central,partner,45,Female
4415-IJZTP,2026-08-03,West,social,34,Female
1465-VINDH,2025-10-19,East,organic,58,Female
5474-LAMUQ,2024-09-09,Central,referral,54,Male
3468-DRVQJ,2025-11-16,East,referral,55,Female
1122-YJBCS,2020-12-08,East,partner,48,Male
4990-ALDGW,2021-12-15,Central,paid_search,47,Male
4816-OKWNX,2022-06-29,North,referral,40,Male
3315-IKYZQ,2024-05-12,West,referral,58,Male
2810-FTLEM,2025-05-10,West,organic,25,Female
4747-LCAQL,2024-07-30,East,referral,48,Male
3411-WLRSQ,2026-06-08,North,referral,68,Female
0898-XCGTF,2021-07-29,West,social,34,Male
8006-PYCSW,2026-06-21,South,referral,31,Female
8249-THVEC,2022-05-21,Central,social,44,Male
8722-PRFDV,2020-09-25,West,paid_search,51,Female
2164-SOQXL,2024-12-18,South,partner,24,Female
4020-KIUDI,2026-02-24,East,social,44,Male
5850-BDWCY,2026-03-16,North,organic,30,Female
2038-YSEZE,2024-03-20,East,referral,24,Female
0827-ITJPH,2023-08-31,North,social,37,Male
8799-OXZMD,2024-05-17,Central,referral,43,Female
1925-TIBLE,2026-01-28,West,social,29,Female
1705-GUHPV,2021-06-10,South,referral,36,Female
4779-ZGICK,2022-08-31,Central,social,57,Male
0048-PIHNL,2022-07-29,North,partner,34,Female
0818-OCPZO,2024-06-17,East,referral,71,Male
3967-KXAPS,2020-09-03,North,paid_search,52,Male
1447-GIQMR,2026-08-16,North,organic,35,Male
3704-IEAXF,2020-09-13,South,paid_search,43,Female
6810-VCAEX,2022-10-11,South,partner,48,Female
0674-EYYZV,2026-07-25,West,referral,39,Female
4480-MBMLB,2023-09-05,Central,paid_search,37,Female
1395-OFUWC,2023-02-15,West,referral,34,Male
0822-QGCXA,2024-05-26,West,paid_search,61,Female
0872-NXJYS,2025-12-01,East,social,22,Female
2832-KJCRD,2023-07-14,South,paid_search,34,Female
3588-WSTTJ,2023-10-01,South,referral,67,Female
4075-WKNIU,2026-09-09,Central,referral,30,Female
5090-EMGTC,2021-09-28,East,partner,28,Female
2346-CZYIL,2024-05-20,East,paid_search,34,Male
3798-EPWRR,2026-07-09,North,organic,70,Female
6258-NGCNG,2026-01-24,East,partner,29,Male
4186-ZBUEW,2023-09-17,West,referral,30,Female
5274-XHAKY,2023-04-05,East,partner,26,Female
1442-BQPVU,2025-07-22,West,referral,34,Female
3978-YNKDD,2025-02-13,Central,referral,30,Male
4940-KHCWD,2021-08-20,North,social,52,Female
9412-ARGBX,2022-09-14,Central,organic,55,Female
1389-CXMLU,2026-06-03,Central,organic,66,Male
9589-ABEPT,2020-12-11,East,social,25,Male
9388-ZEYVT,2023-02-16,West,social,25,Male
0305-SQECB,2025-10-07,North,referral,34,Female
7605-SNLQG,2022-11-30,South,referral,39,Female
4670-TABXH,2020-08-26,North,referral,41,Male
5561-NWEVX,2026-07-09,West,social,62,Female
0064-SUDOG,2025-09-02,Central,referral,35,Female
8561-NMTBD,2021-02-10,West,partner,32,Female
5161-XEUVX,2023-07-27,West,paid_search,41,Male
8292-FRFZQ,2023-06-12,North,paid_search,47,Female
8591-NXRCV,2023-03-23,Central,partner,23,Female
7895-VONWT,2024-08-11,North,paid_search,39,Female
4526-RMTLL,2025-12-28,East,organic,45,Male
6253-GNHWH,2020-10-07,West,organic,46,Female
4566-NECEV,2026-03-19,Central,social,42,Male
8080-POTJR,2024-03-09,Central,paid_search,41,Female
6906-MPARY,2023-04-20,East,organic,47,Male
3662-FXJFO,2022-02-21,East,social,35,Female
8107-RZLNV,2020-09-02,East,social,42,Male
0516-OOHAR,2024-05-03,East,referral,33,Male
2027-CWDNU,2025-03-08,West,partner,38,Male
2737-WFVYW,2026-07-06,West,partner,26,Female
9912-OMZDS,2021-10-04,East,organic,34,Female
3733-ZEECP,2024-11-12,East,paid_search,27,Male
7878-RTCZG,2026-08-08,North,referral,30,Female
2452-MRMZF,2020-08-21,North,referral,66,Female
2272-QAGFO,2025-06-18,East,paid_search,64,Female
7103-IPXPJ,2022-07-16,South,organic,56,Male
4342-HFXWS,2022-08-26,West,social,22,Female
3545-CNWRG,2022-08-10,Central,partner,55,Female
1785-BPHTP,2024-04-28,West,partner,34,Male
4989-LIXVT,2020-12-29,Central,referral,71,Male
7315-WYOAW,2025-07-22,East,referral,47,Male
1173-XZPYF,2025-09-26,Central,referral,57,Female
9850-OWRHQ,2026-05-24,Central,referral,26,Female
3768-NLUBH,2021-11-22,North,partner,73,Male
8676-TRMJS,2026-05-29,West,social,24,Male
2509-TFPJU,2020-09-04,East,partner,54,Male
9530-GRMJG,2020-11-06,Central,partner,46,Male
6898-RBTLU,2022-08-07,East,organic,39,Female
5481-NTDOH,2021-02-05,North,referral,63,Female
2068-WWXQZ,2022-11-08,South,social,25,Male
7359-SSBJK,2021-05-08,North,paid_search,65,Female
2061-VVFST,2023-07-31,South,referral,48,Female
0685-MLYYM,2026-07-10,North,paid_search,77,Female
0749-IRGQE,2025-08-07,West,organic,71,Female
2380-DAMQP,2020-08-26,East,partner,57,Female
2256-YLYLP,2021-01-07,West,paid_search,54,Male
1272-ILHFG,2025-06-14,Central,referral,37,Male
0164-XAIRP,2024-09-16,West,referral,48,Female
5666-CYCYZ,2024-08-25,East,social,31,Female
4011-ARPHK,2024-05-20,South,social,51,Male
8182-PNAGI,2025-08-27,West,referral,44,Male
6365-HITVU,2020-10-15,East,organic,38,Female
7558-IMLMT,2021-01-30,West,referral,45,Male
9488-FYQAU,2021-06-09,North,social,32,Female
3590-TCXTB,2026-08-08,North,referral,45,Male
6994-KERXL,2026-04-21,North,referral,39,Male
7957-RYHQD,2023-04-24,West,partner,60,Female
2180-DXNEG,2025-08-25,East,referral,58,Female
1960-UOTYM,2022-05-03,South,referral,24,Male
2740-JFBOK,2025-10-30,South,referral,50,Male
6500-JVEGC,2020-12-20,West,social,29,Male
5515-AKOAJ,2022-02-27,Central,referral,30,Female
8976-OQHGT,2026-05-01,Central,paid_search,27,Female
5245-VDBUR,2022-05-16,East,referral,25,Female
6230-BSUXY,2026-07-19,West,partner,67,Female
8469-SNFFH,2020-10-23,North,social,52,Male
2144-ESWKO,2023-02-06,Central,social,56,Male
1241-FPMOF,2022-05-11,North,partner,43,Male
9928-BZVLZ,2025-08-18,South,partner,22,Female
4114-QMKVN,2021-12-19,West,referral,53,Female
2775-SEFEE,2026-09-04,Central,paid_search,44,Male
9003-CPATH,2023-03-12,North,referral,41,Male
1754-GKYPY,2024-10-24,West,partner,70,Male
5294-CDGWY,2022-05-30,North,referral,37,Male
7956-XQWGU,2024-05-21,North,paid_search,35,Male
1591-MQJTP,2022-06-01,East,organic,79,Male
5295-PCJOO,2026-05-02,East,organic,41,Male
2369-FEVNO,2026-08-13,South,referral,48,Male
9863-JZAIC,2023-09-29,Central,partner,47,Male
7471-MQPOS,2020-10-06,West,partner,77,Male
7660-HDPJV,2026-08-11,East,social,33,Female
5115-SQAAU,2020-11-23,East,partner,24,Female
9845-QOMAD,2025-07-07,East,organic,39,Male
7672-VFMXZ,2021-12-10,North,social,45,Male
9739-JLPQJ,2020-08-19,West,social,52,Female
9916-AYHTC,2022-08-19,West,social,31,Male
3855-ONCAR,2026-05-04,East,referral,49,Female
1488-SYSFC,2024-02-08,East,paid_search,52,Male
7931-PXHFC,2023-07-14,Central,social,51,Male
3990-QYKBE,2023-07-30,West,organic,70,Male
0970-QXPXW,2026-07-30,South,partner,58,Female
3259-KNMRR,2021-11-28,North,social,78,Male
6120-RJKLU,2021-06-24,Central,social,70,Female
9572-WUKSB,2026-06-03,West,referral,38,Male
5893-KCLGT,2020-08-27,West,social,49,Female
0076-LVEPS,2024-03-29,South,social,30,Male
3640-JQGJG,2025-07-25,North,social,44,Male
4919-MOAVT,2026-05-26,East,paid_search,43,Male
1596-OQSPS,2025-10-16,West,partner,46,Female
9867-XOBQA,2024-11-28,South,social,37,Female
9546-KDTRB,2025-01-17,East,paid_search,49,Female
3090-HAWSU,2021-08-01,Central,paid_search,24,Male
9820-RMCQV,2025-10-02,South,paid_search,49,Female
3174-RKMOW,2023-09-29,South,paid_search,52,Male
1760-CAZHT,2024-07-31,South,partner,54,Male
7839-QRKXN,2026-08-05,Central,social,56,Female
8441-SHIPE,2021-01-17,East,organic,34,Female
5204-QZXPU,2025-02-13,Central,paid_search,23,Male
4597-ELFTS,2021-12-23,Central,social,46,Male
1320-GVNHT,2020-09-12,East,referral,25,Male
1047-RNXZV,2023-02-10,North,paid_search,32,Male
3541-ZNUHK,2022-01-28,South,partner,47,Female
8450-JOVAH,2026-06-29,East,social,43,Male
8725-JEDFD,2024-05-21,South,paid_search,44,Male
7562-UXTPG,2025-08-09,North,referral,49,Female
8071-SBTRN,2020-11-16,Central,partner,28,Female
1113-IUJYX,2025-07-10,South,social,51,Female
6668-CNMFP,2025-01-30,West,referral,43,Female
5626-MGTUK,2025-01-06,Central,social,37,Female
5681-LLOEI,2023-02-09,East,partner,39,Male
8212-DJRCH,2026-03-21,West,referral,40,Male
4323-OHFOW,2020-10-31,North,referral,70,Female
4933-BSAIP,2023-04-28,West,partner,34,Female
2030-BTZRO,2026-02-24,Central,organic,30,Male
1116-DXXDF,2023-06-05,Central,paid_search,28,Male
9274-CNFMO,2026-04-26,North,paid_search,77,Male
7758-XKCBS,2025-05-20,South,social,31,Male
8992-JQYUN,2026-07-27,North,social,41,Male
6563-VNPMN,2022-12-09,Central,social,68,Female
0617-AQNWT,2021-04-24,South,organic,25,Female
2267-WTPYD,2021-12-09,East,paid_search,67,Female
0270-THENM,2020-09-14,East,paid_search,23,Male
2446-PLQVO,2026-08-04,West,organic,58,Male
4707-MAXGU,2020-09-01,Central,paid_search,47,Male
2710-WYVXG,2026-06-03,South,referral,30,Female
3005-NFMTA,2022-02-08,West,social,62,Male
6300-BWMJX,2021-10-09,South,organic,48,Female
8784-CGILN,2025-02-19,North,social,57,Female
5389-FFVKB,2024-01-08,North,social,79,Male
7009-LGECI,2026-04-25,South,organic,32,Female
8444-WRIDW,2021-03-10,East,paid_search,70,Female
5022-KVDQT,2024-06-14,West,referral,47,Male
7976-CICYS,2026-05-17,Central,social,45,Male
1036-GUDCL,2021-09-09,East,partner,23,Male
2005-DWQZJ,2025-12-22,East,social,48,Female
8148-WOCMK,2026-01-03,North,paid_search,22,Male
7815-PDTHL,2023-09-27,Central,social,55,Male
9451-LPGOO,2026-01-18,South,social,54,Male
9173-IVZVP,2022-04-16,West,referral,42,Female
9129-UXERG,2025-03-15,West,organic,72,Female
3635-JBPSG,2025-05-21,Central,paid_search,24,Female
7964-ZRKKG,2021-01-29,Central,organic,54,Male
5868-YWPDW,2026-02-28,West,social,74,Male
6229-LSCKB,2026-03-08,West,paid_search,61,Male
2025-JKFWI,2025-07-24,North,partner,48,Male
4078-SAYYN,2025-09-28,North,paid_search,56,Female
1724-IQWNM,2026-08-10,East,social,40,Male
8217-QYOHV,2026-03-29,West,partner,40,Male
5546-QUERU,2025-08-17,West,paid_search,42,Male
9940-HPQPG,2025-12-10,South,referral,32,Female
6897-UUBNU,2024-04-11,East,organic,44,Male
6127-IYJOZ,2026-07-25,Central,organic,73,Male
6618-RYATB,2026-07-26,North,social,36,Female
8930-XOTDP,2025-03-16,South,social,50,Female
5916-QEWPT,2026-06-21,Central,social,50,Female
5060-TQUQN,2024-02-22,North,partner,53,Male
0531-XBKMM,2021-03-04,South,paid_search,48,Male
8465-SBRXP,2023-07-12,East,organic,56,Male
2408-PSJVE,2023-01-04,West,partner,48,Male
9079-YEXQJ,2022-03-01,South,paid_search,58,Female
9700-ZCLOT,2026-06-30,West,organic,48,Male
8738-JOKAR,2023-03-08,South,organic,52,Female
4534-WGCIR,2021-11-13,South,referral,54,Female
1930-WNXSB,2021-10-29,East,social,58,Male
2685-SREOM,2024-07-26,North,paid_search,44,Female
3508-CFVZL,2020-10-08,West,social,48,Female
0402-CQAJN,2023-07-29,West,paid_search,57,Female
6692-UDPJC,2025-06-30,Central,partner,36,Female
1273-MTETI,2026-05-03,South,paid_search,63,Female
0657-DOGUM,2022-09-16,South,partner,54,Female
5480-HPRRX,2026-06-08,Central,paid_search,78,Female
8792-AOROI,2026-01-05,North,partner,37,Female
0295-PPHDO,2026-07-23,East,referral,48,Male
5146-YYFRZ,2021-01-22,East,organic,23,Male
1195-OIYEJ,2025-07-22,East,paid_search,39,Male
5906-CVLHP,2022-12-04,East,paid_search,31,Female
3452-SRFEG,2022-08-08,West,referral,32,Male
4070-OKWVH,2022-05-04,North,paid_search,57,Female
5297-MDOIR,2021-05-25,Central,referral,42,Female
6369-MCAKO,2020-12-29,Central,social,27,Female
4926-UMJZD,2024-01-29,North,partner,35,Female
6848-HJTXY,2021-05-04,Central,paid_search,30,Female
6341-AEVKX,2021-06-27,South,partner,55,Female
4501-EQDRN,2026-07-22,North,social,32,Female
2990-HWIML,2026-02-26,South,paid_search,35,Female
0682-USIXD,2024-12-04,West,paid_search,34,Female
6976-BWGLQ,2020-08-22,Central,organic,28,Female
7078-NVFAM,2023-12-19,West,social,50,Female
8065-QBYTO,2020-09-23,Central,social,75,Female
2133-TSRRM,2023-10-22,South,referral,38,Female
7384-GHBPI,2026-06-10,Central,social,36,Male
7603-USHJS,2025-09-04,West,partner,46,Male
7234-FECYN,2026-01-09,North,social,77,Female
2511-ALLCS,2023-10-07,North,social,56,Female
3191-CSNMG,2026-05-26,South,social,42,Female
7952-OBOYL,2026-05-28,North,paid_search,30,Male
7470-DYNOE,2022-04-17,South,partner,41,Male
7853-OETYL,2026-04-26,Central,organic,53,Female
1545-ACTAS,2022-09-11,South,social,28,Female
5876-HZVZM,2026-03-13,West,paid_search,41,Female
1400-MMYXY,2026-06-01,Central,referral,73,Male
5126-RCXYW,2022-03-11,South,referral,51,Male
3085-QUOZK,2026-07-20,West,partner,42,Female
2363-BJLSL,2021-07-13,East,partner,49,Male
1956-YIFGE,2024-11-12,South,social,50,Male
3926-CUQZX,2026-07-26,Central,partner,54,Male
7921-LMDFQ,2022-06-09,West,partner,60,Male
2925-MXLSX,2024-02-25,East,referral,48,Female
5820-PTRYM,2021-12-27,Central,referral,76,Female
9609-BENEA,2023-10-12,Central,social,53,Male
6211-WHMYA,2021-04-30,West,paid_search,72,Female
4459-BBGHE,2024-03-01,Central,partner,32,Male
9945-PSVIP,2024-08-14,South,paid_search,42,Female
1041-RXHRA,2023-03-26,South,referral,52,Female
1750-CSKKM,2025-11-22,South,paid_search,23,Male
9108-EJFJP,2026-07-20,West,paid_search,48,Female
0530-IJVDB,2020-11-14,Central,social,52,Male
0508-SQWPL,2021-12-11,West,partner,54,Female
2215-ZAFGX,2025-11-23,East,partner,29,Male
8213-TAZPM,2020-12-07,West,organic,50,Female
7142-HVGBG,2023-01-29,North,paid_search,63,Male
1304-SEGFY,2020-09-06,South,paid_search,22,Female
7242-EDTYC,2023-01-10,West,partner,48,Male
2904-GGUAZ,2020-08-29,North,social,45,Female
8267-ZNYVZ,2023-12-11,Central,paid_search,57,Female
5136-GFPMB,2022-03-14,North,paid_search,23,Male
2595-KIWPV,2024-06-02,West,referral,57,Male
5243-SAOTC,2022-03-13,West,social,43,Male
9398-MMQTO,2026-06-12,Central,paid_search,32,Male
7619-PLRLP,2022-03-25,West,paid_search,36,Female
6457-GIRWB,2026-08-02,East,referral,50,Male
6508-NJYRO,2025-06-01,West,social,58,Male
1450-SKCVI,2022-01-12,South,partner,33,Female
4710-NKCAW,2026-04-13,East,referral,58,Male
5306-BVTKJ,2022-09-05,Central,partner,45,Male
0357-NVCRI,2024-08-05,North,organic,29,Female
5570-PTWEH,2026-06-04,South,partner,44,Female
2371-KFUOG,2021-11-12,North,organic,51,Male
0463-ZSDNT,2025-10-21,East,paid_search,24,Male
6502-MJQAE,2026-08-07,West,paid_search,24,Male
6257-DTAYD,2020-09-22,North,partner,22,Male
4616-ULAOA,2021-04-05,East,paid_search,43,Female
7693-LCKZL,2026-04-03,East,paid_search,24,Male
7746-AWNQW,2024-05-14,West,social,56,Female
5996-EBTKM,2021-01-26,South,referral,26,Female
2758-RNWXS,2023-10-16,North,partner,24,Male
2314-TNDJQ,2020-08-25,North,referral,31,Female
2405-LBMUW,2021-07-22,East,partner,50,Female
3454-JFUBC,2021-01-06,East,partner,70,Male
0032-PGELS,2026-07-22,Central,partner,31,Female
9039-ZVJDC,2026-05-28,East,social,41,Male
6797-LNAQX,2020-11-16,North,partner,50,Male
9013-AQORL,2022-09-10,West,paid_search,51,Female
2898-MRKPI,2020-12-28,North,organic,27,Male
2750-BJLSB,2022-09-26,South,social,53,Female
3648-GZPHF,2024-01-14,West,paid_search,54,Male
2075-RMJIK,2026-03-28,South,paid_search,49,Female
9588-YRFHY,2022-07-24,East,organic,41,Male
6394-MFYNG,2022-09-14,East,referral,36,Female
1564-NTYXF,2025-07-22,Central,referral,76,Female
9364-YKUVW,2025-06-02,South,social,53,Male
5392-AKEMH,2025-08-29,Central,partner,41,Female
2451-YMUXS,2021-02-14,West,partner,63,Male
3914-FDRHP,2025-11-29,West,referral,36,Male
3078-ZKNTS,2025-08-04,North,social,49,Female
1024-KPRBB,2023-07-07,North,social,25,Female
4690-PKDQG,2023-02-23,West,social,65,Female
8155-IBNHG,2024-09-09,East,paid_search,41,Female
0886-QGENL,2024-06-16,South,paid_search,66,Female
9547-ITEFG,2025-12-03,Central,organic,29,Male
1264-FUHCX,2022-07-26,South,social,41,Female
7789-CRUVC,2021-08-13,East,partner,76,Female
6598-KELSS,2022-06-18,West,social,54,Male
8739-WWKDU,2024-07-27,Central,partner,71,Male
8685-WHQPW,2024-10-19,Central,referral,70,Female
4745-LSPLO,2026-08-03,West,organic,52,Male
8083-YTZES,2026-05-15,North,organic,52,Male
7240-FQLHE,2025-03-13,North,partner,74,Female
6664-FPDAC,2022-01-01,West,paid_search,64,Female
9972-VAFJJ,2022-03-31,East,paid_search,73,Female
0422-UXFAP,2022-05-26,North,social,22,Female
1904-WAJAA,2024-08-24,West,referral,43,Female
5130-YPIRV,2021-06-25,Central,social,41,Female
2843-CQMEG,2024-08-30,North,referral,41,Male
6439-PKTRR,2020-11-16,Central,social,24,Female
5351-QESIO,2026-08-02,South,organic,55,Male
0786-VSSUD,2025-04-23,South,paid_search,65,Male
5568-DMXZS,2025-12-22,West,organic,43,Female
8468-FZTOE,2020-08-22,South,organic,22,Female
6633-SYEUS,2024-10-16,North,social,36,Female
6447-GORXK,2024-02-03,Central,referral,48,Male
6967-PEJLL,2023-07-30,South,paid_search,49,Male
3976-BWUCK,2024-03-10,North,paid_search,31,Female
5981-ZVXOT,2023-10-05,West,paid_search,72,Female
1684-FLBGS,2024-10-14,South,organic,57,Female
1389-WNUIB,2025-01-11,West,social,40,Female
0376-OIWME,2023-09-17,North,organic,36,Male
3585-ISXZP,2025-12-18,East,paid_search,41,Female
0218-QNVAS,2020-09-21,East,organic,23,Male
6583-QGCSI,2022-07-05,Central,social,74,Female
0804-YGEQV,2023-02-16,East,paid_search,22,Female
7164-BPTUT,2021-12-06,Central,paid_search,23,Male
4174-LPGTI,2023-04-04,South,partner,42,Female
2523-EWWZL,2024-06-12,East,referral,40,Female
0928-XUTSN,2025-07-29,Central,paid_search,58,Female
2108-XWMPY,2026-05-19,North,referral,40,Male
0052-YNYOT,2021-01-21,Central,referral,58,Female
6304-IJFSQ,2026-05-23,West,paid_search,51,Male
9586-JGQKH,2021-04-23,West,referral,34,Female
4501-VCPFK,2024-07-15,South,paid_search,56,Male
6075-SLNIL,2023-07-02,Central,social,39,Male
9347-AERRL,2024-09-30,Central,referral,44,Male
0093-XWZFY,2023-05-15,South,partner,25,Male
2274-XUATA,2020-09-12,East,paid_search,72,Male
1980-KXVPM,2026-06-01,North,partner,79,Female
7703-ZEKEF,2024-09-25,South,referral,32,Male
0723-DRCLG,2026-08-11,North,partner,60,Female
5482-NUPNA,2026-05-04,East,referral,24,Female
6691-CCIHA,2021-07-15,East,partner,31,Female
1685-BQULA,2023-05-15,East,organic,46,Female
9053-EJUNL,2023-03-31,West,partner,44,Male
0666-UXTJO,2023-11-01,Central,partner,76,Male
1471-GIQKQ,2026-07-26,North,referral,55,Female
4807-IZYOZ,2022-05-21,South,organic,51,Female
1122-JWTJW,2026-08-12,South,referral,22,Male
9710-NJERN,2023-06-07,Central,partner,44,Female
9837-FWLCH,2025-08-22,North,referral,30,Male
1699-HPSBG,2025-09-15,North,organic,31,Male
7203-OYKCT,2020-08-23,North,paid_search,29,Male
1035-IPQPU,2021-05-20,West,social,74,Female
7398-LXGYX,2023-01-14,East,paid_search,26,Male
2823-LKABH,2025-03-14,Central,referral,41,Female
8775-CEBBJ,2025-11-27,South,paid_search,28,Female
0550-DCXLH,2025-08-03,South,partner,40,Male
9281-CEDRU,2020-12-18,East,referral,45,Female
2235-DWLJU,2026-03-02,North,paid_search,78,Female
0871-OPBXW,2026-06-29,Central,referral,25,Female
3605-JISKB,2022-02-08,Central,referral,75,Male
6894-LFHLY,2026-08-08,North,referral,78,Male
9767-FFLEM,2023-07-13,Central,paid_search,31,Male
0639-TSIQW,2021-02-11,East,organic,54,Female
8456-QDAVC,2025-02-12,South,partner,30,Male
7750-EYXWZ,2025-08-21,Central,paid_search,56,Female
2569-WGERO,2020-09-14,East,partner,26,Female
6840-RESVB,2024-09-01,South,paid_search,46,Male
2234-XADUH,2020-09-01,Central,social,22,Female
4801-JZAZL,2025-10-16,West,partner,29,Female
8361-LTMKD,2026-04-23,North,referral,70,Male
3186-AJIEK,2021-03-02,West,paid_search,25,Male
