customer_id,plan_type,contract_type,billing_cycle,payment_method,monthly_charge,tenure_months,status,start_date,end_date
7590-VHVEG,Basic,Month-to-month,Monthly,Electronic check,29.85,1,active,2026-07-26,
5575-GNVDE,Standard,One year,Annual,Mailed check,56.95,34,active,2023-11-17,
3668-QPYBK,Basic,Month-to-month,Monthly,Mailed check,53.85,2,cancelled,2026-07-17,2026-09-08
7795-CFOCW,Standard,One year,Annual,Bank transfer (automatic),42.3,45,active,2022-12-15,
9237-HQITU,Basic,Month-to-month,Monthly,Electronic check,70.7,2,cancelled,2026-07-08,2026-09-08
9305-CDSKC,Basic,Month-to-month,Monthly,Electronic check,99.65,8,cancelled,2026-01-02,2026-08-05
1452-KIOVK,Basic,Month-to-month,Monthly,Credit card (automatic),89.1,22,active,2024-11-08,
6713-OKOMC,Basic,Month-to-month,Monthly,Mailed check,29.75,10,active,2025-11-11,
7892-POOKP,Basic,Month-to-month,Monthly,Electronic check,104.8,28,cancelled,2024-05-08,2026-08-10
6388-TABGU,Standard,One year,Annual,Bank transfer (automatic),56.15,62,active,2021-07-03,
9763-GRSKD,Basic,Month-to-month,Monthly,Mailed check,49.95,13,active,2025-08-09,
7469-LKBCI,Pro,Two year,Annual,Credit card (automatic),18.95,16,active,2025-04-30,
8091-TTVAX,Standard,One year,Annual,Credit card (automatic),100.35,58,active,2021-11-05,
0280-XJGEX,Basic,Month-to-month,Monthly,Bank transfer (automatic),103.7,49,cancelled,2022-07-20,2026-08-22
5129-JLPIS,Basic,Month-to-month,Monthly,Electronic check,105.5,25,active,2024-07-18,
3655-SNQYZ,Pro,Two year,Annual,Credit card (automatic),113.25,69,active,2020-11-27,
8191-XWSZG,Standard,One year,Annual,Mailed check,20.65,52,active,2022-05-02,
9959-WOFKT,Pro,Two year,Annual,Bank transfer (automatic),106.7,71,active,2020-10-16,
4190-MFLUW,Basic,Month-to-month,Monthly,Credit card (automatic),55.2,10,cancelled,2025-10-29,2026-08-23
4183-MYFRB,Basic,Month-to-month,Monthly,Electronic check,90.05,21,active,2024-12-05,
8779-QRDMV,Basic,Month-to-month,Monthly,Electronic check,39.65,1,cancelled,2026-08-09,2026-09-13
1680-VDCWW,Standard,One year,Annual,Bank transfer (automatic),19.8,12,active,2025-08-24,
1066-JKSGK,Basic,Month-to-month,Monthly,Mailed check,20.15,1,cancelled,2026-08-16,2026-09-14
3638-WEABW,Pro,Two year,Annual,Credit card (automatic),59.9,58,active,2021-11-09,
6322-HRPFA,Basic,Month-to-month,Monthly,Credit card (automatic),59.6,49,active,2022-07-25,
6865-JZNKO,Basic,Month-to-month,Monthly,Bank transfer (automatic),55.3,30,active,2024-02-19,
6467-CHFZW,Basic,Month-to-month,Monthly,Electronic check,99.35,47,cancelled,2022-10-02,2026-08-15
8665-UTDHZ,Basic,Month-to-month,Monthly,Electronic check,30.2,1,cancelled,2026-08-02,2026-08-25
5248-YGIJN,Pro,Two year,Annual,Credit card (automatic),90.25,72,active,2020-08-18,
8773-HHUOZ,Basic,Month-to-month,Monthly,Mailed check,64.7,17,cancelled,2025-04-15,2026-09-01
3841-NFECX,Pro,Two year,Annual,Credit card (automatic),96.35,71,active,2020-10-02,
4929-XIHVW,Basic,Month-to-month,Monthly,Credit card (automatic),95.5,2,active,2026-07-11,
6827-IEAUQ,Standard,One year,Annual,Mailed check,66.15,27,active,2024-06-03,
7310-EGVHZ,Basic,Month-to-month,Monthly,Bank transfer (automatic),20.2,1,active,2026-07-21,
3413-BMNZE,Basic,Month-to-month,Monthly,Bank transfer (automatic),45.25,1,active,2026-07-31,
6234-RAAPL,Pro,Two year,Annual,Bank transfer (automatic),99.9,72,active,2020-08-18,
6047-YHPVI,Basic,Month-to-month,Monthly,Electronic check,69.7,5,cancelled,2026-04-02,2026-08-24
6572-ADKRS,Basic,Month-to-month,Monthly,Credit card (automatic),74.8,46,active,2022-10-22,
5380-WJKOV,Basic,Month-to-month,Monthly,Electronic check,106.35,34,cancelled,2023-11-12,2026-08-11
8168-UQWWF,Basic,Month-to-month,Monthly,Bank transfer (automatic),97.85,11,cancelled,2025-10-08,2026-08-29
8865-TNMNX,Standard,One year,Annual,Mailed check,49.55,10,active,2025-11-08,
9489-DEDVP,Pro,Two year,Annual,Credit card (automatic),69.2,70,active,2020-10-24,
9867-JCZSP,Standard,One year,Annual,Mailed check,20.75,17,active,2025-04-02,
4671-VJLCL,Pro,Two year,Annual,Credit card (automatic),79.85,63,active,2021-06-11,
4080-IIARD,Basic,Month-to-month,Monthly,Electronic check,76.2,13,active,2025-08-12,
3714-NTNFO,Basic,Month-to-month,Monthly,Electronic check,84.5,49,active,2022-08-06,
5948-UJZLF,Basic,Month-to-month,Monthly,Mailed check,49.25,2,active,2026-07-14,
7760-OYPDY,Basic,Month-to-month,Monthly,Electronic check,80.65,2,cancelled,2026-06-28,2026-08-26
7639-LIAYI,Pro,Two year,Annual,Credit card (automatic),79.75,52,active,2022-04-23,
2954-PIBKO,Pro,Two year,Annual,Credit card (automatic),64.15,69,active,2020-11-17,
8012-SOUDQ,Basic,Month-to-month,Monthly,Electronic check,90.25,43,active,2023-02-09,
9420-LOJKX,Basic,Month-to-month,Monthly,Credit card (automatic),99.1,15,cancelled,2025-06-04,2026-08-30
6575-SUVOI,Basic,Month-to-month,Monthly,Credit card (automatic),69.5,25,active,2024-08-01,
7495-OOKFY,Basic,Month-to-month,Monthly,Credit card (automatic),80.65,8,cancelled,2026-01-02,2026-08-07
4667-QONEA,Standard,One year,Annual,Credit card (automatic),74.85,60,active,2021-09-03,
1658-BYGOY,Basic,Month-to-month,Monthly,Electronic check,95.45,18,cancelled,2025-03-12,2026-09-12
8769-KKTPH,Standard,One year,Annual,Credit card (automatic),99.65,63,active,2021-06-14,
5067-XJQFU,Standard,One year,Annual,Electronic check,108.45,66,active,2021-03-05,
3957-SQXML,Pro,Two year,Annual,Credit card (automatic),24.95,34,active,2023-11-15,
5954-BDFSG,Pro,Two year,Annual,Credit card (automatic),107.5,72,active,2020-09-15,
0434-CSFON,Basic,Month-to-month,Monthly,Electronic check,100.5,47,active,2022-10-02,
1215-FIGMP,Basic,Month-to-month,Monthly,Bank transfer (automatic),89.9,60,active,2021-08-22,
0526-SXDJP,Pro,Two year,Annual,Bank transfer (automatic),42.1,72,active,2020-08-31,
0557-ASKVU,Standard,One year,Annual,Credit card (automatic),54.4,18,active,2025-03-18,
5698-BQJOH,Basic,Month-to-month,Monthly,Electronic check,94.4,9,cancelled,2025-11-22,2026-07-23
5122-CYFXA,Basic,Month-to-month,Monthly,Electronic check,75.3,3,active,2026-05-28,
8627-ZYGSZ,Standard,One year,Annual,Electronic check,78.9,47,active,2022-10-08,
3410-YOQBQ,Pro,Two year,Annual,Mailed check,79.2,31,active,2024-02-08,
3170-NMYVV,Pro,Two year,Annual,Bank transfer (automatic),20.15,50,active,2022-06-21,
7410-OIEDU,Basic,Month-to-month,Monthly,Mailed check,79.85,10,active,2025-11-02,
2273-QCKXA,Basic,Month-to-month,Monthly,Mailed check,49.05,1,active,2026-08-13,
0731-EBJQB,Standard,One year,Annual,Electronic check,20.4,52,active,2022-05-10,
1891-QRQSA,Pro,Two year,Annual,Bank transfer (automatic),111.6,64,active,2021-05-10,
8028-PNXHQ,Pro,Two year,Annual,Bank transfer (automatic),24.25,62,active,2021-07-05,
5630-AHZIL,Basic,Month-to-month,Monthly,Bank transfer (automatic),64.5,3,active,2026-06-07,
2673-CXQEU,Standard,One year,Annual,Electronic check,110.5,56,active,2021-12-31,
6416-JNVRK,Standard,One year,Annual,Credit card (automatic),55.65,46,active,2022-11-07,
5590-ZSKRV,Basic,Month-to-month,Monthly,Mailed check,54.65,8,active,2025-12-28,
0191-ZHSKZ,Basic,Month-to-month,Monthly,Electronic check,74.75,30,active,2024-03-03,
3887-PBQAO,Standard,One year,Annual,Credit card (automatic),25.9,45,active,2022-11-19,
5919-TMRGD,Basic,Month-to-month,Monthly,Electronic check,79.35,1,cancelled,2026-07-24,2026-08-14
8108-UXRQN,Basic,Month-to-month,Monthly,Electronic check,50.55,11,active,2025-10-08,
9191-MYQKX,Basic,Month-to-month,Monthly,Bank transfer (automatic),75.15,7,cancelled,2026-02-14,2026-09-01
9919-YLNNG,Basic,Month-to-month,Monthly,Bank transfer (automatic),103.8,42,active,2023-03-01,
0318-ZOPWS,Pro,Two year,Annual,Bank transfer (automatic),20.15,49,active,2022-08-07,
4445-ZJNMU,Basic,Month-to-month,Monthly,Credit card (automatic),99.3,9,active,2025-11-20,
4808-YNLEU,Standard,One year,Annual,Bank transfer (automatic),62.15,35,active,2023-10-05,
1862-QRWPE,Pro,Two year,Annual,Bank transfer (automatic),20.65,48,active,2022-09-08,
2796-NNUFI,Pro,Two year,Annual,Mailed check,19.95,46,active,2022-11-06,
3016-KSVCP,Basic,Month-to-month,Monthly,Mailed check,33.75,29,active,2024-03-23,
4767-HZZHQ,Basic,Month-to-month,Monthly,Bank transfer (automatic),82.05,30,active,2024-03-14,
2424-WVHPL,Basic,Month-to-month,Monthly,Electronic check,74.7,1,active,2026-07-20,
7233-PAHHL,Pro,Two year,Annual,Mailed check,84.0,66,active,2021-03-10,
6067-NGCEU,Basic,Month-to-month,Monthly,Credit card (automatic),111.05,65,active,2021-03-23,
9848-JQJTX,Pro,Two year,Annual,Bank transfer (automatic),100.9,72,active,2020-08-31,
8637-XJIVR,Basic,Month-to-month,Monthly,Electronic check,78.95,12,cancelled,2025-08-30,2026-08-02
9803-FTJCG,Standard,One year,Annual,Credit card (automatic),66.85,71,active,2020-10-10,
0278-YXOOG,Basic,Month-to-month,Monthly,Mailed check,21.05,5,cancelled,2026-03-27,2026-07-22
3212-KXOCR,Pro,Two year,Annual,Bank transfer (automatic),21.0,52,active,2022-04-29,
4598-XLKNJ,Basic,Month-to-month,Monthly,Electronic check,98.5,25,cancelled,2024-08-02,2026-09-12
6380-ARCEH,Basic,Month-to-month,Monthly,Mailed check,20.2,1,active,2026-08-04,
3679-XASPY,Basic,Month-to-month,Monthly,Electronic check,19.45,1,active,2026-07-31,
7123-WQUHX,Standard,One year,Annual,Bank transfer (automatic),95.0,38,active,2023-07-04,
5386-THSLQ,Standard,One year,Annual,Bank transfer (automatic),45.55,66,active,2021-02-16,
3192-NQECA,Pro,Two year,Annual,Bank transfer (automatic),110.0,68,cancelled,2021-01-15,2026-09-03
6180-YBIQI,Basic,Month-to-month,Monthly,Mailed check,24.3,5,active,2026-04-10,
6728-DKUCO,Standard,One year,Annual,Electronic check,104.15,72,active,2020-08-22,
9750-BOOHV,Standard,One year,Annual,Mailed check,30.15,32,active,2023-12-24,
8597-CWYHH,Standard,One year,Annual,Mailed check,94.35,43,active,2023-02-06,
2848-YXSMW,Pro,Two year,Annual,Credit card (automatic),19.4,72,active,2020-09-01,
0486-HECZI,Basic,Month-to-month,Monthly,Electronic check,96.75,55,cancelled,2022-02-15,2026-09-07
4549-ZDQYY,Standard,One year,Annual,Credit card (automatic),57.95,52,active,2022-05-13,
5712-AHQNN,Basic,Month-to-month,Monthly,Electronic check,91.65,43,active,2023-01-19,
4846-WHAFZ,Basic,Month-to-month,Monthly,Electronic check,76.5,37,cancelled,2023-07-29,2026-09-11
5256-SKJGO,Pro,Two year,Annual,Electronic check,54.6,64,active,2021-05-16,
3071-VBYPO,Basic,Month-to-month,Monthly,Electronic check,89.85,3,active,2026-05-25,
9560-BBZXK,Pro,Two year,Annual,Bank transfer (automatic),31.05,36,active,2023-09-05,
5299-RULOA,Basic,Month-to-month,Monthly,Electronic check,100.25,10,cancelled,2025-10-30,2026-08-03
8402-OOOHJ,Pro,Two year,Annual,Mailed check,20.65,41,active,2023-03-23,
9445-ZUEQE,Basic,Month-to-month,Monthly,Credit card (automatic),85.2,27,active,2024-05-23,
1091-SOZGA,Standard,One year,Annual,Credit card (automatic),99.8,56,active,2022-01-12,
2928-HLDBA,Basic,Month-to-month,Monthly,Mailed check,20.7,6,active,2026-03-08,
0404-SWRVG,Basic,Month-to-month,Monthly,Electronic check,74.4,3,cancelled,2026-06-09,2026-09-04
6497-TILVL,Basic,Month-to-month,Monthly,Mailed check,50.7,7,active,2026-01-19,
7219-TLZHO,Basic,Month-to-month,Monthly,Mailed check,20.85,4,active,2026-04-25,
4622-YNKIJ,Pro,Two year,Annual,Electronic check,88.95,33,active,2023-11-28,
4412-YLTKF,Basic,Month-to-month,Monthly,Electronic check,78.05,27,cancelled,2024-06-16,2026-08-24
6734-PSBAW,Pro,Two year,Annual,Bank transfer (automatic),23.55,72,active,2020-08-23,
3930-ZGWVE,Basic,Month-to-month,Monthly,Mailed check,19.75,1,active,2026-08-01,
2639-UGMAZ,Standard,One year,Annual,Electronic check,56.45,71,active,2020-10-08,
2876-GZYZC,Basic,Month-to-month,Monthly,Electronic check,85.95,13,active,2025-08-04,
6207-WIOLX,Basic,Month-to-month,Monthly,Credit card (automatic),58.6,25,cancelled,2024-08-03,2026-07-29
8587-XYZSF,Pro,Two year,Annual,Bank transfer (automatic),50.55,67,active,2021-02-07,
3091-FYHKI,Basic,Month-to-month,Monthly,Electronic check,35.45,1,cancelled,2026-07-21,2026-08-10
2372-HWUHI,Basic,Month-to-month,Monthly,Electronic check,44.35,2,cancelled,2026-06-21,2026-08-07
7799-LGRDP,Pro,Two year,Annual,Credit card (automatic),25.7,43,active,2023-02-15,
7850-VWJUU,Basic,Month-to-month,Monthly,Bank transfer (automatic),75.0,23,active,2024-09-18,
3774-VBNXY,Pro,Two year,Annual,Mailed check,20.2,64,active,2021-05-05,
6217-KDYWC,Pro,Two year,Annual,Mailed check,19.6,57,active,2021-11-23,
0390-DCFDQ,Basic,Month-to-month,Monthly,Mailed check,70.45,1,cancelled,2026-07-25,2026-09-10
3146-MSEGF,Pro,Two year,Annual,Credit card (automatic),88.05,72,active,2020-08-30,
4080-OGPJL,Basic,Month-to-month,Monthly,Electronic check,71.15,8,cancelled,2025-12-25,2026-07-20
1095-WGNGG,Pro,Two year,Annual,Bank transfer (automatic),101.05,61,active,2021-07-28,
2636-SJDOU,Standard,One year,Annual,Credit card (automatic),84.3,64,active,2021-04-22,
1131-QQZEB,Pro,Two year,Annual,Bank transfer (automatic),23.95,71,active,2020-10-04,
5716-EZXZN,Pro,Two year,Annual,Credit card (automatic),99.05,65,active,2021-03-26,
6837-BJYDQ,Standard,One year,Annual,Mailed check,19.6,3,active,2026-05-19,
2135-RXIHG,Basic,Month-to-month,Monthly,Electronic check,45.65,1,cancelled,2026-07-20,2026-09-11
6440-DKQGE,Standard,One year,Annual,Credit card (automatic),64.5,30,active,2024-03-13,
3466-BYAVD,Basic,Month-to-month,Monthly,Mailed check,69.5,15,active,2025-06-03,
3780-YVMFA,Basic,Month-to-month,Monthly,Electronic check,68.55,8,active,2026-01-01,
3874-EQOEP,Basic,Month-to-month,Monthly,Mailed check,95.0,7,cancelled,2026-01-28,2026-08-05
1679-JRFBR,Standard,One year,Annual,Credit card (automatic),108.15,70,active,2020-10-28,
9073-ZZIAY,Pro,Two year,Annual,Electronic check,86.1,62,active,2021-06-22,
3077-RSNTJ,Basic,Month-to-month,Monthly,Mailed check,19.7,6,active,2026-03-03,
6551-GNYDG,Basic,Month-to-month,Monthly,Bank transfer (automatic),80.9,14,active,2025-06-26,
9167-APMXZ,Basic,Month-to-month,Monthly,Bank transfer (automatic),84.15,22,active,2024-10-21,
2749-CTKAJ,Standard,One year,Annual,Mailed check,20.15,22,active,2024-11-13,
6371-NZYEG,Pro,Two year,Annual,Mailed check,64.25,16,active,2025-04-28,
7554-NEWDD,Pro,Two year,Annual,Bank transfer (automatic),25.7,10,active,2025-11-05,
8992-VONJD,Basic,Month-to-month,Monthly,Electronic check,56.0,13,active,2025-07-21,
0867-MKZVY,Basic,Month-to-month,Monthly,Electronic check,82.4,20,cancelled,2024-12-31,2026-08-09
4482-EWFMI,Basic,Month-to-month,Monthly,Electronic check,69.7,2,active,2026-06-30,
4648-YPBTM,Pro,Two year,Annual,Bank transfer (automatic),73.9,53,active,2022-03-26,
2907-ILJBN,Standard,One year,Annual,Mailed check,20.6,11,active,2025-10-10,
6345-FZOQH,Pro,Two year,Annual,Mailed check,19.9,69,active,2020-11-30,
3376-BMGFE,Basic,Month-to-month,Monthly,Bank transfer (automatic),70.9,4,cancelled,2026-04-25,2026-08-22
5997-OPVFA,Pro,Two year,Annual,Bank transfer (automatic),89.05,72,active,2020-08-24,
3445-HXXGF,Basic,Month-to-month,Monthly,Electronic check,45.3,58,cancelled,2021-11-10,2026-07-28
1159-WFSGR,Basic,Month-to-month,Monthly,Electronic check,20.4,16,active,2025-04-22,
7654-YWJUF,Standard,One year,Annual,Bank transfer (automatic),84.25,43,active,2023-02-12,
1875-QIVME,Basic,Month-to-month,Monthly,Electronic check,104.4,2,cancelled,2026-07-11,2026-07-25
6727-IOTLZ,Pro,Two year,Annual,Mailed check,81.95,14,active,2025-06-22,
0691-JVSYA,Standard,One year,Annual,Bank transfer (automatic),94.85,53,cancelled,2022-03-30,2026-09-11
5918-VUKWP,Standard,One year,Annual,Bank transfer (automatic),20.55,32,active,2023-12-31,
1744-JHKYS,Basic,Month-to-month,Monthly,Electronic check,24.7,34,active,2023-11-01,
2656-FMOKZ,Basic,Month-to-month,Monthly,Mailed check,74.45,15,cancelled,2025-05-19,2026-07-21
2070-FNEXE,Basic,Month-to-month,Monthly,Bank transfer (automatic),76.45,7,cancelled,2026-02-09,2026-09-01
5947-SGKCL,Basic,Month-to-month,Monthly,Bank transfer (automatic),105.35,15,active,2025-06-09,
3712-PKXZA,Standard,One year,Annual,Credit card (automatic),20.55,61,active,2021-08-03,
6317-YPKDH,Basic,Month-to-month,Monthly,Bank transfer (automatic),29.95,1,cancelled,2026-07-23,2026-07-31
6582-OIVSP,Basic,Month-to-month,Monthly,Mailed check,45.3,1,active,2026-08-01,
9367-WXLCH,Basic,Month-to-month,Monthly,Bank transfer (automatic),84.5,8,cancelled,2025-12-26,2026-07-29
5524-KHNJP,Standard,One year,Annual,Credit card (automatic),74.75,33,active,2023-11-23,
1918-ZBFQJ,Basic,Month-to-month,Monthly,Electronic check,79.25,13,cancelled,2025-07-22,2026-08-14
1024-GUALD,Basic,Month-to-month,Monthly,Electronic check,24.8,1,cancelled,2026-08-04,2026-07-27
4827-USJHP,Basic,Month-to-month,Monthly,Mailed check,51.8,20,active,2025-01-03,
8167-GJLRN,Basic,Month-to-month,Monthly,Electronic check,30.4,3,active,2026-06-15,
0956-SYCWG,Standard,One year,Annual,Electronic check,19.65,13,active,2025-08-15,
8017-UVSZU,Basic,Month-to-month,Monthly,Credit card (automatic),56.6,40,active,2023-05-04,
7100-FQPRV,Standard,One year,Annual,Credit card (automatic),71.9,43,active,2023-01-25,
2472-OVKUP,Basic,Month-to-month,Monthly,Electronic check,91.0,6,cancelled,2026-02-21,2026-07-29
2984-RGEYA,Pro,Two year,Annual,Bank transfer (automatic),19.75,69,active,2020-12-04,
9680-NIAUV,Pro,Two year,Annual,Credit card (automatic),109.7,72,active,2020-08-30,
2146-EGVDT,Pro,Two year,Annual,Credit card (automatic),19.3,59,active,2021-09-23,
2604-IJPDU,Basic,Month-to-month,Monthly,Electronic check,96.55,20,active,2025-01-07,
9178-JHUVJ,Pro,Two year,Annual,Bank transfer (automatic),24.1,24,active,2024-09-12,
6168-YBYNP,Basic,Month-to-month,Monthly,Electronic check,111.35,59,active,2021-09-20,
7255-SSFBC,Pro,Two year,Annual,Bank transfer (automatic),112.25,72,active,2020-08-31,
3645-DEYGF,Basic,Month-to-month,Monthly,Mailed check,20.75,1,active,2026-08-13,
9323-HGFWY,Standard,One year,Annual,Credit card (automatic),101.9,27,active,2024-06-10,
8544-GOQSH,Basic,Month-to-month,Monthly,Credit card (automatic),80.05,14,active,2025-07-08,
3363-DTIVD,Pro,Two year,Annual,Electronic check,105.55,71,active,2020-10-10,
7018-WBJNK,Basic,Month-to-month,Monthly,Credit card (automatic),78.3,13,active,2025-08-04,
9142-KZXOP,Basic,Month-to-month,Monthly,Credit card (automatic),68.85,44,active,2022-12-23,
7674-YTAFD,Standard,One year,Annual,Bank transfer (automatic),79.95,33,active,2023-11-25,
6348-SNFUS,Pro,Two year,Annual,Credit card (automatic),55.45,72,active,2020-08-20,
1285-OKIPP,Basic,Month-to-month,Monthly,Electronic check,79.9,1,cancelled,2026-07-23,2026-08-16
7825-ECJRF,Basic,Month-to-month,Monthly,Electronic check,106.6,19,cancelled,2025-02-06,2026-09-05
1347-KTTTA,Standard,One year,Annual,Credit card (automatic),102.45,64,active,2021-05-16,
7841-TZDMQ,Basic,Month-to-month,Monthly,Credit card (automatic),46.0,2,cancelled,2026-07-14,2026-08-21
4195-NZGTA,Basic,Month-to-month,Monthly,Electronic check,25.25,1,active,2026-07-25,
7157-SMCFK,Pro,Two year,Annual,Mailed check,19.75,61,active,2021-08-07,
4709-LKHYG,Standard,One year,Annual,Electronic check,20.0,29,active,2024-03-27,
2504-DSHIH,Basic,Month-to-month,Monthly,Electronic check,86.8,23,active,2024-10-03,
0699-NDKJM,Basic,Month-to-month,Monthly,Bank transfer (automatic),58.75,57,active,2021-11-20,
9286-BHDQG,Pro,Two year,Annual,Credit card (automatic),45.25,72,active,2020-09-01,
0230-WEQUW,Pro,Two year,Annual,Bank transfer (automatic),56.6,66,active,2021-02-18,
2040-LDIWQ,Pro,Two year,Annual,Bank transfer (automatic),84.2,65,active,2021-04-10,
6496-JDSSB,Basic,Month-to-month,Monthly,Bank transfer (automatic),80.0,8,active,2025-12-24,
9408-SSNVZ,Basic,Month-to-month,Monthly,Electronic check,70.15,4,cancelled,2026-05-03,2026-07-24
4443-EMBNA,Pro,Two year,Annual,Bank transfer (automatic),24.75,71,active,2020-10-11,
6469-MRVET,Standard,One year,Annual,Electronic check,20.2,1,active,2026-08-10,
0742-MOABM,Basic,Month-to-month,Monthly,Mailed check,50.05,4,cancelled,2026-05-09,2026-09-04
5961-VUSRV,Standard,One year,Annual,Bank transfer (automatic),19.35,12,active,2025-09-12,
6778-JFCMK,Standard,One year,Annual,Mailed check,50.6,24,active,2024-08-19,
6341-JVQGF,Standard,One year,Annual,Mailed check,81.15,31,active,2024-02-10,
2232-DMLXU,Basic,Month-to-month,Monthly,Mailed check,55.2,1,cancelled,2026-07-31,2026-07-19
4811-JBUVU,Basic,Month-to-month,Monthly,Credit card (automatic),89.9,30,active,2024-02-29,
0945-TSONX,Pro,Two year,Annual,Credit card (automatic),85.3,47,active,2022-10-01,
2651-ZCBXV,Pro,Two year,Annual,Credit card (automatic),108.0,54,active,2022-02-28,
3316-UWXUY,Basic,Month-to-month,Monthly,Credit card (automatic),93.5,50,active,2022-06-20,
8937-RDTHP,Basic,Month-to-month,Monthly,Mailed check,84.6,1,cancelled,2026-07-19,2026-09-05
7083-MIOPC,Pro,Two year,Annual,Credit card (automatic),20.25,72,active,2020-08-21,
1984-GPTEH,Basic,Month-to-month,Monthly,Electronic check,25.15,29,active,2024-04-04,
1251-KRREG,Basic,Month-to-month,Monthly,Mailed check,54.4,2,cancelled,2026-06-27,2026-08-07
0621-JFHOL,Pro,Two year,Annual,Mailed check,29.6,10,active,2025-11-11,
9903-LYSAB,Basic,Month-to-month,Monthly,Electronic check,73.15,18,active,2025-02-20,
0094-OIFMO,Basic,Month-to-month,Monthly,Electronic check,95.0,11,cancelled,2025-10-12,2026-08-09
9227-UAQFT,Pro,Two year,Annual,Mailed check,19.75,16,active,2025-05-14,
7301-ABVAD,Pro,Two year,Annual,Bank transfer (automatic),86.6,72,active,2020-08-23,
6614-FHDBO,Pro,Two year,Annual,Bank transfer (automatic),109.2,72,active,2020-08-25,
7576-ASEJU,Standard,One year,Annual,Credit card (automatic),74.7,41,active,2023-04-13,
9058-HRZSV,Basic,Month-to-month,Monthly,Electronic check,94.4,65,active,2021-03-20,
4522-AKYLR,Basic,Month-to-month,Monthly,Electronic check,54.8,13,active,2025-08-14,
0221-WMXNQ,Basic,Month-to-month,Monthly,Electronic check,75.35,4,active,2026-05-17,
0303-UNCIP,Standard,One year,Annual,Mailed check,65.0,41,active,2023-03-20,
9947-OTFQU,Basic,Month-to-month,Monthly,Electronic check,74.4,15,cancelled,2025-06-11,2026-09-04
0322-YINQP,Basic,Month-to-month,Monthly,Mailed check,48.55,1,cancelled,2026-08-10,2026-08-19
0959-WHOKV,Standard,One year,Annual,Electronic check,99.0,42,active,2023-02-23,
4075-JFPGR,Standard,One year,Annual,Electronic check,93.5,51,active,2022-05-30,
4629-NRXKX,Basic,Month-to-month,Monthly,Electronic check,70.4,2,cancelled,2026-07-03,2026-09-07
9514-JDSKI,Basic,Month-to-month,Monthly,Electronic check,40.2,1,cancelled,2026-07-19,2026-08-25
3282-ZISZV,Standard,One year,Annual,Credit card (automatic),83.7,32,active,2024-01-14,
3675-YDUPJ,Basic,Month-to-month,Monthly,Mailed check,19.85,10,active,2025-10-20,
4111-BNXIF,Pro,Two year,Annual,Electronic check,59.55,67,active,2021-02-07,
7017-VFHAY,Pro,Two year,Annual,Credit card (automatic),115.1,61,active,2021-07-30,
6655-LHBYW,Standard,One year,Annual,Credit card (automatic),114.35,50,active,2022-07-08,
4959-JOSRX,Basic,Month-to-month,Monthly,Credit card (automatic),44.6,2,cancelled,2026-07-10,2026-07-21
5046-NUHWD,Basic,Month-to-month,Monthly,Electronic check,45.0,29,active,2024-04-08,
7273-TEFQD,Basic,Month-to-month,Monthly,Electronic check,41.15,3,cancelled,2026-06-01,2026-09-12
3606-TWKGI,Basic,Month-to-month,Monthly,Electronic check,106.9,13,cancelled,2025-07-22,2026-07-26
7529-ZDFXI,Basic,Month-to-month,Monthly,Electronic check,89.85,57,active,2021-12-13,
7605-BDWDC,Pro,Two year,Annual,Bank transfer (automatic),49.85,31,active,2024-01-28,
1950-KSVVJ,Standard,One year,Annual,Mailed check,113.3,45,active,2022-11-22,
0123-CRBRT,Pro,Two year,Annual,Mailed check,88.1,61,active,2021-07-26,
6292-TOSSS,Pro,Two year,Annual,Bank transfer (automatic),24.9,50,active,2022-06-18,
3197-ARFOY,Basic,Month-to-month,Monthly,Mailed check,105.0,19,active,2025-02-15,
6323-AYBRX,Pro,Two year,Annual,Mailed check,19.35,59,cancelled,2021-10-07,2026-08-07
7014-ZZXAW,Pro,Two year,Annual,Credit card (automatic),24.25,71,active,2020-10-04,
4385-GZQXV,Basic,Month-to-month,Monthly,Electronic check,94.45,16,cancelled,2025-05-01,2026-08-02
7633-MVPUY,Pro,Two year,Annual,Electronic check,59.75,57,active,2021-12-07,
6366-ZGQGL,Basic,Month-to-month,Monthly,Bank transfer (automatic),24.8,1,cancelled,2026-08-10,2026-08-30
4716-HHKQH,Basic,Month-to-month,Monthly,Electronic check,107.05,20,active,2024-12-22,
5940-AHUHD,Basic,Month-to-month,Monthly,Mailed check,70.6,1,cancelled,2026-08-11,2026-07-22
6432-TWQLB,Basic,Month-to-month,Monthly,Electronic check,85.4,5,cancelled,2026-03-20,2026-09-01
4484-GLZOU,Basic,Month-to-month,Monthly,Electronic check,105.05,52,cancelled,2022-05-17,2026-08-17
3179-GBRWV,Basic,Month-to-month,Monthly,Bank transfer (automatic),64.95,21,active,2024-12-04,
8645-KWHJO,Basic,Month-to-month,Monthly,Electronic check,55.0,14,active,2025-06-29,
4130-MZLCC,Basic,Month-to-month,Monthly,Bank transfer (automatic),50.55,5,active,2026-03-19,
0314-TKOSI,Basic,Month-to-month,Monthly,Mailed check,55.15,6,active,2026-02-24,
8229-MYEJZ,Basic,Month-to-month,Monthly,Electronic check,51.2,10,active,2025-11-16,
2080-SRCDE,Basic,Month-to-month,Monthly,Mailed check,25.4,1,active,2026-07-26,
9577-WJVCQ,Basic,Month-to-month,Monthly,Mailed check,54.45,68,active,2021-01-07,
9512-UIBFX,Basic,Month-to-month,Monthly,Mailed check,95.15,18,cancelled,2025-02-21,2026-09-13
6202-DYYFX,Standard,One year,Annual,Credit card (automatic),76.0,22,active,2024-10-24,
3808-HFKDE,Basic,Month-to-month,Monthly,Electronic check,44.35,20,active,2025-01-11,
5583-SXDAG,Basic,Month-to-month,Monthly,Electronic check,70.0,1,cancelled,2026-08-07,2026-07-25
3488-PGMQJ,Basic,Month-to-month,Monthly,Electronic check,74.5,8,cancelled,2025-12-23,2026-08-05
3580-REOAC,Basic,Month-to-month,Monthly,Credit card (automatic),44.85,10,cancelled,2025-10-20,2026-09-06
7534-BFESC,Basic,Month-to-month,Monthly,Electronic check,76.1,24,cancelled,2024-08-29,2026-08-07
3727-OWVYD,Standard,One year,Annual,Mailed check,61.2,35,active,2023-10-11,
2294-SALNE,Standard,One year,Annual,Mailed check,86.8,23,active,2024-10-05,
4847-TAJYI,Basic,Month-to-month,Monthly,Electronic check,89.35,6,active,2026-02-23,
1563-IWQEX,Basic,Month-to-month,Monthly,Mailed check,19.7,12,active,2025-08-30,
8203-XJZRC,Basic,Month-to-month,Monthly,Mailed check,20.25,1,active,2026-08-11,
6556-DBKZF,Pro,Two year,Annual,Electronic check,76.05,71,active,2020-10-08,
6851-WEFYX,Basic,Month-to-month,Monthly,Electronic check,100.8,35,active,2023-10-12,
2985-JUUBZ,Basic,Month-to-month,Monthly,Electronic check,74.55,40,active,2023-05-04,
6390-DSAZX,Basic,Month-to-month,Monthly,Mailed check,73.6,1,cancelled,2026-08-04,2026-09-05
0895-LMRSF,Standard,One year,Annual,Bank transfer (automatic),64.9,23,active,2024-09-30,
8098-LLAZX,Basic,Month-to-month,Monthly,Electronic check,95.45,4,cancelled,2026-04-20,2026-08-20
8266-VBFQL,Basic,Month-to-month,Monthly,Electronic check,90.4,4,active,2026-04-29,
8181-YHCMF,Pro,Two year,Annual,Credit card (automatic),60.3,68,active,2020-12-30,
2240-HSJQD,Basic,Month-to-month,Monthly,Mailed check,81.85,38,active,2023-07-08,
1248-DYXUB,Pro,Two year,Annual,Mailed check,24.8,52,active,2022-04-29,
0265-EDXBD,Basic,Month-to-month,Monthly,Electronic check,74.9,32,cancelled,2023-12-19,2026-08-16
4115-BNPJY,Pro,Two year,Annual,Mailed check,75.55,29,active,2024-04-17,
3167-SNQPL,Basic,Month-to-month,Monthly,Electronic check,101.15,38,active,2023-07-08,
4091-TVOCN,Standard,One year,Annual,Credit card (automatic),78.75,48,active,2022-09-15,
1098-TDVUQ,Basic,Month-to-month,Monthly,Bank transfer (automatic),19.25,1,active,2026-08-11,
7277-OZCGZ,Basic,Month-to-month,Monthly,Electronic check,89.05,22,active,2024-11-14,
1557-EMYVT,Pro,Two year,Annual,Credit card (automatic),115.05,43,active,2023-01-30,
2799-ARNLO,Basic,Month-to-month,Monthly,Electronic check,69.35,5,active,2026-03-24,
7563-BIUPC,Basic,Month-to-month,Monthly,Electronic check,80.6,5,cancelled,2026-03-20,2026-07-23
5027-YOCXN,Standard,One year,Annual,Credit card (automatic),110.05,51,active,2022-06-10,
3973-SKMLN,Pro,Two year,Annual,Credit card (automatic),19.9,71,active,2020-09-26,
2321-OMBXY,Standard,One year,Annual,Credit card (automatic),80.3,38,cancelled,2023-07-09,2026-08-27
2840-XANRC,Basic,Month-to-month,Monthly,Electronic check,93.15,24,cancelled,2024-09-07,2026-09-15
6745-JEFZB,Basic,Month-to-month,Monthly,Credit card (automatic),91.5,35,active,2023-09-29,
5020-ZSTTY,Standard,One year,Annual,Bank transfer (automatic),82.45,54,cancelled,2022-02-26,2026-08-21
9880-TDQAC,Pro,Two year,Annual,Electronic check,60.0,72,active,2020-08-30,
8705-WZCYL,Basic,Month-to-month,Monthly,Electronic check,44.8,1,active,2026-08-15,
7102-JJVTX,Standard,One year,Annual,Mailed check,48.6,9,active,2025-12-05,
8626-PTQGE,Pro,Two year,Annual,Bank transfer (automatic),60.05,69,active,2020-12-08,
4983-CLMLV,Basic,Month-to-month,Monthly,Credit card (automatic),102.7,52,active,2022-05-18,
5701-YVSVF,Basic,Month-to-month,Monthly,Electronic check,82.9,11,active,2025-10-16,
5804-LEPIM,Basic,Month-to-month,Monthly,Electronic check,70.35,2,cancelled,2026-07-05,2026-07-23
5697-GOMBF,Basic,Month-to-month,Monthly,Electronic check,35.9,28,active,2024-05-14,
2739-CACDQ,Basic,Month-to-month,Monthly,Credit card (automatic),82.65,17,active,2025-03-26,
9385-EHGDO,Pro,Two year,Annual,Mailed check,19.85,35,active,2023-10-16,
9498-FIMXL,Standard,One year,Annual,Mailed check,19.2,8,active,2026-01-09,
2379-GYFLQ,Standard,One year,Annual,Credit card (automatic),94.9,46,active,2022-10-18,
0122-OAHPZ,Basic,Month-to-month,Monthly,Electronic check,73.85,7,cancelled,2026-01-25,2026-07-30
2868-SNELZ,Basic,Month-to-month,Monthly,Mailed check,80.6,2,cancelled,2026-07-02,2026-09-12
4322-RCYMT,Standard,One year,Annual,Bank transfer (automatic),75.8,68,cancelled,2021-01-16,2026-09-12
6680-NENYN,Pro,Two year,Annual,Electronic check,104.6,43,cancelled,2023-02-15,2026-08-02
2088-IEBAU,Pro,Two year,Annual,Electronic check,88.15,68,active,2020-12-20,
7982-VCELR,Basic,Month-to-month,Monthly,Credit card (automatic),94.8,36,active,2023-08-25,
1343-EHPYB,Basic,Month-to-month,Monthly,Electronic check,103.4,63,cancelled,2021-05-20,2026-08-04
6035-BXTTY,Basic,Month-to-month,Monthly,Bank transfer (automatic),54.65,32,active,2023-12-23,
6885-PKOAM,Pro,Two year,Annual,Credit card (automatic),85.75,71,active,2020-10-16,
7520-HQWJU,Basic,Month-to-month,Monthly,Bank transfer (automatic),67.45,66,active,2021-02-21,
9639-BUJXT,Standard,One year,Annual,Mailed check,20.5,63,active,2021-06-04,
5924-SNGKP,Standard,One year,Annual,Credit card (automatic),20.25,41,active,2023-03-28,
0021-IKXGC,Basic,Month-to-month,Monthly,Electronic check,72.1,1,active,2026-08-05,
2034-GDRCN,Basic,Month-to-month,Monthly,Electronic check,90.4,2,cancelled,2026-06-27,2026-08-14
8966-SNIZF,Pro,Two year,Annual,Bank transfer (automatic),19.45,70,active,2020-10-22,
6243-OZGFH,Basic,Month-to-month,Monthly,Electronic check,44.95,23,active,2024-09-17,
4654-DLAMQ,Standard,One year,Annual,Bank transfer (automatic),97.0,64,active,2021-05-01,
0513-RBGPE,Pro,Two year,Annual,Credit card (automatic),62.8,37,active,2023-08-09,
5160-UXJED,Standard,One year,Annual,Mailed check,44.6,17,active,2025-03-30,
4115-NZRKS,Basic,Month-to-month,Monthly,Electronic check,89.15,7,active,2026-02-01,
0219-YTZUE,Basic,Month-to-month,Monthly,Bank transfer (automatic),84.8,4,cancelled,2026-05-12,2026-09-10
0623-IIHUG,Basic,Month-to-month,Monthly,Electronic check,41.9,21,cancelled,2024-11-25,2026-08-30
4572-DVCGN,Basic,Month-to-month,Monthly,Bank transfer (automatic),80.25,10,cancelled,2025-11-14,2026-07-27
3351-NGXYI,Basic,Month-to-month,Monthly,Electronic check,54.1,16,active,2025-05-05,
8984-EYLLL,Pro,Two year,Annual,Electronic check,105.25,64,active,2021-04-27,
9057-MSWCO,Basic,Month-to-month,Monthly,Credit card (automatic),30.75,27,cancelled,2024-05-21,2026-09-07
9833-TGFHX,Standard,One year,Annual,Electronic check,97.1,42,active,2023-02-28,
9294-TDIPC,Basic,Month-to-month,Monthly,Mailed check,20.2,5,active,2026-03-19,
5229-DTFYB,Pro,Two year,Annual,Bank transfer (automatic),98.8,41,active,2023-03-24,
0104-PPXDV,Standard,One year,Annual,Credit card (automatic),50.3,58,active,2021-11-09,
5176-LMJXE,Pro,Two year,Annual,Mailed check,20.55,47,active,2022-09-22,
3583-KRKMD,Basic,Month-to-month,Monthly,Bank transfer (automatic),75.9,18,active,2025-03-08,
1010-DIAUQ,Basic,Month-to-month,Monthly,Bank transfer (automatic),96.5,5,cancelled,2026-03-30,2026-09-04
9069-LGEUL,Basic,Month-to-month,Monthly,Bank transfer (automatic),59.95,23,active,2024-10-10,
7302-ZHMHP,Basic,Month-to-month,Monthly,Mailed check,19.15,1,active,2026-08-01,
9571-EDEBV,Standard,One year,Annual,Credit card (automatic),98.65,71,active,2020-09-26,
3520-FJGCV,Pro,Two year,Annual,Credit card (automatic),112.6,72,active,2020-08-20,
6563-VRERX,Standard,One year,Annual,Mailed check,20.6,33,active,2023-11-19,
0259-GBZSH,Basic,Month-to-month,Monthly,Electronic check,85.65,2,cancelled,2026-06-24,2026-08-20
6122-EFVKN,Pro,Two year,Annual,Mailed check,35.75,24,active,2024-08-31,
2805-EDJPQ,Standard,One year,Annual,Credit card (automatic),99.75,56,active,2021-12-21,
6862-CQUMB,Basic,Month-to-month,Monthly,Credit card (automatic),96.1,37,active,2023-08-14,
7156-MXBJE,Standard,One year,Annual,Credit card (automatic),85.1,43,active,2023-01-18,
6158-HDPXZ,Basic,Month-to-month,Monthly,Mailed check,25.35,1,active,2026-08-11,
9601-BRXPO,Basic,Month-to-month,Monthly,Bank transfer (automatic),104.95,25,cancelled,2024-08-04,2026-08-03
2863-IMQDR,Pro,Two year,Annual,Electronic check,89.65,61,active,2021-07-21,
5686-CMAWK,Standard,One year,Annual,Electronic check,86.75,17,active,2025-03-27,
5651-CRHKQ,Standard,One year,Annual,Bank transfer (automatic),86.2,41,active,2023-03-23,
6905-NIQIN,Basic,Month-to-month,Monthly,Mailed check,50.65,1,cancelled,2026-07-28,2026-07-29
8204-YJCLA,Pro,Two year,Annual,Bank transfer (automatic),64.8,72,active,2020-08-29,
5167-ZFFMM,Basic,Month-to-month,Monthly,Credit card (automatic),90.85,1,cancelled,2026-08-12,2026-08-12
6583-SZVGP,Pro,Two year,Annual,Bank transfer (automatic),108.1,48,active,2022-08-18,
4895-TMWIR,Basic,Month-to-month,Monthly,Mailed check,19.95,11,cancelled,2025-09-28,2026-08-17
0533-BNWKF,Basic,Month-to-month,Monthly,Electronic check,85.45,55,cancelled,2022-01-26,2026-08-24
1708-PBBOA,Standard,One year,Annual,Electronic check,54.75,42,active,2023-03-06,
8782-LKFPK,Basic,Month-to-month,Monthly,Mailed check,90.4,44,active,2022-12-19,
5522-JBWMO,Basic,Month-to-month,Monthly,Electronic check,44.0,1,active,2026-08-04,
3597-MVHJT,Basic,Month-to-month,Monthly,Bank transfer (automatic),95.6,27,active,2024-06-12,
9774-NRNAU,Basic,Month-to-month,Monthly,Bank transfer (automatic),84.8,27,active,2024-06-12,
0224-RLWWD,Basic,Month-to-month,Monthly,Electronic check,44.3,2,active,2026-06-28,
9967-ATRFS,Basic,Month-to-month,Monthly,Mailed check,19.9,19,active,2025-01-24,
3951-NJCVI,Basic,Month-to-month,Monthly,Electronic check,95.05,42,active,2023-03-12,
2977-CEBSX,Pro,Two year,Annual,Credit card (automatic),90.05,66,active,2021-02-25,
0177-PXBAT,Basic,Month-to-month,Monthly,Bank transfer (automatic),109.9,33,active,2023-11-18,
6599-CEBNN,Basic,Month-to-month,Monthly,Credit card (automatic),73.95,34,cancelled,2023-11-02,2026-09-13
2519-ERQOJ,Basic,Month-to-month,Monthly,Electronic check,54.6,33,active,2023-11-18,
5876-QMYLD,Standard,One year,Annual,Mailed check,20.05,23,active,2024-10-12,
2277-AXSDC,Standard,One year,Annual,Bank transfer (automatic),19.75,32,active,2024-01-04,
9442-JTWDL,Standard,One year,Annual,Credit card (automatic),20.05,11,active,2025-10-01,
0979-PHULV,Basic,Month-to-month,Monthly,Credit card (automatic),99.45,69,cancelled,2020-12-06,2026-08-31
3067-SVMTC,Standard,One year,Annual,Bank transfer (automatic),55.9,68,active,2021-01-13,
5495-GPSRW,Pro,Two year,Annual,Mailed check,19.7,20,active,2025-01-03,
7606-BPHHN,Pro,Two year,Annual,Credit card (automatic),19.8,72,active,2020-09-06,
4742-DRORA,Standard,One year,Annual,Bank transfer (automatic),95.4,60,active,2021-09-10,
0111-KLBQG,Basic,Month-to-month,Monthly,Mailed check,93.95,32,active,2024-01-05,
4800-VHZKI,Basic,Month-to-month,Monthly,Mailed check,19.9,1,cancelled,2026-08-05,2026-09-03
7989-CHGTL,Basic,Month-to-month,Monthly,Mailed check,19.6,1,cancelled,2026-07-22,2026-09-12
0334-GDDSO,Basic,Month-to-month,Monthly,Electronic check,81.35,3,cancelled,2026-06-03,2026-08-03
4163-NCJAK,Standard,One year,Annual,Bank transfer (automatic),24.45,46,active,2022-11-04,
5233-AOZUF,Basic,Month-to-month,Monthly,Electronic check,74.95,29,active,2024-04-06,
5973-EJGDP,Basic,Month-to-month,Monthly,Electronic check,87.35,51,active,2022-05-31,
1996-DBMUS,Basic,Month-to-month,Monthly,Bank transfer (automatic),70.65,48,active,2022-09-08,
7916-VCCPB,Basic,Month-to-month,Monthly,Bank transfer (automatic),73.25,16,active,2025-04-21,
4686-GEFRM,Pro,Two year,Annual,Bank transfer (automatic),98.7,70,active,2020-11-04,
5249-QYHEX,Pro,Two year,Annual,Mailed check,24.8,40,active,2023-05-06,
0578-SKVMF,Basic,Month-to-month,Monthly,Electronic check,83.3,22,cancelled,2024-11-15,2026-08-26
5564-NEMQO,Basic,Month-to-month,Monthly,Bank transfer (automatic),75.3,1,cancelled,2026-07-22,2026-08-16
2233-FAGXV,Basic,Month-to-month,Monthly,Mailed check,24.3,5,active,2026-04-03,
5605-IYGFG,Basic,Month-to-month,Monthly,Bank transfer (automatic),69.85,7,active,2026-02-11,
7663-ZTEGJ,Standard,One year,Annual,Credit card (automatic),100.55,29,active,2024-04-12,
3935-TBRZZ,Standard,One year,Annual,Mailed check,25.7,44,active,2023-01-06,
8111-BKVDS,Basic,Month-to-month,Monthly,Bank transfer (automatic),40.7,10,active,2025-10-24,
2055-SIFSS,Basic,Month-to-month,Monthly,Bank transfer (automatic),51.65,55,active,2022-02-13,
2806-MLNTI,Standard,One year,Annual,Bank transfer (automatic),105.1,52,active,2022-05-15,
8734-DKSTZ,Basic,Month-to-month,Monthly,Electronic check,85.95,10,active,2025-10-31,
4360-PNRQB,Basic,Month-to-month,Monthly,Bank transfer (automatic),75.6,18,active,2025-03-04,
6152-ONASV,Standard,One year,Annual,Bank transfer (automatic),58.25,68,active,2020-12-19,
9063-ZGTUY,Basic,Month-to-month,Monthly,Mailed check,19.4,61,cancelled,2021-07-26,2026-09-04
7781-HVGMK,Pro,Two year,Annual,Credit card (automatic),65.2,72,active,2020-08-28,
2181-UAESM,Basic,Month-to-month,Monthly,Electronic check,53.45,2,active,2026-07-08,
2957-LOLHO,Basic,Month-to-month,Monthly,Bank transfer (automatic),45.4,12,cancelled,2025-08-29,2026-08-12
6048-NJXHX,Pro,Two year,Annual,Electronic check,19.75,41,active,2023-03-31,
2320-SLKMB,Basic,Month-to-month,Monthly,Credit card (automatic),44.45,26,active,2024-07-09,
4980-URKXC,Standard,One year,Annual,Bank transfer (automatic),20.85,36,active,2023-09-06,
4376-KFVRS,Pro,Two year,Annual,Credit card (automatic),114.05,72,active,2020-08-20,
5886-VLQVU,Basic,Month-to-month,Monthly,Bank transfer (automatic),89.85,35,active,2023-10-01,
3577-AMVUX,Basic,Month-to-month,Monthly,Mailed check,55.05,1,active,2026-08-03,
0771-WLCLA,Basic,Month-to-month,Monthly,Electronic check,112.95,16,active,2025-04-24,
5628-RKIFK,Basic,Month-to-month,Monthly,Credit card (automatic),101.55,49,active,2022-08-09,
0206-TBWLC,Standard,One year,Annual,Mailed check,114.65,54,active,2022-03-12,
2937-FTHUR,Basic,Month-to-month,Monthly,Electronic check,64.8,18,active,2025-02-17,
1910-FMXJM,Basic,Month-to-month,Monthly,Electronic check,80.4,36,active,2023-08-24,
7752-XUSCI,Basic,Month-to-month,Monthly,Electronic check,105.9,60,cancelled,2021-09-04,2026-09-07
4110-PFEUZ,Basic,Month-to-month,Monthly,Mailed check,69.55,1,cancelled,2026-07-20,2026-08-07
0732-OCQOC,Pro,Two year,Annual,Bank transfer (automatic),25.05,52,active,2022-05-07,
5168-MSWXT,Basic,Month-to-month,Monthly,Electronic check,94.75,8,active,2025-12-27,
1090-ESELR,Pro,Two year,Annual,Bank transfer (automatic),105.5,72,active,2020-09-15,
8592-PLTMQ,Standard,One year,Annual,Mailed check,24.7,64,active,2021-04-27,
5760-WRAHC,Basic,Month-to-month,Monthly,Mailed check,69.75,22,active,2024-11-11,
8847-GEOOQ,Basic,Month-to-month,Monthly,Bank transfer (automatic),60.2,60,active,2021-09-09,
0256-LTHVJ,Basic,Month-to-month,Monthly,Electronic check,81.05,28,cancelled,2024-04-23,2026-08-03
4785-FCIFB,Pro,Two year,Annual,Mailed check,24.4,61,active,2021-08-11,
8313-NDOIA,Basic,Month-to-month,Monthly,Electronic check,104.15,24,active,2024-09-02,
5149-CUZUJ,Standard,One year,Annual,Bank transfer (automatic),92.9,28,active,2024-04-20,
0942-KOWSM,Pro,Two year,Annual,Bank transfer (automatic),80.8,30,active,2024-02-18,
4237-CLSMM,Basic,Month-to-month,Monthly,Mailed check,20.0,2,active,2026-07-05,
1452-VOQCH,Basic,Month-to-month,Monthly,Electronic check,75.1,1,active,2026-08-15,
4719-UMSIY,Basic,Month-to-month,Monthly,Mailed check,19.65,6,active,2026-03-10,
6614-VBEGU,Basic,Month-to-month,Monthly,Bank transfer (automatic),69.45,24,active,2024-08-29,
0880-TKATG,Basic,Month-to-month,Monthly,Electronic check,101.15,4,cancelled,2026-05-08,2026-08-28
3811-VBYBZ,Basic,Month-to-month,Monthly,Electronic check,99.8,7,cancelled,2026-01-25,2026-09-03
1480-BKXGA,Pro,Two year,Annual,Bank transfer (automatic),116.05,72,active,2020-08-18,
2996-XAUVF,Pro,Two year,Annual,Mailed check,40.05,70,active,2020-10-29,
9076-AXYIK,Pro,Two year,Annual,Electronic check,102.1,64,active,2021-04-29,
5968-XQIVE,Standard,One year,Annual,Electronic check,89.7,72,active,2020-09-01,
8896-RAZCR,Pro,Two year,Annual,Mailed check,19.9,44,active,2023-01-11,
4640-UHDOS,Basic,Month-to-month,Monthly,Electronic check,55.95,13,cancelled,2025-07-31,2026-07-31
4933-IKULF,Standard,One year,Annual,Mailed check,20.65,17,active,2025-03-21,
3583-EKAPL,Basic,Month-to-month,Monthly,Electronic check,55.0,1,cancelled,2026-07-28,2026-09-02
1304-BCCFO,Basic,Month-to-month,Monthly,Mailed check,70.05,9,active,2025-11-25,
4104-PVRPS,Basic,Month-to-month,Monthly,Mailed check,53.6,24,active,2024-08-22,
9399-APLBT,Basic,Month-to-month,Monthly,Electronic check,74.7,1,cancelled,2026-08-06,2026-09-05
2359-KMGLI,Basic,Month-to-month,Monthly,Electronic check,80.25,24,cancelled,2024-09-06,2026-08-26
3780-DDGSE,Basic,Month-to-month,Monthly,Electronic check,76.05,35,active,2023-09-18,
4431-EDMIQ,Basic,Month-to-month,Monthly,Electronic check,75.7,7,active,2026-02-02,
0306-JAELE,Basic,Month-to-month,Monthly,Electronic check,96.1,5,cancelled,2026-03-26,2026-07-20
6227-HWPWX,Basic,Month-to-month,Monthly,Bank transfer (automatic),69.0,15,cancelled,2025-05-29,2026-08-19
0486-LGCCH,Pro,Two year,Annual,Mailed check,19.65,11,active,2025-10-14,
0447-BEMNG,Basic,Month-to-month,Monthly,Bank transfer (automatic),45.3,48,cancelled,2022-09-07,2026-08-31
4612-SSVHJ,Basic,Month-to-month,Monthly,Electronic check,81.45,20,active,2025-01-07,
5168-MQQCA,Standard,One year,Annual,Bank transfer (automatic),108.5,72,active,2020-09-11,
5949-XIKAE,Basic,Month-to-month,Monthly,Electronic check,83.55,8,cancelled,2025-12-24,2026-08-16
7971-HLVXI,Pro,Two year,Annual,Credit card (automatic),84.5,72,active,2020-08-19,
9094-AZPHK,Basic,Month-to-month,Monthly,Electronic check,100.15,15,active,2025-05-20,
3649-JPUGY,Pro,Two year,Annual,Bank transfer (automatic),88.6,72,active,2020-09-11,
4472-LVYGI,Pro,Two year,Annual,Bank transfer (automatic),52.55,0,active,2026-09-03,
8372-JUXUI,Basic,Month-to-month,Monthly,Electronic check,74.35,1,cancelled,2026-08-11,2026-08-26
3552-CTCYF,Pro,Two year,Annual,Bank transfer (automatic),104.8,63,active,2021-06-16,
6778-YSNIH,Basic,Month-to-month,Monthly,Electronic check,59.0,2,active,2026-06-30,
0388-EOPEX,Basic,Month-to-month,Monthly,Electronic check,74.4,2,cancelled,2026-06-23,2026-08-07
5756-OZRIO,Standard,One year,Annual,Bank transfer (automatic),64.05,61,active,2021-08-15,
6579-JPICP,Basic,Month-to-month,Monthly,Mailed check,20.4,1,active,2026-07-29,
8205-OTCHB,Standard,One year,Annual,Bank transfer (automatic),43.75,22,cancelled,2024-11-15,2026-08-21
4134-BSXLX,Basic,Month-to-month,Monthly,Mailed check,60.9,28,active,2024-04-22,
0505-SPOOW,Pro,Two year,Annual,Bank transfer (automatic),19.8,70,active,2020-11-15,
6235-VDHOM,Basic,Month-to-month,Monthly,Electronic check,28.45,5,cancelled,2026-04-04,2026-08-12
7783-YKGDV,Basic,Month-to-month,Monthly,Bank transfer (automatic),99.7,12,cancelled,2025-09-13,2026-08-21
4374-YMUSQ,Standard,One year,Annual,Credit card (automatic),116.25,34,active,2023-11-05,
4513-CXYIX,Pro,Two year,Annual,Credit card (automatic),80.7,71,active,2020-10-04,
3957-HHLMR,Standard,One year,Annual,Bank transfer (automatic),65.2,70,active,2020-10-31,
7803-XOCCZ,Basic,Month-to-month,Monthly,Bank transfer (automatic),84.05,52,active,2022-04-24,
5736-YEJAX,Pro,Two year,Annual,Credit card (automatic),79.45,69,active,2020-11-17,
5609-CEBID,Basic,Month-to-month,Monthly,Electronic check,94.1,20,cancelled,2025-01-06,2026-08-18
8981-FJGLA,Basic,Month-to-month,Monthly,Mailed check,78.0,11,active,2025-09-20,
7218-HKQFK,Basic,Month-to-month,Monthly,Electronic check,94.2,2,cancelled,2026-07-06,2026-08-20
4636-QRJKY,Basic,Month-to-month,Monthly,Electronic check,80.5,6,cancelled,2026-03-15,2026-08-23
1135-LMECX,Basic,Month-to-month,Monthly,Mailed check,19.85,1,active,2026-07-30,
4332-MUOEZ,Standard,One year,Annual,Credit card (automatic),94.3,20,active,2024-12-26,
8535-SFUTN,Basic,Month-to-month,Monthly,Electronic check,106.45,61,active,2021-08-08,
5956-VKDTT,Basic,Month-to-month,Monthly,Electronic check,74.35,5,cancelled,2026-03-31,2026-07-21
8677-HDZEE,Basic,Month-to-month,Monthly,Bank transfer (automatic),105.45,56,active,2022-01-04,
2475-MROZF,Basic,Month-to-month,Monthly,Credit card (automatic),95.0,30,active,2024-03-13,
9412-GHEEC,Basic,Month-to-month,Monthly,Bank transfer (automatic),104.8,40,cancelled,2023-05-07,2026-08-31
3482-ABPKK,Standard,One year,Annual,Mailed check,54.3,28,active,2024-05-05,
6705-LXORM,Basic,Month-to-month,Monthly,Electronic check,70.05,5,active,2026-04-07,
0257-ZESQC,Basic,Month-to-month,Monthly,Bank transfer (automatic),75.2,27,cancelled,2024-05-21,2026-07-30
7531-GQHME,Basic,Month-to-month,Monthly,Credit card (automatic),20.05,12,active,2025-09-05,
5174-ITUMV,Standard,One year,Annual,Electronic check,105.4,67,active,2021-01-28,
4109-CYRBD,Basic,Month-to-month,Monthly,Electronic check,51.6,29,active,2024-04-17,
0913-XWSCN,Basic,Month-to-month,Monthly,Bank transfer (automatic),85.5,55,active,2022-02-06,
6825-UYPFK,Basic,Month-to-month,Monthly,Bank transfer (automatic),75.6,23,cancelled,2024-09-20,2026-08-05
8397-MVTAZ,Basic,Month-to-month,Monthly,Electronic check,100.05,34,cancelled,2023-10-22,2026-08-15
0750-EBAIU,Standard,One year,Annual,Electronic check,91.25,52,active,2022-04-19,
8606-CIQUL,Pro,Two year,Annual,Credit card (automatic),115.75,72,active,2020-09-15,
3571-DPYUH,Standard,One year,Annual,Credit card (automatic),94.7,58,active,2021-10-22,
7601-GNDYK,Pro,Two year,Annual,Mailed check,19.6,35,active,2023-10-09,
0356-OBMAC,Pro,Two year,Annual,Bank transfer (automatic),99.9,56,active,2022-01-16,
8067-NIOYM,Pro,Two year,Annual,Credit card (automatic),21.1,24,active,2024-09-14,
1403-GYAFU,Pro,Two year,Annual,Credit card (automatic),20.05,70,active,2020-10-25,
4234-XTNEA,Basic,Month-to-month,Monthly,Electronic check,79.95,2,active,2026-07-01,
1297-VQDRP,Standard,One year,Annual,Credit card (automatic),107.15,68,active,2020-12-30,
9282-IZGQK,Basic,Month-to-month,Monthly,Electronic check,85.0,1,cancelled,2026-07-22,2026-08-28
5348-CAGXB,Basic,Month-to-month,Monthly,Electronic check,89.55,12,active,2025-09-14,
0621-HJWXJ,Basic,Month-to-month,Monthly,Bank transfer (automatic),81.55,63,active,2021-06-15,
5844-QVTAT,Standard,One year,Annual,Mailed check,58.45,33,active,2023-11-20,
8905-IAZPF,Standard,One year,Annual,Credit card (automatic),95.65,69,active,2020-11-28,
5394-MEITZ,Pro,Two year,Annual,Bank transfer (automatic),80.6,60,active,2021-08-24,
6859-QNXIQ,Pro,Two year,Annual,Bank transfer (automatic),113.1,72,active,2020-09-01,
2782-LFZVW,Basic,Month-to-month,Monthly,Mailed check,58.95,11,active,2025-10-13,
2866-IKBTM,Basic,Month-to-month,Monthly,Mailed check,19.55,1,active,2026-08-02,
1342-JPNKI,Basic,Month-to-month,Monthly,Bank transfer (automatic),86.05,10,cancelled,2025-10-19,2026-08-18
2817-NTQDO,Basic,Month-to-month,Monthly,Credit card (automatic),45.55,13,cancelled,2025-08-14,2026-07-27
7129-AZJDE,Standard,One year,Annual,Bank transfer (automatic),78.95,34,active,2023-11-14,
6986-IJDHX,Basic,Month-to-month,Monthly,Mailed check,86.3,39,cancelled,2023-06-07,2026-09-05
2560-PPCHE,Standard,One year,Annual,Bank transfer (automatic),105.05,65,active,2021-04-04,
4676-MQUEA,Standard,One year,Annual,Bank transfer (automatic),101.9,50,active,2022-06-29,
8138-EALND,Basic,Month-to-month,Monthly,Mailed check,19.75,15,active,2025-06-13,
3580-HYCSP,Pro,Two year,Annual,Bank transfer (automatic),110.3,72,active,2020-08-19,
1352-HNSAW,Pro,Two year,Annual,Bank transfer (automatic),115.6,72,active,2020-09-12,
2075-PUEPR,Pro,Two year,Annual,Bank transfer (automatic),19.35,55,active,2022-02-09,
1982-FEBTD,Pro,Two year,Annual,Credit card (automatic),25.6,23,active,2024-09-17,
5301-GAUUY,Basic,Month-to-month,Monthly,Bank transfer (automatic),80.35,32,cancelled,2024-01-05,2026-08-12
5791-KAJFD,Standard,One year,Annual,Bank transfer (automatic),68.75,56,active,2021-12-30,
2654-VBVPB,Basic,Month-to-month,Monthly,Bank transfer (automatic),19.9,1,active,2026-08-04,
1154-HYWWO,Standard,One year,Annual,Mailed check,70.6,38,active,2023-07-11,
2501-XWWTZ,Basic,Month-to-month,Monthly,Electronic check,70.2,11,active,2025-10-02,
3716-UVSPD,Basic,Month-to-month,Monthly,Electronic check,49.3,1,active,2026-07-25,
6815-ABQFQ,Standard,One year,Annual,Electronic check,107.25,56,active,2022-01-16,
7343-EOBEU,Basic,Month-to-month,Monthly,Mailed check,23.6,3,active,2026-05-22,
3701-SFMUH,Basic,Month-to-month,Monthly,Credit card (automatic),69.7,7,active,2026-02-10,
6103-LIANB,Pro,Two year,Annual,Credit card (automatic),99.5,59,active,2021-09-20,
7319-VENRZ,Basic,Month-to-month,Monthly,Bank transfer (automatic),64.3,7,active,2026-01-18,
5846-NEQVZ,Pro,Two year,Annual,Credit card (automatic),70.85,71,active,2020-09-19,
6967-QIQRV,Standard,One year,Annual,Electronic check,101.9,15,active,2025-05-29,
5781-RFZRP,Pro,Two year,Annual,Credit card (automatic),73.5,71,active,2020-09-19,
0939-YAPAF,Basic,Month-to-month,Monthly,Electronic check,100.25,35,cancelled,2023-09-22,2026-08-01
0308-IVGOK,Standard,One year,Annual,Credit card (automatic),40.4,11,active,2025-09-28,
7293-LSCDV,Pro,Two year,Annual,Credit card (automatic),19.25,60,active,2021-08-21,
7025-WCBNE,Pro,Two year,Annual,Bank transfer (automatic),59.6,47,active,2022-10-07,
5756-JYOJT,Standard,One year,Annual,Credit card (automatic),64.9,11,active,2025-09-22,
4710-FDUIZ,Standard,One year,Annual,Credit card (automatic),100.3,56,cancelled,2021-12-20,2026-08-09
6030-REHUX,Basic,Month-to-month,Monthly,Electronic check,110.85,28,active,2024-04-28,
9548-LIGTA,Pro,Two year,Annual,Mailed check,81.05,61,active,2021-08-14,
5150-LJNSR,Standard,One year,Annual,Bank transfer (automatic),98.05,31,active,2024-02-10,
8270-RKSAP,Basic,Month-to-month,Monthly,Electronic check,70.5,9,active,2025-12-12,
6522-YRBXD,Basic,Month-to-month,Monthly,Electronic check,94.55,35,active,2023-10-02,
2640-LYMOV,Basic,Month-to-month,Monthly,Mailed check,19.65,2,active,2026-07-05,
1218-VKFPE,Basic,Month-to-month,Monthly,Mailed check,19.0,12,cancelled,2025-08-23,2026-09-07
3627-FHKBK,Basic,Month-to-month,Monthly,Mailed check,75.3,1,cancelled,2026-08-09,2026-08-16
2865-TCHJW,Basic,Month-to-month,Monthly,Electronic check,89.2,4,cancelled,2026-05-14,2026-09-05
1423-BMPBQ,Basic,Month-to-month,Monthly,Mailed check,19.0,1,active,2026-07-30,
2393-DIVAI,Basic,Month-to-month,Monthly,Mailed check,20.0,3,active,2026-06-13,
5192-EBGOV,Basic,Month-to-month,Monthly,Electronic check,85.7,1,cancelled,2026-07-21,2026-07-23
4568-KNYWR,Pro,Two year,Annual,Credit card (automatic),63.25,52,active,2022-05-16,
8752-IMQOS,Standard,One year,Annual,Mailed check,20.1,5,active,2026-04-03,
0742-LAFQK,Pro,Two year,Annual,Electronic check,99.15,72,active,2020-08-19,
0795-LAFGP,Pro,Two year,Annual,Electronic check,90.4,71,active,2020-09-30,
0619-OLYUR,Pro,Two year,Annual,Credit card (automatic),111.9,72,active,2020-08-23,
5512-IDZEI,Standard,One year,Annual,Electronic check,24.9,46,active,2022-11-04,
0459-SPZHJ,Pro,Two year,Annual,Credit card (automatic),83.5,63,active,2021-05-26,
0215-BQKGS,Basic,Month-to-month,Monthly,Credit card (automatic),84.3,30,active,2024-02-25,
9244-ZVAPM,Basic,Month-to-month,Monthly,Mailed check,45.6,1,active,2026-08-02,
0719-SYFRB,Basic,Month-to-month,Monthly,Mailed check,61.65,12,cancelled,2025-09-13,2026-08-26
8208-EUMTE,Pro,Two year,Annual,Mailed check,54.85,16,active,2025-04-18,
5172-MIGPM,Basic,Month-to-month,Monthly,Mailed check,65.55,4,active,2026-05-17,
1710-RCXUS,Standard,One year,Annual,Credit card (automatic),90.35,51,active,2022-06-07,
0374-FIUCA,Pro,Two year,Annual,Credit card (automatic),20.4,65,active,2021-03-29,
5839-SUYVZ,Basic,Month-to-month,Monthly,Credit card (automatic),74.55,16,active,2025-04-24,
5173-ZXXXL,Standard,One year,Annual,Mailed check,19.95,2,active,2026-07-02,
1096-ADRUX,Standard,One year,Annual,Bank transfer (automatic),74.25,66,active,2021-03-05,
2001-MCUUW,Pro,Two year,Annual,Electronic check,108.65,46,active,2022-11-04,
2731-GJRDG,Standard,One year,Annual,Bank transfer (automatic),109.55,32,active,2023-12-18,
4723-BEGSG,Pro,Two year,Annual,Credit card (automatic),86.65,72,active,2020-09-06,
6516-NKQBO,Pro,Two year,Annual,Credit card (automatic),81.0,38,active,2023-06-23,
8672-OAUPW,Standard,One year,Annual,Credit card (automatic),47.85,51,active,2022-06-16,
8207-DMRVL,Pro,Two year,Annual,Bank transfer (automatic),114.55,72,active,2020-08-28,
3419-SNJJD,Basic,Month-to-month,Monthly,Bank transfer (automatic),105.25,65,cancelled,2021-03-28,2026-08-22
6543-CPZMK,Basic,Month-to-month,Monthly,Electronic check,29.95,9,cancelled,2025-11-27,2026-07-27
4765-OXPPD,Basic,Month-to-month,Monthly,Mailed check,65.0,9,cancelled,2025-12-05,2026-08-21
2804-ETQDK,Pro,Two year,Annual,Mailed check,20.55,66,active,2021-02-25,
6689-VRRTK,Standard,One year,Annual,Credit card (automatic),109.8,44,active,2023-01-03,
7138-GIRSH,Pro,Two year,Annual,Bank transfer (automatic),69.5,50,active,2022-06-30,
9396-ZSFLL,Basic,Month-to-month,Monthly,Mailed check,48.85,15,active,2025-05-22,
6464-KEXXH,Basic,Month-to-month,Monthly,Credit card (automatic),25.25,8,active,2025-12-27,
7134-MJPDY,Standard,One year,Annual,Credit card (automatic),102.85,66,active,2021-02-23,
5240-CAOYT,Basic,Month-to-month,Monthly,Bank transfer (automatic),87.55,57,active,2021-11-17,
4059-IIEBK,Basic,Month-to-month,Monthly,Bank transfer (automatic),78.55,7,active,2026-02-09,
4881-JVQOD,Basic,Month-to-month,Monthly,Bank transfer (automatic),34.55,10,active,2025-10-30,
0516-UXRMT,Standard,One year,Annual,Electronic check,92.05,62,active,2021-06-28,
4851-BQDNX,Standard,One year,Annual,Electronic check,85.05,40,active,2023-04-28,
5148-HKFIR,Pro,Two year,Annual,Mailed check,19.7,20,active,2025-01-13,
1009-IRMNA,Basic,Month-to-month,Monthly,Bank transfer (automatic),20.0,7,cancelled,2026-01-24,2026-09-04
3003-CMDUU,Basic,Month-to-month,Monthly,Electronic check,95.15,25,active,2024-08-11,
5016-IBERQ,Basic,Month-to-month,Monthly,Electronic check,84.25,23,active,2024-10-04,
6797-UCJHZ,Standard,One year,Annual,Credit card (automatic),104.6,66,active,2021-02-24,
2469-DTSGX,Pro,Two year,Annual,Electronic check,111.65,72,active,2020-09-09,
4554-YGZIH,Basic,Month-to-month,Monthly,Credit card (automatic),90.05,49,cancelled,2022-08-14,2026-07-25
5099-BAILX,Basic,Month-to-month,Monthly,Bank transfer (automatic),110.75,43,cancelled,2023-01-27,2026-08-08
9931-KGHOA,Basic,Month-to-month,Monthly,Bank transfer (automatic),55.0,46,active,2022-11-08,
1775-KWJKQ,Pro,Two year,Annual,Credit card (automatic),89.85,72,active,2020-08-23,
7665-VIGUD,Standard,One year,Annual,Mailed check,20.35,10,active,2025-10-21,
9411-TPQQV,Standard,One year,Annual,Bank transfer (automatic),54.55,40,active,2023-05-08,
7207-RMRDB,Basic,Month-to-month,Monthly,Electronic check,105.5,65,cancelled,2021-03-26,2026-08-11
7954-MLBUN,Pro,Two year,Annual,Bank transfer (automatic),99.45,31,active,2024-02-10,
2077-DDHJK,Pro,Two year,Annual,Credit card (automatic),70.9,68,active,2020-12-20,
4913-EHYUI,Standard,One year,Annual,Bank transfer (automatic),104.55,56,cancelled,2022-01-09,2026-09-11
0195-IESCP,Basic,Month-to-month,Monthly,Electronic check,85.25,10,cancelled,2025-10-21,2026-08-20
9574-BOSMD,Pro,Two year,Annual,Bank transfer (automatic),25.4,68,active,2020-12-24,
4580-TMHJU,Basic,Month-to-month,Monthly,Electronic check,56.15,43,cancelled,2023-02-07,2026-08-19
0970-ETWGE,Basic,Month-to-month,Monthly,Electronic check,89.55,1,cancelled,2026-07-24,2026-08-31
4908-XAXAY,Standard,One year,Annual,Bank transfer (automatic),89.85,49,active,2022-07-30,
8404-VLQFB,Basic,Month-to-month,Monthly,Electronic check,25.25,15,active,2025-05-28,
1626-ERCMM,Basic,Month-to-month,Monthly,Electronic check,94.55,20,cancelled,2025-01-05,2026-08-13
0887-HJGAR,Basic,Month-to-month,Monthly,Mailed check,45.7,1,cancelled,2026-08-10,2026-09-01
2391-IPLOP,Standard,One year,Annual,Electronic check,69.65,50,active,2022-06-27,
5644-PDMZC,Basic,Month-to-month,Monthly,Electronic check,89.5,2,cancelled,2026-07-17,2026-08-19
3509-GWQGF,Basic,Month-to-month,Monthly,Credit card (automatic),70.0,24,active,2024-09-06,
9576-ANLXO,Basic,Month-to-month,Monthly,Bank transfer (automatic),69.55,3,cancelled,2026-06-13,2026-07-30
2024-BASKD,Basic,Month-to-month,Monthly,Mailed check,74.6,1,cancelled,2026-08-17,2026-08-03
5845-BZZIB,Pro,Two year,Annual,Mailed check,20.1,35,active,2023-10-17,
1140-UKVZG,Basic,Month-to-month,Monthly,Mailed check,24.8,17,active,2025-04-15,
4160-AMJTL,Basic,Month-to-month,Monthly,Electronic check,19.65,8,cancelled,2025-12-19,2026-08-30
5183-SNMJQ,Basic,Month-to-month,Monthly,Credit card (automatic),95.1,10,active,2025-10-24,
8100-PNJMH,Pro,Two year,Annual,Credit card (automatic),88.85,68,active,2020-12-18,
7838-LAZFO,Standard,One year,Annual,Bank transfer (automatic),78.8,45,active,2022-12-15,
4464-JCOLN,Standard,One year,Annual,Mailed check,19.85,2,cancelled,2026-06-19,2026-09-03
2085-JVGAD,Basic,Month-to-month,Monthly,Bank transfer (automatic),20.35,37,active,2023-07-31,
5650-VDUDS,Basic,Month-to-month,Monthly,Mailed check,24.25,4,cancelled,2026-04-25,2026-09-15
8095-WANWK,Basic,Month-to-month,Monthly,Mailed check,45.25,10,active,2025-10-22,
3030-ZKIWL,Basic,Month-to-month,Monthly,Mailed check,20.05,1,active,2026-08-10,
9565-FLVCG,Pro,Two year,Annual,Mailed check,69.55,65,active,2021-03-26,
8755-OGKNA,Pro,Two year,Annual,Bank transfer (automatic),19.5,57,active,2021-11-27,
2800-VEQXM,Basic,Month-to-month,Monthly,Mailed check,74.75,3,active,2026-06-05,
7538-GWHML,Basic,Month-to-month,Monthly,Electronic check,69.65,2,cancelled,2026-07-04,2026-08-26
5533-RJFTJ,Basic,Month-to-month,Monthly,Bank transfer (automatic),30.2,49,active,2022-08-11,
3859-CVCET,Basic,Month-to-month,Monthly,Mailed check,45.65,4,cancelled,2026-05-13,2026-09-14
0214-JHPFW,Pro,Two year,Annual,Bank transfer (automatic),57.8,70,active,2020-10-20,
5642-MHDQT,Standard,One year,Annual,Bank transfer (automatic),19.85,53,active,2022-03-27,
3088-FVYWK,Pro,Two year,Annual,Credit card (automatic),25.55,53,active,2022-04-01,
3276-HDUEG,Basic,Month-to-month,Monthly,Mailed check,75.05,1,cancelled,2026-07-28,2026-09-08
9092-GDZKO,Basic,Month-to-month,Monthly,Credit card (automatic),24.85,22,active,2024-11-04,
0823-HSCDJ,Basic,Month-to-month,Monthly,Electronic check,49.15,52,cancelled,2022-05-11,2026-07-20
3729-OWRVL,Pro,Two year,Annual,Electronic check,110.35,65,active,2021-03-20,
2324-AALNO,Standard,One year,Annual,Bank transfer (automatic),24.55,48,active,2022-08-18,
0822-GAVAP,Basic,Month-to-month,Monthly,Electronic check,34.7,2,cancelled,2026-07-12,2026-07-27
5760-IFJOZ,Basic,Month-to-month,Monthly,Mailed check,107.95,3,active,2026-05-24,
2826-UWHIS,Basic,Month-to-month,Monthly,Bank transfer (automatic),81.4,45,active,2022-12-04,
1448-PWKYE,Basic,Month-to-month,Monthly,Electronic check,80.0,1,cancelled,2026-07-27,2026-08-13
7501-IWUNG,Pro,Two year,Annual,Bank transfer (automatic),73.8,61,active,2021-08-14,
4957-TREIR,Basic,Month-to-month,Monthly,Credit card (automatic),64.4,3,active,2026-06-03,
7251-LJBQN,Standard,One year,Annual,Credit card (automatic),103.75,40,active,2023-05-15,
8040-MNRTF,Basic,Month-to-month,Monthly,Mailed check,71.1,1,active,2026-07-24,
1536-HBSWP,Basic,Month-to-month,Monthly,Electronic check,49.9,1,active,2026-08-06,
5313-FPXWG,Standard,One year,Annual,Bank transfer (automatic),24.6,51,active,2022-06-10,
0067-DKWBL,Basic,Month-to-month,Monthly,Electronic check,49.25,2,cancelled,2026-06-28,2026-08-01
0946-FKYTX,Standard,One year,Annual,Mailed check,30.1,52,active,2022-04-20,
5076-YVXCM,Basic,Month-to-month,Monthly,Bank transfer (automatic),83.4,51,active,2022-06-07,
8262-COGGB,Basic,Month-to-month,Monthly,Mailed check,20.45,1,active,2026-07-27,
6663-JOCQO,Standard,One year,Annual,Bank transfer (automatic),75.25,31,active,2024-01-27,
9620-QJREV,Standard,One year,Annual,Credit card (automatic),20.55,47,active,2022-10-03,
2276-YDAVZ,Basic,Month-to-month,Monthly,Credit card (automatic),75.1,3,cancelled,2026-05-24,2026-08-18
2682-KEVRP,Standard,One year,Annual,Mailed check,20.05,22,active,2024-11-13,
2480-JZOSN,Basic,Month-to-month,Monthly,Mailed check,20.65,1,active,2026-07-22,
0078-XZMHT,Pro,Two year,Annual,Bank transfer (automatic),85.15,72,active,2020-09-04,
5896-NPFWW,Basic,Month-to-month,Monthly,Electronic check,50.15,3,cancelled,2026-06-16,2026-08-11
9978-HYCIN,Standard,One year,Annual,Bank transfer (automatic),84.95,47,active,2022-09-18,
8338-QIUNR,Pro,Two year,Annual,Credit card (automatic),66.5,72,active,2020-08-24,
1525-LNLOJ,Pro,Two year,Annual,Bank transfer (automatic),63.3,66,active,2021-02-21,
9450-TRJUU,Basic,Month-to-month,Monthly,Electronic check,83.15,35,active,2023-10-13,
1766-GKNMI,Basic,Month-to-month,Monthly,Electronic check,84.9,29,active,2024-03-26,
6942-LBFDP,Basic,Month-to-month,Monthly,Mailed check,20.55,2,active,2026-06-28,
1456-TWCGB,Basic,Month-to-month,Monthly,Mailed check,49.25,4,active,2026-04-21,
7133-VBDCG,Basic,Month-to-month,Monthly,Bank transfer (automatic),79.85,25,cancelled,2024-08-05,2026-07-23
7596-ZYWBB,Pro,Two year,Annual,Mailed check,59.6,65,active,2021-03-21,
8329-UTMVM,Standard,One year,Annual,Bank transfer (automatic),104.65,27,active,2024-05-27,
3014-WJKSM,Basic,Month-to-month,Monthly,Credit card (automatic),75.3,29,active,2024-04-10,
3347-YJZZE,Basic,Month-to-month,Monthly,Credit card (automatic),80.1,29,active,2024-04-11,
1029-QFBEN,Basic,Month-to-month,Monthly,Mailed check,19.55,1,cancelled,2026-07-21,2026-09-11
7929-DMBCV,Basic,Month-to-month,Monthly,Mailed check,81.0,20,active,2024-12-28,
9661-JALZV,Pro,Two year,Annual,Credit card (automatic),24.7,58,active,2021-11-13,
5433-KYGHE,Basic,Month-to-month,Monthly,Mailed check,86.0,14,active,2025-07-14,
4312-KFRXN,Pro,Two year,Annual,Mailed check,25.4,72,active,2020-08-23,
5575-TPIZQ,Basic,Month-to-month,Monthly,Credit card (automatic),89.15,46,active,2022-11-11,
0114-IGABW,Pro,Two year,Annual,Bank transfer (automatic),58.25,71,active,2020-10-10,
9944-AEXBM,Basic,Month-to-month,Monthly,Bank transfer (automatic),85.65,32,active,2023-12-29,
1853-ARAAQ,Basic,Month-to-month,Monthly,Credit card (automatic),50.35,26,active,2024-06-22,
6952-OMNWB,Basic,Month-to-month,Monthly,Credit card (automatic),80.35,68,active,2021-01-06,
4697-LUPSU,Standard,One year,Annual,Mailed check,20.2,2,active,2026-06-29,
8434-VGEQQ,Pro,Two year,Annual,Credit card (automatic),20.55,61,active,2021-07-27,
4952-YSOGZ,Basic,Month-to-month,Monthly,Electronic check,85.95,4,cancelled,2026-04-30,2026-08-26
1589-AGTLK,Basic,Month-to-month,Monthly,Electronic check,45.35,3,cancelled,2026-05-28,2026-09-08
5244-IRFIH,Basic,Month-to-month,Monthly,Electronic check,94.5,33,cancelled,2023-12-11,2026-07-31
6549-YMFAW,Basic,Month-to-month,Monthly,Mailed check,21.25,9,active,2025-11-29,
4950-HKQTE,Pro,Two year,Annual,Mailed check,26.25,22,active,2024-11-16,
6786-OBWQR,Basic,Month-to-month,Monthly,Electronic check,80.85,5,active,2026-03-27,
2684-EIWEO,Basic,Month-to-month,Monthly,Credit card (automatic),91.7,30,cancelled,2024-02-23,2026-07-29
2753-JMMCV,Pro,Two year,Annual,Credit card (automatic),74.2,65,active,2021-03-25,
6439-GTPCA,Basic,Month-to-month,Monthly,Electronic check,87.25,45,cancelled,2022-12-17,2026-08-04
6621-YOBKI,Basic,Month-to-month,Monthly,Mailed check,20.35,5,active,2026-03-21,
1216-JWVUX,Basic,Month-to-month,Monthly,Electronic check,75.5,25,active,2024-08-03,
7564-GHCVB,Pro,Two year,Annual,Bank transfer (automatic),79.05,72,active,2020-09-14,
1173-NOEYG,Basic,Month-to-month,Monthly,Bank transfer (automatic),90.15,27,active,2024-06-01,
7595-EHCDL,Basic,Month-to-month,Monthly,Credit card (automatic),50.6,32,active,2023-12-30,
6647-ZEDXT,Standard,One year,Annual,Credit card (automatic),110.45,30,active,2024-03-05,
2521-NPUZR,Pro,Two year,Annual,Credit card (automatic),101.0,70,active,2020-10-25,
1307-TVUFB,Basic,Month-to-month,Monthly,Bank transfer (automatic),79.35,42,active,2023-03-02,
7503-MIOGA,Pro,Two year,Annual,Bank transfer (automatic),89.85,72,active,2020-09-10,
4381-MHQDC,Pro,Two year,Annual,Mailed check,65.0,47,active,2022-09-29,
6923-JHPMP,Basic,Month-to-month,Monthly,Electronic check,80.45,2,active,2026-07-11,
5138-WVKYJ,Basic,Month-to-month,Monthly,Electronic check,98.55,10,cancelled,2025-11-13,2026-08-11
4018-PPNDW,Pro,Two year,Annual,Mailed check,24.1,61,active,2021-08-09,
1635-FJFCC,Basic,Month-to-month,Monthly,Credit card (automatic),44.05,5,active,2026-03-21,
2499-AJYUA,Pro,Two year,Annual,Credit card (automatic),110.8,72,active,2020-08-30,
6919-ELBGL,Pro,Two year,Annual,Bank transfer (automatic),114.95,72,active,2020-09-07,
3966-HRMZA,Basic,Month-to-month,Monthly,Mailed check,75.05,3,active,2026-06-07,
6425-JWTDV,Pro,Two year,Annual,Mailed check,19.25,48,active,2022-08-22,
8405-IGQFX,Standard,One year,Annual,Credit card (automatic),90.05,63,active,2021-05-29,
8224-IVVPA,Basic,Month-to-month,Monthly,Mailed check,56.7,27,active,2024-05-25,
9477-LGWQI,Pro,Two year,Annual,Credit card (automatic),80.15,70,active,2020-10-29,
1410-RSCMR,Basic,Month-to-month,Monthly,Credit card (automatic),71.35,7,active,2026-01-17,
3115-CZMZD,Pro,Two year,Annual,Mailed check,20.25,0,active,2026-08-28,
0139-IVFJG,Basic,Month-to-month,Monthly,Electronic check,90.35,2,active,2026-07-06,
6683-VLCTZ,Basic,Month-to-month,Monthly,Electronic check,98.55,20,cancelled,2025-01-09,2026-08-18
5730-DBDSI,Pro,Two year,Annual,Bank transfer (automatic),19.7,66,active,2021-03-16,
0030-FNXPP,Basic,Month-to-month,Monthly,Mailed check,19.85,3,active,2026-05-25,
2189-WWOEW,Basic,Month-to-month,Monthly,Bank transfer (automatic),85.9,15,cancelled,2025-05-21,2026-09-14
5684-FJVYR,Pro,Two year,Annual,Bank transfer (automatic),90.35,72,active,2020-08-28,
4013-GUXND,Basic,Month-to-month,Monthly,Mailed check,20.8,1,active,2026-08-03,
1894-IGFSG,Basic,Month-to-month,Monthly,Electronic check,89.25,22,cancelled,2024-11-13,2026-08-01
7379-POKDZ,Basic,Month-to-month,Monthly,Electronic check,70.3,3,cancelled,2026-05-29,2026-07-25
1266-NZYUI,Pro,Two year,Annual,Bank transfer (automatic),66.85,72,active,2020-09-10,
7969-FFOWG,Pro,Two year,Annual,Mailed check,19.9,65,active,2021-03-30,
4718-DHSMV,Basic,Month-to-month,Monthly,Mailed check,35.8,11,active,2025-10-08,
5175-WLYXL,Basic,Month-to-month,Monthly,Mailed check,78.85,22,active,2024-10-22,
7817-OMJNA,Standard,One year,Annual,Bank transfer (automatic),20.4,14,active,2025-06-19,
8728-SKJLR,Basic,Month-to-month,Monthly,Electronic check,74.25,41,active,2023-04-10,
3137-NYQQI,Standard,One year,Annual,Mailed check,64.8,17,active,2025-04-08,
7706-DZNKK,Basic,Month-to-month,Monthly,Credit card (automatic),20.45,11,active,2025-09-20,
0236-HFWSV,Basic,Month-to-month,Monthly,Electronic check,93.35,15,cancelled,2025-06-17,2026-07-21
3900-AQPHZ,Basic,Month-to-month,Monthly,Mailed check,19.9,1,cancelled,2026-08-02,2026-08-26
5842-POCOP,Basic,Month-to-month,Monthly,Mailed check,88.9,5,cancelled,2026-04-13,2026-09-04
2037-XJFUP,Standard,One year,Annual,Electronic check,95.8,33,cancelled,2023-12-05,2026-08-08
8823-RLPWL,Pro,Two year,Annual,Credit card (automatic),110.65,72,active,2020-09-16,
9505-SQFSW,Basic,Month-to-month,Monthly,Mailed check,40.3,3,active,2026-06-13,
7314-OXENN,Basic,Month-to-month,Monthly,Electronic check,82.0,2,cancelled,2026-07-06,2026-09-14
3758-CKOQL,Standard,One year,Annual,Credit card (automatic),107.0,59,active,2021-10-16,
0322-CHQRU,Basic,Month-to-month,Monthly,Electronic check,45.35,2,cancelled,2026-06-25,2026-09-12
5676-CFLYY,Pro,Two year,Annual,Credit card (automatic),73.35,71,active,2020-09-29,
7521-AFHAB,Basic,Month-to-month,Monthly,Mailed check,44.8,5,active,2026-04-04,
0285-INHLN,Basic,Month-to-month,Monthly,Credit card (automatic),54.75,27,active,2024-06-03,
4678-DVQEO,Basic,Month-to-month,Monthly,Electronic check,52.2,1,cancelled,2026-07-23,2026-07-29
5125-CNDSP,Standard,One year,Annual,Bank transfer (automatic),40.6,63,active,2021-05-23,
0691-IFBQW,Standard,One year,Annual,Electronic check,110.0,46,cancelled,2022-11-15,2026-07-21
4992-LTJNE,Pro,Two year,Annual,Bank transfer (automatic),55.3,72,active,2020-08-27,
2202-OUTMO,Basic,Month-to-month,Monthly,Bank transfer (automatic),60.85,34,active,2023-11-03,
0810-BDHAW,Standard,One year,Annual,Electronic check,78.4,24,active,2024-08-24,
0229-LFJAF,Pro,Two year,Annual,Bank transfer (automatic),69.65,72,active,2020-08-24,
7131-ZQZNK,Pro,Two year,Annual,Credit card (automatic),59.85,60,active,2021-08-26,
3442-ZHHCC,Standard,One year,Annual,Credit card (automatic),76.9,68,active,2020-12-27,
5726-CVNYA,Pro,Two year,Annual,Mailed check,19.85,8,active,2026-01-10,
9871-ELEYA,Pro,Two year,Annual,Credit card (automatic),67.65,34,active,2023-10-23,
4257-GAESD,Basic,Month-to-month,Monthly,Credit card (automatic),45.0,6,active,2026-02-25,
5173-WXOQV,Basic,Month-to-month,Monthly,Mailed check,64.2,2,active,2026-07-10,
2040-OBMLJ,Standard,One year,Annual,Credit card (automatic),81.7,31,active,2024-02-10,
6286-ZHAOK,Basic,Month-to-month,Monthly,Bank transfer (automatic),25.55,20,active,2025-01-01,
3807-XHCJH,Basic,Month-to-month,Monthly,Electronic check,20.0,1,active,2026-08-07,
3009-JWMPU,Standard,One year,Annual,Electronic check,96.75,62,cancelled,2021-06-27,2026-08-23
5671-RQRLP,Pro,Two year,Annual,Credit card (automatic),75.65,70,active,2020-11-04,
1450-GALXR,Basic,Month-to-month,Monthly,Electronic check,98.5,10,cancelled,2025-11-11,2026-08-17
8859-AXJZP,Pro,Two year,Annual,Mailed check,23.8,39,active,2023-06-06,
3174-AKMAS,Pro,Two year,Annual,Credit card (automatic),64.2,46,active,2022-10-23,
3138-BKYAV,Basic,Month-to-month,Monthly,Electronic check,85.35,6,cancelled,2026-02-22,2026-08-14
9926-PJHDQ,Pro,Two year,Annual,Bank transfer (automatic),76.8,72,active,2020-09-07,
7382-DFJTU,Basic,Month-to-month,Monthly,Credit card (automatic),55.2,18,active,2025-02-23,
2798-NYLMZ,Pro,Two year,Annual,Credit card (automatic),108.55,71,active,2020-10-14,
4289-DTDKW,Basic,Month-to-month,Monthly,Electronic check,101.3,40,cancelled,2023-04-19,2026-09-07
1820-TQVEV,Basic,Month-to-month,Monthly,Electronic check,69.55,1,cancelled,2026-07-26,2026-09-02
2239-JALAW,Standard,One year,Annual,Bank transfer (automatic),103.25,58,cancelled,2021-11-15,2026-08-29
4853-RULSV,Pro,Two year,Annual,Credit card (automatic),104.0,70,cancelled,2020-10-26,2026-07-28
8098-TDCBU,Pro,Two year,Annual,Electronic check,25.25,42,active,2023-03-04,
3551-GAEGL,Standard,One year,Annual,Bank transfer (automatic),30.4,34,active,2023-10-22,
4785-NKHCX,Basic,Month-to-month,Monthly,Bank transfer (automatic),20.05,5,active,2026-04-10,
3196-NVXLZ,Basic,Month-to-month,Monthly,Mailed check,84.6,25,active,2024-07-21,
6275-YDUVO,Basic,Month-to-month,Monthly,Mailed check,86.2,2,cancelled,2026-06-22,2026-08-21
0036-IHMOT,Standard,One year,Annual,Bank transfer (automatic),103.7,55,active,2022-02-07,
0115-TFERT,Basic,Month-to-month,Monthly,Electronic check,111.2,21,cancelled,2024-12-04,2026-08-04
4178-EGMON,Pro,Two year,Annual,Credit card (automatic),88.0,70,active,2020-10-28,
4220-TINQT,Basic,Month-to-month,Monthly,Electronic check,106.35,61,active,2021-08-10,
5318-YKDPV,Pro,Two year,Annual,Credit card (automatic),79.15,43,active,2023-01-18,
7975-TZMLR,Standard,One year,Annual,Electronic check,103.1,47,active,2022-10-12,
0295-QVKPB,Basic,Month-to-month,Monthly,Credit card (automatic),63.95,5,active,2026-04-10,
4335-BSMJS,Pro,Two year,Annual,Credit card (automatic),25.8,62,active,2021-07-02,
2311-QYMUQ,Basic,Month-to-month,Monthly,Credit card (automatic),89.45,16,cancelled,2025-05-03,2026-09-04
3643-AHCFP,Basic,Month-to-month,Monthly,Bank transfer (automatic),95.6,7,cancelled,2026-02-14,2026-07-21
9146-JRIOX,Basic,Month-to-month,Monthly,Mailed check,25.55,14,active,2025-06-20,
3104-OWCGK,Standard,One year,Annual,Electronic check,90.95,60,cancelled,2021-09-09,2026-07-25
5337-IIWKZ,Basic,Month-to-month,Monthly,Electronic check,44.85,34,active,2023-11-14,
9101-BWFSS,Standard,One year,Annual,Electronic check,108.55,50,cancelled,2022-07-02,2026-08-18
9650-VBUOG,Pro,Two year,Annual,Credit card (automatic),25.05,38,active,2023-06-21,
3487-EARAT,Standard,One year,Annual,Credit card (automatic),74.1,70,active,2020-11-16,
2672-TGEFF,Basic,Month-to-month,Monthly,Electronic check,88.8,37,active,2023-08-03,
9231-ZJYAM,Basic,Month-to-month,Monthly,Electronic check,78.85,4,cancelled,2026-04-21,2026-09-02
4250-WAROZ,Basic,Month-to-month,Monthly,Electronic check,93.25,60,active,2021-08-21,
8184-WMOFI,Standard,One year,Annual,Credit card (automatic),71.4,62,active,2021-07-12,
6982-SSHFK,Basic,Month-to-month,Monthly,Mailed check,44.4,1,cancelled,2026-07-30,2026-07-20
6092-QZVPP,Basic,Month-to-month,Monthly,Credit card (automatic),79.2,36,active,2023-08-23,
4625-LAMOB,Pro,Two year,Annual,Credit card (automatic),20.4,44,active,2022-12-27,
0727-BMPLR,Standard,One year,Annual,Electronic check,100.0,55,cancelled,2022-01-27,2026-07-30
0392-BZIUW,Pro,Two year,Annual,Credit card (automatic),105.0,72,active,2020-08-24,
1038-ZAGBI,Standard,One year,Annual,Bank transfer (automatic),19.8,12,cancelled,2025-09-03,2026-08-16
6549-NNDYT,Basic,Month-to-month,Monthly,Bank transfer (automatic),30.85,13,active,2025-08-15,
3027-ZTDHO,Basic,Month-to-month,Monthly,Electronic check,89.9,1,cancelled,2026-07-29,2026-08-31
0422-OHQHQ,Standard,One year,Annual,Mailed check,20.55,15,active,2025-05-30,
6916-HIJSE,Pro,Two year,Annual,Bank transfer (automatic),84.85,65,active,2021-03-23,
2316-ESMLS,Standard,One year,Annual,Credit card (automatic),33.15,12,active,2025-08-20,
9778-OGKQZ,Pro,Two year,Annual,Credit card (automatic),92.0,72,active,2020-09-06,
7408-OFWXJ,Pro,Two year,Annual,Credit card (automatic),89.8,72,active,2020-08-19,
6007-TCTST,Pro,Two year,Annual,Bank transfer (automatic),115.8,72,active,2020-09-16,
2252-NKNSI,Pro,Two year,Annual,Mailed check,85.15,52,active,2022-04-19,
8713-IGZSO,Basic,Month-to-month,Monthly,Mailed check,24.85,2,active,2026-07-14,
7905-TVXTA,Basic,Month-to-month,Monthly,Electronic check,64.35,5,active,2026-03-29,
7695-PKLCZ,Pro,Two year,Annual,Credit card (automatic),20.5,68,active,2020-12-27,
2382-BCKQJ,Standard,One year,Annual,Electronic check,100.15,62,cancelled,2021-06-29,2026-08-10
8374-UULRV,Pro,Two year,Annual,Credit card (automatic),86.05,72,active,2020-08-18,
2207-NHRJK,Basic,Month-to-month,Monthly,Electronic check,50.8,1,cancelled,2026-08-01,2026-08-25
3224-DFQNQ,Standard,One year,Annual,Electronic check,89.0,66,active,2021-03-14,
5275-PMFUT,Pro,Two year,Annual,Credit card (automatic),64.8,72,active,2020-08-29,
4795-UXVCJ,Standard,One year,Annual,Credit card (automatic),19.8,26,active,2024-07-09,
9777-IQHWP,Pro,Two year,Annual,Bank transfer (automatic),93.4,64,active,2021-04-29,
0947-MUGVO,Basic,Month-to-month,Monthly,Electronic check,73.65,20,cancelled,2025-01-05,2026-08-07
9944-HKVVB,Basic,Month-to-month,Monthly,Electronic check,95.1,3,cancelled,2026-06-16,2026-07-28
4124-MMETB,Basic,Month-to-month,Monthly,Credit card (automatic),94.65,22,cancelled,2024-10-28,2026-08-18
3671-SHRSP,Basic,Month-to-month,Monthly,Mailed check,80.6,4,cancelled,2026-05-16,2026-09-13
0979-MOZQI,Pro,Two year,Annual,Bank transfer (automatic),39.0,62,active,2021-07-08,
2732-ISEZX,Basic,Month-to-month,Monthly,Mailed check,20.5,5,active,2026-03-30,
3313-QKNKB,Standard,One year,Annual,Electronic check,85.55,59,cancelled,2021-09-21,2026-08-13
0323-XWWTN,Pro,Two year,Annual,Mailed check,26.4,3,active,2026-06-08,
1937-OTUKY,Pro,Two year,Annual,Bank transfer (automatic),98.2,72,active,2020-09-08,
1573-LGXBA,Standard,One year,Annual,Credit card (automatic),97.55,57,active,2021-12-07,
1764-VUUMT,Pro,Two year,Annual,Credit card (automatic),19.95,66,active,2021-02-28,
5073-WXOYN,Basic,Month-to-month,Monthly,Electronic check,50.8,60,cancelled,2021-09-11,2026-07-27
4713-ZBURT,Pro,Two year,Annual,Bank transfer (automatic),99.7,45,active,2022-12-02,
3050-GBUSH,Basic,Month-to-month,Monthly,Credit card (automatic),34.8,3,active,2026-05-24,
0207-MDKNV,Basic,Month-to-month,Monthly,Electronic check,105.1,15,cancelled,2025-06-15,2026-09-02
7876-AEHIG,Standard,One year,Annual,Bank transfer (automatic),60.15,51,active,2022-05-20,
7945-HLKEA,Standard,One year,Annual,Electronic check,64.75,60,active,2021-09-01,
9342-VNIMQ,Basic,Month-to-month,Monthly,Bank transfer (automatic),54.65,33,active,2023-11-29,
9851-KIELU,Basic,Month-to-month,Monthly,Electronic check,110.1,10,cancelled,2025-10-29,2026-07-21
3523-BRGUW,Standard,One year,Annual,Credit card (automatic),19.3,26,active,2024-06-19,
3908-BLSYF,Basic,Month-to-month,Monthly,Electronic check,83.9,6,cancelled,2026-02-27,2026-08-25
3199-NPKCN,Standard,One year,Annual,Electronic check,111.25,67,active,2021-01-20,
5170-PTRKA,Standard,One year,Annual,Credit card (automatic),35.8,49,active,2022-08-09,
4661-NJEUX,Basic,Month-to-month,Monthly,Mailed check,20.05,1,active,2026-08-11,
2123-AGEEN,Basic,Month-to-month,Monthly,Electronic check,84.35,7,active,2026-01-27,
1258-YMZNM,Standard,One year,Annual,Bank transfer (automatic),110.5,27,active,2024-06-13,
0048-LUMLS,Standard,One year,Annual,Credit card (automatic),91.2,37,active,2023-08-14,
7549-MYGPK,Basic,Month-to-month,Monthly,Electronic check,100.55,63,cancelled,2021-06-11,2026-08-06
5898-IGSLP,Basic,Month-to-month,Monthly,Electronic check,89.3,31,active,2024-02-08,
3804-RVTGV,Basic,Month-to-month,Monthly,Bank transfer (automatic),103.85,50,cancelled,2022-07-15,2026-08-05
6259-WJQLC,Basic,Month-to-month,Monthly,Credit card (automatic),81.1,32,active,2023-12-26,
9227-LUNBG,Basic,Month-to-month,Monthly,Electronic check,24.6,1,cancelled,2026-07-31,2026-09-05
7997-EASSD,Standard,One year,Annual,Credit card (automatic),81.2,63,active,2021-06-11,
0730-KOAVE,Basic,Month-to-month,Monthly,Credit card (automatic),94.3,30,active,2024-03-09,
8975-SKGRX,Pro,Two year,Annual,Bank transfer (automatic),116.1,71,active,2020-09-19,
0678-RLHVP,Pro,Two year,Annual,Electronic check,105.55,53,active,2022-03-21,
4315-MURBD,Basic,Month-to-month,Monthly,Bank transfer (automatic),98.9,12,cancelled,2025-09-13,2026-09-13
2267-FPIMA,Basic,Month-to-month,Monthly,Credit card (automatic),94.4,50,active,2022-06-29,
1051-GEJLJ,Basic,Month-to-month,Monthly,Mailed check,19.5,2,active,2026-07-09,
9734-YWGEX,Basic,Month-to-month,Monthly,Credit card (automatic),98.3,9,cancelled,2025-12-07,2026-07-22
2719-BDAQO,Basic,Month-to-month,Monthly,Electronic check,93.85,17,cancelled,2025-03-31,2026-08-05
5285-MVEHD,Standard,One year,Annual,Credit card (automatic),105.6,56,active,2021-12-18,
0379-DJQHR,Pro,Two year,Annual,Credit card (automatic),81.35,67,active,2021-01-29,
0781-LKXBR,Basic,Month-to-month,Monthly,Electronic check,100.5,9,cancelled,2025-11-19,2026-08-09
5543-QDCRY,Basic,Month-to-month,Monthly,Electronic check,56.4,4,active,2026-04-24,
0297-RBCSG,Standard,One year,Annual,Bank transfer (automatic),65.35,19,active,2025-01-23,
4694-PHWFW,Basic,Month-to-month,Monthly,Mailed check,19.95,8,active,2025-12-24,
0835-JKADZ,Pro,Two year,Annual,Electronic check,111.25,71,active,2020-09-23,
1907-UBQFC,Basic,Month-to-month,Monthly,Electronic check,72.85,10,cancelled,2025-11-09,2026-08-29
7508-SMHXL,Basic,Month-to-month,Monthly,Credit card (automatic),89.0,15,active,2025-05-19,
3865-YIOTT,Standard,One year,Annual,Bank transfer (automatic),106.1,72,active,2020-08-20,
5993-BQHEA,Standard,One year,Annual,Credit card (automatic),20.05,12,active,2025-08-29,
6024-RUGGH,Pro,Two year,Annual,Bank transfer (automatic),25.2,72,active,2020-08-26,
6513-EECDB,Basic,Month-to-month,Monthly,Electronic check,73.55,1,cancelled,2026-07-22,2026-09-09
3956-CJUST,Basic,Month-to-month,Monthly,Bank transfer (automatic),75.4,23,active,2024-10-12,
4079-WWQQQ,Pro,Two year,Annual,Bank transfer (automatic),65.55,72,active,2020-09-15,
6103-BOCOU,Basic,Month-to-month,Monthly,Electronic check,80.7,26,active,2024-06-18,
5149-TGWDZ,Standard,One year,Annual,Mailed check,104.55,21,active,2024-11-30,
7471-WNSUF,Standard,One year,Annual,Bank transfer (automatic),24.15,60,active,2021-08-26,
8942-DBMHZ,Basic,Month-to-month,Monthly,Mailed check,20.45,12,active,2025-09-01,
4301-VVZKA,Basic,Month-to-month,Monthly,Electronic check,75.4,16,active,2025-05-02,
9199-PWQVC,Standard,One year,Annual,Credit card (automatic),79.7,63,active,2021-06-16,
4824-GUCBY,Basic,Month-to-month,Monthly,Electronic check,81.7,22,active,2024-11-08,
5393-HJZSM,Basic,Month-to-month,Monthly,Bank transfer (automatic),76.3,32,active,2024-01-14,
7074-IEVOJ,Basic,Month-to-month,Monthly,Electronic check,79.4,3,cancelled,2026-06-05,2026-08-30
9625-QSTYE,Basic,Month-to-month,Monthly,Electronic check,81.15,13,cancelled,2025-08-17,2026-08-14
0862-PRCBS,Pro,Two year,Annual,Credit card (automatic),103.75,68,active,2020-12-23,
8812-ZRHFP,Standard,One year,Annual,Electronic check,86.45,30,active,2024-03-09,
5146-CBVOE,Basic,Month-to-month,Monthly,Bank transfer (automatic),75.1,16,active,2025-04-25,
0454-OKRCT,Pro,Two year,Annual,Bank transfer (automatic),80.6,33,active,2023-12-16,
5787-KXGIY,Pro,Two year,Annual,Credit card (automatic),19.3,72,active,2020-09-16,
4750-ZRXIU,Basic,Month-to-month,Monthly,Electronic check,84.6,4,cancelled,2026-05-06,2026-08-06
4198-VFOEA,Standard,One year,Annual,Mailed check,33.6,12,active,2025-08-24,
6630-UJZMY,Basic,Month-to-month,Monthly,Electronic check,83.25,4,active,2026-04-24,
5709-LVOEQ,Pro,Two year,Annual,Mailed check,80.85,0,active,2026-08-31,
6400-BWQKW,Basic,Month-to-month,Monthly,Electronic check,79.05,6,cancelled,2026-02-28,2026-08-28
2692-AQCPF,Standard,One year,Annual,Credit card (automatic),108.05,65,active,2021-03-28,
0347-UBKUZ,Basic,Month-to-month,Monthly,Mailed check,19.9,15,active,2025-05-28,
0835-DUUIQ,Standard,One year,Annual,Bank transfer (automatic),21.05,24,active,2024-08-25,
0811-GSDTP,Basic,Month-to-month,Monthly,Electronic check,30.15,13,active,2025-08-17,
7567-ECMCM,Basic,Month-to-month,Monthly,Credit card (automatic),79.85,24,active,2024-09-04,
6115-ZTBFQ,Pro,Two year,Annual,Bank transfer (automatic),65.5,72,active,2020-08-22,
6353-BRMMA,Basic,Month-to-month,Monthly,Bank transfer (automatic),104.1,54,active,2022-03-05,
6680-WKXRZ,Basic,Month-to-month,Monthly,Bank transfer (automatic),74.4,3,cancelled,2026-06-13,2026-09-03
6231-WFGFH,Basic,Month-to-month,Monthly,Mailed check,20.5,4,active,2026-04-29,
9904-EHEVJ,Basic,Month-to-month,Monthly,Mailed check,91.35,32,active,2024-01-07,
7028-DVOIQ,Basic,Month-to-month,Monthly,Electronic check,99.05,35,cancelled,2023-10-02,2026-09-01
6169-PPETC,Pro,Two year,Annual,Bank transfer (automatic),20.5,35,active,2023-10-02,
4208-UFFGW,Basic,Month-to-month,Monthly,Mailed check,44.95,2,cancelled,2026-06-28,2026-07-21
8584-KMVXD,Basic,Month-to-month,Monthly,Electronic check,75.6,8,active,2025-12-20,
8467-WYNSR,Basic,Month-to-month,Monthly,Mailed check,55.1,22,active,2024-10-27,
0851-DFJKB,Basic,Month-to-month,Monthly,Electronic check,58.95,15,active,2025-05-19,
5382-SOYZL,Basic,Month-to-month,Monthly,Electronic check,95.1,22,active,2024-11-16,
9448-REEVD,Basic,Month-to-month,Monthly,Credit card (automatic),44.7,1,cancelled,2026-07-25,2026-08-09
3261-CQXOL,Pro,Two year,Annual,Bank transfer (automatic),25.45,71,active,2020-10-04,
8388-FYNPZ,Basic,Month-to-month,Monthly,Electronic check,56.75,4,active,2026-04-27,
4002-BQWPQ,Basic,Month-to-month,Monthly,Bank transfer (automatic),81.75,25,active,2024-08-14,
5651-YLPRD,Basic,Month-to-month,Monthly,Electronic check,86.1,32,active,2024-01-01,
2826-DXLQO,Basic,Month-to-month,Monthly,Bank transfer (automatic),29.8,7,active,2026-02-15,
4378-BZYFP,Standard,One year,Annual,Mailed check,20.5,17,active,2025-03-29,
9489-UTFKA,Basic,Month-to-month,Monthly,Bank transfer (automatic),60.9,8,active,2026-01-10,
4849-PYRLQ,Pro,Two year,Annual,Bank transfer (automatic),73.25,56,active,2022-01-12,
9117-SHLZX,Basic,Month-to-month,Monthly,Mailed check,45.7,1,cancelled,2026-08-15,2026-07-19
9889-TMAHG,Basic,Month-to-month,Monthly,Credit card (automatic),100.3,8,cancelled,2026-01-08,2026-09-15
4541-RMRLG,Basic,Month-to-month,Monthly,Electronic check,19.25,7,cancelled,2026-01-18,2026-08-19
7764-BDPEE,Basic,Month-to-month,Monthly,Mailed check,20.85,3,active,2026-05-19,
3429-IFLEM,Pro,Two year,Annual,Credit card (automatic),77.35,71,active,2020-10-14,
3158-MOERK,Basic,Month-to-month,Monthly,Electronic check,96.0,2,cancelled,2026-06-19,2026-08-20
7294-TMAOP,Basic,Month-to-month,Monthly,Electronic check,90.55,1,cancelled,2026-07-31,2026-08-23
5002-GCQFH,Basic,Month-to-month,Monthly,Bank transfer (automatic),93.85,49,active,2022-08-08,
0556-FJEGU,Pro,Two year,Annual,Bank transfer (automatic),70.1,58,active,2021-10-19,
8919-FYFQZ,Basic,Month-to-month,Monthly,Electronic check,30.35,44,cancelled,2023-01-09,2026-08-23
0604-THJFP,Pro,Two year,Annual,Credit card (automatic),75.95,59,active,2021-10-12,
2834-JRTUA,Pro,Two year,Annual,Electronic check,108.05,71,cancelled,2020-10-10,2026-09-11
5875-YPQFJ,Basic,Month-to-month,Monthly,Electronic check,69.9,1,cancelled,2026-08-13,2026-09-14
5879-SESNB,Basic,Month-to-month,Monthly,Electronic check,75.25,11,active,2025-10-03,
6646-QVXLR,Standard,One year,Annual,Electronic check,103.75,62,cancelled,2021-07-13,2026-08-01
6461-PPAXN,Standard,One year,Annual,Bank transfer (automatic),54.95,35,active,2023-10-11,
3318-ISQFQ,Basic,Month-to-month,Monthly,Bank transfer (automatic),19.5,20,active,2025-01-05,
1106-HRLKZ,Pro,Two year,Annual,Mailed check,19.6,40,active,2023-04-29,
2483-XSSMZ,Standard,One year,Annual,Electronic check,47.85,39,active,2023-05-23,
8603-IJWDN,Basic,Month-to-month,Monthly,Electronic check,86.6,1,cancelled,2026-08-15,2026-08-21
8165-ZJRNM,Pro,Two year,Annual,Bank transfer (automatic),23.75,72,active,2020-08-29,
9369-XFEHK,Basic,Month-to-month,Monthly,Bank transfer (automatic),80.6,33,cancelled,2023-12-14,2026-09-06
2604-XVDAM,Basic,Month-to-month,Monthly,Bank transfer (automatic),43.8,12,active,2025-08-18,
3717-OFRTN,Basic,Month-to-month,Monthly,Bank transfer (automatic),19.75,1,active,2026-08-09,
9046-JBFWA,Basic,Month-to-month,Monthly,Mailed check,19.15,27,active,2024-05-23,
3280-NMUVX,Standard,One year,Annual,Credit card (automatic),19.6,34,active,2023-10-25,
1206-EHBDD,Pro,Two year,Annual,Bank transfer (automatic),80.3,56,active,2022-01-07,
8361-LBRDI,Pro,Two year,Annual,Credit card (automatic),24.35,58,active,2021-11-07,
4883-KCPZJ,Pro,Two year,Annual,Credit card (automatic),25.25,22,active,2024-11-07,
9108-EQPNQ,Pro,Two year,Annual,Credit card (automatic),26.1,10,active,2025-11-02,
7277-KAMWT,Pro,Two year,Annual,Credit card (automatic),20.0,13,active,2025-08-04,
3842-IYKUE,Basic,Month-to-month,Monthly,Credit card (automatic),85.3,35,cancelled,2023-09-28,2026-08-26
6641-XRPSU,Basic,Month-to-month,Monthly,Credit card (automatic),70.0,34,cancelled,2023-11-04,2026-07-22
1374-DMZUI,Basic,Month-to-month,Monthly,Electronic check,94.3,4,cancelled,2026-04-25,2026-08-19
2545-LXYVJ,Pro,Two year,Annual,Bank transfer (automatic),20.7,72,active,2020-09-03,
3234-VKACU,Basic,Month-to-month,Monthly,Electronic check,70.3,2,active,2026-07-09,
8357-EQXFO,Basic,Month-to-month,Monthly,Electronic check,95.35,7,cancelled,2026-02-06,2026-07-19
1989-PRJHP,Basic,Month-to-month,Monthly,Electronic check,75.5,27,cancelled,2024-05-27,2026-09-06
8120-JDCAM,Basic,Month-to-month,Monthly,Mailed check,69.55,4,active,2026-05-14,
8917-FAEMR,Pro,Two year,Annual,Mailed check,19.85,37,active,2023-08-09,
7047-YXDMZ,Basic,Month-to-month,Monthly,Mailed check,20.0,21,active,2024-12-07,
2858-EIMXH,Standard,One year,Annual,Credit card (automatic),95.85,53,active,2022-03-29,
9524-EGPJC,Basic,Month-to-month,Monthly,Electronic check,90.1,18,cancelled,2025-03-15,2026-09-08
6993-OHLXR,Basic,Month-to-month,Monthly,Electronic check,68.95,2,cancelled,2026-07-05,2026-08-13
8818-XYFCQ,Basic,Month-to-month,Monthly,Credit card (automatic),99.55,32,cancelled,2023-12-27,2026-08-06
6419-ZTTLE,Standard,One year,Annual,Electronic check,20.75,23,active,2024-09-19,
0929-HYQEW,Basic,Month-to-month,Monthly,Mailed check,50.15,3,active,2026-06-04,
6614-YOLAC,Pro,Two year,Annual,Mailed check,58.65,71,active,2020-09-17,
7426-RHZGU,Basic,Month-to-month,Monthly,Bank transfer (automatic),95.9,9,active,2025-11-29,
4065-JJAVA,Basic,Month-to-month,Monthly,Electronic check,49.5,1,active,2026-07-25,
4695-VADHF,Basic,Month-to-month,Monthly,Electronic check,57.45,18,cancelled,2025-03-11,2026-07-20
3863-IUBJR,Standard,One year,Annual,Credit card (automatic),53.65,12,cancelled,2025-08-20,2026-08-19
7649-SIJJF,Pro,Two year,Annual,Mailed check,80.1,71,active,2020-10-09,
9361-YNQWJ,Standard,One year,Annual,Bank transfer (automatic),24.4,64,active,2021-05-13,
3748-FVMZZ,Basic,Month-to-month,Monthly,Electronic check,40.05,4,active,2026-05-16,
9391-TTOYH,Basic,Month-to-month,Monthly,Mailed check,19.5,23,active,2024-09-27,
1452-XRSJV,Basic,Month-to-month,Monthly,Credit card (automatic),51.05,39,active,2023-05-30,
3422-WJOYD,Standard,One year,Annual,Mailed check,54.35,28,active,2024-05-12,
8242-SOQUO,Basic,Month-to-month,Monthly,Electronic check,84.7,5,active,2026-03-22,
7460-ITWWP,Basic,Month-to-month,Monthly,Electronic check,86.1,45,active,2022-12-09,
7147-AYBAA,Basic,Month-to-month,Monthly,Mailed check,70.35,37,active,2023-07-30,
7868-TMWMZ,Pro,Two year,Annual,Bank transfer (automatic),110.0,60,active,2021-09-01,
4822-RVYBB,Basic,Month-to-month,Monthly,Electronic check,100.6,8,cancelled,2025-12-30,2026-09-04
6732-FZUGP,Standard,One year,Annual,Credit card (automatic),94.9,47,active,2022-09-25,
8436-BJUMM,Basic,Month-to-month,Monthly,Electronic check,83.75,26,cancelled,2024-06-20,2026-08-15
4184-TJFAN,Basic,Month-to-month,Monthly,Mailed check,88.3,3,cancelled,2026-05-27,2026-08-28
8329-GWVPJ,Basic,Month-to-month,Monthly,Bank transfer (automatic),69.75,50,active,2022-06-20,
1352-VHKAJ,Basic,Month-to-month,Monthly,Bank transfer (automatic),71.6,27,active,2024-05-22,
4145-UQXUQ,Basic,Month-to-month,Monthly,Electronic check,92.1,8,cancelled,2026-01-06,2026-09-05
2632-TACXW,Pro,Two year,Annual,Bank transfer (automatic),23.65,62,active,2021-07-01,
8146-QQKZH,Pro,Two year,Annual,Bank transfer (automatic),81.85,71,active,2020-10-11,
1767-CJKBA,Pro,Two year,Annual,Mailed check,25.1,66,active,2021-02-18,
6445-TNRXS,Pro,Two year,Annual,Bank transfer (automatic),114.7,68,active,2020-12-18,
4581-LNWUM,Basic,Month-to-month,Monthly,Electronic check,49.15,13,active,2025-07-22,
4869-EPIUS,Standard,One year,Annual,Electronic check,80.9,56,active,2021-12-25,
9948-YPTDG,Basic,Month-to-month,Monthly,Electronic check,79.45,38,cancelled,2023-06-23,2026-09-10
1236-WFCDV,Basic,Month-to-month,Monthly,Credit card (automatic),90.45,14,cancelled,2025-06-24,2026-08-04
1915-OAKWD,Standard,One year,Annual,Bank transfer (automatic),19.3,16,active,2025-05-11,
7296-PIXQY,Basic,Month-to-month,Monthly,Electronic check,70.2,14,active,2025-07-10,
4883-QICIH,Basic,Month-to-month,Monthly,Bank transfer (automatic),69.75,32,cancelled,2024-01-01,2026-08-09
3354-OADJP,Standard,One year,Annual,Bank transfer (automatic),54.25,8,active,2026-01-04,
3524-WQDSG,Basic,Month-to-month,Monthly,Bank transfer (automatic),99.3,43,active,2023-01-25,
0810-DHDBD,Standard,One year,Annual,Credit card (automatic),74.0,52,active,2022-04-26,
4026-SKKHW,Basic,Month-to-month,Monthly,Mailed check,50.25,3,active,2026-05-19,
2829-HYVZP,Standard,One year,Annual,Mailed check,19.8,29,active,2024-03-25,
8329-IBCTI,Basic,Month-to-month,Monthly,Mailed check,19.65,1,cancelled,2026-08-17,2026-09-06
1271-SJBGZ,Basic,Month-to-month,Monthly,Electronic check,43.65,12,cancelled,2025-09-06,2026-08-14
3845-JHAMY,Basic,Month-to-month,Monthly,Credit card (automatic),35.5,16,active,2025-05-08,
7013-PSXHK,Standard,One year,Annual,Mailed check,80.75,40,active,2023-04-29,
5669-SRAIP,Basic,Month-to-month,Monthly,Electronic check,39.5,5,cancelled,2026-04-07,2026-07-25
5981-ITEMU,Basic,Month-to-month,Monthly,Bank transfer (automatic),97.1,40,cancelled,2023-04-19,2026-07-29
3486-NPGST,Standard,One year,Annual,Mailed check,19.55,36,active,2023-09-09,
6941-PMGEP,Basic,Month-to-month,Monthly,Electronic check,80.0,5,cancelled,2026-04-04,2026-08-20
1624-WOIWJ,Basic,Month-to-month,Monthly,Mailed check,84.7,10,cancelled,2025-10-23,2026-09-12
2074-GKOWZ,Basic,Month-to-month,Monthly,Bank transfer (automatic),89.55,2,cancelled,2026-07-07,2026-08-09
0376-YMCJC,Basic,Month-to-month,Monthly,Electronic check,90.6,23,cancelled,2024-10-15,2026-08-16
6100-FJZDG,Standard,One year,Annual,Bank transfer (automatic),20.05,26,active,2024-07-08,
4829-ZLJTK,Pro,Two year,Annual,Electronic check,112.4,72,active,2020-09-06,
1730-VFMWO,Basic,Month-to-month,Monthly,Bank transfer (automatic),50.2,34,active,2023-10-30,
7143-BQIBA,Basic,Month-to-month,Monthly,Bank transfer (automatic),62.25,10,active,2025-10-26,
3800-LYTRK,Standard,One year,Annual,Mailed check,55.7,14,active,2025-07-01,
0634-SZPQA,Basic,Month-to-month,Monthly,Bank transfer (automatic),90.05,23,cancelled,2024-10-04,2026-07-23
9646-NMHXE,Pro,Two year,Annual,Mailed check,19.65,47,active,2022-10-02,
7030-NJVDP,Basic,Month-to-month,Monthly,Electronic check,89.25,24,active,2024-09-12,
5536-RTPWK,Basic,Month-to-month,Monthly,Bank transfer (automatic),99.05,49,cancelled,2022-08-12,2026-08-14
8883-GRDWQ,Standard,One year,Annual,Mailed check,54.0,20,active,2024-12-29,
6166-ILMNY,Basic,Month-to-month,Monthly,Bank transfer (automatic),69.75,2,cancelled,2026-06-23,2026-08-03
3097-NNSPB,Basic,Month-to-month,Monthly,Credit card (automatic),49.05,2,cancelled,2026-07-03,2026-08-15
7771-ZONAT,Pro,Two year,Annual,Bank transfer (automatic),56.75,22,active,2024-11-15,
0655-RBDUG,Basic,Month-to-month,Monthly,Bank transfer (automatic),98.05,7,cancelled,2026-01-17,2026-08-15
2111-DWYHN,Basic,Month-to-month,Monthly,Mailed check,21.1,1,active,2026-08-08,
4194-WHFCB,Basic,Month-to-month,Monthly,Bank transfer (automatic),96.65,59,active,2021-09-25,
4121-AGSIN,Standard,One year,Annual,Credit card (automatic),24.5,58,active,2021-10-21,
4361-BKAXE,Basic,Month-to-month,Monthly,Bank transfer (automatic),114.5,41,cancelled,2023-03-19,2026-08-28
9845-PEEKO,Pro,Two year,Annual,Credit card (automatic),79.2,59,active,2021-10-14,
0455-XFASS,Basic,Month-to-month,Monthly,Electronic check,69.55,3,active,2026-06-12,
0301-KOBTQ,Pro,Two year,Annual,Bank transfer (automatic),20.05,32,active,2023-12-28,
1751-NCDLI,Basic,Month-to-month,Monthly,Electronic check,98.85,46,active,2022-10-25,
4367-NUYAO,Pro,Two year,Annual,Mailed check,25.75,0,active,2026-08-22,
9878-TNQGW,Basic,Month-to-month,Monthly,Electronic check,80.95,2,cancelled,2026-07-02,2026-08-23
9170-ARBTB,Standard,One year,Annual,Credit card (automatic),19.6,52,active,2022-05-14,
4441-NIHPT,Basic,Month-to-month,Monthly,Electronic check,74.3,13,cancelled,2025-07-27,2026-08-29
8999-BOHSE,Basic,Month-to-month,Monthly,Bank transfer (automatic),89.7,11,cancelled,2025-09-27,2026-08-19
7241-AJHFS,Basic,Month-to-month,Monthly,Bank transfer (automatic),87.65,32,active,2024-01-02,
7029-RPUAV,Basic,Month-to-month,Monthly,Credit card (automatic),100.45,17,cancelled,2025-03-29,2026-07-21
4546-FOKWR,Basic,Month-to-month,Monthly,Credit card (automatic),74.75,16,active,2025-05-11,
9036-CSKBW,Standard,One year,Annual,Bank transfer (automatic),107.45,51,active,2022-05-24,
5832-TRLPB,Standard,One year,Annual,Bank transfer (automatic),75.35,29,active,2024-04-16,
8590-YFFQO,Pro,Two year,Annual,Credit card (automatic),64.95,70,active,2020-10-22,
8659-IOOPU,Pro,Two year,Annual,Electronic check,100.45,71,active,2020-09-21,
1338-CECEE,Standard,One year,Annual,Bank transfer (automatic),68.5,41,active,2023-03-28,
7439-DKZTW,Basic,Month-to-month,Monthly,Electronic check,80.55,1,active,2026-07-24,
4646-QZXTF,Basic,Month-to-month,Monthly,Bank transfer (automatic),81.25,7,active,2026-01-19,
4607-CHPCA,Standard,One year,Annual,Electronic check,90.4,25,cancelled,2024-08-12,2026-08-26
9742-XOKTS,Standard,One year,Annual,Electronic check,89.55,67,active,2021-01-30,
6921-OZMFH,Basic,Month-to-month,Monthly,Mailed check,55.7,5,active,2026-03-29,
9578-FOMUK,Basic,Month-to-month,Monthly,Electronic check,24.8,15,active,2025-05-20,
4712-UYOOI,Basic,Month-to-month,Monthly,Electronic check,20.0,20,active,2024-12-25,
8824-RWFXJ,Basic,Month-to-month,Monthly,Mailed check,56.15,3,cancelled,2026-05-31,2026-08-19
7722-CVFXN,Standard,One year,Annual,Electronic check,105.2,54,active,2022-03-02,
8717-VCTXJ,Standard,One year,Annual,Mailed check,19.55,42,active,2023-03-14,
7363-QTBIW,Basic,Month-to-month,Monthly,Electronic check,79.75,9,active,2025-12-08,
4159-NAAIX,Pro,Two year,Annual,Bank transfer (automatic),97.45,63,active,2021-06-05,
0971-QIFJK,Pro,Two year,Annual,Bank transfer (automatic),24.25,69,active,2020-11-20,
9397-TZSHA,Pro,Two year,Annual,Credit card (automatic),24.6,69,active,2020-11-21,
3391-JSQEW,Basic,Month-to-month,Monthly,Mailed check,50.15,40,active,2023-04-29,
0343-QLUZP,Pro,Two year,Annual,Bank transfer (automatic),39.6,60,active,2021-09-13,
9763-PDTKK,Basic,Month-to-month,Monthly,Bank transfer (automatic),94.4,4,cancelled,2026-04-27,2026-07-22
2176-LVPNX,Pro,Two year,Annual,Mailed check,89.85,71,active,2020-10-03,
7627-JKIAZ,Basic,Month-to-month,Monthly,Credit card (automatic),78.95,37,cancelled,2023-07-29,2026-09-07
3312-UUMZW,Basic,Month-to-month,Monthly,Credit card (automatic),98.85,32,active,2024-01-04,
1271-UODNO,Pro,Two year,Annual,Credit card (automatic),53.85,39,active,2023-05-27,
8461-EFQYM,Standard,One year,Annual,Electronic check,24.25,38,active,2023-07-12,
6900-RBKER,Pro,Two year,Annual,Credit card (automatic),89.45,52,active,2022-05-14,
6891-JPYFF,Basic,Month-to-month,Monthly,Credit card (automatic),105.25,48,active,2022-09-10,
1459-QNFQT,Pro,Two year,Annual,Bank transfer (automatic),59.5,70,active,2020-10-20,
1047-NNCBF,Basic,Month-to-month,Monthly,Credit card (automatic),70.55,20,active,2025-01-14,
3696-XRIEN,Standard,One year,Annual,Credit card (automatic),82.5,50,active,2022-07-09,
4081-DYXAV,Standard,One year,Annual,Credit card (automatic),44.85,19,cancelled,2025-02-05,2026-09-01
0074-HDKDG,Standard,One year,Annual,Bank transfer (automatic),61.6,25,active,2024-07-22,
8791-GFXLZ,Basic,Month-to-month,Monthly,Bank transfer (automatic),49.05,12,active,2025-09-06,
8111-SLLHI,Basic,Month-to-month,Monthly,Electronic check,105.65,39,cancelled,2023-05-22,2026-08-17
0927-LCSMG,Basic,Month-to-month,Monthly,Mailed check,74.65,7,cancelled,2026-01-17,2026-08-22
9330-DHBFL,Standard,One year,Annual,Mailed check,66.25,23,active,2024-09-27,
0098-BOWSO,Basic,Month-to-month,Monthly,Electronic check,19.4,27,active,2024-06-07,
3452-ABWRL,Basic,Month-to-month,Monthly,Credit card (automatic),86.05,47,active,2022-09-30,
5859-HZYLF,Pro,Two year,Annual,Credit card (automatic),19.15,26,active,2024-06-27,
8257-RZAHR,Basic,Month-to-month,Monthly,Bank transfer (automatic),64.7,14,cancelled,2025-07-14,2026-08-26
5293-WXJAK,Basic,Month-to-month,Monthly,Bank transfer (automatic),104.05,11,cancelled,2025-09-23,2026-08-01
3156-QLHBO,Basic,Month-to-month,Monthly,Mailed check,19.25,2,active,2026-07-05,
2208-NQBCT,Basic,Month-to-month,Monthly,Electronic check,81.95,26,active,2024-06-22,
1779-PWPMG,Pro,Two year,Annual,Bank transfer (automatic),114.65,72,active,2020-08-29,
6621-NRZAK,Pro,Two year,Annual,Credit card (automatic),20.0,63,active,2021-05-23,
0831-JNISG,Pro,Two year,Annual,Mailed check,19.8,71,active,2020-10-14,
0774-IFUVM,Basic,Month-to-month,Monthly,Bank transfer (automatic),65.15,11,active,2025-10-16,
3082-WQRVY,Standard,One year,Annual,Mailed check,19.65,14,active,2025-07-14,
9553-DLCLU,Pro,Two year,Annual,Credit card (automatic),88.95,13,active,2025-07-22,
1641-BYBTK,Basic,Month-to-month,Monthly,Mailed check,20.2,6,active,2026-02-17,
2460-NGXBJ,Basic,Month-to-month,Monthly,Credit card (automatic),75.2,11,active,2025-09-18,
2446-ZKVAF,Basic,Month-to-month,Monthly,Credit card (automatic),56.8,18,active,2025-03-09,
0841-NULXI,Basic,Month-to-month,Monthly,Electronic check,35.55,1,cancelled,2026-08-10,2026-08-17
3522-CDKHF,Basic,Month-to-month,Monthly,Bank transfer (automatic),75.5,32,active,2024-01-06,
1430-SFQSA,Standard,One year,Annual,Mailed check,35.6,29,active,2024-03-24,
0411-EZJZE,Basic,Month-to-month,Monthly,Electronic check,60.25,3,active,2026-06-10,
7851-WZEKY,Basic,Month-to-month,Monthly,Electronic check,95.15,2,cancelled,2026-07-02,2026-08-25
8844-TONUD,Basic,Month-to-month,Monthly,Mailed check,96.65,13,cancelled,2025-07-29,2026-08-18
8807-ARQET,Basic,Month-to-month,Monthly,Electronic check,40.35,41,active,2023-04-07,
8992-CEUEN,Basic,Month-to-month,Monthly,Electronic check,18.85,1,active,2026-08-03,
4320-QMLLA,Basic,Month-to-month,Monthly,Mailed check,54.85,7,active,2026-01-27,
8777-PVYGU,Standard,One year,Annual,Mailed check,64.3,52,active,2022-04-25,
8292-ITGYJ,Pro,Two year,Annual,Bank transfer (automatic),24.65,45,active,2022-12-12,
6870-ZWMNX,Pro,Two year,Annual,Credit card (automatic),76.1,70,active,2020-11-01,
0621-CXBKL,Pro,Two year,Annual,Mailed check,18.7,53,active,2022-04-13,
5268-DSMNQ,Standard,One year,Annual,Credit card (automatic),97.95,62,active,2021-07-17,
5334-JLAXU,Basic,Month-to-month,Monthly,Credit card (automatic),94.1,60,active,2021-08-28,
4086-YQSNZ,Basic,Month-to-month,Monthly,Electronic check,80.4,3,cancelled,2026-06-03,2026-07-25
6242-MBHPK,Basic,Month-to-month,Monthly,Electronic check,95.1,23,active,2024-10-09,
5868-CZJDR,Basic,Month-to-month,Monthly,Mailed check,31.35,1,cancelled,2026-08-16,2026-07-19
9359-UGBTK,Standard,One year,Annual,Bank transfer (automatic),72.35,67,active,2021-01-18,
0135-NMXAP,Basic,Month-to-month,Monthly,Bank transfer (automatic),89.75,12,cancelled,2025-08-23,2026-09-01
4782-OSFXZ,Pro,Two year,Annual,Bank transfer (automatic),82.7,71,active,2020-09-18,
6479-OAUSD,Standard,One year,Annual,Credit card (automatic),19.9,25,active,2024-08-13,
7129-ACFOG,Basic,Month-to-month,Monthly,Electronic check,53.8,5,active,2026-04-17,
4189-NAKJS,Standard,One year,Annual,Credit card (automatic),51.55,26,active,2024-07-11,
5562-BETPV,Standard,One year,Annual,Mailed check,19.65,1,active,2026-08-14,
1282-IHQAC,Standard,One year,Annual,Credit card (automatic),44.05,70,active,2020-11-03,
9127-FHJBZ,Pro,Two year,Annual,Electronic check,114.0,72,active,2020-08-28,
6270-OMFIW,Standard,One year,Annual,Electronic check,94.4,60,cancelled,2021-09-11,2026-09-13
1641-RQDAY,Basic,Month-to-month,Monthly,Electronic check,100.4,32,active,2024-01-05,
0107-WESLM,Basic,Month-to-month,Monthly,Electronic check,19.85,1,cancelled,2026-08-01,2026-09-14
6994-ORCWG,Standard,One year,Annual,Mailed check,54.25,14,active,2025-07-08,
1346-UFHAX,Basic,Month-to-month,Monthly,Credit card (automatic),80.0,13,active,2025-08-04,
3992-YWPKO,Basic,Month-to-month,Monthly,Credit card (automatic),109.9,6,cancelled,2026-03-01,2026-08-20
2933-XEUJM,Pro,Two year,Annual,Mailed check,79.2,46,active,2022-10-19,
0125-LZQXK,Basic,Month-to-month,Monthly,Electronic check,101.35,15,cancelled,2025-06-08,2026-08-09
5461-QKNTN,Basic,Month-to-month,Monthly,Electronic check,94.3,43,active,2023-02-14,
4835-YSJMR,Pro,Two year,Annual,Bank transfer (automatic),49.8,39,active,2023-05-22,
8399-YNDCH,Basic,Month-to-month,Monthly,Bank transfer (automatic),60.05,21,cancelled,2024-11-29,2026-09-12
3164-YAXFY,Basic,Month-to-month,Monthly,Electronic check,53.75,57,active,2021-12-02,
0887-WBJVH,Standard,One year,Annual,Electronic check,93.45,53,active,2022-03-27,
4660-IRIBM,Basic,Month-to-month,Monthly,Mailed check,87.9,18,active,2025-02-17,
5673-FSSMF,Basic,Month-to-month,Monthly,Electronic check,60.15,1,cancelled,2026-08-14,2026-08-17
7670-ZBPOQ,Standard,One year,Annual,Bank transfer (automatic),61.05,58,active,2021-10-22,
8089-UZWLX,Pro,Two year,Annual,Bank transfer (automatic),104.05,71,active,2020-09-27,
0080-OROZO,Standard,One year,Annual,Electronic check,99.25,35,active,2023-09-30,
3916-NRPAP,Basic,Month-to-month,Monthly,Credit card (automatic),85.7,3,active,2026-05-23,
6807-SIWJI,Standard,One year,Annual,Electronic check,104.85,38,active,2023-07-09,
8221-HVAYI,Pro,Two year,Annual,Credit card (automatic),69.15,35,active,2023-09-24,
1579-KLYDT,Basic,Month-to-month,Monthly,Electronic check,90.45,7,cancelled,2026-01-29,2026-08-23
5232-NXPAY,Pro,Two year,Annual,Mailed check,74.45,47,active,2022-09-19,
8967-SZQAS,Basic,Month-to-month,Monthly,Electronic check,50.45,14,active,2025-07-03,
4468-KAZHE,Basic,Month-to-month,Monthly,Electronic check,60.0,20,active,2024-12-26,
0455-ENTCR,Pro,Two year,Annual,Electronic check,85.25,66,active,2021-03-03,
8944-AILEF,Basic,Month-to-month,Monthly,Credit card (automatic),19.45,15,active,2025-06-06,
5542-NKVRU,Pro,Two year,Annual,Bank transfer (automatic),20.75,42,active,2023-03-07,
7126-RBHSD,Basic,Month-to-month,Monthly,Electronic check,78.9,17,active,2025-03-21,
5370-IIVVL,Standard,One year,Annual,Credit card (automatic),104.5,37,active,2023-07-23,
6789-HJBWG,Basic,Month-to-month,Monthly,Electronic check,49.4,12,active,2025-09-10,
3927-NLNRY,Standard,One year,Annual,Bank transfer (automatic),94.25,53,cancelled,2022-03-23,2026-07-22
9087-EYCPR,Pro,Two year,Annual,Mailed check,25.0,60,active,2021-08-30,
6791-YBNAK,Basic,Month-to-month,Monthly,Credit card (automatic),25.55,18,active,2025-03-15,
6358-LYNGM,Basic,Month-to-month,Monthly,Electronic check,74.9,1,cancelled,2026-07-26,2026-08-11
6077-BDPXA,Basic,Month-to-month,Monthly,Electronic check,70.15,3,active,2026-06-13,
0013-MHZWF,Basic,Month-to-month,Monthly,Credit card (automatic),69.4,9,active,2025-11-21,
5494-HECPR,Basic,Month-to-month,Monthly,Electronic check,80.25,1,cancelled,2026-08-04,2026-08-22
8268-YDIXR,Standard,One year,Annual,Electronic check,93.15,56,active,2021-12-20,
9824-BEMCV,Basic,Month-to-month,Monthly,Electronic check,69.0,17,cancelled,2025-04-03,2026-08-12
1373-ORVIZ,Basic,Month-to-month,Monthly,Electronic check,66.35,11,cancelled,2025-10-15,2026-09-08
4291-SHSBH,Basic,Month-to-month,Monthly,Electronic check,69.55,7,active,2026-01-23,
6980-IMXXE,Pro,Two year,Annual,Bank transfer (automatic),20.2,69,active,2020-11-25,
9866-QEVEE,Basic,Month-to-month,Monthly,Bank transfer (automatic),86.0,19,cancelled,2025-02-06,2026-08-18
9897-KXHCM,Basic,Month-to-month,Monthly,Electronic check,80.3,3,cancelled,2026-06-11,2026-08-27
0040-HALCW,Pro,Two year,Annual,Credit card (automatic),20.4,54,active,2022-02-21,
0784-GTUUK,Standard,One year,Annual,Credit card (automatic),23.75,62,active,2021-06-24,
7979-CORPM,Basic,Month-to-month,Monthly,Credit card (automatic),90.55,24,cancelled,2024-09-08,2026-09-05
2294-DMMUS,Basic,Month-to-month,Monthly,Credit card (automatic),70.45,62,active,2021-06-26,
0872-JCPIB,Basic,Month-to-month,Monthly,Bank transfer (automatic),65.75,17,active,2025-04-10,
3055-MJDSB,Basic,Month-to-month,Monthly,Mailed check,24.6,9,active,2025-12-12,
9091-WTUUY,Pro,Two year,Annual,Mailed check,69.25,64,active,2021-04-28,
1618-CFHME,Basic,Month-to-month,Monthly,Electronic check,75.9,2,cancelled,2026-06-24,2026-08-23
3165-HDOEW,Basic,Month-to-month,Monthly,Mailed check,45.85,1,cancelled,2026-07-21,2026-08-09
6581-NQCBA,Basic,Month-to-month,Monthly,Electronic check,49.95,16,cancelled,2025-05-04,2026-08-12
7115-IRDHS,Pro,Two year,Annual,Bank transfer (automatic),24.65,72,active,2020-09-12,
8496-DMZUK,Standard,One year,Annual,Bank transfer (automatic),90.4,30,active,2024-03-01,
2040-VZIKE,Basic,Month-to-month,Monthly,Mailed check,100.85,49,active,2022-07-28,
9068-VPWQQ,Pro,Two year,Annual,Credit card (automatic),75.35,61,active,2021-07-19,
0178-SZBHO,Basic,Month-to-month,Monthly,Electronic check,87.2,47,active,2022-10-14,
0384-RVBPI,Basic,Month-to-month,Monthly,Credit card (automatic),64.4,20,active,2024-12-28,
1689-MRZQR,Basic,Month-to-month,Monthly,Electronic check,78.3,34,cancelled,2023-11-02,2026-07-21
1299-AURJA,Pro,Two year,Annual,Bank transfer (automatic),24.7,70,active,2020-10-30,
4525-VZCZG,Standard,One year,Annual,Electronic check,105.85,54,active,2022-03-16,
1543-LLLFT,Standard,One year,Annual,Mailed check,98.3,61,active,2021-08-17,
5835-BEQEU,Basic,Month-to-month,Monthly,Electronic check,76.95,3,cancelled,2026-05-30,2026-08-30
2788-CJQAQ,Standard,One year,Annual,Mailed check,19.45,13,active,2025-08-12,
5565-FILXA,Basic,Month-to-month,Monthly,Electronic check,96.15,16,cancelled,2025-04-29,2026-08-05
0319-QZTCO,Basic,Month-to-month,Monthly,Credit card (automatic),58.7,3,active,2026-06-17,
2120-SMPEX,Basic,Month-to-month,Monthly,Mailed check,20.15,25,active,2024-07-23,
0096-FCPUF,Basic,Month-to-month,Monthly,Mailed check,64.5,30,active,2024-03-08,
0668-OGMHD,Basic,Month-to-month,Monthly,Electronic check,28.5,21,active,2024-12-03,
5552-ZNFSJ,Basic,Month-to-month,Monthly,Electronic check,45.3,1,cancelled,2026-08-07,2026-08-14
2223-KAGMX,Basic,Month-to-month,Monthly,Bank transfer (automatic),19.4,15,cancelled,2025-06-05,2026-07-26
6507-ZJSUR,Basic,Month-to-month,Monthly,Electronic check,90.45,23,active,2024-10-01,
9408-HRXRK,Basic,Month-to-month,Monthly,Electronic check,105.15,45,active,2022-11-28,
5593-SUAOO,Standard,One year,Annual,Bank transfer (automatic),83.15,24,active,2024-08-27,
7321-PKUYW,Basic,Month-to-month,Monthly,Electronic check,90.15,11,cancelled,2025-09-18,2026-07-24
2833-SLKDQ,Basic,Month-to-month,Monthly,Mailed check,45.05,1,cancelled,2026-08-12,2026-08-05
6766-HFKLA,Pro,Two year,Annual,Bank transfer (automatic),103.2,56,active,2021-12-21,
7595-EUIVN,Basic,Month-to-month,Monthly,Electronic check,75.8,1,cancelled,2026-07-30,2026-08-21
7617-EYGLW,Basic,Month-to-month,Monthly,Electronic check,19.45,1,active,2026-08-08,
2026-TGDHM,Basic,Month-to-month,Monthly,Electronic check,79.3,7,cancelled,2026-01-19,2026-08-15
9220-ZNKJI,Pro,Two year,Annual,Credit card (automatic),88.8,55,active,2022-01-25,
4030-VPZBD,Basic,Month-to-month,Monthly,Electronic check,30.9,2,cancelled,2026-07-13,2026-08-08
2226-ICFDO,Pro,Two year,Annual,Credit card (automatic),85.9,72,active,2020-09-11,
0723-VSOBE,Standard,One year,Annual,Electronic check,34.2,45,active,2022-11-28,
5529-GIBVH,Pro,Two year,Annual,Mailed check,20.15,47,active,2022-09-26,
4187-CINZD,Standard,One year,Annual,Credit card (automatic),95.25,46,cancelled,2022-11-15,2026-07-30
9992-UJOEL,Basic,Month-to-month,Monthly,Mailed check,50.3,2,active,2026-06-30,
4741-WWJQZ,Basic,Month-to-month,Monthly,Electronic check,80.15,2,active,2026-07-03,
6625-UTXEW,Basic,Month-to-month,Monthly,Electronic check,51.25,12,active,2025-08-18,
6818-WOBHJ,Basic,Month-to-month,Monthly,Bank transfer (automatic),89.6,68,cancelled,2020-12-25,2026-09-02
6244-BESBM,Pro,Two year,Annual,Credit card (automatic),95.2,69,active,2020-11-19,
1004-NOZNR,Standard,One year,Annual,Credit card (automatic),94.8,56,active,2022-01-15,
1251-STYSZ,Basic,Month-to-month,Monthly,Electronic check,80.25,4,active,2026-04-26,
2612-PHGOX,Pro,Two year,Annual,Bank transfer (automatic),76.1,64,active,2021-05-07,
2408-TZMJL,Standard,One year,Annual,Electronic check,110.15,59,cancelled,2021-10-01,2026-07-26
8480-PPONV,Pro,Two year,Annual,Bank transfer (automatic),115.55,62,active,2021-06-21,
8780-IHCRN,Pro,Two year,Annual,Credit card (automatic),24.65,63,active,2021-05-22,
4598-ZADCK,Standard,One year,Annual,Electronic check,53.6,53,active,2022-04-11,
1257-SXUXQ,Basic,Month-to-month,Monthly,Mailed check,19.45,5,active,2026-04-10,
9681-KYGYB,Basic,Month-to-month,Monthly,Electronic check,88.2,49,active,2022-07-27,
7182-OVLBJ,Pro,Two year,Annual,Bank transfer (automatic),101.15,62,active,2021-06-21,
5095-ETBRJ,Pro,Two year,Annual,Mailed check,56.8,55,active,2022-01-28,
7005-CYUIL,Pro,Two year,Annual,Electronic check,99.4,71,active,2020-10-15,
4821-WQOYN,Pro,Two year,Annual,Credit card (automatic),20.1,72,active,2020-09-12,
4730-AWNAU,Standard,One year,Annual,Credit card (automatic),60.7,36,active,2023-08-26,
3452-FLHYD,Standard,One year,Annual,Bank transfer (automatic),20.95,25,active,2024-07-25,
2388-LAESQ,Pro,Two year,Annual,Bank transfer (automatic),114.85,72,active,2020-08-21,
9531-NSBMR,Standard,One year,Annual,Bank transfer (automatic),19.25,36,active,2023-09-02,
6260-ONULR,Basic,Month-to-month,Monthly,Mailed check,62.8,1,active,2026-08-05,
4389-UEFCZ,Pro,Two year,Annual,Electronic check,105.5,72,active,2020-09-13,
8711-LOBKY,Pro,Two year,Annual,Mailed check,19.85,59,active,2021-09-24,
9134-CEQMF,Basic,Month-to-month,Monthly,Electronic check,89.5,7,cancelled,2026-01-18,2026-07-30
8985-OOPOS,Standard,One year,Annual,Credit card (automatic),74.1,1,active,2026-08-16,
8800-ZKRFW,Basic,Month-to-month,Monthly,Electronic check,107.5,30,active,2024-03-03,
2616-FLVQC,Pro,Two year,Annual,Mailed check,19.55,64,active,2021-05-07,
9968-FFVVH,Standard,One year,Annual,Bank transfer (automatic),68.8,63,active,2021-05-26,
3108-PCCGG,Pro,Two year,Annual,Credit card (automatic),84.45,72,active,2020-08-25,
7993-PYKOF,Basic,Month-to-month,Monthly,Electronic check,75.0,8,cancelled,2026-01-10,2026-09-10
8390-FESFV,Pro,Two year,Annual,Bank transfer (automatic),84.5,62,active,2021-06-19,
3022-BEXHZ,Pro,Two year,Annual,Bank transfer (automatic),111.2,67,active,2021-02-11,
5027-XWQHA,Basic,Month-to-month,Monthly,Electronic check,44.75,6,cancelled,2026-02-23,2026-08-31
6248-TKCQV,Pro,Two year,Annual,Bank transfer (automatic),80.6,70,active,2020-10-25,
6729-GDNGC,Basic,Month-to-month,Monthly,Bank transfer (automatic),80.7,20,active,2025-01-12,
6198-ZFIOJ,Basic,Month-to-month,Monthly,Electronic check,75.6,5,active,2026-03-28,
5989-OMNJE,Standard,One year,Annual,Electronic check,57.6,24,active,2024-09-08,
4566-QVRRW,Basic,Month-to-month,Monthly,Electronic check,44.05,11,cancelled,2025-10-09,2026-09-02
1291-CUOCY,Pro,Two year,Annual,Credit card (automatic),110.6,72,active,2020-09-14,
9795-SHUHB,Pro,Two year,Annual,Credit card (automatic),58.2,66,active,2021-02-23,
3230-IUALN,Pro,Two year,Annual,Mailed check,81.0,45,active,2022-11-23,
0042-RLHYP,Pro,Two year,Annual,Bank transfer (automatic),19.7,69,active,2020-12-01,
8519-IMDHU,Basic,Month-to-month,Monthly,Bank transfer (automatic),85.6,15,cancelled,2025-05-25,2026-08-12
4945-RVMTE,Basic,Month-to-month,Monthly,Bank transfer (automatic),59.55,28,active,2024-05-07,
0201-OAMXR,Standard,One year,Annual,Credit card (automatic),115.55,70,cancelled,2020-10-31,2026-09-03
1866-NXPSP,Standard,One year,Annual,Mailed check,75.55,36,active,2023-08-25,
3372-KWFBM,Basic,Month-to-month,Monthly,Electronic check,86.6,16,cancelled,2025-05-05,2026-08-29
7831-QGOXH,Basic,Month-to-month,Monthly,Electronic check,85.2,18,cancelled,2025-02-28,2026-09-04
6393-WRYZE,Basic,Month-to-month,Monthly,Electronic check,97.65,34,cancelled,2023-11-13,2026-09-12
3941-XTSKM,Standard,One year,Annual,Credit card (automatic),45.1,42,active,2023-03-03,
1661-CZBAU,Standard,One year,Annual,Bank transfer (automatic),70.95,48,active,2022-08-22,
6599-RCLCJ,Basic,Month-to-month,Monthly,Electronic check,109.55,47,cancelled,2022-09-24,2026-08-19
9831-BPFRI,Standard,One year,Annual,Electronic check,89.55,39,cancelled,2023-06-08,2026-08-28
5158-RIVOP,Pro,Two year,Annual,Credit card (automatic),20.9,11,active,2025-10-01,
9788-YTFGE,Basic,Month-to-month,Monthly,Mailed check,19.95,7,active,2026-01-28,
9277-JOOMO,Basic,Month-to-month,Monthly,Mailed check,24.6,3,active,2026-05-20,
1907-YLNYW,Basic,Month-to-month,Monthly,Electronic check,66.7,8,active,2025-12-23,
1725-MIMXW,Basic,Month-to-month,Monthly,Mailed check,19.45,1,cancelled,2026-07-24,2026-08-17
8947-YRTDV,Standard,One year,Annual,Mailed check,94.8,32,active,2023-12-25,
3161-ONRWK,Standard,One year,Annual,Bank transfer (automatic),65.85,60,active,2021-09-06,
0114-RSRRW,Basic,Month-to-month,Monthly,Bank transfer (automatic),19.95,10,active,2025-11-05,
4565-NLZBV,Pro,Two year,Annual,Bank transfer (automatic),24.65,71,active,2020-10-03,
0031-PVLZI,Basic,Month-to-month,Monthly,Mailed check,20.35,4,cancelled,2026-05-06,2026-09-03
7206-GZCDC,Basic,Month-to-month,Monthly,Electronic check,69.25,1,cancelled,2026-07-20,2026-08-30
6682-VCIXC,Standard,One year,Annual,Bank transfer (automatic),51.25,43,active,2023-01-21,
4791-QRGMF,Standard,One year,Annual,Bank transfer (automatic),99.5,59,cancelled,2021-09-21,2026-07-25
6475-VHUIZ,Basic,Month-to-month,Monthly,Electronic check,54.25,23,active,2024-09-28,
3910-MRQOY,Pro,Two year,Annual,Bank transfer (automatic),19.4,72,active,2020-09-11,
0661-WCQNQ,Standard,One year,Annual,Credit card (automatic),56.25,22,active,2024-11-12,
7537-RBWEA,Basic,Month-to-month,Monthly,Mailed check,25.15,1,active,2026-08-09,
4656-CAURT,Pro,Two year,Annual,Bank transfer (automatic),23.95,69,active,2020-11-27,
0121-SNYRK,Standard,One year,Annual,Mailed check,35.4,50,active,2022-07-07,
1768-ZAIFU,Basic,Month-to-month,Monthly,Electronic check,25.2,1,cancelled,2026-07-29,2026-07-30
4671-LXRDQ,Basic,Month-to-month,Monthly,Mailed check,45.0,2,cancelled,2026-06-22,2026-08-31
3733-LSYCE,Basic,Month-to-month,Monthly,Bank transfer (automatic),75.35,15,active,2025-06-07,
6265-FRMTQ,Pro,Two year,Annual,Bank transfer (automatic),20.4,31,active,2024-01-20,
1934-SJVJK,Basic,Month-to-month,Monthly,Mailed check,20.15,1,cancelled,2026-08-02,2026-09-06
3838-OZURD,Basic,Month-to-month,Monthly,Credit card (automatic),105.0,66,cancelled,2021-02-21,2026-07-20
1371-DWPAZ,Pro,Two year,Annual,Credit card (automatic),56.05,0,active,2026-09-15,
9269-CQOOL,Basic,Month-to-month,Monthly,Credit card (automatic),54.7,3,cancelled,2026-06-09,2026-08-06
2017-CCBLH,Pro,Two year,Annual,Mailed check,20.0,8,active,2025-12-20,
7690-KPNCU,Standard,One year,Annual,Credit card (automatic),73.05,64,active,2021-04-21,
0536-BGFMZ,Basic,Month-to-month,Monthly,Mailed check,20.5,28,active,2024-04-30,
2293-IJWPS,Standard,One year,Annual,Credit card (automatic),100.75,57,active,2021-12-16,
2845-HSJCY,Basic,Month-to-month,Monthly,Electronic check,87.25,14,cancelled,2025-07-16,2026-08-17
5469-NUJUR,Pro,Two year,Annual,Mailed check,19.95,19,active,2025-02-03,
1184-PJVDB,Basic,Month-to-month,Monthly,Electronic check,79.95,10,cancelled,2025-10-21,2026-08-05
2625-TRCZQ,Basic,Month-to-month,Monthly,Electronic check,49.65,51,active,2022-06-06,
4102-HLENU,Pro,Two year,Annual,Mailed check,65.65,67,active,2021-01-20,
7266-GSSJX,Basic,Month-to-month,Monthly,Electronic check,20.45,11,active,2025-10-01,
7722-VJRQD,Pro,Two year,Annual,Bank transfer (automatic),60.95,72,active,2020-09-12,
7073-QETQY,Standard,One year,Annual,Electronic check,20.35,66,active,2021-03-01,
9415-DPEWS,Basic,Month-to-month,Monthly,Electronic check,88.35,18,cancelled,2025-03-08,2026-09-02
5624-RYAMH,Basic,Month-to-month,Monthly,Electronic check,19.5,9,active,2025-12-11,
0196-JTUQI,Basic,Month-to-month,Monthly,Credit card (automatic),75.2,9,active,2025-11-27,
7130-YXBRO,Basic,Month-to-month,Monthly,Bank transfer (automatic),111.45,48,active,2022-09-10,
9272-LSVYH,Basic,Month-to-month,Monthly,Mailed check,70.15,10,active,2025-10-20,
7943-RQCHR,Basic,Month-to-month,Monthly,Electronic check,94.75,9,cancelled,2025-11-23,2026-08-21
3793-MMFUH,Basic,Month-to-month,Monthly,Electronic check,95.05,13,cancelled,2025-07-25,2026-08-23
3249-ZPQRG,Basic,Month-to-month,Monthly,Electronic check,78.45,4,cancelled,2026-05-16,2026-08-04
2568-BRGYX,Basic,Month-to-month,Monthly,Electronic check,70.2,4,cancelled,2026-04-20,2026-09-05
3084-DOWLE,Pro,Two year,Annual,Bank transfer (automatic),92.0,72,active,2020-09-02,
1084-MNSMJ,Pro,Two year,Annual,Credit card (automatic),85.5,51,active,2022-05-27,
7721-JXEAW,Basic,Month-to-month,Monthly,Bank transfer (automatic),41.05,59,cancelled,2021-10-12,2026-08-18
7249-WBIYX,Basic,Month-to-month,Monthly,Electronic check,85.6,10,cancelled,2025-10-24,2026-07-28
4238-HFHSN,Basic,Month-to-month,Monthly,Electronic check,82.15,61,active,2021-08-08,
6250-CGGUN,Standard,One year,Annual,Electronic check,84.4,54,active,2022-02-25,
5478-JJVZK,Basic,Month-to-month,Monthly,Mailed check,60.9,33,active,2023-12-09,
7596-IIWYC,Pro,Two year,Annual,Bank transfer (automatic),20.25,27,active,2024-05-21,
6567-HOOPW,Basic,Month-to-month,Monthly,Electronic check,79.2,1,cancelled,2026-07-27,2026-09-04
9793-WECQC,Basic,Month-to-month,Monthly,Mailed check,95.3,23,active,2024-10-03,
4291-HPAXL,Basic,Month-to-month,Monthly,Mailed check,19.85,1,active,2026-08-04,
8999-YPYBV,Pro,Two year,Annual,Mailed check,84.35,45,active,2022-12-17,
1839-FBNFR,Pro,Two year,Annual,Bank transfer (automatic),19.85,39,active,2023-06-09,
3164-AALRN,Standard,One year,Annual,Mailed check,70.0,5,cancelled,2026-03-25,2026-09-08
3071-MVJCD,Pro,Two year,Annual,Bank transfer (automatic),82.3,72,active,2020-08-23,
1697-BCSHV,Basic,Month-to-month,Monthly,Bank transfer (automatic),66.8,58,active,2021-10-18,
0562-KBDVM,Pro,Two year,Annual,Bank transfer (automatic),44.6,70,active,2020-11-14,
1131-SUEKT,Standard,One year,Annual,Bank transfer (automatic),98.45,61,active,2021-08-10,
3717-OEAUQ,Basic,Month-to-month,Monthly,Mailed check,70.7,2,active,2026-06-26,
4538-WNTMJ,Standard,One year,Annual,Mailed check,24.95,46,active,2022-11-06,
3334-CTHOL,Basic,Month-to-month,Monthly,Bank transfer (automatic),49.95,1,cancelled,2026-08-10,2026-07-29
4704-ERYFC,Basic,Month-to-month,Monthly,Electronic check,69.25,22,cancelled,2024-11-08,2026-07-26
9432-RUVSL,Pro,Two year,Annual,Credit card (automatic),102.5,48,active,2022-08-20,
8060-HIWJJ,Pro,Two year,Annual,Credit card (automatic),86.55,64,active,2021-04-22,
7684-XSZIY,Pro,Two year,Annual,Bank transfer (automatic),24.3,72,active,2020-09-16,
9089-UOWJG,Basic,Month-to-month,Monthly,Credit card (automatic),58.35,12,active,2025-08-22,
8621-MNIHH,Basic,Month-to-month,Monthly,Electronic check,94.25,34,cancelled,2023-11-01,2026-08-21
8039-ACLPL,Pro,Two year,Annual,Credit card (automatic),68.75,72,active,2020-08-22,
9885-AIBVB,Basic,Month-to-month,Monthly,Electronic check,85.8,29,active,2024-03-30,
1934-MKPXS,Standard,One year,Annual,Credit card (automatic),20.1,33,active,2023-11-27,
2592-YKDIF,Basic,Month-to-month,Monthly,Mailed check,20.35,1,active,2026-07-31,
2272-JKMSI,Standard,One year,Annual,Electronic check,110.8,62,active,2021-06-25,
0471-LVHGK,Standard,One year,Annual,Electronic check,73.0,41,cancelled,2023-03-24,2026-09-13
9518-RWHZL,Standard,One year,Annual,Credit card (automatic),100.05,64,cancelled,2021-05-02,2026-08-15
8714-CTZJW,Basic,Month-to-month,Monthly,Credit card (automatic),82.85,4,active,2026-05-15,
3569-EDBPQ,Basic,Month-to-month,Monthly,Electronic check,84.35,24,active,2024-09-14,
3131-NWVFJ,Standard,One year,Annual,Mailed check,19.55,14,active,2025-07-05,
7521-YXVZY,Basic,Month-to-month,Monthly,Mailed check,19.95,3,active,2026-06-03,
5419-CONWX,Basic,Month-to-month,Monthly,Credit card (automatic),99.8,4,cancelled,2026-04-23,2026-08-29
6240-EURKS,Basic,Month-to-month,Monthly,Electronic check,35.0,18,cancelled,2025-03-18,2026-08-12
2373-NTKOD,Basic,Month-to-month,Monthly,Electronic check,66.25,8,active,2025-12-21,
1970-KKFWL,Pro,Two year,Annual,Bank transfer (automatic),23.3,35,active,2023-10-16,
6960-HVYXR,Basic,Month-to-month,Monthly,Electronic check,76.0,1,cancelled,2026-08-03,2026-09-07
9337-SRRNI,Pro,Two year,Annual,Credit card (automatic),25.3,66,active,2021-03-05,
0895-UADGO,Pro,Two year,Annual,Mailed check,44.55,8,active,2025-12-31,
5678-VFNEQ,Standard,One year,Annual,Credit card (automatic),104.1,71,active,2020-10-15,
5977-CKHON,Basic,Month-to-month,Monthly,Bank transfer (automatic),92.55,43,active,2023-01-25,
7024-OHCCK,Basic,Month-to-month,Monthly,Electronic check,93.85,2,cancelled,2026-07-14,2026-07-30
2692-BUCFV,Basic,Month-to-month,Monthly,Bank transfer (automatic),101.45,29,active,2024-03-25,
7861-UVUFT,Basic,Month-to-month,Monthly,Electronic check,84.3,15,cancelled,2025-05-31,2026-08-06
1830-GGFNM,Pro,Two year,Annual,Credit card (automatic),94.55,65,active,2021-03-22,
5302-BDJNT,Basic,Month-to-month,Monthly,Electronic check,95.5,35,active,2023-09-18,
5223-UZAVK,Standard,One year,Annual,Credit card (automatic),100.3,64,active,2021-04-22,
4859-ZSRDZ,Pro,Two year,Annual,Credit card (automatic),55.5,58,active,2021-11-03,
5651-WYIPH,Basic,Month-to-month,Monthly,Credit card (automatic),49.85,18,active,2025-03-06,
9350-VLHMB,Basic,Month-to-month,Monthly,Bank transfer (automatic),89.55,67,active,2021-01-27,
3498-LZGQZ,Pro,Two year,Annual,Mailed check,19.15,63,active,2021-05-29,
8785-CJSHH,Basic,Month-to-month,Monthly,Electronic check,99.8,60,active,2021-08-24,
5357-TZHPP,Basic,Month-to-month,Monthly,Credit card (automatic),84.4,9,cancelled,2025-12-03,2026-08-08
3870-SPZSI,Pro,Two year,Annual,Credit card (automatic),113.05,70,active,2020-11-03,
0680-DFNNY,Basic,Month-to-month,Monthly,Electronic check,101.1,15,cancelled,2025-06-14,2026-08-16
7560-QRBXH,Standard,One year,Annual,Mailed check,19.95,48,active,2022-09-11,
7077-XJMET,Basic,Month-to-month,Monthly,Electronic check,74.15,12,active,2025-08-23,
8752-GHJFU,Standard,One year,Annual,Electronic check,92.0,71,active,2020-09-17,
6896-SRVYQ,Basic,Month-to-month,Monthly,Electronic check,73.85,44,active,2022-12-29,
7767-UXAGJ,Basic,Month-to-month,Monthly,Electronic check,50.45,1,cancelled,2026-08-07,2026-09-03
4652-ODEVH,Pro,Two year,Annual,Mailed check,24.45,45,active,2022-12-16,
6510-UPNKS,Standard,One year,Annual,Credit card (automatic),24.8,23,active,2024-10-15,
6718-BDGHG,Standard,One year,Annual,Bank transfer (automatic),64.85,43,active,2023-01-27,
9046-DQMTP,Basic,Month-to-month,Monthly,Bank transfer (automatic),20.75,35,active,2023-09-28,
6439-LAJXL,Basic,Month-to-month,Monthly,Mailed check,68.95,9,active,2025-12-09,
1571-SAVHK,Basic,Month-to-month,Monthly,Mailed check,99.95,12,cancelled,2025-09-11,2026-07-22
9052-VKDUW,Basic,Month-to-month,Monthly,Credit card (automatic),109.4,65,active,2021-04-15,
9546-CQJSU,Basic,Month-to-month,Monthly,Electronic check,91.4,2,cancelled,2026-06-28,2026-08-31
1666-JZPZT,Basic,Month-to-month,Monthly,Mailed check,49.0,27,active,2024-05-30,
5777-KJIRB,Standard,One year,Annual,Mailed check,50.25,40,active,2023-05-09,
0506-LVNGN,Basic,Month-to-month,Monthly,Credit card (automatic),75.55,5,cancelled,2026-03-27,2026-08-25
7677-SJJJK,Standard,One year,Annual,Credit card (automatic),19.9,8,active,2025-12-22,
2480-EJWYP,Standard,One year,Annual,Bank transfer (automatic),97.8,58,active,2021-11-01,
3253-HKOKL,Standard,One year,Annual,Electronic check,100.3,52,active,2022-05-11,
7055-HNEOJ,Basic,Month-to-month,Monthly,Mailed check,55.8,3,active,2026-06-17,
5514-YQENT,Pro,Two year,Annual,Electronic check,111.15,41,active,2023-03-25,
3211-AAPKX,Basic,Month-to-month,Monthly,Mailed check,98.55,20,active,2024-12-30,
8445-DNBAE,Basic,Month-to-month,Monthly,Electronic check,50.05,1,active,2026-08-07,
2951-QOQTK,Basic,Month-to-month,Monthly,Credit card (automatic),80.8,4,cancelled,2026-05-18,2026-07-23
2958-NHPPS,Basic,Month-to-month,Monthly,Electronic check,20.85,23,active,2024-09-22,
6806-YDEUL,Basic,Month-to-month,Monthly,Bank transfer (automatic),19.5,6,active,2026-02-19,
1735-XMJVH,Basic,Month-to-month,Monthly,Mailed check,19.35,8,active,2026-01-02,
6890-PFRQX,Basic,Month-to-month,Monthly,Mailed check,69.5,18,active,2025-03-10,
0222-CNVPT,Basic,Month-to-month,Monthly,Credit card (automatic),48.8,52,active,2022-04-30,
5899-OUVKV,Basic,Month-to-month,Monthly,Electronic check,94.5,31,active,2024-01-21,
8681-ICONS,Basic,Month-to-month,Monthly,Mailed check,20.65,29,active,2024-03-31,
1621-YNCJH,Pro,Two year,Annual,Credit card (automatic),106.05,36,active,2023-09-17,
3473-XIIIT,Basic,Month-to-month,Monthly,Electronic check,100.0,16,cancelled,2025-05-12,2026-09-13
6362-QHAFM,Standard,One year,Annual,Electronic check,108.3,42,active,2023-03-16,
7893-IXHRQ,Basic,Month-to-month,Monthly,Electronic check,20.55,1,cancelled,2026-08-05,2026-09-08
3070-BDOQC,Pro,Two year,Annual,Electronic check,99.65,60,active,2021-09-03,
2952-QAYZF,Basic,Month-to-month,Monthly,Electronic check,85.3,5,cancelled,2026-04-01,2026-08-02
6234-PFPXL,Basic,Month-to-month,Monthly,Credit card (automatic),95.9,22,active,2024-10-25,
9824-QCJPK,Standard,One year,Annual,Mailed check,20.0,36,active,2023-09-14,
4763-PGDPO,Basic,Month-to-month,Monthly,Electronic check,70.4,4,cancelled,2026-04-20,2026-08-25
4283-IVYCI,Basic,Month-to-month,Monthly,Mailed check,64.95,9,active,2025-12-10,
1866-OBPNR,Basic,Month-to-month,Monthly,Credit card (automatic),74.6,1,active,2026-08-02,
8205-MQUGY,Basic,Month-to-month,Monthly,Electronic check,49.2,12,active,2025-09-10,
8970-ANWXO,Standard,One year,Annual,Mailed check,73.75,23,active,2024-10-06,
9480-BQJEI,Standard,One year,Annual,Bank transfer (automatic),92.3,62,active,2021-06-23,
5394-SVGJV,Basic,Month-to-month,Monthly,Bank transfer (automatic),98.8,37,cancelled,2023-08-16,2026-08-12
6979-TNDEU,Basic,Month-to-month,Monthly,Mailed check,19.2,8,active,2026-01-02,
9777-WJJPR,Basic,Month-to-month,Monthly,Credit card (automatic),88.65,31,active,2024-01-30,
9283-LZQOH,Basic,Month-to-month,Monthly,Credit card (automatic),74.4,13,cancelled,2025-07-31,2026-08-12
7079-QRCBC,Basic,Month-to-month,Monthly,Electronic check,98.75,24,cancelled,2024-09-05,2026-07-29
9495-SKLKD,Basic,Month-to-month,Monthly,Bank transfer (automatic),95.95,45,active,2022-12-06,
6048-UWKAL,Pro,Two year,Annual,Credit card (automatic),105.4,69,active,2020-11-19,
5067-DGXLL,Basic,Month-to-month,Monthly,Mailed check,20.25,2,active,2026-07-11,
5469-CTCWN,Standard,One year,Annual,Electronic check,106.0,61,cancelled,2021-08-03,2026-08-10
9851-QXEEQ,Basic,Month-to-month,Monthly,Electronic check,104.7,41,cancelled,2023-04-07,2026-08-21
6281-FKEWS,Standard,One year,Annual,Electronic check,49.05,44,active,2022-12-25,
8898-KASCD,Standard,One year,Annual,Mailed check,35.55,39,active,2023-05-24,
9242-TKFSV,Pro,Two year,Annual,Credit card (automatic),65.1,72,active,2020-08-22,
9290-SHCMB,Basic,Month-to-month,Monthly,Electronic check,96.85,13,active,2025-08-15,
0743-HNPFG,Standard,One year,Annual,Credit card (automatic),69.75,51,active,2022-06-15,
2277-BKJKN,Pro,Two year,Annual,Electronic check,99.2,71,active,2020-10-05,
9809-IMGCQ,Basic,Month-to-month,Monthly,Electronic check,96.7,22,cancelled,2024-11-03,2026-08-14
5208-HFSBT,Basic,Month-to-month,Monthly,Credit card (automatic),55.05,2,cancelled,2026-07-17,2026-08-03
5035-PGZXH,Standard,One year,Annual,Electronic check,106.8,56,active,2021-12-21,
8695-WDYEA,Basic,Month-to-month,Monthly,Mailed check,51.25,1,active,2026-07-22,
6543-JXSOO,Standard,One year,Annual,Mailed check,57.75,23,active,2024-10-04,
8016-ZMGMO,Standard,One year,Annual,Bank transfer (automatic),70.85,66,active,2021-02-22,
8605-ITULD,Basic,Month-to-month,Monthly,Mailed check,19.55,1,active,2026-08-01,
3254-YRILK,Basic,Month-to-month,Monthly,Electronic check,88.2,19,cancelled,2025-01-27,2026-08-24
6416-YJTTB,Basic,Month-to-month,Monthly,Bank transfer (automatic),79.5,11,active,2025-09-21,
2667-WYLWJ,Standard,One year,Annual,Mailed check,19.75,8,cancelled,2026-01-14,2026-09-05
4472-VESGY,Basic,Month-to-month,Monthly,Bank transfer (automatic),98.15,52,active,2022-05-12,
3195-TQDZX,Basic,Month-to-month,Monthly,Electronic check,20.25,3,active,2026-06-05,
3128-YOVTD,Basic,Month-to-month,Monthly,Bank transfer (automatic),79.15,51,active,2022-05-22,
0529-ONKER,Basic,Month-to-month,Monthly,Electronic check,75.65,15,cancelled,2025-05-31,2026-08-18
1728-CXQBE,Basic,Month-to-month,Monthly,Electronic check,94.25,64,active,2021-05-06,
7041-TXQJH,Basic,Month-to-month,Monthly,Credit card (automatic),40.2,37,active,2023-08-17,
5014-GSOUQ,Pro,Two year,Annual,Mailed check,19.95,13,active,2025-07-31,
5724-BIDBU,Standard,One year,Annual,Electronic check,55.35,49,active,2022-08-09,
0481-SUMCB,Standard,One year,Annual,Bank transfer (automatic),102.15,45,active,2022-12-08,
1769-GRUIK,Basic,Month-to-month,Monthly,Electronic check,71.1,18,active,2025-02-17,
5240-IJOQT,Basic,Month-to-month,Monthly,Electronic check,74.7,1,cancelled,2026-08-02,2026-07-19
8819-WFGGJ,Pro,Two year,Annual,Bank transfer (automatic),54.1,68,active,2021-01-12,
7427-AUFPY,Pro,Two year,Annual,Credit card (automatic),19.65,54,active,2022-03-17,
2811-POVEX,Basic,Month-to-month,Monthly,Bank transfer (automatic),88.45,23,active,2024-10-05,
1092-GANHU,Basic,Month-to-month,Monthly,Electronic check,76.65,17,cancelled,2025-04-16,2026-09-09
7898-PDWQE,Pro,Two year,Annual,Credit card (automatic),80.4,71,active,2020-10-04,
9972-EWRJS,Pro,Two year,Annual,Bank transfer (automatic),19.25,67,active,2021-02-03,
9314-IJWSQ,Basic,Month-to-month,Monthly,Electronic check,84.8,14,active,2025-06-21,
0661-XEYAN,Basic,Month-to-month,Monthly,Mailed check,25.8,1,cancelled,2026-08-07,2026-09-05
5799-JRCZO,Pro,Two year,Annual,Credit card (automatic),19.5,63,active,2021-06-09,
1921-KYSAY,Standard,One year,Annual,Electronic check,68.6,41,active,2023-03-30,
6198-RTPMF,Basic,Month-to-month,Monthly,Electronic check,92.6,17,active,2025-03-29,
2924-KHUVI,Standard,One year,Annual,Electronic check,100.55,56,active,2022-01-15,
1925-GMVBW,Basic,Month-to-month,Monthly,Credit card (automatic),20.55,5,active,2026-04-15,
7881-EVUAD,Basic,Month-to-month,Monthly,Electronic check,42.6,2,cancelled,2026-07-13,2026-07-19
6184-DYUOB,Basic,Month-to-month,Monthly,Mailed check,19.6,3,active,2026-05-25,
9207-ZPANB,Standard,One year,Annual,Electronic check,67.45,37,active,2023-08-11,
5766-XQXMQ,Basic,Month-to-month,Monthly,Bank transfer (automatic),68.85,29,cancelled,2024-03-19,2026-07-29
9327-QSDED,Basic,Month-to-month,Monthly,Mailed check,43.55,8,active,2026-01-03,
1656-DRSMG,Basic,Month-to-month,Monthly,Credit card (automatic),109.85,63,active,2021-05-20,
3012-VFFMN,Basic,Month-to-month,Monthly,Mailed check,20.65,7,active,2026-02-08,
2984-AFWNC,Basic,Month-to-month,Monthly,Electronic check,95.4,3,active,2026-06-05,
0640-YJTPY,Pro,Two year,Annual,Bank transfer (automatic),21.0,72,active,2020-09-12,
8096-LOIST,Basic,Month-to-month,Monthly,Electronic check,56.2,19,active,2025-01-21,
9764-REAFF,Pro,Two year,Annual,Bank transfer (automatic),18.4,59,active,2021-09-30,
3703-VAVCL,Basic,Month-to-month,Monthly,Credit card (automatic),90.0,2,cancelled,2026-07-16,2026-09-09
7107-UBYKY,Basic,Month-to-month,Monthly,Electronic check,25.75,35,active,2023-09-25,
4881-GQJTW,Basic,Month-to-month,Monthly,Credit card (automatic),19.6,14,active,2025-06-21,
8519-QJGJD,Basic,Month-to-month,Monthly,Electronic check,75.35,14,cancelled,2025-06-27,2026-09-03
7876-DNYAP,Pro,Two year,Annual,Credit card (automatic),19.8,69,active,2020-11-22,
7905-NJMXS,Basic,Month-to-month,Monthly,Electronic check,64.2,7,active,2026-02-07,
2882-WDTBA,Pro,Two year,Annual,Bank transfer (automatic),75.75,69,active,2020-12-04,
2091-GPPIQ,Pro,Two year,Annual,Electronic check,78.95,72,active,2020-08-22,
6326-MTTXK,Basic,Month-to-month,Monthly,Electronic check,100.85,8,cancelled,2025-12-29,2026-08-06
5071-FBJFS,Basic,Month-to-month,Monthly,Electronic check,50.3,4,active,2026-04-30,
2796-UUZZO,Basic,Month-to-month,Monthly,Credit card (automatic),80.3,63,active,2021-05-25,
2429-AYKKO,Pro,Two year,Annual,Bank transfer (automatic),19.85,72,active,2020-08-29,
9798-OPFEM,Pro,Two year,Annual,Electronic check,21.1,46,active,2022-11-13,
0330-IVZHA,Basic,Month-to-month,Monthly,Electronic check,69.95,5,cancelled,2026-04-11,2026-07-31
3794-NFNCH,Basic,Month-to-month,Monthly,Mailed check,50.0,30,active,2024-02-23,
5193-QLVZB,Pro,Two year,Annual,Bank transfer (automatic),104.75,63,active,2021-06-10,
7114-AEOZE,Pro,Two year,Annual,Bank transfer (automatic),19.85,60,active,2021-08-28,
2886-KEFUM,Standard,One year,Annual,Electronic check,107.5,63,cancelled,2021-06-03,2026-08-03
5522-NYKPB,Basic,Month-to-month,Monthly,Electronic check,85.9,25,active,2024-07-29,
4237-RLAQD,Basic,Month-to-month,Monthly,Mailed check,45.85,1,cancelled,2026-08-10,2026-07-27
9957-YODKZ,Basic,Month-to-month,Monthly,Electronic check,80.8,6,active,2026-03-09,
6518-KZXCB,Pro,Two year,Annual,Mailed check,25.25,22,active,2024-10-27,
2245-ADZFJ,Pro,Two year,Annual,Bank transfer (automatic),80.55,31,active,2024-02-11,
7776-QGYJC,Basic,Month-to-month,Monthly,Bank transfer (automatic),81.5,39,active,2023-06-08,
9313-QOLTZ,Basic,Month-to-month,Monthly,Mailed check,20.9,26,active,2024-06-18,
9651-GTSAQ,Standard,One year,Annual,Bank transfer (automatic),106.1,53,cancelled,2022-04-13,2026-08-17
3186-BAXNB,Basic,Month-to-month,Monthly,Electronic check,91.7,1,cancelled,2026-07-31,2026-07-26
4672-FOTSD,Basic,Month-to-month,Monthly,Electronic check,67.25,12,active,2025-09-12,
0637-YLETY,Basic,Month-to-month,Monthly,Credit card (automatic),95.6,16,cancelled,2025-04-26,2026-08-11
9818-XQCUV,Basic,Month-to-month,Monthly,Mailed check,20.35,2,active,2026-07-15,
7338-ERIVA,Standard,One year,Annual,Bank transfer (automatic),45.05,39,active,2023-05-31,
1157-BQCUW,Basic,Month-to-month,Monthly,Electronic check,74.95,1,cancelled,2026-08-04,2026-08-18
8259-NFJTV,Basic,Month-to-month,Monthly,Mailed check,34.65,7,active,2026-01-26,
3223-DWFIO,Basic,Month-to-month,Monthly,Electronic check,69.35,4,active,2026-05-18,
2660-EMUBI,Basic,Month-to-month,Monthly,Electronic check,95.35,10,cancelled,2025-11-01,2026-08-09
6968-GMKPR,Basic,Month-to-month,Monthly,Electronic check,81.55,55,active,2022-01-30,
4751-ERMAN,Pro,Two year,Annual,Bank transfer (automatic),75.4,72,active,2020-09-09,
1436-ZMJAN,Basic,Month-to-month,Monthly,Credit card (automatic),67.8,10,active,2025-11-08,
3292-PBZEJ,Basic,Month-to-month,Monthly,Electronic check,111.4,11,active,2025-09-26,
0799-DDIHE,Basic,Month-to-month,Monthly,Electronic check,46.3,15,active,2025-06-01,
3070-FNFZQ,Pro,Two year,Annual,Bank transfer (automatic),20.4,23,active,2024-09-29,
2812-SFXMJ,Basic,Month-to-month,Monthly,Mailed check,20.05,1,active,2026-07-20,
7675-OZCZG,Basic,Month-to-month,Monthly,Electronic check,45.0,3,cancelled,2026-06-05,2026-08-21
5014-WUQMG,Standard,One year,Annual,Electronic check,96.1,47,active,2022-09-21,
5312-TSZVC,Standard,One year,Annual,Mailed check,19.65,15,active,2025-05-19,
2003-CKLOR,Basic,Month-to-month,Monthly,Electronic check,99.5,66,cancelled,2021-02-28,2026-08-11
0993-OSGPT,Standard,One year,Annual,Bank transfer (automatic),60.65,68,active,2021-01-10,
9254-RBFON,Standard,One year,Annual,Bank transfer (automatic),98.6,17,cancelled,2025-04-05,2026-07-28
1205-WNWPJ,Basic,Month-to-month,Monthly,Mailed check,59.5,7,cancelled,2026-02-14,2026-07-21
9391-EOYLI,Basic,Month-to-month,Monthly,Electronic check,80.45,12,cancelled,2025-08-27,2026-08-12
7108-DGVUU,Standard,One year,Annual,Bank transfer (automatic),71.7,21,active,2024-12-08,
2782-JEEBU,Basic,Month-to-month,Monthly,Mailed check,36.0,21,active,2024-11-19,
5127-BZENZ,Standard,One year,Annual,Bank transfer (automatic),65.2,56,active,2021-12-28,
2720-FVBQP,Basic,Month-to-month,Monthly,Credit card (automatic),48.95,6,active,2026-03-04,
9906-NHHVC,Pro,Two year,Annual,Bank transfer (automatic),53.5,65,active,2021-04-12,
4522-XRWWI,Standard,One year,Annual,Credit card (automatic),80.45,42,active,2023-03-16,
3766-EJLFL,Pro,Two year,Annual,Bank transfer (automatic),109.05,68,active,2020-12-27,
5939-SXWHM,Pro,Two year,Annual,Bank transfer (automatic),26.3,48,active,2022-08-25,
8152-UOBNY,Standard,One year,Annual,Electronic check,106.8,50,active,2022-07-10,
7351-KYHQH,Basic,Month-to-month,Monthly,Electronic check,64.95,7,active,2026-02-15,
7643-RCHXS,Pro,Two year,Annual,Electronic check,19.35,63,active,2021-06-08,
8246-SHFGA,Basic,Month-to-month,Monthly,Credit card (automatic),21.1,17,active,2025-03-26,
8387-MOJJT,Basic,Month-to-month,Monthly,Credit card (automatic),77.95,42,cancelled,2023-03-01,2026-09-15
0620-XEFWH,Basic,Month-to-month,Monthly,Mailed check,18.85,4,active,2026-05-16,
6485-QXWWE,Pro,Two year,Annual,Bank transfer (automatic),26.0,62,active,2021-07-14,
2761-OCIAX,Basic,Month-to-month,Monthly,Electronic check,74.7,2,cancelled,2026-07-15,2026-08-10
7321-VGNKU,Basic,Month-to-month,Monthly,Electronic check,70.35,2,active,2026-06-26,
5327-CNLUQ,Pro,Two year,Annual,Bank transfer (automatic),96.9,48,active,2022-08-24,
7552-KEYGT,Pro,Two year,Annual,Bank transfer (automatic),19.55,27,active,2024-06-05,
5816-JMLGY,Pro,Two year,Annual,Bank transfer (automatic),80.4,70,active,2020-10-27,
3068-OMWZA,Basic,Month-to-month,Monthly,Electronic check,88.8,1,cancelled,2026-08-17,2026-09-01
2927-QRRQV,Standard,One year,Annual,Electronic check,94.65,46,active,2022-10-31,
6032-KRXXO,Basic,Month-to-month,Monthly,Electronic check,90.25,30,cancelled,2024-03-09,2026-09-02
7459-RRWQZ,Basic,Month-to-month,Monthly,Bank transfer (automatic),64.65,15,cancelled,2025-05-24,2026-07-26
6265-SXWBU,Standard,One year,Annual,Credit card (automatic),95.75,69,active,2020-12-02,
7941-RCJOW,Pro,Two year,Annual,Credit card (automatic),19.55,65,active,2021-03-23,
6374-NTQLP,Pro,Two year,Annual,Credit card (automatic),104.1,72,active,2020-08-31,
4154-AQUGT,Basic,Month-to-month,Monthly,Bank transfer (automatic),89.05,13,cancelled,2025-08-04,2026-08-20
2387-KDZQY,Standard,One year,Annual,Mailed check,20.1,17,active,2025-03-20,
3584-WKTTW,Standard,One year,Annual,Electronic check,111.55,51,active,2022-05-19,
3399-BMLVW,Pro,Two year,Annual,Credit card (automatic),60.5,51,active,2022-06-04,
1971-DTCZB,Pro,Two year,Annual,Bank transfer (automatic),90.95,72,active,2020-09-06,
3092-IGHWF,Standard,One year,Annual,Electronic check,87.4,67,cancelled,2021-01-27,2026-07-31
3374-PZLXD,Basic,Month-to-month,Monthly,Mailed check,19.7,34,active,2023-11-12,
3813-DHBBB,Pro,Two year,Annual,Bank transfer (automatic),50.95,67,active,2021-02-04,
2812-REYAT,Standard,One year,Annual,Bank transfer (automatic),20.05,49,active,2022-07-23,
6518-PPLMZ,Pro,Two year,Annual,Mailed check,19.4,53,active,2022-03-22,
4939-KYYPY,Basic,Month-to-month,Monthly,Electronic check,59.45,27,active,2024-06-05,
8017-LXHFA,Basic,Month-to-month,Monthly,Electronic check,94.75,23,cancelled,2024-10-05,2026-08-25
5930-GBIWP,Pro,Two year,Annual,Credit card (automatic),81.5,69,active,2020-11-20,
6022-KOUQO,Basic,Month-to-month,Monthly,Bank transfer (automatic),29.05,2,active,2026-07-12,
6352-TWCAU,Basic,Month-to-month,Monthly,Electronic check,86.45,35,cancelled,2023-10-16,2026-08-11
2361-UPSND,Standard,One year,Annual,Mailed check,70.6,46,active,2022-11-14,
6035-RIIOM,Pro,Two year,Annual,Bank transfer (automatic),97.2,54,active,2022-03-15,
2929-QNSRW,Standard,One year,Annual,Electronic check,98.25,56,cancelled,2021-12-21,2026-08-07
1262-OPMFY,Basic,Month-to-month,Monthly,Bank transfer (automatic),75.75,9,cancelled,2025-12-16,2026-07-25
9504-DSHWM,Basic,Month-to-month,Monthly,Bank transfer (automatic),59.2,20,active,2025-01-07,
5035-BVCXS,Basic,Month-to-month,Monthly,Mailed check,75.9,11,active,2025-09-29,
6267-DCFFZ,Basic,Month-to-month,Monthly,Electronic check,90.05,30,active,2024-02-28,
3533-UVMOM,Pro,Two year,Annual,Bank transfer (automatic),70.95,68,active,2020-12-23,
2439-LYPMQ,Basic,Month-to-month,Monthly,Electronic check,102.6,38,active,2023-06-19,
4248-QPAVC,Basic,Month-to-month,Monthly,Bank transfer (automatic),85.35,17,cancelled,2025-04-05,2026-09-04
1899-VXWXM,Standard,One year,Annual,Credit card (automatic),106.1,48,cancelled,2022-09-10,2026-08-13
1478-VPOAD,Basic,Month-to-month,Monthly,Electronic check,43.8,1,active,2026-08-15,
9995-HOTOH,Pro,Two year,Annual,Electronic check,59.0,63,active,2021-05-22,
2988-PLAHS,Standard,One year,Annual,Electronic check,69.95,3,active,2026-06-06,
1371-OJCEK,Standard,One year,Annual,Bank transfer (automatic),24.35,48,active,2022-08-21,
4999-IEZLT,Standard,One year,Annual,Credit card (automatic),29.45,66,active,2021-03-07,
8883-ANODQ,Pro,Two year,Annual,Credit card (automatic),84.4,68,active,2020-12-25,
4690-LLKUA,Basic,Month-to-month,Monthly,Electronic check,45.05,17,cancelled,2025-03-29,2026-08-23
2351-RRBUE,Standard,One year,Annual,Mailed check,20.65,7,active,2026-01-25,
5980-BDHPY,Pro,Two year,Annual,Bank transfer (automatic),87.1,72,active,2020-08-28,
1498-DQNRX,Basic,Month-to-month,Monthly,Mailed check,19.85,29,active,2024-04-08,
9469-WEJBT,Basic,Month-to-month,Monthly,Electronic check,90.35,37,active,2023-08-14,
3331-HQDTW,Basic,Month-to-month,Monthly,Mailed check,109.8,34,cancelled,2023-11-17,2026-08-19
9490-DFPMD,Basic,Month-to-month,Monthly,Electronic check,84.65,42,cancelled,2023-03-06,2026-07-27
2581-VKIRT,Standard,One year,Annual,Mailed check,65.5,59,active,2021-09-21,
5442-XSDCW,Basic,Month-to-month,Monthly,Bank transfer (automatic),79.5,11,cancelled,2025-09-28,2026-09-07
7426-WEIJX,Basic,Month-to-month,Monthly,Electronic check,80.95,60,active,2021-08-27,
2851-MMUTZ,Basic,Month-to-month,Monthly,Mailed check,56.15,27,active,2024-06-10,
3049-NDXFL,Basic,Month-to-month,Monthly,Mailed check,85.8,1,cancelled,2026-08-03,2026-08-14
8580-AECUZ,Basic,Month-to-month,Monthly,Electronic check,79.1,1,cancelled,2026-08-05,2026-08-24
3307-TLCUD,Basic,Month-to-month,Monthly,Mailed check,34.4,17,active,2025-04-13,
6625-FLENO,Pro,Two year,Annual,Mailed check,20.75,58,active,2021-10-29,
2967-MXRAV,Standard,One year,Annual,Mailed check,18.8,1,active,2026-08-07,
7963-GQRMY,Basic,Month-to-month,Monthly,Mailed check,44.3,3,cancelled,2026-06-05,2026-07-25
8189-HBVRW,Basic,Month-to-month,Monthly,Electronic check,90.8,53,active,2022-03-31,
4163-KIUHY,Basic,Month-to-month,Monthly,Electronic check,25.6,35,active,2023-10-17,
1228-FZFRV,Basic,Month-to-month,Monthly,Credit card (automatic),105.95,50,cancelled,2022-06-19,2026-09-03
3500-NSDOA,Pro,Two year,Annual,Credit card (automatic),70.8,68,active,2021-01-10,
1171-TYKUR,Basic,Month-to-month,Monthly,Electronic check,25.4,47,active,2022-09-27,
3761-FLYZI,Basic,Month-to-month,Monthly,Bank transfer (automatic),108.8,65,active,2021-03-25,
2058-DCJBE,Basic,Month-to-month,Monthly,Electronic check,69.75,5,cancelled,2026-04-13,2026-09-02
5364-XYIRR,Basic,Month-to-month,Monthly,Electronic check,94.65,51,cancelled,2022-06-10,2026-09-10
4829-AUOAX,Basic,Month-to-month,Monthly,Bank transfer (automatic),96.05,46,cancelled,2022-11-04,2026-08-21
1219-NNDDO,Basic,Month-to-month,Monthly,Electronic check,76.85,9,active,2025-11-23,
8388-DMKAE,Pro,Two year,Annual,Mailed check,20.25,8,active,2025-12-28,
4403-BWPAY,Standard,One year,Annual,Credit card (automatic),24.8,14,active,2025-07-03,
9659-QEQSY,Basic,Month-to-month,Monthly,Electronic check,115.65,45,active,2022-11-22,
5405-ZMYXQ,Basic,Month-to-month,Monthly,Credit card (automatic),74.6,8,active,2026-01-02,
5047-LHVLY,Basic,Month-to-month,Monthly,Mailed check,50.15,1,cancelled,2026-07-22,2026-09-15
1442-OKRJE,Standard,One year,Annual,Bank transfer (automatic),103.15,66,active,2021-02-22,
4737-AQCPU,Pro,Two year,Annual,Credit card (automatic),72.1,72,active,2020-09-11,
9158-VCTQB,Basic,Month-to-month,Monthly,Bank transfer (automatic),113.6,41,cancelled,2023-04-06,2026-08-17
2808-CHTDM,Pro,Two year,Annual,Mailed check,25.1,23,active,2024-10-16,
6311-UEUME,Basic,Month-to-month,Monthly,Electronic check,78.9,29,cancelled,2024-04-10,2026-09-02
0793-TWELN,Basic,Month-to-month,Monthly,Electronic check,80.15,4,active,2026-05-18,
3283-WCWXT,Pro,Two year,Annual,Mailed check,25.4,6,active,2026-03-15,
1060-ENTOF,Standard,One year,Annual,Credit card (automatic),105.4,67,active,2021-02-15,
0999-QXNSA,Basic,Month-to-month,Monthly,Mailed check,45.75,7,active,2026-01-26,
5451-MHQOF,Standard,One year,Annual,Mailed check,24.45,56,active,2022-01-04,
4836-WNFNO,Pro,Two year,Annual,Credit card (automatic),25.0,72,active,2020-09-02,
9225-BZLNZ,Pro,Two year,Annual,Electronic check,85.25,72,active,2020-08-25,
0354-VXMJC,Pro,Two year,Annual,Credit card (automatic),19.6,23,active,2024-09-22,
4422-QVIJA,Basic,Month-to-month,Monthly,Mailed check,50.15,35,active,2023-10-02,
9365-SRSZE,Basic,Month-to-month,Monthly,Electronic check,70.55,27,active,2024-06-04,
6839-ITVZJ,Basic,Month-to-month,Monthly,Electronic check,60.05,26,cancelled,2024-06-28,2026-08-23
8332-OSJDW,Standard,One year,Annual,Mailed check,26.4,12,active,2025-09-04,
4735-BJKOU,Pro,Two year,Annual,Mailed check,20.15,40,active,2023-05-05,
0274-JKUJR,Basic,Month-to-month,Monthly,Mailed check,58.85,7,active,2026-02-07,
5740-YHGTW,Basic,Month-to-month,Monthly,Credit card (automatic),97.55,70,active,2020-11-11,
8917-SZTTJ,Pro,Two year,Annual,Credit card (automatic),19.65,60,active,2021-09-11,
1696-MZVAU,Standard,One year,Annual,Credit card (automatic),25.25,39,active,2023-05-29,
7359-WWYJV,Pro,Two year,Annual,Credit card (automatic),114.45,72,active,2020-08-23,
0375-HVGXO,Basic,Month-to-month,Monthly,Electronic check,34.7,1,cancelled,2026-08-05,2026-08-11
4906-ZHGPK,Standard,One year,Annual,Electronic check,70.7,54,active,2022-03-16,
8593-WHYHV,Basic,Month-to-month,Monthly,Electronic check,85.3,3,cancelled,2026-05-30,2026-08-06
3795-GWTRD,Pro,Two year,Annual,Credit card (automatic),75.55,63,active,2021-05-21,
1298-PHBTI,Pro,Two year,Annual,Electronic check,84.8,71,active,2020-10-01,
6223-DHJGV,Standard,One year,Annual,Mailed check,20.65,42,active,2023-03-18,
6961-MJKBO,Pro,Two year,Annual,Bank transfer (automatic),20.45,47,active,2022-10-15,
6097-EQISJ,Standard,One year,Annual,Credit card (automatic),102.45,66,cancelled,2021-03-02,2026-09-12
4423-YLHDV,Basic,Month-to-month,Monthly,Bank transfer (automatic),104.4,21,cancelled,2024-11-21,2026-09-07
8158-WPEZG,Basic,Month-to-month,Monthly,Electronic check,35.65,11,active,2025-10-16,
0107-YHINA,Basic,Month-to-month,Monthly,Electronic check,99.75,1,cancelled,2026-07-26,2026-08-28
4918-FYJNT,Basic,Month-to-month,Monthly,Electronic check,90.45,55,active,2022-01-23,
0727-BNRLG,Pro,Two year,Annual,Credit card (automatic),97.65,69,active,2020-12-15,
4854-CIDCF,Basic,Month-to-month,Monthly,Electronic check,73.85,3,active,2026-06-11,
8640-SDGKB,Basic,Month-to-month,Monthly,Electronic check,74.4,4,cancelled,2026-05-18,2026-08-16
3280-MRDOF,Pro,Two year,Annual,Credit card (automatic),69.1,30,active,2024-03-01,
6435-SRWBJ,Basic,Month-to-month,Monthly,Electronic check,82.75,5,active,2026-04-12,
9964-WBQDJ,Pro,Two year,Annual,Credit card (automatic),24.4,71,active,2020-09-19,
6303-KFWSL,Standard,One year,Annual,Electronic check,55.25,29,active,2024-04-15,
1702-CCFNJ,Basic,Month-to-month,Monthly,Bank transfer (automatic),61.35,52,active,2022-04-29,
8932-CZHRQ,Standard,One year,Annual,Credit card (automatic),76.75,68,active,2020-12-24,
0386-CWRGM,Pro,Two year,Annual,Mailed check,19.4,46,active,2022-11-11,
5515-RUGKN,Basic,Month-to-month,Monthly,Credit card (automatic),54.75,8,active,2026-01-09,
0404-AHASP,Pro,Two year,Annual,Credit card (automatic),19.7,72,active,2020-08-24,
7279-NMVJC,Standard,One year,Annual,Bank transfer (automatic),19.9,17,active,2025-04-15,
2081-VEYEH,Basic,Month-to-month,Monthly,Electronic check,107.95,3,active,2026-06-04,
6407-UTSLV,Basic,Month-to-month,Monthly,Bank transfer (automatic),83.8,2,active,2026-07-11,
4116-TZAQJ,Basic,Month-to-month,Monthly,Credit card (automatic),74.25,9,cancelled,2025-12-17,2026-07-25
9060-HJJRW,Standard,One year,Annual,Credit card (automatic),56.4,51,active,2022-06-04,
2587-YNLES,Pro,Two year,Annual,Mailed check,20.1,6,active,2026-03-04,
7398-SKNQZ,Basic,Month-to-month,Monthly,Electronic check,94.9,3,active,2026-06-07,
5935-FCCNB,Basic,Month-to-month,Monthly,Electronic check,94.2,17,active,2025-03-24,
1958-RNRKS,Basic,Month-to-month,Monthly,Electronic check,49.9,30,active,2024-03-15,
5136-RGMZO,Basic,Month-to-month,Monthly,Electronic check,71.05,31,active,2024-02-04,
8345-MVDYC,Pro,Two year,Annual,Bank transfer (automatic),81.65,45,active,2022-12-12,
8226-BXGES,Standard,One year,Annual,Bank transfer (automatic),89.45,64,active,2021-04-25,
3877-JRJIP,Basic,Month-to-month,Monthly,Electronic check,59.85,1,cancelled,2026-08-01,2026-09-07
8375-DKEBR,Basic,Month-to-month,Monthly,Electronic check,69.6,1,cancelled,2026-07-27,2026-09-11
9705-IOVQQ,Standard,One year,Annual,Electronic check,99.0,61,active,2021-08-14,
1015-OWJKI,Basic,Month-to-month,Monthly,Mailed check,19.05,1,active,2026-08-04,
7511-YMXVQ,Basic,Month-to-month,Monthly,Electronic check,45.4,9,cancelled,2025-12-16,2026-08-09
2040-XBAVJ,Pro,Two year,Annual,Bank transfer (automatic),114.45,72,active,2020-09-07,
7551-JOHTI,Basic,Month-to-month,Monthly,Mailed check,19.5,1,cancelled,2026-07-20,2026-07-20
8887-IPQNC,Basic,Month-to-month,Monthly,Mailed check,44.25,7,active,2026-01-25,
8646-JCOMS,Standard,One year,Annual,Bank transfer (automatic),90.55,66,active,2021-03-15,
9804-ICWBG,Basic,Month-to-month,Monthly,Electronic check,69.9,1,cancelled,2026-08-06,2026-07-29
1222-KJNZD,Basic,Month-to-month,Monthly,Bank transfer (automatic),20.4,40,active,2023-04-22,
0106-GHRQR,Basic,Month-to-month,Monthly,Bank transfer (automatic),71.4,16,active,2025-05-12,
5318-IXUZF,Basic,Month-to-month,Monthly,Bank transfer (automatic),87.15,2,cancelled,2026-06-26,2026-08-13
3768-VHXQO,Pro,Two year,Annual,Credit card (automatic),24.85,67,active,2021-02-06,
8952-WCVCD,Standard,One year,Annual,Bank transfer (automatic),104.45,41,active,2023-04-03,
2418-TPEUN,Pro,Two year,Annual,Credit card (automatic),19.8,56,active,2021-12-21,
3963-RYFNS,Pro,Two year,Annual,Bank transfer (automatic),116.45,72,active,2020-08-27,
3198-VELRD,Basic,Month-to-month,Monthly,Bank transfer (automatic),84.75,3,cancelled,2026-06-09,2026-09-14
8540-ZQGEA,Pro,Two year,Annual,Credit card (automatic),20.05,54,active,2022-03-18,
1320-REHCS,Basic,Month-to-month,Monthly,Electronic check,110.75,52,active,2022-05-11,
4137-JOPHL,Pro,Two year,Annual,Bank transfer (automatic),89.7,50,active,2022-07-05,
9436-ZBZCT,Basic,Month-to-month,Monthly,Electronic check,89.95,14,cancelled,2025-07-13,2026-08-13
7801-CEDNV,Standard,One year,Annual,Credit card (automatic),48.7,27,active,2024-05-22,
2057-BOYKM,Pro,Two year,Annual,Bank transfer (automatic),96.6,72,active,2020-09-15,
3658-QQJYD,Standard,One year,Annual,Credit card (automatic),74.3,62,active,2021-07-01,
1803-BGNBD,Basic,Month-to-month,Monthly,Electronic check,54.3,12,active,2025-08-18,
0134-XWXCE,Standard,One year,Annual,Bank transfer (automatic),74.85,44,active,2023-01-06,
6950-TWMYB,Pro,Two year,Annual,Bank transfer (automatic),79.95,54,active,2022-03-02,
5848-FHRFC,Pro,Two year,Annual,Bank transfer (automatic),20.05,68,active,2021-01-14,
2243-FNMMI,Basic,Month-to-month,Monthly,Mailed check,19.4,20,active,2024-12-26,
2511-MORQY,Standard,One year,Annual,Bank transfer (automatic),54.9,50,active,2022-06-18,
5356-KZCKT,Pro,Two year,Annual,Credit card (automatic),24.45,58,active,2021-10-24,
9470-XCCEM,Basic,Month-to-month,Monthly,Bank transfer (automatic),89.65,35,active,2023-10-13,
6519-CFDBX,Basic,Month-to-month,Monthly,Electronic check,45.4,2,active,2026-07-08,
3902-MIVLE,Pro,Two year,Annual,Mailed check,75.7,63,active,2021-05-27,
0409-WTMPL,Standard,One year,Annual,Credit card (automatic),110.65,58,active,2021-10-24,
8763-KIAFH,Standard,One year,Annual,Mailed check,20.55,27,active,2024-06-05,
3669-WHAFY,Pro,Two year,Annual,Credit card (automatic),115.15,71,active,2020-09-18,
3055-VTCGS,Standard,One year,Annual,Credit card (automatic),58.55,63,active,2021-06-11,
3144-KMTWZ,Basic,Month-to-month,Monthly,Bank transfer (automatic),93.25,71,active,2020-09-24,
7279-BUYWN,Basic,Month-to-month,Monthly,Electronic check,113.2,41,cancelled,2023-04-03,2026-08-20
7156-MHUGY,Basic,Month-to-month,Monthly,Electronic check,90.5,13,cancelled,2025-07-27,2026-08-20
7198-GLXTC,Basic,Month-to-month,Monthly,Electronic check,79.0,2,cancelled,2026-07-01,2026-08-17
2007-QVGAW,Pro,Two year,Annual,Bank transfer (automatic),19.35,68,active,2021-01-04,
5207-PLSTK,Basic,Month-to-month,Monthly,Mailed check,48.75,1,active,2026-07-24,
2307-FYNNL,Pro,Two year,Annual,Electronic check,109.05,65,active,2021-03-23,
5605-XNWEN,Pro,Two year,Annual,Bank transfer (automatic),25.0,72,active,2020-08-23,
2155-AMQRX,Basic,Month-to-month,Monthly,Credit card (automatic),54.9,28,active,2024-05-15,
6181-AXXYF,Pro,Two year,Annual,Credit card (automatic),24.75,72,active,2020-09-04,
5091-HFAZW,Basic,Month-to-month,Monthly,Electronic check,91.15,2,active,2026-06-26,
0516-VRYBW,Standard,One year,Annual,Bank transfer (automatic),20.15,18,cancelled,2025-02-20,2026-08-13
2519-LBNQL,Standard,One year,Annual,Electronic check,104.35,60,active,2021-09-06,
8623-ULFNQ,Basic,Month-to-month,Monthly,Electronic check,66.05,26,active,2024-06-25,
8380-PEFPE,Basic,Month-to-month,Monthly,Electronic check,71.65,1,cancelled,2026-08-01,2026-08-04
5687-DKDTV,Basic,Month-to-month,Monthly,Mailed check,20.35,4,cancelled,2026-05-12,2026-09-04
1568-LJSZU,Pro,Two year,Annual,Credit card (automatic),92.2,68,active,2020-12-21,
7530-HDYDS,Basic,Month-to-month,Monthly,Credit card (automatic),84.25,38,cancelled,2023-07-05,2026-09-11
7789-HKSBS,Standard,One year,Annual,Bank transfer (automatic),105.2,42,active,2023-02-28,
7416-CKTEP,Pro,Two year,Annual,Bank transfer (automatic),19.6,57,active,2021-12-08,
2586-CWXVV,Basic,Month-to-month,Monthly,Electronic check,30.4,54,active,2022-03-18,
3096-IZETN,Basic,Month-to-month,Monthly,Bank transfer (automatic),78.1,12,cancelled,2025-09-03,2026-09-12
2348-KCJLT,Standard,One year,Annual,Mailed check,61.5,44,active,2022-12-26,
8401-EMUWF,Basic,Month-to-month,Monthly,Bank transfer (automatic),69.4,42,active,2023-03-09,
4193-IBKSW,Pro,Two year,Annual,Bank transfer (automatic),24.75,72,active,2020-08-20,
5377-NDTOU,Pro,Two year,Annual,Mailed check,91.05,71,active,2020-09-24,
5922-ABDVO,Basic,Month-to-month,Monthly,Mailed check,89.65,19,cancelled,2025-01-27,2026-08-23
2474-LCNUE,Basic,Month-to-month,Monthly,Credit card (automatic),73.65,23,active,2024-09-22,
0839-QNXME,Pro,Two year,Annual,Credit card (automatic),19.4,30,active,2024-02-21,
3506-OVLKD,Standard,One year,Annual,Bank transfer (automatic),26.2,35,active,2023-09-26,
9172-ANCRX,Basic,Month-to-month,Monthly,Electronic check,98.7,10,cancelled,2025-10-23,2026-08-17
6650-VJONK,Basic,Month-to-month,Monthly,Bank transfer (automatic),43.85,1,active,2026-07-27,
2178-PMGCJ,Basic,Month-to-month,Monthly,Mailed check,69.7,22,active,2024-10-22,
7492-TAFJD,Pro,Two year,Annual,Mailed check,38.55,7,active,2026-02-12,
2773-MADBQ,Pro,Two year,Annual,Mailed check,53.1,36,active,2023-09-07,
6016-LVTJQ,Basic,Month-to-month,Monthly,Mailed check,20.65,34,active,2023-10-22,
7860-KSUGX,Pro,Two year,Annual,Credit card (automatic),64.45,72,active,2020-09-02,
8966-KZXXA,Pro,Two year,Annual,Credit card (automatic),25.1,36,active,2023-09-17,
6910-HADCM,Basic,Month-to-month,Monthly,Electronic check,76.35,1,cancelled,2026-07-23,2026-07-31
4816-LXZYW,Basic,Month-to-month,Monthly,Electronic check,79.15,23,cancelled,2024-09-27,2026-08-21
9606-PBKBQ,Basic,Month-to-month,Monthly,Electronic check,85.0,32,cancelled,2023-12-20,2026-08-15
5149-QYTTU,Standard,One year,Annual,Credit card (automatic),95.15,71,active,2020-10-16,
2070-XYMFH,Basic,Month-to-month,Monthly,Mailed check,79.35,23,active,2024-10-12,
2085-BOJKI,Standard,One year,Annual,Bank transfer (automatic),96.65,17,active,2025-04-02,
0817-HSUSE,Basic,Month-to-month,Monthly,Electronic check,75.5,1,active,2026-08-12,
5442-PPTJY,Pro,Two year,Annual,Mailed check,19.7,12,active,2025-09-01,
1927-QEWMY,Pro,Two year,Annual,Credit card (automatic),20.5,72,active,2020-09-06,
1663-MHLHE,Basic,Month-to-month,Monthly,Mailed check,19.2,1,active,2026-08-11,
5663-QBGIS,Pro,Two year,Annual,Bank transfer (automatic),98.35,72,active,2020-08-24,
4450-MDZFX,Basic,Month-to-month,Monthly,Bank transfer (automatic),74.35,60,active,2021-09-15,
6701-DHKWQ,Pro,Two year,Annual,Credit card (automatic),51.35,61,active,2021-07-22,
7554-AKDQF,Basic,Month-to-month,Monthly,Mailed check,45.65,6,active,2026-03-14,
3536-IQCTX,Basic,Month-to-month,Monthly,Electronic check,85.3,32,cancelled,2023-12-30,2026-07-20
4911-BANWH,Basic,Month-to-month,Monthly,Credit card (automatic),86.55,31,cancelled,2024-01-18,2026-08-02
8496-EJAUI,Basic,Month-to-month,Monthly,Credit card (automatic),73.85,19,cancelled,2025-02-12,2026-08-06
0794-YVSGE,Pro,Two year,Annual,Bank transfer (automatic),20.3,72,active,2020-08-20,
5423-BHIXO,Basic,Month-to-month,Monthly,Electronic check,54.2,32,active,2024-01-07,
6908-VVYHM,Basic,Month-to-month,Monthly,Electronic check,90.65,65,active,2021-03-26,
2959-EEXWB,Basic,Month-to-month,Monthly,Bank transfer (automatic),50.9,45,active,2022-11-22,
1839-UMACK,Standard,One year,Annual,Electronic check,25.05,42,active,2023-03-12,
3030-YDNRM,Basic,Month-to-month,Monthly,Electronic check,74.85,8,active,2026-01-06,
7321-KKSDU,Pro,Two year,Annual,Mailed check,20.5,32,active,2023-12-22,
3402-XRIUO,Basic,Month-to-month,Monthly,Mailed check,63.55,22,active,2024-11-13,
3132-TVFDZ,Basic,Month-to-month,Monthly,Electronic check,44.85,57,cancelled,2021-12-13,2026-08-25
8286-AFUYI,Basic,Month-to-month,Monthly,Electronic check,47.95,1,active,2026-08-08,
8080-DDEMJ,Basic,Month-to-month,Monthly,Electronic check,45.1,1,cancelled,2026-07-30,2026-09-07
8356-WUAOJ,Basic,Month-to-month,Monthly,Electronic check,45.0,1,active,2026-07-24,
6365-MTGZX,Basic,Month-to-month,Monthly,Electronic check,96.0,24,cancelled,2024-08-31,2026-07-23
1349-WXNGG,Basic,Month-to-month,Monthly,Bank transfer (automatic),20.05,1,cancelled,2026-08-03,2026-08-14
8058-DMYRU,Basic,Month-to-month,Monthly,Electronic check,90.05,54,active,2022-02-20,
9350-ZXYJC,Pro,Two year,Annual,Credit card (automatic),25.3,4,active,2026-05-13,
6990-YNRIO,Pro,Two year,Annual,Bank transfer (automatic),108.65,65,cancelled,2021-03-21,2026-09-11
8958-JPTRR,Standard,One year,Annual,Electronic check,24.3,56,active,2022-01-07,
6959-GQEGV,Basic,Month-to-month,Monthly,Electronic check,75.95,45,active,2022-12-09,
3173-WSSUE,Pro,Two year,Annual,Credit card (automatic),19.7,71,active,2020-09-18,
1265-HVPZB,Standard,One year,Annual,Credit card (automatic),66.4,59,active,2021-09-28,
4115-UMJFQ,Standard,One year,Annual,Bank transfer (automatic),35.75,69,active,2020-12-04,
7369-TRPFD,Standard,One year,Annual,Mailed check,18.8,19,active,2025-02-06,
1098-KFQEC,Pro,Two year,Annual,Credit card (automatic),19.4,55,active,2022-02-02,
7190-XHTWJ,Standard,One year,Annual,Mailed check,19.3,38,active,2023-06-25,
0621-TWIEM,Basic,Month-to-month,Monthly,Electronic check,45.55,10,cancelled,2025-11-12,2026-08-18
3537-RYBHH,Basic,Month-to-month,Monthly,Credit card (automatic),67.45,47,active,2022-10-12,
2485-ITVKB,Basic,Month-to-month,Monthly,Electronic check,35.1,2,cancelled,2026-07-09,2026-09-10
3669-OYSJI,Basic,Month-to-month,Monthly,Credit card (automatic),46.2,1,cancelled,2026-08-03,2026-07-20
1612-EOHDH,Basic,Month-to-month,Monthly,Electronic check,45.15,1,cancelled,2026-07-24,2026-08-15
6702-OHFWR,Basic,Month-to-month,Monthly,Electronic check,43.3,1,cancelled,2026-08-11,2026-07-31
5296-BFCYD,Pro,Two year,Annual,Mailed check,20.1,46,active,2022-10-24,
4510-PYUSH,Basic,Month-to-month,Monthly,Credit card (automatic),57.15,38,cancelled,2023-06-21,2026-08-19
9359-JANWS,Pro,Two year,Annual,Credit card (automatic),58.9,65,active,2021-04-04,
7517-SAWMO,Basic,Month-to-month,Monthly,Electronic check,73.2,19,cancelled,2025-01-18,2026-09-14
4143-HHPMK,Basic,Month-to-month,Monthly,Electronic check,85.35,52,cancelled,2022-04-22,2026-08-09
3279-DYZQM,Pro,Two year,Annual,Mailed check,19.45,71,active,2020-09-23,
7054-LGEQW,Basic,Month-to-month,Monthly,Mailed check,45.95,1,cancelled,2026-08-06,2026-08-08
0523-VNGTF,Basic,Month-to-month,Monthly,Electronic check,50.5,52,active,2022-05-09,
9575-IWCAZ,Standard,One year,Annual,Mailed check,25.1,6,active,2026-02-21,
7105-MXJLL,Standard,One year,Annual,Mailed check,60.7,26,active,2024-07-04,
7064-FRRSW,Standard,One year,Annual,Electronic check,99.0,48,active,2022-09-16,
7940-UQQUG,Standard,One year,Annual,Bank transfer (automatic),104.4,64,active,2021-04-26,
0923-PNFUB,Basic,Month-to-month,Monthly,Electronic check,83.75,3,cancelled,2026-06-07,2026-09-02
3961-SXAXY,Basic,Month-to-month,Monthly,Bank transfer (automatic),44.05,1,active,2026-07-20,
7010-BRBUU,Pro,Two year,Annual,Credit card (automatic),24.1,72,active,2020-08-22,
3566-HJGPK,Basic,Month-to-month,Monthly,Mailed check,45.55,1,active,2026-08-14,
3062-ICYZQ,Basic,Month-to-month,Monthly,Electronic check,93.8,51,active,2022-05-21,
9938-PRCVK,Pro,Two year,Annual,Bank transfer (automatic),19.7,41,active,2023-03-20,
0973-KYVNF,Pro,Two year,Annual,Credit card (automatic),70.65,72,active,2020-08-25,
5129-HHMZC,Pro,Two year,Annual,Credit card (automatic),86.45,43,active,2023-02-08,
9637-CDTKZ,Pro,Two year,Annual,Credit card (automatic),114.1,72,active,2020-08-27,
3946-JEWRQ,Standard,One year,Annual,Credit card (automatic),95.2,47,active,2022-09-21,
7873-CVMAW,Pro,Two year,Annual,Credit card (automatic),88.55,72,active,2020-08-23,
0463-WZZKO,Basic,Month-to-month,Monthly,Credit card (automatic),20.75,3,active,2026-06-05,
3494-JCHRQ,Basic,Month-to-month,Monthly,Electronic check,70.05,1,cancelled,2026-07-27,2026-08-04
6474-FVJLC,Basic,Month-to-month,Monthly,Electronic check,86.0,2,cancelled,2026-07-07,2026-09-02
4524-QCSSM,Basic,Month-to-month,Monthly,Bank transfer (automatic),44.65,26,active,2024-07-10,
5832-EXGTT,Basic,Month-to-month,Monthly,Mailed check,60.2,29,active,2024-03-28,
8840-DQLGN,Basic,Month-to-month,Monthly,Bank transfer (automatic),100.5,35,cancelled,2023-10-04,2026-08-06
2039-JONDJ,Standard,One year,Annual,Bank transfer (automatic),55.45,27,active,2024-06-11,
7217-JYHOQ,Basic,Month-to-month,Monthly,Credit card (automatic),70.3,24,active,2024-08-28,
6695-FRVEC,Pro,Two year,Annual,Bank transfer (automatic),60.4,67,active,2021-02-06,
4547-LYTDD,Basic,Month-to-month,Monthly,Electronic check,72.65,16,cancelled,2025-04-30,2026-08-02
9894-QMIMJ,Standard,One year,Annual,Bank transfer (automatic),55.8,23,active,2024-10-06,
8069-YQQAJ,Basic,Month-to-month,Monthly,Mailed check,31.1,14,active,2025-06-21,
6770-XUAGN,Basic,Month-to-month,Monthly,Electronic check,21.0,1,cancelled,2026-07-23,2026-09-07
4193-ORFCL,Basic,Month-to-month,Monthly,Mailed check,45.1,1,cancelled,2026-08-03,2026-08-29
1636-NTNCO,Basic,Month-to-month,Monthly,Credit card (automatic),50.95,4,active,2026-04-27,
3466-WAESX,Basic,Month-to-month,Monthly,Electronic check,69.1,16,active,2025-05-12,
9281-PKKZE,Basic,Month-to-month,Monthly,Electronic check,43.95,46,active,2022-10-18,
3638-VBZTA,Pro,Two year,Annual,Bank transfer (automatic),86.5,68,active,2021-01-10,
7459-IMVYU,Basic,Month-to-month,Monthly,Electronic check,69.95,38,active,2023-06-22,
7776-QWNFX,Basic,Month-to-month,Monthly,Bank transfer (automatic),50.4,30,cancelled,2024-02-21,2026-09-06
6689-TCZHQ,Basic,Month-to-month,Monthly,Electronic check,78.95,5,cancelled,2026-04-12,2026-08-04
8563-OYMQY,Basic,Month-to-month,Monthly,Credit card (automatic),90.95,17,active,2025-04-17,
0754-EEBDC,Pro,Two year,Annual,Mailed check,19.9,4,active,2026-04-26,
5777-ZPQNC,Standard,One year,Annual,Electronic check,20.15,12,active,2025-08-21,
1951-IEYXM,Pro,Two year,Annual,Credit card (automatic),90.6,72,active,2020-08-26,
3318-NMQXL,Basic,Month-to-month,Monthly,Electronic check,92.0,3,active,2026-06-16,
3143-ILDAL,Basic,Month-to-month,Monthly,Electronic check,94.45,56,cancelled,2021-12-28,2026-09-02
1022-RKXDR,Standard,One year,Annual,Mailed check,24.85,41,active,2023-04-06,
2361-FJWNO,Standard,One year,Annual,Credit card (automatic),36.0,40,active,2023-04-21,
2272-UOINI,Basic,Month-to-month,Monthly,Electronic check,78.5,7,active,2026-01-22,
8232-UTFOZ,Pro,Two year,Annual,Credit card (automatic),19.95,69,active,2020-11-23,
3750-YHRYO,Standard,One year,Annual,Mailed check,20.65,7,active,2026-02-03,
6637-KYRCV,Basic,Month-to-month,Monthly,Electronic check,30.5,5,active,2026-04-08,
5668-MEISB,Pro,Two year,Annual,Credit card (automatic),106.1,72,active,2020-08-23,
0129-QMPDR,Standard,One year,Annual,Bank transfer (automatic),20.5,44,active,2023-01-13,
7188-CBBBA,Standard,One year,Annual,Electronic check,95.5,65,active,2021-04-14,
5356-CSVSQ,Basic,Month-to-month,Monthly,Electronic check,64.6,3,active,2026-06-16,
3221-CJMSG,Basic,Month-to-month,Monthly,Credit card (automatic),51.1,24,active,2024-09-01,
4720-VSTSI,Basic,Month-to-month,Monthly,Bank transfer (automatic),84.8,44,cancelled,2023-01-14,2026-08-09
3219-JQRSL,Pro,Two year,Annual,Credit card (automatic),89.1,72,active,2020-08-30,
2801-NISEI,Basic,Month-to-month,Monthly,Electronic check,54.95,24,active,2024-09-11,
3946-MHCZW,Basic,Month-to-month,Monthly,Mailed check,50.9,1,cancelled,2026-07-22,2026-08-22
4623-ZKHLY,Basic,Month-to-month,Monthly,Bank transfer (automatic),20.45,22,active,2024-11-04,
6732-VAILE,Pro,Two year,Annual,Credit card (automatic),85.95,70,active,2020-11-14,
8201-AAXCB,Basic,Month-to-month,Monthly,Electronic check,60.35,25,active,2024-07-27,
7696-CFTAT,Pro,Two year,Annual,Bank transfer (automatic),19.8,37,active,2023-08-07,
1845-CSBRZ,Basic,Month-to-month,Monthly,Bank transfer (automatic),85.35,22,active,2024-11-09,
2123-VSCOT,Pro,Two year,Annual,Bank transfer (automatic),72.1,59,active,2021-09-28,
6651-AZVTJ,Basic,Month-to-month,Monthly,Electronic check,99.8,49,cancelled,2022-07-20,2026-09-11
4566-GOLUK,Basic,Month-to-month,Monthly,Bank transfer (automatic),107.35,47,cancelled,2022-09-18,2026-07-25
2484-DGXPZ,Basic,Month-to-month,Monthly,Mailed check,19.55,31,cancelled,2024-02-03,2026-08-05
2018-QKYGT,Basic,Month-to-month,Monthly,Electronic check,81.05,1,active,2026-07-23,
2792-VPPET,Basic,Month-to-month,Monthly,Electronic check,20.5,3,active,2026-06-11,
7409-JURKQ,Standard,One year,Annual,Bank transfer (automatic),111.8,53,active,2022-03-23,
3247-MHJKM,Basic,Month-to-month,Monthly,Mailed check,20.2,1,active,2026-07-20,
1964-SVLEA,Standard,One year,Annual,Mailed check,19.7,20,active,2025-01-01,
4587-NUKOX,Basic,Month-to-month,Monthly,Electronic check,79.1,3,cancelled,2026-06-02,2026-08-31
7297-DVYGA,Standard,One year,Annual,Bank transfer (automatic),19.85,51,active,2022-06-01,
2239-CGBUZ,Standard,One year,Annual,Bank transfer (automatic),60.5,51,active,2022-06-15,
0854-UYHZD,Pro,Two year,Annual,Mailed check,19.55,13,active,2025-07-23,
7243-LCGGZ,Basic,Month-to-month,Monthly,Mailed check,20.9,1,active,2026-07-26,
8267-KFGYD,Basic,Month-to-month,Monthly,Mailed check,21.05,1,active,2026-07-22,
4890-VMUAV,Standard,One year,Annual,Electronic check,71.5,63,active,2021-06-14,
9261-WDCAF,Basic,Month-to-month,Monthly,Mailed check,54.65,3,active,2026-05-24,
3764-MNMOI,Pro,Two year,Annual,Credit card (automatic),19.2,46,active,2022-11-06,
7442-YGZFK,Basic,Month-to-month,Monthly,Credit card (automatic),49.8,1,active,2026-07-24,
0420-BWTPW,Basic,Month-to-month,Monthly,Mailed check,25.5,8,cancelled,2025-12-18,2026-07-26
8229-BUJHX,Pro,Two year,Annual,Bank transfer (automatic),20.5,71,active,2020-09-20,
7449-HVPIV,Basic,Month-to-month,Monthly,Credit card (automatic),90.4,55,active,2022-01-19,
5504-WSIUR,Standard,One year,Annual,Bank transfer (automatic),90.25,70,active,2020-11-13,
8183-ONMXC,Basic,Month-to-month,Monthly,Electronic check,80.75,2,cancelled,2026-07-09,2026-08-05
8466-PZBLH,Pro,Two year,Annual,Bank transfer (automatic),104.6,67,active,2021-02-07,
9614-RMGHA,Basic,Month-to-month,Monthly,Bank transfer (automatic),91.85,65,cancelled,2021-04-02,2026-07-29
8735-IJJEG,Basic,Month-to-month,Monthly,Credit card (automatic),50.2,14,active,2025-06-18,
0564-MUUQK,Basic,Month-to-month,Monthly,Bank transfer (automatic),95.5,20,active,2024-12-27,
5054-IEXZT,Basic,Month-to-month,Monthly,Electronic check,75.35,1,cancelled,2026-08-01,2026-09-05
5834-ASPWA,Basic,Month-to-month,Monthly,Electronic check,75.45,1,cancelled,2026-07-24,2026-09-15
0701-RFGFI,Basic,Month-to-month,Monthly,Bank transfer (automatic),95.4,49,active,2022-08-12,
0019-EFAEP,Pro,Two year,Annual,Bank transfer (automatic),101.3,72,active,2020-08-28,
5619-PTMIK,Basic,Month-to-month,Monthly,Electronic check,53.1,46,active,2022-11-01,
3737-XBQDD,Basic,Month-to-month,Monthly,Bank transfer (automatic),84.85,24,active,2024-09-10,
5882-CMAZQ,Basic,Month-to-month,Monthly,Electronic check,34.25,5,active,2026-03-29,
5846-QFDFI,Basic,Month-to-month,Monthly,Credit card (automatic),88.6,33,active,2023-11-22,
4445-KWOKW,Standard,One year,Annual,Bank transfer (automatic),60.15,42,active,2023-02-22,
3511-APPBJ,Standard,One year,Annual,Credit card (automatic),99.95,23,active,2024-09-21,
7967-HYCDE,Basic,Month-to-month,Monthly,Bank transfer (automatic),70.7,8,active,2025-12-23,
2430-RRYUW,Standard,One year,Annual,Mailed check,54.8,66,active,2021-03-03,
3948-XHGNA,Basic,Month-to-month,Monthly,Bank transfer (automatic),49.55,24,cancelled,2024-09-15,2026-09-12
3723-BFBGR,Basic,Month-to-month,Monthly,Credit card (automatic),54.8,24,active,2024-08-19,
0565-IYCGT,Standard,One year,Annual,Credit card (automatic),78.6,69,cancelled,2020-12-03,2026-08-15
5447-WZAFP,Standard,One year,Annual,Mailed check,100.3,53,active,2022-03-30,
5110-CHOPY,Pro,Two year,Annual,Electronic check,53.6,60,active,2021-09-16,
5445-UTODQ,Basic,Month-to-month,Monthly,Electronic check,81.1,7,cancelled,2026-01-20,2026-07-31
4425-OWHWB,Standard,One year,Annual,Credit card (automatic),19.35,20,active,2024-12-21,
7892-QVYKW,Basic,Month-to-month,Monthly,Electronic check,85.6,23,active,2024-09-19,
9675-ICXCT,Pro,Two year,Annual,Electronic check,80.8,72,active,2020-09-11,
1024-VRZHF,Basic,Month-to-month,Monthly,Electronic check,74.95,11,cancelled,2025-09-22,2026-07-24
4703-MQYKT,Pro,Two year,Annual,Mailed check,19.6,21,active,2024-11-28,
9497-QCMMS,Basic,Month-to-month,Monthly,Electronic check,93.55,1,cancelled,2026-08-13,2026-07-21
5692-ICXLW,Basic,Month-to-month,Monthly,Electronic check,90.7,31,active,2024-01-30,
0602-DDUML,Pro,Two year,Annual,Mailed check,69.75,57,active,2021-12-02,
2208-MPXIO,Pro,Two year,Annual,Bank transfer (automatic),20.0,45,active,2022-11-29,
1960-UYCNN,Basic,Month-to-month,Monthly,Electronic check,95.25,10,active,2025-11-14,
0348-SDKOL,Basic,Month-to-month,Monthly,Credit card (automatic),102.1,58,cancelled,2021-10-31,2026-08-11
3190-FZATL,Basic,Month-to-month,Monthly,Mailed check,19.95,14,active,2025-06-27,
7336-RLLRH,Standard,One year,Annual,Mailed check,80.85,27,active,2024-05-27,
4373-MAVJG,Basic,Month-to-month,Monthly,Bank transfer (automatic),90.9,14,cancelled,2025-06-24,2026-08-09
8901-HJXTF,Basic,Month-to-month,Monthly,Mailed check,29.2,12,cancelled,2025-08-29,2026-08-29
7710-JSYOA,Pro,Two year,Annual,Bank transfer (automatic),93.3,69,active,2020-11-25,
5419-KLXBN,Basic,Month-to-month,Monthly,Bank transfer (automatic),89.15,25,cancelled,2024-08-14,2026-09-15
3424-NMNBO,Standard,One year,Annual,Electronic check,108.85,58,cancelled,2021-10-24,2026-09-04
9885-MFVSU,Pro,Two year,Annual,Credit card (automatic),46.35,35,active,2023-10-06,
4514-GFCFI,Basic,Month-to-month,Monthly,Electronic check,84.75,16,cancelled,2025-05-01,2026-09-12
0607-MVMGC,Standard,One year,Annual,Credit card (automatic),78.75,45,active,2022-12-01,
3365-SAIGS,Basic,Month-to-month,Monthly,Electronic check,83.55,17,active,2025-03-19,
9828-AOQLM,Basic,Month-to-month,Monthly,Electronic check,45.7,1,cancelled,2026-08-08,2026-08-06
8022-BECSI,Standard,One year,Annual,Mailed check,19.6,22,active,2024-11-05,
8000-REIQB,Basic,Month-to-month,Monthly,Electronic check,69.95,1,cancelled,2026-07-26,2026-08-17
9993-LHIEB,Pro,Two year,Annual,Mailed check,67.85,67,active,2021-01-27,
0266-CLZKZ,Pro,Two year,Annual,Bank transfer (automatic),105.65,67,active,2021-02-06,
7615-ESMYF,Basic,Month-to-month,Monthly,Electronic check,44.6,2,cancelled,2026-07-08,2026-08-01
3858-VOBET,Basic,Month-to-month,Monthly,Electronic check,74.95,23,cancelled,2024-09-22,2026-09-07
7020-OZKXZ,Basic,Month-to-month,Monthly,Credit card (automatic),75.5,9,active,2025-11-22,
3977-QCRSL,Basic,Month-to-month,Monthly,Mailed check,20.15,5,active,2026-04-13,
0017-DINOC,Pro,Two year,Annual,Credit card (automatic),45.2,54,active,2022-03-07,
1447-PJGGA,Pro,Two year,Annual,Electronic check,95.25,57,cancelled,2021-11-23,2026-07-24
8565-CLBZW,Basic,Month-to-month,Monthly,Mailed check,89.85,24,cancelled,2024-09-13,2026-08-04
9139-WQQDY,Standard,One year,Annual,Mailed check,100.45,49,cancelled,2022-08-12,2026-07-24
0224-HJAPT,Basic,Month-to-month,Monthly,Electronic check,47.15,5,cancelled,2026-04-13,2026-08-08
8086-OVPWV,Basic,Month-to-month,Monthly,Electronic check,80.2,2,cancelled,2026-07-03,2026-08-26
9430-FRQOC,Basic,Month-to-month,Monthly,Mailed check,87.1,4,cancelled,2026-05-05,2026-08-10
7639-OPLNG,Pro,Two year,Annual,Bank transfer (automatic),79.25,70,active,2020-11-07,
3074-GQWYX,Basic,Month-to-month,Monthly,Bank transfer (automatic),75.9,5,cancelled,2026-04-13,2026-08-11
1492-QGCLU,Basic,Month-to-month,Monthly,Electronic check,85.7,53,active,2022-03-29,
6845-RGTYS,Basic,Month-to-month,Monthly,Electronic check,98.75,47,cancelled,2022-09-23,2026-09-05
7328-OWMOM,Standard,One year,Annual,Credit card (automatic),20.1,31,active,2024-02-10,
4418-LZMSV,Basic,Month-to-month,Monthly,Bank transfer (automatic),61.8,13,active,2025-07-29,
5155-AZQPB,Basic,Month-to-month,Monthly,Mailed check,49.9,28,active,2024-04-24,
8861-HGGKB,Basic,Month-to-month,Monthly,Electronic check,86.45,10,cancelled,2025-10-31,2026-09-10
1087-GRUYI,Pro,Two year,Annual,Bank transfer (automatic),20.4,38,active,2023-07-01,
7065-YUNRY,Basic,Month-to-month,Monthly,Mailed check,45.3,1,cancelled,2026-08-12,2026-08-08
7694-VLBWQ,Standard,One year,Annual,Electronic check,104.1,67,cancelled,2021-01-18,2026-09-10
2546-KZAAT,Standard,One year,Annual,Mailed check,75.4,52,active,2022-04-20,
0181-RITDD,Pro,Two year,Annual,Mailed check,108.15,62,active,2021-06-26,
5989-PGKJB,Basic,Month-to-month,Monthly,Electronic check,86.25,16,active,2025-04-20,
4795-KTRTH,Basic,Month-to-month,Monthly,Electronic check,81.0,5,cancelled,2026-03-30,2026-09-10
8272-ONJLV,Standard,One year,Annual,Electronic check,95.7,12,active,2025-08-28,
1488-PBLJN,Pro,Two year,Annual,Bank transfer (automatic),116.85,72,active,2020-08-23,
0308-GIQJT,Standard,One year,Annual,Bank transfer (automatic),105.75,71,active,2020-10-15,
3778-FOAQW,Standard,One year,Annual,Mailed check,20.15,24,active,2024-09-10,
4452-ROHMO,Pro,Two year,Annual,Mailed check,19.6,15,active,2025-06-11,
6481-OGDOO,Standard,One year,Annual,Credit card (automatic),90.6,67,cancelled,2021-01-28,2026-09-11
3090-LETTY,Basic,Month-to-month,Monthly,Bank transfer (automatic),60.95,2,active,2026-07-11,
5349-AZPEW,Basic,Month-to-month,Monthly,Mailed check,25.05,5,active,2026-04-06,
3753-TSEMP,Basic,Month-to-month,Monthly,Electronic check,88.15,15,cancelled,2025-06-03,2026-08-10
8305-VHZBZ,Basic,Month-to-month,Monthly,Mailed check,20.2,1,cancelled,2026-07-26,2026-07-23
9720-JJJOR,Standard,One year,Annual,Bank transfer (automatic),60.3,41,active,2023-04-02,
8100-HZZLJ,Basic,Month-to-month,Monthly,Electronic check,63.95,43,active,2023-02-16,
8775-ERLNB,Basic,Month-to-month,Monthly,Electronic check,74.3,1,active,2026-07-28,
8309-IEYJD,Basic,Month-to-month,Monthly,Mailed check,70.6,1,active,2026-08-05,
9172-JITSM,Basic,Month-to-month,Monthly,Electronic check,90.8,26,cancelled,2024-07-14,2026-08-17
6298-QDFNH,Basic,Month-to-month,Monthly,Electronic check,79.35,22,cancelled,2024-10-28,2026-09-07
7398-HPYZQ,Pro,Two year,Annual,Bank transfer (automatic),90.55,71,active,2020-10-08,
3546-GHEAE,Pro,Two year,Annual,Mailed check,19.45,7,active,2026-02-02,
7361-YPXFS,Basic,Month-to-month,Monthly,Bank transfer (automatic),64.45,28,active,2024-04-18,
6557-BZXLQ,Basic,Month-to-month,Monthly,Electronic check,69.65,16,active,2025-05-10,
2550-QHZGP,Standard,One year,Annual,Mailed check,19.5,7,active,2026-01-20,
7519-JTWQH,Pro,Two year,Annual,Bank transfer (automatic),110.5,69,active,2020-12-03,
2538-OIMXF,Basic,Month-to-month,Monthly,Mailed check,24.7,1,active,2026-07-21,
8543-MSDMF,Basic,Month-to-month,Monthly,Electronic check,77.4,3,active,2026-05-23,
9961-JBNMK,Basic,Month-to-month,Monthly,Bank transfer (automatic),96.8,21,cancelled,2024-11-22,2026-08-16
1170-SASML,Basic,Month-to-month,Monthly,Bank transfer (automatic),85.4,69,active,2020-12-10,
4872-JCVCA,Pro,Two year,Annual,Bank transfer (automatic),47.6,71,active,2020-09-23,
5346-BZCHP,Pro,Two year,Annual,Mailed check,19.4,69,active,2020-12-05,
2038-LLMLM,Basic,Month-to-month,Monthly,Electronic check,103.85,48,active,2022-08-20,
6173-ITPWD,Basic,Month-to-month,Monthly,Bank transfer (automatic),83.35,47,cancelled,2022-09-18,2026-08-18
9734-UYXQI,Basic,Month-to-month,Monthly,Electronic check,49.4,2,cancelled,2026-06-30,2026-08-11
1216-BGTSP,Basic,Month-to-month,Monthly,Credit card (automatic),108.45,45,active,2022-11-20,
4138-NAXED,Basic,Month-to-month,Monthly,Bank transfer (automatic),81.0,51,active,2022-06-02,
2189-UXTKY,Basic,Month-to-month,Monthly,Electronic check,79.2,22,cancelled,2024-11-15,2026-08-21
0744-BIKKF,Pro,Two year,Annual,Bank transfer (automatic),86.65,72,active,2020-08-21,
7483-IQWIB,Basic,Month-to-month,Monthly,Electronic check,92.95,37,active,2023-08-02,
5248-KWLAR,Pro,Two year,Annual,Electronic check,90.35,71,active,2020-10-15,
4958-GZWIY,Basic,Month-to-month,Monthly,Electronic check,48.7,7,cancelled,2026-02-14,2026-08-15
7996-MHXLW,Pro,Two year,Annual,Credit card (automatic),25.15,66,active,2021-02-24,
7833-PKIHD,Standard,One year,Annual,Bank transfer (automatic),76.4,51,active,2022-05-21,
7061-OVMIM,Standard,One year,Annual,Bank transfer (automatic),19.55,30,active,2024-02-26,
5153-RTHKF,Basic,Month-to-month,Monthly,Electronic check,85.35,34,active,2023-11-04,
1852-QSWCD,Pro,Two year,Annual,Mailed check,24.8,64,active,2021-05-08,
4832-VRBMR,Standard,One year,Annual,Bank transfer (automatic),103.15,65,active,2021-04-05,
9079-LWTFD,Basic,Month-to-month,Monthly,Mailed check,100.75,47,active,2022-10-08,
6356-ELRKD,Basic,Month-to-month,Monthly,Electronic check,95.6,1,cancelled,2026-08-09,2026-08-27
8624-GIOUT,Basic,Month-to-month,Monthly,Credit card (automatic),59.75,49,cancelled,2022-08-14,2026-07-24
3392-EHMNK,Pro,Two year,Annual,Credit card (automatic),94.1,67,active,2021-01-29,
5986-WWXDV,Standard,One year,Annual,Bank transfer (automatic),19.35,39,active,2023-06-11,
3061-BCKYI,Basic,Month-to-month,Monthly,Mailed check,19.9,14,active,2025-07-13,
6179-GJPSO,Basic,Month-to-month,Monthly,Credit card (automatic),108.15,43,cancelled,2023-02-08,2026-08-15
7901-TBKJX,Basic,Month-to-month,Monthly,Electronic check,101.05,56,active,2021-12-24,
7228-PAQPD,Standard,One year,Annual,Credit card (automatic),59.1,14,active,2025-06-30,
3177-LASXD,Basic,Month-to-month,Monthly,Electronic check,71.35,1,cancelled,2026-08-03,2026-08-28
7746-QYVCO,Standard,One year,Annual,Mailed check,55.85,16,active,2025-04-30,
5804-HYIEZ,Basic,Month-to-month,Monthly,Electronic check,106.05,70,active,2020-10-31,
9919-FZDED,Pro,Two year,Annual,Credit card (automatic),84.1,72,active,2020-09-02,
5934-TSSAU,Basic,Month-to-month,Monthly,Credit card (automatic),75.3,23,active,2024-09-21,
3486-KHMLI,Basic,Month-to-month,Monthly,Mailed check,24.7,21,active,2024-11-25,
4897-QSUYC,Basic,Month-to-month,Monthly,Mailed check,20.15,1,cancelled,2026-08-12,2026-09-15
1084-UQCHV,Basic,Month-to-month,Monthly,Bank transfer (automatic),69.75,1,cancelled,2026-07-24,2026-08-06
8290-YWKHZ,Basic,Month-to-month,Monthly,Electronic check,93.2,32,cancelled,2024-01-11,2026-08-24
2955-BJZHG,Basic,Month-to-month,Monthly,Electronic check,80.85,17,cancelled,2025-04-15,2026-09-01
3806-DXQOM,Basic,Month-to-month,Monthly,Electronic check,33.65,4,cancelled,2026-05-06,2026-08-18
6784-XYJAE,Standard,One year,Annual,Electronic check,55.8,36,active,2023-09-06,
3933-DQPWX,Pro,Two year,Annual,Credit card (automatic),39.7,50,active,2022-06-24,
6661-EIPZC,Basic,Month-to-month,Monthly,Credit card (automatic),29.5,48,active,2022-08-27,
8957-THMOA,Pro,Two year,Annual,Credit card (automatic),20.15,50,active,2022-07-16,
2251-PYLPB,Pro,Two year,Annual,Credit card (automatic),79.55,72,active,2020-09-02,
5555-RNPGT,Basic,Month-to-month,Monthly,Credit card (automatic),24.8,10,active,2025-10-24,
1057-FOGLZ,Basic,Month-to-month,Monthly,Mailed check,19.65,18,active,2025-02-25,
9300-RENDD,Basic,Month-to-month,Monthly,Electronic check,79.95,1,cancelled,2026-08-02,2026-08-18
0761-AETCS,Basic,Month-to-month,Monthly,Electronic check,19.3,1,cancelled,2026-07-30,2026-07-30
8087-LGYHQ,Basic,Month-to-month,Monthly,Electronic check,94.05,9,active,2025-12-01,
4137-BTIKL,Basic,Month-to-month,Monthly,Mailed check,90.75,2,active,2026-07-12,
2190-BCXEC,Basic,Month-to-month,Monthly,Credit card (automatic),78.85,40,active,2023-05-02,
6227-FBDXH,Standard,One year,Annual,Bank transfer (automatic),99.5,69,active,2020-11-26,
2153-MREFK,Standard,One year,Annual,Electronic check,99.2,37,cancelled,2023-08-16,2026-08-14
2911-WDXMV,Basic,Month-to-month,Monthly,Credit card (automatic),80.55,18,active,2025-02-26,
7206-PQBBZ,Basic,Month-to-month,Monthly,Electronic check,70.2,11,active,2025-10-10,
3106-ULWFW,Basic,Month-to-month,Monthly,Credit card (automatic),85.2,8,cancelled,2026-01-16,2026-08-05
0925-VYDLG,Basic,Month-to-month,Monthly,Electronic check,75.25,3,cancelled,2026-05-26,2026-08-08
4547-FZJWE,Standard,One year,Annual,Credit card (automatic),59.45,55,active,2022-02-04,
7422-WNBTY,Basic,Month-to-month,Monthly,Electronic check,93.35,33,active,2023-12-05,
0842-IWYCP,Basic,Month-to-month,Monthly,Bank transfer (automatic),44.95,46,active,2022-10-29,
3521-HTQTV,Pro,Two year,Annual,Bank transfer (automatic),26.1,34,active,2023-11-01,
3744-ZBHON,Basic,Month-to-month,Monthly,Electronic check,20.2,3,active,2026-05-30,
3373-DIUUN,Pro,Two year,Annual,Mailed check,21.25,30,active,2024-02-18,
8383-SGHJU,Standard,One year,Annual,Electronic check,59.4,33,active,2023-11-28,
7607-QKKTJ,Standard,One year,Annual,Credit card (automatic),95.0,45,active,2022-12-16,
7707-PYBBH,Basic,Month-to-month,Monthly,Mailed check,61.9,40,active,2023-05-12,
8984-HPEMB,Pro,Two year,Annual,Electronic check,118.65,71,active,2020-10-03,
4349-GFQHK,Basic,Month-to-month,Monthly,Electronic check,54.35,1,cancelled,2026-08-03,2026-07-27
4139-DETXS,Pro,Two year,Annual,Bank transfer (automatic),64.45,72,active,2020-09-06,
9779-DPNEJ,Basic,Month-to-month,Monthly,Electronic check,80.15,22,active,2024-11-11,
9805-FILKB,Standard,One year,Annual,Bank transfer (automatic),20.2,46,active,2022-11-13,
5793-YOLJN,Pro,Two year,Annual,Mailed check,21.0,55,active,2022-02-11,
0673-IGUQO,Basic,Month-to-month,Monthly,Mailed check,20.45,1,active,2026-07-20,
4123-FCVCB,Standard,One year,Annual,Mailed check,75.85,12,active,2025-09-05,
8819-IMISP,Basic,Month-to-month,Monthly,Electronic check,80.45,31,active,2024-01-19,
7802-EFKNY,Basic,Month-to-month,Monthly,Electronic check,24.95,5,cancelled,2026-04-07,2026-09-15
8311-UEUAB,Pro,Two year,Annual,Electronic check,75.5,67,active,2021-02-06,
5858-EAFCZ,Basic,Month-to-month,Monthly,Mailed check,44.45,1,active,2026-08-03,
8035-BUYVG,Standard,One year,Annual,Electronic check,42.35,40,cancelled,2023-04-20,2026-08-24
1163-ONYEY,Basic,Month-to-month,Monthly,Credit card (automatic),74.55,41,active,2023-04-01,
9787-XVQIU,Basic,Month-to-month,Monthly,Electronic check,75.3,1,cancelled,2026-08-16,2026-08-04
8945-MUQUF,Standard,One year,Annual,Electronic check,94.8,51,cancelled,2022-06-09,2026-09-07
5656-MJEFC,Pro,Two year,Annual,Credit card (automatic),48.15,42,active,2023-02-17,
6082-OQFBA,Standard,One year,Annual,Mailed check,19.65,23,active,2024-10-12,
8051-HJRLT,Basic,Month-to-month,Monthly,Electronic check,70.55,1,cancelled,2026-07-23,2026-08-20
8974-OVACP,Basic,Month-to-month,Monthly,Mailed check,20.15,1,active,2026-07-21,
4010-YLMVT,Basic,Month-to-month,Monthly,Credit card (automatic),106.6,56,active,2022-01-10,
1379-FRVEB,Basic,Month-to-month,Monthly,Electronic check,91.0,15,active,2025-06-01,
8612-GXIDD,Pro,Two year,Annual,Bank transfer (automatic),25.4,12,active,2025-08-30,
6288-CHQJB,Pro,Two year,Annual,Bank transfer (automatic),69.95,54,active,2022-02-23,
8160-HOWOX,Basic,Month-to-month,Monthly,Electronic check,66.85,7,active,2026-01-23,
3023-GFLBR,Basic,Month-to-month,Monthly,Credit card (automatic),86.15,33,cancelled,2023-12-16,2026-08-23
6648-INWPS,Basic,Month-to-month,Monthly,Electronic check,20.15,16,active,2025-05-08,
4223-BKEOR,Standard,One year,Annual,Mailed check,64.85,21,active,2024-11-18,
4079-VTGLK,Pro,Two year,Annual,Electronic check,74.85,30,active,2024-03-07,
1763-WQFUK,Basic,Month-to-month,Monthly,Mailed check,50.5,3,active,2026-06-10,
1391-UBDAR,Basic,Month-to-month,Monthly,Electronic check,72.9,11,active,2025-09-29,
8894-JVDCV,Standard,One year,Annual,Credit card (automatic),115.05,62,active,2021-07-12,
2023-VQFDL,Basic,Month-to-month,Monthly,Electronic check,19.0,18,active,2025-03-14,
1345-GKDZZ,Basic,Month-to-month,Monthly,Mailed check,19.55,6,active,2026-02-23,
2014-MKGMH,Standard,One year,Annual,Electronic check,101.1,46,active,2022-11-13,
5628-FCGYG,Basic,Month-to-month,Monthly,Electronic check,84.1,21,active,2024-11-20,
2560-WBWXF,Pro,Two year,Annual,Bank transfer (automatic),24.15,68,active,2021-01-09,
0248-IPDFW,Basic,Month-to-month,Monthly,Electronic check,50.1,1,active,2026-08-14,
7978-DKUQH,Basic,Month-to-month,Monthly,Electronic check,74.6,25,active,2024-07-25,
4335-UPJSI,Pro,Two year,Annual,Mailed check,19.75,24,active,2024-09-11,
0524-IAVZO,Basic,Month-to-month,Monthly,Electronic check,85.0,30,cancelled,2024-03-07,2026-07-30
2737-YNGYW,Basic,Month-to-month,Monthly,Electronic check,80.55,2,cancelled,2026-07-08,2026-07-21
1784-EZDKJ,Standard,One year,Annual,Bank transfer (automatic),106.8,51,active,2022-06-02,
9297-FVVDH,Pro,Two year,Annual,Electronic check,84.5,57,active,2021-12-02,
8007-YYPWD,Pro,Two year,Annual,Bank transfer (automatic),25.05,15,active,2025-06-12,
7101-HRBLJ,Pro,Two year,Annual,Bank transfer (automatic),83.7,72,active,2020-09-09,
5159-YFPKQ,Basic,Month-to-month,Monthly,Electronic check,75.8,2,cancelled,2026-07-13,2026-09-09
6635-CPNUN,Basic,Month-to-month,Monthly,Credit card (automatic),96.6,28,active,2024-05-16,
4021-RQSNY,Basic,Month-to-month,Monthly,Electronic check,98.5,29,cancelled,2024-03-29,2026-09-03
5453-YBTWV,Pro,Two year,Annual,Credit card (automatic),101.1,70,active,2020-11-02,
5039-LZRQT,Standard,One year,Annual,Mailed check,20.2,13,active,2025-08-14,
2931-VUVJN,Standard,One year,Annual,Electronic check,94.05,59,active,2021-10-08,
9061-TIHDA,Basic,Month-to-month,Monthly,Electronic check,95.25,13,cancelled,2025-07-28,2026-08-01
8699-ASUFO,Basic,Month-to-month,Monthly,Mailed check,74.4,7,cancelled,2026-02-07,2026-09-05
6418-PIQSP,Pro,Two year,Annual,Mailed check,81.0,62,active,2021-07-05,
8220-OCUFY,Standard,One year,Annual,Electronic check,60.25,21,active,2024-11-24,
3995-WFCSM,Basic,Month-to-month,Monthly,Electronic check,60.85,2,active,2026-06-28,
1895-QTKDO,Basic,Month-to-month,Monthly,Credit card (automatic),43.95,1,active,2026-07-27,
2038-OEQZH,Basic,Month-to-month,Monthly,Electronic check,86.05,4,active,2026-05-07,
1178-PZGAB,Standard,One year,Annual,Credit card (automatic),20.25,19,active,2025-02-01,
7927-AUXBZ,Basic,Month-to-month,Monthly,Electronic check,85.15,30,cancelled,2024-02-21,2026-08-17
2626-VEEWG,Pro,Two year,Annual,Credit card (automatic),19.4,67,active,2021-01-20,
2878-RMWXY,Pro,Two year,Annual,Credit card (automatic),102.65,72,active,2020-09-15,
1657-DYMBM,Pro,Two year,Annual,Credit card (automatic),19.9,53,active,2022-03-23,
7311-MQJCH,Standard,One year,Annual,Electronic check,19.55,5,active,2026-03-22,
7375-WMVMT,Pro,Two year,Annual,Credit card (automatic),95.5,71,active,2020-09-18,
1136-XGEQU,Standard,One year,Annual,Credit card (automatic),84.15,50,active,2022-07-09,
2530-FMFXO,Pro,Two year,Annual,Electronic check,103.2,56,active,2022-01-01,
6844-DZKRF,Basic,Month-to-month,Monthly,Credit card (automatic),50.2,2,active,2026-07-17,
4695-WJZUE,Basic,Month-to-month,Monthly,Electronic check,88.55,2,cancelled,2026-07-15,2026-07-22
7619-ODSGN,Basic,Month-to-month,Monthly,Electronic check,54.75,24,cancelled,2024-08-31,2026-07-20
5970-GHJAW,Pro,Two year,Annual,Credit card (automatic),19.95,46,active,2022-11-10,
8879-XUAHX,Pro,Two year,Annual,Electronic check,116.25,71,active,2020-10-10,
3689-MOZGR,Basic,Month-to-month,Monthly,Electronic check,31.2,29,active,2024-04-09,
4195-PNGZS,Pro,Two year,Annual,Bank transfer (automatic),24.45,69,active,2020-12-03,
5003-XZWWO,Pro,Two year,Annual,Credit card (automatic),84.2,71,active,2020-10-12,
3988-RQIXO,Basic,Month-to-month,Monthly,Electronic check,91.3,1,cancelled,2026-07-24,2026-07-21
7622-FWGEW,Pro,Two year,Annual,Bank transfer (automatic),85.65,56,active,2021-12-27,
6922-NCEDI,Standard,One year,Annual,Mailed check,21.2,56,active,2021-12-24,
2514-GINMM,Basic,Month-to-month,Monthly,Electronic check,79.5,1,cancelled,2026-07-21,2026-09-08
9891-NQDBD,Standard,One year,Annual,Mailed check,25.55,28,active,2024-04-29,
6131-IUNXN,Basic,Month-to-month,Monthly,Mailed check,20.2,19,active,2025-02-05,
8548-AWOFC,Basic,Month-to-month,Monthly,Electronic check,63.85,66,active,2021-02-16,
9798-DRYDS,Standard,One year,Annual,Mailed check,61.95,17,active,2025-04-01,
8532-UEFWH,Pro,Two year,Annual,Mailed check,25.75,52,active,2022-05-05,
6296-DDOOR,Standard,One year,Annual,Electronic check,58.2,19,active,2025-02-03,
7951-VRDVK,Standard,One year,Annual,Bank transfer (automatic),85.85,36,active,2023-09-16,
5931-FLJJF,Basic,Month-to-month,Monthly,Mailed check,70.1,7,cancelled,2026-01-18,2026-09-07
4815-YOSUK,Standard,One year,Annual,Credit card (automatic),104.9,72,active,2020-08-23,
2659-VXMWZ,Standard,One year,Annual,Electronic check,111.3,67,cancelled,2021-01-26,2026-09-05
0380-NEAVX,Standard,One year,Annual,Electronic check,99.85,34,active,2023-11-11,
3207-OYBWH,Basic,Month-to-month,Monthly,Bank transfer (automatic),95.25,57,cancelled,2021-11-19,2026-08-01
4285-GYRQC,Basic,Month-to-month,Monthly,Electronic check,86.25,7,cancelled,2026-02-10,2026-09-05
7216-EWTRS,Basic,Month-to-month,Monthly,Electronic check,100.8,1,cancelled,2026-08-10,2026-08-21
4365-MSDYN,Basic,Month-to-month,Monthly,Bank transfer (automatic),19.55,8,active,2026-01-14,
7036-TYDEC,Pro,Two year,Annual,Electronic check,104.0,69,active,2020-12-08,
5802-ADBRC,Standard,One year,Annual,Mailed check,104.4,50,active,2022-07-08,
8076-FEZKJ,Standard,One year,Annual,Mailed check,19.5,10,active,2025-10-24,
5197-YPYBZ,Pro,Two year,Annual,Credit card (automatic),25.25,12,active,2025-09-07,
8337-MSSXB,Basic,Month-to-month,Monthly,Electronic check,86.3,14,cancelled,2025-06-19,2026-07-29
4312-GVYNH,Pro,Two year,Annual,Bank transfer (automatic),49.85,70,active,2020-11-07,
8495-LJDFO,Basic,Month-to-month,Monthly,Bank transfer (automatic),108.95,64,active,2021-05-02,
0839-JTCUD,Pro,Two year,Annual,Credit card (automatic),89.9,66,active,2021-02-28,
5494-WOZRZ,Pro,Two year,Annual,Credit card (automatic),82.0,71,active,2020-09-22,
1302-UHBDD,Basic,Month-to-month,Monthly,Electronic check,89.95,20,active,2024-12-25,
2234-EOFPT,Pro,Two year,Annual,Bank transfer (automatic),79.35,72,active,2020-08-21,
8619-IJNDK,Pro,Two year,Annual,Credit card (automatic),64.05,71,active,2020-09-18,
8378-LKJAF,Basic,Month-to-month,Monthly,Credit card (automatic),101.15,38,active,2023-07-15,
8182-BJDSI,Basic,Month-to-month,Monthly,Electronic check,89.95,28,cancelled,2024-05-15,2026-08-17
2528-HFYZX,Basic,Month-to-month,Monthly,Electronic check,76.45,17,cancelled,2025-04-04,2026-07-22
1153-GNOLC,Standard,One year,Annual,Electronic check,39.1,33,active,2023-12-13,
3298-QEICA,Pro,Two year,Annual,Mailed check,34.6,23,active,2024-10-02,
0788-DXBFY,Standard,One year,Annual,Electronic check,19.55,58,active,2021-10-30,
3597-YASZG,Pro,Two year,Annual,Bank transfer (automatic),104.45,70,active,2020-11-08,
3496-LFSZU,Basic,Month-to-month,Monthly,Electronic check,70.5,4,active,2026-05-16,
5242-UOWHD,Pro,Two year,Annual,Mailed check,20.35,45,active,2022-11-19,
2482-CZGBB,Basic,Month-to-month,Monthly,Electronic check,70.0,10,cancelled,2025-11-05,2026-08-17
6479-SZPLM,Pro,Two year,Annual,Credit card (automatic),19.45,36,active,2023-08-23,
8097-VBQTZ,Basic,Month-to-month,Monthly,Mailed check,69.9,54,active,2022-02-28,
4500-HKANN,Pro,Two year,Annual,Mailed check,59.7,23,active,2024-09-27,
9917-KWRBE,Standard,One year,Annual,Credit card (automatic),78.35,41,active,2023-03-25,
3420-ZDBMA,Basic,Month-to-month,Monthly,Mailed check,71.45,5,active,2026-04-10,
2212-LYASK,Standard,One year,Annual,Credit card (automatic),45.85,27,active,2024-06-11,
1393-IMKZG,Basic,Month-to-month,Monthly,Electronic check,95.85,1,active,2026-07-19,
8069-RHUXK,Pro,Two year,Annual,Credit card (automatic),35.7,67,active,2021-01-26,
3398-GCPMU,Pro,Two year,Annual,Credit card (automatic),89.55,72,active,2020-09-08,
2908-WGAXL,Pro,Two year,Annual,Credit card (automatic),24.95,56,active,2021-12-28,
3378-AJRAO,Standard,One year,Annual,Electronic check,24.85,44,active,2023-01-05,
1013-QCWAM,Basic,Month-to-month,Monthly,Electronic check,100.8,66,active,2021-02-20,
0866-QLSIR,Standard,One year,Annual,Mailed check,64.4,34,cancelled,2023-11-02,2026-08-24
6050-FFXES,Pro,Two year,Annual,Bank transfer (automatic),105.35,69,active,2020-12-07,
7181-BQYBV,Basic,Month-to-month,Monthly,Electronic check,102.45,1,cancelled,2026-07-28,2026-07-20
0362-RAOQO,Pro,Two year,Annual,Credit card (automatic),19.65,40,active,2023-04-26,
9554-DFKIC,Basic,Month-to-month,Monthly,Bank transfer (automatic),54.45,30,active,2024-03-06,
5527-ACHSO,Basic,Month-to-month,Monthly,Mailed check,70.5,11,active,2025-09-25,
0829-DDVLK,Standard,One year,Annual,Credit card (automatic),20.1,15,active,2025-06-10,
1399-UBQIU,Basic,Month-to-month,Monthly,Electronic check,69.35,11,active,2025-10-10,
1813-JLKWR,Standard,One year,Annual,Bank transfer (automatic),19.8,64,active,2021-04-23,
0336-PIKEI,Pro,Two year,Annual,Bank transfer (automatic),74.4,72,active,2020-08-29,
7322-OCWHC,Pro,Two year,Annual,Bank transfer (automatic),93.05,72,active,2020-09-15,
9537-VHDTA,Basic,Month-to-month,Monthly,Mailed check,51.2,1,active,2026-07-28,
4957-TIALW,Standard,One year,Annual,Credit card (automatic),65.6,15,active,2025-06-08,
2054-PJOCK,Standard,One year,Annual,Credit card (automatic),80.55,60,active,2021-09-08,
9150-HEPMB,Standard,One year,Annual,Mailed check,52.7,56,active,2022-01-04,
9030-QGZNL,Pro,Two year,Annual,Mailed check,20.85,8,active,2026-01-03,
6204-IEUXJ,Basic,Month-to-month,Monthly,Credit card (automatic),80.1,3,cancelled,2026-05-22,2026-08-14
3126-WQMGH,Basic,Month-to-month,Monthly,Credit card (automatic),52.15,49,active,2022-08-04,
4529-CKBCL,Basic,Month-to-month,Monthly,Electronic check,80.2,2,cancelled,2026-07-10,2026-09-05
2506-CLAKW,Basic,Month-to-month,Monthly,Bank transfer (automatic),98.15,6,cancelled,2026-02-23,2026-08-09
7176-WRTNX,Pro,Two year,Annual,Bank transfer (automatic),114.95,70,active,2020-10-31,
1583-IHQZE,Basic,Month-to-month,Monthly,Mailed check,112.95,12,cancelled,2025-09-16,2026-08-01
5732-IKGQH,Standard,One year,Annual,Bank transfer (automatic),104.45,52,active,2022-04-30,
9239-GZHZE,Pro,Two year,Annual,Credit card (automatic),113.65,72,active,2020-09-01,
7205-BAIAD,Pro,Two year,Annual,Bank transfer (automatic),20.6,40,active,2023-05-01,
0151-ONTOV,Basic,Month-to-month,Monthly,Mailed check,70.9,1,cancelled,2026-08-12,2026-07-28
4140-MUHUG,Basic,Month-to-month,Monthly,Electronic check,86.85,3,cancelled,2026-06-03,2026-09-15
0093-EXYQL,Basic,Month-to-month,Monthly,Electronic check,91.55,40,active,2023-04-29,
8064-RAVOH,Basic,Month-to-month,Monthly,Electronic check,49.85,1,active,2026-07-28,
0219-QAERP,Standard,One year,Annual,Credit card (automatic),19.8,30,active,2024-02-26,
0320-JDNQG,Basic,Month-to-month,Monthly,Electronic check,99.85,23,cancelled,2024-09-17,2026-09-09
7180-PISOG,Basic,Month-to-month,Monthly,Electronic check,74.5,1,cancelled,2026-08-02,2026-08-09
9168-INPSZ,Basic,Month-to-month,Monthly,Electronic check,104.15,44,active,2023-01-04,
3571-RFHAR,Basic,Month-to-month,Monthly,Electronic check,109.15,65,cancelled,2021-04-01,2026-08-03
0015-UOCOJ,Basic,Month-to-month,Monthly,Electronic check,48.2,7,active,2026-02-06,
5334-AFQJB,Pro,Two year,Annual,Credit card (automatic),25.1,72,active,2020-09-07,
2754-SDJRD,Basic,Month-to-month,Monthly,Credit card (automatic),100.15,8,active,2025-12-27,
9578-VRMNM,Basic,Month-to-month,Monthly,Credit card (automatic),65.2,16,cancelled,2025-05-08,2026-08-08
1587-FKLZB,Basic,Month-to-month,Monthly,Credit card (automatic),99.5,66,cancelled,2021-02-23,2026-08-24
6140-QNRQQ,Basic,Month-to-month,Monthly,Mailed check,71.55,1,cancelled,2026-07-26,2026-08-02
8963-JLGJT,Basic,Month-to-month,Monthly,Mailed check,55.9,3,active,2026-05-20,
4307-KTUMW,Basic,Month-to-month,Monthly,Electronic check,93.9,53,cancelled,2022-04-14,2026-08-12
1465-LNTLJ,Basic,Month-to-month,Monthly,Credit card (automatic),64.4,8,active,2026-01-06,
5440-FLBQG,Pro,Two year,Annual,Bank transfer (automatic),108.4,69,cancelled,2020-11-23,2026-07-23
2135-DQWAQ,Basic,Month-to-month,Monthly,Mailed check,85.3,5,active,2026-04-05,
4056-QHXHZ,Pro,Two year,Annual,Mailed check,107.45,72,active,2020-08-28,
7470-MCQTK,Basic,Month-to-month,Monthly,Bank transfer (automatic),48.75,13,cancelled,2025-07-26,2026-08-25
7488-MXJIV,Basic,Month-to-month,Monthly,Electronic check,85.65,4,cancelled,2026-04-22,2026-08-02
7401-JIXNM,Pro,Two year,Annual,Credit card (automatic),91.3,54,active,2022-03-12,
9339-FIIJL,Pro,Two year,Annual,Bank transfer (automatic),85.95,72,active,2020-09-09,
2027-FECZV,Basic,Month-to-month,Monthly,Electronic check,106.7,12,cancelled,2025-09-02,2026-09-07
2672-DZUOY,Basic,Month-to-month,Monthly,Electronic check,25.15,1,cancelled,2026-08-02,2026-08-03
4706-DGAHW,Basic,Month-to-month,Monthly,Electronic check,45.2,1,active,2026-07-21,
3870-MQAMG,Standard,One year,Annual,Electronic check,110.35,54,cancelled,2022-03-17,2026-08-03
6670-MFRPK,Pro,Two year,Annual,Credit card (automatic),79.2,69,active,2020-12-09,
6177-PEVRA,Pro,Two year,Annual,Credit card (automatic),55.5,48,active,2022-08-20,
4800-CZMPC,Standard,One year,Annual,Credit card (automatic),103.25,48,cancelled,2022-08-29,2026-09-01
4813-HQMGZ,Basic,Month-to-month,Monthly,Electronic check,90.25,8,active,2025-12-27,
7579-KKLOE,Pro,Two year,Annual,Mailed check,91.25,71,active,2020-10-09,
7377-DMMRI,Basic,Month-to-month,Monthly,Electronic check,47.8,2,cancelled,2026-06-30,2026-09-12
8402-EIVQS,Standard,One year,Annual,Credit card (automatic),100.9,67,active,2021-02-04,
4947-DSMXK,Basic,Month-to-month,Monthly,Bank transfer (automatic),97.7,34,active,2023-10-27,
7245-NIIWQ,Basic,Month-to-month,Monthly,Electronic check,69.85,3,active,2026-06-15,
0002-ORFBO,Standard,One year,Annual,Mailed check,65.6,9,active,2025-12-09,
3324-OIRTO,Standard,One year,Annual,Bank transfer (automatic),104.65,71,active,2020-09-27,
5414-OFQCB,Pro,Two year,Annual,Credit card (automatic),90.45,57,active,2021-11-28,
4967-WPNCF,Pro,Two year,Annual,Bank transfer (automatic),63.7,72,active,2020-08-22,
8552-OBVRU,Basic,Month-to-month,Monthly,Electronic check,104.5,48,active,2022-08-23,
8499-BRXTD,Standard,One year,Annual,Mailed check,20.1,18,active,2025-03-18,
9154-QDGTH,Standard,One year,Annual,Credit card (automatic),104.3,43,active,2023-02-14,
8197-BFWVU,Pro,Two year,Annual,Bank transfer (automatic),93.25,72,active,2020-09-06,
2577-GVSIL,Standard,One year,Annual,Bank transfer (automatic),73.45,35,active,2023-09-19,
9367-OIUXP,Basic,Month-to-month,Monthly,Mailed check,20.7,4,active,2026-05-04,
6770-UAYGJ,Pro,Two year,Annual,Mailed check,25.25,49,active,2022-07-22,
6463-HHXJR,Pro,Two year,Annual,Bank transfer (automatic),100.5,71,active,2020-10-15,
7928-VJYAB,Basic,Month-to-month,Monthly,Electronic check,90.6,11,active,2025-09-19,
1187-WILMM,Pro,Two year,Annual,Credit card (automatic),89.4,63,active,2021-06-16,
9776-OJUZI,Basic,Month-to-month,Monthly,Bank transfer (automatic),95.45,65,active,2021-03-24,
1306-RPWXZ,Pro,Two year,Annual,Credit card (automatic),20.45,49,active,2022-07-22,
8949-JTMAY,Basic,Month-to-month,Monthly,Credit card (automatic),98.6,29,cancelled,2024-04-09,2026-07-19
2774-LVQUS,Basic,Month-to-month,Monthly,Electronic check,83.05,15,cancelled,2025-06-08,2026-09-11
3097-PYWXL,Basic,Month-to-month,Monthly,Electronic check,19.95,4,active,2026-05-01,
2266-SJNAT,Standard,One year,Annual,Credit card (automatic),109.15,72,active,2020-08-26,
0869-PAPRP,Basic,Month-to-month,Monthly,Credit card (automatic),85.7,26,active,2024-07-14,
4238-JSSWH,Basic,Month-to-month,Monthly,Bank transfer (automatic),102.05,35,active,2023-10-10,
2972-YDYUW,Standard,One year,Annual,Electronic check,94.7,57,active,2021-11-24,
1104-FEJAM,Basic,Month-to-month,Monthly,Electronic check,64.4,28,active,2024-04-23,
2809-ILCYT,Standard,One year,Annual,Mailed check,26.8,25,active,2024-08-12,
5499-ECUTN,Standard,One year,Annual,Credit card (automatic),66.05,47,active,2022-09-21,
4981-FLTMF,Basic,Month-to-month,Monthly,Bank transfer (automatic),65.2,57,active,2021-11-20,
9121-PHQSR,Basic,Month-to-month,Monthly,Credit card (automatic),85.05,16,active,2025-04-21,
3113-IWHLC,Basic,Month-to-month,Monthly,Mailed check,55.8,5,active,2026-04-10,
3211-ILJTT,Basic,Month-to-month,Monthly,Bank transfer (automatic),70.4,17,cancelled,2025-03-28,2026-08-19
4612-THJBS,Standard,One year,Annual,Bank transfer (automatic),104.75,56,cancelled,2022-01-12,2026-09-15
4277-BWBML,Pro,Two year,Annual,Bank transfer (automatic),19.95,72,active,2020-09-11,
4094-NSEDU,Basic,Month-to-month,Monthly,Electronic check,94.25,21,cancelled,2024-12-14,2026-08-22
0234-TEVTT,Standard,One year,Annual,Credit card (automatic),45.0,48,active,2022-09-02,
4304-TSPVK,Pro,Two year,Annual,Bank transfer (automatic),114.9,68,active,2020-12-26,
1552-AAGRX,Basic,Month-to-month,Monthly,Bank transfer (automatic),106.4,30,active,2024-03-12,
2637-FKFSY,Basic,Month-to-month,Monthly,Mailed check,46.1,3,active,2026-06-12,
9796-MVYXX,Pro,Two year,Annual,Mailed check,39.7,14,active,2025-07-09,
7874-ECPQJ,Basic,Month-to-month,Monthly,Bank transfer (automatic),20.05,4,active,2026-05-13,
0020-INWCK,Pro,Two year,Annual,Credit card (automatic),95.75,71,active,2020-09-22,
7089-RKVSZ,Standard,One year,Annual,Mailed check,24.4,8,active,2026-01-11,
2683-JXWQQ,Basic,Month-to-month,Monthly,Bank transfer (automatic),33.6,61,active,2021-08-09,
9548-ZMVTX,Pro,Two year,Annual,Bank transfer (automatic),90.45,72,active,2020-09-07,
8739-XNIKG,Basic,Month-to-month,Monthly,Electronic check,84.0,5,active,2026-04-11,
9755-JHNMN,Pro,Two year,Annual,Bank transfer (automatic),67.4,49,active,2022-07-20,
3981-QSVQI,Basic,Month-to-month,Monthly,Bank transfer (automatic),19.7,8,active,2026-01-10,
2789-HQBOU,Basic,Month-to-month,Monthly,Electronic check,80.35,3,active,2026-06-03,
9424-CMPOG,Pro,Two year,Annual,Mailed check,19.6,9,active,2025-12-01,
5067-WJEUN,Pro,Two year,Annual,Bank transfer (automatic),54.2,67,active,2021-02-08,
3450-WXOAT,Basic,Month-to-month,Monthly,Credit card (automatic),45.2,46,active,2022-11-02,
9251-WNSOD,Standard,One year,Annual,Mailed check,75.1,67,active,2021-02-10,
6974-DAFLI,Standard,One year,Annual,Electronic check,19.7,55,active,2022-02-01,
2616-UUTFK,Basic,Month-to-month,Monthly,Bank transfer (automatic),72.75,33,active,2023-12-17,
7064-JHXCE,Pro,Two year,Annual,Credit card (automatic),20.05,62,active,2021-07-04,
5103-MHMHY,Basic,Month-to-month,Monthly,Mailed check,45.95,1,cancelled,2026-08-07,2026-07-29
7989-AWGEH,Basic,Month-to-month,Monthly,Electronic check,39.2,49,active,2022-08-07,
4373-VVHQL,Basic,Month-to-month,Monthly,Electronic check,44.75,1,active,2026-08-14,
4559-UWIHT,Basic,Month-to-month,Monthly,Electronic check,82.65,14,active,2025-06-18,
7268-IGMFD,Basic,Month-to-month,Monthly,Bank transfer (automatic),93.9,18,active,2025-03-18,
1846-XWOQN,Basic,Month-to-month,Monthly,Electronic check,70.15,1,cancelled,2026-08-13,2026-08-17
0235-KGSLC,Basic,Month-to-month,Monthly,Credit card (automatic),85.55,1,cancelled,2026-08-14,2026-09-01
6650-BWFRT,Pro,Two year,Annual,Credit card (automatic),117.15,72,active,2020-08-18,
9570-KYEUA,Pro,Two year,Annual,Credit card (automatic),99.25,64,active,2021-05-08,
6993-YGFJV,Pro,Two year,Annual,Bank transfer (automatic),112.55,69,active,2020-12-04,
2712-SYWAY,Basic,Month-to-month,Monthly,Electronic check,25.7,1,active,2026-07-26,
0730-BGQGF,Pro,Two year,Annual,Credit card (automatic),90.3,71,active,2020-10-15,
5498-IBWPI,Standard,One year,Annual,Credit card (automatic),49.4,66,active,2021-03-15,
9101-NTIXF,Basic,Month-to-month,Monthly,Mailed check,19.4,2,active,2026-07-13,
0013-SMEOE,Pro,Two year,Annual,Bank transfer (automatic),109.7,71,active,2020-09-26,
9314-QDMDW,Standard,One year,Annual,Electronic check,61.25,11,active,2025-09-18,
9308-ANMVE,Basic,Month-to-month,Monthly,Electronic check,55.3,47,active,2022-09-29,
2884-GBPFB,Basic,Month-to-month,Monthly,Electronic check,70.3,35,cancelled,2023-09-21,2026-08-23
3757-NJYBX,Basic,Month-to-month,Monthly,Bank transfer (automatic),106.35,32,cancelled,2023-12-21,2026-09-10
3413-DHLPB,Basic,Month-to-month,Monthly,Bank transfer (automatic),103.75,60,active,2021-09-08,
7649-PHJVR,Standard,One year,Annual,Mailed check,19.5,11,active,2025-10-12,
6114-TCFID,Standard,One year,Annual,Credit card (automatic),39.5,29,active,2024-04-13,
3787-TRIAL,Basic,Month-to-month,Monthly,Electronic check,26.05,21,active,2024-11-23,
2573-GYRUU,Basic,Month-to-month,Monthly,Credit card (automatic),91.05,48,active,2022-08-27,
5156-UMKOW,Basic,Month-to-month,Monthly,Mailed check,29.65,3,active,2026-05-23,
1247-QBVSH,Basic,Month-to-month,Monthly,Mailed check,50.2,43,active,2023-02-01,
6734-GMPVK,Basic,Month-to-month,Monthly,Electronic check,105.3,5,active,2026-03-19,
9822-OAOVB,Basic,Month-to-month,Monthly,Electronic check,55.45,1,active,2026-07-22,
6161-ERDGD,Standard,One year,Annual,Electronic check,85.45,71,active,2020-09-22,
1226-JZNKR,Standard,One year,Annual,Electronic check,19.8,8,active,2025-12-23,
7318-EIVKO,Basic,Month-to-month,Monthly,Electronic check,59.25,8,active,2026-01-13,
3771-PZOBW,Basic,Month-to-month,Monthly,Credit card (automatic),90.7,20,active,2024-12-25,
5136-KCKGI,Standard,One year,Annual,Mailed check,103.7,33,cancelled,2023-11-19,2026-08-11
8231-BSWXX,Standard,One year,Annual,Credit card (automatic),79.05,71,active,2020-10-08,
6486-LHTMA,Standard,One year,Annual,Electronic check,90.7,31,active,2024-01-23,
4083-BFNYK,Standard,One year,Annual,Credit card (automatic),95.0,38,active,2023-07-08,
3722-WPXTK,Basic,Month-to-month,Monthly,Electronic check,88.35,1,cancelled,2026-08-11,2026-09-15
7389-KBFIT,Basic,Month-to-month,Monthly,Mailed check,30.25,2,active,2026-06-27,
7176-WIONM,Basic,Month-to-month,Monthly,Bank transfer (automatic),49.85,12,active,2025-09-12,
5141-ZUVBH,Basic,Month-to-month,Monthly,Bank transfer (automatic),93.0,9,active,2025-12-03,
1089-HDMKP,Basic,Month-to-month,Monthly,Electronic check,54.55,11,active,2025-09-19,
7623-HKYRK,Basic,Month-to-month,Monthly,Mailed check,19.7,6,active,2026-03-14,
0310-SUCIN,Standard,One year,Annual,Bank transfer (automatic),84.8,71,active,2020-10-12,
5197-PYEPU,Standard,One year,Annual,Credit card (automatic),94.45,42,active,2023-02-18,
2929-ERCFZ,Basic,Month-to-month,Monthly,Electronic check,94.2,8,cancelled,2025-12-24,2026-08-26
7548-SEPYI,Basic,Month-to-month,Monthly,Electronic check,96.25,5,cancelled,2026-04-04,2026-09-12
8835-VSDSE,Basic,Month-to-month,Monthly,Electronic check,70.7,2,cancelled,2026-07-06,2026-09-01
6619-RPLQZ,Pro,Two year,Annual,Mailed check,20.85,45,active,2022-11-19,
3275-RHRNE,Standard,One year,Annual,Credit card (automatic),60.0,28,active,2024-04-26,
3503-TYDAY,Basic,Month-to-month,Monthly,Electronic check,80.45,43,active,2023-01-20,
6901-GOGZG,Pro,Two year,Annual,Electronic check,84.95,60,active,2021-09-14,
1623-NLDOT,Standard,One year,Annual,Mailed check,33.55,42,cancelled,2023-03-03,2026-09-12
7021-XSNYE,Pro,Two year,Annual,Credit card (automatic),49.65,7,active,2026-01-25,
9621-OUPYD,Standard,One year,Annual,Bank transfer (automatic),20.2,25,active,2024-08-15,
9898-KZQDZ,Basic,Month-to-month,Monthly,Credit card (automatic),94.55,40,cancelled,2023-05-03,2026-07-23
8982-NHAVY,Standard,One year,Annual,Bank transfer (automatic),100.5,27,active,2024-06-16,
4307-KWMXE,Basic,Month-to-month,Monthly,Electronic check,35.75,10,active,2025-10-20,
0141-YEAYS,Basic,Month-to-month,Monthly,Bank transfer (automatic),86.45,27,active,2024-05-28,
2450-ZKEED,Standard,One year,Annual,Bank transfer (automatic),53.8,11,active,2025-10-12,
3694-DELSO,Basic,Month-to-month,Monthly,Credit card (automatic),38.55,4,active,2026-05-03,
3893-JRNFS,Basic,Month-to-month,Monthly,Bank transfer (automatic),39.9,68,active,2021-01-13,
9603-OAIHC,Basic,Month-to-month,Monthly,Electronic check,70.05,1,active,2026-07-24,
1133-KXCGE,Standard,One year,Annual,Mailed check,20.1,18,active,2025-03-13,
5236-PERKL,Pro,Two year,Annual,Bank transfer (automatic),112.95,57,cancelled,2021-11-28,2026-08-01
0142-GVYSN,Basic,Month-to-month,Monthly,Electronic check,20.3,26,active,2024-07-15,
1049-FYSYG,Basic,Month-to-month,Monthly,Credit card (automatic),35.65,17,active,2025-04-13,
7854-FOKSF,Basic,Month-to-month,Monthly,Electronic check,35.9,1,cancelled,2026-07-19,2026-07-23
2519-FAKOD,Basic,Month-to-month,Monthly,Bank transfer (automatic),99.25,38,cancelled,2023-07-07,2026-08-06
8406-LNMHF,Standard,One year,Annual,Credit card (automatic),82.95,59,active,2021-10-14,
1821-BUCWY,Pro,Two year,Annual,Mailed check,55.65,30,active,2024-02-26,
8263-JQAIK,Basic,Month-to-month,Monthly,Mailed check,24.45,2,cancelled,2026-07-12,2026-08-17
0023-UYUPN,Standard,One year,Annual,Electronic check,25.2,50,active,2022-06-30,
8314-DPQHL,Standard,One year,Annual,Mailed check,50.8,9,active,2025-11-23,
1465-WCZVT,Basic,Month-to-month,Monthly,Mailed check,19.65,3,active,2026-05-28,
9481-SFCQY,Basic,Month-to-month,Monthly,Credit card (automatic),59.8,14,active,2025-07-10,
6360-SVNWV,Basic,Month-to-month,Monthly,Credit card (automatic),73.55,31,active,2024-02-09,
0567-GGCAC,Basic,Month-to-month,Monthly,Electronic check,61.4,7,active,2026-02-09,
7089-IVVAZ,Basic,Month-to-month,Monthly,Bank transfer (automatic),103.35,8,cancelled,2025-12-29,2026-09-05
8884-MRNSU,Standard,One year,Annual,Bank transfer (automatic),19.9,17,active,2025-03-28,
2171-UDMFD,Basic,Month-to-month,Monthly,Credit card (automatic),19.45,32,active,2024-01-01,
9050-IKDZA,Basic,Month-to-month,Monthly,Mailed check,81.5,2,active,2026-07-07,
2205-YMZZJ,Basic,Month-to-month,Monthly,Electronic check,84.8,7,cancelled,2026-02-14,2026-07-21
9802-CAQUT,Pro,Two year,Annual,Credit card (automatic),109.55,72,active,2020-08-22,
1254-IZEYF,Basic,Month-to-month,Monthly,Electronic check,99.95,31,cancelled,2024-01-28,2026-07-23
0187-WZNAB,Basic,Month-to-month,Monthly,Mailed check,74.4,27,active,2024-05-29,
9492-TOKRI,Basic,Month-to-month,Monthly,Credit card (automatic),90.0,18,cancelled,2025-03-15,2026-08-22
1475-VWVDO,Basic,Month-to-month,Monthly,Electronic check,74.9,7,active,2026-02-07,
9221-OTIVJ,Basic,Month-to-month,Monthly,Electronic check,104.85,14,cancelled,2025-07-08,2026-09-02
1357-MVDOZ,Basic,Month-to-month,Monthly,Bank transfer (automatic),59.65,11,active,2025-09-30,
7602-MVRMB,Pro,Two year,Annual,Bank transfer (automatic),110.45,72,active,2020-08-24,
3325-FUYCG,Standard,One year,Annual,Electronic check,106.1,28,cancelled,2024-04-22,2026-08-24
5908-QMGOE,Basic,Month-to-month,Monthly,Credit card (automatic),74.2,15,cancelled,2025-06-02,2026-08-23
1197-BVMVG,Basic,Month-to-month,Monthly,Electronic check,74.45,4,active,2026-05-08,
5406-KGRMX,Pro,Two year,Annual,Electronic check,24.55,71,active,2020-10-04,
8481-YYXWG,Basic,Month-to-month,Monthly,Electronic check,89.35,5,cancelled,2026-03-26,2026-07-23
5968-HYJRZ,Pro,Two year,Annual,Mailed check,24.55,47,active,2022-10-08,
5198-EFNBM,Standard,One year,Annual,Electronic check,90.65,57,active,2021-12-04,
7516-GMHUV,Pro,Two year,Annual,Credit card (automatic),105.05,50,active,2022-06-24,
7140-ADSMJ,Basic,Month-to-month,Monthly,Credit card (automatic),20.45,8,active,2025-12-31,
2230-XTUWL,Pro,Two year,Annual,Mailed check,19.55,48,active,2022-09-02,
7706-YLMQA,Standard,One year,Annual,Bank transfer (automatic),19.7,70,active,2020-10-25,
2585-KTFRE,Basic,Month-to-month,Monthly,Bank transfer (automatic),70.45,1,active,2026-08-09,
7994-UYIVZ,Basic,Month-to-month,Monthly,Bank transfer (automatic),85.65,8,active,2026-01-15,
2609-IAICY,Basic,Month-to-month,Monthly,Electronic check,77.15,1,cancelled,2026-07-25,2026-09-12
1740-CSDJP,Basic,Month-to-month,Monthly,Bank transfer (automatic),35.25,1,cancelled,2026-08-04,2026-08-09
7717-BICXI,Pro,Two year,Annual,Mailed check,20.55,60,active,2021-09-07,
6559-RAKOZ,Standard,One year,Annual,Electronic check,97.95,49,active,2022-08-15,
2636-OHFMN,Basic,Month-to-month,Monthly,Electronic check,48.55,4,cancelled,2026-04-21,2026-08-01
4716-MRVEN,Standard,One year,Annual,Mailed check,20.0,29,active,2024-03-27,
2143-LJULT,Pro,Two year,Annual,Credit card (automatic),25.25,67,active,2021-02-07,
1323-OOEPC,Basic,Month-to-month,Monthly,Credit card (automatic),98.4,53,cancelled,2022-03-30,2026-08-02
3200-MNQTF,Pro,Two year,Annual,Credit card (automatic),70.9,67,active,2021-02-02,
6164-HXUGH,Basic,Month-to-month,Monthly,Mailed check,19.85,6,active,2026-03-09,
5630-IXDXV,Basic,Month-to-month,Monthly,Electronic check,106.35,47,active,2022-10-08,
0320-DWVTU,Pro,Two year,Annual,Mailed check,99.5,53,active,2022-04-15,
9135-MGVPY,Pro,Two year,Annual,Mailed check,84.7,69,active,2020-11-17,
1212-GLHMD,Basic,Month-to-month,Monthly,Mailed check,86.05,3,active,2026-05-21,
7878-JGDKK,Basic,Month-to-month,Monthly,Mailed check,44.55,4,active,2026-04-22,
1088-AUUZZ,Pro,Two year,Annual,Credit card (automatic),75.85,56,active,2022-01-07,
0397-GZBBC,Basic,Month-to-month,Monthly,Bank transfer (automatic),93.85,59,cancelled,2021-09-18,2026-09-04
6614-YWYSC,Pro,Two year,Annual,Bank transfer (automatic),25.0,61,active,2021-08-09,
9588-OZDMQ,Basic,Month-to-month,Monthly,Electronic check,45.0,2,active,2026-06-24,
7641-EUYET,Basic,Month-to-month,Monthly,Electronic check,100.7,46,cancelled,2022-11-13,2026-08-22
6476-EPYZR,Basic,Month-to-month,Monthly,Mailed check,20.5,12,active,2025-09-07,
9921-ZVRHG,Basic,Month-to-month,Monthly,Electronic check,80.45,14,cancelled,2025-06-30,2026-08-26
1174-FGIFN,Standard,One year,Annual,Electronic check,90.45,28,active,2024-04-18,
6620-HVDUJ,Basic,Month-to-month,Monthly,Bank transfer (automatic),60.45,24,active,2024-09-09,
4701-MLJPN,Basic,Month-to-month,Monthly,Electronic check,55.25,31,cancelled,2024-02-04,2026-08-22
1032-MAELW,Standard,One year,Annual,Electronic check,78.45,68,active,2020-12-22,
7641-TQFHN,Pro,Two year,Annual,Mailed check,100.55,39,active,2023-06-03,
1552-TKMXS,Basic,Month-to-month,Monthly,Credit card (automatic),20.35,42,active,2023-02-26,
9206-GVPEQ,Basic,Month-to-month,Monthly,Electronic check,54.45,13,cancelled,2025-08-05,2026-09-10
8622-ZLFKO,Basic,Month-to-month,Monthly,Electronic check,90.75,6,active,2026-03-18,
1596-BBVTG,Basic,Month-to-month,Monthly,Credit card (automatic),75.35,35,cancelled,2023-10-09,2026-09-11
6188-UXBBR,Standard,One year,Annual,Credit card (automatic),20.25,38,active,2023-07-02,
2333-KWEWW,Pro,Two year,Annual,Credit card (automatic),20.05,18,active,2025-03-18,
5702-SKUOB,Basic,Month-to-month,Monthly,Mailed check,19.6,4,active,2026-05-12,
1134-YWTYF,Basic,Month-to-month,Monthly,Electronic check,53.8,27,active,2024-05-20,
6061-GWWAV,Standard,One year,Annual,Mailed check,70.2,41,active,2023-04-17,
0679-TDGAK,Standard,One year,Annual,Electronic check,75.5,50,active,2022-07-10,
6585-WCEWR,Pro,Two year,Annual,Electronic check,20.35,72,active,2020-08-29,
9067-YGSCA,Standard,One year,Annual,Credit card (automatic),26.05,70,active,2020-10-31,
9067-SQTNS,Standard,One year,Annual,Bank transfer (automatic),20.6,44,active,2023-01-10,
8433-WXGNA,Basic,Month-to-month,Monthly,Electronic check,75.7,2,cancelled,2026-07-17,2026-09-14
1776-SPBWV,Standard,One year,Annual,Bank transfer (automatic),20.1,34,active,2023-10-22,
8735-SDUFN,Pro,Two year,Annual,Bank transfer (automatic),24.3,72,active,2020-08-31,
9668-PUGNU,Pro,Two year,Annual,Electronic check,24.5,71,active,2020-09-29,
9405-GPBBG,Pro,Two year,Annual,Credit card (automatic),110.5,64,active,2021-05-16,
1926-QUZNN,Pro,Two year,Annual,Bank transfer (automatic),25.25,72,active,2020-09-10,
3707-GNWHM,Basic,Month-to-month,Monthly,Mailed check,74.25,1,cancelled,2026-08-15,2026-07-20
7016-NVRIC,Standard,One year,Annual,Bank transfer (automatic),90.1,29,active,2024-03-19,
5829-NVSQN,Standard,One year,Annual,Bank transfer (automatic),68.75,23,active,2024-09-23,
9565-AXSMR,Pro,Two year,Annual,Mailed check,19.2,52,active,2022-05-02,
8922-LIEGH,Basic,Month-to-month,Monthly,Electronic check,89.7,25,cancelled,2024-07-27,2026-08-22
8869-LIHMK,Pro,Two year,Annual,Bank transfer (automatic),115.1,64,active,2021-05-13,
8245-UMPYT,Basic,Month-to-month,Monthly,Electronic check,96.4,16,cancelled,2025-04-18,2026-09-02
5186-SAMNZ,Basic,Month-to-month,Monthly,Bank transfer (automatic),69.5,1,cancelled,2026-08-02,2026-07-30
0447-RXSGD,Basic,Month-to-month,Monthly,Bank transfer (automatic),99.65,24,active,2024-09-01,
4927-WWOOZ,Basic,Month-to-month,Monthly,Electronic check,91.45,2,active,2026-06-20,
5788-YPOEG,Pro,Two year,Annual,Mailed check,84.75,34,active,2023-11-15,
5373-SFODM,Basic,Month-to-month,Monthly,Credit card (automatic),85.25,36,cancelled,2023-09-05,2026-08-17
0661-KBKPA,Standard,One year,Annual,Mailed check,78.75,53,active,2022-04-15,
9081-WWXKP,Pro,Two year,Annual,Credit card (automatic),20.25,47,active,2022-10-05,
0784-ZQJZX,Pro,Two year,Annual,Credit card (automatic),19.9,72,active,2020-09-08,
3133-PZNSR,Pro,Two year,Annual,Credit card (automatic),97.75,72,active,2020-09-03,
5766-ZJYBB,Basic,Month-to-month,Monthly,Mailed check,19.4,1,cancelled,2026-07-27,2026-08-25
8931-GJJIQ,Basic,Month-to-month,Monthly,Electronic check,83.3,9,cancelled,2025-12-09,2026-09-09
4277-PVRAN,Basic,Month-to-month,Monthly,Bank transfer (automatic),80.1,8,cancelled,2026-01-15,2026-08-24
0022-TCJCI,Standard,One year,Annual,Credit card (automatic),62.7,45,cancelled,2022-12-13,2026-08-08
0722-SVSFK,Basic,Month-to-month,Monthly,Electronic check,100.4,7,active,2026-01-25,
3612-YVGSJ,Pro,Two year,Annual,Credit card (automatic),24.45,71,active,2020-09-29,
9825-YCXWZ,Standard,One year,Annual,Bank transfer (automatic),101.1,41,active,2023-03-19,
5397-NSKQG,Pro,Two year,Annual,Credit card (automatic),50.9,67,active,2021-01-20,
8565-HBFNN,Standard,One year,Annual,Credit card (automatic),107.2,69,active,2020-12-12,
2000-DHJUY,Pro,Two year,Annual,Bank transfer (automatic),92.2,70,active,2020-10-25,
0203-HHYIJ,Standard,One year,Annual,Bank transfer (automatic),25.3,25,cancelled,2024-08-14,2026-08-10
8670-ERCJH,Pro,Two year,Annual,Bank transfer (automatic),113.4,72,active,2020-09-14,
7758-UJWYS,Pro,Two year,Annual,Electronic check,40.55,34,active,2023-10-25,
2050-ONYDQ,Pro,Two year,Annual,Credit card (automatic),26.0,65,active,2021-04-05,
7055-JCGNI,Pro,Two year,Annual,Credit card (automatic),111.95,70,active,2020-10-18,
0739-UUAJR,Pro,Two year,Annual,Credit card (automatic),53.8,72,active,2020-09-16,
4826-DXMUP,Standard,One year,Annual,Mailed check,72.1,35,active,2023-10-02,
0952-KMEEH,Basic,Month-to-month,Monthly,Mailed check,98.15,13,cancelled,2025-08-08,2026-08-23
7285-KLOTR,Standard,One year,Annual,Electronic check,78.85,12,active,2025-08-18,
0654-PQKDW,Standard,One year,Annual,Bank transfer (automatic),70.75,62,active,2021-06-27,
7175-NTIXE,Basic,Month-to-month,Monthly,Credit card (automatic),76.15,25,active,2024-07-24,
7963-SHNDT,Pro,Two year,Annual,Mailed check,39.1,52,active,2022-05-10,
9796-BPKIW,Basic,Month-to-month,Monthly,Credit card (automatic),69.95,8,active,2025-12-21,
0188-GWFLE,Basic,Month-to-month,Monthly,Mailed check,20.05,2,active,2026-06-23,
8129-GMVGI,Pro,Two year,Annual,Mailed check,20.05,56,active,2021-12-24,
2882-DDZPG,Basic,Month-to-month,Monthly,Bank transfer (automatic),19.45,12,active,2025-09-02,
3547-LQRIK,Standard,One year,Annual,Electronic check,26.9,47,active,2022-09-20,
9137-NOQKA,Basic,Month-to-month,Monthly,Electronic check,19.2,2,active,2026-06-28,
5843-TTHGI,Basic,Month-to-month,Monthly,Mailed check,50.0,18,active,2025-03-17,
1849-RJYIG,Basic,Month-to-month,Monthly,Electronic check,60.0,8,active,2025-12-21,
8868-GAGIO,Basic,Month-to-month,Monthly,Mailed check,84.55,45,active,2022-12-17,
4061-UKJWL,Basic,Month-to-month,Monthly,Mailed check,45.45,3,active,2026-05-28,
5380-XPJNZ,Standard,One year,Annual,Mailed check,20.05,38,active,2023-07-11,
8263-QMNTJ,Pro,Two year,Annual,Electronic check,115.55,72,active,2020-08-21,
8178-EYZUO,Basic,Month-to-month,Monthly,Electronic check,93.7,46,cancelled,2022-10-26,2026-08-10
3230-JCNZS,Pro,Two year,Annual,Credit card (automatic),99.0,71,active,2020-09-22,
0277-ORXQS,Pro,Two year,Annual,Bank transfer (automatic),50.55,66,active,2021-02-25,
5130-IEKQT,Basic,Month-to-month,Monthly,Mailed check,105.95,25,cancelled,2024-07-30,2026-08-01
3230-WYKIR,Standard,One year,Annual,Credit card (automatic),82.0,18,cancelled,2025-02-21,2026-07-23
7996-BPXHY,Pro,Two year,Annual,Bank transfer (automatic),25.0,13,active,2025-08-09,
3227-WLKLI,Pro,Two year,Annual,Bank transfer (automatic),91.55,65,active,2021-04-02,
0407-BDJKB,Basic,Month-to-month,Monthly,Electronic check,95.75,60,cancelled,2021-09-08,2026-08-15
2266-FUBDZ,Pro,Two year,Annual,Mailed check,19.35,15,active,2025-06-14,
8237-ULIXL,Pro,Two year,Annual,Credit card (automatic),24.85,72,active,2020-08-21,
9600-UDOPK,Basic,Month-to-month,Monthly,Credit card (automatic),94.05,30,cancelled,2024-03-03,2026-09-02
8216-AZUUZ,Pro,Two year,Annual,Electronic check,100.4,42,active,2023-03-17,
9153-BTBVV,Pro,Two year,Annual,Bank transfer (automatic),25.0,71,active,2020-09-22,
4074-SJFFA,Basic,Month-to-month,Monthly,Mailed check,54.75,1,cancelled,2026-07-20,2026-09-08
3269-ATYWD,Basic,Month-to-month,Monthly,Bank transfer (automatic),95.65,39,cancelled,2023-05-29,2026-09-06
5186-PEIZU,Basic,Month-to-month,Monthly,Bank transfer (automatic),19.25,35,active,2023-10-08,
1074-AMIOH,Basic,Month-to-month,Monthly,Bank transfer (automatic),108.25,53,active,2022-03-23,
4910-GMJOT,Basic,Month-to-month,Monthly,Electronic check,94.6,1,cancelled,2026-07-26,2026-09-15
0354-WYROK,Basic,Month-to-month,Monthly,Electronic check,98.9,31,cancelled,2024-02-08,2026-08-14
4361-FEBGN,Pro,Two year,Annual,Credit card (automatic),20.15,48,active,2022-09-07,
7748-UMTRK,Basic,Month-to-month,Monthly,Electronic check,101.3,30,active,2024-02-17,
0380-ZCSBI,Basic,Month-to-month,Monthly,Credit card (automatic),20.0,10,active,2025-10-19,
7145-FEJWU,Basic,Month-to-month,Monthly,Electronic check,105.3,12,active,2025-08-27,
6463-MVYRY,Pro,Two year,Annual,Bank transfer (automatic),69.85,57,active,2021-12-15,
3969-JQABI,Basic,Month-to-month,Monthly,Credit card (automatic),65.25,58,active,2021-11-10,
9624-EGDEQ,Pro,Two year,Annual,Mailed check,19.8,37,active,2023-08-07,
1051-EQPZR,Basic,Month-to-month,Monthly,Mailed check,19.6,44,active,2022-12-31,
5849-ASHZJ,Standard,One year,Annual,Credit card (automatic),20.05,27,active,2024-05-22,
5780-INQIK,Basic,Month-to-month,Monthly,Electronic check,49.4,8,active,2025-12-22,
7576-OYWBN,Basic,Month-to-month,Monthly,Electronic check,76.05,3,cancelled,2026-06-09,2026-09-03
4526-ZJJTM,Basic,Month-to-month,Monthly,Bank transfer (automatic),88.4,25,active,2024-08-13,
8384-FZBJK,Basic,Month-to-month,Monthly,Electronic check,100.6,57,active,2021-12-08,
3750-RNQKR,Basic,Month-to-month,Monthly,Mailed check,19.45,12,active,2025-09-09,
0962-CQPWQ,Pro,Two year,Annual,Bank transfer (automatic),20.3,62,active,2021-06-21,
3096-YXENJ,Pro,Two year,Annual,Bank transfer (automatic),107.65,65,active,2021-04-17,
1265-BCFEO,Pro,Two year,Annual,Bank transfer (automatic),80.45,71,active,2020-09-22,
5837-LXSDN,Standard,One year,Annual,Credit card (automatic),58.85,21,active,2024-11-27,
5945-AZYHT,Standard,One year,Annual,Electronic check,109.6,71,active,2020-10-13,
8325-QRPZR,Basic,Month-to-month,Monthly,Electronic check,75.15,7,active,2026-01-26,
6384-VMJHP,Pro,Two year,Annual,Credit card (automatic),73.0,72,active,2020-08-30,
2262-SLNVK,Basic,Month-to-month,Monthly,Electronic check,70.1,1,active,2026-08-17,
7730-CLDSV,Pro,Two year,Annual,Bank transfer (automatic),98.65,72,active,2020-09-10,
1135-HIORI,Standard,One year,Annual,Electronic check,111.45,64,active,2021-05-07,
0164-APGRB,Pro,Two year,Annual,Electronic check,114.9,72,active,2020-09-10,
6481-ESCNL,Basic,Month-to-month,Monthly,Bank transfer (automatic),100.55,29,active,2024-03-31,
1790-NESIO,Pro,Two year,Annual,Mailed check,20.4,13,active,2025-07-30,
1550-EENBN,Basic,Month-to-month,Monthly,Electronic check,104.35,31,active,2024-02-11,
5539-TMZLF,Basic,Month-to-month,Monthly,Electronic check,69.75,1,cancelled,2026-08-14,2026-09-02
4323-SADQS,Basic,Month-to-month,Monthly,Electronic check,34.5,7,cancelled,2026-01-27,2026-08-04
4446-BZKHU,Basic,Month-to-month,Monthly,Electronic check,105.55,61,cancelled,2021-08-03,2026-08-28
5202-IVJNU,Basic,Month-to-month,Monthly,Credit card (automatic),30.1,39,cancelled,2023-06-10,2026-07-29
5976-JCJRH,Basic,Month-to-month,Monthly,Electronic check,70.3,10,cancelled,2025-11-09,2026-09-07
8198-RKSZG,Basic,Month-to-month,Monthly,Credit card (automatic),80.45,14,active,2025-07-16,
0137-OCGAB,Basic,Month-to-month,Monthly,Mailed check,80.2,1,cancelled,2026-07-23,2026-08-26
3351-NQLDI,Standard,One year,Annual,Credit card (automatic),94.35,67,cancelled,2021-01-21,2026-09-12
9297-EONCV,Pro,Two year,Annual,Bank transfer (automatic),91.35,72,active,2020-08-31,
7593-JNWRU,Basic,Month-to-month,Monthly,Bank transfer (automatic),44.6,6,cancelled,2026-03-08,2026-08-15
4588-YBNIB,Basic,Month-to-month,Monthly,Mailed check,19.6,1,cancelled,2026-08-11,2026-09-08
1069-QJOEE,Standard,One year,Annual,Electronic check,19.9,25,active,2024-08-07,
3336-JORSO,Basic,Month-to-month,Monthly,Electronic check,110.45,33,cancelled,2023-11-20,2026-09-01
7799-DSEWS,Basic,Month-to-month,Monthly,Electronic check,68.35,18,active,2025-03-16,
8766-PAFNE,Pro,Two year,Annual,Credit card (automatic),79.1,71,active,2020-09-22,
5315-CKEQK,Standard,One year,Annual,Electronic check,51.0,28,active,2024-05-08,
3130-ICDUP,Basic,Month-to-month,Monthly,Credit card (automatic),80.55,2,active,2026-07-11,
0820-FNRNX,Basic,Month-to-month,Monthly,Mailed check,66.7,17,active,2025-03-24,
0880-FVFWF,Basic,Month-to-month,Monthly,Electronic check,86.4,56,active,2021-12-19,
4611-ANLQC,Standard,One year,Annual,Electronic check,50.05,60,active,2021-08-18,
4213-HKBJO,Pro,Two year,Annual,Credit card (automatic),25.7,33,active,2023-12-09,
2792-LSHWX,Basic,Month-to-month,Monthly,Mailed check,83.4,1,active,2026-07-31,
5028-GZLDO,Basic,Month-to-month,Monthly,Credit card (automatic),70.7,2,cancelled,2026-07-10,2026-08-03
0014-BMAQU,Pro,Two year,Annual,Credit card (automatic),84.65,63,active,2021-06-12,
6861-XWTWQ,Basic,Month-to-month,Monthly,Electronic check,99.25,7,cancelled,2026-02-04,2026-07-26
9018-PCIOK,Pro,Two year,Annual,Mailed check,64.75,55,active,2022-02-14,
4837-QUSFT,Standard,One year,Annual,Bank transfer (automatic),100.15,65,active,2021-04-13,
6877-TJMBR,Basic,Month-to-month,Monthly,Electronic check,84.8,1,cancelled,2026-07-31,2026-08-14
9953-ZMKSM,Pro,Two year,Annual,Mailed check,25.25,63,active,2021-05-28,
0907-HQNTS,Pro,Two year,Annual,Credit card (automatic),113.0,70,active,2020-11-08,
7665-NKLAV,Pro,Two year,Annual,Credit card (automatic),40.65,36,active,2023-09-01,
6769-DCQLI,Standard,One year,Annual,Bank transfer (automatic),105.0,52,cancelled,2022-04-26,2026-07-21
2433-KMEAS,Basic,Month-to-month,Monthly,Electronic check,54.45,22,cancelled,2024-10-21,2026-08-02
4391-LNRXK,Basic,Month-to-month,Monthly,Bank transfer (automatic),94.95,22,active,2024-10-30,
8250-ZNGGW,Basic,Month-to-month,Monthly,Credit card (automatic),59.9,5,active,2026-04-10,
2195-ZRVAX,Basic,Month-to-month,Monthly,Electronic check,85.3,47,cancelled,2022-09-26,2026-08-02
3550-SAHFP,Basic,Month-to-month,Monthly,Electronic check,83.35,33,cancelled,2023-12-12,2026-07-19
2011-TRQYE,Basic,Month-to-month,Monthly,Credit card (automatic),33.5,18,cancelled,2025-03-14,2026-09-10
8562-GHPPI,Basic,Month-to-month,Monthly,Credit card (automatic),19.8,1,active,2026-08-07,
5893-PYOLZ,Pro,Two year,Annual,Credit card (automatic),81.8,56,active,2022-01-07,
4986-MXSFP,Basic,Month-to-month,Monthly,Mailed check,20.0,2,active,2026-07-14,
6131-FOYAS,Basic,Month-to-month,Monthly,Electronic check,59.6,35,active,2023-10-16,
3027-YNWZU,Pro,Two year,Annual,Credit card (automatic),25.0,64,active,2021-04-19,
5609-IMCGG,Basic,Month-to-month,Monthly,Credit card (automatic),84.35,15,active,2025-05-28,
4873-ILOLJ,Basic,Month-to-month,Monthly,Electronic check,90.35,24,cancelled,2024-08-26,2026-09-02
4727-MCYZG,Basic,Month-to-month,Monthly,Mailed check,55.55,1,active,2026-08-16,
9481-WHGWY,Pro,Two year,Annual,Credit card (automatic),75.35,70,active,2020-10-24,
2725-KXXWT,Basic,Month-to-month,Monthly,Electronic check,90.75,1,cancelled,2026-08-07,2026-08-21
9565-DJPIB,Basic,Month-to-month,Monthly,Mailed check,89.6,4,cancelled,2026-04-26,2026-08-10
4328-VUFWD,Standard,One year,Annual,Electronic check,59.3,39,active,2023-06-03,
3301-LSLWQ,Basic,Month-to-month,Monthly,Electronic check,66.1,29,active,2024-04-10,
7473-ZBDSN,Pro,Two year,Annual,Mailed check,18.8,14,active,2025-07-10,
3166-PNEOF,Pro,Two year,Annual,Credit card (automatic),86.45,61,active,2021-08-13,
5639-NTUPK,Basic,Month-to-month,Monthly,Credit card (automatic),52.1,13,active,2025-07-24,
8780-YRMTT,Pro,Two year,Annual,Mailed check,47.4,66,active,2021-03-05,
8348-HFYIV,Basic,Month-to-month,Monthly,Electronic check,49.25,2,cancelled,2026-06-25,2026-07-19
5140-FOMCQ,Standard,One year,Annual,Credit card (automatic),109.15,59,active,2021-09-23,
6242-SGYTS,Standard,One year,Annual,Credit card (automatic),94.95,62,active,2021-07-12,
8166-ORCHU,Standard,One year,Annual,Electronic check,93.55,33,active,2023-12-08,
8414-OOEEL,Pro,Two year,Annual,Credit card (automatic),79.5,66,active,2021-03-14,
8454-AATJP,Pro,Two year,Annual,Credit card (automatic),115.05,72,active,2020-09-16,
6849-WLEYG,Basic,Month-to-month,Monthly,Mailed check,19.75,1,cancelled,2026-07-19,2026-09-10
4659-NZRUF,Basic,Month-to-month,Monthly,Electronic check,95.15,19,cancelled,2025-01-27,2026-09-02
4531-AUZNK,Standard,One year,Annual,Mailed check,95.15,51,active,2022-06-04,
4191-XOVOM,Basic,Month-to-month,Monthly,Electronic check,105.4,63,active,2021-06-11,
2150-OEGBV,Standard,One year,Annual,Bank transfer (automatic),20.1,27,active,2024-05-31,
8429-XIBUM,Basic,Month-to-month,Monthly,Bank transfer (automatic),101.35,22,cancelled,2024-10-31,2026-08-29
1855-CFULU,Basic,Month-to-month,Monthly,Mailed check,20.05,4,active,2026-05-12,
4878-BUNFV,Pro,Two year,Annual,Mailed check,20.7,42,active,2023-03-18,
1872-EBWSC,Standard,One year,Annual,Mailed check,20.35,29,active,2024-04-03,
2608-BHKFN,Basic,Month-to-month,Monthly,Credit card (automatic),70.05,4,cancelled,2026-05-03,2026-08-07
7026-YMSBE,Standard,One year,Annual,Mailed check,19.7,30,active,2024-02-23,
7341-LXCAF,Basic,Month-to-month,Monthly,Electronic check,74.65,4,cancelled,2026-05-07,2026-07-21
6997-UVGOX,Pro,Two year,Annual,Bank transfer (automatic),85.45,71,active,2020-10-14,
9674-EHPPG,Pro,Two year,Annual,Credit card (automatic),40.4,46,active,2022-10-21,
9462-MJUAW,Basic,Month-to-month,Monthly,Mailed check,50.4,4,cancelled,2026-05-06,2026-07-22
8128-YVJRG,Basic,Month-to-month,Monthly,Mailed check,79.65,7,cancelled,2026-01-25,2026-08-02
5440-VHLUL,Standard,One year,Annual,Bank transfer (automatic),105.2,69,active,2020-12-15,
5781-BKHOP,Pro,Two year,Annual,Bank transfer (automatic),100.65,72,active,2020-09-15,
4283-FUTGF,Basic,Month-to-month,Monthly,Electronic check,79.85,19,cancelled,2025-02-15,2026-08-01
5213-TWWJU,Basic,Month-to-month,Monthly,Electronic check,91.0,28,active,2024-04-24,
1569-TTNYJ,Basic,Month-to-month,Monthly,Electronic check,78.75,5,cancelled,2026-04-10,2026-08-22
8628-MFKAX,Pro,Two year,Annual,Credit card (automatic),116.75,72,active,2020-08-24,
2397-BRLOM,Basic,Month-to-month,Monthly,Credit card (automatic),80.45,8,cancelled,2025-12-19,2026-08-11
7629-WIXZF,Standard,One year,Annual,Electronic check,59.1,7,active,2026-01-27,
5445-GLVOT,Basic,Month-to-month,Monthly,Electronic check,49.8,22,active,2024-10-18,
3976-HXHCE,Pro,Two year,Annual,Bank transfer (automatic),19.3,72,active,2020-08-20,
2466-NEJOJ,Basic,Month-to-month,Monthly,Credit card (automatic),19.65,8,active,2025-12-26,
0254-KCJGT,Standard,One year,Annual,Credit card (automatic),81.4,52,active,2022-04-24,
5472-CVMDX,Pro,Two year,Annual,Mailed check,38.9,68,active,2020-12-29,
6461-SZMCV,Pro,Two year,Annual,Bank transfer (automatic),87.95,71,active,2020-10-10,
8150-QUDFX,Basic,Month-to-month,Monthly,Mailed check,19.85,2,active,2026-07-15,
9508-ILZDG,Basic,Month-to-month,Monthly,Electronic check,96.35,34,active,2023-11-06,
2346-DJQTB,Basic,Month-to-month,Monthly,Electronic check,24.15,35,active,2023-10-03,
1697-LYYYX,Standard,One year,Annual,Credit card (automatic),19.1,61,active,2021-08-07,
1942-OQFRW,Basic,Month-to-month,Monthly,Electronic check,44.0,1,active,2026-08-14,
4749-VFKVB,Basic,Month-to-month,Monthly,Mailed check,50.1,1,cancelled,2026-08-02,2026-09-05
9640-ZSLDC,Standard,One year,Annual,Credit card (automatic),60.6,53,active,2022-04-03,
4231-LZUYM,Pro,Two year,Annual,Bank transfer (automatic),25.65,72,active,2020-08-19,
7598-UAASY,Basic,Month-to-month,Monthly,Electronic check,76.4,2,cancelled,2026-06-20,2026-08-17
7938-OUHIO,Basic,Month-to-month,Monthly,Electronic check,98.7,3,cancelled,2026-05-30,2026-08-29
8510-AWCXC,Basic,Month-to-month,Monthly,Electronic check,100.8,13,cancelled,2025-07-23,2026-07-23
6128-AQBMT,Basic,Month-to-month,Monthly,Electronic check,53.95,41,active,2023-04-08,
3594-BDSOA,Standard,One year,Annual,Credit card (automatic),20.4,24,active,2024-08-18,
0431-APWVY,Standard,One year,Annual,Bank transfer (automatic),90.1,28,cancelled,2024-04-19,2026-08-25
5133-VRSAB,Basic,Month-to-month,Monthly,Mailed check,29.35,8,active,2026-01-13,
5996-DAOQL,Basic,Month-to-month,Monthly,Mailed check,20.45,1,active,2026-07-27,
6838-YAUVY,Pro,Two year,Annual,Bank transfer (automatic),95.1,54,active,2022-03-05,
0484-JPBRU,Basic,Month-to-month,Monthly,Bank transfer (automatic),25.25,41,active,2023-04-10,
7883-ROJOC,Basic,Month-to-month,Monthly,Mailed check,44.9,19,active,2025-02-03,
0244-LGNFY,Pro,Two year,Annual,Bank transfer (automatic),92.65,72,active,2020-08-20,
7274-CGTOD,Pro,Two year,Annual,Bank transfer (automatic),43.7,62,active,2021-06-20,
4295-YURET,Pro,Two year,Annual,Credit card (automatic),72.6,56,active,2022-01-06,
3426-NIYYL,Basic,Month-to-month,Monthly,Electronic check,51.55,15,cancelled,2025-06-04,2026-08-23
8225-BTJAU,Basic,Month-to-month,Monthly,Electronic check,79.25,10,cancelled,2025-11-01,2026-08-23
4635-EJYPD,Pro,Two year,Annual,Mailed check,18.95,32,active,2023-12-25,
1866-ZSLJM,Basic,Month-to-month,Monthly,Credit card (automatic),20.5,21,active,2024-12-02,
4636-TVXVG,Standard,One year,Annual,Bank transfer (automatic),19.95,62,active,2021-07-06,
4236-UJPWO,Basic,Month-to-month,Monthly,Electronic check,24.5,2,active,2026-06-21,
9392-XBGTD,Pro,Two year,Annual,Mailed check,20.6,27,active,2024-06-06,
3387-VATUS,Basic,Month-to-month,Monthly,Bank transfer (automatic),94.85,5,cancelled,2026-04-10,2026-07-24
6402-SSEJG,Standard,One year,Annual,Electronic check,61.05,25,active,2024-08-07,
1143-NMNQJ,Basic,Month-to-month,Monthly,Electronic check,85.7,2,cancelled,2026-07-09,2026-07-22
1169-SAOCL,Standard,One year,Annual,Bank transfer (automatic),106.65,49,active,2022-08-01,
1110-KYLGQ,Basic,Month-to-month,Monthly,Credit card (automatic),108.25,63,active,2021-05-29,
9929-PLVPA,Basic,Month-to-month,Monthly,Credit card (automatic),20.4,4,active,2026-05-14,
3518-PZXZQ,Basic,Month-to-month,Monthly,Mailed check,55.3,1,active,2026-07-22,
2371-JUNGC,Basic,Month-to-month,Monthly,Mailed check,20.25,11,active,2025-10-10,
7693-QPEFS,Basic,Month-to-month,Monthly,Bank transfer (automatic),72.95,52,active,2022-05-15,
0924-BJCRC,Basic,Month-to-month,Monthly,Electronic check,89.45,60,active,2021-08-27,
5074-FBGHB,Standard,One year,Annual,Credit card (automatic),104.65,64,active,2021-05-11,
2351-BKRZW,Pro,Two year,Annual,Bank transfer (automatic),75.2,43,active,2023-01-25,
4455-BFSPD,Standard,One year,Annual,Bank transfer (automatic),101.15,61,active,2021-07-20,
0415-MOSGF,Basic,Month-to-month,Monthly,Mailed check,44.4,1,cancelled,2026-07-28,2026-08-21
1724-BQUHA,Basic,Month-to-month,Monthly,Electronic check,89.5,5,cancelled,2026-03-25,2026-07-19
3948-KXDUF,Pro,Two year,Annual,Bank transfer (automatic),68.75,66,active,2021-03-03,
2323-ARSVR,Pro,Two year,Annual,Electronic check,111.05,67,active,2021-02-05,
0815-MFZGM,Pro,Two year,Annual,Credit card (automatic),99.0,42,active,2023-02-28,
4826-XTSOH,Basic,Month-to-month,Monthly,Electronic check,86.05,1,cancelled,2026-08-07,2026-08-02
5480-XTFFL,Pro,Two year,Annual,Mailed check,21.0,31,active,2024-01-21,
8295-FHIVV,Basic,Month-to-month,Monthly,Mailed check,19.4,7,active,2026-02-01,
2495-INZWQ,Basic,Month-to-month,Monthly,Electronic check,44.55,4,cancelled,2026-05-04,2026-07-28
9086-YJYXS,Standard,One year,Annual,Bank transfer (automatic),77.2,34,active,2023-10-28,
1179-INLAT,Standard,One year,Annual,Mailed check,19.45,3,active,2026-06-12,
7909-FIOIY,Basic,Month-to-month,Monthly,Mailed check,24.85,19,active,2025-01-30,
4139-SUGLD,Basic,Month-to-month,Monthly,Bank transfer (automatic),35.4,31,cancelled,2024-01-25,2026-07-23
6857-VWJDT,Basic,Month-to-month,Monthly,Mailed check,95.65,1,cancelled,2026-07-25,2026-08-27
6351-SCJKT,Basic,Month-to-month,Monthly,Mailed check,41.35,3,active,2026-06-11,
5468-BPMMO,Basic,Month-to-month,Monthly,Electronic check,19.6,46,active,2022-11-15,
5624-BQSSA,Basic,Month-to-month,Monthly,Mailed check,20.95,1,cancelled,2026-08-12,2026-08-14
0197-PNKNK,Standard,One year,Annual,Bank transfer (automatic),84.45,69,active,2020-11-22,
2439-QKJUL,Basic,Month-to-month,Monthly,Mailed check,20.25,5,active,2026-04-10,
1194-SPVSP,Basic,Month-to-month,Monthly,Bank transfer (automatic),19.65,1,active,2026-08-16,
9534-NSXEM,Standard,One year,Annual,Credit card (automatic),20.65,26,active,2024-06-30,
2408-WITXK,Basic,Month-to-month,Monthly,Electronic check,34.7,10,cancelled,2025-10-21,2026-08-30
8929-KSWIH,Pro,Two year,Annual,Bank transfer (automatic),99.3,25,active,2024-08-10,
2250-IVBWA,Basic,Month-to-month,Monthly,Electronic check,81.05,64,active,2021-05-16,
1810-MVMAI,Basic,Month-to-month,Monthly,Electronic check,67.6,30,active,2024-03-13,
9506-UXUSK,Basic,Month-to-month,Monthly,Electronic check,70.15,13,active,2025-08-14,
1229-RCALF,Standard,One year,Annual,Electronic check,115.0,64,active,2021-05-11,
3572-UOLYZ,Basic,Month-to-month,Monthly,Bank transfer (automatic),84.8,46,active,2022-11-11,
1429-UYJSV,Standard,One year,Annual,Mailed check,19.7,12,active,2025-08-28,
5577-OTWWW,Basic,Month-to-month,Monthly,Bank transfer (automatic),19.75,15,cancelled,2025-06-11,2026-08-28
6100-QQHEB,Basic,Month-to-month,Monthly,Electronic check,92.55,17,cancelled,2025-04-01,2026-08-19
6366-XIVKZ,Basic,Month-to-month,Monthly,Mailed check,63.15,13,active,2025-08-05,
3470-OBUET,Pro,Two year,Annual,Credit card (automatic),74.0,67,active,2021-01-27,
2770-NSVDG,Basic,Month-to-month,Monthly,Electronic check,29.1,24,active,2024-08-28,
9375-MHRRS,Basic,Month-to-month,Monthly,Mailed check,50.05,6,active,2026-03-01,
2634-HCZGT,Standard,One year,Annual,Electronic check,60.05,53,cancelled,2022-03-22,2026-09-12
7503-QQRVF,Basic,Month-to-month,Monthly,Credit card (automatic),74.3,16,cancelled,2025-05-12,2026-09-03
4860-YZGZM,Basic,Month-to-month,Monthly,Electronic check,20.0,10,active,2025-11-01,
6599-GZWCM,Standard,One year,Annual,Mailed check,74.65,13,active,2025-08-06,
2691-NZETQ,Basic,Month-to-month,Monthly,Electronic check,85.35,9,cancelled,2025-12-02,2026-07-30
4404-HIBDJ,Standard,One year,Annual,Mailed check,74.3,25,cancelled,2024-08-12,2026-09-06
5533-NHFRF,Basic,Month-to-month,Monthly,Electronic check,44.4,7,active,2026-02-06,
7037-MTYVW,Pro,Two year,Annual,Bank transfer (automatic),85.4,38,active,2023-06-20,
4760-THGOT,Basic,Month-to-month,Monthly,Electronic check,94.1,43,active,2023-01-23,
7295-JOMMD,Basic,Month-to-month,Monthly,Bank transfer (automatic),98.1,4,cancelled,2026-05-06,2026-08-10
4016-BJKTZ,Pro,Two year,Annual,Electronic check,108.9,25,active,2024-08-13,
6584-VQMYT,Standard,One year,Annual,Mailed check,56.2,27,active,2024-05-29,
9838-BFCQT,Pro,Two year,Annual,Mailed check,26.1,72,active,2020-09-07,
2790-XUYMV,Standard,One year,Annual,Credit card (automatic),85.45,71,active,2020-10-07,
0581-MDMPW,Basic,Month-to-month,Monthly,Credit card (automatic),88.95,24,active,2024-09-14,
5013-SBUIH,Pro,Two year,Annual,Electronic check,109.65,50,cancelled,2022-07-09,2026-08-01
1023-BQXZE,Pro,Two year,Annual,Bank transfer (automatic),74.35,57,active,2021-12-10,
9163-GHAYE,Basic,Month-to-month,Monthly,Electronic check,48.85,15,active,2025-06-16,
3904-UKFRE,Basic,Month-to-month,Monthly,Electronic check,80.1,4,active,2026-05-01,
5353-WILCI,Basic,Month-to-month,Monthly,Electronic check,56.05,28,active,2024-04-18,
0709-TVGUR,Basic,Month-to-month,Monthly,Electronic check,74.55,9,cancelled,2025-12-14,2026-08-31
0058-EVZWM,Basic,Month-to-month,Monthly,Bank transfer (automatic),89.8,55,active,2022-02-14,
6023-YEBUP,Basic,Month-to-month,Monthly,Electronic check,100.95,3,cancelled,2026-06-14,2026-08-19
7209-JCUDS,Basic,Month-to-month,Monthly,Electronic check,94.9,10,cancelled,2025-10-31,2026-07-26
7009-PCARS,Standard,One year,Annual,Bank transfer (automatic),19.1,55,active,2022-01-22,
0519-DRGTI,Basic,Month-to-month,Monthly,Mailed check,20.35,20,active,2025-01-07,
1017-FBQMM,Standard,One year,Annual,Credit card (automatic),106.05,62,active,2021-07-14,
3001-CBHLQ,Basic,Month-to-month,Monthly,Electronic check,104.9,32,cancelled,2024-01-14,2026-07-28
1985-MBRYP,Pro,Two year,Annual,Bank transfer (automatic),19.65,43,active,2023-01-29,
6158-DWPZT,Standard,One year,Annual,Bank transfer (automatic),24.1,9,cancelled,2025-12-07,2026-07-23
9372-TXXPS,Pro,Two year,Annual,Bank transfer (automatic),59.85,60,active,2021-09-06,
3259-QMXUN,Pro,Two year,Annual,Electronic check,86.1,58,active,2021-11-09,
1015-JPFYW,Standard,One year,Annual,Mailed check,19.45,7,active,2026-01-20,
6645-MXQJT,Basic,Month-to-month,Monthly,Electronic check,97.1,2,active,2026-07-07,
4360-QRAVE,Basic,Month-to-month,Monthly,Electronic check,36.65,37,active,2023-07-27,
8433-WPJTV,Standard,One year,Annual,Bank transfer (automatic),103.9,65,active,2021-03-26,
5804-JMYIO,Pro,Two year,Annual,Mailed check,19.75,39,active,2023-06-16,
3763-GCZHZ,Standard,One year,Annual,Electronic check,104.05,66,cancelled,2021-03-10,2026-08-09
6484-LATFU,Pro,Two year,Annual,Mailed check,24.55,68,active,2020-12-21,
7599-NTMDP,Pro,Two year,Annual,Bank transfer (automatic),48.7,62,active,2021-06-21,
0772-GYEQQ,Basic,Month-to-month,Monthly,Mailed check,88.35,3,cancelled,2026-06-05,2026-07-25
0536-ACXIP,Pro,Two year,Annual,Electronic check,109.55,72,active,2020-09-12,
0936-NQLJU,Pro,Two year,Annual,Credit card (automatic),20.65,41,active,2023-04-09,
4831-EOBFE,Basic,Month-to-month,Monthly,Credit card (automatic),94.65,29,cancelled,2024-03-20,2026-08-23
1575-KRZZE,Basic,Month-to-month,Monthly,Electronic check,55.2,4,active,2026-04-28,
3251-YMVWZ,Standard,One year,Annual,Bank transfer (automatic),24.05,53,active,2022-04-15,
4102-OQUPX,Basic,Month-to-month,Monthly,Electronic check,74.4,1,cancelled,2026-07-27,2026-08-11
9170-GYZJC,Basic,Month-to-month,Monthly,Credit card (automatic),79.9,41,cancelled,2023-04-13,2026-08-07
4884-LEVMQ,Pro,Two year,Annual,Bank transfer (automatic),20.45,39,active,2023-06-08,
8857-CUPFQ,Pro,Two year,Annual,Mailed check,19.25,63,active,2021-06-03,
7610-TVOPG,Basic,Month-to-month,Monthly,Electronic check,26.35,15,active,2025-06-07,
3638-DIMPH,Standard,One year,Annual,Electronic check,43.8,13,active,2025-07-28,
1845-ZLLIG,Basic,Month-to-month,Monthly,Mailed check,50.15,1,active,2026-08-13,
8559-WNQZS,Pro,Two year,Annual,Mailed check,20.45,1,active,2026-07-22,
3999-QGRJH,Basic,Month-to-month,Monthly,Electronic check,69.7,8,cancelled,2025-12-30,2026-07-20
1699-UOTXU,Pro,Two year,Annual,Electronic check,61.4,60,active,2021-09-07,
2454-RPBRZ,Basic,Month-to-month,Monthly,Electronic check,98.1,12,cancelled,2025-08-19,2026-08-25
0635-WKOLD,Standard,One year,Annual,Credit card (automatic),70.75,40,active,2023-05-04,
5993-JSUWV,Pro,Two year,Annual,Bank transfer (automatic),61.15,66,active,2021-03-05,
4518-FZBSX,Standard,One year,Annual,Mailed check,20.25,42,active,2023-03-18,
5387-ASZNZ,Standard,One year,Annual,Credit card (automatic),63.85,66,active,2021-02-16,
6988-CJEYV,Basic,Month-to-month,Monthly,Electronic check,98.7,49,active,2022-07-23,
2002-MZHWP,Basic,Month-to-month,Monthly,Mailed check,20.5,1,cancelled,2026-08-12,2026-07-26
3097-FQTVJ,Pro,Two year,Annual,Mailed check,20.0,41,active,2023-03-20,
5465-BUBFA,Pro,Two year,Annual,Bank transfer (automatic),19.3,41,active,2023-03-25,
7299-GNVPL,Basic,Month-to-month,Monthly,Mailed check,84.4,23,active,2024-10-04,
9743-DQKQW,Basic,Month-to-month,Monthly,Electronic check,25.1,3,active,2026-05-21,
1215-VFYVK,Basic,Month-to-month,Monthly,Mailed check,48.25,4,active,2026-05-02,
9371-BITHB,Pro,Two year,Annual,Mailed check,19.85,52,active,2022-04-28,
2265-CYWIV,Basic,Month-to-month,Monthly,Electronic check,99.6,4,cancelled,2026-05-13,2026-08-16
9093-FPDLG,Basic,Month-to-month,Monthly,Electronic check,94.2,11,active,2025-10-14,
0541-FITGH,Basic,Month-to-month,Monthly,Mailed check,62.15,2,active,2026-07-03,
6985-HAYWX,Basic,Month-to-month,Monthly,Bank transfer (automatic),79.3,26,active,2024-07-08,
7508-KBIMB,Standard,One year,Annual,Credit card (automatic),56.25,24,active,2024-08-18,
6838-HVLXG,Basic,Month-to-month,Monthly,Mailed check,20.3,12,active,2025-09-14,
2277-DJJDL,Basic,Month-to-month,Monthly,Electronic check,99.0,60,active,2021-08-25,
1897-OKVMW,Pro,Two year,Annual,Mailed check,90.6,64,active,2021-04-29,
5485-ITNPC,Pro,Two year,Annual,Bank transfer (automatic),85.9,66,active,2021-02-19,
0233-FTHAV,Standard,One year,Annual,Bank transfer (automatic),79.2,60,active,2021-08-18,
4644-PIZRT,Standard,One year,Annual,Bank transfer (automatic),70.35,17,active,2025-03-22,
8922-NPKBJ,Pro,Two year,Annual,Mailed check,19.35,42,active,2023-03-07,
2740-TVLFN,Basic,Month-to-month,Monthly,Electronic check,50.15,1,active,2026-07-28,
7771-CFQRQ,Pro,Two year,Annual,Bank transfer (automatic),63.8,47,active,2022-10-13,
9512-PHSMG,Basic,Month-to-month,Monthly,Mailed check,20.55,10,active,2025-11-02,
6963-EZQEE,Pro,Two year,Annual,Credit card (automatic),88.55,70,active,2020-11-08,
2452-KDRRH,Basic,Month-to-month,Monthly,Credit card (automatic),101.4,67,active,2021-02-08,
2004-OCQXK,Basic,Month-to-month,Monthly,Electronic check,81.95,1,cancelled,2026-07-31,2026-09-09
5027-QPKTE,Basic,Month-to-month,Monthly,Electronic check,69.35,7,cancelled,2026-02-12,2026-08-08
4146-SVFUD,Basic,Month-to-month,Monthly,Mailed check,44.6,1,active,2026-07-31,
1564-HJUVY,Basic,Month-to-month,Monthly,Bank transfer (automatic),63.75,4,active,2026-05-06,
3617-XLSGQ,Pro,Two year,Annual,Bank transfer (automatic),109.25,66,active,2021-03-11,
7517-LDMPS,Basic,Month-to-month,Monthly,Electronic check,84.6,12,active,2025-08-31,
7244-KXYZN,Standard,One year,Annual,Credit card (automatic),20.45,24,active,2024-08-25,
5226-NOZFC,Basic,Month-to-month,Monthly,Electronic check,85.75,26,active,2024-06-29,
2672-HUYVI,Basic,Month-to-month,Monthly,Electronic check,91.1,6,cancelled,2026-03-16,2026-07-20
1400-WIVLL,Pro,Two year,Annual,Electronic check,107.95,57,active,2021-11-30,
7508-MYBOG,Basic,Month-to-month,Monthly,Electronic check,86.1,14,cancelled,2025-06-29,2026-08-20
8148-NLEGT,Pro,Two year,Annual,Electronic check,22.95,42,active,2023-02-26,
0148-DCDOS,Basic,Month-to-month,Monthly,Bank transfer (automatic),94.7,25,cancelled,2024-08-04,2026-08-14
8347-GDTMP,Pro,Two year,Annual,Credit card (automatic),19.45,64,active,2021-05-15,
9992-RRAMN,Basic,Month-to-month,Monthly,Electronic check,85.1,22,cancelled,2024-11-13,2026-07-23
6746-WAUWT,Standard,One year,Annual,Credit card (automatic),19.7,19,active,2025-02-06,
0310-MVLET,Basic,Month-to-month,Monthly,Electronic check,99.15,61,cancelled,2021-07-29,2026-07-23
0428-IKYCP,Basic,Month-to-month,Monthly,Bank transfer (automatic),87.0,22,active,2024-10-25,
4550-VBOFE,Basic,Month-to-month,Monthly,Electronic check,102.95,70,cancelled,2020-10-27,2026-08-23
2187-PKZAY,Basic,Month-to-month,Monthly,Bank transfer (automatic),79.95,12,active,2025-09-07,
4003-OCTMP,Standard,One year,Annual,Electronic check,64.0,31,active,2024-02-03,
6652-YFFJO,Basic,Month-to-month,Monthly,Electronic check,64.9,11,active,2025-10-16,
7225-IILWY,Pro,Two year,Annual,Mailed check,25.75,68,active,2020-12-24,
5248-RPYWW,Pro,Two year,Annual,Bank transfer (automatic),90.15,72,active,2020-09-06,
7923-IYJWY,Pro,Two year,Annual,Credit card (automatic),116.1,67,active,2021-01-31,
3170-GWYKC,Basic,Month-to-month,Monthly,Bank transfer (automatic),104.95,60,active,2021-09-03,
5696-QURRL,Basic,Month-to-month,Monthly,Mailed check,45.05,1,cancelled,2026-08-09,2026-08-02
7409-KIUTL,Basic,Month-to-month,Monthly,Electronic check,71.0,1,cancelled,2026-08-12,2026-08-09
9830-ECLEN,Standard,One year,Annual,Mailed check,50.0,58,active,2021-10-19,
1732-VHUBQ,Basic,Month-to-month,Monthly,Bank transfer (automatic),70.55,47,cancelled,2022-10-14,2026-08-08
0495-RVCBF,Basic,Month-to-month,Monthly,Electronic check,79.7,1,cancelled,2026-07-20,2026-08-04
2668-TZSPS,Basic,Month-to-month,Monthly,Mailed check,20.45,1,active,2026-08-14,
7854-EDSSA,Basic,Month-to-month,Monthly,Electronic check,59.0,22,cancelled,2024-11-14,2026-08-27
8869-TORSS,Standard,One year,Annual,Credit card (automatic),60.35,48,cancelled,2022-08-20,2026-08-29
7446-SFAOA,Standard,One year,Annual,Bank transfer (automatic),19.85,37,active,2023-07-20,
9522-ZSINC,Standard,One year,Annual,Electronic check,19.95,13,active,2025-07-22,
8234-GSZYK,Pro,Two year,Annual,Bank transfer (automatic),26.45,43,active,2023-01-24,
6505-OZNPG,Pro,Two year,Annual,Mailed check,63.4,6,active,2026-03-04,
6164-HAQTX,Pro,Two year,Annual,Bank transfer (automatic),53.95,71,active,2020-10-13,
0679-IDSTG,Basic,Month-to-month,Monthly,Electronic check,69.25,1,cancelled,2026-07-31,2026-09-14
7765-LWVVH,Pro,Two year,Annual,Electronic check,95.1,72,active,2020-09-01,
1658-TJVOA,Basic,Month-to-month,Monthly,Electronic check,74.1,6,active,2026-02-24,
0953-LGOVU,Basic,Month-to-month,Monthly,Mailed check,35.5,12,active,2025-09-15,
2115-BFTIW,Basic,Month-to-month,Monthly,Mailed check,70.95,25,cancelled,2024-08-14,2026-07-27
4692-NNQRU,Standard,One year,Annual,Electronic check,79.2,21,active,2024-11-29,
7742-MYPGI,Basic,Month-to-month,Monthly,Mailed check,48.8,6,active,2026-02-21,
0611-DFXKO,Basic,Month-to-month,Monthly,Mailed check,89.0,20,cancelled,2024-12-20,2026-08-30
7780-OTDSO,Basic,Month-to-month,Monthly,Electronic check,99.4,18,cancelled,2025-03-01,2026-08-07
9619-GSATL,Standard,One year,Annual,Electronic check,55.45,43,active,2023-02-05,
5622-UEJFI,Pro,Two year,Annual,Credit card (automatic),25.4,35,active,2023-10-03,
9747-DDZOS,Basic,Month-to-month,Monthly,Bank transfer (automatic),73.5,1,cancelled,2026-08-02,2026-08-06
0674-DGMAQ,Basic,Month-to-month,Monthly,Electronic check,93.5,32,active,2023-12-29,
6203-HBZPA,Pro,Two year,Annual,Credit card (automatic),63.9,52,active,2022-05-12,
0484-FFVBJ,Standard,One year,Annual,Bank transfer (automatic),64.85,32,active,2024-01-05,
0301-FIDRB,Pro,Two year,Annual,Bank transfer (automatic),63.8,72,active,2020-08-31,
4139-JPIAM,Basic,Month-to-month,Monthly,Credit card (automatic),44.45,51,active,2022-05-23,
2181-TIDSV,Pro,Two year,Annual,Bank transfer (automatic),19.95,68,active,2020-12-23,
2761-XECQW,Basic,Month-to-month,Monthly,Mailed check,43.35,8,active,2025-12-25,
1936-CZAKF,Pro,Two year,Annual,Credit card (automatic),49.65,49,active,2022-08-11,
9453-PATOS,Pro,Two year,Annual,Mailed check,85.1,72,active,2020-09-04,
0564-JJHGS,Basic,Month-to-month,Monthly,Electronic check,95.5,9,cancelled,2025-12-01,2026-08-05
3348-CFRNX,Basic,Month-to-month,Monthly,Mailed check,92.35,28,cancelled,2024-04-18,2026-07-27
4402-FTBXC,Basic,Month-to-month,Monthly,Mailed check,89.8,54,active,2022-03-08,
1428-GTBJJ,Basic,Month-to-month,Monthly,Electronic check,74.55,11,cancelled,2025-09-20,2026-07-26
2931-XIQBR,Standard,One year,Annual,Mailed check,103.05,50,active,2022-06-25,
0106-UGRDO,Pro,Two year,Annual,Electronic check,116.0,69,active,2020-11-27,
5542-TBBWB,Basic,Month-to-month,Monthly,Electronic check,69.9,1,active,2026-07-27,
1930-QPBVZ,Pro,Two year,Annual,Bank transfer (automatic),95.1,68,active,2020-12-24,
2606-PKWJB,Standard,One year,Annual,Mailed check,40.25,40,active,2023-04-28,
5322-ZSMZY,Pro,Two year,Annual,Mailed check,25.75,31,active,2024-01-27,
8059-UDZFY,Basic,Month-to-month,Monthly,Bank transfer (automatic),105.35,33,active,2023-12-06,
7740-BTPUX,Pro,Two year,Annual,Electronic check,113.6,55,active,2022-02-03,
5220-AGAAX,Pro,Two year,Annual,Bank transfer (automatic),24.0,68,active,2020-12-30,
0208-BPQEJ,Basic,Month-to-month,Monthly,Bank transfer (automatic),19.4,12,active,2025-08-22,
9435-JMLSX,Pro,Two year,Annual,Bank transfer (automatic),86.1,71,active,2020-09-27,
3352-ALMCK,Basic,Month-to-month,Monthly,Mailed check,102.65,40,active,2023-04-19,
5312-IRCFR,Standard,One year,Annual,Electronic check,92.85,64,active,2021-04-27,
5294-IMHHT,Standard,One year,Annual,Bank transfer (automatic),97.75,53,active,2022-04-05,
8802-UNOJF,Basic,Month-to-month,Monthly,Mailed check,83.8,12,cancelled,2025-08-30,2026-09-15
6313-GIDIT,Basic,Month-to-month,Monthly,Electronic check,54.45,53,cancelled,2022-03-30,2026-07-28
6176-YJWAS,Pro,Two year,Annual,Credit card (automatic),97.95,72,active,2020-08-21,
5310-NOOVA,Pro,Two year,Annual,Electronic check,19.95,46,active,2022-11-09,
4526-EXKKN,Pro,Two year,Annual,Mailed check,24.6,40,active,2023-05-11,
5311-IHLEI,Basic,Month-to-month,Monthly,Bank transfer (automatic),50.95,12,active,2025-09-10,
3987-KQDDU,Basic,Month-to-month,Monthly,Electronic check,75.6,9,active,2025-12-16,
3404-JNXAX,Basic,Month-to-month,Monthly,Electronic check,80.75,51,active,2022-05-28,
5131-PONJI,Basic,Month-to-month,Monthly,Credit card (automatic),90.4,49,active,2022-07-20,
2845-AFFTX,Basic,Month-to-month,Monthly,Electronic check,99.8,41,cancelled,2023-03-30,2026-09-03
3489-VSFRD,Standard,One year,Annual,Credit card (automatic),60.25,56,active,2022-01-15,
3345-JHUEO,Basic,Month-to-month,Monthly,Electronic check,20.2,4,active,2026-05-08,
5815-HGGHV,Standard,One year,Annual,Mailed check,64.15,20,active,2024-12-20,
5260-UMPWX,Basic,Month-to-month,Monthly,Credit card (automatic),20.25,26,active,2024-07-16,
2249-YPRNG,Basic,Month-to-month,Monthly,Bank transfer (automatic),105.85,20,cancelled,2024-12-29,2026-08-08
7410-YTJIK,Basic,Month-to-month,Monthly,Mailed check,75.45,7,cancelled,2026-02-02,2026-08-07
4626-GYCZP,Basic,Month-to-month,Monthly,Electronic check,93.85,7,cancelled,2026-01-19,2026-09-12
5649-RXQTV,Basic,Month-to-month,Monthly,Electronic check,99.0,51,active,2022-06-02,
2674-MIAHT,Basic,Month-to-month,Monthly,Mailed check,80.3,4,active,2026-05-02,
2576-HXMPA,Basic,Month-to-month,Monthly,Credit card (automatic),19.55,1,active,2026-07-27,
7587-AOVVU,Basic,Month-to-month,Monthly,Electronic check,100.75,27,active,2024-05-24,
5590-BYNII,Basic,Month-to-month,Monthly,Electronic check,100.75,22,cancelled,2024-11-01,2026-08-30
6898-MDLZW,Basic,Month-to-month,Monthly,Mailed check,53.75,12,active,2025-08-26,
3237-AJGEH,Basic,Month-to-month,Monthly,Mailed check,31.0,3,cancelled,2026-05-24,2026-07-24
4707-YNOQA,Standard,One year,Annual,Credit card (automatic),25.6,34,active,2023-11-02,
9357-UJRUN,Standard,One year,Annual,Electronic check,58.35,24,active,2024-08-26,
1591-NFNLQ,Basic,Month-to-month,Monthly,Credit card (automatic),80.0,51,cancelled,2022-06-07,2026-09-07
8648-PFRMP,Basic,Month-to-month,Monthly,Electronic check,46.35,14,active,2025-07-07,
7663-CUXZB,Pro,Two year,Annual,Electronic check,113.75,59,active,2021-10-17,
0258-NOKBL,Basic,Month-to-month,Monthly,Electronic check,90.4,3,active,2026-05-28,
1163-VIPRI,Pro,Two year,Annual,Electronic check,109.3,65,active,2021-04-10,
2815-CPTUL,Basic,Month-to-month,Monthly,Mailed check,70.25,5,cancelled,2026-03-24,2026-09-02
9348-ROUAI,Pro,Two year,Annual,Credit card (automatic),90.3,59,active,2021-09-19,
9443-JUBUO,Pro,Two year,Annual,Credit card (automatic),65.25,72,active,2020-08-21,
0596-BQCEQ,Basic,Month-to-month,Monthly,Electronic check,100.15,62,cancelled,2021-07-09,2026-09-11
1481-ZUWZA,Basic,Month-to-month,Monthly,Credit card (automatic),94.5,28,cancelled,2024-04-28,2026-09-06
3043-TYBNO,Basic,Month-to-month,Monthly,Mailed check,60.65,3,active,2026-05-26,
4830-FAXFM,Basic,Month-to-month,Monthly,Credit card (automatic),24.1,19,active,2025-01-31,
5906-BFOZT,Basic,Month-to-month,Monthly,Mailed check,19.5,1,active,2026-08-02,
2960-NKRSO,Basic,Month-to-month,Monthly,Electronic check,85.95,24,active,2024-09-03,
8996-ZROXE,Standard,One year,Annual,Electronic check,53.5,57,active,2021-12-07,
5598-IKHQQ,Pro,Two year,Annual,Credit card (automatic),25.45,72,active,2020-08-30,
0397-ZXWQF,Pro,Two year,Annual,Bank transfer (automatic),20.5,67,active,2021-01-17,
5266-PFRQK,Standard,One year,Annual,Credit card (automatic),20.85,52,active,2022-05-12,
4674-HGNUA,Pro,Two year,Annual,Credit card (automatic),89.9,71,active,2020-10-15,
6765-MBQNU,Standard,One year,Annual,Mailed check,26.0,26,active,2024-07-16,
9786-IJYDL,Pro,Two year,Annual,Mailed check,113.2,35,active,2023-09-30,
1303-SRDOK,Pro,Two year,Annual,Credit card (automatic),69.05,55,active,2022-02-07,
3769-MHZNV,Pro,Two year,Annual,Mailed check,20.1,33,active,2023-12-04,
6295-OSINB,Pro,Two year,Annual,Electronic check,109.65,72,active,2020-08-19,
3308-MHOOC,Basic,Month-to-month,Monthly,Mailed check,19.2,1,active,2026-08-15,
2309-OSFEU,Basic,Month-to-month,Monthly,Mailed check,33.9,10,cancelled,2025-11-11,2026-08-09
2207-QPJED,Basic,Month-to-month,Monthly,Electronic check,90.0,37,active,2023-08-11,
4177-JPDFU,Basic,Month-to-month,Monthly,Mailed check,34.0,12,active,2025-09-03,
2239-CFOUJ,Standard,One year,Annual,Mailed check,20.4,1,active,2026-07-28,
8046-DNVTL,Pro,Two year,Annual,Credit card (automatic),38.6,62,active,2021-07-12,
2209-XADXF,Basic,Month-to-month,Monthly,Bank transfer (automatic),25.25,1,active,2026-08-14,
6620-JDYNW,Basic,Month-to-month,Monthly,Mailed check,60.6,18,active,2025-03-16,
1891-FZYSA,Basic,Month-to-month,Monthly,Electronic check,89.95,69,cancelled,2020-11-22,2026-07-28
4770-UEZOX,Basic,Month-to-month,Monthly,Electronic check,74.75,2,active,2026-07-18,
1038-RQOST,Basic,Month-to-month,Monthly,Mailed check,20.6,19,active,2025-01-28,
7613-LLQFO,Basic,Month-to-month,Monthly,Electronic check,84.45,12,cancelled,2025-08-30,2026-08-11
4568-TTZRT,Basic,Month-to-month,Monthly,Mailed check,20.4,9,active,2025-12-14,
9513-DXHDA,Standard,One year,Annual,Electronic check,81.7,27,active,2024-06-01,
2640-PMGFL,Basic,Month-to-month,Monthly,Electronic check,79.5,27,cancelled,2024-06-09,2026-08-30
3801-HMYNL,Basic,Month-to-month,Monthly,Mailed check,89.15,1,cancelled,2026-08-02,2026-07-27
0516-QREYC,Basic,Month-to-month,Monthly,Mailed check,20.3,24,active,2024-09-12,
9685-WKZGT,Basic,Month-to-month,Monthly,Electronic check,74.95,14,cancelled,2025-06-27,2026-08-25
6022-UGGSO,Basic,Month-to-month,Monthly,Electronic check,74.4,32,cancelled,2023-12-24,2026-08-28
8084-OIVBS,Standard,One year,Annual,Mailed check,20.0,11,active,2025-10-17,
8896-BQTTI,Basic,Month-to-month,Monthly,Mailed check,25.0,1,active,2026-08-02,
3865-QBWSJ,Basic,Month-to-month,Monthly,Mailed check,80.45,38,active,2023-06-29,
3352-RICWQ,Pro,Two year,Annual,Mailed check,19.75,9,active,2025-12-17,
2160-GPFXD,Pro,Two year,Annual,Credit card (automatic),65.65,54,active,2022-02-25,
2065-MMKGR,Standard,One year,Annual,Credit card (automatic),71.0,29,active,2024-04-01,
5857-TYBCJ,Basic,Month-to-month,Monthly,Electronic check,89.2,44,active,2023-01-07,
1498-NHTLT,Pro,Two year,Annual,Electronic check,86.75,59,active,2021-10-03,
4484-CGXFK,Basic,Month-to-month,Monthly,Electronic check,55.3,3,cancelled,2026-05-28,2026-08-17
1402-PTHGN,Standard,One year,Annual,Mailed check,61.5,18,active,2025-02-27,
4176-RELJR,Pro,Two year,Annual,Credit card (automatic),25.1,67,active,2021-01-23,
6214-EDAKZ,Basic,Month-to-month,Monthly,Electronic check,55.15,22,cancelled,2024-11-15,2026-09-07
5199-FPUSP,Standard,One year,Annual,Credit card (automatic),34.05,33,active,2023-11-24,
6377-KSLXC,Basic,Month-to-month,Monthly,Mailed check,19.95,5,active,2026-04-16,
1796-JANOW,Basic,Month-to-month,Monthly,Mailed check,19.95,2,active,2026-06-29,
0238-WHBIQ,Pro,Two year,Annual,Credit card (automatic),89.7,72,active,2020-09-06,
8735-NBLWT,Basic,Month-to-month,Monthly,Mailed check,20.4,9,active,2025-12-16,
6651-RLGGM,Pro,Two year,Annual,Mailed check,26.3,67,active,2021-01-26,
6127-ISGTU,Basic,Month-to-month,Monthly,Electronic check,84.95,16,cancelled,2025-05-01,2026-08-25
1614-JBEBI,Basic,Month-to-month,Monthly,Mailed check,20.7,8,active,2025-12-28,
8740-XLHDR,Basic,Month-to-month,Monthly,Mailed check,43.25,5,cancelled,2026-04-06,2026-07-30
1208-DNHLN,Standard,One year,Annual,Credit card (automatic),48.35,23,cancelled,2024-10-08,2026-08-11
1761-AEZZR,Basic,Month-to-month,Monthly,Electronic check,79.55,1,cancelled,2026-07-30,2026-07-19
3923-CSIHK,Basic,Month-to-month,Monthly,Electronic check,71.05,50,cancelled,2022-07-11,2026-08-01
5696-EXCYS,Pro,Two year,Annual,Credit card (automatic),19.45,17,active,2025-03-24,
5795-KTGUD,Pro,Two year,Annual,Bank transfer (automatic),110.8,68,active,2020-12-27,
7120-RFMVS,Basic,Month-to-month,Monthly,Electronic check,84.5,1,cancelled,2026-07-19,2026-08-25
7924-GJZFI,Basic,Month-to-month,Monthly,Electronic check,69.3,25,active,2024-08-16,
4702-HDRKD,Standard,One year,Annual,Bank transfer (automatic),49.35,67,active,2021-01-29,
8512-WIWYV,Standard,One year,Annual,Credit card (automatic),20.35,32,active,2023-12-31,
5897-ZYEKH,Standard,One year,Annual,Electronic check,105.6,67,active,2021-01-21,
5456-ITGIC,Pro,Two year,Annual,Credit card (automatic),64.45,72,active,2020-09-04,
7317-GGVPB,Pro,Two year,Annual,Credit card (automatic),108.6,71,cancelled,2020-09-18,2026-08-01
1406-PUQVY,Basic,Month-to-month,Monthly,Electronic check,49.9,1,active,2026-08-10,
1322-AGOQM,Basic,Month-to-month,Monthly,Bank transfer (automatic),30.3,46,cancelled,2022-10-22,2026-07-26
3677-IYRBF,Basic,Month-to-month,Monthly,Electronic check,30.4,2,cancelled,2026-07-03,2026-08-09
5692-FPTAH,Basic,Month-to-month,Monthly,Mailed check,45.4,1,cancelled,2026-07-20,2026-08-02
9114-AAFQH,Standard,One year,Annual,Electronic check,65.65,48,active,2022-09-10,
8715-KKTFG,Standard,One year,Annual,Bank transfer (automatic),103.3,61,active,2021-08-10,
1550-LOAHA,Basic,Month-to-month,Monthly,Bank transfer (automatic),84.15,32,cancelled,2023-12-31,2026-08-17
1728-BQDMA,Basic,Month-to-month,Monthly,Electronic check,44.45,2,active,2026-07-02,
0268-QKIWO,Basic,Month-to-month,Monthly,Electronic check,19.75,3,cancelled,2026-06-13,2026-07-24
0876-WDUUZ,Basic,Month-to-month,Monthly,Credit card (automatic),85.4,5,cancelled,2026-03-29,2026-09-01
5117-ZSMHQ,Pro,Two year,Annual,Bank transfer (automatic),89.9,71,active,2020-10-04,
5151-HQRDG,Basic,Month-to-month,Monthly,Mailed check,55.05,37,active,2023-08-13,
0960-HUWBM,Pro,Two year,Annual,Bank transfer (automatic),104.1,65,active,2021-04-02,
6465-GSRCL,Standard,One year,Annual,Bank transfer (automatic),106.6,67,active,2021-01-26,
0617-FHSGK,Basic,Month-to-month,Monthly,Credit card (automatic),75.2,49,cancelled,2022-08-17,2026-08-21
0263-FJTQO,Pro,Two year,Annual,Credit card (automatic),70.5,50,active,2022-06-20,
7319-ZNRTR,Standard,One year,Annual,Electronic check,19.6,25,active,2024-07-29,
2858-MOFSQ,Standard,One year,Annual,Mailed check,55.85,17,cancelled,2025-04-10,2026-09-01
7503-EPSZW,Pro,Two year,Annual,Mailed check,24.05,64,active,2021-04-25,
7089-XXAYG,Standard,One year,Annual,Credit card (automatic),38.1,25,active,2024-07-22,
8118-LSUEL,Basic,Month-to-month,Monthly,Electronic check,106.4,23,cancelled,2024-09-18,2026-09-10
8070-AAWZP,Basic,Month-to-month,Monthly,Mailed check,34.25,24,active,2024-08-24,
1666-JXLKU,Basic,Month-to-month,Monthly,Electronic check,100.05,37,active,2023-08-11,
7855-DIWPO,Basic,Month-to-month,Monthly,Electronic check,68.65,21,active,2024-12-12,
5133-POWUA,Basic,Month-to-month,Monthly,Mailed check,45.8,1,active,2026-08-11,
5652-MSDEY,Basic,Month-to-month,Monthly,Mailed check,75.75,10,active,2025-10-21,
7005-CCBKV,Basic,Month-to-month,Monthly,Electronic check,84.4,6,cancelled,2026-03-09,2026-08-10
1810-BOHSY,Standard,One year,Annual,Credit card (automatic),96.4,51,active,2022-06-08,
1784-BXEFA,Basic,Month-to-month,Monthly,Mailed check,20.55,10,active,2025-10-21,
7351-MHQVU,Basic,Month-to-month,Monthly,Credit card (automatic),50.95,6,active,2026-03-12,
9224-VTYID,Pro,Two year,Annual,Mailed check,90.5,47,active,2022-10-05,
9500-IWPXQ,Standard,One year,Annual,Electronic check,79.4,61,active,2021-08-09,
5762-TJXGK,Pro,Two year,Annual,Bank transfer (automatic),58.75,52,active,2022-05-09,
4504-YOULA,Basic,Month-to-month,Monthly,Credit card (automatic),59.45,35,active,2023-09-30,
5569-IDSEY,Standard,One year,Annual,Bank transfer (automatic),105.7,71,active,2020-09-24,
4250-FDVOU,Basic,Month-to-month,Monthly,Electronic check,56.25,6,cancelled,2026-03-11,2026-09-09
7284-ZZLOH,Pro,Two year,Annual,Credit card (automatic),53.3,45,active,2022-12-16,
5277-ZLOOR,Basic,Month-to-month,Monthly,Electronic check,85.55,2,cancelled,2026-06-29,2026-09-02
2141-RRYGO,Basic,Month-to-month,Monthly,Bank transfer (automatic),68.65,4,cancelled,2026-05-02,2026-08-01
1777-JYQPJ,Basic,Month-to-month,Monthly,Mailed check,24.3,2,active,2026-06-29,
6376-GAHQE,Basic,Month-to-month,Monthly,Electronic check,77.85,4,cancelled,2026-05-05,2026-09-01
3401-URHDA,Standard,One year,Annual,Credit card (automatic),59.9,51,active,2022-05-25,
1599-EAHXY,Standard,One year,Annual,Credit card (automatic),23.95,60,active,2021-08-29,
8631-XVRZL,Standard,One year,Annual,Mailed check,20.15,9,active,2025-11-25,
5052-PNLOS,Basic,Month-to-month,Monthly,Bank transfer (automatic),105.35,3,cancelled,2026-05-27,2026-07-27
3853-LYGAM,Basic,Month-to-month,Monthly,Bank transfer (automatic),95.65,17,active,2025-04-03,
6979-ZNSFF,Basic,Month-to-month,Monthly,Electronic check,87.05,8,cancelled,2026-01-07,2026-09-13
5751-USDBL,Pro,Two year,Annual,Mailed check,81.0,46,active,2022-10-30,
5680-LQOGP,Pro,Two year,Annual,Credit card (automatic),82.45,68,active,2020-12-28,
2386-LAHRK,Basic,Month-to-month,Monthly,Mailed check,53.5,1,cancelled,2026-07-31,2026-08-20
8189-DUKMV,Standard,One year,Annual,Bank transfer (automatic),20.5,4,active,2026-05-03,
6032-IGALN,Basic,Month-to-month,Monthly,Mailed check,25.1,1,cancelled,2026-08-07,2026-09-12
9931-DCEZH,Standard,One year,Annual,Credit card (automatic),54.4,28,active,2024-05-13,
1898-JSNDC,Standard,One year,Annual,Credit card (automatic),58.6,39,active,2023-06-05,
0315-LVCRK,Basic,Month-to-month,Monthly,Electronic check,84.8,11,active,2025-09-21,
3911-RSNHI,Pro,Two year,Annual,Credit card (automatic),61.4,71,active,2020-09-25,
2410-CIYFZ,Basic,Month-to-month,Monthly,Mailed check,20.4,2,active,2026-06-26,
4248-HCETZ,Basic,Month-to-month,Monthly,Mailed check,79.65,30,cancelled,2024-02-24,2026-09-12
5505-OVWQW,Standard,One year,Annual,Mailed check,20.15,17,active,2025-03-21,
7271-AJDTL,Basic,Month-to-month,Monthly,Credit card (automatic),94.45,55,active,2022-02-09,
1867-TJHTS,Basic,Month-to-month,Monthly,Bank transfer (automatic),79.8,58,active,2021-10-26,
0516-WJVXC,Basic,Month-to-month,Monthly,Electronic check,54.2,5,cancelled,2026-04-15,2026-07-31
9174-FKWZE,Basic,Month-to-month,Monthly,Electronic check,19.45,1,cancelled,2026-08-10,2026-09-12
6860-YRJZP,Basic,Month-to-month,Monthly,Electronic check,74.05,9,active,2025-12-17,
4429-WYGFR,Basic,Month-to-month,Monthly,Bank transfer (automatic),49.15,26,active,2024-07-05,
2817-LVCPP,Pro,Two year,Annual,Credit card (automatic),19.4,50,active,2022-07-13,
5038-ETMLM,Pro,Two year,Annual,Bank transfer (automatic),113.65,72,active,2020-09-05,
5056-FIMPT,Standard,One year,Annual,Credit card (automatic),106.0,43,active,2023-02-12,
4521-WFJAI,Pro,Two year,Annual,Bank transfer (automatic),25.95,56,active,2022-01-15,
6569-KTMDU,Basic,Month-to-month,Monthly,Mailed check,19.1,1,active,2026-08-03,
8809-RIHDD,Pro,Two year,Annual,Electronic check,103.4,72,cancelled,2020-09-04,2026-07-25
8809-XKHMD,Pro,Two year,Annual,Bank transfer (automatic),100.55,72,active,2020-09-04,
0396-YCHWO,Basic,Month-to-month,Monthly,Electronic check,95.4,36,active,2023-09-07,
0867-LDTTC,Basic,Month-to-month,Monthly,Bank transfer (automatic),75.15,5,active,2026-04-05,
4822-NGOCH,Basic,Month-to-month,Monthly,Electronic check,84.45,13,cancelled,2025-08-17,2026-08-11
9391-DXGGG,Standard,One year,Annual,Credit card (automatic),89.15,44,active,2023-01-02,
9844-FELAJ,Standard,One year,Annual,Electronic check,107.9,70,active,2020-10-22,
2122-SZZZD,Standard,One year,Annual,Credit card (automatic),19.5,44,active,2023-01-12,
5307-DZCVC,Basic,Month-to-month,Monthly,Credit card (automatic),85.95,32,cancelled,2024-01-12,2026-08-18
3148-AOIQT,Pro,Two year,Annual,Credit card (automatic),24.95,69,active,2020-11-23,
8679-JOEVF,Basic,Month-to-month,Monthly,Electronic check,59.4,16,cancelled,2025-05-02,2026-07-23
8395-ETZKQ,Standard,One year,Annual,Bank transfer (automatic),19.5,68,active,2021-01-09,
6692-YQHXC,Basic,Month-to-month,Monthly,Credit card (automatic),69.95,16,active,2025-04-24,
3889-VWBID,Pro,Two year,Annual,Bank transfer (automatic),82.85,68,active,2021-01-07,
5222-JCXZT,Basic,Month-to-month,Monthly,Mailed check,19.0,4,active,2026-04-30,
9754-CLVZW,Basic,Month-to-month,Monthly,Credit card (automatic),38.85,26,active,2024-07-01,
1432-FPAXX,Basic,Month-to-month,Monthly,Electronic check,30.6,29,cancelled,2024-04-12,2026-08-24
2739-CCZMB,Basic,Month-to-month,Monthly,Credit card (automatic),20.35,5,active,2026-03-26,
7080-TNUWP,Standard,One year,Annual,Bank transfer (automatic),95.0,70,active,2020-10-29,
0496-AHOOK,Standard,One year,Annual,Bank transfer (automatic),74.4,24,active,2024-09-10,
8336-TAVKX,Pro,Two year,Annual,Bank transfer (automatic),78.45,72,active,2020-08-25,
2468-SJFLM,Basic,Month-to-month,Monthly,Mailed check,74.3,1,active,2026-07-30,
3181-VTHOE,Standard,One year,Annual,Bank transfer (automatic),51.05,70,active,2020-10-22,
7168-HDQHG,Basic,Month-to-month,Monthly,Bank transfer (automatic),19.2,36,active,2023-08-24,
4803-AXVYP,Basic,Month-to-month,Monthly,Electronic check,99.55,38,cancelled,2023-07-09,2026-08-23
3884-HCSWG,Basic,Month-to-month,Monthly,Electronic check,70.0,17,cancelled,2025-03-20,2026-08-22
4567-AKPIA,Standard,One year,Annual,Bank transfer (automatic),109.1,41,active,2023-04-16,
5077-DXTCG,Basic,Month-to-month,Monthly,Electronic check,45.3,1,cancelled,2026-08-07,2026-08-08
1142-WACZW,Basic,Month-to-month,Monthly,Bank transfer (automatic),29.85,2,cancelled,2026-06-30,2026-07-28
7901-HXJVA,Basic,Month-to-month,Monthly,Electronic check,76.45,14,active,2025-07-01,
5649-ANRML,Basic,Month-to-month,Monthly,Credit card (automatic),95.1,2,cancelled,2026-07-12,2026-08-15
4892-VLANZ,Basic,Month-to-month,Monthly,Mailed check,19.8,1,cancelled,2026-08-12,2026-08-30
5924-IFQTT,Basic,Month-to-month,Monthly,Electronic check,72.8,13,active,2025-07-25,
7968-QUXNS,Basic,Month-to-month,Monthly,Mailed check,18.95,6,active,2026-02-20,
2919-HBCJO,Basic,Month-to-month,Monthly,Bank transfer (automatic),76.65,4,cancelled,2026-04-28,2026-07-25
4236-XPXAV,Basic,Month-to-month,Monthly,Mailed check,99.15,5,cancelled,2026-04-02,2026-08-11
8903-WMRNW,Basic,Month-to-month,Monthly,Electronic check,101.75,15,active,2025-05-25,
2452-SNHFZ,Basic,Month-to-month,Monthly,Credit card (automatic),75.45,47,active,2022-10-10,
3629-WEAAM,Basic,Month-to-month,Monthly,Mailed check,64.1,8,active,2025-12-18,
6029-CSMJE,Basic,Month-to-month,Monthly,Mailed check,25.65,17,active,2025-04-14,
7993-NQLJE,Basic,Month-to-month,Monthly,Mailed check,75.1,15,active,2025-05-31,
9909-DFRJA,Standard,One year,Annual,Bank transfer (automatic),95.85,26,active,2024-07-07,
9099-FTUHS,Basic,Month-to-month,Monthly,Electronic check,54.4,23,active,2024-09-19,
0581-BXBUB,Basic,Month-to-month,Monthly,Electronic check,72.75,4,active,2026-05-11,
4962-CHQPW,Standard,One year,Annual,Mailed check,19.85,29,active,2024-03-29,
9467-ROOLM,Basic,Month-to-month,Monthly,Mailed check,19.05,25,active,2024-08-12,
3030-YZADT,Basic,Month-to-month,Monthly,Mailed check,44.95,9,cancelled,2025-12-12,2026-07-28
7410-KTVFV,Basic,Month-to-month,Monthly,Mailed check,49.55,18,cancelled,2025-03-06,2026-08-21
5150-ITWWB,Basic,Month-to-month,Monthly,Electronic check,94.85,3,active,2026-05-25,
2253-KPMNB,Pro,Two year,Annual,Bank transfer (automatic),46.25,69,active,2020-12-08,
1345-ZUKID,Standard,One year,Annual,Mailed check,19.35,14,active,2025-06-27,
6429-SHBCB,Basic,Month-to-month,Monthly,Mailed check,69.6,19,active,2025-01-29,
9281-OFDMF,Basic,Month-to-month,Monthly,Electronic check,90.7,39,active,2023-05-19,
2603-HVKCG,Basic,Month-to-month,Monthly,Electronic check,101.4,31,active,2024-02-07,
1834-WULEG,Standard,One year,Annual,Mailed check,20.25,24,active,2024-09-09,
9097-ZUBYC,Basic,Month-to-month,Monthly,Bank transfer (automatic),48.8,14,active,2025-06-20,
5148-ORICT,Pro,Two year,Annual,Mailed check,74.35,64,active,2021-05-08,
4893-GYUJU,Standard,One year,Annual,Mailed check,19.35,50,active,2022-07-11,
4578-PHJYZ,Standard,One year,Annual,Electronic check,68.75,52,active,2022-04-24,
7272-QDCKA,Standard,One year,Annual,Electronic check,100.2,28,active,2024-04-23,
8908-SLFCJ,Pro,Two year,Annual,Credit card (automatic),20.85,21,active,2024-12-15,
8393-DLHGA,Basic,Month-to-month,Monthly,Electronic check,95.9,25,cancelled,2024-07-22,2026-09-04
9766-HGEDE,Standard,One year,Annual,Mailed check,19.35,17,active,2025-03-30,
6968-MHOMU,Standard,One year,Annual,Credit card (automatic),45.0,58,active,2021-11-08,
7395-IGJOS,Basic,Month-to-month,Monthly,Bank transfer (automatic),81.5,17,cancelled,2025-04-01,2026-07-22
5044-XDPYX,Pro,Two year,Annual,Mailed check,25.5,51,active,2022-06-10,
1814-WFGVS,Pro,Two year,Annual,Mailed check,48.9,72,active,2020-09-11,
2834-SPCJV,Basic,Month-to-month,Monthly,Electronic check,84.1,52,cancelled,2022-05-15,2026-08-07
3721-WKIIL,Pro,Two year,Annual,Mailed check,19.6,27,active,2024-06-13,
6734-CKRSM,Basic,Month-to-month,Monthly,Mailed check,20.0,3,active,2026-05-31,
1265-ZFOSD,Pro,Two year,Annual,Mailed check,81.3,64,active,2021-04-23,
6568-POCUI,Pro,Two year,Annual,Credit card (automatic),95.2,45,active,2022-12-03,
7890-VYYWG,Basic,Month-to-month,Monthly,Mailed check,36.45,3,cancelled,2026-06-17,2026-08-28
5197-LQXXH,Pro,Two year,Annual,Credit card (automatic),83.3,71,active,2020-10-04,
9907-SWKKF,Basic,Month-to-month,Monthly,Mailed check,25.05,1,cancelled,2026-07-26,2026-07-27
3457-PQBYH,Pro,Two year,Annual,Credit card (automatic),20.3,58,active,2021-10-22,
7682-AZNDK,Basic,Month-to-month,Monthly,Electronic check,89.85,34,active,2023-10-27,
0587-DMGBH,Basic,Month-to-month,Monthly,Electronic check,49.85,8,cancelled,2026-01-05,2026-09-15
5384-ZTTWP,Basic,Month-to-month,Monthly,Mailed check,19.8,15,active,2025-05-29,
3745-HRPHI,Pro,Two year,Annual,Bank transfer (automatic),54.65,66,active,2021-03-15,
7636-OWBPG,Basic,Month-to-month,Monthly,Credit card (automatic),29.35,12,active,2025-09-04,
1231-YNDEK,Pro,Two year,Annual,Bank transfer (automatic),19.15,58,active,2021-10-31,
1407-DIGZV,Pro,Two year,Annual,Mailed check,19.1,3,active,2026-06-17,
6397-JNZZG,Basic,Month-to-month,Monthly,Credit card (automatic),55.55,43,cancelled,2023-02-16,2026-07-23
0570-BFQHT,Basic,Month-to-month,Monthly,Electronic check,80.55,9,active,2025-11-23,
4393-OBCRR,Standard,One year,Annual,Mailed check,20.25,3,active,2026-06-11,
3523-QRQLL,Standard,One year,Annual,Bank transfer (automatic),69.5,22,cancelled,2024-11-13,2026-08-12
8564-LDKFL,Standard,One year,Annual,Bank transfer (automatic),106.0,40,active,2023-05-01,
3696-DFHHB,Pro,Two year,Annual,Bank transfer (automatic),25.5,68,active,2021-01-08,
0895-DQHEW,Basic,Month-to-month,Monthly,Electronic check,104.3,54,cancelled,2022-02-17,2026-08-12
4717-GHADL,Pro,Two year,Annual,Mailed check,79.6,50,active,2022-06-19,
5501-TVMGM,Basic,Month-to-month,Monthly,Electronic check,55.25,1,active,2026-07-24,
5879-HMFFH,Pro,Two year,Annual,Bank transfer (automatic),88.05,72,active,2020-09-07,
6772-WFQRD,Standard,One year,Annual,Bank transfer (automatic),20.4,40,active,2023-04-22,
3810-DVDQQ,Pro,Two year,Annual,Bank transfer (automatic),117.6,72,active,2020-09-09,
6972-SNKKW,Basic,Month-to-month,Monthly,Mailed check,20.0,6,active,2026-03-11,
3694-GLTJM,Basic,Month-to-month,Monthly,Credit card (automatic),19.65,5,active,2026-03-19,
8550-XSXUQ,Standard,One year,Annual,Credit card (automatic),70.55,48,active,2022-08-27,
8149-RSOUN,Basic,Month-to-month,Monthly,Electronic check,93.85,1,cancelled,2026-08-15,2026-09-15
9055-MOJJJ,Standard,One year,Annual,Mailed check,65.8,64,active,2021-04-21,
4359-INNWN,Standard,One year,Annual,Credit card (automatic),20.05,17,active,2025-04-13,
0585-EGDDA,Basic,Month-to-month,Monthly,Electronic check,80.0,40,active,2023-04-28,
4032-RMHCI,Standard,One year,Annual,Credit card (automatic),35.4,41,active,2023-04-04,
0549-CYCQN,Standard,One year,Annual,Bank transfer (automatic),79.6,51,active,2022-06-17,
3481-JHUZH,Basic,Month-to-month,Monthly,Electronic check,80.25,41,active,2023-03-25,
7250-EQKIY,Basic,Month-to-month,Monthly,Mailed check,50.45,1,cancelled,2026-07-28,2026-09-05
3594-IVHJZ,Basic,Month-to-month,Monthly,Mailed check,20.45,2,active,2026-06-22,
6869-FGJJC,Standard,One year,Annual,Credit card (automatic),79.6,68,active,2020-12-29,
3896-ZVNET,Pro,Two year,Annual,Mailed check,24.7,24,active,2024-08-25,
8205-VSLRB,Pro,Two year,Annual,Credit card (automatic),77.3,70,active,2020-10-20,
5960-MVTUK,Basic,Month-to-month,Monthly,Electronic check,29.75,3,active,2026-05-19,
6817-WTYHE,Basic,Month-to-month,Monthly,Bank transfer (automatic),44.9,2,active,2026-07-02,
3082-VQXNH,Basic,Month-to-month,Monthly,Credit card (automatic),29.8,3,active,2026-06-17,
4013-UBXWQ,Basic,Month-to-month,Monthly,Electronic check,74.65,7,cancelled,2026-02-05,2026-08-04
4931-TRZWN,Basic,Month-to-month,Monthly,Electronic check,71.95,13,active,2025-07-30,
0750-EKNGL,Basic,Month-to-month,Monthly,Mailed check,20.75,7,active,2026-02-12,
7669-LCRSD,Basic,Month-to-month,Monthly,Mailed check,56.3,12,active,2025-09-13,
3567-PQTSO,Standard,One year,Annual,Electronic check,105.25,53,active,2022-04-06,
5519-NPHVG,Basic,Month-to-month,Monthly,Electronic check,94.2,12,cancelled,2025-08-20,2026-08-14
8043-PNYSD,Pro,Two year,Annual,Mailed check,19.55,63,active,2021-06-08,
9938-EKRGF,Basic,Month-to-month,Monthly,Mailed check,84.45,15,active,2025-05-20,
2703-AMTUL,Standard,One year,Annual,Mailed check,53.65,36,active,2023-08-24,
0928-JMXNP,Basic,Month-to-month,Monthly,Electronic check,29.9,4,active,2026-05-09,
8173-RXAYP,Pro,Two year,Annual,Mailed check,19.7,24,active,2024-09-10,
4825-XJGDM,Standard,One year,Annual,Credit card (automatic),43.7,61,active,2021-07-24,
5402-HTOTQ,Basic,Month-to-month,Monthly,Electronic check,55.3,16,active,2025-04-25,
6734-JDTTV,Pro,Two year,Annual,Credit card (automatic),19.85,65,active,2021-03-30,
7850-THJMU,Pro,Two year,Annual,Credit card (automatic),19.65,26,active,2024-06-18,
3890-RTCMS,Basic,Month-to-month,Monthly,Mailed check,49.45,16,active,2025-05-14,
8849-GYOKR,Standard,One year,Annual,Bank transfer (automatic),106.55,54,cancelled,2022-03-07,2026-09-08
3148-BLQJT,Basic,Month-to-month,Monthly,Mailed check,20.1,1,cancelled,2026-07-30,2026-08-07
3717-FDJFU,Pro,Two year,Annual,Mailed check,20.45,5,active,2026-04-15,
3665-JATSN,Basic,Month-to-month,Monthly,Electronic check,39.7,19,active,2025-01-17,
7966-YOTQW,Basic,Month-to-month,Monthly,Credit card (automatic),54.5,10,active,2025-10-30,
0461-CVKMU,Basic,Month-to-month,Monthly,Electronic check,83.8,23,cancelled,2024-10-07,2026-08-02
8806-EAGWC,Basic,Month-to-month,Monthly,Mailed check,55.15,3,cancelled,2026-06-10,2026-08-30
8853-TZDGH,Pro,Two year,Annual,Bank transfer (automatic),111.6,72,active,2020-09-16,
7779-LGOVN,Basic,Month-to-month,Monthly,Electronic check,86.65,10,cancelled,2025-10-30,2026-08-06
4324-BZCKL,Basic,Month-to-month,Monthly,Mailed check,55.55,10,active,2025-10-18,
6924-TDGMT,Standard,One year,Annual,Mailed check,20.55,11,active,2025-10-16,
9710-ZUSHQ,Basic,Month-to-month,Monthly,Bank transfer (automatic),106.75,37,cancelled,2023-08-05,2026-07-20
1536-YHDOE,Standard,One year,Annual,Mailed check,62.1,17,active,2025-03-29,
8123-QBNAZ,Basic,Month-to-month,Monthly,Credit card (automatic),104.5,36,active,2023-09-05,
3629-ZNKXA,Basic,Month-to-month,Monthly,Electronic check,101.8,17,active,2025-03-29,
4827-LTQRJ,Standard,One year,Annual,Credit card (automatic),110.6,66,active,2021-02-24,
7711-YIJWC,Standard,One year,Annual,Bank transfer (automatic),84.9,61,active,2021-07-20,
5482-VXSXJ,Basic,Month-to-month,Monthly,Mailed check,93.2,22,active,2024-10-29,
7365-BVCJH,Basic,Month-to-month,Monthly,Electronic check,24.4,1,active,2026-07-27,
9620-ENEJV,Basic,Month-to-month,Monthly,Credit card (automatic),70.55,6,active,2026-03-09,
4183-WCSEP,Basic,Month-to-month,Monthly,Electronic check,78.45,31,cancelled,2024-02-12,2026-08-18
2378-YIZKA,Pro,Two year,Annual,Credit card (automatic),85.0,68,active,2021-01-14,
5498-TXHLF,Basic,Month-to-month,Monthly,Electronic check,87.45,34,cancelled,2023-11-14,2026-09-02
0689-DSXGL,Basic,Month-to-month,Monthly,Bank transfer (automatic),85.8,52,active,2022-04-24,
6818-DJXAA,Basic,Month-to-month,Monthly,Electronic check,91.1,10,active,2025-11-15,
9722-UJOJR,Basic,Month-to-month,Monthly,Electronic check,70.75,29,cancelled,2024-04-03,2026-07-21
0464-WJTKO,Pro,Two year,Annual,Bank transfer (automatic),20.1,72,active,2020-08-29,
8902-ZEOVF,Standard,One year,Annual,Mailed check,20.05,47,active,2022-09-27,
6778-EICRF,Standard,One year,Annual,Mailed check,74.8,24,active,2024-09-15,
2662-NNTDK,Standard,One year,Annual,Credit card (automatic),24.8,65,active,2021-03-23,
4132-KALRO,Basic,Month-to-month,Monthly,Mailed check,100.85,4,active,2026-05-05,
3902-FOIGH,Basic,Month-to-month,Monthly,Electronic check,101.35,12,cancelled,2025-09-16,2026-07-24
6772-KSATR,Basic,Month-to-month,Monthly,Electronic check,81.7,1,cancelled,2026-08-14,2026-08-20
7112-OPOTK,Basic,Month-to-month,Monthly,Electronic check,68.25,33,cancelled,2023-11-22,2026-08-21
2874-YXVVA,Basic,Month-to-month,Monthly,Electronic check,105.1,34,active,2023-10-20,
1245-HARPS,Pro,Two year,Annual,Mailed check,20.4,14,active,2025-06-25,
4210-QFJMF,Basic,Month-to-month,Monthly,Electronic check,79.15,4,cancelled,2026-05-08,2026-07-28
4323-ELYYB,Standard,One year,Annual,Mailed check,20.0,13,active,2025-07-20,
4293-ETKAP,Pro,Two year,Annual,Bank transfer (automatic),79.4,65,active,2021-04-09,
6064-PUPMC,Standard,One year,Annual,Credit card (automatic),57.2,23,active,2024-10-09,
6504-VBLFL,Pro,Two year,Annual,Electronic check,58.6,55,active,2022-01-24,
6322-PJJDJ,Pro,Two year,Annual,Electronic check,94.8,49,active,2022-08-08,
0330-BGYZE,Standard,One year,Annual,Bank transfer (automatic),102.5,60,active,2021-09-01,
1085-LDWAM,Standard,One year,Annual,Credit card (automatic),20.35,69,active,2020-11-27,
7586-ZATGZ,Basic,Month-to-month,Monthly,Electronic check,84.9,40,active,2023-05-14,
7197-VOJMM,Pro,Two year,Annual,Credit card (automatic),69.2,67,active,2021-01-19,
3318-OSATS,Basic,Month-to-month,Monthly,Electronic check,95.45,35,cancelled,2023-10-13,2026-09-15
5828-AVIPD,Standard,One year,Annual,Electronic check,100.95,19,cancelled,2025-01-17,2026-08-28
1843-TLSGD,Pro,Two year,Annual,Mailed check,20.85,13,active,2025-08-09,
9626-VFRGG,Basic,Month-to-month,Monthly,Bank transfer (automatic),88.5,41,active,2023-04-05,
7075-BNDVQ,Basic,Month-to-month,Monthly,Mailed check,35.0,4,active,2026-05-11,
9143-CANJF,Basic,Month-to-month,Monthly,Electronic check,55.15,24,active,2024-08-31,
7284-BUYEC,Basic,Month-to-month,Monthly,Credit card (automatic),50.95,5,active,2026-04-17,
2041-JIJCI,Basic,Month-to-month,Monthly,Electronic check,64.0,5,active,2026-04-12,
1086-LXKFY,Basic,Month-to-month,Monthly,Mailed check,69.1,1,cancelled,2026-08-02,2026-08-14
4900-MSOMT,Pro,Two year,Annual,Bank transfer (automatic),80.2,72,active,2020-08-27,
2229-VWQJH,Basic,Month-to-month,Monthly,Credit card (automatic),49.3,24,active,2024-08-19,
9194-GFVOI,Pro,Two year,Annual,Credit card (automatic),84.35,42,active,2023-02-21,
1336-EZFZY,Basic,Month-to-month,Monthly,Mailed check,20.05,4,active,2026-04-21,
4282-MSACW,Standard,One year,Annual,Credit card (automatic),117.2,68,active,2020-12-24,
1403-LKLIK,Standard,One year,Annual,Mailed check,20.1,33,active,2023-11-24,
2636-ALXXZ,Basic,Month-to-month,Monthly,Electronic check,69.6,1,cancelled,2026-08-07,2026-08-08
7774-OJSXI,Standard,One year,Annual,Electronic check,103.45,31,cancelled,2024-01-20,2026-08-09
7786-WBJYI,Basic,Month-to-month,Monthly,Bank transfer (automatic),77.95,4,cancelled,2026-04-20,2026-08-25
0136-IFMYD,Pro,Two year,Annual,Electronic check,109.95,69,active,2020-12-01,
5144-TVGLP,Basic,Month-to-month,Monthly,Electronic check,94.75,38,active,2023-07-15,
9643-AVVWI,Basic,Month-to-month,Monthly,Electronic check,80.0,3,active,2026-06-16,
0253-ZTEOB,Pro,Two year,Annual,Electronic check,79.65,48,active,2022-09-02,
2706-QZIHY,Pro,Two year,Annual,Mailed check,25.2,15,active,2025-05-29,
6061-PQHMK,Standard,One year,Annual,Credit card (automatic),19.9,25,active,2024-07-31,
9885-CSMWE,Basic,Month-to-month,Monthly,Electronic check,78.45,1,cancelled,2026-07-22,2026-07-26
6137-MFAJN,Basic,Month-to-month,Monthly,Electronic check,44.8,48,active,2022-08-31,
9122-UMROB,Basic,Month-to-month,Monthly,Mailed check,20.3,1,active,2026-07-29,
4232-JGKIY,Basic,Month-to-month,Monthly,Electronic check,19.2,1,active,2026-07-26,
2402-TAIRZ,Standard,One year,Annual,Electronic check,80.05,37,active,2023-07-22,
9659-ZTWSM,Standard,One year,Annual,Bank transfer (automatic),107.35,66,active,2021-02-27,
9139-TWBAS,Standard,One year,Annual,Bank transfer (automatic),47.85,26,active,2024-07-01,
6685-GBWJZ,Standard,One year,Annual,Credit card (automatic),70.8,63,active,2021-06-15,
5016-ETTFF,Basic,Month-to-month,Monthly,Mailed check,29.5,10,cancelled,2025-10-28,2026-08-08
3866-MDTUB,Basic,Month-to-month,Monthly,Electronic check,70.75,2,cancelled,2026-07-13,2026-08-15
2195-VVRJF,Basic,Month-to-month,Monthly,Credit card (automatic),59.1,18,active,2025-03-07,
3913-RDSJZ,Pro,Two year,Annual,Mailed check,25.55,64,active,2021-05-02,
8058-JMEQO,Basic,Month-to-month,Monthly,Electronic check,84.45,9,cancelled,2025-12-15,2026-07-22
4203-QGNZA,Basic,Month-to-month,Monthly,Mailed check,20.25,28,active,2024-04-27,
5043-TRZWM,Basic,Month-to-month,Monthly,Electronic check,75.55,1,active,2026-08-09,
0697-ZMSWS,Basic,Month-to-month,Monthly,Electronic check,85.65,4,cancelled,2026-05-03,2026-09-10
7657-DYEPJ,Standard,One year,Annual,Credit card (automatic),70.15,38,cancelled,2023-07-08,2026-08-05
9494-BDNNC,Standard,One year,Annual,Electronic check,95.3,66,active,2021-03-07,
1640-PLFMP,Basic,Month-to-month,Monthly,Electronic check,70.25,1,active,2026-08-06,
5366-OBVMR,Basic,Month-to-month,Monthly,Mailed check,50.3,18,active,2025-03-17,
8276-MQBYC,Basic,Month-to-month,Monthly,Electronic check,97.8,51,cancelled,2022-06-12,2026-07-23
7644-OMVMY,Pro,Two year,Annual,Mailed check,19.85,0,active,2026-08-24,
7593-XFKDI,Basic,Month-to-month,Monthly,Mailed check,46.3,1,cancelled,2026-08-14,2026-08-07
4573-JKNAE,Pro,Two year,Annual,Bank transfer (automatic),19.35,12,active,2025-09-02,
0337-CNPZE,Basic,Month-to-month,Monthly,Electronic check,106.3,41,cancelled,2023-04-13,2026-08-13
9817-APLHW,Basic,Month-to-month,Monthly,Electronic check,25.0,12,active,2025-08-31,
8380-MQINP,Pro,Two year,Annual,Mailed check,20.3,55,active,2022-01-27,
0840-DFEZH,Basic,Month-to-month,Monthly,Electronic check,75.35,7,active,2026-02-01,
1513-XNPPH,Basic,Month-to-month,Monthly,Electronic check,89.4,12,cancelled,2025-08-24,2026-08-25
8690-ZVLCL,Pro,Two year,Annual,Credit card (automatic),88.0,68,active,2021-01-09,
6015-VVHHE,Basic,Month-to-month,Monthly,Credit card (automatic),83.15,5,cancelled,2026-04-01,2026-08-30
1125-SNVCK,Basic,Month-to-month,Monthly,Mailed check,43.8,49,active,2022-08-09,
0384-LPITE,Standard,One year,Annual,Credit card (automatic),62.05,40,active,2023-05-03,
4616-EWBNJ,Standard,One year,Annual,Bank transfer (automatic),20.1,16,active,2025-05-16,
6347-DCUIK,Basic,Month-to-month,Monthly,Mailed check,74.15,10,cancelled,2025-11-08,2026-08-14
1335-HQMKX,Standard,One year,Annual,Electronic check,101.35,72,active,2020-08-26,
2545-EBUPK,Basic,Month-to-month,Monthly,Electronic check,84.05,2,active,2026-06-25,
6923-AQONU,Pro,Two year,Annual,Mailed check,20.9,23,active,2024-10-08,
2172-EJXVF,Standard,One year,Annual,Electronic check,105.9,71,active,2020-10-09,
0897-FEGMU,Basic,Month-to-month,Monthly,Electronic check,99.5,11,cancelled,2025-10-09,2026-07-24
7663-RGWBC,Basic,Month-to-month,Monthly,Mailed check,44.15,1,cancelled,2026-08-09,2026-08-19
1120-BMWUB,Basic,Month-to-month,Monthly,Mailed check,53.9,16,cancelled,2025-04-18,2026-09-08
9124-LHCJQ,Basic,Month-to-month,Monthly,Mailed check,85.45,1,cancelled,2026-07-29,2026-08-18
4536-PLEQY,Basic,Month-to-month,Monthly,Credit card (automatic),85.05,12,active,2025-09-05,
7029-IJEJK,Standard,One year,Annual,Bank transfer (automatic),44.1,54,active,2022-03-05,
8871-JLMHM,Pro,Two year,Annual,Credit card (automatic),90.2,68,active,2021-01-01,
2235-ZGKPT,Basic,Month-to-month,Monthly,Mailed check,50.85,4,cancelled,2026-05-02,2026-09-10
3891-PUQOD,Basic,Month-to-month,Monthly,Electronic check,59.2,1,cancelled,2026-08-06,2026-07-22
5447-VYTKW,Basic,Month-to-month,Monthly,Mailed check,53.45,27,active,2024-05-19,
3623-FQBOX,Basic,Month-to-month,Monthly,Mailed check,19.95,21,active,2024-12-08,
0689-NKYLF,Basic,Month-to-month,Monthly,Electronic check,83.2,13,cancelled,2025-08-05,2026-08-15
8659-HDIYE,Basic,Month-to-month,Monthly,Credit card (automatic),74.65,64,active,2021-05-17,
3658-KIBGF,Basic,Month-to-month,Monthly,Electronic check,54.9,1,cancelled,2026-08-03,2026-09-03
3474-BAFSJ,Pro,Two year,Annual,Bank transfer (automatic),57.5,57,active,2021-11-21,
5519-YLDGW,Basic,Month-to-month,Monthly,Electronic check,103.9,21,cancelled,2024-11-17,2026-08-10
3865-ZFZIB,Pro,Two year,Annual,Mailed check,19.65,19,active,2025-02-01,
1855-AGAWH,Standard,One year,Annual,Electronic check,93.8,31,active,2024-02-12,
7109-CQYUZ,Pro,Two year,Annual,Mailed check,89.25,52,active,2022-04-27,
1370-GGAWX,Standard,One year,Annual,Electronic check,94.15,46,active,2022-10-28,
4680-KUTAJ,Basic,Month-to-month,Monthly,Electronic check,55.6,11,active,2025-09-19,
5307-UVGNB,Basic,Month-to-month,Monthly,Bank transfer (automatic),48.7,53,active,2022-04-02,
4946-EDSEW,Basic,Month-to-month,Monthly,Mailed check,19.25,11,cancelled,2025-10-17,2026-08-15
2883-ILGWO,Basic,Month-to-month,Monthly,Bank transfer (automatic),104.9,57,active,2021-11-19,
2516-VQRRV,Basic,Month-to-month,Monthly,Mailed check,75.45,2,cancelled,2026-06-28,2026-08-16
7580-UGXNC,Basic,Month-to-month,Monthly,Mailed check,54.85,2,cancelled,2026-06-24,2026-08-12
3642-BYHDO,Pro,Two year,Annual,Bank transfer (automatic),19.9,71,active,2020-10-13,
9629-NHXFW,Basic,Month-to-month,Monthly,Mailed check,19.4,1,active,2026-08-04,
2696-RZVZW,Pro,Two year,Annual,Credit card (automatic),25.05,68,active,2021-01-03,
5766-FTRTS,Pro,Two year,Annual,Mailed check,84.45,72,active,2020-09-08,
0396-HUJBP,Basic,Month-to-month,Monthly,Mailed check,19.3,2,active,2026-06-23,
5178-LMXOP,Basic,Month-to-month,Monthly,Electronic check,95.1,1,cancelled,2026-08-12,2026-07-23
8879-ZKJOF,Standard,One year,Annual,Bank transfer (automatic),79.85,41,active,2023-04-15,
6285-FTQBF,Pro,Two year,Annual,Credit card (automatic),25.55,72,active,2020-09-09,
8185-UPYBR,Basic,Month-to-month,Monthly,Electronic check,75.5,6,cancelled,2026-02-17,2026-07-27
4585-HETAI,Basic,Month-to-month,Monthly,Electronic check,73.75,4,cancelled,2026-05-15,2026-08-31
7526-BEZQB,Basic,Month-to-month,Monthly,Electronic check,96.05,12,cancelled,2025-08-30,2026-09-01
1474-JUWSM,Standard,One year,Annual,Electronic check,68.4,58,active,2021-11-11,
3530-CRZSB,Basic,Month-to-month,Monthly,Mailed check,20.65,7,active,2026-02-04,
8498-XXGWA,Basic,Month-to-month,Monthly,Mailed check,55.15,65,active,2021-04-01,
9617-INGJY,Basic,Month-to-month,Monthly,Mailed check,70.6,1,active,2026-08-17,
0621-TSSMU,Standard,One year,Annual,Credit card (automatic),19.95,56,active,2022-01-09,
7234-KMNRQ,Basic,Month-to-month,Monthly,Mailed check,19.0,4,active,2026-05-01,
7636-PEPNS,Standard,One year,Annual,Mailed check,44.1,58,active,2021-11-16,
4683-WYDOU,Pro,Two year,Annual,Bank transfer (automatic),107.6,62,active,2021-07-03,
9052-DHNKM,Standard,One year,Annual,Electronic check,61.55,26,active,2024-06-29,
6794-HKIAJ,Basic,Month-to-month,Monthly,Bank transfer (automatic),90.7,62,active,2021-07-11,
5578-NKCXI,Standard,One year,Annual,Credit card (automatic),99.25,58,active,2021-11-12,
1642-HMARX,Pro,Two year,Annual,Electronic check,91.7,68,active,2021-01-02,
3096-WPXBT,Standard,One year,Annual,Credit card (automatic),100.7,61,active,2021-07-27,
8434-PNQZX,Pro,Two year,Annual,Credit card (automatic),78.45,42,active,2023-03-18,
5950-AAAGJ,Basic,Month-to-month,Monthly,Bank transfer (automatic),84.3,18,active,2025-03-08,
4299-OPXEJ,Pro,Two year,Annual,Bank transfer (automatic),19.55,56,active,2021-12-18,
4951-UKAAQ,Basic,Month-to-month,Monthly,Electronic check,88.95,4,cancelled,2026-05-08,2026-07-19
9618-LFJRU,Basic,Month-to-month,Monthly,Credit card (automatic),20.45,4,active,2026-05-09,
6693-DJWTY,Standard,One year,Annual,Credit card (automatic),55.6,35,active,2023-09-25,
0744-GKNGE,Basic,Month-to-month,Monthly,Bank transfer (automatic),86.8,64,active,2021-05-03,
6447-EGDIV,Standard,One year,Annual,Mailed check,20.95,31,active,2024-02-05,
1167-OYZJF,Pro,Two year,Annual,Bank transfer (automatic),20.05,67,active,2021-01-23,
2108-YKQTY,Basic,Month-to-month,Monthly,Credit card (automatic),50.7,4,cancelled,2026-05-18,2026-08-08
4806-DXQCE,Pro,Two year,Annual,Electronic check,113.65,70,active,2020-10-26,
4918-QLLIW,Basic,Month-to-month,Monthly,Credit card (automatic),53.4,3,cancelled,2026-06-06,2026-09-14
7056-IMHCC,Basic,Month-to-month,Monthly,Electronic check,101.9,53,cancelled,2022-03-22,2026-08-15
4854-SSLTN,Pro,Two year,Annual,Mailed check,59.5,2,active,2026-06-27,
5294-DMSFH,Basic,Month-to-month,Monthly,Credit card (automatic),87.8,29,active,2024-03-20,
4837-PZTIC,Pro,Two year,Annual,Mailed check,41.9,47,active,2022-10-14,
1625-JAIIY,Standard,One year,Annual,Electronic check,83.0,68,cancelled,2021-01-11,2026-09-09
0603-OLQDC,Basic,Month-to-month,Monthly,Mailed check,69.85,12,active,2025-08-20,
3272-VUHPV,Basic,Month-to-month,Monthly,Bank transfer (automatic),56.3,8,active,2026-01-05,
4176-FXYBO,Basic,Month-to-month,Monthly,Electronic check,109.55,54,active,2022-02-22,
1063-DHQJF,Pro,Two year,Annual,Mailed check,92.15,69,active,2020-11-26,
8663-UPDGF,Basic,Month-to-month,Monthly,Bank transfer (automatic),69.5,26,active,2024-07-03,
6719-FGEDO,Pro,Two year,Annual,Bank transfer (automatic),97.0,72,active,2020-09-15,
1837-YQUCE,Pro,Two year,Annual,Bank transfer (automatic),58.35,70,active,2020-11-14,
2947-DOMLJ,Basic,Month-to-month,Monthly,Mailed check,50.6,1,cancelled,2026-07-27,2026-09-14
4112-LUEIZ,Basic,Month-to-month,Monthly,Electronic check,89.5,10,cancelled,2025-11-14,2026-09-05
0369-ZGOVK,Standard,One year,Annual,Bank transfer (automatic),70.4,28,active,2024-05-17,
4510-HIMLV,Basic,Month-to-month,Monthly,Electronic check,69.8,1,cancelled,2026-08-11,2026-08-31
9919-KNPOO,Basic,Month-to-month,Monthly,Electronic check,94.3,21,active,2024-11-19,
8749-JMNKX,Basic,Month-to-month,Monthly,Bank transfer (automatic),93.8,51,cancelled,2022-05-30,2026-09-11
7872-BAAZR,Standard,One year,Annual,Bank transfer (automatic),19.55,53,active,2022-03-27,
9391-LMANN,Standard,One year,Annual,Electronic check,95.95,53,active,2022-03-29,
2430-USGXP,Basic,Month-to-month,Monthly,Electronic check,101.05,24,cancelled,2024-08-31,2026-07-28
8174-TBVCF,Pro,Two year,Annual,Credit card (automatic),94.8,70,active,2020-11-09,
1698-XFZCI,Standard,One year,Annual,Electronic check,107.75,61,active,2021-08-05,
1877-HKBQX,Standard,One year,Annual,Mailed check,54.6,11,active,2025-10-01,
4450-DLLMH,Basic,Month-to-month,Monthly,Credit card (automatic),71.3,2,active,2026-06-19,
0428-AXXLJ,Standard,One year,Annual,Bank transfer (automatic),19.5,25,active,2024-07-21,
2746-DIJLO,Standard,One year,Annual,Credit card (automatic),56.3,41,active,2023-03-26,
5955-ERIHD,Basic,Month-to-month,Monthly,Electronic check,94.7,18,cancelled,2025-02-22,2026-08-21
0917-EZOLA,Pro,Two year,Annual,Bank transfer (automatic),104.15,72,cancelled,2020-08-23,2026-08-14
3508-VLHCZ,Pro,Two year,Annual,Credit card (automatic),90.55,71,active,2020-09-26,
4086-ATNFV,Standard,One year,Annual,Mailed check,60.8,34,active,2023-10-24,
0468-YRPXN,Basic,Month-to-month,Monthly,Credit card (automatic),98.8,29,active,2024-04-15,
5996-NRVXR,Standard,One year,Annual,Credit card (automatic),98.15,40,active,2023-05-18,
3739-YBWAB,Standard,One year,Annual,Mailed check,35.35,36,active,2023-09-04,
7047-FWEYA,Standard,One year,Annual,Electronic check,103.15,46,active,2022-11-15,
2000-MPKCA,Standard,One year,Annual,Electronic check,107.75,58,active,2021-11-06,
9762-YAQAA,Standard,One year,Annual,Credit card (automatic),81.4,39,active,2023-06-12,
5949-EBSQK,Basic,Month-to-month,Monthly,Credit card (automatic),61.45,4,cancelled,2026-04-20,2026-07-26
5473-KHBPS,Standard,One year,Annual,Credit card (automatic),95.7,52,active,2022-04-29,
0100-DUVFC,Standard,One year,Annual,Electronic check,104.8,70,active,2020-11-15,
5397-TUPSH,Standard,One year,Annual,Bank transfer (automatic),70.95,65,active,2021-03-30,
8950-MTZNV,Basic,Month-to-month,Monthly,Mailed check,44.95,1,active,2026-07-27,
0326-VDYXE,Standard,One year,Annual,Electronic check,97.65,70,active,2020-11-07,
6773-LQTVT,Basic,Month-to-month,Monthly,Mailed check,35.65,29,active,2024-03-22,
7274-RTAPZ,Basic,Month-to-month,Monthly,Electronic check,90.55,1,cancelled,2026-07-19,2026-07-28
0436-TWFFZ,Pro,Two year,Annual,Mailed check,85.25,67,active,2021-01-17,
8566-YPRGL,Basic,Month-to-month,Monthly,Mailed check,19.5,1,active,2026-08-15,
0311-UNPFF,Basic,Month-to-month,Monthly,Bank transfer (automatic),88.8,26,cancelled,2024-07-04,2026-07-29
6609-MXJHJ,Pro,Two year,Annual,Mailed check,25.1,30,active,2024-02-23,
2669-OIDSD,Basic,Month-to-month,Monthly,Credit card (automatic),100.05,48,active,2022-09-03,
8400-WZICQ,Basic,Month-to-month,Monthly,Electronic check,55.7,55,active,2022-02-01,
3834-XUIFC,Basic,Month-to-month,Monthly,Mailed check,85.2,7,cancelled,2026-02-06,2026-09-04
9576-SYUHJ,Basic,Month-to-month,Monthly,Electronic check,91.15,37,active,2023-08-05,
0410-IPFTY,Basic,Month-to-month,Monthly,Bank transfer (automatic),83.85,31,active,2024-01-27,
2831-EBWRN,Basic,Month-to-month,Monthly,Electronic check,45.9,4,active,2026-05-18,
9430-NKQLY,Pro,Two year,Annual,Credit card (automatic),25.1,72,active,2020-08-24,
8414-MYSHR,Basic,Month-to-month,Monthly,Electronic check,91.4,5,cancelled,2026-03-27,2026-08-03
0247-SLUJI,Basic,Month-to-month,Monthly,Mailed check,19.7,1,active,2026-08-13,
9402-ORRAH,Basic,Month-to-month,Monthly,Electronic check,91.5,15,active,2025-05-25,
6483-OATDN,Basic,Month-to-month,Monthly,Credit card (automatic),51.3,8,active,2026-01-01,
1293-HHSHJ,Standard,One year,Annual,Mailed check,21.1,35,active,2023-10-08,
4840-ORQXB,Basic,Month-to-month,Monthly,Electronic check,104.75,56,active,2022-01-03,
7599-FKVXZ,Basic,Month-to-month,Monthly,Bank transfer (automatic),106.15,42,cancelled,2023-03-03,2026-07-19
3982-DQLUS,Basic,Month-to-month,Monthly,Electronic check,85.75,65,active,2021-04-11,
8610-ZIKJJ,Standard,One year,Annual,Mailed check,20.3,2,active,2026-06-30,
3756-VNWDH,Standard,One year,Annual,Electronic check,100.75,65,active,2021-03-30,
7801-KICAO,Basic,Month-to-month,Monthly,Electronic check,74.15,18,active,2025-03-07,
7673-LPRNY,Standard,One year,Annual,Electronic check,78.55,23,active,2024-10-03,
8229-TNIQA,Basic,Month-to-month,Monthly,Mailed check,45.3,4,cancelled,2026-04-30,2026-09-15
6060-QBMGV,Pro,Two year,Annual,Credit card (automatic),19.85,70,active,2020-11-01,
7339-POGZN,Basic,Month-to-month,Monthly,Electronic check,50.7,4,active,2026-05-05,
2828-SLQPF,Basic,Month-to-month,Monthly,Bank transfer (automatic),45.0,19,active,2025-01-18,
4465-VDKIQ,Basic,Month-to-month,Monthly,Electronic check,77.8,18,active,2025-02-20,
2921-XWDJH,Basic,Month-to-month,Monthly,Electronic check,83.45,38,active,2023-07-07,
6221-AVQYL,Basic,Month-to-month,Monthly,Credit card (automatic),73.25,2,cancelled,2026-06-27,2026-07-26
2558-BUOZZ,Standard,One year,Annual,Bank transfer (automatic),94.8,47,active,2022-09-23,
9257-AZMTZ,Pro,Two year,Annual,Bank transfer (automatic),20.1,52,active,2022-05-15,
0003-MKNFE,Basic,Month-to-month,Monthly,Mailed check,59.9,9,active,2025-11-30,
0975-UYDTX,Standard,One year,Annual,Credit card (automatic),90.1,26,active,2024-06-24,
7743-EXURX,Basic,Month-to-month,Monthly,Electronic check,51.05,8,cancelled,2026-01-15,2026-07-26
4682-BLBUC,Standard,One year,Annual,Electronic check,70.95,44,active,2023-01-06,
0975-VOOVL,Basic,Month-to-month,Monthly,Mailed check,29.2,3,active,2026-05-25,
5968-VXZLG,Basic,Month-to-month,Monthly,Bank transfer (automatic),46.6,2,active,2026-06-20,
5569-KGJHX,Basic,Month-to-month,Monthly,Bank transfer (automatic),85.35,9,cancelled,2025-11-18,2026-07-28
4988-IQIGL,Basic,Month-to-month,Monthly,Electronic check,75.35,1,cancelled,2026-07-30,2026-08-23
5201-FRKKS,Basic,Month-to-month,Monthly,Bank transfer (automatic),74.3,25,active,2024-08-15,
9799-CAYJJ,Basic,Month-to-month,Monthly,Electronic check,69.3,2,active,2026-07-18,
7730-IUTDZ,Basic,Month-to-month,Monthly,Electronic check,75.2,43,cancelled,2023-01-23,2026-09-04
0426-TIRNE,Basic,Month-to-month,Monthly,Mailed check,20.9,1,cancelled,2026-07-26,2026-08-03
5443-SCMKX,Standard,One year,Annual,Electronic check,94.3,58,active,2021-11-11,
8295-KMENE,Pro,Two year,Annual,Mailed check,76.45,59,active,2021-10-14,
6738-ISCBM,Standard,One year,Annual,Electronic check,54.0,44,active,2023-01-12,
9821-BESNZ,Standard,One year,Annual,Electronic check,104.25,66,active,2021-02-19,
3678-MNGZX,Pro,Two year,Annual,Bank transfer (automatic),19.95,68,active,2020-12-25,
1335-NTIUC,Basic,Month-to-month,Monthly,Electronic check,24.95,9,active,2025-11-19,
2916-BQZLN,Basic,Month-to-month,Monthly,Electronic check,84.75,19,active,2025-02-12,
4558-CGYCZ,Basic,Month-to-month,Monthly,Mailed check,19.75,4,active,2026-04-28,
2368-GAKKQ,Pro,Two year,Annual,Bank transfer (automatic),113.65,70,active,2020-10-20,
8710-YGLWG,Basic,Month-to-month,Monthly,Mailed check,44.9,1,active,2026-08-02,
3199-XGZCY,Basic,Month-to-month,Monthly,Electronic check,75.25,8,active,2025-12-24,
3785-KTYSH,Pro,Two year,Annual,Mailed check,24.6,53,active,2022-03-30,
6814-ZPWFQ,Standard,One year,Annual,Bank transfer (automatic),25.0,51,active,2022-06-17,
4063-EIKNQ,Basic,Month-to-month,Monthly,Bank transfer (automatic),20.95,11,active,2025-10-05,
6993-YCOBK,Pro,Two year,Annual,Electronic check,110.6,60,active,2021-09-09,
5206-HPJKM,Basic,Month-to-month,Monthly,Credit card (automatic),55.5,17,active,2025-04-15,
7587-RZNME,Basic,Month-to-month,Monthly,Electronic check,43.3,3,cancelled,2026-05-31,2026-08-10
0748-RDGGM,Standard,One year,Annual,Bank transfer (automatic),109.5,70,cancelled,2020-10-20,2026-08-04
8393-JMVMB,Basic,Month-to-month,Monthly,Mailed check,19.45,1,active,2026-08-16,
5019-GQVCR,Basic,Month-to-month,Monthly,Electronic check,84.85,43,active,2023-02-07,
6036-TTFYU,Basic,Month-to-month,Monthly,Mailed check,19.6,16,active,2025-04-27,
2550-AEVRU,Standard,One year,Annual,Electronic check,53.45,57,active,2021-12-07,
0969-RGKCU,Standard,One year,Annual,Credit card (automatic),19.8,37,active,2023-08-14,
0378-CJKPV,Pro,Two year,Annual,Credit card (automatic),112.1,72,active,2020-09-11,
4706-AXVKM,Basic,Month-to-month,Monthly,Credit card (automatic),84.8,11,cancelled,2025-10-17,2026-08-31
5889-JTMUL,Basic,Month-to-month,Monthly,Electronic check,95.05,50,cancelled,2022-06-18,2026-09-05
9026-RNUJS,Basic,Month-to-month,Monthly,Electronic check,50.35,5,cancelled,2026-04-03,2026-07-24
3746-EUBYR,Basic,Month-to-month,Monthly,Bank transfer (automatic),74.6,1,cancelled,2026-07-20,2026-08-16
2332-EFBJY,Basic,Month-to-month,Monthly,Mailed check,19.7,16,cancelled,2025-04-27,2026-07-27
2880-FPNAE,Basic,Month-to-month,Monthly,Electronic check,74.2,2,active,2026-07-08,
1703-MGIAB,Basic,Month-to-month,Monthly,Mailed check,69.0,17,active,2025-03-20,
4311-QTTAI,Standard,One year,Annual,Credit card (automatic),19.35,16,active,2025-05-10,
9474-PHLYD,Basic,Month-to-month,Monthly,Electronic check,59.45,15,cancelled,2025-06-12,2026-07-23
4318-RAJVY,Standard,One year,Annual,Mailed check,19.8,10,active,2025-10-23,
2165-VOEGB,Standard,One year,Annual,Bank transfer (automatic),105.2,46,cancelled,2022-10-31,2026-08-19
3612-YUNGG,Pro,Two year,Annual,Credit card (automatic),109.2,64,active,2021-05-05,
2254-DLXRI,Basic,Month-to-month,Monthly,Mailed check,79.15,1,active,2026-07-31,
5062-CJJKH,Standard,One year,Annual,Mailed check,53.65,25,active,2024-07-18,
9028-LIHRP,Pro,Two year,Annual,Credit card (automatic),100.2,71,active,2020-10-08,
2219-MVUSO,Basic,Month-to-month,Monthly,Mailed check,45.15,8,cancelled,2025-12-20,2026-08-31
1053-MXTTK,Pro,Two year,Annual,Bank transfer (automatic),108.65,72,active,2020-08-20,
1530-ZTDOZ,Basic,Month-to-month,Monthly,Bank transfer (automatic),40.65,49,active,2022-07-26,
1301-LOPVR,Standard,One year,Annual,Credit card (automatic),55.35,29,active,2024-04-13,
0853-TWRVK,Pro,Two year,Annual,Bank transfer (automatic),105.6,72,active,2020-09-14,
8914-RBTSB,Basic,Month-to-month,Monthly,Electronic check,93.8,31,cancelled,2024-02-13,2026-07-25
6212-ATMLK,Basic,Month-to-month,Monthly,Electronic check,95.7,50,active,2022-06-26,
8200-LGKSR,Pro,Two year,Annual,Electronic check,83.2,71,active,2020-10-05,
1568-BEKZM,Pro,Two year,Annual,Credit card (automatic),90.05,70,active,2020-10-18,
0670-ANMUU,Standard,One year,Annual,Credit card (automatic),97.65,71,active,2020-10-16,
6897-RWMUB,Pro,Two year,Annual,Bank transfer (automatic),68.05,61,active,2021-08-06,
0963-ZBDRN,Basic,Month-to-month,Monthly,Electronic check,96.2,32,cancelled,2024-01-09,2026-08-04
7594-RQHXR,Basic,Month-to-month,Monthly,Electronic check,79.6,1,cancelled,2026-07-22,2026-08-07
6999-CHVCF,Pro,Two year,Annual,Bank transfer (automatic),102.1,68,active,2021-01-13,
6134-KWTBV,Pro,Two year,Annual,Bank transfer (automatic),23.4,62,active,2021-07-05,
1077-HUUJM,Basic,Month-to-month,Monthly,Electronic check,71.05,7,active,2026-01-20,
6331-EWIEB,Basic,Month-to-month,Monthly,Electronic check,85.25,20,cancelled,2024-12-18,2026-07-21
0895-LNKRC,Standard,One year,Annual,Mailed check,19.45,6,active,2026-02-19,
2045-BMBTJ,Basic,Month-to-month,Monthly,Bank transfer (automatic),59.45,33,active,2023-11-28,
8417-GSODA,Standard,One year,Annual,Bank transfer (automatic),92.2,28,active,2024-05-13,
5171-EPLKN,Pro,Two year,Annual,Credit card (automatic),19.85,27,active,2024-06-15,
4452-QIIEB,Basic,Month-to-month,Monthly,Mailed check,43.9,7,active,2026-02-03,
5998-VVEJY,Basic,Month-to-month,Monthly,Electronic check,80.5,26,cancelled,2024-07-03,2026-09-01
1624-NALOJ,Basic,Month-to-month,Monthly,Electronic check,89.8,5,cancelled,2026-04-02,2026-08-25
6741-EGCBI,Basic,Month-to-month,Monthly,Credit card (automatic),90.5,30,active,2024-03-16,
7820-ZYGNY,Standard,One year,Annual,Credit card (automatic),90.45,63,active,2021-05-28,
4317-VTEOA,Basic,Month-to-month,Monthly,Electronic check,50.75,1,cancelled,2026-08-06,2026-09-13
9677-AVKED,Standard,One year,Annual,Electronic check,84.6,53,active,2022-04-14,
1670-SVOWZ,Basic,Month-to-month,Monthly,Credit card (automatic),89.65,14,cancelled,2025-06-20,2026-08-24
2227-JRSJX,Basic,Month-to-month,Monthly,Bank transfer (automatic),99.15,21,active,2024-12-06,
9847-HNVGP,Standard,One year,Annual,Mailed check,19.95,17,active,2025-04-11,
6696-YDAYZ,Pro,Two year,Annual,Mailed check,20.5,16,active,2025-05-03,
8980-WQFWL,Basic,Month-to-month,Monthly,Electronic check,62.1,35,active,2023-09-19,
1730-ZMAME,Basic,Month-to-month,Monthly,Electronic check,79.5,32,active,2023-12-23,
6506-EYCNH,Basic,Month-to-month,Monthly,Bank transfer (automatic),19.55,28,active,2024-05-15,
4634-JLRJT,Basic,Month-to-month,Monthly,Mailed check,20.35,1,active,2026-07-28,
9501-UKKNL,Basic,Month-to-month,Monthly,Electronic check,51.7,59,active,2021-09-28,
2560-QTSBS,Standard,One year,Annual,Bank transfer (automatic),23.3,72,active,2020-08-21,
7541-YLXCL,Standard,One year,Annual,Mailed check,65.4,36,cancelled,2023-08-20,2026-08-20
4795-WRNVT,Basic,Month-to-month,Monthly,Mailed check,65.1,40,active,2023-04-26,
6080-TCMYC,Basic,Month-to-month,Monthly,Electronic check,81.2,40,active,2023-04-29,
0260-ZDLGK,Basic,Month-to-month,Monthly,Mailed check,72.9,9,cancelled,2025-12-07,2026-08-20
7860-UXCRM,Pro,Two year,Annual,Credit card (automatic),74.5,63,active,2021-05-22,
6357-JJPQT,Basic,Month-to-month,Monthly,Electronic check,80.5,3,active,2026-05-20,
2292-XQWSV,Standard,One year,Annual,Mailed check,60.3,40,active,2023-04-19,
9552-TGUZV,Basic,Month-to-month,Monthly,Mailed check,75.0,8,active,2025-12-19,
5913-INRQV,Standard,One year,Annual,Mailed check,90.15,34,active,2023-10-29,
8722-NGNBH,Basic,Month-to-month,Monthly,Mailed check,40.0,5,cancelled,2026-03-20,2026-09-07
6210-KBBPI,Basic,Month-to-month,Monthly,Credit card (automatic),99.45,9,cancelled,2025-11-24,2026-07-30
9643-YBLUR,Basic,Month-to-month,Monthly,Credit card (automatic),69.05,9,active,2025-12-10,
8734-FNWVH,Basic,Month-to-month,Monthly,Bank transfer (automatic),59.7,31,active,2024-02-16,
9447-YPTBX,Standard,One year,Annual,Bank transfer (automatic),19.85,50,active,2022-06-18,
0133-BMFZO,Basic,Month-to-month,Monthly,Electronic check,86.25,2,cancelled,2026-07-06,2026-08-18
6128-CZOMY,Basic,Month-to-month,Monthly,Electronic check,45.65,1,cancelled,2026-07-22,2026-08-21
9540-JYROE,Basic,Month-to-month,Monthly,Mailed check,70.1,8,cancelled,2026-01-08,2026-07-27
9026-LHEVG,Basic,Month-to-month,Monthly,Electronic check,40.75,9,active,2025-12-07,
2260-USTRB,Basic,Month-to-month,Monthly,Bank transfer (automatic),70.2,2,cancelled,2026-06-24,2026-08-18
3656-TKRVZ,Basic,Month-to-month,Monthly,Electronic check,55.35,3,cancelled,2026-06-02,2026-07-25
7011-CVEUC,Basic,Month-to-month,Monthly,Credit card (automatic),95.7,25,active,2024-07-27,
6185-TASNN,Basic,Month-to-month,Monthly,Electronic check,46.3,1,active,2026-08-08,
7925-PNRGI,Basic,Month-to-month,Monthly,Mailed check,81.3,45,active,2022-11-29,
8623-TMRBY,Basic,Month-to-month,Monthly,Electronic check,84.2,51,cancelled,2022-06-03,2026-09-02
1552-CZCLL,Basic,Month-to-month,Monthly,Credit card (automatic),20.0,55,active,2022-01-19,
3038-PQIUY,Basic,Month-to-month,Monthly,Bank transfer (automatic),66.15,38,active,2023-07-04,
1501-SGHBW,Basic,Month-to-month,Monthly,Mailed check,45.85,2,cancelled,2026-07-16,2026-07-27
9313-CDOGY,Basic,Month-to-month,Monthly,Electronic check,19.6,38,active,2023-06-26,
8148-BPLZQ,Basic,Month-to-month,Monthly,Electronic check,49.8,34,active,2023-10-20,
2623-DRYAM,Standard,One year,Annual,Electronic check,101.75,70,active,2020-10-21,
9987-LUTYD,Standard,One year,Annual,Mailed check,55.15,13,active,2025-08-14,
3208-YPIOE,Basic,Month-to-month,Monthly,Electronic check,75.25,39,cancelled,2023-05-19,2026-07-19
4488-KQFDT,Standard,One year,Annual,Electronic check,103.95,61,active,2021-08-07,
2612-RANWT,Basic,Month-to-month,Monthly,Bank transfer (automatic),100.15,12,cancelled,2025-08-22,2026-08-02
5693-PIPCS,Pro,Two year,Annual,Credit card (automatic),99.65,41,active,2023-03-30,
0491-KAPQG,Basic,Month-to-month,Monthly,Electronic check,73.7,21,active,2024-11-17,
1925-LFCZZ,Standard,One year,Annual,Bank transfer (automatic),50.05,55,active,2022-02-05,
8039-EQPIM,Pro,Two year,Annual,Bank transfer (automatic),60.25,69,active,2020-11-28,
6900-PXRMS,Basic,Month-to-month,Monthly,Electronic check,105.75,26,cancelled,2024-06-27,2026-07-25
8707-RMEZH,Standard,One year,Annual,Credit card (automatic),87.3,69,active,2020-12-12,
3346-BRMIS,Basic,Month-to-month,Monthly,Electronic check,48.35,18,cancelled,2025-02-23,2026-08-03
3209-ZPKFI,Basic,Month-to-month,Monthly,Electronic check,54.25,47,active,2022-10-13,
6479-VDGRK,Pro,Two year,Annual,Bank transfer (automatic),85.3,72,active,2020-08-23,
9373-WSLOY,Basic,Month-to-month,Monthly,Electronic check,50.0,33,active,2023-12-14,
2933-FILNV,Basic,Month-to-month,Monthly,Mailed check,24.4,2,cancelled,2026-07-13,2026-08-11
3569-JFODW,Pro,Two year,Annual,Credit card (automatic),90.95,72,active,2020-09-02,
9819-FBNSV,Basic,Month-to-month,Monthly,Bank transfer (automatic),72.25,37,active,2023-08-12,
9544-PYPSJ,Basic,Month-to-month,Monthly,Credit card (automatic),96.1,62,active,2021-07-15,
1591-XWLGB,Pro,Two year,Annual,Credit card (automatic),19.85,71,active,2020-10-15,
0396-UKGAI,Basic,Month-to-month,Monthly,Bank transfer (automatic),55.3,23,active,2024-10-08,
3243-ZHOHY,Standard,One year,Annual,Mailed check,20.1,16,active,2025-05-03,
5186-EJEGL,Basic,Month-to-month,Monthly,Mailed check,69.5,9,active,2025-12-16,
7527-QNRUS,Pro,Two year,Annual,Mailed check,25.15,17,active,2025-04-13,
9986-BONCE,Basic,Month-to-month,Monthly,Bank transfer (automatic),20.95,4,cancelled,2026-04-30,2026-08-01
2722-JMONI,Basic,Month-to-month,Monthly,Electronic check,49.55,1,cancelled,2026-08-08,2026-07-21
2203-GHNWN,Basic,Month-to-month,Monthly,Mailed check,79.65,24,active,2024-08-25,
3878-AVSOQ,Basic,Month-to-month,Monthly,Electronic check,71.25,1,active,2026-07-23,
3258-SYSWS,Pro,Two year,Annual,Bank transfer (automatic),113.8,72,active,2020-09-16,
5296-PSYVW,Pro,Two year,Annual,Electronic check,24.55,72,active,2020-08-19,
6319-QSUSR,Basic,Month-to-month,Monthly,Credit card (automatic),19.7,11,active,2025-09-27,
4083-EUGRJ,Basic,Month-to-month,Monthly,Mailed check,20.25,9,cancelled,2025-11-23,2026-08-11
7579-OOPEC,Basic,Month-to-month,Monthly,Credit card (automatic),50.15,2,cancelled,2026-07-04,2026-08-06
0512-FLFDW,Standard,One year,Annual,Credit card (automatic),100.5,60,active,2021-09-16,
1771-OADNZ,Basic,Month-to-month,Monthly,Electronic check,95.9,29,cancelled,2024-03-22,2026-09-11
0487-CRLZF,Pro,Two year,Annual,Bank transfer (automatic),74.45,49,active,2022-07-31,
2107-FBPTK,Basic,Month-to-month,Monthly,Electronic check,104.1,30,active,2024-03-16,
9451-WLYRI,Standard,One year,Annual,Credit card (automatic),19.05,53,active,2022-04-13,
8219-VYBVI,Pro,Two year,Annual,Mailed check,25.0,39,active,2023-06-11,
1991-VOPLL,Basic,Month-to-month,Monthly,Mailed check,19.05,9,active,2025-12-06,
9738-QLWTP,Standard,One year,Annual,Electronic check,81.9,39,active,2023-06-04,
1016-DJTSV,Basic,Month-to-month,Monthly,Electronic check,69.7,8,active,2026-01-04,
9419-IPPBE,Standard,One year,Annual,Electronic check,90.15,51,active,2022-05-22,
0174-QRVVY,Pro,Two year,Annual,Credit card (automatic),25.35,71,active,2020-09-18,
5699-BNCAS,Pro,Two year,Annual,Mailed check,24.65,71,active,2020-09-26,
2900-PHPLN,Pro,Two year,Annual,Credit card (automatic),19.55,70,active,2020-10-28,
0612-RTZZA,Basic,Month-to-month,Monthly,Electronic check,25.25,1,cancelled,2026-07-23,2026-07-21
8106-GWQOK,Pro,Two year,Annual,Bank transfer (automatic),60.0,38,active,2023-07-10,
8751-EDEKA,Basic,Month-to-month,Monthly,Credit card (automatic),89.9,28,active,2024-05-01,
6878-GGDWG,Basic,Month-to-month,Monthly,Bank transfer (automatic),19.4,32,active,2023-12-28,
4039-PIMHX,Pro,Two year,Annual,Mailed check,49.8,49,active,2022-08-09,
8450-LUGUK,Pro,Two year,Annual,Bank transfer (automatic),24.1,37,active,2023-07-20,
3604-WLABM,Basic,Month-to-month,Monthly,Electronic check,54.25,10,active,2025-11-09,
0795-GMVQO,Standard,One year,Annual,Credit card (automatic),109.9,67,active,2021-02-14,
2259-OUUSZ,Standard,One year,Annual,Credit card (automatic),35.5,7,active,2026-02-06,
1142-IHLOO,Standard,One year,Annual,Credit card (automatic),87.55,51,active,2022-05-24,
6410-LEFEN,Basic,Month-to-month,Monthly,Electronic check,45.15,9,cancelled,2025-12-06,2026-08-01
4633-MKHYU,Basic,Month-to-month,Monthly,Mailed check,88.4,9,active,2025-12-11,
6257-RJOHI,Basic,Month-to-month,Monthly,Mailed check,50.8,4,active,2026-04-22,
1545-JFUML,Pro,Two year,Annual,Electronic check,99.0,71,active,2020-10-12,
3194-ORPIK,Basic,Month-to-month,Monthly,Bank transfer (automatic),84.4,50,cancelled,2022-07-13,2026-09-06
7826-VVKWT,Pro,Two year,Annual,Electronic check,96.55,24,active,2024-08-21,
1353-GHZOS,Standard,One year,Annual,Bank transfer (automatic),59.75,22,active,2024-11-07,
2587-EKXTS,Basic,Month-to-month,Monthly,Electronic check,111.5,44,active,2023-01-16,
5442-BXVND,Basic,Month-to-month,Monthly,Bank transfer (automatic),24.25,33,active,2023-12-04,
8816-VXNZD,Basic,Month-to-month,Monthly,Electronic check,75.1,1,cancelled,2026-07-26,2026-08-29
9378-FXTIZ,Standard,One year,Annual,Credit card (automatic),70.15,54,cancelled,2022-02-24,2026-09-02
1723-HKXJQ,Basic,Month-to-month,Monthly,Electronic check,101.75,42,cancelled,2023-03-16,2026-08-28
7825-GKXMW,Basic,Month-to-month,Monthly,Electronic check,45.8,1,cancelled,2026-08-09,2026-07-25
9753-OYLBX,Basic,Month-to-month,Monthly,Mailed check,20.5,1,active,2026-07-30,
2364-UFROM,Standard,One year,Annual,Electronic check,70.4,30,active,2024-02-27,
6656-JWRQX,Basic,Month-to-month,Monthly,Mailed check,30.55,1,active,2026-07-30,
6473-ULUHT,Basic,Month-to-month,Monthly,Electronic check,84.9,16,active,2025-05-07,
1240-KNSEZ,Basic,Month-to-month,Monthly,Mailed check,20.1,1,cancelled,2026-07-23,2026-08-19
0836-SEYLU,Basic,Month-to-month,Monthly,Mailed check,40.65,9,cancelled,2025-12-15,2026-08-22
4433-JCGCG,Basic,Month-to-month,Monthly,Electronic check,101.0,46,cancelled,2022-10-23,2026-08-01
3716-BDVDB,Basic,Month-to-month,Monthly,Electronic check,69.1,1,cancelled,2026-07-20,2026-08-25
7688-AWMDX,Pro,Two year,Annual,Bank transfer (automatic),54.5,71,active,2020-09-26,
2842-BCQGE,Basic,Month-to-month,Monthly,Credit card (automatic),75.35,43,active,2023-02-04,
7244-QWYHG,Standard,One year,Annual,Bank transfer (automatic),44.45,50,active,2022-07-06,
5899-MQZZL,Basic,Month-to-month,Monthly,Mailed check,75.0,13,cancelled,2025-08-04,2026-07-25
6849-OYAMU,Standard,One year,Annual,Bank transfer (automatic),100.0,19,cancelled,2025-02-11,2026-08-02
5312-UXESG,Basic,Month-to-month,Monthly,Bank transfer (automatic),98.05,41,active,2023-04-11,
9488-HGMJH,Basic,Month-to-month,Monthly,Electronic check,71.15,1,cancelled,2026-07-29,2026-08-31
6038-GCYEC,Basic,Month-to-month,Monthly,Credit card (automatic),54.15,24,cancelled,2024-08-31,2026-08-09
2150-WLKUW,Standard,One year,Annual,Bank transfer (automatic),63.9,40,active,2023-05-04,
7159-FVYPK,Basic,Month-to-month,Monthly,Bank transfer (automatic),69.15,3,active,2026-06-03,
7032-LMBHI,Standard,One year,Annual,Bank transfer (automatic),64.65,37,active,2023-08-15,
1150-WFARN,Pro,Two year,Annual,Credit card (automatic),108.75,67,cancelled,2021-01-20,2026-08-18
6088-BXMRG,Basic,Month-to-month,Monthly,Electronic check,98.85,32,active,2023-12-19,
3144-AUDBS,Basic,Month-to-month,Monthly,Electronic check,49.15,6,cancelled,2026-03-11,2026-08-26
4821-SJHJV,Basic,Month-to-month,Monthly,Electronic check,89.6,32,active,2024-01-07,
7346-MEDWM,Basic,Month-to-month,Monthly,Electronic check,83.25,59,active,2021-09-29,
1137-DGOWI,Standard,One year,Annual,Bank transfer (automatic),70.25,30,active,2024-03-17,
5616-PRTNT,Basic,Month-to-month,Monthly,Electronic check,19.4,20,cancelled,2025-01-13,2026-07-24
3812-LRZIR,Pro,Two year,Annual,Electronic check,24.5,27,active,2024-05-21,
4818-QIUFN,Basic,Month-to-month,Monthly,Electronic check,79.15,20,cancelled,2025-01-11,2026-08-23
9483-GCPWE,Standard,One year,Annual,Mailed check,20.1,9,active,2025-11-30,
4227-OJHAL,Standard,One year,Annual,Credit card (automatic),73.0,68,active,2020-12-21,
9220-CXRSC,Pro,Two year,Annual,Credit card (automatic),61.4,69,active,2020-11-25,
4993-JCRGJ,Basic,Month-to-month,Monthly,Mailed check,84.3,26,active,2024-07-09,
9537-JALFH,Pro,Two year,Annual,Bank transfer (automatic),19.9,69,active,2020-12-12,
6698-OXETB,Pro,Two year,Annual,Mailed check,20.4,11,active,2025-09-26,
2103-ZRXFN,Basic,Month-to-month,Monthly,Mailed check,50.75,1,active,2026-08-05,
3724-BSCVH,Standard,One year,Annual,Mailed check,20.45,10,active,2025-10-18,
4877-TSOFF,Standard,One year,Annual,Bank transfer (automatic),75.75,55,active,2022-01-27,
9209-NWPGU,Standard,One year,Annual,Electronic check,65.4,44,active,2023-01-16,
6961-VCPMC,Basic,Month-to-month,Monthly,Electronic check,80.4,46,cancelled,2022-11-09,2026-09-09
7306-YDSOI,Pro,Two year,Annual,Bank transfer (automatic),59.75,69,active,2020-11-24,
5288-AHOUP,Basic,Month-to-month,Monthly,Electronic check,78.5,11,active,2025-09-26,
6688-UZPWD,Basic,Month-to-month,Monthly,Electronic check,102.0,11,cancelled,2025-09-25,2026-08-22
0655-YDGFJ,Basic,Month-to-month,Monthly,Bank transfer (automatic),48.95,29,active,2024-04-10,
8468-EHYJA,Basic,Month-to-month,Monthly,Electronic check,99.65,57,active,2021-12-09,
6823-SIDFQ,Standard,One year,Annual,Credit card (automatic),18.25,28,active,2024-05-11,
1097-FSPVW,Basic,Month-to-month,Monthly,Credit card (automatic),54.55,42,active,2023-02-26,
2839-RFSQE,Basic,Month-to-month,Monthly,Mailed check,20.65,2,cancelled,2026-07-18,2026-08-16
8328-SKJNO,Standard,One year,Annual,Bank transfer (automatic),40.65,23,active,2024-09-22,
7010-ZMVBF,Basic,Month-to-month,Monthly,Mailed check,20.45,18,active,2025-03-10,
5201-CBWYG,Standard,One year,Annual,Bank transfer (automatic),24.8,62,active,2021-07-03,
0968-GSIKN,Basic,Month-to-month,Monthly,Mailed check,70.8,1,cancelled,2026-08-10,2026-09-08
1965-DDBWU,Basic,Month-to-month,Monthly,Credit card (automatic),89.05,16,cancelled,2025-05-05,2026-08-03
9057-SIHCH,Basic,Month-to-month,Monthly,Electronic check,96.6,3,cancelled,2026-05-26,2026-09-02
6352-GIGGQ,Standard,One year,Annual,Bank transfer (automatic),88.8,67,active,2021-02-10,
3635-QQRQD,Pro,Two year,Annual,Credit card (automatic),20.05,62,active,2021-06-30,
6771-XWBDM,Basic,Month-to-month,Monthly,Credit card (automatic),104.5,57,cancelled,2021-12-15,2026-09-10
2897-DOVND,Basic,Month-to-month,Monthly,Electronic check,69.8,2,active,2026-07-13,
3082-YVEKW,Pro,Two year,Annual,Bank transfer (automatic),77.15,23,active,2024-09-26,
0191-EQUUH,Pro,Two year,Annual,Bank transfer (automatic),35.05,25,active,2024-07-30,
7134-HBPBS,Pro,Two year,Annual,Bank transfer (automatic),108.1,72,active,2020-08-29,
3489-HHPFY,Basic,Month-to-month,Monthly,Electronic check,84.05,2,active,2026-07-12,
2926-JEJJC,Standard,One year,Annual,Bank transfer (automatic),20.2,8,active,2026-01-10,
8601-QACRS,Basic,Month-to-month,Monthly,Mailed check,50.6,5,cancelled,2026-04-05,2026-08-15
4950-BDEUX,Basic,Month-to-month,Monthly,Electronic check,49.2,35,active,2023-10-14,
5789-LDFXO,Standard,One year,Annual,Electronic check,24.6,24,active,2024-08-21,
0508-OOLTO,Basic,Month-to-month,Monthly,Electronic check,71.65,2,active,2026-07-10,
2984-TBYKU,Pro,Two year,Annual,Credit card (automatic),104.9,72,active,2020-08-26,
9822-WMWVG,Basic,Month-to-month,Monthly,Electronic check,106.5,41,active,2023-04-13,
2391-SOORI,Basic,Month-to-month,Monthly,Electronic check,49.35,4,cancelled,2026-04-29,2026-09-06
9040-KZVWO,Standard,One year,Annual,Bank transfer (automatic),75.5,26,active,2024-07-11,
2645-QTLMB,Basic,Month-to-month,Monthly,Electronic check,94.25,7,cancelled,2026-02-07,2026-07-31
4806-HIPDW,Basic,Month-to-month,Monthly,Electronic check,68.95,1,cancelled,2026-08-05,2026-09-11
1548-ARAGG,Basic,Month-to-month,Monthly,Mailed check,58.5,4,active,2026-05-15,
6339-RZCBJ,Pro,Two year,Annual,Credit card (automatic),78.9,48,active,2022-09-13,
4424-TKOPW,Basic,Month-to-month,Monthly,Electronic check,93.85,2,cancelled,2026-06-26,2026-08-22
4415-WNGVR,Standard,One year,Annual,Electronic check,79.2,12,active,2025-09-06,
2522-AHJXR,Basic,Month-to-month,Monthly,Bank transfer (automatic),109.45,60,active,2021-08-30,
0412-UCCNP,Pro,Two year,Annual,Electronic check,59.2,55,active,2022-01-27,
1816-FLZDK,Basic,Month-to-month,Monthly,Mailed check,29.15,1,active,2026-07-30,
7096-UCLNH,Basic,Month-to-month,Monthly,Mailed check,20.05,1,active,2026-07-30,
8443-ZRDBZ,Basic,Month-to-month,Monthly,Electronic check,76.05,4,cancelled,2026-04-19,2026-09-12
9136-ALYBR,Basic,Month-to-month,Monthly,Mailed check,24.45,1,cancelled,2026-07-30,2026-08-24
4615-PIVVU,Pro,Two year,Annual,Credit card (automatic),66.5,42,active,2023-03-08,
8885-QSQBX,Basic,Month-to-month,Monthly,Bank transfer (automatic),49.55,1,active,2026-08-09,
7479-NITWS,Basic,Month-to-month,Monthly,Credit card (automatic),89.35,7,cancelled,2026-01-22,2026-07-22
8617-ENBDS,Basic,Month-to-month,Monthly,Credit card (automatic),73.6,3,active,2026-06-05,
9385-NXKDA,Pro,Two year,Annual,Credit card (automatic),82.65,72,active,2020-08-31,
0430-IHCDJ,Basic,Month-to-month,Monthly,Electronic check,49.0,15,active,2025-05-24,
2959-MJHIC,Basic,Month-to-month,Monthly,Electronic check,80.35,4,cancelled,2026-05-11,2026-08-08
6674-KVJHG,Standard,One year,Annual,Electronic check,25.2,11,active,2025-10-11,
1814-DKOLC,Basic,Month-to-month,Monthly,Mailed check,25.45,5,active,2026-04-16,
4201-JMNGR,Basic,Month-to-month,Monthly,Electronic check,55.8,1,cancelled,2026-08-15,2026-08-15
9351-HXDMR,Pro,Two year,Annual,Credit card (automatic),110.9,72,active,2020-08-29,
3537-HPKQT,Basic,Month-to-month,Monthly,Credit card (automatic),77.75,55,active,2022-01-31,
2129-ALKBS,Basic,Month-to-month,Monthly,Electronic check,26.2,40,active,2023-05-10,
5821-MMEIL,Pro,Two year,Annual,Bank transfer (automatic),19.9,57,active,2021-12-10,
5960-WPXQM,Basic,Month-to-month,Monthly,Electronic check,79.05,1,cancelled,2026-07-28,2026-09-06
0684-AOSIH,Basic,Month-to-month,Monthly,Electronic check,95.0,1,cancelled,2026-08-15,2026-08-28
8260-NGFNY,Basic,Month-to-month,Monthly,Mailed check,25.2,1,cancelled,2026-07-27,2026-08-24
1309-XGFSN,Standard,One year,Annual,Electronic check,80.85,52,active,2022-04-21,
1866-RZZQS,Basic,Month-to-month,Monthly,Electronic check,98.4,41,cancelled,2023-04-04,2026-08-12
6968-URWQU,Standard,One year,Annual,Mailed check,56.35,43,active,2023-02-02,
4742-TXUEX,Pro,Two year,Annual,Bank transfer (automatic),19.3,47,active,2022-10-01,
9631-XEYKE,Basic,Month-to-month,Monthly,Bank transfer (automatic),50.4,3,active,2026-06-15,
8631-NBHFZ,Pro,Two year,Annual,Credit card (automatic),79.4,66,cancelled,2021-02-27,2026-09-03
1335-MXCSE,Pro,Two year,Annual,Credit card (automatic),55.25,55,active,2022-02-05,
8873-TMKGR,Standard,One year,Annual,Mailed check,19.1,29,active,2024-04-03,
8800-JOOCF,Basic,Month-to-month,Monthly,Electronic check,84.05,12,active,2025-09-16,
1469-LBJQJ,Basic,Month-to-month,Monthly,Electronic check,105.2,66,active,2021-02-19,
4958-XCBDQ,Basic,Month-to-month,Monthly,Electronic check,101.4,35,cancelled,2023-10-07,2026-07-19
8337-UPOAQ,Basic,Month-to-month,Monthly,Electronic check,89.8,10,cancelled,2025-11-14,2026-08-08
0064-YIJGF,Basic,Month-to-month,Monthly,Bank transfer (automatic),75.75,27,active,2024-05-25,
2386-OWURY,Basic,Month-to-month,Monthly,Electronic check,95.3,58,active,2021-10-18,
1725-IQNIY,Pro,Two year,Annual,Bank transfer (automatic),109.75,54,cancelled,2022-03-03,2026-08-28
0310-VQXAM,Basic,Month-to-month,Monthly,Mailed check,19.85,9,active,2025-12-16,
6598-RFFVI,Standard,One year,Annual,Credit card (automatic),19.3,2,cancelled,2026-06-19,2026-09-09
3453-RTHJQ,Basic,Month-to-month,Monthly,Electronic check,69.1,6,active,2026-03-12,
6712-OAWRH,Basic,Month-to-month,Monthly,Electronic check,91.25,26,cancelled,2024-07-10,2026-08-11
6278-FEPBZ,Basic,Month-to-month,Monthly,Mailed check,20.25,9,active,2025-11-26,
4280-DLSHD,Basic,Month-to-month,Monthly,Mailed check,54.75,8,active,2026-01-07,
1508-DFXCU,Basic,Month-to-month,Monthly,Electronic check,81.45,12,active,2025-09-14,
8614-VGMMV,Basic,Month-to-month,Monthly,Electronic check,49.1,15,cancelled,2025-05-28,2026-08-20
7868-BGSZA,Standard,One year,Annual,Electronic check,80.2,43,active,2023-02-09,
2800-QQUSO,Basic,Month-to-month,Monthly,Electronic check,100.3,42,active,2023-02-21,
2930-UOTMB,Basic,Month-to-month,Monthly,Credit card (automatic),65.25,31,cancelled,2024-02-12,2026-08-07
7973-DZRKH,Pro,Two year,Annual,Credit card (automatic),90.95,66,active,2021-02-18,
5914-DVBWJ,Basic,Month-to-month,Monthly,Electronic check,85.45,18,cancelled,2025-02-25,2026-08-11
7698-YFGEZ,Basic,Month-to-month,Monthly,Mailed check,20.0,1,active,2026-08-10,
2533-QVMSK,Pro,Two year,Annual,Electronic check,94.1,61,cancelled,2021-07-31,2026-08-09
9773-PEQBZ,Basic,Month-to-month,Monthly,Electronic check,79.85,10,active,2025-10-19,
8644-XLFBW,Basic,Month-to-month,Monthly,Electronic check,71.65,1,cancelled,2026-08-16,2026-07-28
0650-BWOZN,Basic,Month-to-month,Monthly,Electronic check,73.55,18,active,2025-02-22,
8625-AZYZY,Basic,Month-to-month,Monthly,Electronic check,104.65,24,cancelled,2024-09-03,2026-08-16
7785-RDVIG,Basic,Month-to-month,Monthly,Mailed check,19.3,3,active,2026-05-20,
9602-WCXPI,Standard,One year,Annual,Credit card (automatic),20.15,50,active,2022-07-11,
2903-YYTBW,Basic,Month-to-month,Monthly,Electronic check,44.55,1,active,2026-07-27,
3620-MWJNE,Basic,Month-to-month,Monthly,Mailed check,54.45,2,active,2026-06-19,
8573-JGCZW,Standard,One year,Annual,Bank transfer (automatic),19.65,17,active,2025-04-07,
6837-HAEVO,Pro,Two year,Annual,Electronic check,105.0,69,active,2020-12-13,
6701-YVNQG,Pro,Two year,Annual,Credit card (automatic),88.7,72,active,2020-09-05,
9306-CPCBC,Basic,Month-to-month,Monthly,Electronic check,74.25,3,cancelled,2026-05-31,2026-08-04
4304-XUMGI,Pro,Two year,Annual,Bank transfer (automatic),75.15,50,active,2022-06-29,
9504-YAZWB,Pro,Two year,Annual,Mailed check,20.25,53,active,2022-04-03,
8819-ZBYNA,Pro,Two year,Annual,Credit card (automatic),109.1,58,active,2021-10-20,
6174-NRBTZ,Standard,One year,Annual,Bank transfer (automatic),30.75,46,active,2022-10-30,
9481-IEBZY,Basic,Month-to-month,Monthly,Credit card (automatic),112.9,72,active,2020-08-28,
1833-VGRUM,Basic,Month-to-month,Monthly,Electronic check,74.2,1,cancelled,2026-07-20,2026-08-25
6137-NICCO,Basic,Month-to-month,Monthly,Mailed check,94.05,6,active,2026-02-18,
9065-ZCPQX,Pro,Two year,Annual,Bank transfer (automatic),78.85,72,active,2020-09-06,
6402-EJMWF,Basic,Month-to-month,Monthly,Mailed check,55.3,4,active,2026-05-10,
3620-EHIMZ,Pro,Two year,Annual,Mailed check,19.35,52,active,2022-04-26,
3213-VVOLG,Pro,Two year,Annual,Mailed check,25.35,0,active,2026-09-01,
6870-ECSHE,Standard,One year,Annual,Mailed check,20.45,2,active,2026-07-05,
8747-UDCOI,Pro,Two year,Annual,Bank transfer (automatic),19.35,65,active,2021-03-28,
8374-XGEJJ,Basic,Month-to-month,Monthly,Electronic check,101.0,43,cancelled,2023-01-28,2026-07-22
2656-TABEH,Basic,Month-to-month,Monthly,Electronic check,100.2,4,cancelled,2026-04-21,2026-08-22
6946-LMSQS,Standard,One year,Annual,Electronic check,89.05,25,cancelled,2024-08-06,2026-08-06
4626-OZDTJ,Standard,One year,Annual,Credit card (automatic),78.65,51,active,2022-05-26,
9169-BSVIN,Basic,Month-to-month,Monthly,Bank transfer (automatic),74.75,12,active,2025-09-10,
2325-ZUSFD,Standard,One year,Annual,Bank transfer (automatic),70.1,57,cancelled,2021-11-18,2026-07-19
8194-PEEBY,Standard,One year,Annual,Mailed check,19.9,24,active,2024-09-14,
6872-HXFNF,Standard,One year,Annual,Bank transfer (automatic),58.35,64,active,2021-04-25,
3932-CMDTD,Standard,One year,Annual,Electronic check,105.65,4,cancelled,2026-05-15,2026-08-26
7714-YXSMB,Basic,Month-to-month,Monthly,Bank transfer (automatic),100.5,26,active,2024-06-21,
8387-UGUSU,Basic,Month-to-month,Monthly,Mailed check,20.05,15,active,2025-05-20,
1080-BWSYE,Pro,Two year,Annual,Credit card (automatic),25.65,64,active,2021-04-23,
4039-HEUNW,Basic,Month-to-month,Monthly,Electronic check,96.5,36,cancelled,2023-08-25,2026-09-10
1194-HVAIF,Basic,Month-to-month,Monthly,Credit card (automatic),95.0,27,active,2024-06-03,
0812-WUPTB,Basic,Month-to-month,Monthly,Mailed check,70.85,1,cancelled,2026-08-10,2026-09-02
3594-UVONA,Standard,One year,Annual,Credit card (automatic),85.95,35,cancelled,2023-09-18,2026-09-01
0004-TLHLJ,Basic,Month-to-month,Monthly,Electronic check,73.9,4,cancelled,2026-05-03,2026-09-12
1767-TGTKO,Basic,Month-to-month,Monthly,Electronic check,45.45,8,active,2025-12-23,
8439-LTUGF,Basic,Month-to-month,Monthly,Credit card (automatic),20.0,10,active,2025-10-26,
8805-JNRAZ,Basic,Month-to-month,Monthly,Mailed check,49.2,2,active,2026-06-27,
5089-IFSDP,Pro,Two year,Annual,Bank transfer (automatic),109.45,58,cancelled,2021-11-06,2026-08-14
6418-HNFED,Pro,Two year,Annual,Credit card (automatic),83.25,51,active,2022-06-05,
0206-OYVOC,Pro,Two year,Annual,Mailed check,19.25,46,active,2022-11-03,
7291-CDTMJ,Basic,Month-to-month,Monthly,Bank transfer (automatic),19.65,1,active,2026-07-30,
7128-GGCNO,Basic,Month-to-month,Monthly,Bank transfer (automatic),72.8,46,active,2022-10-26,
0237-YFUTL,Basic,Month-to-month,Monthly,Bank transfer (automatic),109.65,50,active,2022-07-12,
7691-KGKGP,Basic,Month-to-month,Monthly,Credit card (automatic),65.0,53,active,2022-04-11,
6710-HSJRD,Basic,Month-to-month,Monthly,Electronic check,114.1,61,active,2021-08-16,
3675-EQOZA,Basic,Month-to-month,Monthly,Bank transfer (automatic),20.65,5,active,2026-04-02,
0840-DCNZE,Standard,One year,Annual,Bank transfer (automatic),86.95,47,active,2022-09-27,
1732-FEKLD,Standard,One year,Annual,Bank transfer (automatic),94.75,54,active,2022-03-12,
9862-KJTYK,Basic,Month-to-month,Monthly,Credit card (automatic),25.35,19,active,2025-01-25,
0479-HMSWA,Pro,Two year,Annual,Electronic check,105.45,26,active,2024-07-17,
5854-KSRBJ,Pro,Two year,Annual,Mailed check,25.4,70,active,2020-10-22,
0365-BZUWY,Basic,Month-to-month,Monthly,Electronic check,102.55,17,active,2025-03-28,
4817-VYYWS,Basic,Month-to-month,Monthly,Electronic check,100.2,30,cancelled,2024-02-26,2026-08-30
5701-SVCWR,Basic,Month-to-month,Monthly,Mailed check,24.0,1,active,2026-07-27,
3129-AAQOU,Pro,Two year,Annual,Mailed check,25.6,19,active,2025-02-05,
4922-CVPDX,Pro,Two year,Annual,Credit card (automatic),73.5,26,active,2024-06-18,
1396-QWFBJ,Basic,Month-to-month,Monthly,Bank transfer (automatic),74.05,21,cancelled,2024-11-24,2026-09-10
1357-BIJKI,Standard,One year,Annual,Electronic check,98.25,50,active,2022-07-12,
1099-BTKWT,Standard,One year,Annual,Electronic check,54.4,68,active,2020-12-20,
5299-SJCZT,Basic,Month-to-month,Monthly,Bank transfer (automatic),101.55,3,cancelled,2026-05-26,2026-09-07
2018-PZKMU,Basic,Month-to-month,Monthly,Electronic check,103.1,9,active,2025-12-08,
7340-KEFQE,Pro,Two year,Annual,Bank transfer (automatic),34.2,51,active,2022-05-20,
4570-QHXHL,Basic,Month-to-month,Monthly,Electronic check,43.75,9,active,2025-12-10,
2403-BCASL,Standard,One year,Annual,Electronic check,111.95,41,cancelled,2023-03-29,2026-08-30
7392-YYPYJ,Basic,Month-to-month,Monthly,Electronic check,100.65,22,active,2024-10-27,
2898-LSJGD,Standard,One year,Annual,Electronic check,55.95,21,cancelled,2024-11-18,2026-08-25
2223-GDSHL,Pro,Two year,Annual,Bank transfer (automatic),116.05,71,active,2020-09-29,
7359-PTSXY,Basic,Month-to-month,Monthly,Electronic check,45.75,1,cancelled,2026-07-19,2026-07-20
9470-RTWDV,Standard,One year,Annual,Credit card (automatic),82.0,26,active,2024-07-09,
2176-OSJUV,Pro,Two year,Annual,Bank transfer (automatic),65.15,71,active,2020-09-22,
9348-YVOMK,Basic,Month-to-month,Monthly,Credit card (automatic),44.8,4,active,2026-05-11,
8104-OSKWT,Basic,Month-to-month,Monthly,Electronic check,79.8,12,active,2025-08-18,
4521-YEEHE,Basic,Month-to-month,Monthly,Electronic check,88.85,18,active,2025-02-24,
4090-KPJIP,Basic,Month-to-month,Monthly,Electronic check,74.95,3,active,2026-05-30,
3786-WOVKF,Standard,One year,Annual,Bank transfer (automatic),106.85,72,active,2020-09-15,
4503-BDXBD,Basic,Month-to-month,Monthly,Electronic check,74.95,11,cancelled,2025-10-03,2026-08-05
6086-ESGRL,Basic,Month-to-month,Monthly,Credit card (automatic),80.15,1,cancelled,2026-08-13,2026-08-04
2592-HODOV,Standard,One year,Annual,Credit card (automatic),19.3,13,active,2025-07-21,
3886-CERTZ,Standard,One year,Annual,Electronic check,109.25,72,cancelled,2020-09-05,2026-08-06
7995-ZHHNZ,Standard,One year,Annual,Credit card (automatic),56.1,42,active,2023-02-22,
3824-RHKVR,Basic,Month-to-month,Monthly,Credit card (automatic),19.7,17,active,2025-03-21,
5816-SCGFC,Basic,Month-to-month,Monthly,Mailed check,51.3,7,active,2026-02-12,
5989-AXPUC,Pro,Two year,Annual,Mailed check,118.6,68,active,2020-12-25,
4979-HPRFL,Pro,Two year,Annual,Bank transfer (automatic),24.15,56,active,2022-01-07,
8590-OHDIW,Standard,One year,Annual,Mailed check,20.3,38,active,2023-07-15,
8015-IHCGW,Pro,Two year,Annual,Electronic check,115.5,72,active,2020-09-09,
2332-TODQS,Standard,One year,Annual,Credit card (automatic),25.05,48,active,2022-08-31,
9278-VZKCD,Basic,Month-to-month,Monthly,Electronic check,109.1,52,active,2022-04-23,
8008-OTEZX,Standard,One year,Annual,Mailed check,19.65,35,active,2023-09-27,
2773-OVBPK,Pro,Two year,Annual,Bank transfer (automatic),111.3,67,active,2021-02-09,
5999-LCXAO,Basic,Month-to-month,Monthly,Mailed check,29.9,1,active,2026-08-09,
5206-XZZQI,Basic,Month-to-month,Monthly,Mailed check,80.6,53,active,2022-04-08,
4803-LBYPN,Basic,Month-to-month,Monthly,Mailed check,20.8,34,active,2023-10-26,
5759-RCVCB,Basic,Month-to-month,Monthly,Credit card (automatic),35.2,3,cancelled,2026-06-02,2026-07-30
6372-RFVNS,Basic,Month-to-month,Monthly,Electronic check,78.8,1,cancelled,2026-08-17,2026-08-28
2139-FQHLM,Basic,Month-to-month,Monthly,Mailed check,89.95,19,active,2025-02-13,
8261-GWDBQ,Pro,Two year,Annual,Bank transfer (automatic),116.05,60,active,2021-09-14,
1093-YSWCA,Pro,Two year,Annual,Credit card (automatic),19.55,11,active,2025-09-19,
8938-UMKPI,Basic,Month-to-month,Monthly,Electronic check,106.4,47,cancelled,2022-10-02,2026-09-10
0991-BRRFB,Basic,Month-to-month,Monthly,Electronic check,49.4,18,cancelled,2025-03-04,2026-08-16
3882-IYOIJ,Pro,Two year,Annual,Credit card (automatic),115.25,60,active,2021-08-25,
8749-TZYEC,Pro,Two year,Annual,Credit card (automatic),24.8,72,active,2020-09-11,
1755-FZQEC,Standard,One year,Annual,Mailed check,19.9,39,active,2023-06-17,
3115-JPJDD,Standard,One year,Annual,Credit card (automatic),81.25,59,active,2021-10-09,
5600-KTXFM,Basic,Month-to-month,Monthly,Mailed check,69.95,2,active,2026-07-12,
3871-IKPYH,Basic,Month-to-month,Monthly,Electronic check,69.1,1,cancelled,2026-07-25,2026-09-15
6319-IEJWJ,Basic,Month-to-month,Monthly,Electronic check,90.2,20,cancelled,2024-12-23,2026-09-03
9025-AOMKI,Basic,Month-to-month,Monthly,Bank transfer (automatic),93.55,6,cancelled,2026-02-27,2026-08-02
6339-TBELP,Pro,Two year,Annual,Credit card (automatic),86.4,71,active,2020-09-19,
7964-YESJC,Basic,Month-to-month,Monthly,Mailed check,66.3,24,active,2024-09-03,
6173-GOLSU,Basic,Month-to-month,Monthly,Credit card (automatic),94.65,67,active,2021-02-08,
5275-SQEIZ,Basic,Month-to-month,Monthly,Mailed check,80.85,1,cancelled,2026-08-08,2026-08-17
7716-YTYHG,Standard,One year,Annual,Mailed check,82.05,48,cancelled,2022-09-12,2026-08-06
9938-ZREHM,Standard,One year,Annual,Mailed check,72.1,37,active,2023-07-21,
7950-XWOVN,Basic,Month-to-month,Monthly,Mailed check,34.7,11,active,2025-09-29,
4390-KYULV,Basic,Month-to-month,Monthly,Credit card (automatic),20.55,3,cancelled,2026-05-25,2026-08-16
4647-MUZON,Basic,Month-to-month,Monthly,Credit card (automatic),95.95,18,active,2025-03-10,
9702-AIUJO,Standard,One year,Annual,Bank transfer (automatic),44.8,50,active,2022-06-26,
8849-PRIQJ,Standard,One year,Annual,Electronic check,109.4,67,active,2021-02-06,
8851-RAGOV,Basic,Month-to-month,Monthly,Mailed check,71.05,25,active,2024-08-03,
1304-NECVQ,Basic,Month-to-month,Monthly,Electronic check,78.55,2,cancelled,2026-06-29,2026-08-14
5396-IZEPB,Basic,Month-to-month,Monthly,Credit card (automatic),19.7,9,active,2025-11-18,
1729-VLAZJ,Standard,One year,Annual,Mailed check,40.25,10,active,2025-10-31,
8285-ABVLB,Pro,Two year,Annual,Credit card (automatic),19.85,70,active,2020-10-26,
0701-TJSEF,Basic,Month-to-month,Monthly,Bank transfer (automatic),68.25,9,active,2025-11-30,
5712-VBOXD,Basic,Month-to-month,Monthly,Credit card (automatic),20.15,4,active,2026-05-06,
6629-LADHQ,Basic,Month-to-month,Monthly,Mailed check,50.95,2,active,2026-06-21,
8945-GRKHX,Basic,Month-to-month,Monthly,Electronic check,78.65,1,cancelled,2026-07-20,2026-08-29
1559-DTODC,Basic,Month-to-month,Monthly,Bank transfer (automatic),25.15,19,active,2025-02-06,
4797-MIWUM,Basic,Month-to-month,Monthly,Bank transfer (automatic),20.25,7,active,2026-01-20,
6959-UWKHF,Basic,Month-to-month,Monthly,Electronic check,42.9,1,cancelled,2026-08-04,2026-09-03
8720-RQSBJ,Basic,Month-to-month,Monthly,Electronic check,44.0,1,active,2026-07-26,
4537-CIBHB,Standard,One year,Annual,Mailed check,20.25,9,active,2025-12-02,
3815-SLMEF,Basic,Month-to-month,Monthly,Mailed check,34.25,3,cancelled,2026-05-25,2026-08-31
5154-VEKBL,Basic,Month-to-month,Monthly,Mailed check,58.5,9,cancelled,2025-11-21,2026-07-30
4324-AHJKS,Basic,Month-to-month,Monthly,Credit card (automatic),55.8,5,active,2026-04-05,
4355-CVPVS,Standard,One year,Annual,Bank transfer (automatic),88.9,56,active,2021-12-26,
4495-LHSSK,Basic,Month-to-month,Monthly,Mailed check,57.65,18,active,2025-03-03,
5655-JSMZM,Basic,Month-to-month,Monthly,Electronic check,96.2,49,cancelled,2022-07-25,2026-07-20
5915-ANOEI,Pro,Two year,Annual,Mailed check,79.15,70,active,2020-11-11,
9861-PDSZP,Pro,Two year,Annual,Credit card (automatic),108.05,72,active,2020-08-26,
4505-EXZHB,Basic,Month-to-month,Monthly,Electronic check,74.4,6,cancelled,2026-03-01,2026-09-11
7225-CBZPL,Basic,Month-to-month,Monthly,Electronic check,94.8,17,active,2025-04-04,
6704-UTUKK,Basic,Month-to-month,Monthly,Electronic check,45.9,29,active,2024-04-06,
4587-VVTOX,Basic,Month-to-month,Monthly,Electronic check,105.3,6,cancelled,2026-02-25,2026-08-15
2019-HDCZY,Pro,Two year,Annual,Electronic check,102.6,63,active,2021-06-07,
4652-NNHNY,Basic,Month-to-month,Monthly,Bank transfer (automatic),73.85,16,cancelled,2025-05-17,2026-08-19
8788-DOXSU,Standard,One year,Annual,Bank transfer (automatic),61.35,59,active,2021-09-19,
7404-JLKQG,Basic,Month-to-month,Monthly,Electronic check,57.55,3,active,2026-06-04,
7421-ZLUPA,Basic,Month-to-month,Monthly,Mailed check,29.25,8,active,2026-01-12,
8972-HJWNV,Basic,Month-to-month,Monthly,Electronic check,84.55,7,cancelled,2026-02-09,2026-08-13
3274-NSDWE,Pro,Two year,Annual,Credit card (automatic),19.6,68,active,2020-12-23,
2632-IVXVF,Pro,Two year,Annual,Credit card (automatic),111.75,68,active,2021-01-07,
3692-JHONH,Standard,One year,Annual,Electronic check,106.5,52,active,2022-05-10,
8915-NNTRC,Pro,Two year,Annual,Credit card (automatic),107.7,72,active,2020-09-02,
5914-GXMDA,Standard,One year,Annual,Mailed check,19.3,32,active,2024-01-16,
7463-IFMQU,Pro,Two year,Annual,Bank transfer (automatic),20.05,72,active,2020-08-31,
2920-RNCEZ,Basic,Month-to-month,Monthly,Credit card (automatic),69.95,1,active,2026-08-16,
2541-YGPKE,Standard,One year,Annual,Credit card (automatic),63.7,42,active,2023-02-21,
8515-OCTJS,Pro,Two year,Annual,Credit card (automatic),24.75,25,cancelled,2024-08-04,2026-09-02
5382-TEMLV,Basic,Month-to-month,Monthly,Bank transfer (automatic),50.9,45,active,2022-12-11,
3441-CGZJH,Standard,One year,Annual,Credit card (automatic),60.4,43,active,2023-02-03,
9592-ERDKV,Standard,One year,Annual,Mailed check,79.25,37,active,2023-08-12,
2860-RANUS,Basic,Month-to-month,Monthly,Credit card (automatic),85.8,20,cancelled,2025-01-07,2026-09-15
5261-QSHQM,Basic,Month-to-month,Monthly,Electronic check,24.45,4,cancelled,2026-05-15,2026-09-04
4778-IZARL,Pro,Two year,Annual,Credit card (automatic),110.1,63,active,2021-05-28,
0432-CAJZV,Basic,Month-to-month,Monthly,Mailed check,90.7,3,active,2026-05-19,
7008-LZVOZ,Pro,Two year,Annual,Credit card (automatic),25.3,66,active,2021-03-03,
8868-WOZGU,Basic,Month-to-month,Monthly,Electronic check,105.7,28,cancelled,2024-05-15,2026-09-05
1200-TUZHR,Basic,Month-to-month,Monthly,Electronic check,85.2,8,active,2026-01-14,
9365-CSLBQ,Pro,Two year,Annual,Mailed check,24.35,71,active,2020-09-22,
1334-FJSVR,Basic,Month-to-month,Monthly,Electronic check,24.25,1,cancelled,2026-08-07,2026-09-12
5884-FBCTL,Pro,Two year,Annual,Bank transfer (automatic),25.1,72,active,2020-09-08,
7130-CTCUS,Basic,Month-to-month,Monthly,Bank transfer (automatic),54.55,16,active,2025-05-14,
6242-FEGFD,Pro,Two year,Annual,Mailed check,96.6,66,active,2021-02-26,
7625-XCQRH,Basic,Month-to-month,Monthly,Electronic check,76.5,11,cancelled,2025-10-16,2026-08-25
6194-HBGQN,Standard,One year,Annual,Credit card (automatic),81.15,51,active,2022-05-21,
7634-WSWDB,Basic,Month-to-month,Monthly,Electronic check,38.5,8,active,2026-01-10,
6986-IXNDM,Basic,Month-to-month,Monthly,Electronic check,92.9,14,active,2025-07-15,
1731-TVIUK,Basic,Month-to-month,Monthly,Electronic check,93.5,4,cancelled,2026-04-27,2026-08-06
2987-BJXIK,Pro,Two year,Annual,Mailed check,84.7,70,active,2020-11-06,
9769-TSBZE,Pro,Two year,Annual,Electronic check,66.0,70,active,2020-10-27,
0406-BPDVR,Standard,One year,Annual,Credit card (automatic),101.5,54,cancelled,2022-03-17,2026-07-21
0618-XWMSS,Basic,Month-to-month,Monthly,Bank transfer (automatic),74.9,28,cancelled,2024-04-22,2026-08-08
1395-WSWXR,Pro,Two year,Annual,Mailed check,20.75,24,active,2024-09-07,
6023-GSSXW,Pro,Two year,Annual,Credit card (automatic),61.45,69,active,2020-11-24,
6752-APNJL,Basic,Month-to-month,Monthly,Mailed check,54.5,42,active,2023-02-18,
5276-KQWHG,Basic,Month-to-month,Monthly,Electronic check,69.6,2,cancelled,2026-07-02,2026-09-05
0420-HLGXF,Basic,Month-to-month,Monthly,Electronic check,99.75,39,active,2023-06-07,
7446-KQISO,Pro,Two year,Annual,Bank transfer (automatic),109.75,45,active,2022-12-08,
9823-EALYC,Pro,Two year,Annual,Bank transfer (automatic),80.85,72,active,2020-08-27,
0582-AVCLN,Pro,Two year,Annual,Mailed check,20.3,38,active,2023-07-18,
5803-NQJZO,Pro,Two year,Annual,Bank transfer (automatic),67.8,72,active,2020-09-12,
2565-JSLRY,Basic,Month-to-month,Monthly,Mailed check,24.05,1,cancelled,2026-07-29,2026-08-25
2607-DHDAK,Pro,Two year,Annual,Credit card (automatic),19.8,72,active,2020-09-16,
1073-XXCZD,Pro,Two year,Annual,Bank transfer (automatic),25.7,55,active,2022-02-07,
0743-HRVFF,Standard,One year,Annual,Electronic check,56.15,51,active,2022-05-29,
4006-HKYHO,Pro,Two year,Annual,Bank transfer (automatic),86.7,63,active,2021-06-10,
3727-JEZTU,Basic,Month-to-month,Monthly,Mailed check,20.4,1,active,2026-07-21,
8143-ETQTI,Pro,Two year,Annual,Mailed check,19.65,23,active,2024-09-17,
6689-KXGBO,Basic,Month-to-month,Monthly,Electronic check,50.55,1,cancelled,2026-08-16,2026-08-29
9667-TKTVZ,Basic,Month-to-month,Monthly,Mailed check,54.35,2,active,2026-07-13,
3657-COGMW,Basic,Month-to-month,Monthly,Credit card (automatic),108.1,52,active,2022-04-21,
8570-KLJYJ,Standard,One year,Annual,Mailed check,54.45,36,active,2023-09-17,
7754-IXRMC,Basic,Month-to-month,Monthly,Mailed check,45.35,1,active,2026-08-03,
9473-CBZOP,Standard,One year,Annual,Mailed check,59.0,28,active,2024-04-19,
2969-WGHQO,Standard,One year,Annual,Electronic check,69.45,7,active,2026-01-29,
6615-NGGZJ,Basic,Month-to-month,Monthly,Electronic check,100.55,14,cancelled,2025-07-08,2026-09-03
4334-HOWRP,Pro,Two year,Annual,Credit card (automatic),64.95,72,active,2020-09-16,
4255-DDUOU,Basic,Month-to-month,Monthly,Mailed check,20.5,1,cancelled,2026-08-06,2026-07-19
5863-OOKCL,Basic,Month-to-month,Monthly,Mailed check,18.85,10,active,2025-10-31,
1686-STUHN,Standard,One year,Annual,Bank transfer (automatic),19.8,42,active,2023-03-16,
1329-VHWNP,Basic,Month-to-month,Monthly,Bank transfer (automatic),25.05,7,active,2026-01-31,
2984-MIIZL,Basic,Month-to-month,Monthly,Bank transfer (automatic),74.8,4,cancelled,2026-05-06,2026-08-08
0266-GMEAO,Pro,Two year,Annual,Credit card (automatic),114.3,72,active,2020-09-07,
5590-YRFJT,Basic,Month-to-month,Monthly,Electronic check,24.45,20,cancelled,2024-12-18,2026-08-18
5574-NXZIU,Pro,Two year,Annual,Credit card (automatic),109.2,63,active,2021-05-22,
0019-GFNTW,Pro,Two year,Annual,Bank transfer (automatic),45.05,56,active,2021-12-27,
4256-ZWTZI,Basic,Month-to-month,Monthly,Mailed check,51.0,5,active,2026-03-31,
8309-PPCED,Pro,Two year,Annual,Bank transfer (automatic),110.45,72,active,2020-09-02,
4098-NAUKP,Basic,Month-to-month,Monthly,Electronic check,84.65,68,active,2021-01-14,
5196-WPYOW,Standard,One year,Annual,Mailed check,60.05,67,active,2021-02-06,
4608-LCIMN,Basic,Month-to-month,Monthly,Bank transfer (automatic),44.65,8,active,2026-01-16,
1485-YDHMM,Basic,Month-to-month,Monthly,Bank transfer (automatic),93.25,52,active,2022-05-08,
4054-CUMIA,Basic,Month-to-month,Monthly,Mailed check,20.25,18,active,2025-03-04,
0603-TPMIB,Pro,Two year,Annual,Mailed check,25.45,59,active,2021-09-29,
2525-GVKQU,Pro,Two year,Annual,Mailed check,20.6,60,active,2021-09-06,
8161-QYMTT,Basic,Month-to-month,Monthly,Electronic check,94.1,7,active,2026-02-08,
9581-GVBXT,Standard,One year,Annual,Mailed check,34.8,59,active,2021-09-26,
5862-BRIXZ,Pro,Two year,Annual,Bank transfer (automatic),60.75,46,active,2022-11-12,
5404-GGUKR,Basic,Month-to-month,Monthly,Electronic check,51.35,5,active,2026-04-14,
3308-JSGML,Pro,Two year,Annual,Credit card (automatic),64.05,59,active,2021-09-27,
2126-GSEGL,Pro,Two year,Annual,Bank transfer (automatic),84.8,70,active,2020-10-30,
3677-TNKIO,Basic,Month-to-month,Monthly,Credit card (automatic),71.0,14,cancelled,2025-06-21,2026-08-21
0440-QEXBZ,Basic,Month-to-month,Monthly,Mailed check,50.15,44,active,2022-12-25,
2434-EEVDB,Pro,Two year,Annual,Credit card (automatic),94.6,64,active,2021-04-20,
6762-QVYJO,Pro,Two year,Annual,Mailed check,59.75,58,active,2021-10-28,
6199-IWKGC,Standard,One year,Annual,Electronic check,100.25,46,active,2022-10-22,
2675-DHUTR,Basic,Month-to-month,Monthly,Electronic check,98.9,58,active,2021-11-11,
8152-VETUR,Pro,Two year,Annual,Credit card (automatic),97.7,72,active,2020-09-01,
9667-EQRXU,Basic,Month-to-month,Monthly,Electronic check,40.3,30,cancelled,2024-02-18,2026-08-28
7446-YPODE,Basic,Month-to-month,Monthly,Bank transfer (automatic),60.25,11,active,2025-09-24,
9522-BNTHX,Basic,Month-to-month,Monthly,Electronic check,56.25,34,active,2023-11-05,
4676-WLUHT,Pro,Two year,Annual,Bank transfer (automatic),46.2,54,active,2022-02-19,
3329-WDIOK,Basic,Month-to-month,Monthly,Electronic check,50.6,3,cancelled,2026-06-08,2026-08-22
7980-MHFLQ,Pro,Two year,Annual,Mailed check,24.9,72,active,2020-09-16,
2873-ZLIWT,Basic,Month-to-month,Monthly,Electronic check,84.85,40,cancelled,2023-04-25,2026-08-09
3415-TAILE,Basic,Month-to-month,Monthly,Mailed check,65.7,2,cancelled,2026-07-06,2026-07-23
0757-WCUUZ,Pro,Two year,Annual,Credit card (automatic),63.35,54,active,2022-03-17,
1629-DQQVB,Basic,Month-to-month,Monthly,Bank transfer (automatic),50.1,14,active,2025-07-11,
1915-IOFGU,Basic,Month-to-month,Monthly,Electronic check,70.5,1,cancelled,2026-08-15,2026-08-17
3045-XETSH,Basic,Month-to-month,Monthly,Electronic check,94.85,10,cancelled,2025-10-18,2026-09-05
0374-AACSZ,Basic,Month-to-month,Monthly,Electronic check,50.15,1,active,2026-07-23,
7239-HZZCX,Basic,Month-to-month,Monthly,Mailed check,19.75,1,cancelled,2026-07-21,2026-07-21
4872-VXRIL,Standard,One year,Annual,Bank transfer (automatic),64.65,56,active,2022-01-11,
9140-CZQZZ,Pro,Two year,Annual,Bank transfer (automatic),79.6,68,active,2020-12-23,
3423-HHXAO,Standard,One year,Annual,Mailed check,19.5,14,active,2025-07-01,
9938-TKDGL,Pro,Two year,Annual,Electronic check,99.55,68,active,2021-01-08,
0531-ZZJWQ,Basic,Month-to-month,Monthly,Electronic check,74.0,55,active,2022-01-26,
6537-QLGEX,Basic,Month-to-month,Monthly,Electronic check,38.9,16,active,2025-04-19,
2688-BHGOG,Basic,Month-to-month,Monthly,Electronic check,79.55,9,active,2025-12-04,
7683-CBDKJ,Basic,Month-to-month,Monthly,Electronic check,65.45,14,cancelled,2025-07-17,2026-08-28
0946-CLJTI,Basic,Month-to-month,Monthly,Electronic check,98.7,58,cancelled,2021-10-22,2026-09-11
3160-TYXLT,Basic,Month-to-month,Monthly,Bank transfer (automatic),46.3,53,active,2022-04-12,
1325-USMEC,Pro,Two year,Annual,Credit card (automatic),99.35,70,active,2020-11-11,
0916-QOFDP,Basic,Month-to-month,Monthly,Electronic check,95.8,14,active,2025-06-29,
0628-CNQRM,Standard,One year,Annual,Bank transfer (automatic),67.5,22,cancelled,2024-10-24,2026-08-14
5606-AMZBO,Basic,Month-to-month,Monthly,Credit card (automatic),78.15,10,active,2025-10-24,
6199-IPCAO,Pro,Two year,Annual,Mailed check,26.1,29,active,2024-03-22,
7665-TOALD,Basic,Month-to-month,Monthly,Electronic check,69.6,1,cancelled,2026-07-22,2026-07-31
0112-QWPNC,Standard,One year,Annual,Electronic check,84.35,49,cancelled,2022-08-14,2026-08-31
0324-BRPCJ,Basic,Month-to-month,Monthly,Electronic check,100.2,68,cancelled,2021-01-07,2026-08-30
2777-PHDEI,Basic,Month-to-month,Monthly,Electronic check,78.05,1,cancelled,2026-07-27,2026-08-29
5640-CAXOA,Standard,One year,Annual,Credit card (automatic),40.35,30,active,2024-03-06,
2235-EZAIK,Pro,Two year,Annual,Credit card (automatic),79.2,72,active,2020-08-26,
3847-BAERP,Basic,Month-to-month,Monthly,Mailed check,20.9,10,active,2025-11-03,
1196-AMORA,Basic,Month-to-month,Monthly,Electronic check,73.6,7,cancelled,2026-02-02,2026-07-30
4282-YMKNA,Basic,Month-to-month,Monthly,Electronic check,74.75,9,cancelled,2025-12-17,2026-07-21
1453-RZFON,Basic,Month-to-month,Monthly,Mailed check,49.9,1,active,2026-07-30,
8263-OKETD,Basic,Month-to-month,Monthly,Credit card (automatic),68.9,20,active,2024-12-22,
0670-KDOMA,Basic,Month-to-month,Monthly,Mailed check,20.25,1,active,2026-07-24,
2476-YGEFM,Basic,Month-to-month,Monthly,Credit card (automatic),76.0,29,active,2024-04-07,
8687-BAFGU,Basic,Month-to-month,Monthly,Electronic check,74.0,1,active,2026-07-28,
0641-EVBOJ,Basic,Month-to-month,Monthly,Mailed check,82.3,3,active,2026-06-12,
0829-XXPLX,Basic,Month-to-month,Monthly,Bank transfer (automatic),89.4,20,active,2024-12-28,
9974-JFBHQ,Basic,Month-to-month,Monthly,Credit card (automatic),99.15,64,active,2021-05-05,
5356-RHIPP,Basic,Month-to-month,Monthly,Mailed check,20.2,1,cancelled,2026-07-21,2026-07-27
6624-JDRDS,Basic,Month-to-month,Monthly,Bank transfer (automatic),29.45,6,active,2026-02-25,
0608-JDVEC,Pro,Two year,Annual,Electronic check,19.8,50,active,2022-07-15,
9780-FKVVF,Basic,Month-to-month,Monthly,Bank transfer (automatic),59.15,6,active,2026-02-20,
1919-RTPQD,Basic,Month-to-month,Monthly,Electronic check,44.75,7,active,2026-01-25,
5214-NLTIT,Pro,Two year,Annual,Credit card (automatic),90.8,72,active,2020-09-10,
3345-PBBFH,Basic,Month-to-month,Monthly,Bank transfer (automatic),49.55,8,active,2026-01-08,
5055-BRMNE,Pro,Two year,Annual,Credit card (automatic),106.7,67,active,2021-02-10,
9189-JWSHV,Basic,Month-to-month,Monthly,Electronic check,93.55,24,cancelled,2024-09-07,2026-09-02
2190-PHBHR,Pro,Two year,Annual,Credit card (automatic),94.45,72,active,2020-08-19,
2650-GYRYL,Standard,One year,Annual,Bank transfer (automatic),19.45,33,active,2023-11-20,
0746-JTRFU,Basic,Month-to-month,Monthly,Electronic check,25.05,2,cancelled,2026-07-02,2026-07-27
5208-FVQKB,Pro,Two year,Annual,Mailed check,67.95,70,active,2020-11-06,
7184-LRUUR,Standard,One year,Annual,Bank transfer (automatic),65.25,22,active,2024-11-06,
6627-CFOSN,Basic,Month-to-month,Monthly,Bank transfer (automatic),99.45,59,active,2021-09-19,
3982-JGSFD,Standard,One year,Annual,Credit card (automatic),20.35,36,active,2023-09-12,
1574-DYCWE,Pro,Two year,Annual,Mailed check,19.95,51,active,2022-05-26,
7247-XOZPB,Standard,One year,Annual,Bank transfer (automatic),77.4,53,active,2022-03-19,
2466-FCCPT,Standard,One year,Annual,Bank transfer (automatic),19.7,20,active,2024-12-22,
6211-WWLTF,Pro,Two year,Annual,Credit card (automatic),99.7,63,active,2021-05-27,
4826-TZEVA,Basic,Month-to-month,Monthly,Credit card (automatic),74.8,40,active,2023-04-22,
6016-NXBNJ,Standard,One year,Annual,Mailed check,19.15,35,active,2023-10-11,
9138-EFSMO,Standard,One year,Annual,Bank transfer (automatic),78.95,26,active,2024-06-18,
0576-WNXXC,Basic,Month-to-month,Monthly,Electronic check,95.55,27,cancelled,2024-06-15,2026-08-28
4632-XJMEX,Standard,One year,Annual,Credit card (automatic),62.85,53,active,2022-04-17,
8910-LEDAG,Basic,Month-to-month,Monthly,Credit card (automatic),71.55,34,active,2023-11-12,
3452-GWUIN,Basic,Month-to-month,Monthly,Electronic check,94.95,19,active,2025-01-28,
2716-GFZOR,Basic,Month-to-month,Monthly,Credit card (automatic),86.1,43,active,2023-02-09,
3724-UCSHY,Basic,Month-to-month,Monthly,Mailed check,19.55,6,active,2026-02-27,
8626-XHBIE,Pro,Two year,Annual,Mailed check,24.8,56,active,2022-01-13,
4628-CTTLA,Basic,Month-to-month,Monthly,Electronic check,39.3,57,cancelled,2021-11-26,2026-07-26
3192-LNKRK,Basic,Month-to-month,Monthly,Mailed check,84.05,34,active,2023-11-11,
4439-YRNVD,Basic,Month-to-month,Monthly,Electronic check,36.25,10,active,2025-11-01,
2876-VBBBL,Basic,Month-to-month,Monthly,Mailed check,20.25,1,cancelled,2026-08-14,2026-07-19
6834-NXDCA,Basic,Month-to-month,Monthly,Electronic check,23.9,13,cancelled,2025-07-19,2026-08-04
2208-UGTGR,Basic,Month-to-month,Monthly,Electronic check,98.6,56,active,2022-01-05,
3005-TYFRD,Basic,Month-to-month,Monthly,Credit card (automatic),103.65,55,active,2022-01-28,
8670-MEFCP,Pro,Two year,Annual,Credit card (automatic),92.9,36,active,2023-09-03,
3079-BCHLN,Standard,One year,Annual,Bank transfer (automatic),19.9,47,active,2022-09-30,
7777-UNYHB,Basic,Month-to-month,Monthly,Credit card (automatic),20.1,12,active,2025-09-03,
5597-GLBUC,Basic,Month-to-month,Monthly,Electronic check,85.45,1,cancelled,2026-08-15,2026-07-21
7278-CKDNC,Basic,Month-to-month,Monthly,Electronic check,80.5,24,active,2024-08-23,
2748-MYRVK,Standard,One year,Annual,Bank transfer (automatic),99.9,63,cancelled,2021-05-29,2026-09-07
8450-UYIBU,Basic,Month-to-month,Monthly,Electronic check,39.85,35,active,2023-10-10,
2969-VAPYH,Standard,One year,Annual,Credit card (automatic),60.5,67,active,2021-02-13,
4822-YCXMX,Basic,Month-to-month,Monthly,Electronic check,84.8,25,cancelled,2024-07-21,2026-08-08
7181-OQCUT,Basic,Month-to-month,Monthly,Mailed check,103.85,21,active,2024-12-07,
8474-UMLNT,Basic,Month-to-month,Monthly,Bank transfer (automatic),67.8,13,active,2025-07-21,
9821-POOTN,Basic,Month-to-month,Monthly,Electronic check,75.2,35,cancelled,2023-09-25,2026-09-12
3836-FZSDJ,Pro,Two year,Annual,Bank transfer (automatic),24.85,71,active,2020-09-18,
9142-XMYJH,Basic,Month-to-month,Monthly,Credit card (automatic),19.35,29,active,2024-03-29,
6559-ILWKJ,Pro,Two year,Annual,Electronic check,49.35,71,cancelled,2020-10-11,2026-08-08
0187-QSXOE,Basic,Month-to-month,Monthly,Electronic check,89.0,7,active,2026-02-14,
7733-UDMTP,Basic,Month-to-month,Monthly,Electronic check,55.0,57,active,2021-12-09,
2649-HWLYB,Pro,Two year,Annual,Bank transfer (automatic),76.15,65,active,2021-04-04,
5214-CHIWJ,Standard,One year,Annual,Mailed check,20.3,27,active,2024-05-30,
4229-CZMLL,Basic,Month-to-month,Monthly,Electronic check,74.9,6,cancelled,2026-02-20,2026-08-26
6904-JLBGY,Pro,Two year,Annual,Credit card (automatic),117.35,72,active,2020-09-12,
2465-BLLEU,Basic,Month-to-month,Monthly,Mailed check,19.75,1,active,2026-07-29,
1685-VAYJF,Basic,Month-to-month,Monthly,Credit card (automatic),45.2,11,active,2025-10-15,
8874-EJNSR,Pro,Two year,Annual,Mailed check,25.2,39,active,2023-06-03,
6917-YACBP,Basic,Month-to-month,Monthly,Electronic check,89.75,59,active,2021-10-15,
5049-MUBWG,Standard,One year,Annual,Bank transfer (automatic),75.0,26,active,2024-07-06,
4223-WOZCM,Basic,Month-to-month,Monthly,Mailed check,49.95,2,active,2026-06-30,
0769-MURVM,Pro,Two year,Annual,Bank transfer (automatic),65.7,72,active,2020-08-25,
9253-VIFJQ,Standard,One year,Annual,Credit card (automatic),67.05,65,active,2021-03-24,
7030-FZTFM,Pro,Two year,Annual,Credit card (automatic),110.9,72,active,2020-09-01,
9741-YLNTD,Basic,Month-to-month,Monthly,Bank transfer (automatic),87.95,6,active,2026-03-11,
5917-RYRMG,Standard,One year,Annual,Credit card (automatic),19.8,32,active,2023-12-20,
5120-ZBLAI,Standard,One year,Annual,Bank transfer (automatic),75.7,50,active,2022-06-19,
1194-BHJYC,Pro,Two year,Annual,Mailed check,62.15,61,active,2021-07-19,
3663-MITLP,Basic,Month-to-month,Monthly,Electronic check,101.25,15,cancelled,2025-05-25,2026-07-20
0906-QVPMS,Pro,Two year,Annual,Bank transfer (automatic),115.15,72,active,2020-08-24,
9025-ZRPVR,Basic,Month-to-month,Monthly,Mailed check,18.95,9,cancelled,2025-12-15,2026-08-17
1905-OEILC,Basic,Month-to-month,Monthly,Mailed check,19.5,1,active,2026-07-31,
7858-GTZSP,Basic,Month-to-month,Monthly,Electronic check,86.55,12,active,2025-09-04,
3285-UCQVC,Basic,Month-to-month,Monthly,Credit card (automatic),28.6,37,cancelled,2023-08-10,2026-08-02
6248-BSHKG,Standard,One year,Annual,Mailed check,20.4,61,active,2021-08-15,
4685-TFLLS,Standard,One year,Annual,Bank transfer (automatic),19.8,18,active,2025-03-12,
3470-BTGQO,Basic,Month-to-month,Monthly,Mailed check,45.65,21,active,2024-11-19,
1209-VFFOC,Pro,Two year,Annual,Mailed check,56.4,68,active,2020-12-20,
8224-DWCKX,Basic,Month-to-month,Monthly,Credit card (automatic),73.3,12,active,2025-08-25,
5482-PLVPE,Basic,Month-to-month,Monthly,Electronic check,24.35,2,cancelled,2026-07-15,2026-08-29
4553-DVPZG,Basic,Month-to-month,Monthly,Electronic check,101.35,62,active,2021-06-27,
4902-OHLSK,Basic,Month-to-month,Monthly,Electronic check,98.65,29,cancelled,2024-04-14,2026-09-11
6917-IAYHD,Basic,Month-to-month,Monthly,Mailed check,33.6,1,active,2026-07-28,
0495-ZBNGW,Basic,Month-to-month,Monthly,Bank transfer (automatic),79.9,5,cancelled,2026-04-16,2026-08-03
8620-RJPZN,Basic,Month-to-month,Monthly,Electronic check,20.7,1,active,2026-08-09,
7572-KPVKK,Pro,Two year,Annual,Electronic check,104.05,62,active,2021-07-14,
2642-MAWLJ,Pro,Two year,Annual,Bank transfer (automatic),20.25,36,active,2023-08-20,
2357-COQEK,Basic,Month-to-month,Monthly,Electronic check,103.3,28,cancelled,2024-04-30,2026-09-02
7103-ZGVNT,Standard,One year,Annual,Credit card (automatic),73.7,69,active,2020-11-19,
3737-GCSPV,Basic,Month-to-month,Monthly,Credit card (automatic),96.2,11,cancelled,2025-10-17,2026-08-04
2027-WKXMW,Basic,Month-to-month,Monthly,Electronic check,108.75,63,active,2021-05-26,
7137-NAXML,Standard,One year,Annual,Bank transfer (automatic),20.15,23,active,2024-10-02,
2428-ZMCTB,Basic,Month-to-month,Monthly,Credit card (automatic),19.75,10,active,2025-11-02,
2961-VNFKL,Pro,Two year,Annual,Credit card (automatic),25.95,71,active,2020-09-20,
1768-HNVGJ,Basic,Month-to-month,Monthly,Electronic check,70.05,45,active,2022-12-16,
6963-KQYQB,Pro,Two year,Annual,Mailed check,24.05,70,active,2020-10-19,
5934-RMPOV,Basic,Month-to-month,Monthly,Electronic check,84.75,22,active,2024-11-16,
1207-BLKSA,Pro,Two year,Annual,Mailed check,23.05,52,active,2022-05-08,
4088-YLDSU,Standard,One year,Annual,Electronic check,104.15,55,cancelled,2022-02-11,2026-08-19
8316-BBQAY,Pro,Two year,Annual,Credit card (automatic),59.95,65,active,2021-04-02,
1166-PQLGG,Pro,Two year,Annual,Bank transfer (automatic),19.55,72,active,2020-08-30,
3146-JTQHR,Standard,One year,Annual,Bank transfer (automatic),19.6,10,active,2025-10-28,
4291-YZODP,Standard,One year,Annual,Mailed check,20.05,7,active,2026-01-23,
4395-PZMSN,Basic,Month-to-month,Monthly,Electronic check,85.55,5,active,2026-03-26,
6427-FEFIG,Pro,Two year,Annual,Credit card (automatic),78.6,24,active,2024-08-19,
0017-IUDMW,Pro,Two year,Annual,Credit card (automatic),116.8,72,active,2020-09-03,
8706-HRADD,Basic,Month-to-month,Monthly,Mailed check,43.55,21,active,2024-12-11,
9955-QOPOY,Standard,One year,Annual,Credit card (automatic),60.8,69,active,2020-12-12,
4385-ZKVNW,Basic,Month-to-month,Monthly,Bank transfer (automatic),54.9,44,active,2023-01-08,
5446-DKWYW,Standard,One year,Annual,Electronic check,65.2,61,active,2021-07-30,
2034-CGRHZ,Basic,Month-to-month,Monthly,Credit card (automatic),102.95,24,cancelled,2024-09-15,2026-07-20
5797-APWZC,Basic,Month-to-month,Monthly,Electronic check,90.6,1,cancelled,2026-07-20,2026-08-26
3683-QKIUE,Basic,Month-to-month,Monthly,Bank transfer (automatic),50.8,6,cancelled,2026-02-17,2026-08-23
4228-ZGYUW,Basic,Month-to-month,Monthly,Electronic check,90.05,4,cancelled,2026-05-14,2026-08-03
9031-ZVQPT,Pro,Two year,Annual,Electronic check,108.2,72,active,2020-08-24,
2990-IAJSV,Pro,Two year,Annual,Bank transfer (automatic),92.0,72,active,2020-08-30,
8107-KNCIM,Basic,Month-to-month,Monthly,Electronic check,75.1,14,active,2025-07-03,
9027-YFHQJ,Basic,Month-to-month,Monthly,Bank transfer (automatic),25.05,7,active,2026-01-24,
5176-LDKUH,Standard,One year,Annual,Electronic check,75.15,48,active,2022-08-30,
4644-OBGFZ,Standard,One year,Annual,Mailed check,19.5,55,active,2022-02-06,
7926-IJOOU,Basic,Month-to-month,Monthly,Credit card (automatic),19.3,1,active,2026-08-01,
6480-YAGIY,Standard,One year,Annual,Credit card (automatic),112.2,45,active,2022-12-13,
4029-HPFVY,Basic,Month-to-month,Monthly,Mailed check,70.3,3,active,2026-06-10,
7602-DBTOU,Pro,Two year,Annual,Mailed check,19.6,71,active,2020-09-17,
5345-BMKWB,Basic,Month-to-month,Monthly,Mailed check,20.25,8,active,2026-01-11,
3519-ZKXGG,Basic,Month-to-month,Monthly,Electronic check,75.85,3,cancelled,2026-05-31,2026-07-31
5457-COLHT,Pro,Two year,Annual,Bank transfer (automatic),80.65,69,active,2020-12-08,
6416-TVAIH,Basic,Month-to-month,Monthly,Electronic check,68.5,1,cancelled,2026-08-04,2026-09-08
5451-YHYPW,Pro,Two year,Annual,Credit card (automatic),115.75,72,active,2020-09-09,
5108-ADXWO,Basic,Month-to-month,Monthly,Electronic check,73.5,11,cancelled,2025-09-30,2026-08-03
7998-WNZEM,Pro,Two year,Annual,Bank transfer (automatic),80.6,71,active,2020-09-30,
3066-RRJIO,Basic,Month-to-month,Monthly,Mailed check,69.95,1,cancelled,2026-07-30,2026-08-18
4664-NJCMS,Pro,Two year,Annual,Bank transfer (automatic),59.55,33,active,2023-12-08,
0307-BCOPK,Standard,One year,Annual,Mailed check,19.05,16,active,2025-04-30,
7629-WFGLW,Standard,One year,Annual,Electronic check,95.65,56,active,2021-12-26,
2542-HYGIQ,Basic,Month-to-month,Monthly,Credit card (automatic),19.95,1,active,2026-07-27,
6715-OFDBP,Basic,Month-to-month,Monthly,Electronic check,70.05,5,cancelled,2026-03-31,2026-07-19
5016-LIPDW,Standard,One year,Annual,Mailed check,19.4,57,active,2021-12-08,
6481-LXPWL,Standard,One year,Annual,Credit card (automatic),36.1,56,active,2022-01-01,
1567-DSCIC,Basic,Month-to-month,Monthly,Electronic check,94.0,8,cancelled,2025-12-31,2026-08-09
2150-UWTFY,Basic,Month-to-month,Monthly,Mailed check,61.15,22,cancelled,2024-10-19,2026-08-01
6124-ACRHJ,Basic,Month-to-month,Monthly,Mailed check,19.75,1,active,2026-08-06,
9362-MWODR,Basic,Month-to-month,Monthly,Credit card (automatic),64.1,40,active,2023-05-09,
9975-GPKZU,Pro,Two year,Annual,Credit card (automatic),19.75,46,active,2022-10-25,
9625-RZFUK,Pro,Two year,Annual,Mailed check,19.7,63,active,2021-05-29,
5153-LXKDT,Pro,Two year,Annual,Electronic check,110.2,68,active,2021-01-04,
5161-UBZXI,Pro,Two year,Annual,Credit card (automatic),106.35,69,active,2020-12-16,
1020-JPQOW,Basic,Month-to-month,Monthly,Electronic check,90.55,56,active,2021-12-26,
7919-ZODZZ,Standard,One year,Annual,Mailed check,65.9,10,active,2025-10-25,
0565-JUPYD,Standard,One year,Annual,Credit card (automatic),104.5,63,active,2021-05-21,
6867-ACCZI,Pro,Two year,Annual,Mailed check,52.5,24,active,2024-09-01,
5939-XAIXZ,Basic,Month-to-month,Monthly,Mailed check,56.1,19,active,2025-01-31,
9054-FOWNV,Basic,Month-to-month,Monthly,Electronic check,88.75,22,active,2024-11-10,
2683-BPJSO,Basic,Month-to-month,Monthly,Electronic check,84.45,29,cancelled,2024-04-04,2026-08-26
2157-MXBJS,Standard,One year,Annual,Mailed check,75.3,13,cancelled,2025-08-17,2026-08-30
8207-VVMYB,Pro,Two year,Annual,Bank transfer (automatic),26.0,70,active,2020-11-01,
9732-EQMWY,Basic,Month-to-month,Monthly,Electronic check,99.4,49,active,2022-07-27,
9360-AHGNL,Standard,One year,Annual,Mailed check,109.55,43,cancelled,2023-01-24,2026-07-31
1087-UDSIH,Basic,Month-to-month,Monthly,Mailed check,19.6,3,cancelled,2026-05-29,2026-09-15
5269-NRGDP,Standard,One year,Annual,Electronic check,73.15,42,active,2023-02-22,
6195-MELTI,Standard,One year,Annual,Mailed check,54.65,57,active,2021-11-27,
5485-WUYWF,Basic,Month-to-month,Monthly,Bank transfer (automatic),66.4,2,cancelled,2026-06-25,2026-08-12
2121-JAFOM,Pro,Two year,Annual,Credit card (automatic),115.55,72,active,2020-09-03,
8818-DOPVL,Basic,Month-to-month,Monthly,Electronic check,104.45,46,active,2022-10-29,
2632-UCGVD,Basic,Month-to-month,Monthly,Credit card (automatic),100.05,66,cancelled,2021-02-26,2026-07-20
5445-PZWGX,Standard,One year,Annual,Electronic check,102.0,62,cancelled,2021-06-30,2026-07-19
1227-UDMZR,Pro,Two year,Annual,Bank transfer (automatic),91.15,72,active,2020-08-30,
5198-HQAEN,Standard,One year,Annual,Electronic check,89.7,35,active,2023-09-24,
9170-CCKOU,Basic,Month-to-month,Monthly,Credit card (automatic),90.2,17,cancelled,2025-04-10,2026-08-04
2167-FQSTQ,Pro,Two year,Annual,Electronic check,92.4,72,active,2020-09-07,
2819-GWENI,Standard,One year,Annual,Mailed check,19.9,28,active,2024-05-02,
1043-YCUTE,Pro,Two year,Annual,Credit card (automatic),25.15,56,cancelled,2021-12-28,2026-08-17
3814-MLAXC,Basic,Month-to-month,Monthly,Credit card (automatic),79.85,31,cancelled,2024-02-01,2026-07-30
3572-UUHRS,Standard,One year,Annual,Bank transfer (automatic),18.85,45,active,2022-12-12,
2692-PFYTJ,Basic,Month-to-month,Monthly,Mailed check,25.75,1,active,2026-07-24,
1226-UDFZR,Basic,Month-to-month,Monthly,Mailed check,49.6,2,cancelled,2026-07-02,2026-09-15
5955-EPOAZ,Basic,Month-to-month,Monthly,Mailed check,20.95,6,active,2026-03-05,
6821-JPCDC,Standard,One year,Annual,Electronic check,97.05,48,active,2022-08-21,
8815-LMFLX,Basic,Month-to-month,Monthly,Bank transfer (automatic),25.4,25,active,2024-08-03,
9135-HSWOC,Pro,Two year,Annual,Bank transfer (automatic),19.7,64,active,2021-05-13,
8582-KRHPJ,Basic,Month-to-month,Monthly,Mailed check,35.0,50,active,2022-06-18,
5811-IWXYM,Standard,One year,Annual,Bank transfer (automatic),101.25,52,active,2022-05-07,
7044-YAACC,Basic,Month-to-month,Monthly,Electronic check,70.2,4,active,2026-04-22,
8189-XRIKE,Basic,Month-to-month,Monthly,Electronic check,90.95,32,active,2024-01-01,
1506-YJTYT,Pro,Two year,Annual,Credit card (automatic),73.85,45,active,2022-12-10,
4123-DVHPH,Basic,Month-to-month,Monthly,Electronic check,88.05,9,active,2025-12-06,
6425-YQLLO,Standard,One year,Annual,Credit card (automatic),105.95,66,cancelled,2021-02-18,2026-07-31
5442-UTCVD,Basic,Month-to-month,Monthly,Electronic check,91.85,3,cancelled,2026-05-20,2026-09-04
2228-BZDEE,Pro,Two year,Annual,Mailed check,20.1,54,active,2022-03-14,
7734-DBOAI,Basic,Month-to-month,Monthly,Electronic check,40.1,1,cancelled,2026-07-19,2026-08-03
2789-CZANW,Pro,Two year,Annual,Bank transfer (automatic),110.3,64,active,2021-04-22,
2091-RFFBA,Basic,Month-to-month,Monthly,Electronic check,73.9,31,cancelled,2024-01-28,2026-08-26
2114-MGINA,Basic,Month-to-month,Monthly,Mailed check,89.8,14,cancelled,2025-07-12,2026-08-02
7596-LDUXP,Standard,One year,Annual,Credit card (automatic),85.15,12,active,2025-08-30,
3740-RLMVT,Standard,One year,Annual,Bank transfer (automatic),60.95,67,active,2021-02-03,
4489-SNOJF,Basic,Month-to-month,Monthly,Electronic check,72.25,35,cancelled,2023-10-14,2026-08-11
2192-OZITF,Pro,Two year,Annual,Mailed check,73.55,45,active,2022-11-18,
5651-CPDND,Basic,Month-to-month,Monthly,Mailed check,46.0,10,active,2025-10-29,
2186-QZEYA,Basic,Month-to-month,Monthly,Bank transfer (automatic),58.55,29,active,2024-04-15,
1131-ALZWV,Standard,One year,Annual,Bank transfer (automatic),24.6,24,active,2024-09-06,
7729-XBTWX,Pro,Two year,Annual,Mailed check,19.75,66,active,2021-02-20,
9134-WYRVP,Standard,One year,Annual,Mailed check,86.35,51,active,2022-06-04,
3284-SVCRO,Pro,Two year,Annual,Mailed check,25.5,45,active,2022-12-03,
9732-OUYRN,Standard,One year,Annual,Credit card (automatic),19.0,49,active,2022-08-13,
0559-CKHUS,Pro,Two year,Annual,Mailed check,19.55,29,active,2024-04-14,
2931-SVLTV,Basic,Month-to-month,Monthly,Credit card (automatic),110.1,40,active,2023-04-19,
6899-PPEEA,Basic,Month-to-month,Monthly,Electronic check,96.55,37,cancelled,2023-07-20,2026-07-23
7504-UWHNB,Basic,Month-to-month,Monthly,Electronic check,69.75,25,active,2024-08-14,
2582-FFFZR,Basic,Month-to-month,Monthly,Electronic check,50.6,22,active,2024-10-31,
8908-NMQTX,Pro,Two year,Annual,Bank transfer (automatic),65.6,72,active,2020-08-27,
2187-LZGPL,Basic,Month-to-month,Monthly,Credit card (automatic),40.1,7,cancelled,2026-01-20,2026-07-31
1431-AIDJQ,Pro,Two year,Annual,Credit card (automatic),82.1,33,active,2023-12-01,
6288-LBEAR,Basic,Month-to-month,Monthly,Mailed check,79.1,23,active,2024-09-20,
4597-NUCQV,Basic,Month-to-month,Monthly,Electronic check,101.25,24,cancelled,2024-09-13,2026-07-24
9019-QVLZD,Basic,Month-to-month,Monthly,Electronic check,79.55,1,cancelled,2026-08-17,2026-09-07
8413-YNHNV,Pro,Two year,Annual,Mailed check,90.65,69,active,2020-12-03,
5808-TOTXO,Standard,One year,Annual,Credit card (automatic),20.55,3,active,2026-06-10,
4369-NYSCF,Standard,One year,Annual,Bank transfer (automatic),75.75,56,active,2021-12-25,
6333-YDVLT,Standard,One year,Annual,Credit card (automatic),110.0,65,active,2021-04-07,
5324-KTGCG,Standard,One year,Annual,Electronic check,20.85,71,active,2020-10-04,
5599-HVLTW,Basic,Month-to-month,Monthly,Bank transfer (automatic),80.35,14,active,2025-07-01,
7394-LWLYN,Basic,Month-to-month,Monthly,Electronic check,70.15,2,active,2026-06-20,
3707-LRWZD,Standard,One year,Annual,Electronic check,84.05,32,cancelled,2024-01-14,2026-08-24
6873-UDNLD,Basic,Month-to-month,Monthly,Electronic check,67.45,40,active,2023-05-02,
2700-LUEVA,Basic,Month-to-month,Monthly,Credit card (automatic),20.75,1,active,2026-08-06,
1455-ESIQH,Basic,Month-to-month,Monthly,Electronic check,89.1,1,cancelled,2026-08-16,2026-08-21
0958-YHXGP,Basic,Month-to-month,Monthly,Mailed check,69.9,7,active,2026-01-22,
1101-SSWAG,Basic,Month-to-month,Monthly,Electronic check,51.1,15,active,2025-05-21,
2979-SXESE,Basic,Month-to-month,Monthly,Electronic check,94.4,17,cancelled,2025-04-12,2026-09-14
4013-TLDHQ,Basic,Month-to-month,Monthly,Electronic check,78.25,19,cancelled,2025-01-24,2026-09-14
5743-KHMNA,Pro,Two year,Annual,Bank transfer (automatic),25.55,71,active,2020-09-25,
4194-FJARJ,Pro,Two year,Annual,Bank transfer (automatic),60.0,54,active,2022-02-25,
5325-UWTWJ,Basic,Month-to-month,Monthly,Credit card (automatic),90.55,31,active,2024-02-03,
3969-GYXEL,Basic,Month-to-month,Monthly,Electronic check,76.4,11,active,2025-10-08,
9208-OLGAQ,Basic,Month-to-month,Monthly,Electronic check,84.95,18,active,2025-03-16,
3244-CQPHU,Pro,Two year,Annual,Bank transfer (automatic),110.1,72,active,2020-09-15,
2674-MLXMN,Basic,Month-to-month,Monthly,Credit card (automatic),99.65,71,active,2020-10-11,
9708-HPXWZ,Basic,Month-to-month,Monthly,Credit card (automatic),45.4,5,active,2026-04-02,
6992-TKNYO,Standard,One year,Annual,Credit card (automatic),69.0,38,active,2023-07-14,
4468-YDOVK,Basic,Month-to-month,Monthly,Bank transfer (automatic),48.65,5,active,2026-03-28,
3754-DXMRT,Basic,Month-to-month,Monthly,Electronic check,44.15,2,cancelled,2026-06-30,2026-09-13
5792-JALQC,Pro,Two year,Annual,Bank transfer (automatic),59.85,52,active,2022-05-08,
7130-VTEWQ,Basic,Month-to-month,Monthly,Electronic check,75.75,8,cancelled,2026-01-14,2026-08-01
2200-DSAAL,Pro,Two year,Annual,Electronic check,80.65,68,active,2021-01-01,
4302-ZYFEL,Standard,One year,Annual,Credit card (automatic),20.55,69,active,2020-11-22,
9351-LZYGF,Basic,Month-to-month,Monthly,Credit card (automatic),66.4,42,active,2023-03-07,
4366-CTOUZ,Pro,Two year,Annual,Mailed check,100.2,50,active,2022-06-23,
6121-VZNQB,Basic,Month-to-month,Monthly,Mailed check,19.1,1,cancelled,2026-08-09,2026-08-20
7903-CMPEY,Basic,Month-to-month,Monthly,Electronic check,80.3,1,cancelled,2026-08-15,2026-08-02
1518-OMDIK,Basic,Month-to-month,Monthly,Credit card (automatic),44.55,33,active,2023-11-28,
6671-NGWON,Basic,Month-to-month,Monthly,Mailed check,20.35,7,active,2026-01-20,
0595-ITUDF,Basic,Month-to-month,Monthly,Electronic check,91.8,64,active,2021-04-21,
6996-KNSML,Basic,Month-to-month,Monthly,Electronic check,74.9,1,cancelled,2026-07-20,2026-07-28
1955-IBMMB,Pro,Two year,Annual,Bank transfer (automatic),20.2,59,active,2021-10-14,
0096-BXERS,Basic,Month-to-month,Monthly,Electronic check,50.35,6,active,2026-03-17,
3806-YAZOV,Basic,Month-to-month,Monthly,Mailed check,18.8,3,active,2026-05-31,
7998-ZLXWN,Basic,Month-to-month,Monthly,Credit card (automatic),20.45,15,active,2025-05-20,
6253-WRFHY,Standard,One year,Annual,Electronic check,64.75,13,active,2025-07-19,
9133-AYJZG,Basic,Month-to-month,Monthly,Credit card (automatic),98.7,23,active,2024-10-08,
2675-OTVVJ,Basic,Month-to-month,Monthly,Electronic check,89.45,31,active,2024-02-05,
8680-CGLTP,Standard,One year,Annual,Electronic check,58.75,29,active,2024-03-29,
8430-TWCBX,Standard,One year,Annual,Credit card (automatic),20.7,49,active,2022-07-21,
5018-GWURO,Basic,Month-to-month,Monthly,Bank transfer (automatic),85.6,56,active,2022-01-11,
6741-QRLUP,Pro,Two year,Annual,Credit card (automatic),80.3,63,active,2021-05-19,
4737-HOBAX,Pro,Two year,Annual,Credit card (automatic),79.8,63,active,2021-05-24,
0537-QYZZN,Basic,Month-to-month,Monthly,Electronic check,79.85,24,active,2024-09-14,
3340-QBBFM,Standard,One year,Annual,Credit card (automatic),54.1,36,active,2023-08-23,
1704-NRWYE,Basic,Month-to-month,Monthly,Electronic check,80.85,9,cancelled,2025-11-28,2026-09-13
2592-SEIFQ,Basic,Month-to-month,Monthly,Electronic check,24.75,3,cancelled,2026-05-19,2026-07-27
8200-KLNYW,Standard,One year,Annual,Mailed check,80.9,21,active,2024-12-10,
3372-CDXFJ,Standard,One year,Annual,Bank transfer (automatic),24.5,13,active,2025-07-19,
4781-ZXYGU,Basic,Month-to-month,Monthly,Bank transfer (automatic),20.15,1,active,2026-08-16,
7632-YUTXB,Standard,One year,Annual,Mailed check,20.05,25,active,2024-08-14,
2718-YSKCS,Pro,Two year,Annual,Bank transfer (automatic),19.6,71,active,2020-10-03,
9896-UYMIE,Standard,One year,Annual,Bank transfer (automatic),114.3,66,active,2021-02-26,
0853-NWIFK,Standard,One year,Annual,Electronic check,100.3,45,active,2022-12-12,
8212-CRQXP,Basic,Month-to-month,Monthly,Credit card (automatic),80.0,22,active,2024-11-08,
6980-CDGFC,Standard,One year,Annual,Bank transfer (automatic),20.85,67,active,2021-02-04,
7691-XVTZH,Pro,Two year,Annual,Bank transfer (automatic),89.95,68,active,2021-01-13,
2520-SGTTA,Pro,Two year,Annual,Mailed check,20.0,0,active,2026-09-11,
7481-ATQQS,Basic,Month-to-month,Monthly,Credit card (automatic),90.85,49,cancelled,2022-08-13,2026-09-02
2277-VWCNI,Basic,Month-to-month,Monthly,Mailed check,48.75,4,active,2026-04-20,
1088-CNNKB,Standard,One year,Annual,Credit card (automatic),80.0,63,active,2021-05-20,
8642-GVWRF,Basic,Month-to-month,Monthly,Bank transfer (automatic),79.7,2,cancelled,2026-06-30,2026-08-23
1930-BZLHI,Standard,One year,Annual,Mailed check,20.35,21,active,2024-11-26,
3400-ESFUW,Pro,Two year,Annual,Bank transfer (automatic),57.55,55,cancelled,2022-02-11,2026-07-21
5868-YTYKS,Basic,Month-to-month,Monthly,Mailed check,20.25,1,active,2026-08-16,
3525-DVKFN,Pro,Two year,Annual,Mailed check,19.4,17,active,2025-04-06,
1482-OXZSY,Basic,Month-to-month,Monthly,Bank transfer (automatic),100.4,30,active,2024-02-17,
0377-JBKKT,Basic,Month-to-month,Monthly,Mailed check,57.95,22,active,2024-11-02,
5778-BVOFB,Basic,Month-to-month,Monthly,Bank transfer (automatic),59.5,9,active,2025-11-23,
3373-YZZYM,Basic,Month-to-month,Monthly,Mailed check,19.2,1,active,2026-08-06,
2057-ZBLPD,Basic,Month-to-month,Monthly,Electronic check,86.5,21,cancelled,2024-12-07,2026-08-29
0228-MAUWC,Basic,Month-to-month,Monthly,Electronic check,59.55,19,active,2025-01-22,
5502-RLUYV,Basic,Month-to-month,Monthly,Electronic check,103.95,69,cancelled,2020-12-02,2026-07-22
0023-HGHWL,Basic,Month-to-month,Monthly,Electronic check,25.1,1,cancelled,2026-07-27,2026-08-17
7663-YJHSN,Pro,Two year,Annual,Bank transfer (automatic),103.95,72,active,2020-08-26,
4915-BFSXL,Pro,Two year,Annual,Credit card (automatic),68.95,70,active,2020-10-26,
3086-RUCRN,Basic,Month-to-month,Monthly,Bank transfer (automatic),103.1,66,active,2021-02-25,
5215-LNLDJ,Basic,Month-to-month,Monthly,Electronic check,24.7,7,active,2026-01-22,
7576-JMYWV,Basic,Month-to-month,Monthly,Electronic check,110.2,46,active,2022-11-03,
9039-RBEEE,Basic,Month-to-month,Monthly,Credit card (automatic),48.95,39,cancelled,2023-06-08,2026-09-15
0257-KXZGU,Basic,Month-to-month,Monthly,Bank transfer (automatic),62.45,32,active,2024-01-01,
1307-ATKGB,Basic,Month-to-month,Monthly,Electronic check,89.55,24,active,2024-09-07,
8417-FMLZI,Basic,Month-to-month,Monthly,Credit card (automatic),83.55,6,cancelled,2026-03-17,2026-07-28
3714-XPXBW,Basic,Month-to-month,Monthly,Credit card (automatic),78.9,37,active,2023-08-07,
1850-AKQEP,Basic,Month-to-month,Monthly,Mailed check,20.35,8,active,2026-01-01,
2824-DXNKN,Pro,Two year,Annual,Bank transfer (automatic),71.45,72,active,2020-09-01,
5227-JSCFE,Pro,Two year,Annual,Credit card (automatic),46.35,71,active,2020-10-06,
0848-ZGQIJ,Basic,Month-to-month,Monthly,Bank transfer (automatic),94.65,16,active,2025-04-26,
3621-CHYVB,Basic,Month-to-month,Monthly,Bank transfer (automatic),49.9,57,active,2021-12-08,
8042-RNLKO,Standard,One year,Annual,Bank transfer (automatic),25.45,66,active,2021-02-26,
1792-UXAFY,Basic,Month-to-month,Monthly,Electronic check,89.15,17,cancelled,2025-04-09,2026-09-13
5372-FBKBN,Basic,Month-to-month,Monthly,Mailed check,20.75,21,active,2024-11-17,
0420-TXVSG,Pro,Two year,Annual,Credit card (automatic),66.1,66,active,2021-02-26,
6217-TOWGS,Basic,Month-to-month,Monthly,Bank transfer (automatic),75.4,17,active,2025-04-01,
0515-YPMCW,Basic,Month-to-month,Monthly,Mailed check,70.45,1,cancelled,2026-08-05,2026-08-09
0378-XSZPU,Standard,One year,Annual,Credit card (automatic),60.3,58,cancelled,2021-10-25,2026-08-19
1045-LTCYT,Basic,Month-to-month,Monthly,Credit card (automatic),21.05,8,active,2026-01-04,
1544-JJMYL,Standard,One year,Annual,Credit card (automatic),69.35,27,active,2024-05-24,
4636-JGAAI,Basic,Month-to-month,Monthly,Mailed check,88.85,34,active,2023-11-13,
6874-SGLHU,Standard,One year,Annual,Bank transfer (automatic),97.0,30,active,2024-02-22,
5951-AOFIH,Basic,Month-to-month,Monthly,Credit card (automatic),66.4,33,active,2023-11-19,
4729-XKASR,Basic,Month-to-month,Monthly,Electronic check,24.75,1,cancelled,2026-08-10,2026-09-07
3059-NGMXB,Basic,Month-to-month,Monthly,Mailed check,69.2,14,active,2025-07-11,
8652-YHIYU,Standard,One year,Annual,Credit card (automatic),79.5,16,active,2025-04-19,
5278-PNYOX,Pro,Two year,Annual,Credit card (automatic),100.65,49,active,2022-08-05,
5449-FIBXJ,Basic,Month-to-month,Monthly,Electronic check,103.3,19,cancelled,2025-01-26,2026-08-16
3486-HOOGQ,Pro,Two year,Annual,Bank transfer (automatic),79.7,70,active,2020-11-11,
5061-PBXFW,Basic,Month-to-month,Monthly,Bank transfer (automatic),61.4,32,active,2024-01-04,
8630-FJLIB,Basic,Month-to-month,Monthly,Electronic check,69.8,18,active,2025-02-25,
3891-NLXJB,Pro,Two year,Annual,Mailed check,40.55,37,active,2023-07-22,
4749-OJKQU,Basic,Month-to-month,Monthly,Electronic check,75.65,4,active,2026-05-05,
0577-WHMEV,Basic,Month-to-month,Monthly,Electronic check,90.7,16,active,2025-05-15,
5453-AXEPF,Basic,Month-to-month,Monthly,Bank transfer (automatic),80.5,17,active,2025-04-05,
3639-XJHKQ,Basic,Month-to-month,Monthly,Electronic check,60.6,19,active,2025-01-27,
3716-LRGXK,Pro,Two year,Annual,Credit card (automatic),101.15,60,active,2021-08-21,
2263-SFSQZ,Pro,Two year,Annual,Mailed check,24.95,51,active,2022-05-23,
9950-MTGYX,Pro,Two year,Annual,Credit card (automatic),20.3,28,active,2024-04-25,
3397-AVTKU,Pro,Two year,Annual,Electronic check,60.0,43,active,2023-02-12,
4825-FUREZ,Pro,Two year,Annual,Electronic check,20.25,42,active,2023-03-03,
9837-BMCLM,Basic,Month-to-month,Monthly,Electronic check,78.5,3,cancelled,2026-05-31,2026-08-25
2672-OJQZP,Basic,Month-to-month,Monthly,Mailed check,44.75,1,active,2026-08-03,
0137-UDEUO,Basic,Month-to-month,Monthly,Mailed check,19.85,3,cancelled,2026-05-21,2026-09-10
3134-DSHVC,Pro,Two year,Annual,Credit card (automatic),98.0,63,active,2021-05-20,
6161-UUUTA,Basic,Month-to-month,Monthly,Electronic check,79.9,3,cancelled,2026-06-11,2026-08-14
7821-DPRQE,Basic,Month-to-month,Monthly,Electronic check,107.7,68,active,2020-12-19,
6543-XRMYR,Basic,Month-to-month,Monthly,Electronic check,99.7,30,cancelled,2024-02-21,2026-09-13
2001-EWBQU,Pro,Two year,Annual,Electronic check,104.7,60,active,2021-08-26,
4925-LMHOK,Basic,Month-to-month,Monthly,Credit card (automatic),58.6,15,cancelled,2025-06-06,2026-08-15
1608-GMEWB,Basic,Month-to-month,Monthly,Bank transfer (automatic),93.9,45,active,2022-11-25,
6695-AMZUF,Pro,Two year,Annual,Credit card (automatic),86.45,70,active,2020-10-30,
1455-UGQVH,Basic,Month-to-month,Monthly,Electronic check,98.5,10,cancelled,2025-10-21,2026-09-02
8410-BGQXN,Basic,Month-to-month,Monthly,Mailed check,19.4,4,active,2026-04-27,
8280-MQRQN,Basic,Month-to-month,Monthly,Mailed check,50.45,1,cancelled,2026-07-20,2026-07-28
1619-YWUBB,Pro,Two year,Annual,Credit card (automatic),24.95,68,active,2021-01-04,
7611-YKYTC,Basic,Month-to-month,Monthly,Bank transfer (automatic),75.0,22,active,2024-11-14,
2037-SGXHH,Basic,Month-to-month,Monthly,Electronic check,94.65,38,cancelled,2023-07-04,2026-07-21
3178-FESZO,Basic,Month-to-month,Monthly,Credit card (automatic),100.25,1,cancelled,2026-07-19,2026-07-23
0365-GXEZS,Basic,Month-to-month,Monthly,Electronic check,78.2,18,active,2025-02-27,
0082-OQIQY,Basic,Month-to-month,Monthly,Electronic check,94.2,29,active,2024-03-27,
6087-MVHJH,Basic,Month-to-month,Monthly,Electronic check,88.45,16,cancelled,2025-04-29,2026-07-22
4603-JANFB,Basic,Month-to-month,Monthly,Electronic check,69.85,1,cancelled,2026-07-31,2026-09-10
3018-TFTSU,Basic,Month-to-month,Monthly,Bank transfer (automatic),81.7,12,cancelled,2025-09-15,2026-08-16
3606-SBKRY,Standard,One year,Annual,Electronic check,50.05,31,active,2024-02-04,
4806-KEXQR,Basic,Month-to-month,Monthly,Electronic check,79.9,4,cancelled,2026-05-16,2026-09-02
0667-NSRGI,Standard,One year,Annual,Mailed check,69.55,48,active,2022-09-06,
7083-YNSKY,Basic,Month-to-month,Monthly,Credit card (automatic),25.4,15,cancelled,2025-05-27,2026-09-10
6893-ODYYE,Standard,One year,Annual,Credit card (automatic),90.1,50,active,2022-06-23,
8242-JSVBO,Basic,Month-to-month,Monthly,Bank transfer (automatic),44.65,7,active,2026-02-09,
2479-BRAMR,Basic,Month-to-month,Monthly,Bank transfer (automatic),83.75,41,cancelled,2023-03-29,2026-08-23
9541-ZPSEA,Pro,Two year,Annual,Credit card (automatic),80.35,68,active,2021-01-10,
2665-NPTGL,Basic,Month-to-month,Monthly,Bank transfer (automatic),98.1,26,active,2024-07-11,
1139-WUOAH,Pro,Two year,Annual,Credit card (automatic),53.35,57,active,2021-11-18,
4693-VWVBO,Basic,Month-to-month,Monthly,Electronic check,19.55,3,active,2026-05-30,
7434-SHXLS,Basic,Month-to-month,Monthly,Mailed check,20.9,1,cancelled,2026-08-12,2026-08-21
6937-GCDGQ,Standard,One year,Annual,Bank transfer (automatic),48.95,19,active,2025-02-11,
0988-JRWWP,Basic,Month-to-month,Monthly,Electronic check,54.2,3,active,2026-06-16,
5075-JSDKI,Pro,Two year,Annual,Electronic check,24.45,59,active,2021-10-03,
7908-QCBCA,Basic,Month-to-month,Monthly,Mailed check,69.4,1,cancelled,2026-08-14,2026-08-29
8644-XYTSV,Basic,Month-to-month,Monthly,Bank transfer (automatic),40.15,42,active,2023-03-01,
6711-FLDFB,Basic,Month-to-month,Monthly,Electronic check,74.9,7,cancelled,2026-02-02,2026-09-09
3873-WOSBC,Pro,Two year,Annual,Credit card (automatic),25.6,67,active,2021-01-27,
7465-ZZRVX,Basic,Month-to-month,Monthly,Electronic check,70.35,1,active,2026-08-11,
7975-JMZNT,Pro,Two year,Annual,Bank transfer (automatic),91.7,66,active,2021-03-13,
7251-XFOIL,Basic,Month-to-month,Monthly,Mailed check,89.2,61,active,2021-08-14,
4116-IQRFR,Standard,One year,Annual,Credit card (automatic),24.1,4,active,2026-05-16,
3714-JTVOV,Basic,Month-to-month,Monthly,Credit card (automatic),74.15,42,cancelled,2023-03-16,2026-08-22
8259-DZLIZ,Standard,One year,Annual,Bank transfer (automatic),53.85,64,active,2021-05-10,
0442-ZXKVS,Standard,One year,Annual,Bank transfer (automatic),115.6,54,active,2022-02-22,
7853-WNZSY,Basic,Month-to-month,Monthly,Credit card (automatic),19.75,1,active,2026-07-30,
3120-FAZKD,Pro,Two year,Annual,Bank transfer (automatic),24.05,54,active,2022-03-11,
8606-OEGQZ,Pro,Two year,Annual,Credit card (automatic),25.3,18,active,2025-02-19,
0225-ZORZP,Basic,Month-to-month,Monthly,Electronic check,84.3,3,active,2026-05-26,
4702-IOQDC,Basic,Month-to-month,Monthly,Electronic check,70.1,1,cancelled,2026-07-25,2026-09-06
9489-JMTTN,Pro,Two year,Annual,Credit card (automatic),89.75,72,active,2020-08-21,
0575-CUQOV,Standard,One year,Annual,Electronic check,97.95,60,active,2021-08-25,
0967-BMLBD,Standard,One year,Annual,Mailed check,20.0,11,active,2025-09-19,
6178-KFNHS,Basic,Month-to-month,Monthly,Electronic check,78.3,12,cancelled,2025-09-07,2026-09-13
2830-LEWOA,Standard,One year,Annual,Credit card (automatic),103.9,61,active,2021-07-23,
5006-MXVRN,Pro,Two year,Annual,Credit card (automatic),20.7,39,active,2023-06-14,
1264-BYWMS,Basic,Month-to-month,Monthly,Electronic check,96.8,55,cancelled,2022-02-06,2026-08-20
9658-WYUFB,Basic,Month-to-month,Monthly,Electronic check,94.4,17,cancelled,2025-03-22,2026-09-12
8327-WKMIE,Standard,One year,Annual,Credit card (automatic),20.15,37,active,2023-08-13,
6917-FIJHC,Pro,Two year,Annual,Mailed check,26.0,72,active,2020-09-01,
5329-KRDTM,Pro,Two year,Annual,Credit card (automatic),77.35,72,active,2020-09-06,
7797-EJMDP,Basic,Month-to-month,Monthly,Bank transfer (automatic),66.05,8,active,2026-01-13,
3530-VWVGU,Basic,Month-to-month,Monthly,Mailed check,19.9,22,active,2024-11-09,
2013-SGDXK,Basic,Month-to-month,Monthly,Electronic check,84.3,1,cancelled,2026-08-01,2026-07-21
6368-NWMCE,Basic,Month-to-month,Monthly,Credit card (automatic),68.15,38,active,2023-06-30,
3633-CDBUW,Standard,One year,Annual,Electronic check,80.85,17,active,2025-03-28,
0707-HOVVN,Pro,Two year,Annual,Bank transfer (automatic),75.5,70,active,2020-11-13,
8580-QVLOC,Pro,Two year,Annual,Credit card (automatic),92.45,72,cancelled,2020-09-07,2026-07-28
3956-MGXOG,Basic,Month-to-month,Monthly,Electronic check,80.6,28,active,2024-05-14,
9274-UARKJ,Basic,Month-to-month,Monthly,Bank transfer (automatic),83.2,15,active,2025-06-17,
4077-HWUYD,Pro,Two year,Annual,Bank transfer (automatic),87.55,72,active,2020-09-05,
2012-NWRPA,Basic,Month-to-month,Monthly,Electronic check,99.55,11,cancelled,2025-09-29,2026-07-23
8808-ELEHO,Basic,Month-to-month,Monthly,Electronic check,81.25,8,cancelled,2026-01-05,2026-09-09
0103-CSITQ,Standard,One year,Annual,Bank transfer (automatic),109.4,57,active,2021-12-15,
3506-LCJDC,Basic,Month-to-month,Monthly,Bank transfer (automatic),19.95,1,cancelled,2026-08-11,2026-08-19
8671-KKKOS,Basic,Month-to-month,Monthly,Electronic check,45.55,46,active,2022-11-04,
7305-ZWMAJ,Standard,One year,Annual,Credit card (automatic),20.7,30,active,2024-03-07,
9518-XXBXE,Basic,Month-to-month,Monthly,Electronic check,75.3,10,active,2025-10-23,
3934-HXCFZ,Basic,Month-to-month,Monthly,Electronic check,99.25,23,cancelled,2024-09-29,2026-07-29
6578-KRMAW,Basic,Month-to-month,Monthly,Credit card (automatic),93.4,32,active,2023-12-18,
4860-IJUDE,Basic,Month-to-month,Monthly,Credit card (automatic),73.75,13,active,2025-08-12,
7666-WKRON,Pro,Two year,Annual,Electronic check,80.45,39,cancelled,2023-06-06,2026-08-13
9688-YGXVR,Basic,Month-to-month,Monthly,Credit card (automatic),88.15,44,active,2023-01-14,
0423-UDIJQ,Basic,Month-to-month,Monthly,Mailed check,49.2,9,active,2025-12-17,
1945-XISKS,Pro,Two year,Annual,Mailed check,19.65,67,active,2021-01-19,
4910-AQFFX,Basic,Month-to-month,Monthly,Bank transfer (automatic),79.35,9,cancelled,2025-12-03,2026-08-28
2154-KVJFF,Basic,Month-to-month,Monthly,Electronic check,79.75,15,cancelled,2025-05-29,2026-07-28
5360-LJCNJ,Pro,Two year,Annual,Bank transfer (automatic),105.15,71,active,2020-10-08,
2607-FBDFF,Basic,Month-to-month,Monthly,Credit card (automatic),49.0,1,active,2026-08-16,
9647-ERGBE,Basic,Month-to-month,Monthly,Electronic check,100.05,30,cancelled,2024-02-20,2026-08-28
3428-XZMAZ,Basic,Month-to-month,Monthly,Electronic check,69.35,1,cancelled,2026-07-29,2026-07-20
1100-DDVRV,Basic,Month-to-month,Monthly,Mailed check,49.8,17,active,2025-03-27,
0378-TOVMS,Basic,Month-to-month,Monthly,Electronic check,85.8,3,cancelled,2026-06-01,2026-09-10
4355-HBJHH,Pro,Two year,Annual,Electronic check,79.7,67,cancelled,2021-02-03,2026-08-05
6728-WYQBC,Basic,Month-to-month,Monthly,Bank transfer (automatic),20.95,1,active,2026-08-05,
9058-CBREO,Basic,Month-to-month,Monthly,Mailed check,50.55,1,cancelled,2026-07-26,2026-09-15
9029-FEGVJ,Basic,Month-to-month,Monthly,Mailed check,79.3,32,active,2024-01-10,
7216-KAOID,Standard,One year,Annual,Bank transfer (automatic),19.5,41,active,2023-04-07,
0318-QUUOB,Basic,Month-to-month,Monthly,Electronic check,80.55,1,cancelled,2026-08-08,2026-07-24
6145-NNPNO,Basic,Month-to-month,Monthly,Bank transfer (automatic),44.15,1,active,2026-08-02,
5520-FVEWJ,Basic,Month-to-month,Monthly,Electronic check,84.5,12,cancelled,2025-08-18,2026-08-26
5339-TJFEK,Basic,Month-to-month,Monthly,Electronic check,105.5,62,active,2021-06-20,
5572-ZDXHY,Basic,Month-to-month,Monthly,Mailed check,84.3,22,cancelled,2024-10-31,2026-09-14
2074-GUHPQ,Basic,Month-to-month,Monthly,Credit card (automatic),92.7,17,active,2025-04-11,
4625-XMOYM,Pro,Two year,Annual,Bank transfer (automatic),26.25,72,active,2020-08-19,
5827-MWCZK,Basic,Month-to-month,Monthly,Credit card (automatic),96.95,56,active,2022-01-07,
1385-TQOZW,Basic,Month-to-month,Monthly,Credit card (automatic),20.45,9,active,2025-12-07,
5914-XRFQB,Pro,Two year,Annual,Bank transfer (automatic),115.8,72,active,2020-08-21,
4329-YPDDQ,Basic,Month-to-month,Monthly,Bank transfer (automatic),108.2,20,active,2025-01-09,
4804-NCPET,Pro,Two year,Annual,Mailed check,20.2,19,active,2025-02-02,
3750-CKVKH,Basic,Month-to-month,Monthly,Electronic check,67.75,2,cancelled,2026-06-21,2026-07-28
5944-UGLLK,Standard,One year,Annual,Credit card (automatic),54.9,53,active,2022-04-08,
8063-GBATB,Basic,Month-to-month,Monthly,Electronic check,85.25,27,cancelled,2024-05-30,2026-07-20
7787-BNTZM,Basic,Month-to-month,Monthly,Bank transfer (automatic),20.15,6,active,2026-03-17,
2252-ISRNH,Standard,One year,Annual,Electronic check,90.35,9,active,2025-11-18,
9415-TPKRV,Basic,Month-to-month,Monthly,Electronic check,55.75,8,active,2026-01-04,
5322-TEUJK,Pro,Two year,Annual,Bank transfer (automatic),114.6,71,active,2020-09-26,
4547-KQRTM,Basic,Month-to-month,Monthly,Bank transfer (automatic),80.05,10,cancelled,2025-11-01,2026-07-23
4877-EVATK,Basic,Month-to-month,Monthly,Mailed check,20.0,1,cancelled,2026-08-04,2026-08-18
1866-DIOQZ,Standard,One year,Annual,Bank transfer (automatic),66.8,71,active,2020-10-04,
8375-KVTHK,Standard,One year,Annual,Electronic check,100.3,68,active,2021-01-16,
2697-NQBPF,Basic,Month-to-month,Monthly,Electronic check,105.35,34,active,2023-11-09,
3709-OIJEA,Standard,One year,Annual,Electronic check,85.2,26,active,2024-07-06,
7639-SUPCW,Basic,Month-to-month,Monthly,Credit card (automatic),48.8,22,cancelled,2024-11-05,2026-09-12
1386-ZIKUV,Basic,Month-to-month,Monthly,Mailed check,18.95,7,active,2026-02-07,
0599-XNYDO,Basic,Month-to-month,Monthly,Bank transfer (automatic),69.8,20,active,2024-12-28,
6377-WHAOX,Basic,Month-to-month,Monthly,Electronic check,106.15,60,active,2021-08-23,
6855-VLGOS,Pro,Two year,Annual,Electronic check,20.55,72,active,2020-08-21,
8999-XXGNS,Standard,One year,Annual,Credit card (automatic),105.75,72,active,2020-08-18,
8746-OQQRW,Basic,Month-to-month,Monthly,Mailed check,25.25,4,active,2026-04-29,
3181-MIZBN,Basic,Month-to-month,Monthly,Electronic check,19.75,16,active,2025-05-05,
0471-ARVMX,Standard,One year,Annual,Electronic check,104.85,62,active,2021-06-28,
7766-CLTIC,Basic,Month-to-month,Monthly,Mailed check,60.95,10,active,2025-11-13,
5650-YLIBA,Basic,Month-to-month,Monthly,Electronic check,81.15,31,active,2024-01-23,
0825-CPPQH,Pro,Two year,Annual,Credit card (automatic),19.1,71,active,2020-09-30,
9084-OAYKL,Pro,Two year,Annual,Mailed check,20.8,58,active,2021-11-12,
6122-LJADA,Pro,Two year,Annual,Credit card (automatic),90.15,70,active,2020-11-04,
2400-XIWIO,Pro,Two year,Annual,Electronic check,90.1,71,active,2020-10-07,
7524-VRLPL,Pro,Two year,Annual,Credit card (automatic),74.1,69,active,2020-12-06,
1069-XAIEM,Basic,Month-to-month,Monthly,Electronic check,85.05,1,cancelled,2026-08-16,2026-09-02
7569-NMZYQ,Pro,Two year,Annual,Bank transfer (automatic),118.75,72,active,2020-09-16,
5201-USSQZ,Basic,Month-to-month,Monthly,Credit card (automatic),85.9,26,active,2024-07-07,
2105-PHWON,Basic,Month-to-month,Monthly,Credit card (automatic),95.0,33,active,2023-12-08,
1494-EJZDW,Pro,Two year,Annual,Mailed check,20.15,10,active,2025-10-18,
4884-TVUQF,Pro,Two year,Annual,Credit card (automatic),101.3,57,active,2021-12-09,
8003-EWNDZ,Basic,Month-to-month,Monthly,Electronic check,21.2,10,active,2025-11-07,
1897-RCFUM,Standard,One year,Annual,Mailed check,24.2,39,active,2023-05-21,
9256-JTBNZ,Basic,Month-to-month,Monthly,Bank transfer (automatic),20.3,11,active,2025-09-22,
4658-HCOHW,Basic,Month-to-month,Monthly,Electronic check,102.8,21,cancelled,2024-12-15,2026-09-14
2211-RMNHO,Pro,Two year,Annual,Bank transfer (automatic),85.3,68,active,2021-01-14,
2432-TFSMK,Standard,One year,Annual,Credit card (automatic),89.6,18,active,2025-03-16,
3440-JPSCL,Basic,Month-to-month,Monthly,Mailed check,99.95,6,cancelled,2026-03-05,2026-09-13
4929-ROART,Basic,Month-to-month,Monthly,Mailed check,56.25,18,active,2025-03-01,
1834-ABKHQ,Standard,One year,Annual,Bank transfer (automatic),50.95,52,active,2022-05-08,
1741-WTPON,Pro,Two year,Annual,Mailed check,115.85,56,active,2022-01-16,
3932-IJWDZ,Basic,Month-to-month,Monthly,Bank transfer (automatic),103.65,45,active,2022-12-11,
1240-HCBOH,Pro,Two year,Annual,Mailed check,26.1,67,active,2021-01-28,
3594-KADLU,Basic,Month-to-month,Monthly,Mailed check,35.1,3,active,2026-06-06,
8065-BVEPF,Basic,Month-to-month,Monthly,Bank transfer (automatic),99.1,65,active,2021-04-14,
3796-ENZGF,Pro,Two year,Annual,Mailed check,67.25,63,active,2021-05-29,
1734-ZMNTZ,Pro,Two year,Annual,Mailed check,25.0,11,active,2025-09-29,
2853-CWQFQ,Basic,Month-to-month,Monthly,Mailed check,59.55,1,active,2026-08-03,
0813-TAXXS,Pro,Two year,Annual,Bank transfer (automatic),77.8,55,active,2022-01-18,
2519-TWKFS,Standard,One year,Annual,Mailed check,55.1,25,active,2024-07-22,
2889-FPWRM,Standard,One year,Annual,Bank transfer (automatic),117.8,72,cancelled,2020-09-15,2026-09-06
0626-QXNGV,Pro,Two year,Annual,Credit card (automatic),24.15,72,active,2020-08-20,
6723-CEGQI,Pro,Two year,Annual,Mailed check,45.25,65,active,2021-04-16,
6987-XQSJT,Basic,Month-to-month,Monthly,Electronic check,79.5,54,cancelled,2022-03-04,2026-08-13
4732-RRJZC,Basic,Month-to-month,Monthly,Mailed check,20.25,7,active,2026-01-19,
9499-XPZXM,Pro,Two year,Annual,Bank transfer (automatic),64.75,72,active,2020-08-18,
4338-EYCER,Basic,Month-to-month,Monthly,Bank transfer (automatic),54.6,21,active,2024-12-16,
3007-FDPEA,Basic,Month-to-month,Monthly,Bank transfer (automatic),20.7,2,active,2026-07-16,
6350-XFYGW,Basic,Month-to-month,Monthly,Electronic check,94.75,4,active,2026-05-11,
4290-BSXUX,Basic,Month-to-month,Monthly,Bank transfer (automatic),79.65,3,cancelled,2026-06-09,2026-08-01
8513-OLYGY,Pro,Two year,Annual,Credit card (automatic),115.8,72,active,2020-09-08,
0311-QYWSS,Basic,Month-to-month,Monthly,Electronic check,49.45,6,active,2026-03-06,
8705-DWKTI,Basic,Month-to-month,Monthly,Credit card (automatic),83.8,52,active,2022-05-09,
8755-IWJHN,Basic,Month-to-month,Monthly,Bank transfer (automatic),95.35,69,active,2020-11-29,
0325-XBFAC,Basic,Month-to-month,Monthly,Electronic check,94.7,8,cancelled,2025-12-22,2026-08-12
4480-QQRHC,Basic,Month-to-month,Monthly,Bank transfer (automatic),74.05,8,active,2025-12-31,
0929-PECLO,Basic,Month-to-month,Monthly,Bank transfer (automatic),89.6,63,active,2021-06-08,
3680-CTHUH,Standard,One year,Annual,Credit card (automatic),116.6,60,active,2021-08-30,
1202-KKGFU,Basic,Month-to-month,Monthly,Bank transfer (automatic),54.2,12,active,2025-08-29,
6112-KTHFQ,Basic,Month-to-month,Monthly,Mailed check,19.3,13,active,2025-07-22,
1852-XEMDW,Basic,Month-to-month,Monthly,Mailed check,65.05,22,active,2024-10-19,
2462-XIIJB,Basic,Month-to-month,Monthly,Electronic check,92.5,5,cancelled,2026-04-09,2026-09-03
4760-XOHVN,Basic,Month-to-month,Monthly,Mailed check,19.45,1,cancelled,2026-07-21,2026-08-11
1820-DJFPH,Pro,Two year,Annual,Bank transfer (automatic),24.05,72,active,2020-08-23,
9426-SXNHE,Basic,Month-to-month,Monthly,Bank transfer (automatic),18.75,2,active,2026-07-15,
9068-FHQHD,Pro,Two year,Annual,Bank transfer (automatic),20.15,40,active,2023-05-02,
1269-FOYWN,Standard,One year,Annual,Bank transfer (automatic),20.0,44,active,2023-01-12,
9470-YFUYI,Standard,One year,Annual,Bank transfer (automatic),71.0,71,active,2020-10-02,
7817-BOQPW,Basic,Month-to-month,Monthly,Electronic check,75.55,2,cancelled,2026-07-17,2026-09-02
7402-EYFXX,Basic,Month-to-month,Monthly,Electronic check,93.6,26,active,2024-07-09,
1853-UDXBW,Basic,Month-to-month,Monthly,Electronic check,70.0,1,cancelled,2026-07-31,2026-08-19
9895-VFOXH,Basic,Month-to-month,Monthly,Mailed check,24.4,1,active,2026-08-08,
5458-CQJTA,Pro,Two year,Annual,Bank transfer (automatic),74.8,65,cancelled,2021-04-17,2026-07-25
1230-QAJDW,Basic,Month-to-month,Monthly,Mailed check,65.25,3,active,2026-06-06,
5701-ZIKJE,Basic,Month-to-month,Monthly,Mailed check,50.55,13,active,2025-08-01,
5219-YIPTK,Basic,Month-to-month,Monthly,Electronic check,104.4,33,cancelled,2023-11-25,2026-09-08
5032-MIYKT,Basic,Month-to-month,Monthly,Mailed check,70.7,1,active,2026-08-13,
7396-VJUZB,Basic,Month-to-month,Monthly,Mailed check,45.25,4,active,2026-05-04,
9717-QEBGU,Basic,Month-to-month,Monthly,Electronic check,70.3,2,active,2026-07-13,
5172-RKOCB,Pro,Two year,Annual,Credit card (automatic),108.95,72,active,2020-09-12,
6509-TSGWN,Basic,Month-to-month,Monthly,Mailed check,26.45,37,active,2023-08-14,
3540-RZJYU,Basic,Month-to-month,Monthly,Electronic check,86.2,15,cancelled,2025-05-26,2026-07-26
3178-CIFOT,Standard,One year,Annual,Credit card (automatic),19.65,23,active,2024-09-19,
2091-MJTFX,Basic,Month-to-month,Monthly,Credit card (automatic),51.2,30,cancelled,2024-02-27,2026-08-31
4530-NDRKU,Standard,One year,Annual,Electronic check,19.05,42,active,2023-03-07,
5985-TBABQ,Standard,One year,Annual,Mailed check,74.75,32,active,2023-12-19,
9800-ONTFE,Basic,Month-to-month,Monthly,Bank transfer (automatic),75.8,22,active,2024-11-02,
6743-HHQPF,Basic,Month-to-month,Monthly,Credit card (automatic),25.1,42,active,2023-03-03,
8455-HIRAQ,Basic,Month-to-month,Monthly,Mailed check,44.45,8,active,2025-12-28,
6616-AALSR,Pro,Two year,Annual,Credit card (automatic),104.3,65,active,2021-03-29,
0883-EIBTI,Basic,Month-to-month,Monthly,Mailed check,19.5,2,cancelled,2026-07-04,2026-08-07
9415-ZNBSX,Pro,Two year,Annual,Bank transfer (automatic),89.0,70,active,2020-11-02,
4018-KJYUY,Basic,Month-to-month,Monthly,Credit card (automatic),20.15,22,active,2024-11-07,
0722-TROQR,Basic,Month-to-month,Monthly,Electronic check,74.9,4,cancelled,2026-04-28,2026-08-31
7571-YXDAD,Basic,Month-to-month,Monthly,Credit card (automatic),74.9,2,cancelled,2026-06-28,2026-09-06
3884-UEBXB,Pro,Two year,Annual,Bank transfer (automatic),36.15,67,active,2021-02-02,
8780-RSYYU,Basic,Month-to-month,Monthly,Credit card (automatic),19.2,25,active,2024-07-26,
5537-UXXVS,Basic,Month-to-month,Monthly,Bank transfer (automatic),19.25,20,active,2025-01-12,
1791-PQHBB,Basic,Month-to-month,Monthly,Credit card (automatic),61.2,2,active,2026-07-06,
8701-DGLVH,Pro,Two year,Annual,Mailed check,20.45,51,active,2022-05-19,
8741-LQOBK,Basic,Month-to-month,Monthly,Bank transfer (automatic),35.05,46,active,2022-10-25,
3393-FMZPV,Basic,Month-to-month,Monthly,Electronic check,100.25,25,cancelled,2024-07-26,2026-08-20
8082-GHXOP,Basic,Month-to-month,Monthly,Mailed check,44.0,13,active,2025-07-23,
6402-ZFPPI,Basic,Month-to-month,Monthly,Mailed check,102.8,25,cancelled,2024-07-29,2026-08-24
0980-FEXWF,Standard,One year,Annual,Mailed check,50.35,26,active,2024-06-28,
7486-KSRVI,Standard,One year,Annual,Electronic check,100.0,43,cancelled,2023-02-02,2026-08-17
3011-WQKSZ,Basic,Month-to-month,Monthly,Electronic check,20.0,19,active,2025-01-22,
8443-WVPSS,Basic,Month-to-month,Monthly,Electronic check,99.85,10,cancelled,2025-10-26,2026-09-02
3006-XIMLN,Basic,Month-to-month,Monthly,Bank transfer (automatic),94.2,2,cancelled,2026-07-03,2026-07-20
8218-FFJDS,Pro,Two year,Annual,Bank transfer (automatic),86.4,72,active,2020-09-13,
1986-PHGZF,Basic,Month-to-month,Monthly,Credit card (automatic),58.4,18,active,2025-02-22,
9965-YOKZB,Basic,Month-to-month,Monthly,Electronic check,83.85,9,cancelled,2025-12-08,2026-08-07
0504-HHAPI,Basic,Month-to-month,Monthly,Credit card (automatic),88.3,27,cancelled,2024-06-07,2026-07-28
9360-OMDZZ,Basic,Month-to-month,Monthly,Electronic check,94.1,24,active,2024-09-13,
6305-YLBMM,Standard,One year,Annual,Bank transfer (automatic),104.05,69,cancelled,2020-12-10,2026-07-31
0345-XMMUG,Pro,Two year,Annual,Credit card (automatic),108.9,46,active,2022-11-13,
8024-XNAFQ,Pro,Two year,Annual,Bank transfer (automatic),107.4,72,active,2020-09-14,
3647-GMGDH,Basic,Month-to-month,Monthly,Credit card (automatic),94.7,22,cancelled,2024-11-16,2026-08-04
2988-GBIVW,Basic,Month-to-month,Monthly,Electronic check,90.85,70,active,2020-11-08,
2832-SCUCO,Basic,Month-to-month,Monthly,Electronic check,19.9,2,active,2026-06-26,
7036-ZZKBD,Basic,Month-to-month,Monthly,Credit card (automatic),66.4,31,active,2024-01-22,
3791-LGQCY,Basic,Month-to-month,Monthly,Bank transfer (automatic),100.65,56,cancelled,2022-01-10,2026-09-07
0265-PSUAE,Basic,Month-to-month,Monthly,Bank transfer (automatic),100.7,16,active,2025-05-05,
0463-TXOAK,Pro,Two year,Annual,Credit card (automatic),25.6,52,active,2022-04-24,
0594-UFTUL,Basic,Month-to-month,Monthly,Mailed check,19.85,13,active,2025-07-27,
9509-MPYOD,Standard,One year,Annual,Mailed check,20.75,35,active,2023-09-20,
9128-CPXKI,Pro,Two year,Annual,Electronic check,95.8,59,active,2021-10-05,
0129-KPTWJ,Basic,Month-to-month,Monthly,Electronic check,94.65,72,active,2020-09-11,
8166-ZZTFS,Pro,Two year,Annual,Bank transfer (automatic),80.55,66,cancelled,2021-03-13,2026-08-12
5855-EIBDE,Pro,Two year,Annual,Credit card (automatic),106.65,49,active,2022-07-27,
5365-LLFYV,Basic,Month-to-month,Monthly,Mailed check,45.85,2,active,2026-07-18,
5956-YHHRX,Basic,Month-to-month,Monthly,Electronic check,104.35,21,active,2024-12-03,
6008-NAIXK,Standard,One year,Annual,Electronic check,55.45,54,active,2022-03-08,
2956-GGUCQ,Basic,Month-to-month,Monthly,Electronic check,78.85,24,cancelled,2024-08-20,2026-07-25
1928-BXYIV,Basic,Month-to-month,Monthly,Electronic check,61.15,1,active,2026-07-19,
5760-FXFVO,Basic,Month-to-month,Monthly,Electronic check,78.95,6,active,2026-03-04,
6595-COKXZ,Basic,Month-to-month,Monthly,Mailed check,44.45,1,cancelled,2026-07-31,2026-09-10
0961-ZWLVI,Standard,One year,Annual,Credit card (automatic),109.2,49,active,2022-08-06,
5181-OABFK,Pro,Two year,Annual,Credit card (automatic),61.3,56,active,2021-12-24,
4007-NHVHI,Basic,Month-to-month,Monthly,Electronic check,96.85,56,active,2022-01-08,
7816-VGHTO,Pro,Two year,Annual,Mailed check,40.55,6,active,2026-02-24,
5871-DGTXZ,Standard,One year,Annual,Mailed check,19.8,32,active,2023-12-20,
7550-WIQVA,Standard,One year,Annual,Electronic check,108.25,50,active,2022-07-12,
7544-ZVIKX,Standard,One year,Annual,Bank transfer (automatic),105.05,58,active,2021-11-10,
0016-QLJIS,Pro,Two year,Annual,Mailed check,90.45,65,active,2021-04-06,
7508-DQAKK,Pro,Two year,Annual,Credit card (automatic),86.4,64,active,2021-04-23,
5176-OLSKT,Pro,Two year,Annual,Bank transfer (automatic),66.9,66,active,2021-02-26,
9356-AXGMP,Standard,One year,Annual,Electronic check,110.7,38,active,2023-07-13,
3556-BVQGL,Standard,One year,Annual,Mailed check,20.0,20,active,2025-01-05,
0362-ZBZWJ,Basic,Month-to-month,Monthly,Electronic check,84.9,36,cancelled,2023-08-29,2026-08-19
8979-CAMGB,Standard,One year,Annual,Electronic check,102.1,64,active,2021-04-19,
4211-MMAZN,Basic,Month-to-month,Monthly,Mailed check,20.25,1,cancelled,2026-08-04,2026-09-05
7581-EBBOU,Standard,One year,Annual,Credit card (automatic),70.15,60,active,2021-09-14,
4274-OWWYO,Basic,Month-to-month,Monthly,Electronic check,74.35,1,cancelled,2026-08-14,2026-07-31
5073-RZGBK,Standard,One year,Annual,Bank transfer (automatic),80.05,50,active,2022-07-17,
1541-ETJZO,Basic,Month-to-month,Monthly,Mailed check,62.05,1,cancelled,2026-08-14,2026-07-23
2192-CKRLV,Pro,Two year,Annual,Electronic check,49.2,72,active,2020-09-04,
3154-HMWUU,Pro,Two year,Annual,Bank transfer (automatic),20.5,60,active,2021-09-08,
6119-SPUDB,Pro,Two year,Annual,Mailed check,38.25,46,active,2022-11-07,
6522-OIQSX,Pro,Two year,Annual,Credit card (automatic),54.95,69,active,2020-11-24,
7813-ZGGAW,Basic,Month-to-month,Monthly,Bank transfer (automatic),96.6,31,active,2024-02-02,
8748-HFWBO,Standard,One year,Annual,Mailed check,19.9,19,active,2025-01-25,
1052-QJIBV,Pro,Two year,Annual,Credit card (automatic),19.9,71,active,2020-09-30,
1319-YLZJG,Basic,Month-to-month,Monthly,Electronic check,84.6,12,active,2025-09-10,
4106-HADHQ,Standard,One year,Annual,Credit card (automatic),80.0,39,cancelled,2023-05-20,2026-09-12
0723-FDLAY,Standard,One year,Annual,Bank transfer (automatic),85.25,44,active,2023-01-02,
3050-RLLXC,Pro,Two year,Annual,Credit card (automatic),81.25,56,active,2021-12-22,
9298-WGMRW,Pro,Two year,Annual,Bank transfer (automatic),115.5,72,active,2020-09-14,
2369-UAPKZ,Basic,Month-to-month,Monthly,Mailed check,104.1,5,cancelled,2026-03-23,2026-07-30
3088-LHEFH,Basic,Month-to-month,Monthly,Bank transfer (automatic),79.0,11,active,2025-09-26,
2778-OCLGR,Basic,Month-to-month,Monthly,Bank transfer (automatic),39.1,24,cancelled,2024-09-09,2026-08-25
6583-KQJLK,Basic,Month-to-month,Monthly,Electronic check,94.65,15,active,2025-05-25,
8544-JNBOX,Pro,Two year,Annual,Mailed check,20.8,72,active,2020-08-25,
6681-ZSEXG,Pro,Two year,Annual,Credit card (automatic),59.5,56,active,2021-12-21,
6139-ZZRBQ,Pro,Two year,Annual,Bank transfer (automatic),20.05,64,active,2021-05-11,
6116-RFVHN,Basic,Month-to-month,Monthly,Electronic check,100.45,34,active,2023-10-22,
0637-KVDLV,Basic,Month-to-month,Monthly,Electronic check,76.5,2,cancelled,2026-06-26,2026-07-21
8884-FEEWR,Standard,One year,Annual,Bank transfer (automatic),20.6,35,active,2023-10-07,
3125-RAHBV,Standard,One year,Annual,Credit card (automatic),20.3,22,active,2024-11-06,
6633-MPWBS,Basic,Month-to-month,Monthly,Electronic check,49.2,5,cancelled,2026-04-10,2026-09-15
0373-AIVNJ,Standard,One year,Annual,Mailed check,39.55,9,active,2025-12-03,
8785-EPNCG,Basic,Month-to-month,Monthly,Credit card (automatic),23.15,11,cancelled,2025-09-21,2026-09-04
1682-VCOIO,Standard,One year,Annual,Mailed check,20.45,23,active,2024-09-21,
5729-KLZAR,Basic,Month-to-month,Monthly,Electronic check,80.85,4,cancelled,2026-05-14,2026-08-04
2072-ZVJJX,Pro,Two year,Annual,Bank transfer (automatic),25.25,68,active,2021-01-13,
8849-AYPTR,Basic,Month-to-month,Monthly,Electronic check,91.25,33,active,2023-12-16,
9518-IMLHK,Basic,Month-to-month,Monthly,Bank transfer (automatic),72.45,31,active,2024-01-29,
1582-RAFML,Basic,Month-to-month,Monthly,Mailed check,60.1,1,cancelled,2026-08-08,2026-08-01
3646-ITDGM,Pro,Two year,Annual,Bank transfer (automatic),19.7,56,active,2021-12-25,
8740-CRYFY,Basic,Month-to-month,Monthly,Electronic check,78.95,1,cancelled,2026-07-26,2026-09-11
3569-VLDHH,Standard,One year,Annual,Electronic check,75.1,66,active,2021-03-12,
8224-KDLKN,Pro,Two year,Annual,Bank transfer (automatic),25.0,72,active,2020-08-27,
7594-LZNWR,Basic,Month-to-month,Monthly,Credit card (automatic),69.15,34,active,2023-10-26,
4001-TSBTV,Basic,Month-to-month,Monthly,Electronic check,91.55,58,active,2021-10-18,
2962-XPMCQ,Basic,Month-to-month,Monthly,Electronic check,45.15,2,cancelled,2026-06-27,2026-09-06
8727-XDPUD,Pro,Two year,Annual,Credit card (automatic),35.8,37,active,2023-08-07,
1043-UXOVO,Pro,Two year,Annual,Credit card (automatic),113.15,71,active,2020-09-17,
1064-FBXNK,Standard,One year,Annual,Credit card (automatic),19.85,1,active,2026-08-09,
3996-ZNWYK,Pro,Two year,Annual,Credit card (automatic),19.8,71,active,2020-09-22,
2878-DHMIN,Standard,One year,Annual,Electronic check,19.9,35,active,2023-10-06,
7762-ONLJY,Standard,One year,Annual,Mailed check,19.7,6,active,2026-02-18,
1678-FYZOW,Basic,Month-to-month,Monthly,Electronic check,79.4,3,cancelled,2026-05-25,2026-08-27
5795-BKOYE,Standard,One year,Annual,Bank transfer (automatic),59.1,69,active,2020-11-29,
8627-EHGIP,Standard,One year,Annual,Mailed check,53.95,44,cancelled,2023-01-10,2026-09-13
7402-PWYJJ,Standard,One year,Annual,Electronic check,91.15,53,active,2022-04-12,
5480-TBGPH,Basic,Month-to-month,Monthly,Credit card (automatic),99.3,24,cancelled,2024-08-19,2026-07-31
0018-NYROU,Basic,Month-to-month,Monthly,Electronic check,68.95,5,active,2026-03-24,
7501-VTYLJ,Basic,Month-to-month,Monthly,Mailed check,51.55,2,active,2026-07-03,
7608-RGIRO,Pro,Two year,Annual,Mailed check,24.4,62,active,2021-06-21,
0480-BIXDE,Basic,Month-to-month,Monthly,Electronic check,96.8,19,active,2025-01-23,
5895-QSXOD,Basic,Month-to-month,Monthly,Mailed check,70.05,9,active,2025-12-06,
9814-AOUDH,Pro,Two year,Annual,Credit card (automatic),19.5,53,active,2022-03-24,
6175-IRFIT,Basic,Month-to-month,Monthly,Mailed check,78.75,5,active,2026-03-25,
8760-ZRHKE,Standard,One year,Annual,Electronic check,69.2,71,active,2020-10-02,
1622-HSHSF,Basic,Month-to-month,Monthly,Mailed check,19.55,1,active,2026-08-17,
8854-CCVSQ,Basic,Month-to-month,Monthly,Electronic check,80.65,18,cancelled,2025-02-24,2026-08-07
6749-UTDVX,Pro,Two year,Annual,Electronic check,103.65,72,active,2020-09-06,
5542-DHSXL,Basic,Month-to-month,Monthly,Mailed check,54.7,4,active,2026-05-08,
9102-OXKFY,Pro,Two year,Annual,Credit card (automatic),54.15,59,active,2021-09-26,
0511-JTEOY,Basic,Month-to-month,Monthly,Mailed check,71.1,1,cancelled,2026-07-24,2026-08-02
5216-WASFJ,Basic,Month-to-month,Monthly,Electronic check,84.85,31,active,2024-02-14,
7808-DVWEP,Basic,Month-to-month,Monthly,Bank transfer (automatic),20.0,3,active,2026-05-24,
7067-KSAZT,Standard,One year,Annual,Electronic check,106.25,65,cancelled,2021-04-09,2026-08-19
2284-VFLKH,Standard,One year,Annual,Credit card (automatic),99.25,49,active,2022-08-01,
0366-NQSHS,Basic,Month-to-month,Monthly,Mailed check,19.35,2,active,2026-06-22,
6532-YLWSI,Standard,One year,Annual,Bank transfer (automatic),20.8,53,cancelled,2022-04-11,2026-08-09
3807-BPOMJ,Standard,One year,Annual,Electronic check,94.75,55,active,2022-02-09,
3892-NXAZG,Pro,Two year,Annual,Credit card (automatic),114.05,72,active,2020-08-18,
4948-WBBKL,Basic,Month-to-month,Monthly,Bank transfer (automatic),74.9,36,active,2023-09-06,
4182-BGSIQ,Basic,Month-to-month,Monthly,Bank transfer (automatic),19.8,10,active,2025-10-19,
9300-AGZNL,Basic,Month-to-month,Monthly,Electronic check,94.0,1,cancelled,2026-08-07,2026-08-13
0988-AADSA,Pro,Two year,Annual,Bank transfer (automatic),80.85,72,active,2020-08-29,
9972-NKTFD,Basic,Month-to-month,Monthly,Bank transfer (automatic),54.65,28,active,2024-05-02,
3717-LNXKW,Basic,Month-to-month,Monthly,Bank transfer (automatic),91.7,38,active,2023-06-19,
5734-EJKXG,Standard,One year,Annual,Electronic check,118.6,61,active,2021-08-01,
2207-RYYRL,Pro,Two year,Annual,Mailed check,24.55,52,active,2022-05-03,
6729-FZWSY,Standard,One year,Annual,Mailed check,19.45,67,active,2021-02-02,
9695-IDRZR,Pro,Two year,Annual,Credit card (automatic),116.15,34,active,2023-11-06,
8144-DGHXP,Pro,Two year,Annual,Electronic check,80.6,54,active,2022-03-05,
7814-LEEVE,Basic,Month-to-month,Monthly,Bank transfer (automatic),20.3,1,active,2026-08-04,
1112-CUNAO,Basic,Month-to-month,Monthly,Electronic check,89.85,15,cancelled,2025-05-26,2026-08-06
5175-AOBHI,Basic,Month-to-month,Monthly,Mailed check,46.0,4,cancelled,2026-05-17,2026-08-20
5174-RNGBH,Basic,Month-to-month,Monthly,Mailed check,66.25,9,cancelled,2025-12-02,2026-08-08
8631-WUXGY,Basic,Month-to-month,Monthly,Electronic check,99.8,46,active,2022-10-31,
7270-BDIOA,Basic,Month-to-month,Monthly,Electronic check,90.0,22,cancelled,2024-10-25,2026-08-08
9565-JSNFM,Standard,One year,Annual,Bank transfer (automatic),70.45,38,cancelled,2023-06-29,2026-08-09
5906-DVAPM,Standard,One year,Annual,Credit card (automatic),75.0,55,active,2022-02-03,
6654-QGBZZ,Basic,Month-to-month,Monthly,Mailed check,19.9,1,active,2026-08-14,
8348-JLBUG,Standard,One year,Annual,Credit card (automatic),80.3,64,active,2021-05-06,
0607-DAAHE,Pro,Two year,Annual,Bank transfer (automatic),19.75,53,cancelled,2022-04-10,2026-07-26
5641-DMBFJ,Pro,Two year,Annual,Electronic check,84.3,58,active,2021-11-10,
9200-NLNPD,Standard,One year,Annual,Bank transfer (automatic),54.05,56,active,2021-12-26,
2664-XJZNO,Pro,Two year,Annual,Credit card (automatic),104.9,72,active,2020-09-02,
9732-KPKBW,Basic,Month-to-month,Monthly,Electronic check,53.95,1,cancelled,2026-07-25,2026-08-26
3339-EAQNV,Standard,One year,Annual,Credit card (automatic),97.25,72,active,2020-09-12,
0921-OHLVP,Basic,Month-to-month,Monthly,Electronic check,83.05,22,active,2024-10-18,
3389-YGYAI,Basic,Month-to-month,Monthly,Electronic check,105.5,8,cancelled,2026-01-02,2026-07-26
9560-ARGQJ,Basic,Month-to-month,Monthly,Electronic check,81.0,16,cancelled,2025-05-10,2026-09-14
8350-NYMVI,Basic,Month-to-month,Monthly,Bank transfer (automatic),41.1,39,active,2023-06-07,
1600-DILPE,Basic,Month-to-month,Monthly,Bank transfer (automatic),45.0,12,active,2025-08-22,
0536-ESJEP,Pro,Two year,Annual,Bank transfer (automatic),74.55,54,active,2022-02-25,
4654-GGUII,Standard,One year,Annual,Mailed check,40.2,18,active,2025-03-13,
6478-HRRCZ,Standard,One year,Annual,Mailed check,70.5,32,active,2023-12-18,
8510-BBWMU,Standard,One year,Annual,Mailed check,19.75,41,active,2023-04-14,
6857-TKDJV,Pro,Two year,Annual,Bank transfer (automatic),24.65,67,active,2021-02-07,
2360-RDGRO,Basic,Month-to-month,Monthly,Electronic check,104.25,65,active,2021-03-27,
0584-BJQGZ,Basic,Month-to-month,Monthly,Bank transfer (automatic),78.35,25,active,2024-08-01,
5134-IKDAY,Basic,Month-to-month,Monthly,Electronic check,69.8,1,cancelled,2026-08-04,2026-08-18
1360-XFJMR,Standard,One year,Annual,Credit card (automatic),109.7,67,active,2021-01-19,
3070-DVEYC,Basic,Month-to-month,Monthly,Mailed check,73.75,7,cancelled,2026-01-23,2026-08-20
5730-RIITO,Basic,Month-to-month,Monthly,Credit card (automatic),33.45,43,active,2023-01-19,
9058-MJLZC,Basic,Month-to-month,Monthly,Electronic check,94.6,24,active,2024-09-08,
5707-ORNDZ,Basic,Month-to-month,Monthly,Electronic check,54.55,9,cancelled,2025-11-22,2026-07-26
0902-XKXPN,Pro,Two year,Annual,Bank transfer (automatic),20.2,69,active,2020-12-10,
5177-RVZNU,Standard,One year,Annual,Bank transfer (automatic),20.3,37,active,2023-07-24,
0056-EPFBG,Pro,Two year,Annual,Credit card (automatic),39.4,20,active,2024-12-31,
8993-IZEUX,Basic,Month-to-month,Monthly,Bank transfer (automatic),69.15,7,active,2026-01-29,
8696-JKZNU,Basic,Month-to-month,Monthly,Electronic check,76.25,37,cancelled,2023-08-14,2026-09-13
5380-AFSSK,Basic,Month-to-month,Monthly,Mailed check,93.9,5,cancelled,2026-03-22,2026-09-03
8190-ZTQFB,Standard,One year,Annual,Electronic check,51.35,41,active,2023-04-09,
0931-MHTEM,Standard,One year,Annual,Credit card (automatic),100.05,54,active,2022-03-01,
2055-PDADH,Basic,Month-to-month,Monthly,Electronic check,70.4,3,cancelled,2026-06-13,2026-08-19
7515-LODFU,Pro,Two year,Annual,Credit card (automatic),20.3,69,active,2020-11-19,
0440-UEDAI,Standard,One year,Annual,Credit card (automatic),94.45,53,active,2022-04-08,
1337-BOZWO,Standard,One year,Annual,Credit card (automatic),46.4,18,active,2025-02-24,
0868-VJRDR,Pro,Two year,Annual,Credit card (automatic),104.05,64,active,2021-04-25,
8714-EUHJO,Basic,Month-to-month,Monthly,Electronic check,91.15,31,cancelled,2024-01-31,2026-07-29
6344-SFJVH,Basic,Month-to-month,Monthly,Credit card (automatic),24.9,20,active,2025-01-13,
3950-VPYJB,Standard,One year,Annual,Mailed check,59.6,57,active,2021-12-08,
8041-TMEID,Pro,Two year,Annual,Credit card (automatic),108.5,63,active,2021-05-30,
7321-ZNSLA,Pro,Two year,Annual,Mailed check,40.55,13,active,2025-08-01,
6941-KXRRV,Standard,One year,Annual,Bank transfer (automatic),58.95,48,active,2022-08-30,
3721-CNEYS,Basic,Month-to-month,Monthly,Electronic check,70.95,2,cancelled,2026-07-11,2026-08-19
8727-JQFHV,Pro,Two year,Annual,Mailed check,20.75,57,active,2021-11-30,
9475-NNDGC,Standard,One year,Annual,Bank transfer (automatic),113.15,71,active,2020-10-14,
1355-KUSBG,Basic,Month-to-month,Monthly,Electronic check,48.8,7,active,2026-02-01,
3688-FTHLT,Basic,Month-to-month,Monthly,Bank transfer (automatic),63.05,16,active,2025-05-15,
0899-LIIBW,Basic,Month-to-month,Monthly,Electronic check,100.85,34,active,2023-10-29,
2568-OIADY,Basic,Month-to-month,Monthly,Electronic check,99.5,37,cancelled,2023-07-31,2026-08-09
1384-RCUXW,Basic,Month-to-month,Monthly,Mailed check,80.55,16,active,2025-04-22,
5825-XJOCM,Standard,One year,Annual,Bank transfer (automatic),64.4,48,active,2022-09-03,
6848-YLDFR,Standard,One year,Annual,Credit card (automatic),75.2,58,active,2021-11-12,
8125-QPFJD,Pro,Two year,Annual,Bank transfer (automatic),84.9,72,active,2020-09-09,
2320-YKQBO,Basic,Month-to-month,Monthly,Mailed check,19.3,7,active,2026-01-22,
1193-RTSLK,Basic,Month-to-month,Monthly,Credit card (automatic),83.9,38,cancelled,2023-06-20,2026-09-05
2302-ANTDP,Basic,Month-to-month,Monthly,Electronic check,117.45,48,cancelled,2022-09-15,2026-07-22
5923-GXUOC,Basic,Month-to-month,Monthly,Electronic check,104.4,10,cancelled,2025-10-27,2026-07-31
4973-RLZVI,Standard,One year,Annual,Credit card (automatic),74.65,30,active,2024-03-03,
7869-ZYDST,Basic,Month-to-month,Monthly,Credit card (automatic),59.05,31,active,2024-02-09,
4501-UYKBC,Standard,One year,Annual,Credit card (automatic),69.1,46,active,2022-11-01,
1215-EXRMO,Pro,Two year,Annual,Mailed check,20.55,50,active,2022-06-19,
2305-MRGLV,Basic,Month-to-month,Monthly,Bank transfer (automatic),76.55,28,active,2024-05-12,
8404-VIOMB,Pro,Two year,Annual,Bank transfer (automatic),62.5,66,active,2021-02-20,
5233-GEEAX,Basic,Month-to-month,Monthly,Electronic check,29.4,8,cancelled,2026-01-14,2026-09-13
2359-KLTEK,Basic,Month-to-month,Monthly,Bank transfer (automatic),94.9,41,active,2023-03-27,
5304-EFJLP,Pro,Two year,Annual,Bank transfer (automatic),111.65,72,active,2020-09-14,
2673-ZALNP,Standard,One year,Annual,Mailed check,19.9,7,active,2026-02-14,
9184-GALIL,Basic,Month-to-month,Monthly,Mailed check,20.45,38,active,2023-07-17,
4393-RYCRE,Standard,One year,Annual,Electronic check,106.05,44,active,2022-12-23,
9746-MDMBK,Standard,One year,Annual,Bank transfer (automatic),113.45,47,active,2022-09-30,
3162-ZJZFU,Basic,Month-to-month,Monthly,Electronic check,92.55,53,active,2022-03-28,
8404-GFGCZ,Basic,Month-to-month,Monthly,Electronic check,65.6,4,active,2026-05-14,
8875-AKBYH,Basic,Month-to-month,Monthly,Electronic check,84.35,20,active,2024-12-20,
4432-ADRLB,Basic,Month-to-month,Monthly,Mailed check,44.65,2,cancelled,2026-06-24,2026-08-05
0533-UCAAU,Standard,One year,Annual,Credit card (automatic),71.1,57,active,2021-12-02,
1394-SUIUH,Basic,Month-to-month,Monthly,Electronic check,85.15,44,active,2022-12-21,
3521-MNKLV,Basic,Month-to-month,Monthly,Mailed check,49.7,24,active,2024-09-12,
2533-TIBIX,Basic,Month-to-month,Monthly,Bank transfer (automatic),30.2,15,active,2025-06-09,
8993-PHFWD,Basic,Month-to-month,Monthly,Electronic check,25.25,3,cancelled,2026-06-16,2026-09-08
1565-RHDJD,Basic,Month-to-month,Monthly,Bank transfer (automatic),84.05,4,cancelled,2026-05-14,2026-08-13
7137-RYLPP,Basic,Month-to-month,Monthly,Electronic check,85.7,37,cancelled,2023-07-23,2026-08-05
3765-JXVKY,Basic,Month-to-month,Monthly,Electronic check,74.7,1,cancelled,2026-08-05,2026-07-23
5092-STPKP,Basic,Month-to-month,Monthly,Credit card (automatic),56.35,24,active,2024-08-28,
7330-WZLNC,Basic,Month-to-month,Monthly,Electronic check,90.8,5,cancelled,2026-03-22,2026-09-11
0114-PEGZZ,Basic,Month-to-month,Monthly,Electronic check,107.55,33,active,2023-11-25,
3359-DSRKA,Pro,Two year,Annual,Mailed check,19.85,58,active,2021-11-05,
8639-NHQEI,Pro,Two year,Annual,Bank transfer (automatic),95.9,72,active,2020-09-06,
7161-DFHUF,Pro,Two year,Annual,Mailed check,23.85,71,active,2020-10-13,
3957-LXOLK,Basic,Month-to-month,Monthly,Electronic check,106.15,28,cancelled,2024-04-23,2026-08-30
3720-DBRWL,Pro,Two year,Annual,Credit card (automatic),83.85,51,active,2022-05-19,
6635-MYYYZ,Standard,One year,Annual,Bank transfer (automatic),85.35,30,cancelled,2024-03-02,2026-08-06
8565-WUXZU,Pro,Two year,Annual,Credit card (automatic),84.8,72,active,2020-09-02,
5281-BUZGT,Basic,Month-to-month,Monthly,Electronic check,90.85,36,cancelled,2023-08-23,2026-08-31
4994-OBRSZ,Pro,Two year,Annual,Bank transfer (automatic),76.1,14,active,2025-07-07,
0562-FGDCR,Pro,Two year,Annual,Mailed check,74.55,72,active,2020-09-04,
2436-QBZFP,Basic,Month-to-month,Monthly,Electronic check,39.2,22,active,2024-10-21,
3420-YJLQT,Basic,Month-to-month,Monthly,Electronic check,79.55,2,active,2026-07-07,
6040-CGACY,Basic,Month-to-month,Monthly,Mailed check,19.6,15,active,2025-05-21,
6582-PLFUU,Pro,Two year,Annual,Credit card (automatic),19.55,51,active,2022-06-13,
8242-PDSGJ,Pro,Two year,Annual,Credit card (automatic),39.15,70,active,2020-11-02,
0264-CNITK,Pro,Two year,Annual,Bank transfer (automatic),20.1,71,active,2020-10-02,
0089-IIQKO,Basic,Month-to-month,Monthly,Credit card (automatic),99.95,39,active,2023-06-08,
7839-NUIAA,Basic,Month-to-month,Monthly,Electronic check,59.8,61,active,2021-07-20,
6075-QMNRR,Basic,Month-to-month,Monthly,Bank transfer (automatic),49.75,52,active,2022-05-04,
5378-IKEEG,Basic,Month-to-month,Monthly,Electronic check,35.75,1,cancelled,2026-07-22,2026-08-04
5966-EMAZU,Standard,One year,Annual,Mailed check,108.5,64,active,2021-05-11,
0440-EKDCF,Pro,Two year,Annual,Credit card (automatic),60.15,62,active,2021-07-07,
4774-HHGGS,Pro,Two year,Annual,Mailed check,19.05,30,active,2024-03-03,
2718-GAXQD,Basic,Month-to-month,Monthly,Electronic check,46.0,4,cancelled,2026-05-02,2026-09-05
2055-BFOCC,Standard,One year,Annual,Bank transfer (automatic),84.0,63,active,2021-06-11,
8180-AKMJV,Basic,Month-to-month,Monthly,Credit card (automatic),44.55,1,active,2026-08-08,
4298-OYIFC,Basic,Month-to-month,Monthly,Electronic check,103.45,15,active,2025-05-30,
5566-SOEZD,Standard,One year,Annual,Credit card (automatic),80.65,27,active,2024-06-09,
9842-EFSYY,Basic,Month-to-month,Monthly,Mailed check,57.2,4,active,2026-04-26,
2272-WUSPA,Pro,Two year,Annual,Electronic check,110.75,72,active,2020-09-02,
4584-LBNMK,Standard,One year,Annual,Credit card (automatic),24.7,45,active,2022-11-18,
3898-GUYTS,Basic,Month-to-month,Monthly,Electronic check,97.05,45,active,2022-12-10,
0930-EHUZA,Standard,One year,Annual,Mailed check,76.35,36,active,2023-08-23,
6413-XKKPU,Basic,Month-to-month,Monthly,Electronic check,89.4,17,cancelled,2025-04-03,2026-09-06
9975-SKRNR,Basic,Month-to-month,Monthly,Mailed check,18.9,1,active,2026-08-15,
3703-KBKZP,Basic,Month-to-month,Monthly,Bank transfer (automatic),74.45,16,active,2025-04-26,
1449-XQEMT,Basic,Month-to-month,Monthly,Mailed check,19.8,3,cancelled,2026-06-11,2026-08-14
2626-URJFX,Basic,Month-to-month,Monthly,Electronic check,50.9,4,cancelled,2026-05-14,2026-08-06
4973-MGTON,Pro,Two year,Annual,Credit card (automatic),84.4,71,active,2020-10-01,
3682-YEUWS,Basic,Month-to-month,Monthly,Mailed check,24.4,10,active,2025-10-24,
1223-UNPKS,Pro,Two year,Annual,Mailed check,20.05,20,active,2025-01-09,
2612-RRIDN,Basic,Month-to-month,Monthly,Electronic check,81.0,4,cancelled,2026-04-30,2026-09-03
4735-ASGMA,Basic,Month-to-month,Monthly,Electronic check,98.35,26,cancelled,2024-07-17,2026-07-26
3446-QDSZF,Basic,Month-to-month,Monthly,Credit card (automatic),55.5,4,active,2026-05-13,
3669-LVWZB,Basic,Month-to-month,Monthly,Mailed check,51.0,5,cancelled,2026-03-26,2026-07-26
6892-EZDTG,Basic,Month-to-month,Monthly,Electronic check,91.65,4,cancelled,2026-05-18,2026-09-11
5117-IFGPS,Basic,Month-to-month,Monthly,Electronic check,84.3,29,active,2024-04-07,
7379-FNIUJ,Basic,Month-to-month,Monthly,Electronic check,100.2,2,active,2026-07-03,
1627-AFWVJ,Pro,Two year,Annual,Mailed check,19.4,29,active,2024-04-16,
9725-SCPZG,Basic,Month-to-month,Monthly,Electronic check,90.85,1,cancelled,2026-07-19,2026-08-29
5884-GCYMI,Basic,Month-to-month,Monthly,Mailed check,69.4,1,cancelled,2026-08-02,2026-08-14
3217-FZDMN,Basic,Month-to-month,Monthly,Credit card (automatic),94.45,8,cancelled,2026-01-06,2026-08-18
4486-EFAEB,Basic,Month-to-month,Monthly,Electronic check,20.4,13,active,2025-07-19,
0060-FUALY,Basic,Month-to-month,Monthly,Electronic check,94.75,59,active,2021-10-01,
7853-GVUDZ,Basic,Month-to-month,Monthly,Credit card (automatic),20.15,1,cancelled,2026-07-28,2026-08-31
7480-QNVZJ,Basic,Month-to-month,Monthly,Electronic check,95.7,50,cancelled,2022-07-15,2026-08-15
6954-OOYZZ,Basic,Month-to-month,Monthly,Bank transfer (automatic),44.35,18,active,2025-03-14,
7088-FBAWU,Basic,Month-to-month,Monthly,Mailed check,74.55,17,active,2025-04-16,
8313-AFGBW,Pro,Two year,Annual,Electronic check,73.6,47,active,2022-10-02,
3943-KDREE,Basic,Month-to-month,Monthly,Bank transfer (automatic),74.95,26,cancelled,2024-06-22,2026-07-21
9239-ZBZZV,Basic,Month-to-month,Monthly,Electronic check,47.95,6,cancelled,2026-02-19,2026-08-28
3097-IDVPU,Basic,Month-to-month,Monthly,Credit card (automatic),50.1,19,active,2025-01-29,
4398-HSCJH,Basic,Month-to-month,Monthly,Electronic check,63.6,3,cancelled,2026-06-16,2026-09-03
2197-OMWGI,Pro,Two year,Annual,Electronic check,53.0,68,active,2020-12-29,
2303-PJYHN,Basic,Month-to-month,Monthly,Bank transfer (automatic),19.85,2,active,2026-06-29,
9795-VOWON,Standard,One year,Annual,Credit card (automatic),24.35,7,active,2026-01-29,
1237-WIYYZ,Basic,Month-to-month,Monthly,Mailed check,19.55,18,active,2025-02-25,
1987-AUELQ,Pro,Two year,Annual,Credit card (automatic),25.05,71,active,2020-09-30,
7852-LECYP,Basic,Month-to-month,Monthly,Credit card (automatic),93.8,13,active,2025-07-27,
4430-UZIPO,Basic,Month-to-month,Monthly,Mailed check,36.85,3,cancelled,2026-06-03,2026-08-03
4822-LPTYJ,Pro,Two year,Annual,Bank transfer (automatic),103.75,72,active,2020-09-12,
8165-CBKXO,Pro,Two year,Annual,Credit card (automatic),56.75,66,active,2021-03-15,
6527-PZFPV,Standard,One year,Annual,Credit card (automatic),20.8,24,active,2024-08-20,
4855-SNKMY,Basic,Month-to-month,Monthly,Electronic check,44.1,1,cancelled,2026-08-04,2026-08-13
9593-CVZKR,Pro,Two year,Annual,Mailed check,24.45,56,active,2022-01-07,
8595-SIZNC,Standard,One year,Annual,Bank transfer (automatic),25.6,22,active,2024-11-08,
8008-HAWED,Basic,Month-to-month,Monthly,Electronic check,50.75,14,cancelled,2025-07-16,2026-08-06
7124-UGSUR,Standard,One year,Annual,Credit card (automatic),104.4,61,cancelled,2021-07-20,2026-08-08
1862-SKORY,Basic,Month-to-month,Monthly,Electronic check,39.3,40,cancelled,2023-05-16,2026-08-02
5236-XMZJY,Basic,Month-to-month,Monthly,Bank transfer (automatic),59.65,42,active,2023-03-12,
4827-DPADN,Pro,Two year,Annual,Bank transfer (automatic),83.3,72,active,2020-09-03,
2694-CIUMO,Basic,Month-to-month,Monthly,Credit card (automatic),79.55,12,active,2025-09-06,
5846-ABOBJ,Pro,Two year,Annual,Bank transfer (automatic),24.45,71,active,2020-10-15,
1439-LCGVL,Standard,One year,Annual,Mailed check,19.2,26,active,2024-07-08,
0909-SDHNU,Basic,Month-to-month,Monthly,Mailed check,29.8,7,active,2026-01-23,
4647-XXZAM,Basic,Month-to-month,Monthly,Mailed check,45.5,6,active,2026-03-11,
1502-XFCVR,Standard,One year,Annual,Electronic check,106.45,58,cancelled,2021-10-22,2026-08-03
7740-KKCXF,Basic,Month-to-month,Monthly,Credit card (automatic),30.05,51,active,2022-06-07,
5360-XGYAZ,Pro,Two year,Annual,Bank transfer (automatic),65.65,72,active,2020-09-16,
9692-TUSXH,Basic,Month-to-month,Monthly,Electronic check,96.05,18,cancelled,2025-03-15,2026-08-11
7912-SYRQT,Basic,Month-to-month,Monthly,Bank transfer (automatic),75.1,7,cancelled,2026-01-22,2026-08-20
3557-HTYWR,Pro,Two year,Annual,Mailed check,74.05,47,active,2022-10-05,
4816-JBHOV,Basic,Month-to-month,Monthly,Electronic check,44.7,2,cancelled,2026-06-19,2026-08-19
8920-NAVAY,Standard,One year,Annual,Bank transfer (automatic),110.75,62,active,2021-06-24,
1699-TLDLZ,Pro,Two year,Annual,Mailed check,19.7,16,active,2025-05-17,
5600-PDUJF,Basic,Month-to-month,Monthly,Credit card (automatic),49.5,6,active,2026-03-09,
8292-TYSPY,Basic,Month-to-month,Monthly,Credit card (automatic),55.0,19,cancelled,2025-01-25,2026-08-31
0567-XRHCU,Pro,Two year,Annual,Credit card (automatic),43.95,69,active,2020-12-15,
1867-BDVFH,Basic,Month-to-month,Monthly,Electronic check,74.35,11,cancelled,2025-09-18,2026-08-20
2067-QYTCF,Basic,Month-to-month,Monthly,Electronic check,111.15,64,active,2021-05-13,
2359-QWQUL,Standard,One year,Annual,Credit card (automatic),104.7,39,cancelled,2023-05-25,2026-08-11
9103-TCIHJ,Basic,Month-to-month,Monthly,Mailed check,55.7,15,cancelled,2025-05-23,2026-08-04
7407-SUJIZ,Basic,Month-to-month,Monthly,Mailed check,20.6,25,active,2024-08-01,
9150-KPBJQ,Pro,Two year,Annual,Credit card (automatic),19.65,6,active,2026-02-22,
0052-DCKON,Standard,One year,Annual,Bank transfer (automatic),115.8,66,active,2021-02-19,
3654-ARMGP,Pro,Two year,Annual,Credit card (automatic),88.65,61,active,2021-07-26,
9699-UBQFS,Basic,Month-to-month,Monthly,Electronic check,94.5,43,active,2023-01-26,
9367-TCUYN,Basic,Month-to-month,Monthly,Mailed check,20.1,12,active,2025-09-05,
1261-FWTTE,Basic,Month-to-month,Monthly,Bank transfer (automatic),34.65,23,active,2024-10-08,
3528-HFRIQ,Basic,Month-to-month,Monthly,Bank transfer (automatic),52.3,71,active,2020-09-20,
0708-SJDIS,Basic,Month-to-month,Monthly,Mailed check,65.0,34,active,2023-11-11,
4140-WJAWW,Basic,Month-to-month,Monthly,Credit card (automatic),19.85,5,cancelled,2026-04-05,2026-08-01
2073-QBVBI,Standard,One year,Annual,Mailed check,35.45,41,active,2023-04-02,
6928-ONTRW,Pro,Two year,Annual,Credit card (automatic),19.7,72,active,2020-09-05,
3320-VEOYC,Basic,Month-to-month,Monthly,Electronic check,95.6,14,active,2025-07-06,
5231-FIQPA,Pro,Two year,Annual,Mailed check,19.85,41,active,2023-03-31,
6617-WLBQC,Standard,One year,Annual,Credit card (automatic),81.85,23,active,2024-10-07,
2599-CIPQE,Pro,Two year,Annual,Credit card (automatic),109.3,71,active,2020-09-17,
6653-CBBOM,Basic,Month-to-month,Monthly,Electronic check,70.3,1,cancelled,2026-08-12,2026-08-24
8774-GSBUN,Pro,Two year,Annual,Mailed check,25.4,72,active,2020-09-05,
7326-RIGQZ,Basic,Month-to-month,Monthly,Electronic check,69.8,6,active,2026-02-21,
1401-FTHFQ,Standard,One year,Annual,Credit card (automatic),20.0,23,active,2024-10-02,
3247-ZVOUO,Basic,Month-to-month,Monthly,Electronic check,85.55,10,cancelled,2025-10-26,2026-08-03
0254-FNMCI,Pro,Two year,Annual,Electronic check,109.9,72,active,2020-08-28,
1848-LBZHY,Basic,Month-to-month,Monthly,Bank transfer (automatic),50.3,7,active,2026-02-06,
6101-IMRMM,Basic,Month-to-month,Monthly,Mailed check,94.5,6,cancelled,2026-02-24,2026-08-21
8118-TJAFG,Basic,Month-to-month,Monthly,Electronic check,101.5,9,active,2025-12-10,
5429-LWCMV,Basic,Month-to-month,Monthly,Electronic check,89.15,12,active,2025-08-25,
7298-IZWLY,Basic,Month-to-month,Monthly,Mailed check,19.4,1,active,2026-08-14,
9758-MFWGD,Standard,One year,Annual,Bank transfer (automatic),29.9,48,active,2022-08-27,
3955-JBZZM,Basic,Month-to-month,Monthly,Electronic check,78.8,20,active,2025-01-13,
1268-ASBGA,Basic,Month-to-month,Monthly,Credit card (automatic),85.35,16,cancelled,2025-04-21,2026-08-25
8943-URTMR,Basic,Month-to-month,Monthly,Mailed check,79.65,2,cancelled,2026-06-30,2026-09-06
4815-TUMEQ,Standard,One year,Annual,Mailed check,19.3,10,active,2025-11-15,
4713-LZDRV,Basic,Month-to-month,Monthly,Electronic check,79.6,2,cancelled,2026-07-15,2026-08-31
9909-IDLEK,Basic,Month-to-month,Monthly,Mailed check,96.8,20,active,2025-01-11,
4092-OFQZS,Standard,One year,Annual,Mailed check,20.65,20,active,2024-12-19,
1561-BWHIN,Standard,One year,Annual,Mailed check,19.8,19,active,2025-01-29,
4325-NFSKC,Basic,Month-to-month,Monthly,Electronic check,90.6,19,cancelled,2025-02-07,2026-08-06
9927-DSWDF,Basic,Month-to-month,Monthly,Electronic check,104.6,22,active,2024-11-08,
9500-LTVBP,Basic,Month-to-month,Monthly,Credit card (automatic),80.05,35,active,2023-10-17,
7252-NTGSS,Basic,Month-to-month,Monthly,Mailed check,45.15,1,active,2026-08-11,
8149-AIQCG,Basic,Month-to-month,Monthly,Credit card (automatic),73.15,39,active,2023-05-23,
1360-JYXKQ,Standard,One year,Annual,Electronic check,99.1,54,active,2022-03-01,
2955-PSXOE,Basic,Month-to-month,Monthly,Bank transfer (automatic),20.2,1,cancelled,2026-08-06,2026-09-03
7762-URZQH,Pro,Two year,Annual,Credit card (automatic),106.05,66,cancelled,2021-03-17,2026-09-11
0899-WZRSD,Basic,Month-to-month,Monthly,Mailed check,105.35,56,active,2022-01-06,
3255-GRXMG,Basic,Month-to-month,Monthly,Credit card (automatic),45.65,18,active,2025-03-07,
4828-FAZPK,Basic,Month-to-month,Monthly,Credit card (automatic),79.95,16,active,2025-05-14,
6094-ZIVKX,Standard,One year,Annual,Credit card (automatic),54.45,68,active,2020-12-29,
6925-BAYGL,Pro,Two year,Annual,Credit card (automatic),25.1,53,active,2022-03-29,
3262-EIDHV,Pro,Two year,Annual,Credit card (automatic),84.7,72,active,2020-08-18,
7354-OIJLX,Basic,Month-to-month,Monthly,Electronic check,75.85,9,active,2025-12-07,
1376-HHBDV,Basic,Month-to-month,Monthly,Mailed check,48.8,30,active,2024-03-09,
6907-NZZIJ,Basic,Month-to-month,Monthly,Electronic check,99.15,36,cancelled,2023-08-24,2026-08-30
6133-OZILE,Basic,Month-to-month,Monthly,Electronic check,35.2,18,active,2025-03-08,
4135-FRWKJ,Standard,One year,Annual,Electronic check,76.25,55,active,2022-01-28,
2911-UREFD,Basic,Month-to-month,Monthly,Electronic check,55.9,39,cancelled,2023-05-26,2026-07-19
3744-ZRRDZ,Basic,Month-to-month,Monthly,Electronic check,82.35,21,cancelled,2024-11-20,2026-09-07
5673-TIYIB,Basic,Month-to-month,Monthly,Credit card (automatic),40.4,2,cancelled,2026-07-09,2026-09-07
6551-ZCOTS,Standard,One year,Annual,Bank transfer (automatic),24.9,33,active,2023-11-29,
7191-ADRGF,Pro,Two year,Annual,Bank transfer (automatic),54.3,44,active,2023-01-13,
5018-LXQQG,Basic,Month-to-month,Monthly,Bank transfer (automatic),66.3,30,active,2024-02-23,
6892-BOGQE,Pro,Two year,Annual,Bank transfer (automatic),20.9,71,active,2020-10-15,
1602-IJQQE,Basic,Month-to-month,Monthly,Electronic check,75.35,4,cancelled,2026-04-28,2026-08-23
4628-WQCQQ,Standard,One year,Annual,Electronic check,85.15,35,cancelled,2023-10-11,2026-08-24
1746-TGTWV,Basic,Month-to-month,Monthly,Credit card (automatic),75.35,1,active,2026-08-04,
5995-SNNEW,Basic,Month-to-month,Monthly,Electronic check,104.45,23,active,2024-10-14,
8050-WYBND,Standard,One year,Annual,Credit card (automatic),49.45,22,active,2024-10-27,
2821-WARNZ,Standard,One year,Annual,Credit card (automatic),19.45,49,active,2022-08-03,
4879-GZLFH,Basic,Month-to-month,Monthly,Electronic check,92.15,42,active,2023-02-27,
1644-IRKSF,Standard,One year,Annual,Electronic check,93.8,33,cancelled,2023-12-07,2026-07-23
8314-HTWVE,Pro,Two year,Annual,Mailed check,19.85,7,active,2026-02-15,
9402-ROUMJ,Standard,One year,Annual,Bank transfer (automatic),100.25,67,active,2021-01-29,
2507-QZPQS,Basic,Month-to-month,Monthly,Electronic check,95.7,15,active,2025-05-28,
7159-NOKYQ,Pro,Two year,Annual,Electronic check,93.15,67,active,2021-01-27,
5707-ZMDJP,Pro,Two year,Annual,Mailed check,69.7,53,active,2022-04-10,
8779-YIQQA,Standard,One year,Annual,Mailed check,19.8,21,active,2024-11-25,
7136-IHZJA,Basic,Month-to-month,Monthly,Mailed check,71.35,40,active,2023-05-02,
8966-OIQHG,Standard,One year,Annual,Bank transfer (automatic),20.75,22,active,2024-11-10,
7074-STDCN,Basic,Month-to-month,Monthly,Electronic check,40.6,39,active,2023-06-14,
3705-PSNGL,Standard,One year,Annual,Electronic check,20.4,45,cancelled,2022-12-08,2026-09-01
8739-QOTTN,Basic,Month-to-month,Monthly,Mailed check,20.35,2,active,2026-07-18,
1399-OUPJN,Pro,Two year,Annual,Bank transfer (automatic),19.75,57,active,2021-11-25,
0277-BKSQP,Basic,Month-to-month,Monthly,Electronic check,54.4,8,active,2026-01-16,
6502-HCJTI,Basic,Month-to-month,Monthly,Credit card (automatic),94.7,7,cancelled,2026-02-14,2026-08-22
2606-RMDHZ,Basic,Month-to-month,Monthly,Credit card (automatic),30.5,6,cancelled,2026-03-14,2026-08-29
5774-XZTQC,Basic,Month-to-month,Monthly,Mailed check,20.45,7,active,2026-02-06,
2676-SSLTO,Pro,Two year,Annual,Bank transfer (automatic),66.15,49,active,2022-08-17,
6266-QHOJZ,Standard,One year,Annual,Electronic check,89.85,65,active,2021-03-30,
7269-JISCY,Standard,One year,Annual,Bank transfer (automatic),45.05,55,active,2022-02-12,
0363-SVHYR,Pro,Two year,Annual,Bank transfer (automatic),86.85,71,active,2020-09-22,
8547-NSBBO,Basic,Month-to-month,Monthly,Mailed check,96.75,35,active,2023-10-01,
8258-GSTJK,Basic,Month-to-month,Monthly,Electronic check,77.0,3,cancelled,2026-06-15,2026-09-01
6861-OKBCE,Basic,Month-to-month,Monthly,Credit card (automatic),20.1,11,cancelled,2025-10-05,2026-08-27
9940-RHLFB,Basic,Month-to-month,Monthly,Electronic check,75.3,1,cancelled,2026-08-13,2026-08-31
6591-QGOYB,Basic,Month-to-month,Monthly,Bank transfer (automatic),106.65,17,active,2025-03-19,
9070-BCKQP,Pro,Two year,Annual,Credit card (automatic),110.15,72,active,2020-08-30,
6421-SZVEM,Standard,One year,Annual,Bank transfer (automatic),82.85,28,active,2024-04-23,
1328-EUZHC,Pro,Two year,Annual,Mailed check,20.1,18,active,2025-03-07,
2995-UPRYS,Standard,One year,Annual,Credit card (automatic),99.2,40,cancelled,2023-05-14,2026-08-04
8878-RYUKI,Basic,Month-to-month,Monthly,Electronic check,59.45,52,active,2022-05-11,
9633-DENPU,Basic,Month-to-month,Monthly,Bank transfer (automatic),58.6,47,active,2022-10-05,
7811-JIVPF,Basic,Month-to-month,Monthly,Credit card (automatic),49.7,23,active,2024-09-23,
7113-HIPFI,Pro,Two year,Annual,Mailed check,65.85,66,active,2021-03-05,
8541-QVFKM,Basic,Month-to-month,Monthly,Electronic check,73.5,8,active,2025-12-20,
6686-YPGHK,Basic,Month-to-month,Monthly,Mailed check,85.5,47,cancelled,2022-10-07,2026-07-31
1383-EZRWL,Basic,Month-to-month,Monthly,Mailed check,20.05,7,cancelled,2026-02-09,2026-09-05
9258-CNWAC,Pro,Two year,Annual,Credit card (automatic),113.65,71,active,2020-10-02,
5371-VYLSX,Basic,Month-to-month,Monthly,Electronic check,83.4,50,active,2022-07-14,
6374-AFWOX,Pro,Two year,Annual,Mailed check,65.65,46,active,2022-10-27,
4759-TRPLW,Basic,Month-to-month,Monthly,Electronic check,70.4,1,cancelled,2026-08-14,2026-08-17
5317-FLPJF,Pro,Two year,Annual,Bank transfer (automatic),61.35,66,active,2021-02-26,
7621-VPNET,Basic,Month-to-month,Monthly,Credit card (automatic),85.9,42,active,2023-03-07,
6034-YMTOB,Basic,Month-to-month,Monthly,Mailed check,75.65,5,active,2026-04-07,
8563-IIOXK,Standard,One year,Annual,Electronic check,49.75,7,cancelled,2026-01-28,2026-08-31
4903-CNOZC,Standard,One year,Annual,Credit card (automatic),70.9,29,active,2024-03-27,
4353-HYOJD,Basic,Month-to-month,Monthly,Mailed check,49.85,27,active,2024-05-21,
8020-BWHYL,Basic,Month-to-month,Monthly,Credit card (automatic),75.3,15,cancelled,2025-06-09,2026-07-26
7267-FRMJW,Pro,Two year,Annual,Mailed check,20.1,25,active,2024-07-23,
2982-VPSGI,Basic,Month-to-month,Monthly,Electronic check,94.0,11,cancelled,2025-09-22,2026-09-10
4188-FRABG,Basic,Month-to-month,Monthly,Electronic check,103.05,57,active,2021-11-17,
8199-ZLLSA,Standard,One year,Annual,Bank transfer (automatic),118.35,67,cancelled,2021-01-18,2026-08-22
4128-ETESU,Basic,Month-to-month,Monthly,Electronic check,99.7,47,active,2022-09-24,
0620-DLSLK,Basic,Month-to-month,Monthly,Mailed check,81.9,13,active,2025-08-09,
4625-EWPTF,Basic,Month-to-month,Monthly,Electronic check,30.45,8,cancelled,2025-12-27,2026-08-27
5980-NOPLP,Basic,Month-to-month,Monthly,Electronic check,96.1,44,cancelled,2022-12-24,2026-08-25
3850-OKINF,Standard,One year,Annual,Electronic check,66.2,71,active,2020-10-08,
6892-XPFPU,Basic,Month-to-month,Monthly,Electronic check,104.25,24,cancelled,2024-08-23,2026-07-22
8010-EZLOU,Basic,Month-to-month,Monthly,Electronic check,80.2,15,cancelled,2025-05-27,2026-08-15
1156-ZFYDO,Basic,Month-to-month,Monthly,Electronic check,19.75,1,active,2026-08-03,
3295-YVUSR,Basic,Month-to-month,Monthly,Mailed check,72.6,2,active,2026-06-23,
8016-NCFVO,Basic,Month-to-month,Monthly,Electronic check,116.5,55,active,2022-02-13,
4119-ZYPZY,Pro,Two year,Annual,Electronic check,106.8,71,active,2020-09-26,
5549-ZGHFB,Pro,Two year,Annual,Mailed check,24.95,50,active,2022-06-24,
7577-SWIFR,Basic,Month-to-month,Monthly,Electronic check,89.25,1,active,2026-08-16,
0303-WMMRN,Basic,Month-to-month,Monthly,Mailed check,19.25,5,active,2026-04-05,
6408-OTUBZ,Standard,One year,Annual,Bank transfer (automatic),104.55,66,active,2021-03-02,
5204-HMGYF,Standard,One year,Annual,Mailed check,87.2,49,active,2022-08-11,
1078-TDCRN,Basic,Month-to-month,Monthly,Electronic check,30.75,3,active,2026-05-22,
3727-OVPRY,Standard,One year,Annual,Credit card (automatic),25.7,66,active,2021-02-27,
3797-FKOGQ,Basic,Month-to-month,Monthly,Electronic check,86.2,11,active,2025-10-09,
7622-NXQZR,Basic,Month-to-month,Monthly,Credit card (automatic),30.1,28,active,2024-05-04,
6196-HBOBZ,Pro,Two year,Annual,Electronic check,99.35,65,active,2021-04-14,
3970-XGJDU,Pro,Two year,Annual,Credit card (automatic),19.2,62,active,2021-07-15,
7017-VFULY,Basic,Month-to-month,Monthly,Bank transfer (automatic),20.1,2,active,2026-06-26,
5562-YJQGT,Basic,Month-to-month,Monthly,Credit card (automatic),20.35,2,active,2026-06-19,
8807-OPMBM,Pro,Two year,Annual,Credit card (automatic),25.65,55,active,2022-02-07,
5439-WIKXB,Basic,Month-to-month,Monthly,Electronic check,94.55,41,active,2023-04-10,
9874-QLCLH,Basic,Month-to-month,Monthly,Electronic check,104.2,17,cancelled,2025-03-28,2026-08-24
8294-UIMBA,Standard,One year,Annual,Bank transfer (automatic),94.4,30,active,2024-03-02,
8109-YUOHE,Standard,One year,Annual,Mailed check,56.1,17,active,2025-04-13,
5840-NVDCG,Pro,Two year,Annual,Bank transfer (automatic),68.25,16,active,2025-04-27,
8092-NLTGF,Pro,Two year,Annual,Bank transfer (automatic),24.75,72,active,2020-09-10,
5928-QLDHB,Basic,Month-to-month,Monthly,Electronic check,76.25,9,active,2025-12-14,
9840-EFJQB,Basic,Month-to-month,Monthly,Electronic check,74.35,1,active,2026-08-04,
0696-UKTOX,Basic,Month-to-month,Monthly,Electronic check,54.15,23,active,2024-09-24,
4801-KFYKL,Basic,Month-to-month,Monthly,Bank transfer (automatic),19.45,8,active,2026-01-01,
3472-OAOOR,Basic,Month-to-month,Monthly,Mailed check,34.95,19,active,2025-01-27,
6135-OZQVA,Basic,Month-to-month,Monthly,Electronic check,53.65,7,active,2026-02-08,
8062-YBDOE,Basic,Month-to-month,Monthly,Electronic check,69.65,1,cancelled,2026-08-03,2026-07-30
2252-JHJGE,Standard,One year,Annual,Electronic check,104.0,61,active,2021-07-27,
4188-PCPIG,Pro,Two year,Annual,Credit card (automatic),70.35,57,active,2021-12-01,
6000-APYLU,Basic,Month-to-month,Monthly,Electronic check,80.8,9,cancelled,2025-12-10,2026-08-01
7105-BENQF,Standard,One year,Annual,Mailed check,64.85,15,active,2025-05-20,
7721-DVEKZ,Basic,Month-to-month,Monthly,Mailed check,19.65,1,active,2026-08-15,
3566-VVORZ,Basic,Month-to-month,Monthly,Bank transfer (automatic),45.9,12,active,2025-08-20,
9507-HSMMZ,Pro,Two year,Annual,Mailed check,20.0,54,active,2022-02-25,
2480-SQIOB,Basic,Month-to-month,Monthly,Electronic check,44.8,4,active,2026-05-15,
0947-IDHRQ,Basic,Month-to-month,Monthly,Mailed check,80.3,7,cancelled,2026-02-08,2026-09-07
7813-TKCVO,Standard,One year,Annual,Mailed check,20.35,20,active,2025-01-05,
0128-MKWSG,Basic,Month-to-month,Monthly,Mailed check,45.8,26,active,2024-06-19,
3672-YITQD,Basic,Month-to-month,Monthly,Electronic check,84.1,36,cancelled,2023-09-02,2026-08-19
4350-ZTLPI,Standard,One year,Annual,Bank transfer (automatic),108.95,53,active,2022-04-10,
9048-JVYVF,Basic,Month-to-month,Monthly,Electronic check,69.35,3,cancelled,2026-05-21,2026-08-22
0361-HJRDX,Pro,Two year,Annual,Credit card (automatic),64.35,68,active,2021-01-13,
5727-MYATE,Pro,Two year,Annual,Credit card (automatic),90.8,72,active,2020-08-23,
3823-KYNQY,Standard,One year,Annual,Credit card (automatic),24.95,12,active,2025-08-23,
8988-ECPJR,Basic,Month-to-month,Monthly,Mailed check,79.6,34,cancelled,2023-11-06,2026-08-20
7570-WELNY,Pro,Two year,Annual,Bank transfer (automatic),84.7,68,active,2021-01-15,
3021-VLNRJ,Standard,One year,Annual,Credit card (automatic),70.8,50,active,2022-06-21,
3776-EKTKM,Basic,Month-to-month,Monthly,Electronic check,36.45,1,cancelled,2026-07-19,2026-08-26
2080-CAZNM,Basic,Month-to-month,Monthly,Electronic check,104.4,41,active,2023-04-06,
1028-FFNJK,Basic,Month-to-month,Monthly,Electronic check,101.5,30,active,2024-03-12,
6907-FLBER,Basic,Month-to-month,Monthly,Electronic check,54.3,1,active,2026-08-09,
3001-UNBTL,Basic,Month-to-month,Monthly,Electronic check,103.95,29,active,2024-04-13,
5982-PSMKW,Pro,Two year,Annual,Credit card (automatic),91.1,23,active,2024-09-28,
3507-GASNP,Pro,Two year,Annual,Mailed check,19.95,60,active,2021-09-01,
7096-ZNBZI,Pro,Two year,Annual,Credit card (automatic),26.45,72,active,2020-09-06,
1902-XBTFB,Basic,Month-to-month,Monthly,Electronic check,89.4,22,cancelled,2024-10-28,2026-07-29
1676-MQAOA,Pro,Two year,Annual,Bank transfer (automatic),75.1,72,active,2020-08-29,
0786-IVLAW,Standard,One year,Annual,Bank transfer (automatic),108.1,66,active,2021-03-17,
7566-DSRLQ,Pro,Two year,Annual,Electronic check,110.15,72,active,2020-09-04,
0643-OKLRP,Basic,Month-to-month,Monthly,Electronic check,80.35,47,cancelled,2022-09-22,2026-07-19
7245-JMTTQ,Standard,One year,Annual,Electronic check,111.5,51,active,2022-05-25,
6050-IJRHS,Standard,One year,Annual,Electronic check,106.5,70,active,2020-10-22,
6202-JVYEU,Standard,One year,Annual,Electronic check,19.9,9,active,2025-11-19,
8591-TKMZH,Pro,Two year,Annual,Mailed check,111.1,59,active,2021-10-16,
0734-OXWBT,Basic,Month-to-month,Monthly,Mailed check,70.7,3,active,2026-06-09,
4282-ACRXS,Basic,Month-to-month,Monthly,Electronic check,24.85,38,active,2023-07-05,
0365-TRTPY,Basic,Month-to-month,Monthly,Bank transfer (automatic),91.2,37,active,2023-08-02,
7349-ALMUX,Pro,Two year,Annual,Bank transfer (automatic),65.6,37,active,2023-07-25,
9381-NDKME,Basic,Month-to-month,Monthly,Credit card (automatic),40.65,24,cancelled,2024-08-26,2026-09-14
6502-KUGLL,Basic,Month-to-month,Monthly,Bank transfer (automatic),59.45,14,active,2025-06-26,
1841-YSJGV,Pro,Two year,Annual,Credit card (automatic),109.95,72,active,2020-09-12,
2794-XIMMO,Standard,One year,Annual,Electronic check,60.45,53,cancelled,2022-03-28,2026-07-27
8382-SHQEH,Basic,Month-to-month,Monthly,Electronic check,84.9,8,cancelled,2025-12-24,2026-07-26
3511-BFTJW,Pro,Two year,Annual,Credit card (automatic),38.5,72,active,2020-08-25,
7668-XCFYV,Basic,Month-to-month,Monthly,Electronic check,92.55,17,active,2025-03-31,
2983-ZANRP,Basic,Month-to-month,Monthly,Bank transfer (automatic),73.55,2,cancelled,2026-07-16,2026-08-25
7845-URHJN,Basic,Month-to-month,Monthly,Bank transfer (automatic),20.15,8,cancelled,2026-01-12,2026-08-18
3034-ZBEQN,Standard,One year,Annual,Mailed check,34.7,48,cancelled,2022-08-25,2026-09-09
5018-HEKFO,Basic,Month-to-month,Monthly,Mailed check,24.5,10,active,2025-10-21,
2923-ARZLG,Standard,One year,Annual,Mailed check,19.7,0,active,2026-08-23,
3976-NLDEZ,Basic,Month-to-month,Monthly,Mailed check,20.6,1,active,2026-08-05,
2282-YGNOR,Standard,One year,Annual,Credit card (automatic),58.0,29,active,2024-03-31,
5336-UFNZP,Standard,One year,Annual,Electronic check,107.45,65,active,2021-04-12,
6854-EXGSF,Basic,Month-to-month,Monthly,Bank transfer (automatic),65.5,8,active,2025-12-30,
1241-EZFMJ,Pro,Two year,Annual,Bank transfer (automatic),25.45,61,active,2021-08-12,
9233-PSYHO,Standard,One year,Annual,Bank transfer (automatic),100.15,45,active,2022-11-24,
5376-PCKNB,Standard,One year,Annual,Credit card (automatic),104.45,72,active,2020-08-24,
8044-BGWPI,Basic,Month-to-month,Monthly,Electronic check,21.15,12,active,2025-09-15,
4060-LDNLU,Basic,Month-to-month,Monthly,Electronic check,96.2,7,active,2026-01-18,
3589-PPVKW,Basic,Month-to-month,Monthly,Mailed check,44.4,9,active,2025-11-24,
8327-LZKAS,Standard,One year,Annual,Electronic check,107.55,43,cancelled,2023-02-05,2026-08-26
5887-IKKYO,Pro,Two year,Annual,Bank transfer (automatic),94.35,58,active,2021-11-03,
1075-BGWOH,Basic,Month-to-month,Monthly,Electronic check,98.75,16,cancelled,2025-05-15,2026-09-01
1755-RMCXH,Basic,Month-to-month,Monthly,Mailed check,20.3,2,active,2026-06-20,
0302-JOIVN,Basic,Month-to-month,Monthly,Electronic check,101.15,8,cancelled,2026-01-13,2026-07-24
3858-XHYJO,Standard,One year,Annual,Bank transfer (automatic),105.75,40,active,2023-04-21,
4299-SIMNS,Basic,Month-to-month,Monthly,Electronic check,81.15,9,active,2025-11-28,
7025-IWFHT,Standard,One year,Annual,Electronic check,89.55,41,active,2023-03-21,
6261-LHRTG,Basic,Month-to-month,Monthly,Credit card (automatic),54.75,26,active,2024-07-06,
7841-FCRQD,Standard,One year,Annual,Credit card (automatic),53.75,33,active,2023-11-21,
2056-EVGZL,Standard,One year,Annual,Credit card (automatic),105.75,68,active,2021-01-04,
8777-MBMTS,Pro,Two year,Annual,Credit card (automatic),105.85,65,active,2021-04-07,
7753-USQYQ,Standard,One year,Annual,Electronic check,64.2,55,active,2022-02-05,
5366-IJEQJ,Basic,Month-to-month,Monthly,Electronic check,88.7,20,cancelled,2024-12-19,2026-09-09
7661-CPURM,Standard,One year,Annual,Credit card (automatic),87.7,19,active,2025-02-02,
6233-HXJMX,Basic,Month-to-month,Monthly,Credit card (automatic),89.3,45,active,2022-12-03,
5902-WBLSE,Pro,Two year,Annual,Credit card (automatic),20.15,70,active,2020-10-28,
1981-INRFU,Basic,Month-to-month,Monthly,Electronic check,79.75,2,cancelled,2026-07-02,2026-08-26
4971-PUYQO,Basic,Month-to-month,Monthly,Mailed check,94.55,27,cancelled,2024-06-01,2026-08-18
3239-TPHPZ,Pro,Two year,Annual,Electronic check,20.05,12,active,2025-09-05,
5115-GZDEL,Pro,Two year,Annual,Credit card (automatic),67.2,72,active,2020-09-12,
3338-CVVEH,Basic,Month-to-month,Monthly,Electronic check,94.55,12,active,2025-08-18,
8485-GJCDN,Basic,Month-to-month,Monthly,Mailed check,69.05,5,cancelled,2026-04-03,2026-07-20
2615-YVMYX,Basic,Month-to-month,Monthly,Electronic check,107.5,71,active,2020-09-17,
2851-STERV,Standard,One year,Annual,Electronic check,73.0,35,active,2023-10-04,
4393-GEADV,Pro,Two year,Annual,Credit card (automatic),114.75,70,active,2020-10-30,
8486-AYEQH,Basic,Month-to-month,Monthly,Electronic check,76.05,31,active,2024-01-31,
1527-SXDPN,Pro,Two year,Annual,Bank transfer (automatic),96.25,52,cancelled,2022-04-20,2026-07-29
6029-WTIPC,Basic,Month-to-month,Monthly,Electronic check,101.1,37,cancelled,2023-08-14,2026-07-22
8634-CILSZ,Standard,One year,Annual,Bank transfer (automatic),104.7,69,cancelled,2020-12-01,2026-08-28
5419-JKZNQ,Basic,Month-to-month,Monthly,Mailed check,77.9,30,active,2024-03-13,
2495-KZNFB,Basic,Month-to-month,Monthly,Electronic check,90.65,33,active,2023-11-21,
1409-PHXTF,Pro,Two year,Annual,Electronic check,110.45,54,active,2022-03-03,
4560-WQAQW,Standard,One year,Annual,Bank transfer (automatic),68.7,59,active,2021-09-20,
9591-YVTEB,Basic,Month-to-month,Monthly,Electronic check,44.85,55,active,2022-02-07,
9309-BZGNT,Standard,One year,Annual,Credit card (automatic),29.8,69,active,2020-12-12,
4274-DRSQT,Standard,One year,Annual,Bank transfer (automatic),88.9,66,active,2021-02-27,
2027-DNKIV,Standard,One year,Annual,Mailed check,58.75,37,active,2023-08-13,
8075-GXIUB,Standard,One year,Annual,Credit card (automatic),19.85,9,active,2025-12-06,
2885-HIJDH,Pro,Two year,Annual,Bank transfer (automatic),86.9,69,active,2020-12-07,
5424-RLQLC,Basic,Month-to-month,Monthly,Mailed check,59.65,10,active,2025-11-10,
6682-QJDGB,Basic,Month-to-month,Monthly,Mailed check,55.25,40,cancelled,2023-05-15,2026-08-31
6507-DTJZV,Basic,Month-to-month,Monthly,Credit card (automatic),66.4,13,active,2025-07-29,
8780-IXSTS,Basic,Month-to-month,Monthly,Electronic check,90.1,6,cancelled,2026-02-24,2026-08-13
7673-BQGKU,Pro,Two year,Annual,Bank transfer (automatic),20.15,69,active,2020-12-05,
6723-WSNTY,Standard,One year,Annual,Credit card (automatic),108.1,66,active,2021-03-09,
9530-EHPOH,Basic,Month-to-month,Monthly,Electronic check,53.75,11,cancelled,2025-10-13,2026-08-26
2725-IWWBA,Standard,One year,Annual,Mailed check,56.9,46,active,2022-10-27,
0345-HKJVM,Basic,Month-to-month,Monthly,Electronic check,89.3,6,cancelled,2026-02-22,2026-09-15
1061-PNTHC,Basic,Month-to-month,Monthly,Mailed check,109.6,56,active,2021-12-31,
0394-YONDK,Pro,Two year,Annual,Credit card (automatic),25.15,70,active,2020-11-04,
6574-MCOEH,Standard,One year,Annual,Electronic check,79.15,33,active,2023-11-28,
7399-QHBJS,Pro,Two year,Annual,Credit card (automatic),66.75,72,active,2020-08-20,
3049-SOLAY,Basic,Month-to-month,Monthly,Electronic check,95.2,3,cancelled,2026-05-19,2026-07-30
0997-YTLNY,Basic,Month-to-month,Monthly,Mailed check,48.8,19,active,2025-02-10,
3317-HRTNN,Basic,Month-to-month,Monthly,Electronic check,45.7,5,cancelled,2026-04-03,2026-09-10
9479-HYNYL,Pro,Two year,Annual,Credit card (automatic),80.7,71,active,2020-09-20,
3235-ETOOB,Basic,Month-to-month,Monthly,Electronic check,74.5,8,cancelled,2025-12-29,2026-09-04
9708-KFDBY,Basic,Month-to-month,Monthly,Credit card (automatic),20.55,1,active,2026-07-24,
8058-INTPH,Basic,Month-to-month,Monthly,Electronic check,79.65,1,cancelled,2026-07-19,2026-07-22
3642-GKTCT,Standard,One year,Annual,Mailed check,115.1,61,active,2021-08-14,
0774-RMNUW,Pro,Two year,Annual,Bank transfer (automatic),59.7,71,active,2020-09-28,
1334-PDUKM,Standard,One year,Annual,Credit card (automatic),86.45,68,active,2021-01-01,
0756-MPZRL,Standard,One year,Annual,Credit card (automatic),33.7,46,active,2022-11-08,
2242-MFOTG,Standard,One year,Annual,Bank transfer (automatic),80.1,33,active,2023-11-28,
2927-CVULT,Pro,Two year,Annual,Bank transfer (automatic),104.05,53,active,2022-04-14,
2144-BFDSO,Basic,Month-to-month,Monthly,Bank transfer (automatic),108.75,50,active,2022-07-03,
8745-PVESG,Standard,One year,Annual,Credit card (automatic),41.1,57,active,2021-12-04,
7647-GYYKX,Pro,Two year,Annual,Bank transfer (automatic),20.35,54,active,2022-03-07,
5647-FXOTP,Basic,Month-to-month,Monthly,Electronic check,105.9,60,active,2021-08-29,
5569-OUICF,Basic,Month-to-month,Monthly,Credit card (automatic),101.3,28,cancelled,2024-04-19,2026-08-03
8821-XNHVZ,Basic,Month-to-month,Monthly,Mailed check,80.05,1,cancelled,2026-07-20,2026-08-09
2082-OJVTK,Basic,Month-to-month,Monthly,Electronic check,89.2,29,cancelled,2024-03-27,2026-09-08
9700-ISPUP,Basic,Month-to-month,Monthly,Electronic check,65.5,10,active,2025-11-07,
9839-ETQOE,Basic,Month-to-month,Monthly,Electronic check,40.45,43,active,2023-01-19,
6078-VESFR,Basic,Month-to-month,Monthly,Bank transfer (automatic),70.45,13,active,2025-07-19,
9027-TMATR,Pro,Two year,Annual,Electronic check,78.8,43,active,2023-01-22,
5940-NFXKV,Basic,Month-to-month,Monthly,Electronic check,83.65,19,cancelled,2025-01-20,2026-09-01
1941-HOSAM,Basic,Month-to-month,Monthly,Electronic check,90.1,1,active,2026-07-24,
9110-HSGTV,Pro,Two year,Annual,Credit card (automatic),82.45,69,active,2020-11-24,
0704-VCUMB,Pro,Two year,Annual,Credit card (automatic),20.25,61,active,2021-07-27,
6171-ZTVYB,Basic,Month-to-month,Monthly,Bank transfer (automatic),66.25,43,active,2023-01-28,
8053-WWDRO,Basic,Month-to-month,Monthly,Bank transfer (automatic),19.5,6,cancelled,2026-02-27,2026-09-03
9564-KCLHR,Basic,Month-to-month,Monthly,Mailed check,51.25,1,cancelled,2026-08-06,2026-08-09
1935-IMVBB,Basic,Month-to-month,Monthly,Mailed check,89.7,56,active,2021-12-21,
2535-PBCGC,Pro,Two year,Annual,Bank transfer (automatic),64.55,70,active,2020-10-28,
2082-CEFLT,Basic,Month-to-month,Monthly,Electronic check,45.6,1,cancelled,2026-07-30,2026-08-17
1470-PSXNM,Standard,One year,Annual,Electronic check,93.65,49,active,2022-07-26,
1213-NGCUN,Basic,Month-to-month,Monthly,Bank transfer (automatic),49.65,6,cancelled,2026-03-16,2026-08-25
2498-XLDZR,Pro,Two year,Annual,Mailed check,73.6,32,active,2023-12-20,
9866-OCCKE,Pro,Two year,Annual,Mailed check,109.75,72,active,2020-08-30,
5338-YHWYT,Pro,Two year,Annual,Credit card (automatic),61.45,37,active,2023-07-20,
7718-UPSKJ,Standard,One year,Annual,Credit card (automatic),106.4,69,active,2020-12-13,
8731-WBBMB,Basic,Month-to-month,Monthly,Bank transfer (automatic),81.9,26,active,2024-07-10,
1448-CYWKC,Standard,One year,Annual,Credit card (automatic),105.2,58,active,2021-10-19,
7901-IIDQV,Standard,One year,Annual,Bank transfer (automatic),54.6,24,active,2024-08-27,
2690-DVRVK,Standard,One year,Annual,Electronic check,20.55,5,active,2026-03-29,
5688-KZTSN,Basic,Month-to-month,Monthly,Electronic check,20.0,15,cancelled,2025-06-05,2026-08-02
1270-XKUCC,Pro,Two year,Annual,Mailed check,19.7,30,active,2024-03-01,
0334-ZFJSR,Standard,One year,Annual,Credit card (automatic),66.05,55,active,2022-01-30,
2894-QOJRX,Basic,Month-to-month,Monthly,Bank transfer (automatic),34.0,25,cancelled,2024-08-11,2026-08-01
5747-PMBSQ,Basic,Month-to-month,Monthly,Mailed check,92.5,10,cancelled,2025-10-31,2026-08-03
5583-EJXRD,Pro,Two year,Annual,Credit card (automatic),54.05,44,active,2023-01-01,
4565-EVZMJ,Standard,One year,Annual,Mailed check,58.9,47,active,2022-10-08,
3143-JQEGI,Basic,Month-to-month,Monthly,Electronic check,88.35,13,cancelled,2025-08-07,2026-09-09
6386-SZZKH,Pro,Two year,Annual,Bank transfer (automatic),107.95,49,cancelled,2022-07-25,2026-08-11
3327-YBAKM,Standard,One year,Annual,Mailed check,96.9,64,active,2021-04-27,
9441-QHEVC,Basic,Month-to-month,Monthly,Mailed check,19.1,1,active,2026-08-03,
6705-LNMDD,Basic,Month-to-month,Monthly,Mailed check,50.0,20,active,2024-12-29,
2580-ASVVY,Pro,Two year,Annual,Electronic check,45.4,37,active,2023-08-10,
3370-GQEAL,Basic,Month-to-month,Monthly,Electronic check,85.45,30,active,2024-03-03,
5032-USPKF,Standard,One year,Annual,Bank transfer (automatic),84.1,38,active,2023-07-02,
2982-IHMFT,Basic,Month-to-month,Monthly,Mailed check,74.45,1,cancelled,2026-08-10,2026-09-03
3521-SYVOR,Basic,Month-to-month,Monthly,Electronic check,64.75,37,cancelled,2023-08-12,2026-08-30
4254-QPEDE,Pro,Two year,Annual,Credit card (automatic),66.25,52,active,2022-05-03,
6283-GITPX,Pro,Two year,Annual,Credit card (automatic),76.9,71,active,2020-09-18,
9526-JAWYF,Basic,Month-to-month,Monthly,Electronic check,89.8,26,cancelled,2024-07-04,2026-07-20
0771-CHWSK,Pro,Two year,Annual,Credit card (automatic),74.6,66,active,2021-02-18,
9788-HNGUT,Pro,Two year,Annual,Credit card (automatic),116.95,72,active,2020-08-22,
9495-REDIY,Standard,One year,Annual,Credit card (automatic),40.65,25,active,2024-07-25,
5375-XLDOF,Pro,Two year,Annual,Bank transfer (automatic),114.35,69,active,2020-11-20,
1172-VIYBP,Pro,Two year,Annual,Bank transfer (automatic),69.7,53,active,2022-04-05,
5649-VUKMC,Standard,One year,Annual,Mailed check,95.5,12,cancelled,2025-08-25,2026-08-22
6559-PDZLR,Basic,Month-to-month,Monthly,Electronic check,98.65,26,active,2024-07-13,
8992-OBVDG,Basic,Month-to-month,Monthly,Mailed check,61.65,21,active,2024-12-07,
4273-MBHYA,Basic,Month-to-month,Monthly,Electronic check,89.35,1,active,2026-08-01,
4724-WXVWF,Basic,Month-to-month,Monthly,Electronic check,95.4,48,active,2022-09-15,
5701-GUXDC,Standard,One year,Annual,Credit card (automatic),35.4,26,active,2024-06-25,
1460-UZPRJ,Pro,Two year,Annual,Mailed check,19.95,60,active,2021-08-20,
6082-GLJIX,Basic,Month-to-month,Monthly,Mailed check,19.25,18,active,2025-03-15,
5143-EGQFK,Basic,Month-to-month,Monthly,Electronic check,29.65,10,cancelled,2025-10-18,2026-07-31
4919-IKATY,Basic,Month-to-month,Monthly,Electronic check,84.5,5,cancelled,2026-04-15,2026-09-01
2495-TTHBQ,Standard,One year,Annual,Mailed check,20.4,4,active,2026-05-15,
0485-ZBSLN,Pro,Two year,Annual,Credit card (automatic),24.75,65,active,2021-03-26,
3810-PJUHR,Pro,Two year,Annual,Mailed check,25.35,70,active,2020-10-27,
9050-QLROH,Basic,Month-to-month,Monthly,Credit card (automatic),90.7,18,cancelled,2025-02-18,2026-07-20
0847-HGRML,Pro,Two year,Annual,Bank transfer (automatic),20.0,62,active,2021-07-05,
8232-CTLKO,Pro,Two year,Annual,Electronic check,59.75,66,active,2021-02-28,
9227-YBAXE,Pro,Two year,Annual,Bank transfer (automatic),82.5,65,active,2021-04-13,
6168-WFVVF,Basic,Month-to-month,Monthly,Electronic check,70.3,3,cancelled,2026-05-28,2026-08-30
9860-LISIZ,Basic,Month-to-month,Monthly,Mailed check,20.35,34,active,2023-10-19,
0112-QAWRZ,Basic,Month-to-month,Monthly,Bank transfer (automatic),90.8,16,active,2025-04-30,
0877-SDMBN,Standard,One year,Annual,Bank transfer (automatic),103.95,54,cancelled,2022-02-19,2026-09-05
2786-GCDPI,Basic,Month-to-month,Monthly,Electronic check,104.95,50,active,2022-07-06,
4043-MKDTV,Pro,Two year,Annual,Electronic check,105.25,71,active,2020-09-17,
8065-YKXKD,Basic,Month-to-month,Monthly,Electronic check,74.75,10,cancelled,2025-10-31,2026-08-27
9637-EIHEQ,Basic,Month-to-month,Monthly,Electronic check,50.8,1,cancelled,2026-08-13,2026-09-05
9229-RQABD,Standard,One year,Annual,Mailed check,23.75,18,active,2025-03-08,
8313-KTIHG,Basic,Month-to-month,Monthly,Electronic check,61.3,4,active,2026-05-04,
5320-BRKGK,Pro,Two year,Annual,Mailed check,75.8,58,active,2021-11-14,
6284-KMNUF,Standard,One year,Annual,Electronic check,98.0,56,active,2021-12-21,
9689-PTNPG,Basic,Month-to-month,Monthly,Electronic check,80.25,2,cancelled,2026-07-11,2026-08-11
9465-RWMXL,Basic,Month-to-month,Monthly,Electronic check,78.9,32,cancelled,2023-12-27,2026-09-07
6229-UOLQL,Standard,One year,Annual,Mailed check,52.0,56,active,2021-12-20,
2362-IBOOY,Basic,Month-to-month,Monthly,Electronic check,84.75,36,cancelled,2023-09-04,2026-09-03
3137-LUPIX,Basic,Month-to-month,Monthly,Mailed check,64.4,4,active,2026-04-30,
0843-WTBXE,Basic,Month-to-month,Monthly,Bank transfer (automatic),85.45,53,cancelled,2022-04-02,2026-08-05
6143-JQKEA,Basic,Month-to-month,Monthly,Credit card (automatic),45.8,10,active,2025-10-25,
8676-OOQEJ,Basic,Month-to-month,Monthly,Electronic check,30.5,4,active,2026-05-17,
5515-IDEJJ,Basic,Month-to-month,Monthly,Mailed check,19.9,1,cancelled,2026-08-07,2026-09-13
9701-CDXHR,Basic,Month-to-month,Monthly,Mailed check,69.15,51,active,2022-05-30,
7450-NWRTR,Basic,Month-to-month,Monthly,Electronic check,99.45,12,cancelled,2025-09-14,2026-08-21
8124-NZVGJ,Standard,One year,Annual,Mailed check,49.25,6,active,2026-02-21,
2162-FRZAA,Pro,Two year,Annual,Bank transfer (automatic),39.35,63,active,2021-05-30,
5376-DEQCP,Basic,Month-to-month,Monthly,Electronic check,70.6,1,cancelled,2026-08-17,2026-08-06
5118-MUEYH,Basic,Month-to-month,Monthly,Credit card (automatic),105.1,48,active,2022-09-16,
9095-HFAFX,Basic,Month-to-month,Monthly,Credit card (automatic),81.0,5,cancelled,2026-04-13,2026-08-20
5627-TVBPP,Standard,One year,Annual,Credit card (automatic),20.1,35,active,2023-09-28,
2379-ENZGV,Basic,Month-to-month,Monthly,Electronic check,84.85,6,cancelled,2026-03-03,2026-09-14
3936-QQFLL,Basic,Month-to-month,Monthly,Mailed check,19.75,2,active,2026-07-04,
2589-AYCRP,Standard,One year,Annual,Bank transfer (automatic),19.75,50,active,2022-07-01,
4067-HLYQI,Basic,Month-to-month,Monthly,Bank transfer (automatic),70.4,33,active,2023-12-03,
5124-EOGYE,Pro,Two year,Annual,Mailed check,20.45,31,active,2024-02-06,
5057-RKGLH,Pro,Two year,Annual,Mailed check,20.35,9,active,2025-12-17,
0292-WEGCH,Basic,Month-to-month,Monthly,Electronic check,86.2,54,active,2022-03-18,
8910-ICHIU,Standard,One year,Annual,Credit card (automatic),95.65,46,active,2022-10-27,
4097-YODCF,Standard,One year,Annual,Electronic check,103.8,34,active,2023-10-26,
9715-WZCLW,Pro,Two year,Annual,Electronic check,97.2,71,active,2020-10-09,
9786-YWNHU,Pro,Two year,Annual,Mailed check,63.55,63,active,2021-06-10,
6407-GSJNL,Pro,Two year,Annual,Bank transfer (automatic),24.95,51,active,2022-06-05,
6005-OBZPH,Basic,Month-to-month,Monthly,Electronic check,89.15,26,cancelled,2024-06-28,2026-09-06
4049-ZPALD,Pro,Two year,Annual,Bank transfer (automatic),99.0,64,active,2021-04-30,
7932-WPTDS,Basic,Month-to-month,Monthly,Electronic check,24.8,1,cancelled,2026-08-01,2026-07-20
3733-UOCWF,Standard,One year,Annual,Bank transfer (automatic),85.55,61,active,2021-08-16,
6833-JMZYP,Basic,Month-to-month,Monthly,Credit card (automatic),94.0,15,active,2025-06-05,
2722-VOJQL,Standard,One year,Annual,Credit card (automatic),105.65,64,cancelled,2021-04-25,2026-08-01
1310-QRITU,Basic,Month-to-month,Monthly,Electronic check,50.3,18,active,2025-03-01,
8961-QDZZJ,Standard,One year,Annual,Electronic check,95.0,57,active,2021-11-22,
9715-SBVSU,Pro,Two year,Annual,Bank transfer (automatic),61.4,14,active,2025-06-27,
8490-BXHEO,Basic,Month-to-month,Monthly,Credit card (automatic),80.55,18,active,2025-02-20,
7173-TETGO,Pro,Two year,Annual,Bank transfer (automatic),78.5,72,active,2020-08-30,
7929-SKFGK,Pro,Two year,Annual,Credit card (automatic),114.3,70,active,2020-10-30,
2300-RQGOI,Pro,Two year,Annual,Mailed check,20.05,38,active,2023-07-02,
3563-SVYLG,Pro,Two year,Annual,Credit card (automatic),62.65,68,active,2021-01-09,
5228-EXCET,Basic,Month-to-month,Monthly,Electronic check,80.85,13,cancelled,2025-08-04,2026-08-26
6435-VWCCY,Pro,Two year,Annual,Credit card (automatic),92.7,65,active,2021-04-12,
4998-IKFSE,Basic,Month-to-month,Monthly,Electronic check,100.45,30,active,2024-03-05,
8630-QSGXK,Pro,Two year,Annual,Bank transfer (automatic),75.2,51,active,2022-06-13,
2455-USLMV,Basic,Month-to-month,Monthly,Credit card (automatic),84.75,31,active,2024-02-02,
7394-FKDNK,Basic,Month-to-month,Monthly,Electronic check,89.45,9,cancelled,2025-11-19,2026-07-26
9488-FVZCC,Pro,Two year,Annual,Bank transfer (automatic),79.5,72,active,2020-09-03,
6331-LWDTQ,Basic,Month-to-month,Monthly,Credit card (automatic),72.15,10,cancelled,2025-10-25,2026-09-15
5995-WWKKG,Standard,One year,Annual,Electronic check,19.8,37,active,2023-08-04,
1597-FZREH,Basic,Month-to-month,Monthly,Electronic check,76.4,2,cancelled,2026-06-21,2026-09-13
7879-CGSFV,Standard,One year,Annual,Mailed check,100.9,55,active,2022-02-09,
9921-EZKBY,Basic,Month-to-month,Monthly,Bank transfer (automatic),95.3,33,active,2023-11-22,
7432-FFVAR,Standard,One year,Annual,Bank transfer (automatic),90.95,46,active,2022-10-26,
7246-ZGQDF,Basic,Month-to-month,Monthly,Electronic check,54.5,1,active,2026-07-22,
7000-WCEVQ,Basic,Month-to-month,Monthly,Mailed check,61.6,20,cancelled,2025-01-13,2026-07-25
0727-IWKVK,Basic,Month-to-month,Monthly,Electronic check,79.9,9,cancelled,2025-11-21,2026-08-07
5959-BELXA,Basic,Month-to-month,Monthly,Credit card (automatic),96.15,32,cancelled,2023-12-20,2026-08-11
4456-RHSNB,Basic,Month-to-month,Monthly,Bank transfer (automatic),49.6,19,active,2025-02-07,
3512-IZIKN,Pro,Two year,Annual,Credit card (automatic),65.3,70,cancelled,2020-10-29,2026-08-26
2481-SBOYW,Pro,Two year,Annual,Credit card (automatic),25.0,61,active,2021-07-31,
7109-MFBYV,Basic,Month-to-month,Monthly,Electronic check,45.45,26,active,2024-07-16,
1833-TCXKK,Basic,Month-to-month,Monthly,Bank transfer (automatic),107.75,45,active,2022-12-02,
1832-PEUTS,Pro,Two year,Annual,Credit card (automatic),89.1,62,active,2021-06-28,
6141-OOXUQ,Basic,Month-to-month,Monthly,Mailed check,19.65,1,cancelled,2026-08-11,2026-07-29
8660-BUETV,Basic,Month-to-month,Monthly,Mailed check,44.75,3,active,2026-06-07,
0580-PIQHM,Standard,One year,Annual,Bank transfer (automatic),101.6,41,active,2023-03-31,
5696-CEIQJ,Pro,Two year,Annual,Bank transfer (automatic),103.15,67,active,2021-01-19,
7503-ZGUZJ,Basic,Month-to-month,Monthly,Mailed check,84.65,1,cancelled,2026-08-16,2026-08-11
1696-HXOWK,Standard,One year,Annual,Mailed check,95.65,71,active,2020-09-18,
3026-ATZYV,Standard,One year,Annual,Bank transfer (automatic),75.1,37,active,2023-07-24,
4012-YCFAI,Pro,Two year,Annual,Mailed check,61.35,60,active,2021-08-22,
2506-TNFCO,Basic,Month-to-month,Monthly,Electronic check,69.55,1,cancelled,2026-08-16,2026-08-21
9970-QBCDA,Basic,Month-to-month,Monthly,Credit card (automatic),19.7,6,active,2026-03-01,
8718-PTMEZ,Basic,Month-to-month,Monthly,Electronic check,31.05,13,cancelled,2025-08-06,2026-08-24
9496-IVVRP,Basic,Month-to-month,Monthly,Bank transfer (automatic),51.0,11,active,2025-09-20,
2207-OBZNX,Basic,Month-to-month,Monthly,Mailed check,51.0,7,cancelled,2026-01-24,2026-08-26
2657-VPXTA,Basic,Month-to-month,Monthly,Electronic check,88.85,10,active,2025-10-28,
6551-VLJMV,Pro,Two year,Annual,Credit card (automatic),20.05,34,active,2023-11-17,
1221-GHZEP,Pro,Two year,Annual,Mailed check,65.1,62,active,2021-06-21,
9289-LBQVU,Standard,One year,Annual,Mailed check,70.15,64,active,2021-05-03,
6142-VSJQO,Basic,Month-to-month,Monthly,Bank transfer (automatic),44.35,1,cancelled,2026-08-13,2026-08-13
3458-IDMFK,Pro,Two year,Annual,Mailed check,20.75,25,active,2024-07-21,
6933-FHBZC,Standard,One year,Annual,Mailed check,56.05,26,active,2024-06-20,
0221-NAUXK,Standard,One year,Annual,Bank transfer (automatic),19.95,10,active,2025-11-02,
9770-KXGQU,Standard,One year,Annual,Mailed check,98.6,53,active,2022-03-29,
6437-UKHMV,Basic,Month-to-month,Monthly,Electronic check,79.7,7,cancelled,2026-01-28,2026-08-08
6538-POCHL,Basic,Month-to-month,Monthly,Credit card (automatic),79.0,33,active,2023-12-08,
6726-NNFWD,Pro,Two year,Annual,Credit card (automatic),89.45,71,active,2020-09-24,
3002-WQZWT,Basic,Month-to-month,Monthly,Electronic check,74.2,29,active,2024-03-19,
4277-UDIEF,Basic,Month-to-month,Monthly,Bank transfer (automatic),81.0,24,active,2024-08-19,
1208-NBVFH,Basic,Month-to-month,Monthly,Electronic check,49.6,20,active,2024-12-27,
4912-PIGUY,Basic,Month-to-month,Monthly,Electronic check,84.6,1,active,2026-08-07,
1114-CENIM,Basic,Month-to-month,Monthly,Credit card (automatic),55.0,54,cancelled,2022-02-19,2026-07-30
6060-DRTNL,Basic,Month-to-month,Monthly,Mailed check,84.85,5,cancelled,2026-03-21,2026-08-23
2725-TTRIQ,Pro,Two year,Annual,Bank transfer (automatic),84.2,72,active,2020-09-16,
3374-TTZTK,Pro,Two year,Annual,Electronic check,106.3,52,active,2022-05-08,
8990-ZXLSU,Basic,Month-to-month,Monthly,Electronic check,69.05,9,active,2025-12-01,
2275-RBYQS,Basic,Month-to-month,Monthly,Mailed check,45.4,1,active,2026-07-31,
8473-VUVJN,Basic,Month-to-month,Monthly,Electronic check,73.65,1,cancelled,2026-07-27,2026-09-01
6289-CPNLD,Standard,One year,Annual,Mailed check,73.9,33,cancelled,2023-12-02,2026-08-14
5536-SLHPM,Basic,Month-to-month,Monthly,Electronic check,77.75,55,cancelled,2022-02-15,2026-08-12
4419-UJMUS,Pro,Two year,Annual,Electronic check,99.35,69,active,2020-12-12,
7794-JASDG,Basic,Month-to-month,Monthly,Mailed check,50.75,1,active,2026-07-26,
7609-YBPXG,Pro,Two year,Annual,Bank transfer (automatic),87.1,54,active,2022-02-26,
5519-TEEUH,Standard,One year,Annual,Mailed check,20.15,33,active,2023-11-28,
7856-GANIL,Standard,One year,Annual,Bank transfer (automatic),98.7,45,active,2022-12-04,
0804-XBFBV,Basic,Month-to-month,Monthly,Electronic check,25.2,11,active,2025-10-09,
2676-OXPPQ,Basic,Month-to-month,Monthly,Bank transfer (automatic),55.7,6,active,2026-03-09,
3703-TTEPD,Basic,Month-to-month,Monthly,Bank transfer (automatic),65.35,21,active,2024-11-26,
2799-TSLAG,Pro,Two year,Annual,Bank transfer (automatic),25.3,65,active,2021-04-02,
0196-VULGZ,Basic,Month-to-month,Monthly,Electronic check,84.35,6,cancelled,2026-03-15,2026-08-30
8837-VVWLQ,Basic,Month-to-month,Monthly,Electronic check,84.95,8,cancelled,2026-01-05,2026-09-11
2696-NARTR,Basic,Month-to-month,Monthly,Electronic check,73.85,11,cancelled,2025-09-23,2026-08-27
2208-NKVVH,Pro,Two year,Annual,Mailed check,24.25,43,active,2023-01-30,
7614-QVWQL,Standard,One year,Annual,Bank transfer (automatic),51.8,49,cancelled,2022-07-23,2026-09-11
1976-CFOCS,Basic,Month-to-month,Monthly,Electronic check,46.0,1,cancelled,2026-08-02,2026-09-11
4631-OACRM,Basic,Month-to-month,Monthly,Electronic check,79.4,15,cancelled,2025-06-03,2026-07-21
7139-JZFVG,Pro,Two year,Annual,Bank transfer (automatic),60.5,60,active,2021-08-19,
4987-GQWPO,Basic,Month-to-month,Monthly,Credit card (automatic),25.1,17,active,2025-04-02,
3755-JBMNH,Basic,Month-to-month,Monthly,Bank transfer (automatic),71.8,16,cancelled,2025-05-13,2026-07-31
1757-TCATG,Standard,One year,Annual,Bank transfer (automatic),20.05,35,active,2023-10-05,
6345-ULYRW,Standard,One year,Annual,Mailed check,88.4,44,cancelled,2022-12-28,2026-09-13
4776-XSKYQ,Standard,One year,Annual,Credit card (automatic),30.25,12,active,2025-09-06,
8048-DSDFQ,Basic,Month-to-month,Monthly,Mailed check,20.2,1,active,2026-08-05,
5753-QQWPW,Standard,One year,Annual,Electronic check,59.9,28,active,2024-04-21,
6010-DDPPW,Pro,Two year,Annual,Bank transfer (automatic),25.15,70,active,2020-11-03,
1809-DMJHQ,Basic,Month-to-month,Monthly,Mailed check,46.0,5,cancelled,2026-04-08,2026-08-26
6693-FRIRW,Basic,Month-to-month,Monthly,Credit card (automatic),101.3,18,active,2025-03-15,
6586-MYGKD,Pro,Two year,Annual,Credit card (automatic),76.95,70,active,2020-11-04,
3173-NVMPX,Basic,Month-to-month,Monthly,Mailed check,55.3,9,active,2025-11-25,
0248-PGHBZ,Pro,Two year,Annual,Bank transfer (automatic),92.45,67,active,2021-02-07,
0623-GDISB,Basic,Month-to-month,Monthly,Bank transfer (automatic),48.45,1,active,2026-08-03,
2892-GESUL,Pro,Two year,Annual,Mailed check,19.35,18,active,2025-02-27,
6923-EFPNL,Basic,Month-to-month,Monthly,Credit card (automatic),51.75,4,cancelled,2026-04-21,2026-08-31
7472-EQOAV,Standard,One year,Annual,Bank transfer (automatic),86.7,71,active,2020-09-22,
9574-RKJIF,Basic,Month-to-month,Monthly,Electronic check,94.4,30,cancelled,2024-03-09,2026-07-20
2043-WVTQJ,Basic,Month-to-month,Monthly,Mailed check,55.7,1,active,2026-08-13,
8034-RYTVV,Standard,One year,Annual,Credit card (automatic),84.25,55,active,2022-01-26,
3863-QSTYI,Basic,Month-to-month,Monthly,Electronic check,64.65,59,active,2021-10-10,
2619-WFQWU,Basic,Month-to-month,Monthly,Mailed check,70.15,1,cancelled,2026-08-06,2026-08-21
5044-LRQAQ,Basic,Month-to-month,Monthly,Bank transfer (automatic),69.2,7,active,2026-02-12,
1716-LSAMB,Pro,Two year,Annual,Bank transfer (automatic),54.65,45,active,2022-11-24,
1333-PBMXB,Standard,One year,Annual,Bank transfer (automatic),24.75,54,active,2022-03-14,
6546-OPBBH,Standard,One year,Annual,Mailed check,23.95,51,active,2022-06-06,
5985-BEHZK,Standard,One year,Annual,Credit card (automatic),105.0,72,active,2020-09-04,
9127-QRZMH,Standard,One year,Annual,Bank transfer (automatic),59.85,44,active,2023-01-15,
5919-VCZYM,Basic,Month-to-month,Monthly,Mailed check,20.05,2,active,2026-06-25,
9644-KVCNC,Standard,One year,Annual,Bank transfer (automatic),92.15,66,active,2021-02-27,
2137-DQMEV,Standard,One year,Annual,Mailed check,44.8,68,active,2020-12-31,
8174-LNWMW,Pro,Two year,Annual,Credit card (automatic),20.9,31,active,2024-02-11,
9279-CJEOJ,Basic,Month-to-month,Monthly,Bank transfer (automatic),95.4,21,active,2024-12-15,
7964-VEXDG,Basic,Month-to-month,Monthly,Electronic check,80.35,21,active,2024-12-15,
2404-JIBFC,Pro,Two year,Annual,Bank transfer (automatic),85.1,55,active,2022-01-28,
0778-NELLA,Basic,Month-to-month,Monthly,Credit card (automatic),34.7,9,cancelled,2025-11-25,2026-08-31
8029-XYPWT,Pro,Two year,Annual,Bank transfer (automatic),115.05,71,active,2020-09-23,
4614-NUVZD,Basic,Month-to-month,Monthly,Electronic check,81.1,1,cancelled,2026-07-24,2026-08-09
4632-PAOYU,Standard,One year,Annual,Mailed check,19.95,22,active,2024-11-05,
3803-KMQFW,Basic,Month-to-month,Monthly,Mailed check,20.55,1,cancelled,2026-08-17,2026-08-18
6804-GDMOI,Pro,Two year,Annual,Electronic check,106.6,61,cancelled,2021-08-10,2026-09-04
2990-OGYTD,Pro,Two year,Annual,Bank transfer (automatic),86.15,67,active,2021-01-23,
6646-JPPHA,Basic,Month-to-month,Monthly,Electronic check,78.85,14,active,2025-06-25,
9572-MTILT,Basic,Month-to-month,Monthly,Electronic check,106.75,59,cancelled,2021-10-02,2026-08-28
7658-UYUQS,Basic,Month-to-month,Monthly,Bank transfer (automatic),86.55,21,active,2024-12-16,
7880-XSOJX,Basic,Month-to-month,Monthly,Mailed check,42.4,4,active,2026-04-25,
9611-CTWIH,Basic,Month-to-month,Monthly,Electronic check,89.45,3,cancelled,2026-05-24,2026-09-08
4589-IUAJB,Pro,Two year,Annual,Bank transfer (automatic),24.25,70,active,2020-11-10,
0329-GTIAJ,Basic,Month-to-month,Monthly,Electronic check,97.9,3,cancelled,2026-05-24,2026-08-06
8746-BFOAJ,Standard,One year,Annual,Bank transfer (automatic),20.5,21,active,2024-11-27,
8457-XIGKN,Basic,Month-to-month,Monthly,Credit card (automatic),19.6,20,active,2024-12-21,
6072-NUQCB,Standard,One year,Annual,Bank transfer (automatic),20.25,22,active,2024-10-29,
6629-CZTTH,Basic,Month-to-month,Monthly,Mailed check,55.7,1,cancelled,2026-08-15,2026-07-20
8838-GPHZP,Pro,Two year,Annual,Mailed check,20.6,63,active,2021-05-29,
8750-QWZAJ,Pro,Two year,Annual,Bank transfer (automatic),19.8,70,active,2020-11-13,
5364-EVNIB,Basic,Month-to-month,Monthly,Electronic check,79.8,13,cancelled,2025-08-10,2026-07-30
6918-UMQCG,Basic,Month-to-month,Monthly,Electronic check,80.2,5,active,2026-03-22,
0675-NCDYU,Pro,Two year,Annual,Credit card (automatic),116.4,72,active,2020-08-18,
6339-DKLMK,Basic,Month-to-month,Monthly,Electronic check,31.65,13,active,2025-08-03,
1346-PJWTK,Basic,Month-to-month,Monthly,Credit card (automatic),94.15,61,active,2021-08-09,
5088-QZLRL,Basic,Month-to-month,Monthly,Electronic check,20.65,1,active,2026-08-06,
8023-QHAIO,Basic,Month-to-month,Monthly,Bank transfer (automatic),76.85,56,active,2022-01-09,
4397-FRLTA,Basic,Month-to-month,Monthly,Mailed check,20.15,4,active,2026-05-01,
3057-VJJQE,Pro,Two year,Annual,Mailed check,55.25,35,active,2023-10-05,
5087-SUURX,Basic,Month-to-month,Monthly,Electronic check,39.05,18,cancelled,2025-03-17,2026-08-24
2302-OUZXB,Pro,Two year,Annual,Bank transfer (automatic),82.15,72,active,2020-08-29,
8133-ANHHJ,Standard,One year,Annual,Bank transfer (automatic),103.0,49,active,2022-07-29,
2270-CHBFN,Basic,Month-to-month,Monthly,Credit card (automatic),95.1,44,active,2022-12-27,
0013-EXCHZ,Basic,Month-to-month,Monthly,Mailed check,83.9,3,cancelled,2026-05-20,2026-08-18
5982-FPVQN,Basic,Month-to-month,Monthly,Electronic check,95.15,37,active,2023-07-27,
9107-UKCKY,Standard,One year,Annual,Electronic check,79.8,61,active,2021-07-28,
4654-ULTTN,Pro,Two year,Annual,Credit card (automatic),74.8,70,active,2020-11-10,
5550-VFRLC,Basic,Month-to-month,Monthly,Electronic check,69.85,1,cancelled,2026-08-04,2026-09-12
5546-BYZSM,Basic,Month-to-month,Monthly,Electronic check,20.45,41,active,2023-04-04,
1492-KGETH,Standard,One year,Annual,Bank transfer (automatic),78.35,70,active,2020-10-19,
4929-BSTRX,Basic,Month-to-month,Monthly,Mailed check,53.55,1,cancelled,2026-08-03,2026-08-25
4163-HFTUK,Standard,One year,Annual,Electronic check,19.1,51,active,2022-05-28,
8215-NGSPE,Pro,Two year,Annual,Mailed check,20.0,42,active,2023-03-02,
2225-ZRGSG,Pro,Two year,Annual,Bank transfer (automatic),93.9,70,cancelled,2020-11-15,2026-09-14
8859-YSTWS,Standard,One year,Annual,Bank transfer (automatic),19.95,48,active,2022-08-19,
5271-YNWVR,Pro,Two year,Annual,Electronic check,113.15,68,cancelled,2020-12-27,2026-08-03
7601-DHFWZ,Pro,Two year,Annual,Credit card (automatic),24.0,48,active,2022-09-10,
2657-ALMWY,Basic,Month-to-month,Monthly,Electronic check,84.95,26,cancelled,2024-07-16,2026-07-24
6330-JKLPC,Basic,Month-to-month,Monthly,Bank transfer (automatic),80.5,11,cancelled,2025-09-19,2026-09-04
4667-OHGKG,Basic,Month-to-month,Monthly,Mailed check,19.3,1,cancelled,2026-08-08,2026-08-07
1998-VHJHK,Standard,One year,Annual,Mailed check,19.15,27,active,2024-06-17,
1707-HABPF,Standard,One year,Annual,Bank transfer (automatic),91.3,46,active,2022-10-29,
1660-HSOOQ,Basic,Month-to-month,Monthly,Mailed check,49.65,1,cancelled,2026-08-17,2026-08-11
7253-UVNDW,Pro,Two year,Annual,Credit card (automatic),54.35,46,cancelled,2022-11-10,2026-08-22
0487-VVUVK,Basic,Month-to-month,Monthly,Mailed check,19.15,25,active,2024-07-21,
7228-OMTPN,Basic,Month-to-month,Monthly,Electronic check,88.45,4,cancelled,2026-05-17,2026-08-03
5063-IUOKK,Pro,Two year,Annual,Mailed check,19.75,13,active,2025-07-26,
4508-OEBEY,Standard,One year,Annual,Credit card (automatic),75.5,31,active,2024-01-29,
0027-KWYKW,Basic,Month-to-month,Monthly,Electronic check,83.75,23,active,2024-10-07,
2308-STERM,Basic,Month-to-month,Monthly,Mailed check,19.4,2,active,2026-07-10,
5982-XMDEX,Pro,Two year,Annual,Bank transfer (automatic),26.5,65,active,2021-04-03,
6284-AHOOQ,Basic,Month-to-month,Monthly,Bank transfer (automatic),90.5,22,cancelled,2024-11-01,2026-08-06
6051-PTVNS,Standard,One year,Annual,Credit card (automatic),19.15,55,active,2022-01-20,
2344-JMOGN,Basic,Month-to-month,Monthly,Mailed check,94.85,9,cancelled,2025-12-10,2026-08-31
3799-ISUZQ,Basic,Month-to-month,Monthly,Bank transfer (automatic),69.95,7,cancelled,2026-01-29,2026-07-30
2877-VDUER,Standard,One year,Annual,Mailed check,40.9,35,active,2023-09-27,
9152-AMKAK,Pro,Two year,Annual,Mailed check,80.25,6,active,2026-03-18,
1794-HBQTJ,Basic,Month-to-month,Monthly,Credit card (automatic),48.6,1,cancelled,2026-07-22,2026-08-08
9432-VOFYX,Basic,Month-to-month,Monthly,Electronic check,70.8,17,active,2025-03-19,
8049-WJCLQ,Basic,Month-to-month,Monthly,Mailed check,60.2,10,active,2025-11-14,
6586-PSJOX,Standard,One year,Annual,Credit card (automatic),55.2,15,active,2025-06-10,
2460-FPSYH,Basic,Month-to-month,Monthly,Electronic check,55.8,40,cancelled,2023-04-25,2026-08-28
9705-ZJBCG,Standard,One year,Annual,Bank transfer (automatic),54.15,13,active,2025-07-24,
4818-DRBQT,Basic,Month-to-month,Monthly,Bank transfer (automatic),80.15,29,cancelled,2024-04-13,2026-08-03
1320-HTRDR,Basic,Month-to-month,Monthly,Electronic check,75.5,3,cancelled,2026-05-21,2026-08-09
6847-KJLTS,Basic,Month-to-month,Monthly,Bank transfer (automatic),100.4,58,active,2021-11-07,
9670-BPNXF,Standard,One year,Annual,Credit card (automatic),62.55,45,active,2022-12-09,
3913-FCUUW,Pro,Two year,Annual,Bank transfer (automatic),70.45,72,active,2020-09-06,
3301-VKTGC,Standard,One year,Annual,Bank transfer (automatic),85.5,68,active,2020-12-27,
1493-AMTIE,Basic,Month-to-month,Monthly,Bank transfer (automatic),20.2,1,cancelled,2026-08-11,2026-09-09
9555-SAHUZ,Basic,Month-to-month,Monthly,Electronic check,54.5,38,active,2023-07-02,
0816-TSPHQ,Basic,Month-to-month,Monthly,Mailed check,20.75,2,active,2026-07-16,
9932-WBWIK,Basic,Month-to-month,Monthly,Mailed check,20.35,11,active,2025-10-13,
4619-EVPHY,Standard,One year,Annual,Bank transfer (automatic),91.0,20,active,2024-12-24,
5286-YHCVC,Pro,Two year,Annual,Bank transfer (automatic),104.8,72,active,2020-09-05,
6424-ELEYH,Basic,Month-to-month,Monthly,Credit card (automatic),74.75,3,cancelled,2026-05-25,2026-09-06
4391-RESHN,Basic,Month-to-month,Monthly,Mailed check,104.05,23,cancelled,2024-09-24,2026-08-27
9115-YQHGA,Basic,Month-to-month,Monthly,Electronic check,51.1,40,active,2023-04-19,
4462-CYWMH,Basic,Month-to-month,Monthly,Bank transfer (automatic),89.8,62,active,2021-07-13,
8963-MQVYN,Basic,Month-to-month,Monthly,Electronic check,20.55,22,active,2024-10-19,
2458-EOMRE,Basic,Month-to-month,Monthly,Bank transfer (automatic),64.05,11,active,2025-09-21,
9334-GWGOW,Basic,Month-to-month,Monthly,Electronic check,74.85,7,active,2026-02-02,
6821-BUXUX,Basic,Month-to-month,Monthly,Electronic check,96.65,13,cancelled,2025-08-13,2026-09-13
5028-HTLJB,Basic,Month-to-month,Monthly,Mailed check,20.05,1,cancelled,2026-08-13,2026-08-23
9801-GDWGV,Basic,Month-to-month,Monthly,Electronic check,103.45,39,cancelled,2023-06-02,2026-08-19
6542-LWGXJ,Basic,Month-to-month,Monthly,Mailed check,25.0,3,active,2026-06-17,
5567-GZKQY,Pro,Two year,Annual,Credit card (automatic),20.3,58,active,2021-11-14,
1222-LRYKO,Basic,Month-to-month,Monthly,Mailed check,26.35,6,active,2026-03-03,
2320-JRSDE,Basic,Month-to-month,Monthly,Electronic check,19.9,1,cancelled,2026-08-01,2026-08-01
2087-QAREY,Basic,Month-to-month,Monthly,Mailed check,54.7,22,active,2024-10-22,
0601-WZHJF,Basic,Month-to-month,Monthly,Electronic check,46.35,14,cancelled,2025-06-18,2026-09-05
4423-JWZJN,Standard,One year,Annual,Credit card (automatic),90.25,64,active,2021-05-09,
5143-WMWOG,Basic,Month-to-month,Monthly,Electronic check,19.95,1,cancelled,2026-08-08,2026-08-13
6490-FGZAT,Basic,Month-to-month,Monthly,Mailed check,20.65,6,active,2026-03-13,
5393-RXQSZ,Basic,Month-to-month,Monthly,Electronic check,79.6,1,cancelled,2026-08-11,2026-08-07
7452-FOLON,Standard,One year,Annual,Bank transfer (automatic),25.45,39,active,2023-06-04,
2320-TZRRH,Standard,One year,Annual,Mailed check,19.5,20,active,2024-12-18,
0231-LXVAP,Basic,Month-to-month,Monthly,Electronic check,75.9,1,cancelled,2026-07-22,2026-08-20
9444-JTXHZ,Basic,Month-to-month,Monthly,Electronic check,76.2,1,cancelled,2026-07-21,2026-07-24
4942-VZZOM,Standard,One year,Annual,Credit card (automatic),66.15,64,active,2021-05-04,
5510-BOIUJ,Basic,Month-to-month,Monthly,Mailed check,19.25,1,cancelled,2026-07-29,2026-08-28
7502-BNYGS,Basic,Month-to-month,Monthly,Credit card (automatic),69.1,46,active,2022-10-26,
4291-HYEBC,Standard,One year,Annual,Electronic check,39.1,28,active,2024-05-10,
6147-CBCRA,Basic,Month-to-month,Monthly,Mailed check,20.05,33,active,2023-12-04,
6047-SUHPR,Standard,One year,Annual,Electronic check,59.8,39,active,2023-06-01,
4471-KXAUH,Basic,Month-to-month,Monthly,Electronic check,84.3,42,cancelled,2023-03-07,2026-08-22
9752-ZNQUT,Basic,Month-to-month,Monthly,Electronic check,48.6,1,active,2026-08-03,
7638-QVMVY,Basic,Month-to-month,Monthly,Electronic check,79.0,7,cancelled,2026-02-02,2026-09-15
1576-PFZIW,Pro,Two year,Annual,Credit card (automatic),105.35,70,active,2020-11-15,
5666-MBJPT,Pro,Two year,Annual,Bank transfer (automatic),25.1,65,active,2021-03-25,
7312-XSBAT,Basic,Month-to-month,Monthly,Electronic check,49.75,1,active,2026-07-21,
3096-GKWEB,Basic,Month-to-month,Monthly,Electronic check,94.75,18,active,2025-02-24,
2371-JQHZZ,Basic,Month-to-month,Monthly,Electronic check,93.0,24,active,2024-08-19,
0674-GCDXG,Pro,Two year,Annual,Bank transfer (automatic),71.9,63,active,2021-06-05,
1121-QSIVB,Standard,One year,Annual,Mailed check,77.55,44,active,2023-01-15,
4396-KLSEH,Basic,Month-to-month,Monthly,Electronic check,19.85,4,active,2026-05-10,
3244-DCJWY,Basic,Month-to-month,Monthly,Electronic check,70.25,1,cancelled,2026-07-23,2026-08-22
2824-MYYBN,Basic,Month-to-month,Monthly,Electronic check,95.25,37,active,2023-08-13,
0875-CABNR,Basic,Month-to-month,Monthly,Credit card (automatic),84.6,10,cancelled,2025-10-31,2026-09-14
6345-HOVES,Basic,Month-to-month,Monthly,Bank transfer (automatic),25.05,34,active,2023-11-17,
8318-LCNBW,Standard,One year,Annual,Credit card (automatic),53.15,35,active,2023-10-08,
6469-QJKZW,Basic,Month-to-month,Monthly,Electronic check,20.15,4,active,2026-05-15,
0147-ESWWR,Basic,Month-to-month,Monthly,Electronic check,101.25,39,active,2023-06-14,
1217-VASWC,Standard,One year,Annual,Bank transfer (automatic),100.55,43,active,2023-02-12,
7812-FZHPE,Basic,Month-to-month,Monthly,Mailed check,24.1,17,cancelled,2025-04-01,2026-07-19
6370-ZVHDV,Pro,Two year,Annual,Bank transfer (automatic),25.3,61,active,2021-07-28,
5915-DGNVC,Standard,One year,Annual,Electronic check,71.8,49,active,2022-08-09,
6260-XLACS,Standard,One year,Annual,Mailed check,19.7,4,active,2026-04-24,
3566-CAAYU,Pro,Two year,Annual,Electronic check,49.85,64,active,2021-05-06,
4983-CCWMC,Basic,Month-to-month,Monthly,Mailed check,69.6,3,active,2026-05-26,
9103-CXVOK,Basic,Month-to-month,Monthly,Electronic check,19.75,1,active,2026-08-02,
2896-TBNBE,Standard,One year,Annual,Electronic check,80.8,40,active,2023-04-27,
4797-AXPXK,Basic,Month-to-month,Monthly,Electronic check,60.0,1,cancelled,2026-07-19,2026-09-01
5229-PRWKT,Basic,Month-to-month,Monthly,Electronic check,86.55,8,cancelled,2025-12-18,2026-07-30
6982-UQZLY,Basic,Month-to-month,Monthly,Mailed check,20.85,1,cancelled,2026-07-31,2026-09-09
2522-WLNSF,Standard,One year,Annual,Bank transfer (automatic),64.2,34,active,2023-10-20,
3841-CONLJ,Basic,Month-to-month,Monthly,Electronic check,35.0,1,active,2026-07-27,
5057-LCOUI,Basic,Month-to-month,Monthly,Electronic check,50.75,39,cancelled,2023-06-09,2026-08-30
0193-ESZXP,Standard,One year,Annual,Credit card (automatic),105.5,58,cancelled,2021-10-19,2026-09-08
4475-NVTLU,Pro,Two year,Annual,Electronic check,19.2,45,active,2022-12-13,
4369-HTUIF,Basic,Month-to-month,Monthly,Bank transfer (automatic),85.15,6,cancelled,2026-03-04,2026-08-25
9386-LDCZR,Standard,One year,Annual,Credit card (automatic),90.65,43,active,2023-02-12,
9585-KKMFD,Pro,Two year,Annual,Mailed check,20.0,41,active,2023-03-25,
5399-ZIMKF,Basic,Month-to-month,Monthly,Electronic check,74.65,5,active,2026-03-22,
0336-KXKFK,Pro,Two year,Annual,Credit card (automatic),61.2,72,active,2020-08-23,
5619-XZZKR,Standard,One year,Annual,Mailed check,19.95,4,active,2026-05-15,
3948-FVVRP,Basic,Month-to-month,Monthly,Mailed check,54.8,9,active,2025-12-09,
5327-XOKKY,Pro,Two year,Annual,Credit card (automatic),73.45,72,active,2020-09-06,
0983-TATYJ,Standard,One year,Annual,Mailed check,51.45,33,active,2023-12-14,
1813-JYWTO,Pro,Two year,Annual,Bank transfer (automatic),80.45,72,active,2020-09-01,
0156-FVPTA,Basic,Month-to-month,Monthly,Electronic check,54.2,22,cancelled,2024-11-15,2026-08-11
1984-FCOWB,Standard,One year,Annual,Electronic check,109.5,70,cancelled,2020-10-29,2026-08-22
0654-HMSHN,Basic,Month-to-month,Monthly,Electronic check,104.4,21,cancelled,2024-11-29,2026-08-11
6719-OXYBR,Basic,Month-to-month,Monthly,Electronic check,85.3,15,active,2025-05-31,
3312-ZWLGF,Basic,Month-to-month,Monthly,Electronic check,79.3,29,active,2024-03-21,
6476-YHMGA,Basic,Month-to-month,Monthly,Bank transfer (automatic),76.5,15,active,2025-05-25,
5287-QWLKY,Basic,Month-to-month,Monthly,Credit card (automatic),105.1,71,cancelled,2020-10-09,2026-07-30
0795-XCCTE,Pro,Two year,Annual,Bank transfer (automatic),25.4,72,active,2020-08-30,
0168-XZKBB,Basic,Month-to-month,Monthly,Electronic check,86.85,19,active,2025-01-22,
3785-NRHYR,Basic,Month-to-month,Monthly,Mailed check,19.65,1,active,2026-07-23,
5196-SGOAK,Basic,Month-to-month,Monthly,Electronic check,75.7,1,cancelled,2026-07-29,2026-09-13
4537-DKTAL,Basic,Month-to-month,Monthly,Electronic check,45.55,2,active,2026-07-16,
7072-MBHEV,Basic,Month-to-month,Monthly,Credit card (automatic),78.1,11,active,2025-10-04,
5602-BVFMK,Standard,One year,Annual,Mailed check,19.3,12,active,2025-08-22,
6297-NOOPG,Pro,Two year,Annual,Electronic check,110.5,70,active,2020-11-14,
1891-UAWWU,Basic,Month-to-month,Monthly,Electronic check,90.8,20,cancelled,2024-12-30,2026-08-21
8204-TIFGJ,Basic,Month-to-month,Monthly,Bank transfer (automatic),20.3,23,active,2024-09-30,
8050-DVOJX,Pro,Two year,Annual,Credit card (automatic),81.35,49,active,2022-08-11,
6108-OQZDQ,Basic,Month-to-month,Monthly,Electronic check,97.95,4,cancelled,2026-05-08,2026-08-11
0363-QJVFX,Basic,Month-to-month,Monthly,Credit card (automatic),108.15,32,cancelled,2023-12-18,2026-08-16
8903-XEBGX,Basic,Month-to-month,Monthly,Electronic check,55.3,2,active,2026-07-01,
8169-SAEJD,Pro,Two year,Annual,Credit card (automatic),56.55,69,active,2020-11-18,
9840-DVNDC,Basic,Month-to-month,Monthly,Credit card (automatic),80.5,6,cancelled,2026-03-04,2026-09-07
1089-XZWHH,Pro,Two year,Annual,Mailed check,19.7,24,active,2024-08-22,
2325-WINES,Standard,One year,Annual,Credit card (automatic),104.05,32,active,2023-12-29,
6064-ZATLR,Pro,Two year,Annual,Bank transfer (automatic),52.85,27,active,2024-05-21,
3096-JRDSO,Basic,Month-to-month,Monthly,Bank transfer (automatic),104.3,27,cancelled,2024-06-08,2026-09-03
7824-PANSQ,Basic,Month-to-month,Monthly,Bank transfer (automatic),80.65,58,active,2021-11-05,
8042-JVNFH,Basic,Month-to-month,Monthly,Mailed check,71.35,1,cancelled,2026-08-16,2026-08-24
9648-BCHKM,Pro,Two year,Annual,Credit card (automatic),24.65,18,active,2025-03-12,
2888-ADFAO,Pro,Two year,Annual,Bank transfer (automatic),21.3,47,active,2022-10-13,
8707-HOEDG,Pro,Two year,Annual,Electronic check,110.2,70,active,2020-11-11,
3374-LXDEV,Basic,Month-to-month,Monthly,Electronic check,89.4,13,cancelled,2025-08-08,2026-08-08
4072-IPYLT,Basic,Month-to-month,Monthly,Credit card (automatic),51.05,36,active,2023-08-22,
7167-PCEYD,Pro,Two year,Annual,Mailed check,19.8,67,active,2021-02-04,
4936-YPJNK,Basic,Month-to-month,Monthly,Mailed check,19.9,10,active,2025-10-23,
1580-BMCMR,Basic,Month-to-month,Monthly,Electronic check,87.3,19,active,2025-01-22,
4817-KEQSP,Pro,Two year,Annual,Bank transfer (automatic),19.85,71,active,2020-09-17,
6408-WHTEF,Pro,Two year,Annual,Mailed check,89.4,72,active,2020-09-01,
9251-AWQGT,Pro,Two year,Annual,Mailed check,20.0,48,active,2022-08-22,
8749-CLJXC,Basic,Month-to-month,Monthly,Mailed check,20.05,1,active,2026-08-05,
7989-VCQOH,Basic,Month-to-month,Monthly,Electronic check,83.25,18,active,2025-02-28,
5049-GLYVG,Basic,Month-to-month,Monthly,Mailed check,20.6,1,cancelled,2026-07-24,2026-07-19
4199-QHJNM,Pro,Two year,Annual,Bank transfer (automatic),102.9,67,active,2021-02-11,
8882-TLVRW,Pro,Two year,Annual,Mailed check,39.1,69,active,2020-12-15,
5883-GTGVD,Basic,Month-to-month,Monthly,Electronic check,99.95,19,cancelled,2025-02-11,2026-08-25
5135-GRQJV,Pro,Two year,Annual,Mailed check,114.5,72,active,2020-08-26,
2384-OVPSA,Pro,Two year,Annual,Mailed check,20.2,38,active,2023-07-04,
1371-WEPDS,Standard,One year,Annual,Electronic check,55.8,40,active,2023-05-10,
3580-GICBM,Pro,Two year,Annual,Mailed check,24.2,61,active,2021-07-25,
4817-QRJSX,Basic,Month-to-month,Monthly,Credit card (automatic),81.0,10,cancelled,2025-11-16,2026-08-16
9730-DRTMJ,Standard,One year,Annual,Credit card (automatic),72.8,32,active,2024-01-11,
4686-UXDML,Basic,Month-to-month,Monthly,Credit card (automatic),99.85,21,active,2024-12-02,
3349-ANQNH,Standard,One year,Annual,Electronic check,99.5,59,active,2021-09-20,
2398-YPMUR,Basic,Month-to-month,Monthly,Electronic check,70.15,13,cancelled,2025-07-26,2026-08-28
0932-YIXYU,Pro,Two year,Annual,Credit card (automatic),20.25,47,active,2022-09-27,
7480-SPLEF,Pro,Two year,Annual,Bank transfer (automatic),26.0,69,active,2020-11-25,
7636-XUHWW,Basic,Month-to-month,Monthly,Credit card (automatic),19.9,2,active,2026-07-09,
1431-CYWMH,Basic,Month-to-month,Monthly,Bank transfer (automatic),19.05,22,active,2024-11-03,
5937-EORGB,Basic,Month-to-month,Monthly,Electronic check,96.5,15,active,2025-05-22,
6349-JDHQP,Pro,Two year,Annual,Credit card (automatic),19.85,53,active,2022-03-27,
5539-HIVAK,Basic,Month-to-month,Monthly,Mailed check,25.7,28,active,2024-04-30,
5847-MXBEO,Standard,One year,Annual,Mailed check,20.3,22,active,2024-11-14,
9985-MWVIX,Basic,Month-to-month,Monthly,Mailed check,70.15,1,cancelled,2026-07-27,2026-09-13
4583-PARNH,Basic,Month-to-month,Monthly,Electronic check,91.55,16,active,2025-05-07,
1116-FRYVH,Pro,Two year,Annual,Mailed check,39.4,48,active,2022-09-05,
1421-HCERK,Basic,Month-to-month,Monthly,Bank transfer (automatic),105.7,30,active,2024-02-26,
9633-XQABV,Basic,Month-to-month,Monthly,Electronic check,70.25,3,active,2026-06-06,
0716-BQNDX,Pro,Two year,Annual,Electronic check,93.75,57,active,2021-11-29,
1265-XTECC,Standard,One year,Annual,Credit card (automatic),96.55,68,cancelled,2021-01-16,2026-08-23
1183-CANVH,Standard,One year,Annual,Bank transfer (automatic),60.0,23,active,2024-10-11,
1972-XMUWV,Pro,Two year,Annual,Credit card (automatic),59.8,65,active,2021-04-01,
8679-LZBMD,Standard,One year,Annual,Bank transfer (automatic),90.65,44,active,2022-12-19,
3407-JMJQQ,Pro,Two year,Annual,Bank transfer (automatic),109.0,71,active,2020-09-24,
6252-DFGTK,Standard,One year,Annual,Credit card (automatic),68.1,37,active,2023-08-05,
1539-LNKHM,Basic,Month-to-month,Monthly,Mailed check,20.4,12,active,2025-08-18,
8645-KOMJQ,Pro,Two year,Annual,Bank transfer (automatic),81.95,69,active,2020-12-08,
0289-IVARM,Basic,Month-to-month,Monthly,Electronic check,60.55,35,active,2023-09-21,
9761-XUJWD,Basic,Month-to-month,Monthly,Bank transfer (automatic),65.6,5,active,2026-04-05,
4057-FKCZK,Pro,Two year,Annual,Bank transfer (automatic),82.5,58,active,2021-11-14,
4291-TPNFG,Pro,Two year,Annual,Bank transfer (automatic),82.3,72,active,2020-09-16,
6087-YPWHO,Pro,Two year,Annual,Mailed check,68.15,72,active,2020-08-18,
3090-QFUVD,Basic,Month-to-month,Monthly,Credit card (automatic),20.3,1,active,2026-07-29,
2237-ZFSMY,Standard,One year,Annual,Electronic check,95.55,39,cancelled,2023-06-13,2026-08-26
1722-LDZJS,Standard,One year,Annual,Credit card (automatic),20.2,53,active,2022-03-19,
1818-ESQMW,Basic,Month-to-month,Monthly,Electronic check,89.2,27,active,2024-06-16,
4871-JTKJF,Basic,Month-to-month,Monthly,Electronic check,69.65,1,cancelled,2026-08-07,2026-09-07
1415-YFWLT,Basic,Month-to-month,Monthly,Electronic check,89.3,1,cancelled,2026-07-26,2026-08-07
7401-RUBNK,Basic,Month-to-month,Monthly,Electronic check,74.8,18,active,2025-03-17,
0506-YLVKJ,Pro,Two year,Annual,Mailed check,20.2,46,active,2022-10-20,
8661-BOYNW,Pro,Two year,Annual,Credit card (automatic),84.4,72,active,2020-08-27,
6711-VTNRE,Basic,Month-to-month,Monthly,Electronic check,87.55,36,cancelled,2023-08-20,2026-08-31
4815-GBTCD,Basic,Month-to-month,Monthly,Electronic check,25.15,4,active,2026-04-23,
2805-AUFQN,Pro,Two year,Annual,Credit card (automatic),19.8,25,active,2024-07-23,
0980-PVMRC,Basic,Month-to-month,Monthly,Electronic check,50.85,40,active,2023-05-12,
7233-DRTRF,Basic,Month-to-month,Monthly,Electronic check,102.4,63,active,2021-06-11,
3500-RMZLT,Basic,Month-to-month,Monthly,Mailed check,96.3,15,cancelled,2025-06-10,2026-09-02
3873-NFTGI,Basic,Month-to-month,Monthly,Credit card (automatic),55.5,14,active,2025-07-13,
1162-ECVII,Pro,Two year,Annual,Bank transfer (automatic),109.75,72,active,2020-08-28,
7048-GXDAY,Basic,Month-to-month,Monthly,Electronic check,106.4,39,active,2023-06-16,
8571-ZCMCX,Pro,Two year,Annual,Credit card (automatic),60.0,47,active,2022-10-05,
1169-WCVAK,Basic,Month-to-month,Monthly,Credit card (automatic),88.8,19,active,2025-01-29,
4548-SDBKE,Basic,Month-to-month,Monthly,Electronic check,85.2,5,cancelled,2026-04-01,2026-08-24
8066-POXGX,Basic,Month-to-month,Monthly,Electronic check,35.1,13,cancelled,2025-08-03,2026-07-21
7129-CAKJW,Basic,Month-to-month,Monthly,Bank transfer (automatic),80.05,17,active,2025-04-11,
8695-ARGXZ,Basic,Month-to-month,Monthly,Electronic check,75.55,34,active,2023-11-14,
3570-YUEKJ,Basic,Month-to-month,Monthly,Electronic check,49.55,42,active,2023-02-17,
4143-OOBWZ,Basic,Month-to-month,Monthly,Electronic check,81.3,5,cancelled,2026-04-04,2026-08-09
1555-HAPSU,Pro,Two year,Annual,Credit card (automatic),23.9,71,active,2020-09-29,
1697-NVVGY,Basic,Month-to-month,Monthly,Bank transfer (automatic),66.4,19,active,2025-01-29,
7854-EKTJL,Basic,Month-to-month,Monthly,Electronic check,19.6,2,cancelled,2026-07-07,2026-08-21
8464-EETCQ,Pro,Two year,Annual,Credit card (automatic),18.8,57,active,2021-11-25,
2419-FSORS,Pro,Two year,Annual,Electronic check,108.4,72,active,2020-09-05,
8132-YPVBX,Basic,Month-to-month,Monthly,Mailed check,85.95,6,active,2026-03-06,
9102-IAYHT,Basic,Month-to-month,Monthly,Electronic check,85.45,17,cancelled,2025-03-24,2026-07-29
6754-LZUKA,Pro,Two year,Annual,Bank transfer (automatic),80.9,61,active,2021-08-08,
3422-LYEPQ,Basic,Month-to-month,Monthly,Electronic check,71.0,1,cancelled,2026-07-28,2026-09-14
8099-MZPUJ,Pro,Two year,Annual,Credit card (automatic),111.8,48,active,2022-08-28,
0787-LHDYT,Basic,Month-to-month,Monthly,Credit card (automatic),20.6,16,active,2025-05-17,
2642-DTVCO,Basic,Month-to-month,Monthly,Electronic check,85.05,9,cancelled,2025-11-27,2026-08-27
0374-IOEGQ,Basic,Month-to-month,Monthly,Electronic check,44.6,3,active,2026-05-24,
4361-JEIVL,Basic,Month-to-month,Monthly,Electronic check,44.4,1,cancelled,2026-08-09,2026-08-15
3197-NNYNB,Pro,Two year,Annual,Credit card (automatic),105.1,65,active,2021-03-21,
3396-DKDEL,Pro,Two year,Annual,Credit card (automatic),115.15,70,active,2020-11-16,
1752-OZXFY,Standard,One year,Annual,Mailed check,59.8,60,active,2021-09-11,
9066-QRSDU,Standard,One year,Annual,Electronic check,26.3,69,active,2020-11-18,
9112-WSNPU,Basic,Month-to-month,Monthly,Electronic check,70.55,35,active,2023-09-22,
9867-NNXLC,Basic,Month-to-month,Monthly,Mailed check,20.05,22,active,2024-10-25,
5321-NTRKC,Pro,Two year,Annual,Bank transfer (automatic),79.85,66,active,2021-02-27,
1363-TXLSL,Basic,Month-to-month,Monthly,Electronic check,70.3,1,cancelled,2026-08-11,2026-08-18
9507-EXLTT,Basic,Month-to-month,Monthly,Bank transfer (automatic),79.35,1,cancelled,2026-08-03,2026-08-07
3161-GETRM,Basic,Month-to-month,Monthly,Credit card (automatic),90.05,34,active,2023-11-01,
0402-OAMEN,Pro,Two year,Annual,Bank transfer (automatic),24.45,72,active,2020-09-14,
6933-VLYFX,Standard,One year,Annual,Electronic check,59.95,31,active,2024-01-30,
6754-WKSHP,Standard,One year,Annual,Bank transfer (automatic),25.35,30,active,2024-03-15,
9846-GKXAS,Basic,Month-to-month,Monthly,Bank transfer (automatic),90.8,9,cancelled,2025-12-14,2026-08-05
6017-PPLPX,Basic,Month-to-month,Monthly,Electronic check,70.45,20,cancelled,2025-01-11,2026-08-20
4976-LNFVV,Basic,Month-to-month,Monthly,Credit card (automatic),34.3,19,active,2025-02-10,
5055-MGMGF,Basic,Month-to-month,Monthly,Electronic check,105.05,65,active,2021-04-15,
4641-FROLU,Pro,Two year,Annual,Mailed check,19.3,30,active,2024-02-18,
2862-JVEOY,Standard,One year,Annual,Mailed check,19.15,6,active,2026-02-22,
2969-QWUBZ,Basic,Month-to-month,Monthly,Electronic check,51.4,2,active,2026-07-03,
9822-BIIGN,Basic,Month-to-month,Monthly,Electronic check,71.85,53,active,2022-04-06,
2077-MPJQO,Basic,Month-to-month,Monthly,Electronic check,75.4,7,active,2026-02-10,
1534-OULXE,Standard,One year,Annual,Bank transfer (automatic),49.7,61,active,2021-07-20,
7136-RVDTZ,Standard,One year,Annual,Electronic check,45.25,70,cancelled,2020-10-24,2026-07-23
2971-SGAFL,Basic,Month-to-month,Monthly,Electronic check,78.75,13,active,2025-07-26,
1480-IVEVR,Standard,One year,Annual,Bank transfer (automatic),81.6,35,active,2023-10-03,
2905-KFQUV,Basic,Month-to-month,Monthly,Credit card (automatic),70.4,2,active,2026-07-18,
4581-SSPWD,Basic,Month-to-month,Monthly,Electronic check,75.8,3,cancelled,2026-05-29,2026-07-23
3370-HXOPH,Basic,Month-to-month,Monthly,Electronic check,76.1,3,active,2026-06-03,
9391-YZEJW,Standard,One year,Annual,Bank transfer (automatic),94.0,62,active,2021-07-09,
9958-MEKUC,Pro,Two year,Annual,Credit card (automatic),103.95,72,active,2020-09-07,
0281-CNTZX,Pro,Two year,Annual,Bank transfer (automatic),19.95,63,active,2021-06-16,
6927-WTFIV,Basic,Month-to-month,Monthly,Credit card (automatic),71.3,20,cancelled,2024-12-21,2026-08-18
4118-CEVPF,Standard,One year,Annual,Bank transfer (automatic),110.8,35,active,2023-10-13,
3398-ZOUAA,Basic,Month-to-month,Monthly,Electronic check,69.1,21,cancelled,2024-11-22,2026-07-24
9114-VEPUF,Standard,One year,Annual,Electronic check,96.1,62,active,2021-06-18,
7876-BEUTG,Basic,Month-to-month,Monthly,Mailed check,48.8,15,active,2025-06-16,
2338-BQEZT,Basic,Month-to-month,Monthly,Credit card (automatic),50.55,55,active,2022-01-28,
9873-MNDKV,Basic,Month-to-month,Monthly,Mailed check,44.65,11,active,2025-10-15,
0378-NHQXU,Basic,Month-to-month,Monthly,Electronic check,88.25,17,cancelled,2025-03-24,2026-08-09
8241-JUIQO,Standard,One year,Annual,Bank transfer (automatic),19.45,61,active,2021-08-02,
2194-IIQOF,Pro,Two year,Annual,Credit card (automatic),89.3,71,active,2020-10-16,
4512-ZUIYL,Basic,Month-to-month,Monthly,Bank transfer (automatic),70.0,2,cancelled,2026-06-25,2026-09-07
9631-RXVJM,Pro,Two year,Annual,Mailed check,19.25,35,active,2023-09-25,
9584-EXCDZ,Basic,Month-to-month,Monthly,Bank transfer (automatic),70.5,17,active,2025-03-21,
7969-AULMZ,Basic,Month-to-month,Monthly,Electronic check,97.35,21,cancelled,2024-12-02,2026-09-08
5093-FEGLU,Pro,Two year,Annual,Bank transfer (automatic),19.65,47,active,2022-09-20,
2621-UDNLU,Basic,Month-to-month,Monthly,Mailed check,20.85,3,active,2026-05-29,
7526-IVLYU,Basic,Month-to-month,Monthly,Mailed check,19.65,3,active,2026-06-02,
2428-HYUNX,Pro,Two year,Annual,Credit card (automatic),19.35,44,active,2023-01-06,
9214-EKVXR,Basic,Month-to-month,Monthly,Mailed check,44.0,1,active,2026-08-09,
3410-MHHUM,Standard,One year,Annual,Electronic check,94.4,44,active,2022-12-29,
0568-ONFPC,Basic,Month-to-month,Monthly,Bank transfer (automatic),25.9,5,cancelled,2026-03-26,2026-09-11
0733-VUNUW,Basic,Month-to-month,Monthly,Bank transfer (automatic),55.65,24,cancelled,2024-09-15,2026-09-03
4550-EVXNY,Basic,Month-to-month,Monthly,Electronic check,69.65,1,cancelled,2026-08-05,2026-08-28
2122-YWVYA,Basic,Month-to-month,Monthly,Electronic check,75.4,18,active,2025-03-17,
2968-SSGAA,Basic,Month-to-month,Monthly,Electronic check,100.6,10,cancelled,2025-11-05,2026-09-11
2296-DKZFP,Pro,Two year,Annual,Bank transfer (automatic),71.0,65,active,2021-03-25,
4844-JJWUY,Basic,Month-to-month,Monthly,Electronic check,86.0,1,cancelled,2026-07-28,2026-08-11
6777-TGHTM,Standard,One year,Annual,Credit card (automatic),106.95,53,cancelled,2022-04-14,2026-08-22
8909-BOLNL,Standard,One year,Annual,Mailed check,21.2,3,active,2026-05-27,
6603-YRDCJ,Pro,Two year,Annual,Mailed check,61.05,33,active,2023-12-17,
3538-WZPHD,Basic,Month-to-month,Monthly,Electronic check,29.6,3,cancelled,2026-06-17,2026-08-11
3229-USWAR,Standard,One year,Annual,Bank transfer (automatic),79.95,34,active,2023-10-21,
2138-VFAPZ,Pro,Two year,Annual,Mailed check,19.7,14,active,2025-07-17,
6131-JLWZM,Basic,Month-to-month,Monthly,Mailed check,20.3,13,active,2025-08-10,
4785-QRJHC,Standard,One year,Annual,Bank transfer (automatic),59.9,46,cancelled,2022-11-13,2026-08-17
0269-XFESX,Standard,One year,Annual,Mailed check,24.35,23,active,2024-09-29,
1709-EJDOX,Pro,Two year,Annual,Mailed check,19.75,47,active,2022-10-02,
4316-XCSLJ,Basic,Month-to-month,Monthly,Mailed check,50.3,17,active,2025-03-23,
8610-WFCJF,Basic,Month-to-month,Monthly,Electronic check,95.6,49,cancelled,2022-07-19,2026-08-30
9693-XMUOB,Basic,Month-to-month,Monthly,Electronic check,50.25,59,active,2021-09-25,
0383-CLDDA,Pro,Two year,Annual,Credit card (automatic),85.35,69,active,2020-12-02,
4905-JEFDW,Standard,One year,Annual,Electronic check,41.6,11,cancelled,2025-10-16,2026-08-10
2709-UQGNP,Basic,Month-to-month,Monthly,Mailed check,51.65,10,active,2025-10-20,
3549-ZTMNH,Pro,Two year,Annual,Bank transfer (automatic),24.0,12,active,2025-08-31,
7881-INRLC,Basic,Month-to-month,Monthly,Credit card (automatic),100.85,45,cancelled,2022-12-11,2026-07-21
8033-ATFAS,Basic,Month-to-month,Monthly,Mailed check,59.85,39,active,2023-06-01,
1635-NZATJ,Pro,Two year,Annual,Credit card (automatic),25.45,71,active,2020-10-05,
0562-HKHML,Pro,Two year,Annual,Credit card (automatic),23.9,71,active,2020-10-06,
8277-RVRSV,Standard,One year,Annual,Credit card (automatic),24.15,33,active,2023-12-04,
9943-VSZUV,Basic,Month-to-month,Monthly,Mailed check,75.7,67,active,2021-01-24,
0117-LFRMW,Basic,Month-to-month,Monthly,Bank transfer (automatic),40.2,37,cancelled,2023-08-13,2026-08-28
6172-FECYY,Basic,Month-to-month,Monthly,Electronic check,84.5,49,cancelled,2022-07-20,2026-08-28
7054-ENNGU,Basic,Month-to-month,Monthly,Mailed check,50.85,9,active,2025-12-16,
1455-HFBXA,Pro,Two year,Annual,Credit card (automatic),91.6,52,active,2022-05-14,
9402-CXWPL,Standard,One year,Annual,Electronic check,98.9,70,active,2020-10-27,
1628-BIZYP,Basic,Month-to-month,Monthly,Electronic check,85.0,1,active,2026-08-13,
1965-AKTSX,Basic,Month-to-month,Monthly,Electronic check,78.95,14,cancelled,2025-06-24,2026-08-16
0082-LDZUE,Basic,Month-to-month,Monthly,Mailed check,44.3,1,active,2026-07-26,
4786-UKSNZ,Basic,Month-to-month,Monthly,Mailed check,20.2,1,cancelled,2026-08-05,2026-07-30
5343-SGUBI,Standard,One year,Annual,Mailed check,80.2,52,active,2022-05-05,
0856-NAOES,Basic,Month-to-month,Monthly,Mailed check,60.9,6,active,2026-02-17,
1976-AZZPJ,Basic,Month-to-month,Monthly,Mailed check,34.2,7,active,2026-01-23,
7248-VZQLC,Basic,Month-to-month,Monthly,Bank transfer (automatic),85.2,47,cancelled,2022-09-29,2026-08-15
6156-UZDLF,Standard,One year,Annual,Credit card (automatic),87.15,26,active,2024-07-13,
3099-OONVS,Basic,Month-to-month,Monthly,Electronic check,54.3,25,active,2024-07-30,
9500-WBGRP,Pro,Two year,Annual,Mailed check,19.1,69,active,2020-12-15,
5183-KLYEM,Pro,Two year,Annual,Credit card (automatic),112.75,72,active,2020-09-09,
5144-PQCDZ,Basic,Month-to-month,Monthly,Mailed check,19.95,4,active,2026-04-28,
8514-VZHEB,Pro,Two year,Annual,Mailed check,19.5,59,active,2021-10-05,
6625-IUTTT,Pro,Two year,Annual,Bank transfer (automatic),65.55,67,active,2021-01-17,
9355-NPPFS,Basic,Month-to-month,Monthly,Electronic check,78.8,26,active,2024-06-19,
0068-FIGTF,Standard,One year,Annual,Mailed check,78.2,27,active,2024-06-15,
5965-GGPRW,Pro,Two year,Annual,Bank transfer (automatic),105.25,72,active,2020-08-21,
8035-PWSEV,Basic,Month-to-month,Monthly,Electronic check,89.25,6,active,2026-02-21,
2236-HILPA,Pro,Two year,Annual,Credit card (automatic),20.65,62,active,2021-07-14,
1840-BIUOG,Standard,One year,Annual,Electronic check,68.7,20,active,2025-01-05,
1356-MKYSK,Basic,Month-to-month,Monthly,Credit card (automatic),78.65,6,active,2026-02-18,
6080-LNESI,Pro,Two year,Annual,Mailed check,24.75,51,active,2022-06-17,
1830-IPXVJ,Pro,Two year,Annual,Credit card (automatic),19.75,61,active,2021-08-16,
5828-DWPIL,Basic,Month-to-month,Monthly,Electronic check,89.1,62,active,2021-07-02,
8398-TBIYD,Pro,Two year,Annual,Bank transfer (automatic),84.7,72,active,2020-08-19,
0011-IGKFF,Basic,Month-to-month,Monthly,Electronic check,98.0,13,cancelled,2025-08-09,2026-07-28
4192-GORJT,Basic,Month-to-month,Monthly,Electronic check,94.45,5,cancelled,2026-03-25,2026-09-11
6496-SLWHQ,Basic,Month-to-month,Monthly,Electronic check,105.0,3,cancelled,2026-05-28,2026-09-10
9912-GVSEQ,Basic,Month-to-month,Monthly,Electronic check,93.85,26,cancelled,2024-07-13,2026-08-23
2931-FSOHN,Basic,Month-to-month,Monthly,Electronic check,59.9,13,active,2025-08-09,
9418-RUKPH,Pro,Two year,Annual,Mailed check,19.95,38,active,2023-06-30,
5383-MMTWC,Basic,Month-to-month,Monthly,Electronic check,84.0,8,cancelled,2026-01-02,2026-09-02
9971-ZWPBF,Basic,Month-to-month,Monthly,Electronic check,108.9,34,active,2023-11-10,
4712-AUQZO,Basic,Month-to-month,Monthly,Mailed check,33.6,18,active,2025-03-12,
9711-FJTBX,Standard,One year,Annual,Mailed check,85.85,56,active,2021-12-31,
2908-ZTPNF,Basic,Month-to-month,Monthly,Bank transfer (automatic),34.85,36,active,2023-08-24,
7240-ETPTR,Basic,Month-to-month,Monthly,Electronic check,48.75,9,cancelled,2025-12-05,2026-09-14
2202-CUYXZ,Basic,Month-to-month,Monthly,Electronic check,84.85,1,cancelled,2026-07-21,2026-09-03
5995-OIGLP,Basic,Month-to-month,Monthly,Mailed check,56.65,12,cancelled,2025-08-27,2026-08-31
8421-WZOOW,Basic,Month-to-month,Monthly,Credit card (automatic),95.3,57,active,2021-12-04,
6261-RCVNS,Standard,One year,Annual,Credit card (automatic),73.9,42,cancelled,2023-02-25,2026-07-23
7951-QKZPL,Pro,Two year,Annual,Mailed check,24.5,33,cancelled,2023-12-04,2026-07-31
1414-YADCW,Pro,Two year,Annual,Bank transfer (automatic),84.6,70,active,2020-10-25,
8756-RDDLT,Basic,Month-to-month,Monthly,Electronic check,44.95,68,active,2020-12-18,
2862-PFNIK,Basic,Month-to-month,Monthly,Electronic check,24.7,1,active,2026-07-25,
5816-QVHRX,Basic,Month-to-month,Monthly,Credit card (automatic),100.3,37,active,2023-08-13,
4430-YHXGG,Basic,Month-to-month,Monthly,Mailed check,25.45,4,active,2026-05-16,
6888-SBYAI,Basic,Month-to-month,Monthly,Mailed check,50.7,1,active,2026-07-24,
7395-XWZOY,Basic,Month-to-month,Monthly,Credit card (automatic),55.0,20,active,2024-12-22,
7169-YWAMK,Pro,Two year,Annual,Bank transfer (automatic),68.4,72,active,2020-08-30,
3640-PHQXK,Basic,Month-to-month,Monthly,Electronic check,89.9,31,cancelled,2024-02-09,2026-08-26
6877-LGWXO,Basic,Month-to-month,Monthly,Electronic check,78.55,18,cancelled,2025-02-20,2026-07-21
6859-RKMZJ,Basic,Month-to-month,Monthly,Bank transfer (automatic),55.05,11,active,2025-10-04,
2729-VNVAP,Pro,Two year,Annual,Credit card (automatic),19.8,33,active,2023-12-09,
2957-JIRMN,Standard,One year,Annual,Electronic check,84.45,62,active,2021-07-07,
2049-BAFNW,Basic,Month-to-month,Monthly,Mailed check,35.9,1,active,2026-08-09,
3842-QTGDL,Basic,Month-to-month,Monthly,Bank transfer (automatic),80.75,16,active,2025-05-09,
7163-OCEQI,Standard,One year,Annual,Mailed check,78.65,22,active,2024-11-07,
9782-LGXMC,Basic,Month-to-month,Monthly,Bank transfer (automatic),61.75,49,active,2022-07-28,
5975-BAICR,Standard,One year,Annual,Credit card (automatic),63.7,36,active,2023-09-17,
8019-ENHXU,Basic,Month-to-month,Monthly,Electronic check,99.45,42,cancelled,2023-03-08,2026-07-28
5167-GBFRE,Basic,Month-to-month,Monthly,Bank transfer (automatic),25.2,4,cancelled,2026-05-13,2026-09-01
9033-EOXWV,Standard,One year,Annual,Mailed check,74.05,12,cancelled,2025-08-28,2026-08-18
4673-KKSLS,Basic,Month-to-month,Monthly,Electronic check,87.6,31,active,2024-01-18,
4853-OITSN,Basic,Month-to-month,Monthly,Electronic check,89.15,5,active,2026-03-25,
9800-OUIGR,Pro,Two year,Annual,Credit card (automatic),20.0,66,active,2021-03-10,
1324-NLTJE,Basic,Month-to-month,Monthly,Credit card (automatic),55.0,15,cancelled,2025-06-02,2026-07-23
2324-EFHVG,Pro,Two year,Annual,Bank transfer (automatic),104.4,64,active,2021-05-17,
7094-MSZAO,Basic,Month-to-month,Monthly,Credit card (automatic),20.05,10,active,2025-11-04,
1522-VVDMG,Basic,Month-to-month,Monthly,Electronic check,89.75,7,cancelled,2026-02-07,2026-08-20
6907-CQGPN,Basic,Month-to-month,Monthly,Electronic check,34.3,29,active,2024-04-02,
0780-XNZFN,Pro,Two year,Annual,Bank transfer (automatic),20.65,57,active,2021-12-04,
0239-OXEXL,Basic,Month-to-month,Monthly,Mailed check,84.25,46,active,2022-10-27,
2675-IJRGJ,Pro,Two year,Annual,Bank transfer (automatic),19.65,53,active,2022-04-01,
7049-GKVZY,Standard,One year,Annual,Credit card (automatic),79.85,17,active,2025-03-20,
8577-QSOCG,Pro,Two year,Annual,Mailed check,20.2,38,active,2023-07-16,
3721-CNZHX,Standard,One year,Annual,Mailed check,19.8,15,active,2025-05-20,
0212-ISBBF,Basic,Month-to-month,Monthly,Electronic check,50.35,22,active,2024-10-24,
9185-TQCVP,Basic,Month-to-month,Monthly,Electronic check,85.15,14,cancelled,2025-06-26,2026-08-25
3585-YNADK,Standard,One year,Annual,Bank transfer (automatic),74.6,57,active,2021-11-22,
5271-DBYSJ,Basic,Month-to-month,Monthly,Credit card (automatic),79.15,11,active,2025-10-16,
1099-GODLO,Pro,Two year,Annual,Mailed check,20.35,1,active,2026-08-11,
6828-HMKWP,Pro,Two year,Annual,Bank transfer (automatic),21.05,12,active,2025-09-16,
5567-WSELE,Basic,Month-to-month,Monthly,Electronic check,94.6,3,cancelled,2026-05-25,2026-07-24
1472-TNCWL,Basic,Month-to-month,Monthly,Electronic check,94.7,36,active,2023-09-07,
8063-RJYNF,Basic,Month-to-month,Monthly,Electronic check,94.25,16,cancelled,2025-05-07,2026-08-08
0687-ZVTHB,Standard,One year,Annual,Credit card (automatic),72.45,65,cancelled,2021-03-30,2026-08-20
2080-GKCWQ,Basic,Month-to-month,Monthly,Electronic check,74.95,2,active,2026-07-06,
9661-ACXBS,Basic,Month-to-month,Monthly,Electronic check,105.2,42,cancelled,2023-02-27,2026-07-26
2193-SFWQW,Pro,Two year,Annual,Bank transfer (automatic),111.95,72,active,2020-08-19,
5656-JAMLX,Pro,Two year,Annual,Bank transfer (automatic),19.85,62,active,2021-07-08,
3462-BJQQA,Basic,Month-to-month,Monthly,Electronic check,89.75,6,active,2026-02-20,
0442-TDYUO,Pro,Two year,Annual,Mailed check,20.05,48,active,2022-09-01,
6733-LRIZX,Pro,Two year,Annual,Electronic check,108.95,35,active,2023-10-06,
9503-XJUME,Standard,One year,Annual,Credit card (automatic),19.65,52,active,2022-04-21,
4367-NHWMM,Basic,Month-to-month,Monthly,Mailed check,24.9,1,active,2026-08-03,
3727-RJMEO,Basic,Month-to-month,Monthly,Electronic check,82.85,6,cancelled,2026-03-15,2026-08-03
3779-OSWCF,Pro,Two year,Annual,Credit card (automatic),93.2,71,active,2020-10-08,
6736-DHUQI,Standard,One year,Annual,Bank transfer (automatic),84.8,67,active,2021-01-21,
3915-ODIYG,Standard,One year,Annual,Electronic check,71.75,60,active,2021-09-01,
1360-RCYRT,Basic,Month-to-month,Monthly,Bank transfer (automatic),30.35,23,active,2024-09-30,
2724-FJDYW,Standard,One year,Annual,Bank transfer (automatic),54.85,39,active,2023-05-28,
4451-RWASJ,Standard,One year,Annual,Mailed check,19.5,15,active,2025-06-12,
6646-VRFOL,Basic,Month-to-month,Monthly,Electronic check,103.85,53,cancelled,2022-04-15,2026-08-26
3460-TJBWI,Pro,Two year,Annual,Mailed check,24.2,24,active,2024-09-03,
5917-HBSDW,Basic,Month-to-month,Monthly,Electronic check,19.35,37,active,2023-07-21,
5685-IIXLY,Basic,Month-to-month,Monthly,Electronic check,83.6,5,cancelled,2026-04-14,2026-08-21
5671-UUNXD,Standard,One year,Annual,Electronic check,100.65,50,active,2022-06-26,
0956-ACVZC,Standard,One year,Annual,Credit card (automatic),94.1,54,active,2022-02-17,
2325-NBPZG,Basic,Month-to-month,Monthly,Electronic check,74.55,3,active,2026-06-15,
4250-ZBWLV,Standard,One year,Annual,Electronic check,108.45,68,cancelled,2021-01-13,2026-09-13
4482-FTFFX,Basic,Month-to-month,Monthly,Electronic check,56.15,5,active,2026-03-22,
8859-DZTGQ,Pro,Two year,Annual,Mailed check,20.35,33,active,2023-12-14,
0440-MOGPM,Standard,One year,Annual,Electronic check,80.55,41,active,2023-03-26,
0020-JDNXP,Standard,One year,Annual,Mailed check,61.25,34,active,2023-10-25,
3752-CQSJI,Basic,Month-to-month,Monthly,Mailed check,20.45,13,active,2025-08-08,
5025-GOOKI,Basic,Month-to-month,Monthly,Credit card (automatic),18.9,20,active,2025-01-08,
4698-KVLLG,Pro,Two year,Annual,Credit card (automatic),19.6,51,active,2022-06-02,
5095-AESKG,Basic,Month-to-month,Monthly,Credit card (automatic),91.5,3,cancelled,2026-06-02,2026-09-09
2887-JPYLU,Basic,Month-to-month,Monthly,Bank transfer (automatic),45.2,41,active,2023-03-23,
4770-QAZXN,Basic,Month-to-month,Monthly,Credit card (automatic),19.45,13,active,2025-07-31,
4896-CPRPF,Pro,Two year,Annual,Bank transfer (automatic),25.45,35,active,2023-09-18,
1871-MOWRM,Basic,Month-to-month,Monthly,Bank transfer (automatic),80.85,12,cancelled,2025-09-09,2026-07-21
9714-EDSUC,Basic,Month-to-month,Monthly,Mailed check,94.9,4,active,2026-05-10,
2027-OAQQC,Basic,Month-to-month,Monthly,Bank transfer (automatic),49.05,43,cancelled,2023-02-09,2026-09-12
0282-NVSJS,Basic,Month-to-month,Monthly,Mailed check,29.3,12,active,2025-08-28,
9090-SGQXL,Basic,Month-to-month,Monthly,Electronic check,105.3,68,cancelled,2021-01-15,2026-07-28
6595-YGXIT,Basic,Month-to-month,Monthly,Electronic check,88.95,25,cancelled,2024-07-22,2026-09-03
7353-YOWFP,Standard,One year,Annual,Mailed check,20.25,7,active,2026-01-23,
9835-ZIITK,Standard,One year,Annual,Electronic check,110.85,66,cancelled,2021-02-16,2026-08-15
8008-ESFLK,Standard,One year,Annual,Electronic check,110.5,53,active,2022-03-20,
7537-CBQUZ,Basic,Month-to-month,Monthly,Bank transfer (automatic),109.4,63,active,2021-06-15,
1555-DJEQW,Pro,Two year,Annual,Bank transfer (automatic),114.2,70,cancelled,2020-10-25,2026-08-04
5649-TJHOV,Basic,Month-to-month,Monthly,Bank transfer (automatic),36.5,27,cancelled,2024-06-02,2026-07-19
0519-XUZJU,Basic,Month-to-month,Monthly,Mailed check,70.75,1,cancelled,2026-07-26,2026-08-24
3363-EWLGO,Basic,Month-to-month,Monthly,Mailed check,19.95,5,active,2026-03-22,
4750-UKWJK,Standard,One year,Annual,Mailed check,19.6,37,active,2023-07-31,
6338-AVWCY,Basic,Month-to-month,Monthly,Mailed check,40.15,3,cancelled,2026-06-17,2026-07-23
1689-YQBYY,Basic,Month-to-month,Monthly,Electronic check,76.6,12,active,2025-08-22,
4487-ZYJZK,Standard,One year,Annual,Credit card (automatic),19.6,38,active,2023-07-05,
2959-FENLU,Basic,Month-to-month,Monthly,Credit card (automatic),85.3,9,active,2025-12-04,
0708-LGSMF,Basic,Month-to-month,Monthly,Electronic check,65.85,13,active,2025-07-31,
9253-QXKBE,Basic,Month-to-month,Monthly,Electronic check,94.45,29,cancelled,2024-03-21,2026-08-20
7634-HLQJR,Pro,Two year,Annual,Credit card (automatic),20.05,47,active,2022-10-02,
0487-RPVUM,Basic,Month-to-month,Monthly,Bank transfer (automatic),99.4,61,active,2021-08-11,
4079-ULGFR,Basic,Month-to-month,Monthly,Mailed check,20.0,16,active,2025-04-26,
2516-XSJKX,Pro,Two year,Annual,Electronic check,78.45,41,active,2023-03-30,
0057-QBUQH,Pro,Two year,Annual,Electronic check,25.1,43,active,2023-02-15,
9445-SZLCH,Basic,Month-to-month,Monthly,Bank transfer (automatic),97.35,36,cancelled,2023-09-02,2026-07-26
6599-SFQVE,Basic,Month-to-month,Monthly,Electronic check,55.0,6,active,2026-02-23,
8331-ZXFOE,Standard,One year,Annual,Credit card (automatic),71.1,58,active,2021-10-21,
4003-FUSHP,Basic,Month-to-month,Monthly,Credit card (automatic),61.55,19,active,2025-02-07,
0356-ERHVT,Basic,Month-to-month,Monthly,Bank transfer (automatic),45.9,11,active,2025-10-02,
7325-ENZFI,Standard,One year,Annual,Bank transfer (automatic),40.3,39,active,2023-05-24,
4884-ZTHVF,Basic,Month-to-month,Monthly,Electronic check,87.1,8,active,2025-12-30,
3920-HIHMQ,Basic,Month-to-month,Monthly,Mailed check,49.5,26,active,2024-07-05,
3055-OYMSE,Basic,Month-to-month,Monthly,Credit card (automatic),73.8,53,active,2022-04-12,
0613-WUXUM,Pro,Two year,Annual,Mailed check,19.2,70,active,2020-11-15,
7568-PODML,Basic,Month-to-month,Monthly,Mailed check,45.3,1,cancelled,2026-07-28,2026-09-09
4458-KVRBJ,Pro,Two year,Annual,Mailed check,25.0,59,active,2021-09-19,
5349-IECLD,Basic,Month-to-month,Monthly,Electronic check,94.95,2,cancelled,2026-06-30,2026-08-31
1397-XKKWR,Standard,One year,Annual,Mailed check,35.3,7,active,2026-01-23,
3945-GFWQL,Basic,Month-to-month,Monthly,Electronic check,44.55,12,cancelled,2025-08-27,2026-08-10
8097-OMULG,Standard,One year,Annual,Credit card (automatic),76.75,59,active,2021-10-07,
6013-BHCAW,Pro,Two year,Annual,Bank transfer (automatic),81.0,61,active,2021-08-02,
0401-WDBXM,Pro,Two year,Annual,Bank transfer (automatic),105.55,72,active,2020-09-08,
3387-PLKUI,Basic,Month-to-month,Monthly,Mailed check,18.8,13,active,2025-08-11,
6096-EGVTU,Standard,One year,Annual,Mailed check,24.9,64,active,2021-04-30,
3797-VTIDR,Basic,Month-to-month,Monthly,Electronic check,23.45,1,cancelled,2026-07-29,2026-08-05
5081-NWSUP,Standard,One year,Annual,Mailed check,64.9,10,active,2025-10-18,
2580-ATZSQ,Standard,One year,Annual,Bank transfer (automatic),61.35,65,active,2021-04-10,
8085-MSNLK,Pro,Two year,Annual,Mailed check,113.95,62,active,2021-07-09,
9691-HKOVS,Standard,One year,Annual,Electronic check,90.15,55,active,2022-02-11,
9881-VCZEP,Basic,Month-to-month,Monthly,Electronic check,54.1,25,active,2024-07-19,
9526-BIHHD,Basic,Month-to-month,Monthly,Mailed check,29.7,1,cancelled,2026-07-25,2026-07-30
8757-TFHHJ,Basic,Month-to-month,Monthly,Credit card (automatic),49.8,1,active,2026-08-08,
4523-WXCEF,Basic,Month-to-month,Monthly,Electronic check,101.1,59,cancelled,2021-09-18,2026-08-25
1468-DEFNC,Pro,Two year,Annual,Bank transfer (automatic),24.4,64,active,2021-04-26,
5119-KEPFY,Basic,Month-to-month,Monthly,Bank transfer (automatic),95.0,36,active,2023-09-03,
8364-TRMMK,Basic,Month-to-month,Monthly,Mailed check,50.65,3,cancelled,2026-06-06,2026-08-10
0916-KNFAJ,Pro,Two year,Annual,Mailed check,69.9,61,active,2021-07-31,
8319-QBEHW,Standard,One year,Annual,Bank transfer (automatic),39.95,26,active,2024-07-15,
3063-QFSZL,Basic,Month-to-month,Monthly,Electronic check,55.4,1,cancelled,2026-08-12,2026-08-10
8775-LHDJH,Basic,Month-to-month,Monthly,Electronic check,90.6,1,cancelled,2026-07-20,2026-07-19
9625-QNLUX,Pro,Two year,Annual,Credit card (automatic),103.25,68,active,2021-01-10,
3097-NQYSN,Basic,Month-to-month,Monthly,Mailed check,86.85,2,cancelled,2026-07-14,2026-09-09
4024-CSNBY,Pro,Two year,Annual,Bank transfer (automatic),94.25,72,active,2020-08-22,
7110-BDTWG,Pro,Two year,Annual,Electronic check,47.05,71,active,2020-09-18,
7493-GVFIO,Pro,Two year,Annual,Credit card (automatic),20.55,57,active,2021-11-22,
0690-SRQID,Basic,Month-to-month,Monthly,Mailed check,19.65,4,active,2026-05-15,
9605-WGJVW,Basic,Month-to-month,Monthly,Electronic check,70.2,1,active,2026-07-23,
9114-DPSIA,Pro,Two year,Annual,Credit card (automatic),81.0,72,active,2020-09-08,
4700-UBQMV,Standard,One year,Annual,Bank transfer (automatic),75.9,21,active,2024-12-16,
7711-GQBZC,Pro,Two year,Annual,Bank transfer (automatic),24.7,71,active,2020-09-19,
3565-UNOCC,Basic,Month-to-month,Monthly,Bank transfer (automatic),99.05,29,cancelled,2024-04-09,2026-09-15
4627-MIHJH,Pro,Two year,Annual,Credit card (automatic),110.25,69,active,2020-11-27,
9795-NREXC,Pro,Two year,Annual,Credit card (automatic),85.0,64,active,2021-05-15,
8573-CGOCC,Basic,Month-to-month,Monthly,Credit card (automatic),19.75,16,active,2025-05-12,
7356-AYNJP,Standard,One year,Annual,Electronic check,23.9,4,active,2026-04-22,
9249-FXSCK,Standard,One year,Annual,Credit card (automatic),111.25,52,cancelled,2022-05-01,2026-08-13
5493-SDRDQ,Basic,Month-to-month,Monthly,Mailed check,55.1,2,cancelled,2026-06-19,2026-09-15
6286-SUUWT,Basic,Month-to-month,Monthly,Mailed check,19.95,1,active,2026-08-12,
4819-HJPIW,Basic,Month-to-month,Monthly,Mailed check,25.15,18,active,2025-02-20,
8654-DHAOW,Basic,Month-to-month,Monthly,Mailed check,54.15,2,active,2026-06-22,
5438-QMDDL,Basic,Month-to-month,Monthly,Mailed check,59.8,19,active,2025-01-19,
9812-GHVRI,Basic,Month-to-month,Monthly,Bank transfer (automatic),83.85,40,active,2023-05-17,
5553-AOINX,Standard,One year,Annual,Electronic check,104.9,66,active,2021-03-14,
1228-ZLNBX,Basic,Month-to-month,Monthly,Mailed check,75.3,21,active,2024-12-01,
4226-KKDON,Basic,Month-to-month,Monthly,Electronic check,66.65,8,active,2026-01-13,
3831-YCPUO,Pro,Two year,Annual,Credit card (automatic),109.5,72,active,2020-09-15,
7445-WMRBW,Standard,One year,Annual,Bank transfer (automatic),73.85,48,active,2022-08-23,
3308-DGHKL,Pro,Two year,Annual,Bank transfer (automatic),19.3,69,active,2020-11-26,
9924-JPRMC,Pro,Two year,Annual,Electronic check,118.2,72,active,2020-08-22,
0080-EMYVY,Standard,One year,Annual,Credit card (automatic),51.45,14,active,2025-06-19,
6218-KNUBD,Basic,Month-to-month,Monthly,Electronic check,59.45,6,active,2026-03-14,
7337-CINUD,Pro,Two year,Annual,Bank transfer (automatic),19.5,8,active,2025-12-23,
7609-NRNCA,Standard,One year,Annual,Mailed check,19.55,17,active,2025-04-16,
0623-EJQEG,Standard,One year,Annual,Electronic check,93.55,65,active,2021-04-06,
7153-CHRBV,Standard,One year,Annual,Mailed check,59.3,57,active,2021-12-08,
0871-URUWO,Basic,Month-to-month,Monthly,Credit card (automatic),102.25,13,cancelled,2025-08-10,2026-09-04
9190-MFJLN,Basic,Month-to-month,Monthly,Credit card (automatic),95.9,19,cancelled,2025-01-25,2026-08-17
6198-PNNSZ,Standard,One year,Annual,Bank transfer (automatic),109.8,56,active,2022-01-13,
3317-VLGQT,Basic,Month-to-month,Monthly,Electronic check,78.1,14,active,2025-06-23,
4132-POCZS,Basic,Month-to-month,Monthly,Electronic check,39.9,52,active,2022-04-22,
5614-DNZCE,Pro,Two year,Annual,Credit card (automatic),64.9,58,active,2021-10-28,
1095-JUDTC,Basic,Month-to-month,Monthly,Electronic check,95.05,47,cancelled,2022-10-15,2026-08-31
3896-RCYYE,Basic,Month-to-month,Monthly,Credit card (automatic),53.4,67,active,2021-01-29,
9638-JIQYA,Basic,Month-to-month,Monthly,Credit card (automatic),24.9,2,active,2026-06-30,
3258-SANFR,Basic,Month-to-month,Monthly,Credit card (automatic),44.7,6,active,2026-03-07,
3726-TBHQT,Pro,Two year,Annual,Bank transfer (automatic),114.0,71,active,2020-10-05,
3190-ITQXP,Pro,Two year,Annual,Bank transfer (automatic),20.25,46,active,2022-11-02,
0870-VEMYL,Basic,Month-to-month,Monthly,Credit card (automatic),53.85,5,cancelled,2026-03-19,2026-08-31
4833-QTJNO,Basic,Month-to-month,Monthly,Bank transfer (automatic),83.85,67,active,2021-02-15,
3039-MJSLN,Basic,Month-to-month,Monthly,Bank transfer (automatic),20.2,3,active,2026-06-02,
0178-CIIKR,Basic,Month-to-month,Monthly,Mailed check,19.95,3,active,2026-06-08,
5385-SUIRI,Basic,Month-to-month,Monthly,Electronic check,104.2,52,cancelled,2022-05-02,2026-08-26
3982-XWFZQ,Basic,Month-to-month,Monthly,Electronic check,50.25,42,cancelled,2023-03-18,2026-08-06
5774-QPLTF,Standard,One year,Annual,Mailed check,20.35,50,active,2022-06-20,
2322-VCZHZ,Basic,Month-to-month,Monthly,Electronic check,90.0,23,active,2024-10-03,
5010-IPEAQ,Pro,Two year,Annual,Credit card (automatic),54.2,67,active,2021-01-17,
4009-ALQFH,Basic,Month-to-month,Monthly,Electronic check,99.5,25,cancelled,2024-08-12,2026-08-25
6383-ZTSIW,Standard,One year,Annual,Mailed check,99.1,39,active,2023-05-31,
8990-YOZLV,Pro,Two year,Annual,Mailed check,66.9,69,active,2020-11-26,
3069-SSVSN,Standard,One year,Annual,Mailed check,25.85,1,active,2026-07-25,
5222-IMUKT,Basic,Month-to-month,Monthly,Electronic check,91.05,32,active,2024-01-16,
3627-FCRDW,Basic,Month-to-month,Monthly,Electronic check,71.0,9,cancelled,2025-11-28,2026-07-31
7562-GSUHK,Basic,Month-to-month,Monthly,Credit card (automatic),93.2,16,cancelled,2025-05-13,2026-09-06
6685-XSHHU,Pro,Two year,Annual,Bank transfer (automatic),20.95,60,active,2021-09-04,
8901-UPRHR,Pro,Two year,Annual,Bank transfer (automatic),109.2,72,active,2020-09-15,
4903-UYAVB,Basic,Month-to-month,Monthly,Mailed check,19.35,5,cancelled,2026-04-16,2026-09-09
0118-JPNOY,Basic,Month-to-month,Monthly,Credit card (automatic),85.8,26,active,2024-06-25,
6776-TLWOI,Basic,Month-to-month,Monthly,Mailed check,19.85,3,cancelled,2026-05-27,2026-09-06
3845-FXCYS,Basic,Month-to-month,Monthly,Electronic check,19.65,2,active,2026-06-22,
5857-XRECV,Standard,One year,Annual,Bank transfer (automatic),20.5,2,active,2026-06-27,
0725-CXOTM,Standard,One year,Annual,Credit card (automatic),89.65,36,active,2023-08-31,
4343-EJVQB,Basic,Month-to-month,Monthly,Mailed check,74.35,7,active,2026-02-12,
9000-PLFUZ,Pro,Two year,Annual,Credit card (automatic),49.45,60,active,2021-08-25,
3427-GGZZI,Basic,Month-to-month,Monthly,Electronic check,89.1,19,active,2025-02-09,
7779-ORAEL,Pro,Two year,Annual,Credit card (automatic),75.15,45,active,2022-12-14,
0644-OQMDK,Basic,Month-to-month,Monthly,Electronic check,70.65,4,active,2026-04-27,
4077-CROMM,Basic,Month-to-month,Monthly,Electronic check,104.2,31,cancelled,2024-01-30,2026-07-23
3154-CFSZG,Basic,Month-to-month,Monthly,Electronic check,90.05,47,active,2022-10-13,
2868-MZAGQ,Basic,Month-to-month,Monthly,Electronic check,79.25,1,cancelled,2026-08-01,2026-08-30
4847-QNOKA,Basic,Month-to-month,Monthly,Bank transfer (automatic),44.9,1,cancelled,2026-07-28,2026-09-14
2220-IAHLS,Basic,Month-to-month,Monthly,Credit card (automatic),19.4,1,active,2026-08-03,
1658-XUHBX,Basic,Month-to-month,Monthly,Credit card (automatic),88.75,59,active,2021-09-26,
6379-RXJRQ,Basic,Month-to-month,Monthly,Electronic check,70.1,10,cancelled,2025-11-01,2026-08-28
2378-HTWFW,Basic,Month-to-month,Monthly,Credit card (automatic),91.0,35,active,2023-10-07,
8650-RHRKE,Basic,Month-to-month,Monthly,Electronic check,29.65,4,cancelled,2026-05-12,2026-08-06
4377-VDHYI,Standard,One year,Annual,Electronic check,90.8,32,active,2024-01-09,
0475-RIJEP,Basic,Month-to-month,Monthly,Electronic check,77.85,43,cancelled,2023-01-23,2026-08-25
1260-TTRXI,Basic,Month-to-month,Monthly,Electronic check,54.3,4,cancelled,2026-05-07,2026-08-24
3719-TDVQB,Pro,Two year,Annual,Mailed check,18.95,54,active,2022-02-25,
6328-ZPBGN,Basic,Month-to-month,Monthly,Bank transfer (automatic),95.15,11,cancelled,2025-10-07,2026-09-10
0201-MIBOL,Pro,Two year,Annual,Bank transfer (automatic),102.4,66,active,2021-03-02,
4937-QPZPO,Standard,One year,Annual,Electronic check,99.9,61,active,2021-07-30,
2925-VDZHY,Pro,Two year,Annual,Credit card (automatic),88.7,72,active,2020-09-02,
6981-TDRFT,Standard,One year,Annual,Electronic check,54.3,44,active,2022-12-25,
3413-CSSTH,Basic,Month-to-month,Monthly,Bank transfer (automatic),55.7,41,active,2023-03-21,
8033-VCZGH,Standard,One year,Annual,Electronic check,103.95,50,active,2022-06-22,
4789-KWMXN,Standard,One year,Annual,Credit card (automatic),110.85,47,cancelled,2022-09-20,2026-08-07
0224-NIJLP,Pro,Two year,Annual,Mailed check,20.15,8,active,2026-01-16,
7542-CYDDM,Basic,Month-to-month,Monthly,Mailed check,20.05,18,active,2025-02-24,
4718-WXBGI,Pro,Two year,Annual,Credit card (automatic),91.95,72,active,2020-08-26,
2867-UIMSS,Basic,Month-to-month,Monthly,Electronic check,80.5,1,cancelled,2026-08-05,2026-09-02
8495-PRWFH,Basic,Month-to-month,Monthly,Electronic check,55.65,42,active,2023-03-09,
0439-IFYUN,Basic,Month-to-month,Monthly,Electronic check,74.7,18,active,2025-03-17,
5716-LIBJC,Standard,One year,Annual,Credit card (automatic),104.15,13,active,2025-07-23,
2868-LLSKM,Standard,One year,Annual,Bank transfer (automatic),83.65,68,active,2020-12-22,
8111-RKSPX,Basic,Month-to-month,Monthly,Bank transfer (automatic),72.2,4,cancelled,2026-05-16,2026-09-10
2988-QRAJY,Pro,Two year,Annual,Credit card (automatic),110.05,69,active,2020-11-29,
1585-MQSSU,Basic,Month-to-month,Monthly,Mailed check,51.5,17,cancelled,2025-04-01,2026-08-04
0071-NDAFP,Pro,Two year,Annual,Credit card (automatic),25.5,25,active,2024-08-11,
2856-NNASM,Basic,Month-to-month,Monthly,Mailed check,89.55,43,cancelled,2023-01-31,2026-07-22
7328-ZJAJO,Pro,Two year,Annual,Credit card (automatic),19.5,59,active,2021-09-23,
6458-CYIDZ,Basic,Month-to-month,Monthly,Electronic check,80.7,5,active,2026-04-08,
8559-CIZFV,Standard,One year,Annual,Mailed check,77.5,21,cancelled,2024-11-25,2026-08-10
1090-PYKCI,Standard,One year,Annual,Credit card (automatic),105.1,69,active,2020-11-17,
3058-WQDRE,Basic,Month-to-month,Monthly,Bank transfer (automatic),25.15,13,active,2025-08-04,
7547-EKNFS,Basic,Month-to-month,Monthly,Bank transfer (automatic),95.25,42,cancelled,2023-03-15,2026-07-22
2279-AXJJK,Basic,Month-to-month,Monthly,Credit card (automatic),95.65,52,active,2022-05-10,
6769-DYBQN,Basic,Month-to-month,Monthly,Electronic check,85.0,46,cancelled,2022-11-12,2026-08-23
0909-SELIE,Pro,Two year,Annual,Bank transfer (automatic),80.8,61,active,2021-08-07,
3417-TSCIC,Standard,One year,Annual,Mailed check,24.85,29,active,2024-03-29,
1042-HFUCW,Standard,One year,Annual,Credit card (automatic),54.75,25,active,2024-08-10,
4439-JMPMT,Basic,Month-to-month,Monthly,Electronic check,85.75,5,cancelled,2026-04-02,2026-08-16
6537-OTKMY,Standard,One year,Annual,Electronic check,50.75,15,active,2025-05-19,
8999-EXMNO,Pro,Two year,Annual,Mailed check,20.15,19,active,2025-02-08,
6725-TPKJO,Pro,Two year,Annual,Mailed check,20.05,44,active,2022-12-21,
2446-BEGGB,Basic,Month-to-month,Monthly,Electronic check,98.25,6,cancelled,2026-03-09,2026-08-25
7162-WPHPM,Pro,Two year,Annual,Credit card (automatic),71.6,58,active,2021-10-29,
1599-MMYRQ,Standard,One year,Annual,Credit card (automatic),81.45,62,active,2021-07-13,
8821-KVZKQ,Standard,One year,Annual,Bank transfer (automatic),58.4,70,active,2020-11-08,
1496-GGSUK,Basic,Month-to-month,Monthly,Mailed check,25.7,1,cancelled,2026-07-22,2026-08-16
6434-TTGJP,Pro,Two year,Annual,Credit card (automatic),53.7,10,active,2025-10-30,
0042-JVWOJ,Standard,One year,Annual,Bank transfer (automatic),19.6,26,active,2024-06-30,
0130-SXOUN,Basic,Month-to-month,Monthly,Credit card (automatic),89.4,66,active,2021-03-02,
2575-GFSOE,Basic,Month-to-month,Monthly,Electronic check,69.0,7,cancelled,2026-02-08,2026-07-25
2330-PQGDQ,Standard,One year,Annual,Bank transfer (automatic),84.2,51,active,2022-05-21,
1452-UZOSF,Pro,Two year,Annual,Credit card (automatic),106.1,72,active,2020-09-05,
2097-YVPKN,Pro,Two year,Annual,Mailed check,25.75,65,active,2021-04-17,
2842-JTCCU,Basic,Month-to-month,Monthly,Bank transfer (automatic),46.05,2,cancelled,2026-06-21,2026-08-09
8597-CTXVJ,Standard,One year,Annual,Bank transfer (automatic),64.95,70,active,2020-11-15,
6631-HMANX,Pro,Two year,Annual,Credit card (automatic),85.45,72,active,2020-08-21,
9962-BFPDU,Basic,Month-to-month,Monthly,Mailed check,20.05,1,active,2026-08-10,
3296-SILRA,Basic,Month-to-month,Monthly,Mailed check,76.4,1,cancelled,2026-08-15,2026-09-14
9681-OXGVC,Basic,Month-to-month,Monthly,Electronic check,100.5,5,cancelled,2026-04-11,2026-08-12
6394-HHHZM,Basic,Month-to-month,Monthly,Mailed check,20.7,3,active,2026-05-29,
5995-LFTLE,Pro,Two year,Annual,Credit card (automatic),25.3,58,active,2021-10-31,
5180-UCIIQ,Basic,Month-to-month,Monthly,Mailed check,40.05,22,cancelled,2024-11-12,2026-08-24
1932-UEDCX,Basic,Month-to-month,Monthly,Bank transfer (automatic),100.6,33,active,2023-12-08,
7153-OANIO,Basic,Month-to-month,Monthly,Electronic check,69.95,1,cancelled,2026-08-11,2026-08-14
5188-HGMLP,Basic,Month-to-month,Monthly,Bank transfer (automatic),74.0,54,active,2022-02-27,
0665-XHDJU,Pro,Two year,Annual,Electronic check,99.4,72,active,2020-08-22,
6521-YYTYI,Basic,Month-to-month,Monthly,Electronic check,93.3,1,cancelled,2026-08-10,2026-08-14
8878-HMWBV,Basic,Month-to-month,Monthly,Electronic check,49.15,3,cancelled,2026-05-22,2026-08-12
8265-HKSOW,Pro,Two year,Annual,Credit card (automatic),107.45,72,active,2020-09-04,
3544-FBCAS,Pro,Two year,Annual,Credit card (automatic),83.6,72,active,2020-09-14,
5331-RGMTT,Basic,Month-to-month,Monthly,Credit card (automatic),99.05,54,active,2022-03-09,
4759-PXTAN,Standard,One year,Annual,Electronic check,80.1,59,active,2021-09-21,
7054-DMVAS,Pro,Two year,Annual,Bank transfer (automatic),65.3,54,active,2022-02-22,
3428-MMGUB,Pro,Two year,Annual,Electronic check,89.55,60,active,2021-08-26,
6549-BTYPG,Pro,Two year,Annual,Credit card (automatic),60.8,60,active,2021-09-05,
7823-JSOAG,Basic,Month-to-month,Monthly,Electronic check,74.5,3,active,2026-05-25,
3705-RHRFR,Pro,Two year,Annual,Bank transfer (automatic),99.15,69,active,2020-11-25,
9374-YOLBJ,Basic,Month-to-month,Monthly,Electronic check,19.25,1,active,2026-07-25,
9074-KGVOX,Basic,Month-to-month,Monthly,Credit card (automatic),39.45,50,active,2022-07-01,
6128-DAFVY,Basic,Month-to-month,Monthly,Credit card (automatic),44.85,56,active,2022-01-01,
9933-QRGTX,Pro,Two year,Annual,Electronic check,97.2,60,active,2021-08-18,
4476-OSWTN,Standard,One year,Annual,Mailed check,110.55,69,active,2020-11-18,
3751-KTZEL,Basic,Month-to-month,Monthly,Mailed check,35.05,1,cancelled,2026-08-01,2026-07-26
1977-STDKI,Basic,Month-to-month,Monthly,Electronic check,73.0,1,cancelled,2026-08-11,2026-07-27
5066-GFJMM,Basic,Month-to-month,Monthly,Mailed check,19.9,3,active,2026-06-05,
2661-GKBTK,Pro,Two year,Annual,Bank transfer (automatic),76.95,60,active,2021-09-01,
0458-HEUZG,Pro,Two year,Annual,Mailed check,35.4,13,active,2025-07-28,
7268-WNTCP,Pro,Two year,Annual,Bank transfer (automatic),20.45,62,active,2021-07-08,
0824-VWDPO,Standard,One year,Annual,Bank transfer (automatic),96.75,45,active,2022-12-16,
8409-WQJUX,Standard,One year,Annual,Electronic check,54.2,25,active,2024-07-23,
2578-JQPHZ,Pro,Two year,Annual,Bank transfer (automatic),100.1,44,active,2022-12-19,
3278-FSIXX,Basic,Month-to-month,Monthly,Mailed check,45.25,2,active,2026-07-16,
5813-UECBU,Basic,Month-to-month,Monthly,Credit card (automatic),83.85,33,cancelled,2023-12-08,2026-07-20
0328-GRPMV,Basic,Month-to-month,Monthly,Electronic check,70.1,1,cancelled,2026-08-04,2026-08-10
9746-UGFAC,Standard,One year,Annual,Bank transfer (automatic),20.85,22,active,2024-10-25,
2946-KIQSP,Basic,Month-to-month,Monthly,Mailed check,33.45,35,active,2023-09-24,
0625-AFOHS,Pro,Two year,Annual,Mailed check,20.2,29,active,2024-04-07,
6726-WEXXK,Standard,One year,Annual,Electronic check,85.9,27,active,2024-06-08,
4636-OLWOE,Standard,One year,Annual,Electronic check,61.0,54,active,2022-03-06,
4342-HENTK,Basic,Month-to-month,Monthly,Electronic check,70.65,2,cancelled,2026-07-11,2026-08-30
4685-ERGHK,Standard,One year,Annual,Electronic check,86.9,57,active,2021-12-03,
0885-HMGPY,Pro,Two year,Annual,Bank transfer (automatic),69.4,62,active,2021-07-10,
5003-OKNNK,Standard,One year,Annual,Credit card (automatic),20.35,15,active,2025-06-16,
4195-SMMNX,Basic,Month-to-month,Monthly,Mailed check,20.35,2,cancelled,2026-06-27,2026-09-04
7208-PSIHR,Pro,Two year,Annual,Bank transfer (automatic),104.3,70,active,2020-10-24,
4012-ZTHBR,Basic,Month-to-month,Monthly,Electronic check,44.95,21,active,2024-12-08,
0489-WMEMG,Standard,One year,Annual,Electronic check,49.45,23,active,2024-10-04,
7435-ZNUYY,Standard,One year,Annual,Mailed check,20.6,6,active,2026-03-06,
1354-YZFNB,Pro,Two year,Annual,Credit card (automatic),19.55,4,active,2026-05-18,
6956-SMUCM,Basic,Month-to-month,Monthly,Credit card (automatic),99.0,3,cancelled,2026-06-01,2026-07-27
2985-FMWYF,Basic,Month-to-month,Monthly,Electronic check,93.5,23,active,2024-10-03,
2812-ENYMO,Standard,One year,Annual,Credit card (automatic),54.55,26,active,2024-06-19,
2717-HVIZY,Basic,Month-to-month,Monthly,Mailed check,20.05,8,active,2026-01-05,
3223-WZWJM,Basic,Month-to-month,Monthly,Electronic check,83.95,26,cancelled,2024-06-24,2026-07-24
3422-GALYP,Basic,Month-to-month,Monthly,Electronic check,79.45,2,active,2026-07-07,
9053-JZFKV,Pro,Two year,Annual,Credit card (automatic),116.2,67,cancelled,2021-02-10,2026-09-13
2530-ENDWQ,Pro,Two year,Annual,Bank transfer (automatic),93.7,71,cancelled,2020-10-06,2026-09-03
2890-WFBHU,Standard,One year,Annual,Credit card (automatic),79.85,59,active,2021-09-21,
0327-WFZSY,Standard,One year,Annual,Electronic check,100.0,39,active,2023-06-10,
7977-HXJKU,Pro,Two year,Annual,Mailed check,19.6,21,active,2024-11-21,
6615-ZGEDR,Basic,Month-to-month,Monthly,Mailed check,19.7,1,cancelled,2026-07-29,2026-08-06
7033-CLAMM,Pro,Two year,Annual,Bank transfer (automatic),20.2,48,active,2022-08-25,
4023-RTIQM,Standard,One year,Annual,Credit card (automatic),50.4,31,active,2024-01-25,
0864-FVJNJ,Standard,One year,Annual,Electronic check,113.35,64,active,2021-05-02,
7356-IWLFW,Basic,Month-to-month,Monthly,Bank transfer (automatic),80.0,46,active,2022-10-29,
9541-PWTWO,Pro,Two year,Annual,Bank transfer (automatic),80.95,52,active,2022-05-16,
3967-VQOGC,Pro,Two year,Annual,Mailed check,24.9,67,active,2021-01-26,
7872-RDDLZ,Basic,Month-to-month,Monthly,Electronic check,54.9,67,active,2021-01-25,
9250-WYPLL,Basic,Month-to-month,Monthly,Electronic check,75.55,5,cancelled,2026-04-14,2026-09-06
6308-CQRBU,Pro,Two year,Annual,Electronic check,109.25,71,active,2020-10-01,
2754-XBHTB,Basic,Month-to-month,Monthly,Bank transfer (automatic),77.65,9,cancelled,2025-12-02,2026-09-13
1597-LHYNC,Basic,Month-to-month,Monthly,Electronic check,95.0,26,cancelled,2024-07-08,2026-07-19
0186-CAERR,Standard,One year,Annual,Bank transfer (automatic),116.3,71,active,2020-10-15,
3043-SUDUA,Basic,Month-to-month,Monthly,Bank transfer (automatic),19.9,32,active,2024-01-16,
5442-BHQNG,Basic,Month-to-month,Monthly,Electronic check,70.35,2,active,2026-07-12,
2169-RRLFW,Pro,Two year,Annual,Credit card (automatic),25.6,71,active,2020-10-10,
5872-OEQNH,Standard,One year,Annual,Electronic check,44.45,60,active,2021-09-10,
3162-KKZXO,Standard,One year,Annual,Electronic check,100.15,55,active,2022-01-28,
7055-VKGDA,Standard,One year,Annual,Credit card (automatic),105.4,54,cancelled,2022-03-06,2026-09-10
0754-UKWQP,Basic,Month-to-month,Monthly,Electronic check,95.85,2,cancelled,2026-07-15,2026-09-03
8873-GLDMH,Basic,Month-to-month,Monthly,Mailed check,73.85,6,active,2026-03-16,
5696-JVVQY,Pro,Two year,Annual,Credit card (automatic),70.1,48,active,2022-08-28,
8946-BFWSG,Pro,Two year,Annual,Mailed check,25.25,63,active,2021-05-20,
7493-TPUWZ,Basic,Month-to-month,Monthly,Electronic check,79.15,1,cancelled,2026-07-24,2026-07-19
0547-HURJB,Basic,Month-to-month,Monthly,Credit card (automatic),21.05,12,active,2025-08-25,
8904-OPDCK,Basic,Month-to-month,Monthly,Bank transfer (automatic),24.95,54,active,2022-03-09,
8845-LWKGE,Standard,One year,Annual,Electronic check,64.5,30,active,2024-02-25,
1577-HKTFG,Basic,Month-to-month,Monthly,Bank transfer (automatic),19.65,30,cancelled,2024-03-15,2026-09-10
8752-STIVR,Basic,Month-to-month,Monthly,Electronic check,79.0,4,cancelled,2026-05-13,2026-07-30
0691-NIKRI,Standard,One year,Annual,Credit card (automatic),105.95,40,active,2023-05-14,
5022-JNQEQ,Basic,Month-to-month,Monthly,Electronic check,75.85,9,active,2025-12-12,
4558-FANTW,Basic,Month-to-month,Monthly,Electronic check,91.85,17,cancelled,2025-04-07,2026-08-13
3249-VHRIP,Pro,Two year,Annual,Credit card (automatic),43.6,62,active,2021-07-16,
3736-BLEPA,Standard,One year,Annual,Bank transfer (automatic),91.25,28,active,2024-04-23,
4701-LKOZD,Pro,Two year,Annual,Credit card (automatic),89.75,70,active,2020-10-26,
6603-QWSPR,Pro,Two year,Annual,Bank transfer (automatic),104.4,46,active,2022-10-28,
9921-QFQUL,Basic,Month-to-month,Monthly,Mailed check,90.15,23,active,2024-10-11,
1929-ZCBHE,Standard,One year,Annual,Electronic check,40.3,47,active,2022-09-21,
4378-MYPGO,Pro,Two year,Annual,Bank transfer (automatic),105.25,68,active,2021-01-16,
8651-ENBZX,Standard,One year,Annual,Electronic check,106.0,60,cancelled,2021-08-18,2026-08-15
4129-LYCOI,Pro,Two year,Annual,Electronic check,104.0,67,active,2021-01-25,
7798-JVXYM,Basic,Month-to-month,Monthly,Electronic check,69.65,14,active,2025-07-11,
8647-SDTWQ,Basic,Month-to-month,Monthly,Electronic check,74.3,57,active,2021-12-11,
2696-ECXKC,Standard,One year,Annual,Mailed check,100.9,55,active,2022-01-26,
2081-KJSQF,Basic,Month-to-month,Monthly,Mailed check,20.25,1,active,2026-07-24,
7623-TRNQN,Basic,Month-to-month,Monthly,Mailed check,49.9,1,cancelled,2026-08-04,2026-07-29
3323-CPBWR,Basic,Month-to-month,Monthly,Credit card (automatic),96.9,23,active,2024-10-15,
9330-IJWIO,Basic,Month-to-month,Monthly,Electronic check,100.35,13,cancelled,2025-08-03,2026-09-14
3384-CTMSF,Basic,Month-to-month,Monthly,Electronic check,104.1,47,active,2022-10-03,
0902-RFHOF,Standard,One year,Annual,Mailed check,20.1,38,active,2023-07-09,
9286-DOJGF,Basic,Month-to-month,Monthly,Bank transfer (automatic),74.95,38,cancelled,2023-06-21,2026-09-12
6048-QBXKL,Basic,Month-to-month,Monthly,Credit card (automatic),56.55,2,active,2026-07-08,
9661-MHUMO,Basic,Month-to-month,Monthly,Credit card (automatic),49.25,1,cancelled,2026-08-10,2026-09-04
7718-RXDGG,Basic,Month-to-month,Monthly,Bank transfer (automatic),68.6,15,active,2025-05-28,
1025-FALIX,Basic,Month-to-month,Monthly,Credit card (automatic),69.05,26,active,2024-06-29,
3451-VAWLI,Pro,Two year,Annual,Credit card (automatic),19.7,35,active,2023-09-29,
3407-QGWLG,Basic,Month-to-month,Monthly,Mailed check,20.05,3,active,2026-06-02,
1842-EZJMK,Basic,Month-to-month,Monthly,Electronic check,103.7,50,cancelled,2022-07-08,2026-08-18
2347-WKKAE,Basic,Month-to-month,Monthly,Electronic check,94.4,42,active,2023-03-11,
8735-DCXNF,Basic,Month-to-month,Monthly,Credit card (automatic),54.95,10,active,2025-11-13,
3214-IYUUQ,Standard,One year,Annual,Bank transfer (automatic),93.7,61,active,2021-08-12,
1936-UAFEH,Pro,Two year,Annual,Credit card (automatic),110.25,68,active,2020-12-30,
3587-PMCOY,Standard,One year,Annual,Electronic check,98.9,10,active,2025-11-04,
8079-XRJRS,Standard,One year,Annual,Electronic check,89.75,65,cancelled,2021-03-26,2026-07-21
1027-LKKQQ,Pro,Two year,Annual,Bank transfer (automatic),80.45,72,active,2020-08-23,
7148-XZPHA,Basic,Month-to-month,Monthly,Electronic check,79.4,55,active,2022-01-30,
8073-IJDCM,Basic,Month-to-month,Monthly,Mailed check,20.3,1,cancelled,2026-08-14,2026-09-11
5309-TAIKL,Basic,Month-to-month,Monthly,Bank transfer (automatic),62.8,7,active,2026-02-15,
6856-RAURS,Basic,Month-to-month,Monthly,Mailed check,74.9,2,active,2026-07-12,
8778-LMWTJ,Basic,Month-to-month,Monthly,Electronic check,74.85,9,active,2025-12-09,
9717-IOAAF,Pro,Two year,Annual,Credit card (automatic),25.85,27,active,2024-06-15,
8884-ADFVN,Basic,Month-to-month,Monthly,Electronic check,101.95,7,cancelled,2026-01-23,2026-08-22
2845-KDHVX,Pro,Two year,Annual,Mailed check,68.3,64,active,2021-05-06,
0848-SOMKO,Pro,Two year,Annual,Bank transfer (automatic),48.4,70,active,2020-10-25,
2720-WGKHP,Basic,Month-to-month,Monthly,Electronic check,94.0,2,cancelled,2026-07-12,2026-08-21
6734-FQAJX,Pro,Two year,Annual,Electronic check,105.05,67,active,2021-02-15,
2869-ADAWR,Basic,Month-to-month,Monthly,Credit card (automatic),89.3,45,cancelled,2022-12-13,2026-09-04
1535-VTJOQ,Pro,Two year,Annual,Credit card (automatic),25.15,24,active,2024-09-02,
6368-TZZDT,Pro,Two year,Annual,Credit card (automatic),19.5,4,active,2026-05-04,
0943-ZQPXH,Basic,Month-to-month,Monthly,Bank transfer (automatic),92.95,44,active,2023-01-03,
1293-BSEUN,Pro,Two year,Annual,Mailed check,20.7,72,active,2020-08-19,
9894-EZEWG,Basic,Month-to-month,Monthly,Credit card (automatic),74.3,1,cancelled,2026-07-29,2026-08-26
1302-TPUBN,Pro,Two year,Annual,Bank transfer (automatic),19.35,66,active,2021-02-24,
7851-FLGGQ,Basic,Month-to-month,Monthly,Mailed check,44.65,1,cancelled,2026-08-14,2026-09-04
0637-UBJRP,Basic,Month-to-month,Monthly,Electronic check,84.05,13,cancelled,2025-08-04,2026-09-07
0940-OUQEC,Basic,Month-to-month,Monthly,Bank transfer (automatic),80.7,10,cancelled,2025-10-29,2026-08-16
2378-VTKDH,Basic,Month-to-month,Monthly,Electronic check,104.35,65,active,2021-03-31,
0927-CNGRH,Basic,Month-to-month,Monthly,Mailed check,19.55,1,active,2026-07-20,
8608-OZTLB,Standard,One year,Annual,Electronic check,74.05,38,active,2023-07-04,
2335-GSODA,Pro,Two year,Annual,Mailed check,40.1,23,active,2024-10-05,
1952-DVVSW,Standard,One year,Annual,Mailed check,20.1,10,active,2025-10-19,
0702-PGIBZ,Basic,Month-to-month,Monthly,Electronic check,101.7,4,cancelled,2026-05-08,2026-07-23
6656-GULJQ,Pro,Two year,Annual,Credit card (automatic),83.55,72,active,2020-08-30,
9853-JFZDU,Basic,Month-to-month,Monthly,Electronic check,56.85,35,active,2023-10-17,
1963-VAUKV,Basic,Month-to-month,Monthly,Mailed check,20.4,1,cancelled,2026-08-13,2026-08-23
3777-XROBG,Pro,Two year,Annual,Credit card (automatic),19.55,58,active,2021-11-15,
6994-FGRHH,Standard,One year,Annual,Electronic check,106.15,70,active,2020-11-04,
4000-VGMQP,Standard,One year,Annual,Credit card (automatic),78.95,38,active,2023-06-21,
3999-WRNGR,Basic,Month-to-month,Monthly,Electronic check,49.75,60,active,2021-09-14,
3466-RITXD,Basic,Month-to-month,Monthly,Credit card (automatic),92.4,26,active,2024-06-18,
2680-XKKNJ,Standard,One year,Annual,Bank transfer (automatic),58.2,8,active,2025-12-21,
3058-HJCUY,Standard,One year,Annual,Electronic check,102.6,41,cancelled,2023-04-17,2026-08-09
2974-GGUXS,Basic,Month-to-month,Monthly,Credit card (automatic),91.95,36,active,2023-09-17,
7994-XIRTR,Standard,One year,Annual,Bank transfer (automatic),65.25,54,active,2022-02-19,
3259-FDWOY,Pro,Two year,Annual,Bank transfer (automatic),106.0,71,cancelled,2020-09-29,2026-08-07
2101-RANCD,Basic,Month-to-month,Monthly,Electronic check,73.1,55,active,2022-02-10,
7921-BEPCI,Pro,Two year,Annual,Bank transfer (automatic),59.75,72,active,2020-08-19,
0807-ZABDG,Basic,Month-to-month,Monthly,Mailed check,55.1,3,cancelled,2026-06-01,2026-07-28
8510-TMWYB,Pro,Two year,Annual,Bank transfer (automatic),59.8,54,active,2022-02-27,
3258-ZKPAI,Pro,Two year,Annual,Bank transfer (automatic),116.6,72,active,2020-08-27,
1428-IEDPR,Pro,Two year,Annual,Electronic check,109.3,52,active,2022-05-12,
5298-GSTLM,Standard,One year,Annual,Bank transfer (automatic),101.4,60,active,2021-09-06,
4450-YOOHP,Basic,Month-to-month,Monthly,Credit card (automatic),50.65,39,active,2023-06-14,
6728-CZFEI,Standard,One year,Annual,Mailed check,56.15,15,active,2025-06-02,
5748-RNCJT,Pro,Two year,Annual,Bank transfer (automatic),106.5,69,cancelled,2020-11-17,2026-07-29
3653-NCRDJ,Standard,One year,Annual,Mailed check,19.2,43,active,2023-01-29,
6121-TNHBO,Standard,One year,Annual,Bank transfer (automatic),83.0,63,active,2021-05-28,
5119-NZPTV,Basic,Month-to-month,Monthly,Electronic check,70.1,2,active,2026-07-13,
6519-ZHPXP,Pro,Two year,Annual,Bank transfer (automatic),108.3,72,active,2020-08-31,
7739-LAXOG,Basic,Month-to-month,Monthly,Bank transfer (automatic),91.05,32,cancelled,2023-12-18,2026-07-24
3472-QPRCH,Pro,Two year,Annual,Credit card (automatic),25.25,40,active,2023-05-16,
8224-UAXBZ,Standard,One year,Annual,Electronic check,45.35,58,active,2021-11-10,
9610-WCESF,Pro,Two year,Annual,Electronic check,43.9,67,active,2021-01-25,
9776-CLUJA,Basic,Month-to-month,Monthly,Electronic check,77.5,51,cancelled,2022-06-17,2026-07-29
2486-WYVVE,Standard,One year,Annual,Mailed check,79.3,31,active,2024-02-10,
3865-ZYKAD,Basic,Month-to-month,Monthly,Credit card (automatic),84.9,69,active,2020-11-18,
1422-DGUBX,Standard,One year,Annual,Electronic check,79.25,32,active,2024-01-16,
2999-AANRQ,Pro,Two year,Annual,Credit card (automatic),71.05,21,active,2024-12-04,
8668-KNZTI,Standard,One year,Annual,Electronic check,53.75,52,active,2022-05-09,
0480-KYJVA,Pro,Two year,Annual,Credit card (automatic),24.25,72,active,2020-09-05,
6034-ZRYCV,Pro,Two year,Annual,Electronic check,54.2,72,cancelled,2020-09-09,2026-07-23
9746-YKGXB,Standard,One year,Annual,Bank transfer (automatic),44.25,52,active,2022-05-10,
3926-YZVVX,Standard,One year,Annual,Bank transfer (automatic),50.05,41,active,2023-03-26,
6000-UKLWI,Pro,Two year,Annual,Mailed check,20.15,41,active,2023-04-17,
2079-FBMZK,Basic,Month-to-month,Monthly,Mailed check,69.25,6,cancelled,2026-03-15,2026-07-21
6332-FBZRI,Standard,One year,Annual,Credit card (automatic),69.35,67,active,2021-02-08,
2096-XOTMO,Basic,Month-to-month,Monthly,Mailed check,19.35,16,active,2025-04-23,
3266-FTKHB,Pro,Two year,Annual,Mailed check,19.15,17,active,2025-04-06,
8221-EQDGL,Basic,Month-to-month,Monthly,Mailed check,61.0,35,active,2023-10-16,
2346-LOCWC,Pro,Two year,Annual,Credit card (automatic),20.5,58,active,2021-11-01,
6608-QQLVK,Basic,Month-to-month,Monthly,Electronic check,50.5,1,cancelled,2026-07-30,2026-08-02
0298-XACET,Pro,Two year,Annual,Mailed check,50.2,52,active,2022-05-05,
7560-QJAVJ,Pro,Two year,Annual,Bank transfer (automatic),79.6,70,active,2020-11-14,
2995-YWTCD,Pro,Two year,Annual,Bank transfer (automatic),24.9,19,active,2025-01-20,
3551-HUAZH,Basic,Month-to-month,Monthly,Electronic check,74.4,1,cancelled,2026-07-23,2026-08-17
9137-UIYPG,Basic,Month-to-month,Monthly,Electronic check,106.9,35,active,2023-09-20,
2809-ZMYOQ,Basic,Month-to-month,Monthly,Electronic check,101.35,32,active,2023-12-19,
5084-OOVCJ,Basic,Month-to-month,Monthly,Credit card (automatic),55.35,17,active,2025-04-08,
0254-WWRKD,Standard,One year,Annual,Credit card (automatic),50.55,67,active,2021-02-03,
7727-SHVZV,Basic,Month-to-month,Monthly,Bank transfer (automatic),19.5,9,active,2025-11-19,
6302-JGYRJ,Standard,One year,Annual,Mailed check,79.45,31,cancelled,2024-02-03,2026-08-28
5339-PXDVH,Basic,Month-to-month,Monthly,Electronic check,90.65,4,active,2026-04-23,
2205-LPVGL,Standard,One year,Annual,Bank transfer (automatic),89.85,58,active,2021-10-28,
8782-NUUOL,Standard,One year,Annual,Mailed check,79.0,60,active,2021-08-20,
3685-YLCMQ,Standard,One year,Annual,Electronic check,104.65,58,cancelled,2021-11-16,2026-08-13
7601-WFVZV,Basic,Month-to-month,Monthly,Mailed check,19.55,1,active,2026-07-27,
4609-KNNWG,Pro,Two year,Annual,Mailed check,19.9,27,active,2024-05-24,
4868-AADLV,Standard,One year,Annual,Electronic check,116.25,66,active,2021-03-12,
9529-OFXHY,Basic,Month-to-month,Monthly,Bank transfer (automatic),87.75,15,active,2025-05-26,
8634-MPHTR,Basic,Month-to-month,Monthly,Electronic check,100.05,47,cancelled,2022-10-12,2026-07-29
2669-QVCRG,Basic,Month-to-month,Monthly,Credit card (automatic),81.3,41,active,2023-03-21,
2478-EEWWM,Basic,Month-to-month,Monthly,Electronic check,44.3,59,active,2021-09-20,
9174-IHETN,Pro,Two year,Annual,Credit card (automatic),70.35,50,active,2022-07-17,
2233-TXSIU,Standard,One year,Annual,Credit card (automatic),44.45,17,active,2025-04-02,
9644-UMGQA,Basic,Month-to-month,Monthly,Electronic check,49.15,6,active,2026-03-07,
3256-EZDBI,Basic,Month-to-month,Monthly,Credit card (automatic),29.45,51,active,2022-05-22,
8761-NSOBC,Basic,Month-to-month,Monthly,Electronic check,100.55,44,cancelled,2023-01-07,2026-08-02
0419-YAAPX,Basic,Month-to-month,Monthly,Credit card (automatic),85.3,49,active,2022-07-27,
8413-VONUO,Basic,Month-to-month,Monthly,Electronic check,95.65,2,cancelled,2026-07-15,2026-08-16
0872-CASZJ,Standard,One year,Annual,Mailed check,69.1,59,active,2021-10-11,
4726-DLWQN,Basic,Month-to-month,Monthly,Bank transfer (automatic),70.35,50,active,2022-06-18,
8164-OCKUJ,Pro,Two year,Annual,Mailed check,20.6,59,active,2021-10-06,
3094-JOJAI,Basic,Month-to-month,Monthly,Mailed check,74.15,18,active,2025-02-24,
9494-MRNYX,Basic,Month-to-month,Monthly,Electronic check,75.05,10,active,2025-10-18,
2599-CZABP,Standard,One year,Annual,Electronic check,44.6,14,active,2025-06-19,
7945-PRBVF,Pro,Two year,Annual,Bank transfer (automatic),21.45,35,active,2023-10-17,
4544-RXFMG,Standard,One year,Annual,Mailed check,43.45,8,active,2026-01-10,
0859-YGKFW,Standard,One year,Annual,Bank transfer (automatic),20.05,18,active,2025-02-25,
1150-FTQGN,Standard,One year,Annual,Bank transfer (automatic),94.15,60,active,2021-08-20,
9223-UCPVT,Basic,Month-to-month,Monthly,Electronic check,94.4,1,cancelled,2026-07-19,2026-09-11
7196-LIWRH,Pro,Two year,Annual,Mailed check,19.55,6,active,2026-02-25,
5448-VWNAM,Basic,Month-to-month,Monthly,Mailed check,75.9,19,active,2025-02-12,
1177-XZBJL,Standard,One year,Annual,Bank transfer (automatic),64.15,53,active,2022-03-26,
3518-FSTWG,Pro,Two year,Annual,Bank transfer (automatic),109.55,72,active,2020-09-08,
9330-VOFSZ,Pro,Two year,Annual,Credit card (automatic),110.8,60,active,2021-08-23,
4351-QLCSU,Basic,Month-to-month,Monthly,Credit card (automatic),55.0,1,cancelled,2026-08-01,2026-08-30
0939-EREMR,Basic,Month-to-month,Monthly,Mailed check,53.45,13,active,2025-08-12,
9389-ACWBI,Basic,Month-to-month,Monthly,Credit card (automatic),69.95,5,active,2026-03-23,
5419-JPRRN,Basic,Month-to-month,Monthly,Electronic check,101.45,1,cancelled,2026-07-19,2026-08-12
3644-QXEHN,Basic,Month-to-month,Monthly,Electronic check,97.0,13,active,2025-08-02,
2911-IJORQ,Standard,One year,Annual,Bank transfer (automatic),90.6,37,active,2023-07-24,
5921-NGYRH,Basic,Month-to-month,Monthly,Mailed check,73.55,64,active,2021-05-16,
2100-BDNSN,Basic,Month-to-month,Monthly,Bank transfer (automatic),67.95,5,cancelled,2026-04-09,2026-08-24
5998-DZLYR,Pro,Two year,Annual,Bank transfer (automatic),94.35,61,active,2021-08-14,
0488-GSLFR,Basic,Month-to-month,Monthly,Electronic check,69.5,1,cancelled,2026-08-09,2026-08-20
9318-NKNFC,Basic,Month-to-month,Monthly,Mailed check,18.85,1,cancelled,2026-08-06,2026-08-29
3985-HOYPM,Standard,One year,Annual,Mailed check,19.4,26,active,2024-07-05,
9728-FTTVZ,Basic,Month-to-month,Monthly,Electronic check,69.2,1,cancelled,2026-08-08,2026-09-11
9548-LERKT,Pro,Two year,Annual,Mailed check,19.75,24,active,2024-08-31,
6576-FBXOJ,Standard,One year,Annual,Electronic check,54.6,17,active,2025-04-11,
4310-KEDTB,Basic,Month-to-month,Monthly,Mailed check,29.8,26,active,2024-07-07,
7254-IQWOZ,Basic,Month-to-month,Monthly,Electronic check,69.65,1,cancelled,2026-07-23,2026-08-19
2474-BRUCM,Basic,Month-to-month,Monthly,Electronic check,101.85,40,cancelled,2023-05-02,2026-08-20
4062-HBMOS,Basic,Month-to-month,Monthly,Electronic check,103.05,52,active,2022-05-18,
0742-NXBGR,Basic,Month-to-month,Monthly,Electronic check,82.3,1,cancelled,2026-08-08,2026-07-31
2676-ISHSF,Basic,Month-to-month,Monthly,Mailed check,20.3,1,active,2026-07-24,
9236-NDUCW,Pro,Two year,Annual,Mailed check,35.1,21,active,2024-12-11,
4753-PADAS,Standard,One year,Annual,Bank transfer (automatic),105.7,67,active,2021-01-19,
6103-QCKFX,Basic,Month-to-month,Monthly,Bank transfer (automatic),56.25,44,active,2023-01-08,
7781-EWARA,Standard,One year,Annual,Electronic check,60.35,70,active,2020-10-29,
6110-OHIHY,Basic,Month-to-month,Monthly,Electronic check,79.25,3,cancelled,2026-06-03,2026-09-09
7018-FPXHH,Pro,Two year,Annual,Bank transfer (automatic),59.8,56,active,2021-12-29,
5889-LFOLL,Basic,Month-to-month,Monthly,Electronic check,84.6,13,cancelled,2025-07-25,2026-08-18
5708-EVONK,Basic,Month-to-month,Monthly,Bank transfer (automatic),93.4,58,cancelled,2021-11-12,2026-07-27
8708-XPXHZ,Basic,Month-to-month,Monthly,Electronic check,94.2,42,cancelled,2023-03-08,2026-08-31
0616-ATFGB,Basic,Month-to-month,Monthly,Electronic check,25.05,1,cancelled,2026-07-31,2026-08-28
0572-ZJKLT,Pro,Two year,Annual,Mailed check,99.65,46,active,2022-11-09,
5135-RDDQL,Pro,Two year,Annual,Bank transfer (automatic),50.65,63,active,2021-06-06,
1353-LJWEM,Basic,Month-to-month,Monthly,Electronic check,60.9,11,active,2025-09-21,
1794-SWWKL,Basic,Month-to-month,Monthly,Bank transfer (automatic),59.65,15,active,2025-06-11,
6166-YIPFO,Pro,Two year,Annual,Electronic check,64.7,72,active,2020-09-11,
7016-BPGEU,Basic,Month-to-month,Monthly,Credit card (automatic),25.1,29,cancelled,2024-03-31,2026-09-10
6876-ADESB,Basic,Month-to-month,Monthly,Electronic check,48.95,1,cancelled,2026-08-15,2026-08-13
9332-GYWLO,Basic,Month-to-month,Monthly,Electronic check,54.85,6,active,2026-03-18,
1963-SVUCV,Basic,Month-to-month,Monthly,Electronic check,45.3,1,cancelled,2026-07-22,2026-07-27
4184-VODJZ,Standard,One year,Annual,Electronic check,91.35,63,active,2021-06-09,
0220-EBGCE,Basic,Month-to-month,Monthly,Electronic check,85.85,2,cancelled,2026-07-15,2026-08-18
1092-WPIVQ,Pro,Two year,Annual,Mailed check,25.1,18,active,2025-02-27,
7233-IOQNP,Basic,Month-to-month,Monthly,Bank transfer (automatic),34.0,43,active,2023-02-02,
2834-JKOOW,Standard,One year,Annual,Mailed check,45.9,15,active,2025-06-04,
2754-VDLTR,Basic,Month-to-month,Monthly,Electronic check,95.2,10,cancelled,2025-11-03,2026-08-22
2400-FEQME,Pro,Two year,Annual,Mailed check,20.5,55,active,2022-02-11,
3190-XFANI,Standard,One year,Annual,Bank transfer (automatic),100.6,49,cancelled,2022-07-23,2026-08-02
7551-DACSP,Basic,Month-to-month,Monthly,Mailed check,55.3,6,cancelled,2026-03-18,2026-08-20
4957-SREEC,Pro,Two year,Annual,Credit card (automatic),20.35,70,active,2020-11-02,
7235-NXZCP,Basic,Month-to-month,Monthly,Mailed check,74.85,2,cancelled,2026-07-10,2026-08-23
0230-UBYPQ,Standard,One year,Annual,Bank transfer (automatic),36.1,63,active,2021-05-29,
4923-ADWXJ,Basic,Month-to-month,Monthly,Bank transfer (automatic),65.8,25,active,2024-07-31,
1763-KUAAW,Standard,One year,Annual,Bank transfer (automatic),20.35,18,active,2025-03-07,
1104-TNLZA,Basic,Month-to-month,Monthly,Electronic check,105.8,28,active,2024-05-01,
5195-KPUNQ,Standard,One year,Annual,Mailed check,96.75,53,active,2022-04-11,
0520-FDVVT,Standard,One year,Annual,Bank transfer (automatic),102.35,35,cancelled,2023-10-14,2026-08-01
3439-GVUSX,Basic,Month-to-month,Monthly,Mailed check,24.4,1,active,2026-07-21,
1444-VVSGW,Standard,One year,Annual,Credit card (automatic),115.65,70,cancelled,2020-10-29,2026-08-30
5712-PTIWW,Basic,Month-to-month,Monthly,Electronic check,79.85,2,cancelled,2026-06-29,2026-07-27
5949-HGVJL,Basic,Month-to-month,Monthly,Electronic check,73.05,26,active,2024-06-18,
5203-XEHAX,Standard,One year,Annual,Electronic check,64.35,34,active,2023-10-21,
1635-HDGFT,Pro,Two year,Annual,Mailed check,20.5,19,active,2025-01-29,
3315-TOTBP,Basic,Month-to-month,Monthly,Mailed check,76.0,15,cancelled,2025-05-25,2026-08-31
8050-XGRVL,Standard,One year,Annual,Credit card (automatic),54.75,62,active,2021-07-02,
6661-HBGWL,Basic,Month-to-month,Monthly,Bank transfer (automatic),104.75,42,cancelled,2023-03-11,2026-08-16
1518-VOWAV,Basic,Month-to-month,Monthly,Electronic check,74.65,9,cancelled,2025-11-29,2026-09-01
9828-QHFBK,Basic,Month-to-month,Monthly,Electronic check,51.15,24,active,2024-08-20,
3908-MKIMJ,Pro,Two year,Annual,Electronic check,41.95,68,active,2020-12-21,
5012-YSPJJ,Basic,Month-to-month,Monthly,Mailed check,54.35,31,active,2024-02-01,
5909-ECHUI,Basic,Month-to-month,Monthly,Electronic check,56.25,1,cancelled,2026-07-20,2026-08-09
1309-BXVOQ,Basic,Month-to-month,Monthly,Electronic check,106.1,21,cancelled,2024-12-11,2026-08-21
6728-VOIFY,Standard,One year,Annual,Electronic check,96.0,63,active,2021-06-16,
9317-WZPGV,Basic,Month-to-month,Monthly,Bank transfer (automatic),79.75,2,cancelled,2026-07-06,2026-09-01
4891-NLUBA,Pro,Two year,Annual,Bank transfer (automatic),61.45,61,active,2021-08-11,
2856-HYAPG,Basic,Month-to-month,Monthly,Electronic check,68.65,1,cancelled,2026-07-20,2026-08-03
8969-PRHFK,Standard,One year,Annual,Mailed check,19.65,18,active,2025-03-15,
0661-KQHNK,Standard,One year,Annual,Credit card (automatic),19.0,6,active,2026-03-02,
8709-KRDVL,Basic,Month-to-month,Monthly,Electronic check,100.0,33,active,2023-11-24,
4488-PSYCG,Basic,Month-to-month,Monthly,Bank transfer (automatic),20.25,16,cancelled,2025-05-14,2026-07-22
1427-VERSM,Basic,Month-to-month,Monthly,Electronic check,98.7,56,active,2022-01-15,
9801-NOSHQ,Standard,One year,Annual,Mailed check,19.8,23,active,2024-09-30,
6339-YPSAH,Basic,Month-to-month,Monthly,Electronic check,73.8,9,active,2025-11-20,
3621-CEOVK,Basic,Month-to-month,Monthly,Electronic check,100.2,14,cancelled,2025-07-17,2026-09-14
6906-ANDWJ,Basic,Month-to-month,Monthly,Bank transfer (automatic),74.9,15,cancelled,2025-06-17,2026-08-13
2159-TURXX,Basic,Month-to-month,Monthly,Credit card (automatic),20.05,5,active,2026-03-21,
1548-FEHVL,Basic,Month-to-month,Monthly,Electronic check,106.2,61,active,2021-07-30,
3795-CAWEX,Pro,Two year,Annual,Credit card (automatic),116.55,70,active,2020-10-26,
6215-NQCPY,Basic,Month-to-month,Monthly,Electronic check,99.7,15,active,2025-06-09,
5647-URDKA,Pro,Two year,Annual,Mailed check,19.7,8,active,2026-01-07,
2229-DPMBI,Pro,Two year,Annual,Mailed check,19.5,8,active,2026-01-02,
9626-WEQRM,Basic,Month-to-month,Monthly,Mailed check,29.15,4,active,2026-05-12,
2188-SXWVT,Standard,One year,Annual,Mailed check,55.0,34,active,2023-11-04,
6258-PVZWJ,Pro,Two year,Annual,Credit card (automatic),90.8,68,active,2020-12-19,
1094-BKOSX,Standard,One year,Annual,Bank transfer (automatic),51.0,45,active,2022-11-25,
6969-MVBAI,Basic,Month-to-month,Monthly,Electronic check,90.1,9,active,2025-11-21,
2978-XXSOG,Basic,Month-to-month,Monthly,Mailed check,59.05,22,active,2024-11-02,
2342-CKIAO,Basic,Month-to-month,Monthly,Mailed check,20.3,2,active,2026-06-25,
6953-PBDIN,Pro,Two year,Annual,Bank transfer (automatic),72.95,70,active,2020-11-04,
3898-BSJYF,Standard,One year,Annual,Credit card (automatic),73.55,10,active,2025-10-29,
3938-YFPXD,Pro,Two year,Annual,Credit card (automatic),84.3,72,active,2020-08-26,
7696-AMHOD,Standard,One year,Annual,Credit card (automatic),78.0,49,active,2022-07-24,
2453-SAFNS,Standard,One year,Annual,Mailed check,72.1,54,active,2022-02-19,
9558-IHEZX,Pro,Two year,Annual,Credit card (automatic),106.75,71,active,2020-10-13,
9617-UDPEU,Standard,One year,Annual,Mailed check,19.25,22,active,2024-10-24,
6340-DACFT,Pro,Two year,Annual,Credit card (automatic),20.55,50,active,2022-06-26,
4955-VCWBI,Standard,One year,Annual,Mailed check,20.0,43,active,2023-01-25,
6813-GZQCG,Pro,Two year,Annual,Credit card (automatic),24.65,45,active,2022-12-17,
7426-GSWPO,Basic,Month-to-month,Monthly,Bank transfer (automatic),103.5,64,active,2021-05-03,
3389-KTRXV,Pro,Two year,Annual,Mailed check,23.85,23,active,2024-09-18,
3118-UHVVQ,Pro,Two year,Annual,Credit card (automatic),25.8,68,active,2020-12-20,
1031-IIDEO,Basic,Month-to-month,Monthly,Electronic check,70.85,1,cancelled,2026-08-11,2026-08-04
5832-XKAES,Basic,Month-to-month,Monthly,Credit card (automatic),69.8,2,cancelled,2026-07-04,2026-08-04
3205-MXZRA,Standard,One year,Annual,Credit card (automatic),59.45,26,active,2024-06-22,
4701-AHWMW,Basic,Month-to-month,Monthly,Bank transfer (automatic),54.55,55,cancelled,2022-01-19,2026-09-02
8317-BVKSO,Basic,Month-to-month,Monthly,Electronic check,20.05,14,active,2025-07-08,
5702-KVQRD,Pro,Two year,Annual,Electronic check,82.55,71,active,2020-09-22,
0083-PIVIK,Standard,One year,Annual,Electronic check,81.25,64,active,2021-04-22,
9210-IAHGH,Basic,Month-to-month,Monthly,Credit card (automatic),70.75,7,cancelled,2026-02-11,2026-09-09
6169-PGNCD,Pro,Two year,Annual,Credit card (automatic),74.3,57,active,2021-12-16,
0023-XUOPT,Basic,Month-to-month,Monthly,Electronic check,94.1,13,cancelled,2025-08-16,2026-08-16
4592-IWTJI,Basic,Month-to-month,Monthly,Credit card (automatic),29.7,3,cancelled,2026-06-13,2026-08-09
4909-JOUPP,Pro,Two year,Annual,Credit card (automatic),109.7,72,active,2020-08-25,
4657-FWVFY,Basic,Month-to-month,Monthly,Credit card (automatic),96.35,40,active,2023-05-07,
2257-BOVXD,Basic,Month-to-month,Monthly,Credit card (automatic),66.6,14,active,2025-06-27,
7729-JTEEC,Basic,Month-to-month,Monthly,Electronic check,44.5,2,active,2026-07-16,
7632-MNYOY,Standard,One year,Annual,Credit card (automatic),110.9,66,cancelled,2021-02-27,2026-08-29
6518-LGAOV,Basic,Month-to-month,Monthly,Electronic check,105.0,38,cancelled,2023-06-26,2026-08-25
7242-QZLXF,Basic,Month-to-month,Monthly,Electronic check,25.3,1,cancelled,2026-07-19,2026-08-15
4576-CSAJH,Standard,One year,Annual,Credit card (automatic),55.15,22,cancelled,2024-11-07,2026-08-20
1000-AJSLD,Basic,Month-to-month,Monthly,Mailed check,20.1,1,cancelled,2026-08-01,2026-08-18
9696-RMYBA,Basic,Month-to-month,Monthly,Mailed check,80.1,5,active,2026-04-03,
8690-UPCZI,Standard,One year,Annual,Bank transfer (automatic),69.05,29,active,2024-04-07,
1062-LHZOD,Basic,Month-to-month,Monthly,Mailed check,69.9,1,cancelled,2026-07-29,2026-08-06
9770-LXDBK,Basic,Month-to-month,Monthly,Mailed check,20.4,3,active,2026-06-01,
4086-WITJG,Pro,Two year,Annual,Credit card (automatic),19.7,71,active,2020-09-22,
8344-WFMFH,Basic,Month-to-month,Monthly,Electronic check,50.1,9,active,2025-12-17,
9600-NAXZN,Basic,Month-to-month,Monthly,Electronic check,101.4,43,cancelled,2023-02-10,2026-07-19
8822-KNBHV,Standard,One year,Annual,Credit card (automatic),83.45,48,active,2022-08-30,
8404-FYDIB,Basic,Month-to-month,Monthly,Credit card (automatic),86.65,26,active,2024-06-30,
2791-SFVEW,Basic,Month-to-month,Monthly,Bank transfer (automatic),20.15,9,active,2025-11-20,
6457-USBER,Basic,Month-to-month,Monthly,Electronic check,80.8,1,cancelled,2026-07-28,2026-07-31
6762-NSODU,Pro,Two year,Annual,Credit card (automatic),19.4,46,active,2022-11-16,
4662-EKDPQ,Basic,Month-to-month,Monthly,Bank transfer (automatic),62.05,2,cancelled,2026-07-04,2026-09-15
9248-OJYKK,Basic,Month-to-month,Monthly,Electronic check,76.45,1,cancelled,2026-07-23,2026-08-26
9888-ZCUMM,Pro,Two year,Annual,Bank transfer (automatic),60.05,64,active,2021-04-21,
3398-FSHON,Basic,Month-to-month,Monthly,Electronic check,91.3,12,cancelled,2025-08-23,2026-09-15
3319-DWOEP,Basic,Month-to-month,Monthly,Electronic check,95.75,6,cancelled,2026-03-04,2026-07-26
1074-WVEVG,Standard,One year,Annual,Mailed check,20.35,59,active,2021-10-14,
9979-RGMZT,Standard,One year,Annual,Mailed check,94.05,7,active,2026-02-09,
6437-UDQJM,Pro,Two year,Annual,Credit card (automatic),84.1,72,active,2020-08-22,
1226-IENZN,Basic,Month-to-month,Monthly,Electronic check,78.75,16,active,2025-05-07,
2108-GLPQB,Basic,Month-to-month,Monthly,Credit card (automatic),55.55,25,active,2024-07-25,
9259-PACGQ,Basic,Month-to-month,Monthly,Electronic check,62.65,34,cancelled,2023-11-16,2026-08-08
4415-IJZTP,Basic,Month-to-month,Monthly,Electronic check,74.5,1,cancelled,2026-08-03,2026-09-03
1465-VINDH,Basic,Month-to-month,Monthly,Credit card (automatic),102.1,10,cancelled,2025-10-19,2026-07-28
5474-LAMUQ,Standard,One year,Annual,Mailed check,20.1,24,active,2024-09-09,
3468-DRVQJ,Standard,One year,Annual,Electronic check,70.3,10,active,2025-11-16,
1122-YJBCS,Standard,One year,Annual,Credit card (automatic),53.65,69,active,2020-12-08,
4990-ALDGW,Pro,Two year,Annual,Mailed check,20.75,57,active,2021-12-15,
4816-OKWNX,Standard,One year,Annual,Bank transfer (automatic),103.4,50,active,2022-06-29,
3315-IKYZQ,Standard,One year,Annual,Mailed check,50.8,28,active,2024-05-12,
2810-FTLEM,Basic,Month-to-month,Monthly,Electronic check,50.15,16,cancelled,2025-05-10,2026-08-13
4747-LCAQL,Basic,Month-to-month,Monthly,Mailed check,79.0,25,active,2024-07-30,
3411-WLRSQ,Basic,Month-to-month,Monthly,Bank transfer (automatic),74.6,3,active,2026-06-08,
0898-XCGTF,Standard,One year,Annual,Bank transfer (automatic),96.5,61,active,2021-07-29,
8006-PYCSW,Basic,Month-to-month,Monthly,Mailed check,20.1,2,active,2026-06-21,
8249-THVEC,Standard,One year,Annual,Mailed check,19.4,51,active,2022-05-21,
8722-PRFDV,Pro,Two year,Annual,Credit card (automatic),77.55,71,active,2020-09-25,
2164-SOQXL,Basic,Month-to-month,Monthly,Mailed check,20.05,20,active,2024-12-18,
4020-KIUDI,Basic,Month-to-month,Monthly,Credit card (automatic),19.85,6,active,2026-02-24,
5850-BDWCY,Basic,Month-to-month,Monthly,Mailed check,20.2,6,active,2026-03-16,
2038-YSEZE,Basic,Month-to-month,Monthly,Mailed check,67.45,29,active,2024-03-20,
0827-ITJPH,Pro,Two year,Annual,Credit card (automatic),18.55,36,active,2023-08-31,
8799-OXZMD,Basic,Month-to-month,Monthly,Mailed check,29.75,28,active,2024-05-17,
1925-TIBLE,Basic,Month-to-month,Monthly,Electronic check,86.5,7,cancelled,2026-01-28,2026-09-12
1705-GUHPV,Pro,Two year,Annual,Mailed check,24.2,63,active,2021-06-10,
4779-ZGICK,Pro,Two year,Annual,Mailed check,23.55,48,active,2022-08-31,
0048-PIHNL,Standard,One year,Annual,Bank transfer (automatic),20.45,49,active,2022-07-29,
0818-OCPZO,Basic,Month-to-month,Monthly,Electronic check,81.45,27,cancelled,2024-06-17,2026-09-07
3967-KXAPS,Pro,Two year,Annual,Credit card (automatic),92.3,72,active,2020-09-03,
1447-GIQMR,Basic,Month-to-month,Monthly,Electronic check,69.15,1,cancelled,2026-08-16,2026-07-30
3704-IEAXF,Pro,Two year,Annual,Credit card (automatic),53.65,72,active,2020-09-13,
6810-VCAEX,Standard,One year,Annual,Credit card (automatic),39.65,47,active,2022-10-11,
0674-EYYZV,Basic,Month-to-month,Monthly,Electronic check,54.65,1,active,2026-07-25,
4480-MBMLB,Standard,One year,Annual,Bank transfer (automatic),104.8,36,active,2023-09-05,
1395-OFUWC,Basic,Month-to-month,Monthly,Credit card (automatic),29.3,43,active,2023-02-15,
0822-QGCXA,Basic,Month-to-month,Monthly,Electronic check,83.85,27,active,2024-05-26,
0872-NXJYS,Basic,Month-to-month,Monthly,Electronic check,79.55,9,cancelled,2025-12-01,2026-08-29
2832-KJCRD,Basic,Month-to-month,Monthly,Electronic check,103.65,38,active,2023-07-14,
3588-WSTTJ,Basic,Month-to-month,Monthly,Electronic check,99.05,35,active,2023-10-01,
4075-WKNIU,Pro,Two year,Annual,Mailed check,73.35,0,active,2026-09-09,
5090-EMGTC,Pro,Two year,Annual,Mailed check,100.05,59,active,2021-09-28,
2346-CZYIL,Pro,Two year,Annual,Credit card (automatic),20.35,27,active,2024-05-20,
3798-EPWRR,Basic,Month-to-month,Monthly,Electronic check,43.95,2,active,2026-07-09,
6258-NGCNG,Basic,Month-to-month,Monthly,Mailed check,23.5,7,active,2026-01-24,
4186-ZBUEW,Standard,One year,Annual,Mailed check,70.7,36,active,2023-09-17,
5274-XHAKY,Basic,Month-to-month,Monthly,Bank transfer (automatic),94.3,41,active,2023-04-05,
1442-BQPVU,Basic,Month-to-month,Monthly,Electronic check,29.15,13,active,2025-07-22,
3978-YNKDD,Pro,Two year,Annual,Credit card (automatic),20.85,19,active,2025-02-13,
4940-KHCWD,Pro,Two year,Annual,Bank transfer (automatic),37.7,60,active,2021-08-20,
9412-ARGBX,Pro,Two year,Annual,Mailed check,95.5,48,cancelled,2022-09-14,2026-08-16
1389-CXMLU,Basic,Month-to-month,Monthly,Electronic check,91.05,3,cancelled,2026-06-03,2026-07-25
9589-ABEPT,Pro,Two year,Annual,Mailed check,92.45,69,active,2020-12-11,
9388-ZEYVT,Standard,One year,Annual,Electronic check,44.15,43,active,2023-02-16,
0305-SQECB,Standard,One year,Annual,Mailed check,36.05,11,active,2025-10-07,
7605-SNLQG,Basic,Month-to-month,Monthly,Credit card (automatic),50.25,45,active,2022-11-30,
4670-TABXH,Pro,Two year,Annual,Credit card (automatic),109.75,72,active,2020-08-26,
5561-NWEVX,Basic,Month-to-month,Monthly,Electronic check,79.2,2,cancelled,2026-07-09,2026-08-29
0064-SUDOG,Pro,Two year,Annual,Bank transfer (automatic),20.3,12,active,2025-09-02,
8561-NMTBD,Standard,One year,Annual,Credit card (automatic),112.35,67,active,2021-02-10,
5161-XEUVX,Pro,Two year,Annual,Mailed check,94.3,37,active,2023-07-27,
8292-FRFZQ,Standard,One year,Annual,Bank transfer (automatic),41.15,39,active,2023-06-12,
8591-NXRCV,Basic,Month-to-month,Monthly,Bank transfer (automatic),74.65,41,active,2023-03-23,
7895-VONWT,Basic,Month-to-month,Monthly,Electronic check,48.25,25,active,2024-08-11,
4526-RMTLL,Pro,Two year,Annual,Credit card (automatic),76.15,8,active,2025-12-28,
6253-GNHWH,Pro,Two year,Annual,Mailed check,71.1,71,active,2020-10-07,
4566-NECEV,Basic,Month-to-month,Monthly,Electronic check,96.55,5,active,2026-03-19,
8080-POTJR,Standard,One year,Annual,Credit card (automatic),79.3,30,active,2024-03-09,
6906-MPARY,Standard,One year,Annual,Credit card (automatic),89.6,40,active,2023-04-20,
3662-FXJFO,Pro,Two year,Annual,Mailed check,20.5,54,active,2022-02-21,
8107-RZLNV,Pro,Two year,Annual,Bank transfer (automatic),106.3,72,active,2020-09-02,
0516-OOHAR,Standard,One year,Annual,Bank transfer (automatic),100.35,28,active,2024-05-03,
2027-CWDNU,Basic,Month-to-month,Monthly,Electronic check,85.6,18,active,2025-03-08,
2737-WFVYW,Basic,Month-to-month,Monthly,Electronic check,45.25,2,cancelled,2026-07-06,2026-09-15
9912-OMZDS,Standard,One year,Annual,Electronic check,106.15,59,active,2021-10-04,
3733-ZEECP,Basic,Month-to-month,Monthly,Electronic check,51.1,22,active,2024-11-12,
7878-RTCZG,Basic,Month-to-month,Monthly,Mailed check,19.9,1,active,2026-08-08,
2452-MRMZF,Pro,Two year,Annual,Credit card (automatic),25.7,72,active,2020-08-21,
2272-QAGFO,Basic,Month-to-month,Monthly,Electronic check,74.3,14,cancelled,2025-06-18,2026-09-11
7103-IPXPJ,Standard,One year,Annual,Electronic check,99.4,50,active,2022-07-16,
4342-HFXWS,Standard,One year,Annual,Bank transfer (automatic),69.7,48,active,2022-08-26,
3545-CNWRG,Basic,Month-to-month,Monthly,Electronic check,98.35,49,active,2022-08-10,
1785-BPHTP,Basic,Month-to-month,Monthly,Electronic check,85.45,28,active,2024-04-28,
4989-LIXVT,Basic,Month-to-month,Monthly,Electronic check,95.9,68,active,2020-12-29,
7315-WYOAW,Basic,Month-to-month,Monthly,Electronic check,100.75,13,active,2025-07-22,
1173-XZPYF,Basic,Month-to-month,Monthly,Electronic check,89.2,11,active,2025-09-26,
9850-OWRHQ,Basic,Month-to-month,Monthly,Credit card (automatic),74.1,3,cancelled,2026-05-24,2026-07-23
3768-NLUBH,Basic,Month-to-month,Monthly,Electronic check,100.6,57,cancelled,2021-11-22,2026-08-11
8676-TRMJS,Basic,Month-to-month,Monthly,Mailed check,75.0,3,cancelled,2026-05-29,2026-08-27
2509-TFPJU,Pro,Two year,Annual,Credit card (automatic),25.75,72,active,2020-09-04,
9530-GRMJG,Pro,Two year,Annual,Electronic check,84.1,70,active,2020-11-06,
6898-RBTLU,Pro,Two year,Annual,Bank transfer (automatic),79.3,49,active,2022-08-07,
5481-NTDOH,Standard,One year,Annual,Credit card (automatic),107.05,67,active,2021-02-05,
2068-WWXQZ,Pro,Two year,Annual,Bank transfer (automatic),20.05,46,active,2022-11-08,
7359-SSBJK,Pro,Two year,Annual,Credit card (automatic),70.2,64,cancelled,2021-05-08,2026-09-11
2061-VVFST,Basic,Month-to-month,Monthly,Bank transfer (automatic),19.5,37,active,2023-07-31,
0685-MLYYM,Basic,Month-to-month,Monthly,Electronic check,70.75,2,cancelled,2026-07-10,2026-08-05
0749-IRGQE,Basic,Month-to-month,Monthly,Electronic check,45.3,13,active,2025-08-07,
2380-DAMQP,Pro,Two year,Annual,Electronic check,115.15,72,active,2020-08-26,
2256-YLYLP,Pro,Two year,Annual,Bank transfer (automatic),72.95,68,active,2021-01-07,
1272-ILHFG,Standard,One year,Annual,Mailed check,19.65,15,active,2025-06-14,
0164-XAIRP,Pro,Two year,Annual,Bank transfer (automatic),19.55,24,active,2024-09-16,
5666-CYCYZ,Basic,Month-to-month,Monthly,Electronic check,89.55,24,active,2024-08-25,
4011-ARPHK,Basic,Month-to-month,Monthly,Mailed check,50.35,27,active,2024-05-20,
8182-PNAGI,Basic,Month-to-month,Monthly,Bank transfer (automatic),50.25,12,cancelled,2025-08-27,2026-09-13
6365-HITVU,Pro,Two year,Annual,Credit card (automatic),87.25,71,active,2020-10-15,
7558-IMLMT,Pro,Two year,Annual,Mailed check,20.8,67,active,2021-01-30,
9488-FYQAU,Pro,Two year,Annual,Bank transfer (automatic),109.25,63,active,2021-06-09,
3590-TCXTB,Basic,Month-to-month,Monthly,Mailed check,20.35,1,active,2026-08-08,
6994-KERXL,Basic,Month-to-month,Monthly,Electronic check,55.9,4,active,2026-04-21,
7957-RYHQD,Basic,Month-to-month,Monthly,Credit card (automatic),79.2,40,cancelled,2023-04-24,2026-09-10
2180-DXNEG,Basic,Month-to-month,Monthly,Electronic check,96.0,12,cancelled,2025-08-25,2026-08-11
1960-UOTYM,Pro,Two year,Annual,Electronic check,79.2,52,active,2022-05-03,
2740-JFBOK,Basic,Month-to-month,Monthly,Electronic check,24.0,10,active,2025-10-30,
6500-JVEGC,Standard,One year,Annual,Bank transfer (automatic),101.35,68,active,2020-12-20,
5515-AKOAJ,Basic,Month-to-month,Monthly,Electronic check,100.1,54,cancelled,2022-02-27,2026-08-09
8976-OQHGT,Basic,Month-to-month,Monthly,Mailed check,56.5,4,cancelled,2026-05-01,2026-08-13
5245-VDBUR,Standard,One year,Annual,Mailed check,35.45,52,active,2022-05-16,
6230-BSUXY,Basic,Month-to-month,Monthly,Electronic check,85.0,1,cancelled,2026-07-19,2026-07-24
8469-SNFFH,Standard,One year,Annual,Bank transfer (automatic),79.4,70,active,2020-10-23,
2144-ESWKO,Standard,One year,Annual,Credit card (automatic),35.2,43,active,2023-02-06,
1241-FPMOF,Pro,Two year,Annual,Mailed check,19.65,52,active,2022-05-11,
9928-BZVLZ,Pro,Two year,Annual,Mailed check,49.85,12,active,2025-08-18,
4114-QMKVN,Standard,One year,Annual,Bank transfer (automatic),68.75,56,active,2021-12-19,
2775-SEFEE,Pro,Two year,Annual,Bank transfer (automatic),61.9,0,active,2026-09-04,
9003-CPATH,Basic,Month-to-month,Monthly,Electronic check,79.9,42,active,2023-03-12,
1754-GKYPY,Basic,Month-to-month,Monthly,Bank transfer (automatic),89.75,22,active,2024-10-24,
5294-CDGWY,Standard,One year,Annual,Electronic check,59.3,51,cancelled,2022-05-30,2026-08-31
7956-XQWGU,Basic,Month-to-month,Monthly,Credit card (automatic),19.4,27,active,2024-05-21,
1591-MQJTP,Standard,One year,Annual,Bank transfer (automatic),93.65,51,active,2022-06-01,
5295-PCJOO,Basic,Month-to-month,Monthly,Electronic check,49.4,4,cancelled,2026-05-02,2026-08-14
2369-FEVNO,Basic,Month-to-month,Monthly,Mailed check,19.9,1,active,2026-08-13,
9863-JZAIC,Basic,Month-to-month,Monthly,Mailed check,55.0,35,cancelled,2023-09-29,2026-08-28
7471-MQPOS,Standard,One year,Annual,Bank transfer (automatic),72.9,71,active,2020-10-06,
7660-HDPJV,Basic,Month-to-month,Monthly,Electronic check,69.2,1,cancelled,2026-08-11,2026-08-25
5115-SQAAU,Pro,Two year,Annual,Bank transfer (automatic),25.6,69,active,2020-11-23,
9845-QOMAD,Standard,One year,Annual,Mailed check,19.75,14,active,2025-07-07,
7672-VFMXZ,Basic,Month-to-month,Monthly,Electronic check,55.7,57,active,2021-12-10,
9739-JLPQJ,Pro,Two year,Annual,Credit card (automatic),117.5,72,active,2020-08-19,
9916-AYHTC,Pro,Two year,Annual,Credit card (automatic),19.85,48,active,2022-08-19,
3855-ONCAR,Basic,Month-to-month,Monthly,Mailed check,78.9,4,active,2026-05-04,
1488-SYSFC,Basic,Month-to-month,Monthly,Electronic check,20.65,31,active,2024-02-08,
7931-PXHFC,Standard,One year,Annual,Mailed check,62.3,38,cancelled,2023-07-14,2026-09-07
3990-QYKBE,Basic,Month-to-month,Monthly,Electronic check,92.5,37,cancelled,2023-07-30,2026-07-31
0970-QXPXW,Basic,Month-to-month,Monthly,Mailed check,19.65,1,active,2026-07-30,
3259-KNMRR,Pro,Two year,Annual,Bank transfer (automatic),79.75,57,active,2021-11-28,
6120-RJKLU,Pro,Two year,Annual,Credit card (automatic),79.95,62,active,2021-06-24,
9572-WUKSB,Basic,Month-to-month,Monthly,Electronic check,29.9,3,active,2026-06-03,
5893-KCLGT,Pro,Two year,Annual,Mailed check,19.75,72,active,2020-08-27,
0076-LVEPS,Basic,Month-to-month,Monthly,Mailed check,45.0,29,active,2024-03-29,
3640-JQGJG,Basic,Month-to-month,Monthly,Bank transfer (automatic),44.8,13,active,2025-07-25,
4919-MOAVT,Basic,Month-to-month,Monthly,Electronic check,69.65,3,cancelled,2026-05-26,2026-08-05
1596-OQSPS,Basic,Month-to-month,Monthly,Electronic check,51.1,11,active,2025-10-16,
9867-XOBQA,Pro,Two year,Annual,Mailed check,53.15,21,active,2024-11-28,
9546-KDTRB,Basic,Month-to-month,Monthly,Bank transfer (automatic),24.7,19,active,2025-01-17,
3090-HAWSU,Pro,Two year,Annual,Credit card (automatic),111.6,61,cancelled,2021-08-01,2026-08-04
9820-RMCQV,Basic,Month-to-month,Monthly,Credit card (automatic),48.55,11,cancelled,2025-10-02,2026-09-07
3174-RKMOW,Basic,Month-to-month,Monthly,Electronic check,109.95,35,active,2023-09-29,
1760-CAZHT,Basic,Month-to-month,Monthly,Mailed check,20.8,25,active,2024-07-31,
7839-QRKXN,Basic,Month-to-month,Monthly,Mailed check,20.2,1,cancelled,2026-08-05,2026-09-09
8441-SHIPE,Pro,Two year,Annual,Bank transfer (automatic),25.6,67,active,2021-01-17,
5204-QZXPU,Basic,Month-to-month,Monthly,Electronic check,39.65,19,cancelled,2025-02-13,2026-07-31
4597-ELFTS,Standard,One year,Annual,Electronic check,24.9,56,cancelled,2021-12-23,2026-08-07
1320-GVNHT,Pro,Two year,Annual,Credit card (automatic),108.4,72,active,2020-09-12,
1047-RNXZV,Pro,Two year,Annual,Mailed check,19.55,43,active,2023-02-10,
3541-ZNUHK,Basic,Month-to-month,Monthly,Electronic check,85.1,55,active,2022-01-28,
8450-JOVAH,Basic,Month-to-month,Monthly,Mailed check,56.7,2,cancelled,2026-06-29,2026-09-14
8725-JEDFD,Basic,Month-to-month,Monthly,Mailed check,69.05,27,active,2024-05-21,
7562-UXTPG,Basic,Month-to-month,Monthly,Mailed check,70.15,13,active,2025-08-09,
8071-SBTRN,Pro,Two year,Annual,Mailed check,111.15,70,active,2020-11-16,
1113-IUJYX,Standard,One year,Annual,Mailed check,105.95,14,cancelled,2025-07-10,2026-08-07
6668-CNMFP,Standard,One year,Annual,Bank transfer (automatic),89.35,19,active,2025-01-30,
5626-MGTUK,Basic,Month-to-month,Monthly,Bank transfer (automatic),89.1,20,active,2025-01-06,
5681-LLOEI,Standard,One year,Annual,Credit card (automatic),91.25,43,active,2023-02-09,
8212-DJRCH,Basic,Month-to-month,Monthly,Mailed check,90.35,5,active,2026-03-21,
4323-OHFOW,Standard,One year,Annual,Bank transfer (automatic),105.55,70,active,2020-10-31,
4933-BSAIP,Pro,Two year,Annual,Mailed check,19.1,40,active,2023-04-28,
2030-BTZRO,Pro,Two year,Annual,Credit card (automatic),20.4,6,active,2026-02-24,
1116-DXXDF,Pro,Two year,Annual,Electronic check,100.45,39,active,2023-06-05,
9274-CNFMO,Basic,Month-to-month,Monthly,Electronic check,74.95,4,cancelled,2026-04-26,2026-07-20
7758-XKCBS,Basic,Month-to-month,Monthly,Electronic check,29.7,15,cancelled,2025-05-20,2026-08-02
8992-JQYUN,Basic,Month-to-month,Monthly,Electronic check,50.35,1,cancelled,2026-07-27,2026-08-30
6563-VNPMN,Basic,Month-to-month,Monthly,Bank transfer (automatic),85.7,45,active,2022-12-09,
0617-AQNWT,Pro,Two year,Annual,Electronic check,47.85,64,cancelled,2021-04-24,2026-08-28
2267-WTPYD,Basic,Month-to-month,Monthly,Credit card (automatic),94.0,57,active,2021-12-09,
0270-THENM,Pro,Two year,Annual,Bank transfer (automatic),69.85,72,active,2020-09-14,
2446-PLQVO,Basic,Month-to-month,Monthly,Electronic check,70.3,1,cancelled,2026-08-04,2026-08-02
4707-MAXGU,Pro,Two year,Annual,Credit card (automatic),25.85,72,active,2020-09-01,
2710-WYVXG,Pro,Two year,Annual,Mailed check,71.1,3,active,2026-06-03,
3005-NFMTA,Basic,Month-to-month,Monthly,Electronic check,98.8,55,cancelled,2022-02-08,2026-08-23
6300-BWMJX,Basic,Month-to-month,Monthly,Electronic check,93.35,59,active,2021-10-09,
8784-CGILN,Basic,Month-to-month,Monthly,Bank transfer (automatic),99.85,18,cancelled,2025-02-19,2026-08-03
5389-FFVKB,Basic,Month-to-month,Monthly,Credit card (automatic),80.3,32,cancelled,2024-01-08,2026-07-21
7009-LGECI,Basic,Month-to-month,Monthly,Bank transfer (automatic),50.55,4,active,2026-04-25,
8444-WRIDW,Basic,Month-to-month,Monthly,Credit card (automatic),80.45,66,cancelled,2021-03-10,2026-08-23
5022-KVDQT,Basic,Month-to-month,Monthly,Electronic check,81.3,27,active,2024-06-14,
7976-CICYS,Basic,Month-to-month,Monthly,Credit card (automatic),20.7,4,active,2026-05-17,
1036-GUDCL,Basic,Month-to-month,Monthly,Credit card (automatic),79.05,60,active,2021-09-09,
2005-DWQZJ,Pro,Two year,Annual,Mailed check,19.05,8,active,2025-12-22,
8148-WOCMK,Pro,Two year,Annual,Credit card (automatic),19.6,8,active,2026-01-03,
7815-PDTHL,Pro,Two year,Annual,Mailed check,20.2,35,active,2023-09-27,
9451-LPGOO,Basic,Month-to-month,Monthly,Electronic check,86.8,7,cancelled,2026-01-18,2026-08-13
9173-IVZVP,Pro,Two year,Annual,Mailed check,20.9,53,active,2022-04-16,
9129-UXERG,Basic,Month-to-month,Monthly,Credit card (automatic),103.6,18,active,2025-03-15,
3635-JBPSG,Pro,Two year,Annual,Mailed check,38.8,15,active,2025-05-21,
7964-ZRKKG,Standard,One year,Annual,Bank transfer (automatic),88.4,67,active,2021-01-29,
5868-YWPDW,Basic,Month-to-month,Monthly,Electronic check,84.2,6,cancelled,2026-02-28,2026-08-18
6229-LSCKB,Basic,Month-to-month,Monthly,Electronic check,79.7,6,active,2026-03-08,
2025-JKFWI,Basic,Month-to-month,Monthly,Mailed check,99.0,13,cancelled,2025-07-24,2026-08-16
4078-SAYYN,Basic,Month-to-month,Monthly,Electronic check,100.75,11,cancelled,2025-09-28,2026-09-11
1724-IQWNM,Basic,Month-to-month,Monthly,Mailed check,19.3,1,active,2026-08-10,
8217-QYOHV,Basic,Month-to-month,Monthly,Mailed check,55.75,5,active,2026-03-29,
5546-QUERU,Standard,One year,Annual,Mailed check,19.95,13,active,2025-08-17,
9940-HPQPG,Basic,Month-to-month,Monthly,Bank transfer (automatic),91.75,9,cancelled,2025-12-10,2026-07-19
6897-UUBNU,Basic,Month-to-month,Monthly,Mailed check,89.65,29,active,2024-04-11,
6127-IYJOZ,Basic,Month-to-month,Monthly,Mailed check,45.85,1,active,2026-07-25,
6618-RYATB,Basic,Month-to-month,Monthly,Mailed check,79.55,1,cancelled,2026-07-26,2026-08-15
8930-XOTDP,Basic,Month-to-month,Monthly,Mailed check,55.95,18,active,2025-03-16,
5916-QEWPT,Basic,Month-to-month,Monthly,Credit card (automatic),69.0,2,active,2026-06-21,
5060-TQUQN,Basic,Month-to-month,Monthly,Bank transfer (automatic),83.55,30,active,2024-02-22,
0531-XBKMM,Pro,Two year,Annual,Bank transfer (automatic),65.7,66,active,2021-03-04,
8465-SBRXP,Pro,Two year,Annual,Bank transfer (automatic),94.9,38,active,2023-07-12,
2408-PSJVE,Basic,Month-to-month,Monthly,Mailed check,61.9,44,active,2023-01-04,
9079-YEXQJ,Basic,Month-to-month,Monthly,Electronic check,111.1,54,cancelled,2022-03-01,2026-09-02
9700-ZCLOT,Basic,Month-to-month,Monthly,Mailed check,20.0,2,active,2026-06-30,
8738-JOKAR,Standard,One year,Annual,Mailed check,67.7,42,active,2023-03-08,
4534-WGCIR,Pro,Two year,Annual,Credit card (automatic),25.15,58,active,2021-11-13,
1930-WNXSB,Basic,Month-to-month,Monthly,Electronic check,92.85,58,active,2021-10-29,
2685-SREOM,Basic,Month-to-month,Monthly,Electronic check,89.1,25,cancelled,2024-07-26,2026-08-13
3508-CFVZL,Pro,Two year,Annual,Mailed check,111.3,71,active,2020-10-08,
0402-CQAJN,Basic,Month-to-month,Monthly,Bank transfer (automatic),101.9,37,cancelled,2023-07-29,2026-08-23
6692-UDPJC,Basic,Month-to-month,Monthly,Electronic check,91.65,14,cancelled,2025-06-30,2026-07-29
1273-MTETI,Basic,Month-to-month,Monthly,Electronic check,88.85,4,cancelled,2026-05-03,2026-08-02
0657-DOGUM,Standard,One year,Annual,Bank transfer (automatic),60.6,48,active,2022-09-16,
5480-HPRRX,Basic,Month-to-month,Monthly,Electronic check,25.3,3,cancelled,2026-06-08,2026-08-24
8792-AOROI,Pro,Two year,Annual,Mailed check,65.5,8,active,2026-01-05,
0295-PPHDO,Basic,Month-to-month,Monthly,Electronic check,95.45,1,cancelled,2026-07-23,2026-08-04
5146-YYFRZ,Pro,Two year,Annual,Bank transfer (automatic),19.95,67,active,2021-01-22,
1195-OIYEJ,Basic,Month-to-month,Monthly,Electronic check,91.1,13,cancelled,2025-07-22,2026-09-14
5906-CVLHP,Standard,One year,Annual,Credit card (automatic),54.15,45,cancelled,2022-12-04,2026-07-20
3452-SRFEG,Basic,Month-to-month,Monthly,Bank transfer (automatic),74.6,49,active,2022-08-08,
4070-OKWVH,Basic,Month-to-month,Monthly,Bank transfer (automatic),94.6,52,active,2022-05-04,
5297-MDOIR,Standard,One year,Annual,Credit card (automatic),81.15,63,active,2021-05-25,
6369-MCAKO,Pro,Two year,Annual,Bank transfer (automatic),89.05,68,active,2020-12-29,
4926-UMJZD,Basic,Month-to-month,Monthly,Mailed check,49.2,31,active,2024-01-29,
6848-HJTXY,Pro,Two year,Annual,Credit card (automatic),19.45,64,active,2021-05-04,
6341-AEVKX,Standard,One year,Annual,Electronic check,104.3,62,active,2021-06-27,
4501-EQDRN,Basic,Month-to-month,Monthly,Bank transfer (automatic),69.7,1,cancelled,2026-07-22,2026-08-16
2990-HWIML,Basic,Month-to-month,Monthly,Electronic check,89.5,6,cancelled,2026-02-26,2026-08-08
0682-USIXD,Basic,Month-to-month,Monthly,Electronic check,86.05,21,active,2024-12-04,
6976-BWGLQ,Pro,Two year,Annual,Bank transfer (automatic),25.2,72,active,2020-08-22,
7078-NVFAM,Basic,Month-to-month,Monthly,Electronic check,35.15,32,active,2023-12-19,
8065-QBYTO,Standard,One year,Annual,Credit card (automatic),99.65,71,active,2020-09-23,
2133-TSRRM,Basic,Month-to-month,Monthly,Bank transfer (automatic),105.35,34,active,2023-10-22,
7384-GHBPI,Basic,Month-to-month,Monthly,Electronic check,35.15,3,cancelled,2026-06-10,2026-08-08
7603-USHJS,Basic,Month-to-month,Monthly,Credit card (automatic),73.75,12,cancelled,2025-09-04,2026-08-28
7234-FECYN,Basic,Month-to-month,Monthly,Electronic check,101.35,8,cancelled,2026-01-09,2026-08-06
2511-ALLCS,Pro,Two year,Annual,Bank transfer (automatic),24.3,35,active,2023-10-07,
3191-CSNMG,Basic,Month-to-month,Monthly,Electronic check,80.7,3,active,2026-05-26,
7952-OBOYL,Basic,Month-to-month,Monthly,Mailed check,89.85,3,active,2026-05-28,
7470-DYNOE,Standard,One year,Annual,Electronic check,61.1,53,active,2022-04-17,
7853-OETYL,Basic,Month-to-month,Monthly,Electronic check,29.05,4,active,2026-04-26,
1545-ACTAS,Standard,One year,Annual,Bank transfer (automatic),99.7,48,active,2022-09-11,
5876-HZVZM,Basic,Month-to-month,Monthly,Credit card (automatic),55.9,6,cancelled,2026-03-13,2026-08-23
1400-MMYXY,Basic,Month-to-month,Monthly,Electronic check,105.9,3,cancelled,2026-06-01,2026-08-06
5126-RCXYW,Pro,Two year,Annual,Credit card (automatic),46.0,54,active,2022-03-11,
3085-QUOZK,Basic,Month-to-month,Monthly,Mailed check,43.95,1,cancelled,2026-07-20,2026-09-10
2363-BJLSL,Basic,Month-to-month,Monthly,Bank transfer (automatic),80.4,62,active,2021-07-13,
1956-YIFGE,Standard,One year,Annual,Mailed check,100.05,22,active,2024-11-12,
3926-CUQZX,Basic,Month-to-month,Monthly,Bank transfer (automatic),45.1,1,cancelled,2026-07-26,2026-09-07
7921-LMDFQ,Standard,One year,Annual,Bank transfer (automatic),94.0,51,active,2022-06-09,
2925-MXLSX,Standard,One year,Annual,Credit card (automatic),68.95,30,active,2024-02-25,
5820-PTRYM,Standard,One year,Annual,Credit card (automatic),68.45,56,active,2021-12-27,
9609-BENEA,Standard,One year,Annual,Electronic check,69.0,35,active,2023-10-12,
6211-WHMYA,Basic,Month-to-month,Monthly,Electronic check,43.85,64,active,2021-04-30,
4459-BBGHE,Basic,Month-to-month,Monthly,Electronic check,44.5,30,active,2024-03-01,
9945-PSVIP,Pro,Two year,Annual,Mailed check,18.7,25,active,2024-08-14,
1041-RXHRA,Basic,Month-to-month,Monthly,Bank transfer (automatic),70.25,41,cancelled,2023-03-26,2026-07-23
1750-CSKKM,Basic,Month-to-month,Monthly,Electronic check,55.35,9,cancelled,2025-11-22,2026-08-03
9108-EJFJP,Basic,Month-to-month,Monthly,Mailed check,53.55,1,active,2026-07-20,
0530-IJVDB,Pro,Two year,Annual,Electronic check,114.6,70,active,2020-11-14,
0508-SQWPL,Pro,Two year,Annual,Bank transfer (automatic),20.1,57,active,2021-12-11,
2215-ZAFGX,Basic,Month-to-month,Monthly,Electronic check,85.5,9,active,2025-11-23,
8213-TAZPM,Standard,One year,Annual,Bank transfer (automatic),108.75,69,active,2020-12-07,
7142-HVGBG,Basic,Month-to-month,Monthly,Electronic check,103.0,43,cancelled,2023-01-29,2026-09-08
1304-SEGFY,Pro,Two year,Annual,Electronic check,97.85,72,active,2020-09-06,
7242-EDTYC,Pro,Two year,Annual,Bank transfer (automatic),19.55,44,active,2023-01-10,
2904-GGUAZ,Pro,Two year,Annual,Bank transfer (automatic),84.05,72,active,2020-08-29,
8267-ZNYVZ,Standard,One year,Annual,Electronic check,103.75,33,cancelled,2023-12-11,2026-09-03
5136-GFPMB,Basic,Month-to-month,Monthly,Credit card (automatic),89.4,54,active,2022-03-14,
2595-KIWPV,Pro,Two year,Annual,Credit card (automatic),19.7,27,active,2024-06-02,
5243-SAOTC,Basic,Month-to-month,Monthly,Bank transfer (automatic),79.85,54,active,2022-03-13,
9398-MMQTO,Basic,Month-to-month,Monthly,Credit card (automatic),74.45,3,active,2026-06-12,
7619-PLRLP,Standard,One year,Annual,Bank transfer (automatic),74.1,53,active,2022-03-25,
6457-GIRWB,Basic,Month-to-month,Monthly,Electronic check,69.35,1,cancelled,2026-08-02,2026-08-14
6508-NJYRO,Standard,One year,Annual,Mailed check,18.8,15,active,2025-06-01,
1450-SKCVI,Basic,Month-to-month,Monthly,Electronic check,73.85,56,cancelled,2022-01-12,2026-09-15
4710-NKCAW,Basic,Month-to-month,Monthly,Credit card (automatic),64.4,5,active,2026-04-13,
5306-BVTKJ,Standard,One year,Annual,Credit card (automatic),55.8,48,active,2022-09-05,
0357-NVCRI,Basic,Month-to-month,Monthly,Credit card (automatic),20.05,25,active,2024-08-05,
5570-PTWEH,Basic,Month-to-month,Monthly,Credit card (automatic),75.15,3,cancelled,2026-06-04,2026-08-23
2371-KFUOG,Standard,One year,Annual,Bank transfer (automatic),99.15,58,active,2021-11-12,
0463-ZSDNT,Basic,Month-to-month,Monthly,Bank transfer (automatic),56.75,10,active,2025-10-21,
6502-MJQAE,Basic,Month-to-month,Monthly,Electronic check,69.6,1,cancelled,2026-08-07,2026-08-27
6257-DTAYD,Pro,Two year,Annual,Credit card (automatic),104.15,71,active,2020-09-22,
4616-ULAOA,Pro,Two year,Annual,Credit card (automatic),110.8,65,active,2021-04-05,
7693-LCKZL,Basic,Month-to-month,Monthly,Electronic check,80.15,5,cancelled,2026-04-03,2026-09-08
7746-AWNQW,Basic,Month-to-month,Monthly,Mailed check,35.75,28,active,2024-05-14,
5996-EBTKM,Pro,Two year,Annual,Bank transfer (automatic),69.9,67,active,2021-01-26,
2758-RNWXS,Standard,One year,Annual,Electronic check,89.2,35,active,2023-10-16,
2314-TNDJQ,Pro,Two year,Annual,Credit card (automatic),55.65,72,active,2020-08-25,
2405-LBMUW,Standard,One year,Annual,Bank transfer (automatic),50.7,61,active,2021-07-22,
3454-JFUBC,Pro,Two year,Annual,Credit card (automatic),20.0,68,active,2021-01-06,
0032-PGELS,Basic,Month-to-month,Monthly,Bank transfer (automatic),30.5,1,cancelled,2026-07-22,2026-08-29
9039-ZVJDC,Basic,Month-to-month,Monthly,Mailed check,19.1,3,active,2026-05-28,
6797-LNAQX,Pro,Two year,Annual,Bank transfer (automatic),98.3,70,cancelled,2020-11-16,2026-08-29
9013-AQORL,Basic,Month-to-month,Monthly,Credit card (automatic),45.55,48,active,2022-09-10,
2898-MRKPI,Standard,One year,Annual,Credit card (automatic),101.05,68,active,2020-12-28,
2750-BJLSB,Standard,One year,Annual,Electronic check,103.7,47,active,2022-09-26,
3648-GZPHF,Standard,One year,Annual,Mailed check,36.25,32,active,2024-01-14,
2075-RMJIK,Basic,Month-to-month,Monthly,Mailed check,49.4,5,active,2026-03-28,
9588-YRFHY,Pro,Two year,Annual,Credit card (automatic),19.9,49,active,2022-07-24,
6394-MFYNG,Basic,Month-to-month,Monthly,Bank transfer (automatic),107.4,48,cancelled,2022-09-14,2026-09-12
1564-NTYXF,Basic,Month-to-month,Monthly,Electronic check,82.0,13,cancelled,2025-07-22,2026-08-09
9364-YKUVW,Basic,Month-to-month,Monthly,Mailed check,19.8,15,active,2025-06-02,
5392-AKEMH,Basic,Month-to-month,Monthly,Electronic check,45.05,12,active,2025-08-29,
2451-YMUXS,Pro,Two year,Annual,Bank transfer (automatic),64.55,67,active,2021-02-14,
3914-FDRHP,Basic,Month-to-month,Monthly,Electronic check,86.25,9,active,2025-11-29,
3078-ZKNTS,Pro,Two year,Annual,Bank transfer (automatic),19.75,13,active,2025-08-04,
1024-KPRBB,Standard,One year,Annual,Mailed check,89.1,38,active,2023-07-07,
4690-PKDQG,Basic,Month-to-month,Monthly,Electronic check,95.55,42,active,2023-02-23,
8155-IBNHG,Basic,Month-to-month,Monthly,Credit card (automatic),75.4,24,cancelled,2024-09-09,2026-08-30
0886-QGENL,Basic,Month-to-month,Monthly,Electronic check,101.25,27,cancelled,2024-06-16,2026-09-14
9547-ITEFG,Basic,Month-to-month,Monthly,Credit card (automatic),102.6,9,active,2025-12-03,
1264-FUHCX,Standard,One year,Annual,Credit card (automatic),56.3,49,active,2022-07-26,
7789-CRUVC,Basic,Month-to-month,Monthly,Credit card (automatic),94.2,61,active,2021-08-13,
6598-KELSS,Standard,One year,Annual,Bank transfer (automatic),43.05,50,active,2022-06-18,
8739-WWKDU,Basic,Month-to-month,Monthly,Electronic check,89.5,25,cancelled,2024-07-27,2026-09-14
8685-WHQPW,Basic,Month-to-month,Monthly,Bank transfer (automatic),74.4,22,cancelled,2024-10-19,2026-07-21
4745-LSPLO,Basic,Month-to-month,Monthly,Mailed check,20.5,1,cancelled,2026-08-03,2026-09-09
8083-YTZES,Basic,Month-to-month,Monthly,Electronic check,74.35,4,cancelled,2026-05-15,2026-07-24
7240-FQLHE,Basic,Month-to-month,Monthly,Bank transfer (automatic),99.75,18,cancelled,2025-03-13,2026-09-06
6664-FPDAC,Standard,One year,Annual,Electronic check,111.95,56,cancelled,2022-01-01,2026-09-11
9972-VAFJJ,Standard,One year,Annual,Electronic check,94.0,53,active,2022-03-31,
0422-UXFAP,Standard,One year,Annual,Electronic check,98.85,51,active,2022-05-26,
1904-WAJAA,Pro,Two year,Annual,Electronic check,64.35,24,active,2024-08-24,
5130-YPIRV,Pro,Two year,Annual,Credit card (automatic),72.0,62,active,2021-06-25,
2843-CQMEG,Basic,Month-to-month,Monthly,Mailed check,49.7,24,active,2024-08-30,
6439-PKTRR,Pro,Two year,Annual,Electronic check,80.7,70,active,2020-11-16,
5351-QESIO,Basic,Month-to-month,Monthly,Mailed check,24.2,1,active,2026-08-02,
0786-VSSUD,Basic,Month-to-month,Monthly,Mailed check,39.0,16,cancelled,2025-04-23,2026-08-14
5568-DMXZS,Basic,Month-to-month,Monthly,Electronic check,65.45,8,active,2025-12-22,
8468-FZTOE,Pro,Two year,Annual,Electronic check,74.35,72,active,2020-08-22,
6633-SYEUS,Basic,Month-to-month,Monthly,Bank transfer (automatic),83.2,23,active,2024-10-16,
6447-GORXK,Basic,Month-to-month,Monthly,Credit card (automatic),25.0,31,active,2024-02-03,
6967-PEJLL,Standard,One year,Annual,Electronic check,40.2,37,active,2023-07-30,
3976-BWUCK,Basic,Month-to-month,Monthly,Credit card (automatic),94.1,30,cancelled,2024-03-10,2026-07-26
5981-ZVXOT,Standard,One year,Annual,Electronic check,108.35,35,active,2023-10-05,
1684-FLBGS,Basic,Month-to-month,Monthly,Credit card (automatic),69.5,23,active,2024-10-14,
1389-WNUIB,Standard,One year,Annual,Bank transfer (automatic),76.0,20,active,2025-01-11,
0376-OIWME,Basic,Month-to-month,Monthly,Electronic check,93.6,36,active,2023-09-17,
3585-ISXZP,Basic,Month-to-month,Monthly,Bank transfer (automatic),95.65,8,cancelled,2025-12-18,2026-09-11
0218-QNVAS,Standard,One year,Annual,Bank transfer (automatic),100.55,71,active,2020-09-21,
6583-QGCSI,Basic,Month-to-month,Monthly,Electronic check,88.05,50,cancelled,2022-07-05,2026-08-27
0804-YGEQV,Standard,One year,Annual,Bank transfer (automatic),24.45,43,active,2023-02-16,
7164-BPTUT,Pro,Two year,Annual,Mailed check,89.55,57,active,2021-12-06,
4174-LPGTI,Standard,One year,Annual,Bank transfer (automatic),66.5,41,cancelled,2023-04-04,2026-08-02
2523-EWWZL,Basic,Month-to-month,Monthly,Electronic check,76.1,27,active,2024-06-12,
0928-XUTSN,Basic,Month-to-month,Monthly,Electronic check,80.5,13,active,2025-07-29,
2108-XWMPY,Basic,Month-to-month,Monthly,Mailed check,35.45,3,cancelled,2026-05-19,2026-09-12
0052-YNYOT,Standard,One year,Annual,Electronic check,20.55,67,active,2021-01-21,
6304-IJFSQ,Basic,Month-to-month,Monthly,Mailed check,49.9,3,cancelled,2026-05-23,2026-09-05
9586-JGQKH,Pro,Two year,Annual,Bank transfer (automatic),105.4,64,active,2021-04-23,
4501-VCPFK,Basic,Month-to-month,Monthly,Electronic check,35.75,26,active,2024-07-15,
6075-SLNIL,Basic,Month-to-month,Monthly,Credit card (automatic),95.1,38,active,2023-07-02,
9347-AERRL,Standard,One year,Annual,Credit card (automatic),19.3,23,active,2024-09-30,
0093-XWZFY,Basic,Month-to-month,Monthly,Credit card (automatic),104.5,40,cancelled,2023-05-15,2026-08-28
2274-XUATA,Pro,Two year,Annual,Bank transfer (automatic),63.1,72,active,2020-09-12,
1980-KXVPM,Basic,Month-to-month,Monthly,Credit card (automatic),75.05,3,cancelled,2026-06-01,2026-07-30
7703-ZEKEF,Basic,Month-to-month,Monthly,Electronic check,81.0,23,cancelled,2024-09-25,2026-07-30
0723-DRCLG,Basic,Month-to-month,Monthly,Electronic check,74.45,1,cancelled,2026-08-11,2026-08-05
5482-NUPNA,Basic,Month-to-month,Monthly,Mailed check,60.4,4,cancelled,2026-05-04,2026-08-07
6691-CCIHA,Pro,Two year,Annual,Electronic check,84.95,62,active,2021-07-15,
1685-BQULA,Basic,Month-to-month,Monthly,Bank transfer (automatic),93.4,40,active,2023-05-15,
9053-EJUNL,Basic,Month-to-month,Monthly,Electronic check,89.2,41,active,2023-03-31,
0666-UXTJO,Basic,Month-to-month,Monthly,Credit card (automatic),85.2,34,active,2023-11-01,
1471-GIQKQ,Basic,Month-to-month,Monthly,Electronic check,49.95,1,active,2026-07-26,
4807-IZYOZ,Pro,Two year,Annual,Bank transfer (automatic),20.65,51,active,2022-05-21,
1122-JWTJW,Basic,Month-to-month,Monthly,Mailed check,70.65,1,cancelled,2026-08-12,2026-09-14
9710-NJERN,Pro,Two year,Annual,Mailed check,20.15,39,active,2023-06-07,
9837-FWLCH,Basic,Month-to-month,Monthly,Electronic check,19.2,12,active,2025-08-22,
1699-HPSBG,Standard,One year,Annual,Electronic check,59.8,12,cancelled,2025-09-15,2026-09-01
7203-OYKCT,Standard,One year,Annual,Electronic check,104.95,72,active,2020-08-23,
1035-IPQPU,Basic,Month-to-month,Monthly,Electronic check,103.5,63,active,2021-05-20,
7398-LXGYX,Basic,Month-to-month,Monthly,Credit card (automatic),84.8,44,active,2023-01-14,
2823-LKABH,Basic,Month-to-month,Monthly,Bank transfer (automatic),95.05,18,active,2025-03-14,
8775-CEBBJ,Basic,Month-to-month,Monthly,Bank transfer (automatic),44.2,9,cancelled,2025-11-27,2026-07-23
0550-DCXLH,Basic,Month-to-month,Monthly,Mailed check,73.35,13,active,2025-08-03,
9281-CEDRU,Pro,Two year,Annual,Bank transfer (automatic),64.1,68,active,2020-12-18,
2235-DWLJU,Basic,Month-to-month,Monthly,Electronic check,44.4,6,active,2026-03-02,
0871-OPBXW,Basic,Month-to-month,Monthly,Mailed check,20.05,2,active,2026-06-29,
3605-JISKB,Standard,One year,Annual,Credit card (automatic),60.0,55,active,2022-02-08,
6894-LFHLY,Basic,Month-to-month,Monthly,Electronic check,75.75,1,cancelled,2026-08-08,2026-08-04
9767-FFLEM,Basic,Month-to-month,Monthly,Credit card (automatic),69.5,38,active,2023-07-13,
0639-TSIQW,Basic,Month-to-month,Monthly,Credit card (automatic),102.95,67,cancelled,2021-02-11,2026-09-01
8456-QDAVC,Basic,Month-to-month,Monthly,Bank transfer (automatic),78.7,19,active,2025-02-12,
7750-EYXWZ,Standard,One year,Annual,Electronic check,60.65,12,active,2025-08-21,
2569-WGERO,Pro,Two year,Annual,Bank transfer (automatic),21.15,72,active,2020-09-14,
6840-RESVB,Standard,One year,Annual,Mailed check,84.8,24,active,2024-09-01,
2234-XADUH,Standard,One year,Annual,Credit card (automatic),103.2,72,active,2020-09-01,
4801-JZAZL,Basic,Month-to-month,Monthly,Electronic check,29.6,11,active,2025-10-16,
8361-LTMKD,Basic,Month-to-month,Monthly,Mailed check,74.4,4,cancelled,2026-04-23,2026-08-05
3186-AJIEK,Pro,Two year,Annual,Bank transfer (automatic),105.65,66,active,2021-03-02,
