ticket_id,customer_id,created_at,resolved_at,category,priority,status,resolution_time_hours,ticket_text
1,7590-VHVEG,2026-08-18,2026-08-18,billing,medium,closed,6.27,Reported a failed payment and requested a retry.
2,5575-GNVDE,2026-05-19,,billing,medium,open,,Asked why the monthly charge increased without notice.
3,3668-QPYBK,2026-06-05,,other,low,open,,Requested a copy of past invoices.
4,3668-QPYBK,2026-05-02,2026-05-03,technical,high,closed,40.91,Reported repeated login failures over the past week.
5,3668-QPYBK,2026-04-28,2026-04-28,other,low,closed,16.99,Asked about cancellation policy and notice period.
6,3668-QPYBK,2026-03-29,,other,medium,open,,General question about plan upgrade options.
7,3668-QPYBK,2026-08-20,,other,medium,open,,Requested a copy of past invoices.
8,3668-QPYBK,2026-08-24,,billing,medium,open,,Requested a refund for a duplicate charge.
9,9237-HQITU,2026-08-22,,technical,high,open,,Requested help configuring an integration.
10,9237-HQITU,2026-07-18,2026-07-20,billing,medium,closed,69.49,Reported a failed payment and requested a retry.
11,9305-CDSKC,2026-05-26,2026-05-26,billing,medium,closed,17.78,Reported a failed payment and requested a retry.
12,9305-CDSKC,2026-05-28,2026-05-29,technical,medium,closed,29.72,Feature X is not syncing data correctly.
13,1452-KIOVK,2026-07-03,2026-07-03,technical,low,closed,4.41,Feature X is not syncing data correctly.
14,6713-OKOMC,2026-03-29,,other,medium,open,,Requested a copy of past invoices.
15,7892-POOKP,2026-06-12,,billing,low,open,,Requested a refund for a duplicate charge.
16,7892-POOKP,2026-07-31,2026-08-01,technical,medium,closed,46.95,Reported repeated login failures over the past week.
17,6388-TABGU,2026-08-06,,billing,medium,open,,Requested a refund for a duplicate charge.
18,7469-LKBCI,2026-04-19,2026-04-19,other,low,closed,17.93,Asked about cancellation policy and notice period.
19,7469-LKBCI,2026-05-02,,other,low,open,,Provided feedback about the onboarding experience.
20,8091-TTVAX,2026-07-28,2026-07-29,other,medium,closed,42.2,Asked about cancellation policy and notice period.
21,8091-TTVAX,2026-05-07,2026-05-07,technical,low,closed,10.96,Requested help configuring an integration.
22,8091-TTVAX,2026-04-03,,technical,medium,open,,Reported repeated login failures over the past week.
23,0280-XJGEX,2026-04-11,,technical,high,open,,App crashes when loading the dashboard view.
24,0280-XJGEX,2026-05-23,2026-05-25,billing,medium,closed,65.1,Asked why the monthly charge increased without notice.
25,0280-XJGEX,2026-06-26,,technical,medium,open,,App crashes when loading the dashboard view.
26,8191-XWSZG,2026-03-27,2026-03-27,billing,medium,closed,10.6,Customer disputes a charge on their most recent invoice.
27,9959-WOFKT,2026-07-08,2026-07-08,other,medium,closed,15.3,Provided feedback about the onboarding experience.
28,9959-WOFKT,2026-05-10,2026-05-11,billing,low,closed,43.15,Requested a refund for a duplicate charge.
29,4190-MFLUW,2026-08-02,,technical,high,open,,App crashes when loading the dashboard view.
30,4190-MFLUW,2026-03-26,2026-03-28,other,high,closed,58.51,Asked about cancellation policy and notice period.
31,4183-MYFRB,2026-04-01,,billing,medium,open,,Customer disputes a charge on their most recent invoice.
32,4183-MYFRB,2026-05-27,,technical,medium,open,,Feature X is not syncing data correctly.
33,1680-VDCWW,2026-07-03,2026-07-03,billing,medium,closed,21.75,Reported a failed payment and requested a retry.
34,3638-WEABW,2026-03-22,2026-03-22,technical,medium,closed,13.5,Requested help configuring an integration.
35,3638-WEABW,2026-08-31,2026-09-01,other,high,closed,37.16,Requested a copy of past invoices.
36,6865-JZNKO,2026-09-03,2026-09-03,billing,medium,closed,15.45,Reported a failed payment and requested a retry.
37,6467-CHFZW,2026-06-19,2026-06-19,billing,low,closed,3.68,Customer disputes a charge on their most recent invoice.
38,6467-CHFZW,2026-04-22,,billing,medium,open,,Asked why the monthly charge increased without notice.
39,3841-NFECX,2026-04-21,,other,medium,open,,Provided feedback about the onboarding experience.
40,7310-EGVHZ,2026-08-04,2026-08-05,technical,high,closed,28.43,Feature X is not syncing data correctly.
41,7310-EGVHZ,2026-03-26,2026-03-27,other,high,closed,37.87,General question about plan upgrade options.
42,3413-BMNZE,2026-09-02,2026-09-02,billing,high,closed,16.74,Requested a refund for a duplicate charge.
43,3413-BMNZE,2026-07-25,2026-07-25,billing,medium,closed,19.8,Reported a failed payment and requested a retry.
44,6234-RAAPL,2026-08-31,2026-08-31,technical,medium,closed,15.56,Feature X is not syncing data correctly.
45,6234-RAAPL,2026-08-18,2026-08-18,billing,high,closed,21.06,Requested a refund for a duplicate charge.
46,6234-RAAPL,2026-05-28,2026-05-28,other,high,closed,10.24,Requested a copy of past invoices.
47,8168-UQWWF,2026-06-06,,other,medium,open,,Requested a copy of past invoices.
48,9489-DEDVP,2026-06-29,2026-06-29,technical,low,closed,9.68,Reported repeated login failures over the past week.
49,9867-JCZSP,2026-03-22,,other,high,open,,Requested a copy of past invoices.
50,4080-IIARD,2026-04-07,2026-04-07,other,high,closed,19.6,Requested a copy of past invoices.
51,4080-IIARD,2026-08-21,2026-08-22,other,medium,closed,38.82,General question about plan upgrade options.
52,7760-OYPDY,2026-04-22,2026-04-22,billing,medium,closed,4.7,Customer disputes a charge on their most recent invoice.
53,7639-LIAYI,2026-04-10,2026-04-10,technical,low,closed,14.52,Reported repeated login failures over the past week.
54,7639-LIAYI,2026-06-29,2026-06-30,technical,medium,closed,32.03,App crashes when loading the dashboard view.
55,7639-LIAYI,2026-05-03,,billing,medium,open,,Customer disputes a charge on their most recent invoice.
56,2954-PIBKO,2026-07-24,2026-07-24,technical,low,closed,15.48,Requested help configuring an integration.
57,2954-PIBKO,2026-09-14,2026-09-15,technical,medium,closed,36.13,App crashes when loading the dashboard view.
58,2954-PIBKO,2026-07-15,2026-07-15,technical,medium,closed,6.88,Requested help configuring an integration.
59,4667-QONEA,2026-06-21,2026-06-22,technical,medium,closed,47.78,Feature X is not syncing data correctly.
60,4667-QONEA,2026-07-07,2026-07-08,other,medium,closed,30.29,Requested a copy of past invoices.
61,4667-QONEA,2026-07-31,2026-08-01,billing,medium,closed,40.74,Asked why the monthly charge increased without notice.
62,1658-BYGOY,2026-04-04,2026-04-04,technical,high,closed,1.01,Requested help configuring an integration.
63,1658-BYGOY,2026-04-26,,other,medium,open,,Provided feedback about the onboarding experience.
64,5067-XJQFU,2026-07-29,2026-07-29,billing,medium,closed,17.94,Customer disputes a charge on their most recent invoice.
65,5954-BDFSG,2026-05-10,2026-05-10,billing,medium,closed,15.66,Reported a failed payment and requested a retry.
66,1215-FIGMP,2026-09-05,2026-09-05,billing,low,closed,1.01,Requested a refund for a duplicate charge.
67,0526-SXDJP,2026-06-11,2026-06-12,billing,high,closed,25.51,Reported a failed payment and requested a retry.
68,0526-SXDJP,2026-05-02,,billing,low,open,,Asked why the monthly charge increased without notice.
69,0526-SXDJP,2026-05-24,,other,medium,open,,General question about plan upgrade options.
70,0557-ASKVU,2026-06-26,,other,medium,open,,Provided feedback about the onboarding experience.
71,0557-ASKVU,2026-04-30,2026-04-30,other,low,closed,18.29,Requested a copy of past invoices.
72,5122-CYFXA,2026-05-30,2026-05-31,other,medium,closed,29.52,Provided feedback about the onboarding experience.
73,5122-CYFXA,2026-08-09,2026-08-09,technical,low,closed,18.04,Requested help configuring an integration.
74,3410-YOQBQ,2026-06-17,2026-06-17,technical,low,closed,16.52,App crashes when loading the dashboard view.
75,3170-NMYVV,2026-05-11,2026-05-11,technical,medium,closed,17.71,Reported repeated login failures over the past week.
76,0731-EBJQB,2026-06-20,2026-06-21,technical,medium,closed,39.37,Requested help configuring an integration.
77,1891-QRQSA,2026-04-21,2026-04-22,other,medium,closed,46.32,Requested a copy of past invoices.
78,5630-AHZIL,2026-06-27,2026-06-27,other,medium,closed,17.09,Asked about cancellation policy and notice period.
79,5590-ZSKRV,2026-08-08,,billing,high,open,,Asked why the monthly charge increased without notice.
80,0191-ZHSKZ,2026-08-10,2026-08-10,billing,low,closed,9.18,Asked why the monthly charge increased without notice.
81,3887-PBQAO,2026-05-28,,technical,low,open,,Requested help configuring an integration.
82,3887-PBQAO,2026-05-23,2026-05-23,other,medium,closed,14.19,Provided feedback about the onboarding experience.
83,8108-UXRQN,2026-06-10,2026-06-10,billing,medium,closed,6.36,Reported a failed payment and requested a retry.
84,9919-YLNNG,2026-08-29,2026-08-29,technical,low,closed,9.24,App crashes when loading the dashboard view.
85,9919-YLNNG,2026-06-02,,billing,medium,open,,Asked why the monthly charge increased without notice.
86,9919-YLNNG,2026-08-19,2026-08-20,other,high,closed,42.21,Requested a copy of past invoices.
87,9919-YLNNG,2026-05-18,,other,low,open,,Provided feedback about the onboarding experience.
88,0318-ZOPWS,2026-03-30,2026-03-31,billing,medium,closed,41.44,Customer disputes a charge on their most recent invoice.
89,4445-ZJNMU,2026-06-14,,technical,high,open,,Reported repeated login failures over the past week.
90,2796-NNUFI,2026-04-29,2026-04-29,technical,low,closed,7.53,App crashes when loading the dashboard view.
91,2796-NNUFI,2026-06-02,2026-06-03,other,low,closed,36.43,Provided feedback about the onboarding experience.
92,9848-JQJTX,2026-06-25,2026-06-26,technical,medium,closed,38.06,Requested help configuring an integration.
93,9848-JQJTX,2026-08-25,,other,high,open,,General question about plan upgrade options.
94,8637-XJIVR,2026-04-02,2026-04-02,billing,medium,closed,11.34,Requested a refund for a duplicate charge.
95,9803-FTJCG,2026-05-24,,other,medium,open,,General question about plan upgrade options.
96,0278-YXOOG,2026-03-21,2026-03-23,billing,low,closed,57.22,Requested a refund for a duplicate charge.
97,0278-YXOOG,2026-04-25,2026-04-27,billing,low,closed,66.74,Customer disputes a charge on their most recent invoice.
98,3212-KXOCR,2026-04-14,2026-04-14,billing,low,closed,8.07,Customer disputes a charge on their most recent invoice.
99,4598-XLKNJ,2026-04-04,2026-04-05,billing,medium,closed,27.4,Requested a refund for a duplicate charge.
100,4598-XLKNJ,2026-04-12,2026-04-12,other,low,closed,18.51,Requested a copy of past invoices.
101,3679-XASPY,2026-04-27,,billing,medium,open,,Asked why the monthly charge increased without notice.
102,7123-WQUHX,2026-04-16,2026-04-17,technical,low,closed,41.85,Reported repeated login failures over the past week.
103,7123-WQUHX,2026-05-06,2026-05-06,other,low,closed,11.65,Requested a copy of past invoices.
104,5386-THSLQ,2026-09-08,2026-09-09,technical,medium,closed,40.56,Feature X is not syncing data correctly.
105,5386-THSLQ,2026-04-14,,billing,high,open,,Reported a failed payment and requested a retry.
106,6728-DKUCO,2026-05-11,2026-05-12,billing,high,closed,47.82,Requested a refund for a duplicate charge.
107,9750-BOOHV,2026-07-27,2026-07-28,billing,medium,closed,47.1,Customer disputes a charge on their most recent invoice.
108,8597-CWYHH,2026-09-04,2026-09-04,technical,medium,closed,4.63,Requested help configuring an integration.
109,2848-YXSMW,2026-08-02,2026-08-03,billing,high,closed,26.6,Customer disputes a charge on their most recent invoice.
110,0486-HECZI,2026-06-14,2026-06-15,billing,medium,closed,38.17,Customer disputes a charge on their most recent invoice.
111,5712-AHQNN,2026-06-12,2026-06-13,billing,low,closed,28.74,Requested a refund for a duplicate charge.
112,5712-AHQNN,2026-05-27,2026-05-27,technical,high,closed,2.42,Feature X is not syncing data correctly.
113,5712-AHQNN,2026-08-19,2026-08-19,technical,medium,closed,17.29,Reported repeated login failures over the past week.
114,5256-SKJGO,2026-08-28,2026-08-29,other,high,closed,29.8,Requested a copy of past invoices.
115,3071-VBYPO,2026-07-29,,billing,low,open,,Reported a failed payment and requested a retry.
116,3071-VBYPO,2026-06-15,2026-06-15,other,low,closed,23.8,Requested a copy of past invoices.
117,3071-VBYPO,2026-09-12,2026-09-13,technical,low,closed,31.07,App crashes when loading the dashboard view.
118,9560-BBZXK,2026-08-31,2026-08-31,other,medium,closed,1.47,Requested a copy of past invoices.
119,9560-BBZXK,2026-06-02,2026-06-02,other,high,closed,1.1,Provided feedback about the onboarding experience.
120,5299-RULOA,2026-08-04,2026-08-04,technical,medium,closed,1.07,Feature X is not syncing data correctly.
121,5299-RULOA,2026-08-22,2026-08-22,billing,low,closed,13.29,Customer disputes a charge on their most recent invoice.
122,8402-OOOHJ,2026-06-28,2026-06-29,other,medium,closed,30.9,Asked about cancellation policy and notice period.
123,8402-OOOHJ,2026-08-06,,other,high,open,,Provided feedback about the onboarding experience.
124,1091-SOZGA,2026-05-07,,billing,low,open,,Reported a failed payment and requested a retry.
125,1091-SOZGA,2026-06-02,,technical,low,open,,App crashes when loading the dashboard view.
126,0404-SWRVG,2026-03-25,2026-03-28,billing,medium,closed,78.71,Reported a failed payment and requested a retry.
127,7219-TLZHO,2026-08-13,2026-08-14,other,medium,closed,47.66,General question about plan upgrade options.
128,4622-YNKIJ,2026-09-10,2026-09-11,technical,low,closed,29.41,Requested help configuring an integration.
129,4622-YNKIJ,2026-04-11,2026-04-12,billing,medium,closed,37.68,Requested a refund for a duplicate charge.
130,4412-YLTKF,2026-04-14,2026-04-16,other,medium,closed,61.15,General question about plan upgrade options.
131,4412-YLTKF,2026-08-02,2026-08-05,billing,medium,closed,81.4,Reported a failed payment and requested a retry.
132,6734-PSBAW,2026-06-14,2026-06-15,technical,medium,closed,37.09,Requested help configuring an integration.
133,2639-UGMAZ,2026-08-30,2026-08-31,technical,low,closed,43.29,Reported repeated login failures over the past week.
134,6207-WIOLX,2026-09-10,2026-09-12,billing,high,closed,69.8,Reported a failed payment and requested a retry.
135,6207-WIOLX,2026-06-22,2026-06-22,other,high,closed,11.97,Asked about cancellation policy and notice period.
136,8587-XYZSF,2026-09-04,2026-09-04,other,medium,closed,17.35,Provided feedback about the onboarding experience.
137,3091-FYHKI,2026-09-07,2026-09-08,technical,medium,closed,27.57,Feature X is not syncing data correctly.
138,3091-FYHKI,2026-09-05,2026-09-07,billing,high,closed,68.02,Customer disputes a charge on their most recent invoice.
139,2372-HWUHI,2026-08-14,2026-08-14,other,low,closed,20.38,General question about plan upgrade options.
140,2372-HWUHI,2026-03-25,,billing,low,open,,Customer disputes a charge on their most recent invoice.
141,7799-LGRDP,2026-09-01,2026-09-01,other,medium,closed,8.3,Asked about cancellation policy and notice period.
142,7799-LGRDP,2026-04-03,2026-04-04,technical,medium,closed,41.25,Reported repeated login failures over the past week.
143,7850-VWJUU,2026-05-30,2026-05-31,billing,high,closed,41.47,Asked why the monthly charge increased without notice.
144,0390-DCFDQ,2026-03-30,,technical,medium,open,,Requested help configuring an integration.
145,0390-DCFDQ,2026-08-30,2026-09-01,billing,medium,closed,54.17,Customer disputes a charge on their most recent invoice.
146,0390-DCFDQ,2026-09-15,,billing,high,open,,Requested a refund for a duplicate charge.
147,3146-MSEGF,2026-05-09,2026-05-10,billing,medium,closed,35.49,Reported a failed payment and requested a retry.
148,4080-OGPJL,2026-08-26,,technical,medium,open,,App crashes when loading the dashboard view.
149,4080-OGPJL,2026-05-23,2026-05-25,billing,medium,closed,57.26,Customer disputes a charge on their most recent invoice.
150,4080-OGPJL,2026-06-16,,billing,medium,open,,Customer disputes a charge on their most recent invoice.
151,1095-WGNGG,2026-03-27,2026-03-28,technical,medium,closed,41.85,Reported repeated login failures over the past week.
152,2636-SJDOU,2026-08-04,2026-08-04,other,medium,closed,23.99,Asked about cancellation policy and notice period.
153,1131-QQZEB,2026-04-21,2026-04-21,technical,high,closed,6.52,Feature X is not syncing data correctly.
154,5716-EZXZN,2026-06-19,,technical,low,open,,App crashes when loading the dashboard view.
155,5716-EZXZN,2026-04-03,,other,medium,open,,Provided feedback about the onboarding experience.
156,2135-RXIHG,2026-05-17,2026-05-17,billing,medium,closed,2.47,Reported a failed payment and requested a retry.
157,2135-RXIHG,2026-04-07,,other,medium,open,,Provided feedback about the onboarding experience.
158,6440-DKQGE,2026-09-02,2026-09-03,billing,low,closed,39.15,Requested a refund for a duplicate charge.
159,6440-DKQGE,2026-04-21,2026-04-21,technical,low,closed,11.09,Requested help configuring an integration.
160,6440-DKQGE,2026-05-26,2026-05-26,other,low,closed,8.35,Requested a copy of past invoices.
161,3874-EQOEP,2026-06-24,2026-06-25,billing,medium,closed,45.19,Asked why the monthly charge increased without notice.
162,1679-JRFBR,2026-07-22,2026-07-22,technical,high,closed,13.08,Reported repeated login failures over the past week.
163,6551-GNYDG,2026-07-09,2026-07-10,other,high,closed,24.6,Provided feedback about the onboarding experience.
164,6551-GNYDG,2026-08-09,2026-08-10,technical,medium,closed,29.41,App crashes when loading the dashboard view.
165,2749-CTKAJ,2026-07-18,,billing,medium,open,,Requested a refund for a duplicate charge.
166,7554-NEWDD,2026-03-21,2026-03-22,other,medium,closed,34.91,General question about plan upgrade options.
167,0867-MKZVY,2026-07-18,,billing,high,open,,Requested a refund for a duplicate charge.
168,2907-ILJBN,2026-07-11,2026-07-11,other,medium,closed,20.8,Requested a copy of past invoices.
169,2907-ILJBN,2026-05-01,2026-05-02,technical,high,closed,38.47,Requested help configuring an integration.
170,6345-FZOQH,2026-06-07,2026-06-08,other,medium,closed,42.82,Provided feedback about the onboarding experience.
171,3376-BMGFE,2026-05-21,,technical,medium,open,,Requested help configuring an integration.
172,3376-BMGFE,2026-04-29,2026-04-29,billing,medium,closed,21.72,Asked why the monthly charge increased without notice.
173,3376-BMGFE,2026-08-18,2026-08-18,billing,low,closed,8.54,Customer disputes a charge on their most recent invoice.
174,1159-WFSGR,2026-08-06,2026-08-07,technical,low,closed,43.66,Reported repeated login failures over the past week.
175,1875-QIVME,2026-08-27,2026-08-28,billing,high,closed,38.83,Customer disputes a charge on their most recent invoice.
176,1875-QIVME,2026-08-24,2026-08-25,billing,medium,closed,32.8,Customer disputes a charge on their most recent invoice.
177,6727-IOTLZ,2026-05-23,2026-05-24,billing,medium,closed,41.05,Requested a refund for a duplicate charge.
178,2656-FMOKZ,2026-08-13,,technical,medium,open,,Reported repeated login failures over the past week.
179,2656-FMOKZ,2026-08-20,2026-08-20,other,medium,closed,18.83,General question about plan upgrade options.
180,2070-FNEXE,2026-07-06,2026-07-07,technical,high,closed,44.84,Feature X is not syncing data correctly.
181,2070-FNEXE,2026-07-18,2026-07-18,technical,medium,closed,2.64,Feature X is not syncing data correctly.
182,2070-FNEXE,2026-05-09,2026-05-10,billing,low,closed,28.17,Requested a refund for a duplicate charge.
183,2070-FNEXE,2026-05-26,,billing,medium,open,,Asked why the monthly charge increased without notice.
184,5947-SGKCL,2026-08-31,,other,medium,open,,General question about plan upgrade options.
185,5947-SGKCL,2026-06-23,2026-06-24,other,medium,closed,40.43,General question about plan upgrade options.
186,5947-SGKCL,2026-09-03,2026-09-03,other,low,closed,3.1,General question about plan upgrade options.
187,9367-WXLCH,2026-09-14,2026-09-15,technical,medium,closed,40.99,App crashes when loading the dashboard view.
188,5524-KHNJP,2026-09-10,2026-09-10,billing,medium,closed,14.22,Customer disputes a charge on their most recent invoice.
189,8167-GJLRN,2026-06-01,,technical,low,open,,Feature X is not syncing data correctly.
190,8017-UVSZU,2026-03-23,2026-03-23,technical,medium,closed,12.52,Requested help configuring an integration.
191,7100-FQPRV,2026-03-30,2026-03-31,billing,medium,closed,27.46,Reported a failed payment and requested a retry.
192,2472-OVKUP,2026-07-10,2026-07-12,billing,high,closed,61.6,Requested a refund for a duplicate charge.
193,2472-OVKUP,2026-05-18,2026-05-19,billing,medium,closed,26.8,Reported a failed payment and requested a retry.
194,9680-NIAUV,2026-06-07,2026-06-08,other,medium,closed,40.75,Asked about cancellation policy and notice period.
195,2604-IJPDU,2026-04-07,2026-04-08,other,low,closed,34.24,Provided feedback about the onboarding experience.
196,6168-YBYNP,2026-03-30,2026-03-31,billing,low,closed,32.51,Requested a refund for a duplicate charge.
197,6168-YBYNP,2026-07-01,2026-07-02,technical,medium,closed,32.41,Requested help configuring an integration.
198,7255-SSFBC,2026-06-28,2026-06-29,technical,medium,closed,40.5,Feature X is not syncing data correctly.
199,9323-HGFWY,2026-06-11,2026-06-12,technical,low,closed,37.93,Feature X is not syncing data correctly.
200,3363-DTIVD,2026-09-08,,other,medium,open,,Asked about cancellation policy and notice period.
201,6348-SNFUS,2026-07-02,2026-07-02,technical,low,closed,19.47,Requested help configuring an integration.
202,1285-OKIPP,2026-08-08,2026-08-08,billing,low,closed,14.19,Reported a failed payment and requested a retry.
203,1285-OKIPP,2026-06-06,,billing,medium,open,,Requested a refund for a duplicate charge.
204,7825-ECJRF,2026-05-31,2026-05-31,billing,high,closed,7.17,Reported a failed payment and requested a retry.
205,4195-NZGTA,2026-09-14,,technical,low,open,,Feature X is not syncing data correctly.
206,4195-NZGTA,2026-04-11,2026-04-11,billing,high,closed,17.2,Asked why the monthly charge increased without notice.
207,7157-SMCFK,2026-03-24,2026-03-25,billing,low,closed,33.44,Reported a failed payment and requested a retry.
208,4709-LKHYG,2026-07-07,,other,medium,open,,General question about plan upgrade options.
209,2504-DSHIH,2026-07-03,2026-07-04,billing,medium,closed,25.67,Reported a failed payment and requested a retry.
210,9286-BHDQG,2026-08-03,2026-08-03,billing,low,closed,23.03,Customer disputes a charge on their most recent invoice.
211,0230-WEQUW,2026-08-01,,technical,low,open,,Requested help configuring an integration.
212,0230-WEQUW,2026-08-03,2026-08-04,technical,medium,closed,41.6,Reported repeated login failures over the past week.
213,0230-WEQUW,2026-06-29,2026-06-30,technical,medium,closed,41.86,Feature X is not syncing data correctly.
214,2040-LDIWQ,2026-09-06,2026-09-07,technical,low,closed,40.52,Reported repeated login failures over the past week.
215,2040-LDIWQ,2026-07-18,2026-07-19,technical,low,closed,30.6,Requested help configuring an integration.
216,4443-EMBNA,2026-04-23,2026-04-23,other,medium,closed,5.68,Asked about cancellation policy and notice period.
217,2232-DMLXU,2026-09-01,,billing,low,open,,Requested a refund for a duplicate charge.
218,2232-DMLXU,2026-03-26,,billing,medium,open,,Reported a failed payment and requested a retry.
219,4811-JBUVU,2026-08-03,2026-08-04,technical,low,closed,36.04,Reported repeated login failures over the past week.
220,0945-TSONX,2026-09-06,2026-09-07,technical,low,closed,44.1,App crashes when loading the dashboard view.
221,2651-ZCBXV,2026-09-12,2026-09-12,billing,medium,closed,10.05,Customer disputes a charge on their most recent invoice.
222,2651-ZCBXV,2026-04-13,2026-04-14,technical,low,closed,41.8,Reported repeated login failures over the past week.
223,2651-ZCBXV,2026-08-12,2026-08-12,technical,medium,closed,6.36,Requested help configuring an integration.
224,3316-UWXUY,2026-04-01,,technical,low,open,,Reported repeated login failures over the past week.
225,7083-MIOPC,2026-04-16,2026-04-16,technical,high,closed,20.71,Requested help configuring an integration.
226,1984-GPTEH,2026-06-17,2026-06-18,billing,medium,closed,39.71,Requested a refund for a duplicate charge.
227,1251-KRREG,2026-05-11,2026-05-11,technical,medium,closed,18.43,Feature X is not syncing data correctly.
228,1251-KRREG,2026-06-05,2026-06-08,technical,medium,closed,76.12,App crashes when loading the dashboard view.
229,1251-KRREG,2026-06-03,2026-06-04,billing,low,closed,36.99,Customer disputes a charge on their most recent invoice.
230,9903-LYSAB,2026-03-25,2026-03-26,other,high,closed,25.17,Provided feedback about the onboarding experience.
231,0094-OIFMO,2026-03-27,,billing,medium,open,,Customer disputes a charge on their most recent invoice.
232,9227-UAQFT,2026-07-25,2026-07-26,billing,low,closed,42.92,Reported a failed payment and requested a retry.
233,7301-ABVAD,2026-07-04,2026-07-04,technical,high,closed,12.77,Requested help configuring an integration.
234,9058-HRZSV,2026-05-04,2026-05-05,technical,medium,closed,29.52,Requested help configuring an integration.
235,9058-HRZSV,2026-04-15,2026-04-16,other,low,closed,41.22,General question about plan upgrade options.
236,9058-HRZSV,2026-08-14,2026-08-14,technical,medium,closed,2.13,Feature X is not syncing data correctly.
237,0221-WMXNQ,2026-07-11,2026-07-11,billing,low,closed,8.56,Reported a failed payment and requested a retry.
238,0221-WMXNQ,2026-04-30,2026-05-01,other,low,closed,31.42,Asked about cancellation policy and notice period.
239,9947-OTFQU,2026-08-19,,billing,low,open,,Asked why the monthly charge increased without notice.
240,9947-OTFQU,2026-04-19,,technical,medium,open,,Reported repeated login failures over the past week.
241,4629-NRXKX,2026-06-02,2026-06-02,other,low,closed,8.36,General question about plan upgrade options.
242,9514-JDSKI,2026-07-14,2026-07-15,technical,high,closed,25.83,Reported repeated login failures over the past week.
243,3282-ZISZV,2026-08-01,2026-08-02,technical,medium,closed,35.33,Feature X is not syncing data correctly.
244,3282-ZISZV,2026-07-27,2026-07-27,billing,low,closed,15.71,Customer disputes a charge on their most recent invoice.
245,3675-YDUPJ,2026-07-15,2026-07-16,billing,low,closed,27.8,Asked why the monthly charge increased without notice.
246,7017-VFHAY,2026-08-22,,other,low,open,,Provided feedback about the onboarding experience.
247,6655-LHBYW,2026-07-01,2026-07-02,other,medium,closed,38.83,Provided feedback about the onboarding experience.
248,6655-LHBYW,2026-06-06,2026-06-07,technical,high,closed,26.33,Reported repeated login failures over the past week.
249,7273-TEFQD,2026-07-31,,billing,medium,open,,Customer disputes a charge on their most recent invoice.
250,7605-BDWDC,2026-07-25,2026-07-26,other,medium,closed,27.44,Provided feedback about the onboarding experience.
251,0123-CRBRT,2026-06-27,2026-06-28,technical,medium,closed,32.56,App crashes when loading the dashboard view.
252,0123-CRBRT,2026-06-03,2026-06-03,other,medium,closed,19.89,Provided feedback about the onboarding experience.
253,6292-TOSSS,2026-09-14,2026-09-14,billing,medium,closed,5.01,Asked why the monthly charge increased without notice.
254,3197-ARFOY,2026-07-20,2026-07-20,billing,low,closed,7.06,Customer disputes a charge on their most recent invoice.
255,6323-AYBRX,2026-08-23,2026-08-24,other,medium,closed,44.86,Asked about cancellation policy and notice period.
256,7014-ZZXAW,2026-07-04,2026-07-05,billing,medium,closed,32.06,Reported a failed payment and requested a retry.
257,7633-MVPUY,2026-09-13,2026-09-14,billing,medium,closed,33.06,Requested a refund for a duplicate charge.
258,6366-ZGQGL,2026-04-30,,billing,low,open,,Customer disputes a charge on their most recent invoice.
259,6366-ZGQGL,2026-07-07,2026-07-10,other,high,closed,75.87,Provided feedback about the onboarding experience.
260,6366-ZGQGL,2026-03-29,2026-03-31,billing,high,closed,61.54,Asked why the monthly charge increased without notice.
261,4716-HHKQH,2026-05-05,2026-05-06,other,medium,closed,29.0,Requested a copy of past invoices.
262,5940-AHUHD,2026-05-20,,technical,low,open,,Feature X is not syncing data correctly.
263,6432-TWQLB,2026-08-06,2026-08-09,billing,high,closed,72.79,Customer disputes a charge on their most recent invoice.
264,6432-TWQLB,2026-08-27,2026-08-28,technical,high,closed,37.28,App crashes when loading the dashboard view.
265,6432-TWQLB,2026-04-24,2026-04-24,technical,low,closed,4.75,Requested help configuring an integration.
266,4484-GLZOU,2026-04-23,2026-04-24,other,high,closed,46.07,Asked about cancellation policy and notice period.
267,4484-GLZOU,2026-04-29,,technical,medium,open,,Reported repeated login failures over the past week.
268,3179-GBRWV,2026-08-19,2026-08-20,billing,medium,closed,46.14,Requested a refund for a duplicate charge.
269,8229-MYEJZ,2026-08-16,,other,medium,open,,Asked about cancellation policy and notice period.
270,9577-WJVCQ,2026-07-07,2026-07-08,other,medium,closed,38.2,Asked about cancellation policy and notice period.
271,9512-UIBFX,2026-06-04,,technical,medium,open,,App crashes when loading the dashboard view.
272,5583-SXDAG,2026-08-31,2026-09-01,other,medium,closed,42.5,Requested a copy of past invoices.
273,5583-SXDAG,2026-08-20,2026-08-21,technical,medium,closed,41.81,App crashes when loading the dashboard view.
274,3580-REOAC,2026-07-03,2026-07-03,other,medium,closed,18.22,General question about plan upgrade options.
275,3580-REOAC,2026-04-13,,billing,medium,open,,Asked why the monthly charge increased without notice.
276,7534-BFESC,2026-09-08,2026-09-09,technical,medium,closed,36.97,Reported repeated login failures over the past week.
277,1563-IWQEX,2026-09-09,2026-09-10,technical,medium,closed,46.63,Reported repeated login failures over the past week.
278,1563-IWQEX,2026-06-26,2026-06-26,technical,low,closed,3.03,Feature X is not syncing data correctly.
279,6556-DBKZF,2026-07-03,2026-07-03,billing,low,closed,17.5,Requested a refund for a duplicate charge.
280,6556-DBKZF,2026-06-02,2026-06-03,technical,low,closed,38.31,App crashes when loading the dashboard view.
281,2985-JUUBZ,2026-08-27,2026-08-28,other,low,closed,38.12,Provided feedback about the onboarding experience.
282,6390-DSAZX,2026-04-28,2026-04-29,technical,medium,closed,30.28,App crashes when loading the dashboard view.
283,0895-LMRSF,2026-04-25,2026-04-26,other,medium,closed,34.98,General question about plan upgrade options.
284,8098-LLAZX,2026-06-10,,other,low,open,,Asked about cancellation policy and notice period.
285,8098-LLAZX,2026-09-13,2026-09-13,billing,high,closed,6.5,Customer disputes a charge on their most recent invoice.
286,8098-LLAZX,2026-07-26,,billing,medium,open,,Requested a refund for a duplicate charge.
287,0265-EDXBD,2026-04-10,2026-04-12,technical,low,closed,52.71,Requested help configuring an integration.
288,0265-EDXBD,2026-06-20,2026-06-23,billing,low,closed,77.76,Requested a refund for a duplicate charge.
289,4115-BNPJY,2026-07-17,2026-07-18,technical,low,closed,47.28,Feature X is not syncing data correctly.
290,3167-SNQPL,2026-06-04,2026-06-04,technical,medium,closed,23.48,Reported repeated login failures over the past week.
291,1098-TDVUQ,2026-03-23,2026-03-23,other,low,closed,23.37,Provided feedback about the onboarding experience.
292,1098-TDVUQ,2026-08-14,2026-08-15,billing,medium,closed,24.9,Customer disputes a charge on their most recent invoice.
293,1098-TDVUQ,2026-04-03,2026-04-03,other,medium,closed,8.54,Provided feedback about the onboarding experience.
294,7277-OZCGZ,2026-09-12,2026-09-13,technical,high,closed,47.48,Reported repeated login failures over the past week.
295,2799-ARNLO,2026-05-10,,technical,high,open,,Feature X is not syncing data correctly.
296,7563-BIUPC,2026-03-23,2026-03-23,billing,high,closed,20.01,Reported a failed payment and requested a retry.
297,5027-YOCXN,2026-05-30,2026-05-30,technical,medium,closed,16.96,Feature X is not syncing data correctly.
298,2840-XANRC,2026-09-02,2026-09-04,billing,medium,closed,53.07,Asked why the monthly charge increased without notice.
299,6745-JEFZB,2026-05-27,2026-05-28,other,low,closed,35.66,Asked about cancellation policy and notice period.
300,6745-JEFZB,2026-09-09,2026-09-09,billing,low,closed,8.56,Reported a failed payment and requested a retry.
301,6745-JEFZB,2026-06-01,,billing,high,open,,Asked why the monthly charge increased without notice.
302,6745-JEFZB,2026-06-01,2026-06-01,technical,medium,closed,20.0,Requested help configuring an integration.
303,6745-JEFZB,2026-06-23,,other,high,open,,General question about plan upgrade options.
304,9880-TDQAC,2026-07-09,,other,medium,open,,Requested a copy of past invoices.
305,9880-TDQAC,2026-07-02,2026-07-03,billing,medium,closed,43.12,Reported a failed payment and requested a retry.
306,9880-TDQAC,2026-08-13,,technical,high,open,,App crashes when loading the dashboard view.
307,8705-WZCYL,2026-07-06,2026-07-06,technical,low,closed,13.42,Feature X is not syncing data correctly.
308,8626-PTQGE,2026-06-17,2026-06-17,other,low,closed,22.75,Provided feedback about the onboarding experience.
309,4983-CLMLV,2026-09-09,2026-09-10,technical,medium,closed,39.38,Requested help configuring an integration.
310,4983-CLMLV,2026-04-12,2026-04-12,billing,high,closed,13.95,Requested a refund for a duplicate charge.
311,5701-YVSVF,2026-06-30,2026-07-01,other,medium,closed,25.23,Requested a copy of past invoices.
312,5701-YVSVF,2026-08-09,2026-08-09,billing,medium,closed,22.74,Requested a refund for a duplicate charge.
313,5804-LEPIM,2026-07-09,2026-07-11,billing,high,closed,61.53,Customer disputes a charge on their most recent invoice.
314,5697-GOMBF,2026-07-21,2026-07-21,other,low,closed,22.09,Asked about cancellation policy and notice period.
315,5697-GOMBF,2026-07-15,,billing,low,open,,Reported a failed payment and requested a retry.
316,2739-CACDQ,2026-04-12,2026-04-13,other,low,closed,45.37,Requested a copy of past invoices.
317,9385-EHGDO,2026-07-29,2026-07-29,billing,low,closed,22.77,Reported a failed payment and requested a retry.
318,9498-FIMXL,2026-04-07,2026-04-07,billing,low,closed,6.11,Requested a refund for a duplicate charge.
319,9498-FIMXL,2026-05-24,,billing,medium,open,,Reported a failed payment and requested a retry.
320,0122-OAHPZ,2026-08-18,,other,low,open,,Requested a copy of past invoices.
321,2868-SNELZ,2026-07-28,2026-07-28,billing,medium,closed,20.69,Reported a failed payment and requested a retry.
322,4322-RCYMT,2026-07-18,2026-07-20,other,low,closed,69.79,Asked about cancellation policy and notice period.
323,4322-RCYMT,2026-04-10,2026-04-10,technical,medium,closed,16.95,Feature X is not syncing data correctly.
324,2088-IEBAU,2026-04-29,2026-04-30,billing,medium,closed,32.02,Asked why the monthly charge increased without notice.
325,2088-IEBAU,2026-05-11,2026-05-12,technical,medium,closed,45.17,Requested help configuring an integration.
326,7982-VCELR,2026-08-20,,technical,medium,open,,Feature X is not syncing data correctly.
327,1343-EHPYB,2026-09-02,2026-09-02,billing,medium,closed,21.71,Reported a failed payment and requested a retry.
328,7520-HQWJU,2026-09-05,,technical,low,open,,Feature X is not syncing data correctly.
329,9639-BUJXT,2026-06-18,2026-06-19,billing,medium,closed,24.42,Reported a failed payment and requested a retry.
330,9639-BUJXT,2026-08-06,,technical,medium,open,,Feature X is not syncing data correctly.
331,9639-BUJXT,2026-04-05,2026-04-05,billing,high,closed,2.06,Asked why the monthly charge increased without notice.
332,5924-SNGKP,2026-08-26,,billing,low,open,,Reported a failed payment and requested a retry.
333,2034-GDRCN,2026-07-14,,technical,medium,open,,Feature X is not syncing data correctly.
334,6243-OZGFH,2026-09-11,2026-09-12,billing,low,closed,35.7,Asked why the monthly charge increased without notice.
335,0513-RBGPE,2026-04-14,,other,high,open,,Provided feedback about the onboarding experience.
336,0219-YTZUE,2026-04-05,2026-04-06,billing,medium,closed,37.5,Reported a failed payment and requested a retry.
337,0219-YTZUE,2026-04-14,,other,low,open,,General question about plan upgrade options.
338,0219-YTZUE,2026-04-02,,billing,medium,open,,Requested a refund for a duplicate charge.
339,0623-IIHUG,2026-05-30,,billing,medium,open,,Customer disputes a charge on their most recent invoice.
340,4572-DVCGN,2026-04-01,,other,low,open,,Requested a copy of past invoices.
341,4572-DVCGN,2026-08-11,,billing,medium,open,,Reported a failed payment and requested a retry.
342,4572-DVCGN,2026-08-23,,technical,high,open,,Requested help configuring an integration.
343,3351-NGXYI,2026-04-09,2026-04-09,other,medium,closed,3.56,General question about plan upgrade options.
344,9057-MSWCO,2026-09-13,2026-09-15,billing,medium,closed,53.52,Requested a refund for a duplicate charge.
345,9294-TDIPC,2026-08-28,2026-08-28,technical,medium,closed,1.42,Requested help configuring an integration.
346,9294-TDIPC,2026-05-08,2026-05-09,other,low,closed,38.42,Asked about cancellation policy and notice period.
347,0104-PPXDV,2026-08-12,,other,medium,open,,General question about plan upgrade options.
348,5176-LMJXE,2026-06-21,2026-06-22,billing,medium,closed,38.02,Reported a failed payment and requested a retry.
349,3583-KRKMD,2026-05-15,2026-05-16,other,low,closed,32.58,Asked about cancellation policy and notice period.
350,9069-LGEUL,2026-04-27,2026-04-27,billing,high,closed,22.38,Reported a failed payment and requested a retry.
351,9069-LGEUL,2026-09-07,,other,medium,open,,Requested a copy of past invoices.
352,7302-ZHMHP,2026-05-28,2026-05-29,technical,medium,closed,38.88,Feature X is not syncing data correctly.
353,3520-FJGCV,2026-04-24,2026-04-25,technical,low,closed,45.03,App crashes when loading the dashboard view.
354,3520-FJGCV,2026-06-24,,billing,low,open,,Customer disputes a charge on their most recent invoice.
355,6563-VRERX,2026-06-11,,billing,medium,open,,Customer disputes a charge on their most recent invoice.
356,6563-VRERX,2026-06-19,2026-06-20,technical,low,closed,47.88,Reported repeated login failures over the past week.
357,0259-GBZSH,2026-07-01,,billing,medium,open,,Asked why the monthly charge increased without notice.
358,6122-EFVKN,2026-05-27,,technical,high,open,,App crashes when loading the dashboard view.
359,6122-EFVKN,2026-07-01,2026-07-01,billing,high,closed,7.33,Asked why the monthly charge increased without notice.
360,6122-EFVKN,2026-06-15,,billing,medium,open,,Reported a failed payment and requested a retry.
361,6862-CQUMB,2026-04-25,2026-04-25,technical,low,closed,13.99,Requested help configuring an integration.
362,6862-CQUMB,2026-06-04,,billing,low,open,,Customer disputes a charge on their most recent invoice.
363,6158-HDPXZ,2026-04-18,,technical,medium,open,,Feature X is not syncing data correctly.
364,6158-HDPXZ,2026-04-16,2026-04-16,other,low,closed,4.36,Requested a copy of past invoices.
365,6158-HDPXZ,2026-04-27,,technical,low,open,,Requested help configuring an integration.
366,9601-BRXPO,2026-04-19,,technical,low,open,,Requested help configuring an integration.
367,9601-BRXPO,2026-06-07,2026-06-08,billing,high,closed,25.41,Asked why the monthly charge increased without notice.
368,9601-BRXPO,2026-03-27,,other,medium,open,,Requested a copy of past invoices.
369,9601-BRXPO,2026-08-29,,billing,high,open,,Asked why the monthly charge increased without notice.
370,5686-CMAWK,2026-04-11,2026-04-11,other,medium,closed,12.05,General question about plan upgrade options.
371,5686-CMAWK,2026-08-30,2026-08-30,billing,medium,closed,22.49,Requested a refund for a duplicate charge.
372,5686-CMAWK,2026-07-14,2026-07-14,other,medium,closed,7.32,Requested a copy of past invoices.
373,5651-CRHKQ,2026-04-15,2026-04-16,billing,high,closed,42.69,Customer disputes a charge on their most recent invoice.
374,6905-NIQIN,2026-08-18,,technical,low,open,,Reported repeated login failures over the past week.
375,6905-NIQIN,2026-04-14,2026-04-14,other,medium,closed,5.14,Asked about cancellation policy and notice period.
376,6905-NIQIN,2026-07-25,,technical,medium,open,,Reported repeated login failures over the past week.
377,8204-YJCLA,2026-06-12,,technical,medium,open,,Feature X is not syncing data correctly.
378,4895-TMWIR,2026-06-29,2026-06-30,other,medium,closed,38.71,Requested a copy of past invoices.
379,4895-TMWIR,2026-04-14,2026-04-15,other,medium,closed,43.02,Requested a copy of past invoices.
380,0533-BNWKF,2026-05-05,2026-05-06,billing,high,closed,45.24,Customer disputes a charge on their most recent invoice.
381,0533-BNWKF,2026-08-06,2026-08-06,billing,medium,closed,14.59,Asked why the monthly charge increased without notice.
382,3597-MVHJT,2026-09-08,2026-09-09,technical,medium,closed,36.77,App crashes when loading the dashboard view.
383,0224-RLWWD,2026-04-04,2026-04-05,other,medium,closed,43.02,Provided feedback about the onboarding experience.
384,0224-RLWWD,2026-08-22,2026-08-23,technical,medium,closed,42.83,Reported repeated login failures over the past week.
385,9967-ATRFS,2026-08-14,,technical,medium,open,,Feature X is not syncing data correctly.
386,3951-NJCVI,2026-05-20,2026-05-21,billing,medium,closed,40.13,Asked why the monthly charge increased without notice.
387,6599-CEBNN,2026-04-30,,billing,low,open,,Customer disputes a charge on their most recent invoice.
388,6599-CEBNN,2026-05-27,,billing,low,open,,Reported a failed payment and requested a retry.
389,5876-QMYLD,2026-07-14,2026-07-15,technical,low,closed,45.49,Feature X is not syncing data correctly.
390,5876-QMYLD,2026-07-01,2026-07-02,other,medium,closed,34.86,Asked about cancellation policy and notice period.
391,2277-AXSDC,2026-07-13,2026-07-14,billing,medium,closed,25.1,Asked why the monthly charge increased without notice.
392,5495-GPSRW,2026-07-17,2026-07-18,other,low,closed,32.01,General question about plan upgrade options.
393,7606-BPHHN,2026-06-16,2026-06-17,billing,high,closed,35.27,Requested a refund for a duplicate charge.
394,4742-DRORA,2026-05-31,2026-06-01,billing,low,closed,30.39,Customer disputes a charge on their most recent invoice.
395,0111-KLBQG,2026-06-18,2026-06-18,billing,high,closed,7.32,Asked why the monthly charge increased without notice.
396,0334-GDDSO,2026-05-25,2026-05-27,technical,medium,closed,68.82,Reported repeated login failures over the past week.
397,4163-NCJAK,2026-04-24,2026-04-25,other,medium,closed,46.67,Asked about cancellation policy and notice period.
398,5233-AOZUF,2026-05-06,2026-05-07,billing,medium,closed,45.46,Reported a failed payment and requested a retry.
399,5249-QYHEX,2026-07-18,2026-07-18,other,low,closed,7.35,Provided feedback about the onboarding experience.
400,0578-SKVMF,2026-08-16,,billing,medium,open,,Reported a failed payment and requested a retry.
401,0578-SKVMF,2026-04-29,2026-04-30,technical,medium,closed,31.27,Feature X is not syncing data correctly.
402,0578-SKVMF,2026-09-15,2026-09-17,other,medium,closed,62.47,General question about plan upgrade options.
403,5564-NEMQO,2026-09-09,,billing,medium,open,,Requested a refund for a duplicate charge.
404,2233-FAGXV,2026-06-27,2026-06-28,other,high,closed,34.49,General question about plan upgrade options.
405,5605-IYGFG,2026-08-17,2026-08-17,billing,high,closed,14.9,Requested a refund for a duplicate charge.
406,5605-IYGFG,2026-05-28,2026-05-29,billing,medium,closed,45.1,Requested a refund for a duplicate charge.
407,5605-IYGFG,2026-06-16,2026-06-17,technical,high,closed,33.74,Requested help configuring an integration.
408,3935-TBRZZ,2026-04-01,,billing,medium,open,,Customer disputes a charge on their most recent invoice.
409,3935-TBRZZ,2026-07-16,,technical,low,open,,Requested help configuring an integration.
410,8111-BKVDS,2026-06-02,2026-06-03,billing,low,closed,25.91,Customer disputes a charge on their most recent invoice.
411,2055-SIFSS,2026-03-22,,billing,low,open,,Requested a refund for a duplicate charge.
412,2055-SIFSS,2026-04-16,2026-04-16,billing,low,closed,10.57,Asked why the monthly charge increased without notice.
413,2806-MLNTI,2026-08-03,2026-08-03,billing,low,closed,4.7,Asked why the monthly charge increased without notice.
414,2806-MLNTI,2026-07-23,,billing,high,open,,Customer disputes a charge on their most recent invoice.
415,4360-PNRQB,2026-04-11,,other,low,open,,General question about plan upgrade options.
416,6152-ONASV,2026-05-28,2026-05-28,billing,low,closed,21.77,Requested a refund for a duplicate charge.
417,6152-ONASV,2026-05-23,2026-05-24,technical,low,closed,45.41,Reported repeated login failures over the past week.
418,9063-ZGTUY,2026-04-04,,technical,medium,open,,Requested help configuring an integration.
419,2957-LOLHO,2026-04-09,2026-04-10,technical,medium,closed,29.2,Feature X is not syncing data correctly.
420,4980-URKXC,2026-04-03,2026-04-04,other,high,closed,39.65,Requested a copy of past invoices.
421,4980-URKXC,2026-04-22,,technical,medium,open,,Feature X is not syncing data correctly.
422,4376-KFVRS,2026-05-12,2026-05-12,other,high,closed,21.56,General question about plan upgrade options.
423,4376-KFVRS,2026-06-10,2026-06-11,technical,low,closed,32.29,Requested help configuring an integration.
424,5886-VLQVU,2026-03-27,,other,high,open,,Requested a copy of past invoices.
425,3577-AMVUX,2026-07-30,,technical,medium,open,,Reported repeated login failures over the past week.
426,2937-FTHUR,2026-06-28,,billing,high,open,,Asked why the monthly charge increased without notice.
427,7752-XUSCI,2026-04-17,,other,medium,open,,Asked about cancellation policy and notice period.
428,4110-PFEUZ,2026-05-13,,billing,medium,open,,Reported a failed payment and requested a retry.
429,4110-PFEUZ,2026-04-09,2026-04-10,technical,high,closed,44.73,Requested help configuring an integration.
430,4110-PFEUZ,2026-07-18,,billing,medium,open,,Customer disputes a charge on their most recent invoice.
431,4110-PFEUZ,2026-09-14,,billing,medium,open,,Customer disputes a charge on their most recent invoice.
432,0732-OCQOC,2026-06-05,2026-06-05,technical,high,closed,16.13,Feature X is not syncing data correctly.
433,8592-PLTMQ,2026-05-29,2026-05-30,technical,medium,closed,38.38,Requested help configuring an integration.
434,8592-PLTMQ,2026-07-06,2026-07-06,other,high,closed,14.68,Asked about cancellation policy and notice period.
435,0256-LTHVJ,2026-06-03,2026-06-05,billing,medium,closed,57.71,Customer disputes a charge on their most recent invoice.
436,4785-FCIFB,2026-04-13,2026-04-13,other,high,closed,2.39,Requested a copy of past invoices.
437,4785-FCIFB,2026-06-28,2026-06-29,technical,low,closed,28.7,Feature X is not syncing data correctly.
438,4785-FCIFB,2026-06-04,2026-06-05,billing,low,closed,24.37,Reported a failed payment and requested a retry.
439,8313-NDOIA,2026-07-02,,billing,high,open,,Requested a refund for a duplicate charge.
440,5149-CUZUJ,2026-06-26,2026-06-26,other,high,closed,22.13,Provided feedback about the onboarding experience.
441,0942-KOWSM,2026-06-28,,technical,low,open,,Requested help configuring an integration.
442,4237-CLSMM,2026-05-12,2026-05-13,other,medium,closed,43.26,Provided feedback about the onboarding experience.
443,4237-CLSMM,2026-07-15,2026-07-16,billing,medium,closed,37.29,Requested a refund for a duplicate charge.
444,1452-VOQCH,2026-08-06,,technical,low,open,,Requested help configuring an integration.
445,1452-VOQCH,2026-05-04,2026-05-04,billing,medium,closed,8.22,Reported a failed payment and requested a retry.
446,6614-VBEGU,2026-06-11,2026-06-12,technical,medium,closed,36.52,Reported repeated login failures over the past week.
447,6614-VBEGU,2026-06-28,2026-06-28,other,medium,closed,21.66,Asked about cancellation policy and notice period.
448,6614-VBEGU,2026-08-06,2026-08-06,technical,medium,closed,7.9,App crashes when loading the dashboard view.
449,0880-TKATG,2026-06-03,,technical,low,open,,Feature X is not syncing data correctly.
450,0880-TKATG,2026-08-15,2026-08-18,billing,low,closed,73.65,Reported a failed payment and requested a retry.
451,3811-VBYBZ,2026-06-08,,technical,high,open,,App crashes when loading the dashboard view.
452,1480-BKXGA,2026-07-09,2026-07-09,technical,high,closed,15.05,Reported repeated login failures over the past week.
453,1480-BKXGA,2026-04-25,2026-04-25,billing,high,closed,5.88,Reported a failed payment and requested a retry.
454,9076-AXYIK,2026-09-15,2026-09-16,technical,high,closed,39.5,App crashes when loading the dashboard view.
455,3583-EKAPL,2026-08-01,2026-08-04,other,medium,closed,82.58,Provided feedback about the onboarding experience.
456,3583-EKAPL,2026-09-15,2026-09-18,other,medium,closed,75.16,General question about plan upgrade options.
457,3583-EKAPL,2026-08-31,2026-09-01,technical,medium,closed,33.24,Requested help configuring an integration.
458,3583-EKAPL,2026-04-25,2026-04-25,technical,medium,closed,17.77,Reported repeated login failures over the past week.
459,3583-EKAPL,2026-06-06,2026-06-08,technical,medium,closed,65.0,Requested help configuring an integration.
460,3583-EKAPL,2026-09-05,2026-09-06,billing,low,closed,47.91,Asked why the monthly charge increased without notice.
461,1304-BCCFO,2026-09-11,2026-09-12,technical,medium,closed,41.67,Reported repeated login failures over the past week.
462,4104-PVRPS,2026-04-20,2026-04-21,technical,low,closed,26.3,App crashes when loading the dashboard view.
463,4104-PVRPS,2026-05-04,2026-05-05,technical,medium,closed,46.21,Reported repeated login failures over the past week.
464,3780-DDGSE,2026-04-26,2026-04-27,other,medium,closed,24.38,Provided feedback about the onboarding experience.
465,0306-JAELE,2026-05-20,,technical,medium,open,,Reported repeated login failures over the past week.
466,6227-HWPWX,2026-05-02,2026-05-03,billing,high,closed,38.77,Reported a failed payment and requested a retry.
467,6227-HWPWX,2026-06-25,2026-06-25,technical,low,closed,7.1,Requested help configuring an integration.
468,0486-LGCCH,2026-05-05,2026-05-05,technical,medium,closed,21.99,Requested help configuring an integration.
469,0447-BEMNG,2026-06-05,,billing,high,open,,Reported a failed payment and requested a retry.
470,0447-BEMNG,2026-09-01,,billing,low,open,,Reported a failed payment and requested a retry.
471,5168-MQQCA,2026-09-08,,other,medium,open,,Asked about cancellation policy and notice period.
472,5168-MQQCA,2026-05-29,2026-05-30,technical,medium,closed,30.47,Reported repeated login failures over the past week.
473,5949-XIKAE,2026-04-12,,billing,low,open,,Requested a refund for a duplicate charge.
474,5949-XIKAE,2026-09-07,2026-09-10,technical,low,closed,74.89,Requested help configuring an integration.
475,5949-XIKAE,2026-05-24,2026-05-24,other,high,closed,8.55,Asked about cancellation policy and notice period.
476,7971-HLVXI,2026-05-18,,technical,medium,open,,Requested help configuring an integration.
477,9094-AZPHK,2026-09-04,2026-09-04,technical,medium,closed,18.83,App crashes when loading the dashboard view.
478,8372-JUXUI,2026-05-23,2026-05-25,other,medium,closed,55.74,Provided feedback about the onboarding experience.
479,8372-JUXUI,2026-07-24,,technical,medium,open,,Reported repeated login failures over the past week.
480,3552-CTCYF,2026-08-12,2026-08-13,technical,high,closed,38.1,Requested help configuring an integration.
481,3552-CTCYF,2026-09-04,2026-09-05,technical,low,closed,26.77,Feature X is not syncing data correctly.
482,6778-YSNIH,2026-08-31,2026-09-01,other,medium,closed,29.09,Asked about cancellation policy and notice period.
483,0388-EOPEX,2026-06-27,2026-06-29,billing,low,closed,62.23,Customer disputes a charge on their most recent invoice.
484,5756-OZRIO,2026-07-03,2026-07-03,billing,medium,closed,5.31,Reported a failed payment and requested a retry.
485,5756-OZRIO,2026-06-25,2026-06-26,technical,medium,closed,41.31,Feature X is not syncing data correctly.
486,8205-OTCHB,2026-06-20,2026-06-21,technical,low,closed,27.35,Reported repeated login failures over the past week.
487,6235-VDHOM,2026-04-11,,billing,medium,open,,Customer disputes a charge on their most recent invoice.
488,6235-VDHOM,2026-08-24,2026-08-24,billing,medium,closed,7.02,Asked why the monthly charge increased without notice.
489,7783-YKGDV,2026-04-20,2026-04-23,billing,low,closed,80.93,Reported a failed payment and requested a retry.
490,4513-CXYIX,2026-07-05,2026-07-05,technical,low,closed,7.79,App crashes when loading the dashboard view.
491,3957-HHLMR,2026-06-06,2026-06-07,other,medium,closed,47.89,Asked about cancellation policy and notice period.
492,7803-XOCCZ,2026-08-17,2026-08-17,other,high,closed,21.01,Provided feedback about the onboarding experience.
493,5736-YEJAX,2026-04-19,2026-04-19,billing,high,closed,10.21,Reported a failed payment and requested a retry.
494,5609-CEBID,2026-05-16,2026-05-17,technical,high,closed,31.28,Feature X is not syncing data correctly.
495,5609-CEBID,2026-08-06,,billing,low,open,,Requested a refund for a duplicate charge.
496,7218-HKQFK,2026-07-21,2026-07-21,other,high,closed,7.57,Requested a copy of past invoices.
497,4636-QRJKY,2026-05-09,,technical,high,open,,Feature X is not syncing data correctly.
498,1135-LMECX,2026-07-26,,technical,medium,open,,App crashes when loading the dashboard view.
499,1135-LMECX,2026-07-25,2026-07-25,other,low,closed,13.56,Requested a copy of past invoices.
500,8677-HDZEE,2026-08-04,,technical,high,open,,App crashes when loading the dashboard view.
501,8677-HDZEE,2026-05-01,2026-05-02,billing,medium,closed,35.84,Customer disputes a charge on their most recent invoice.
502,2475-MROZF,2026-07-30,2026-07-30,other,high,closed,20.4,Asked about cancellation policy and notice period.
503,9412-GHEEC,2026-07-20,,billing,medium,open,,Reported a failed payment and requested a retry.
504,3482-ABPKK,2026-04-15,2026-04-16,billing,low,closed,28.23,Requested a refund for a duplicate charge.
505,0257-ZESQC,2026-03-28,2026-03-29,billing,low,closed,27.61,Reported a failed payment and requested a retry.
506,0257-ZESQC,2026-04-25,,billing,medium,open,,Reported a failed payment and requested a retry.
507,7531-GQHME,2026-08-08,2026-08-08,billing,medium,closed,22.62,Customer disputes a charge on their most recent invoice.
508,7531-GQHME,2026-04-04,,other,low,open,,Provided feedback about the onboarding experience.
509,6825-UYPFK,2026-07-08,2026-07-08,technical,low,closed,11.59,Requested help configuring an integration.
510,6825-UYPFK,2026-08-09,,other,medium,open,,Asked about cancellation policy and notice period.
511,8397-MVTAZ,2026-07-08,2026-07-10,technical,medium,closed,55.34,App crashes when loading the dashboard view.
512,0750-EBAIU,2026-04-14,2026-04-15,other,low,closed,34.61,General question about plan upgrade options.
513,0750-EBAIU,2026-04-26,,technical,medium,open,,Requested help configuring an integration.
514,8606-CIQUL,2026-07-28,,technical,high,open,,Feature X is not syncing data correctly.
515,3571-DPYUH,2026-05-06,2026-05-06,billing,high,closed,20.9,Reported a failed payment and requested a retry.
516,3571-DPYUH,2026-06-27,2026-06-27,billing,high,closed,14.33,Customer disputes a charge on their most recent invoice.
517,7601-GNDYK,2026-09-03,2026-09-04,other,medium,closed,37.75,Asked about cancellation policy and notice period.
518,7601-GNDYK,2026-05-16,2026-05-16,technical,medium,closed,2.87,App crashes when loading the dashboard view.
519,7601-GNDYK,2026-07-13,2026-07-14,billing,high,closed,47.54,Asked why the monthly charge increased without notice.
520,7601-GNDYK,2026-04-26,2026-04-27,billing,low,closed,31.27,Customer disputes a charge on their most recent invoice.
521,0356-OBMAC,2026-09-14,2026-09-14,other,medium,closed,7.33,Asked about cancellation policy and notice period.
522,4234-XTNEA,2026-03-23,,other,high,open,,Asked about cancellation policy and notice period.
523,9282-IZGQK,2026-08-02,2026-08-02,technical,medium,closed,20.53,Reported repeated login failures over the past week.
524,9282-IZGQK,2026-05-29,2026-05-29,billing,low,closed,3.13,Customer disputes a charge on their most recent invoice.
525,5348-CAGXB,2026-06-24,,billing,low,open,,Customer disputes a charge on their most recent invoice.
526,5844-QVTAT,2026-05-26,2026-05-27,technical,medium,closed,28.04,Reported repeated login failures over the past week.
527,8905-IAZPF,2026-06-18,,technical,medium,open,,Requested help configuring an integration.
528,8905-IAZPF,2026-05-13,,other,high,open,,Requested a copy of past invoices.
529,6859-QNXIQ,2026-07-15,2026-07-15,technical,low,closed,4.28,Feature X is not syncing data correctly.
530,6859-QNXIQ,2026-07-28,2026-07-29,technical,high,closed,25.19,App crashes when loading the dashboard view.
531,2817-NTQDO,2026-03-27,2026-03-27,billing,medium,closed,17.31,Requested a refund for a duplicate charge.
532,2817-NTQDO,2026-05-08,,billing,high,open,,Asked why the monthly charge increased without notice.
533,2560-PPCHE,2026-05-09,2026-05-09,billing,medium,closed,20.71,Asked why the monthly charge increased without notice.
534,2560-PPCHE,2026-07-10,2026-07-11,billing,low,closed,42.16,Customer disputes a charge on their most recent invoice.
535,4676-MQUEA,2026-06-15,,technical,medium,open,,App crashes when loading the dashboard view.
536,3580-HYCSP,2026-06-11,2026-06-12,technical,medium,closed,30.06,App crashes when loading the dashboard view.
537,3580-HYCSP,2026-05-19,,billing,medium,open,,Customer disputes a charge on their most recent invoice.
538,1352-HNSAW,2026-05-21,,technical,medium,open,,App crashes when loading the dashboard view.
539,2075-PUEPR,2026-04-12,2026-04-13,technical,medium,closed,37.14,Feature X is not syncing data correctly.
540,5301-GAUUY,2026-05-07,,other,medium,open,,General question about plan upgrade options.
541,5301-GAUUY,2026-06-25,,technical,medium,open,,App crashes when loading the dashboard view.
542,5301-GAUUY,2026-04-22,2026-04-23,billing,medium,closed,34.9,Customer disputes a charge on their most recent invoice.
543,5301-GAUUY,2026-05-09,,other,low,open,,Asked about cancellation policy and notice period.
544,5301-GAUUY,2026-09-15,,other,low,open,,Provided feedback about the onboarding experience.
545,5791-KAJFD,2026-05-07,2026-05-07,other,high,closed,8.73,Provided feedback about the onboarding experience.
546,5791-KAJFD,2026-07-22,,other,medium,open,,Requested a copy of past invoices.
547,2654-VBVPB,2026-09-13,2026-09-14,billing,high,closed,41.05,Customer disputes a charge on their most recent invoice.
548,3716-UVSPD,2026-04-06,2026-04-07,technical,medium,closed,40.87,App crashes when loading the dashboard view.
549,3701-SFMUH,2026-09-13,2026-09-14,other,low,closed,42.06,General question about plan upgrade options.
550,6103-LIANB,2026-06-16,2026-06-16,technical,low,closed,19.09,Requested help configuring an integration.
551,7319-VENRZ,2026-04-19,2026-04-20,billing,medium,closed,34.06,Asked why the monthly charge increased without notice.
552,5846-NEQVZ,2026-06-22,2026-06-23,other,medium,closed,42.95,General question about plan upgrade options.
553,5846-NEQVZ,2026-08-12,2026-08-13,billing,medium,closed,35.84,Customer disputes a charge on their most recent invoice.
554,6967-QIQRV,2026-04-14,2026-04-15,billing,low,closed,34.91,Reported a failed payment and requested a retry.
555,6967-QIQRV,2026-05-24,,other,medium,open,,Asked about cancellation policy and notice period.
556,5781-RFZRP,2026-09-01,2026-09-02,technical,high,closed,24.02,App crashes when loading the dashboard view.
557,0939-YAPAF,2026-06-23,2026-06-23,other,medium,closed,6.15,Provided feedback about the onboarding experience.
558,0308-IVGOK,2026-06-30,2026-06-30,technical,medium,closed,8.86,Feature X is not syncing data correctly.
559,7293-LSCDV,2026-06-09,2026-06-09,billing,medium,closed,5.28,Customer disputes a charge on their most recent invoice.
560,5756-JYOJT,2026-05-05,2026-05-06,other,medium,closed,46.07,General question about plan upgrade options.
561,4710-FDUIZ,2026-04-27,,billing,low,open,,Reported a failed payment and requested a retry.
562,4710-FDUIZ,2026-09-01,,billing,high,open,,Reported a failed payment and requested a retry.
563,4710-FDUIZ,2026-08-01,,technical,low,open,,Requested help configuring an integration.
564,8270-RKSAP,2026-09-07,2026-09-08,other,medium,closed,43.66,General question about plan upgrade options.
565,6522-YRBXD,2026-04-22,2026-04-23,other,low,closed,42.35,Asked about cancellation policy and notice period.
566,6522-YRBXD,2026-08-11,2026-08-12,billing,medium,closed,34.19,Customer disputes a charge on their most recent invoice.
567,2640-LYMOV,2026-09-11,2026-09-11,billing,low,closed,11.02,Customer disputes a charge on their most recent invoice.
568,1218-VKFPE,2026-07-04,,other,medium,open,,Asked about cancellation policy and notice period.
569,1218-VKFPE,2026-07-06,,technical,medium,open,,Requested help configuring an integration.
570,3627-FHKBK,2026-05-08,,other,low,open,,Requested a copy of past invoices.
571,2865-TCHJW,2026-05-31,2026-06-01,billing,medium,closed,33.2,Reported a failed payment and requested a retry.
572,2865-TCHJW,2026-04-30,,technical,low,open,,Feature X is not syncing data correctly.
573,2393-DIVAI,2026-05-19,2026-05-20,billing,medium,closed,42.63,Asked why the monthly charge increased without notice.
574,5192-EBGOV,2026-04-20,2026-04-21,technical,medium,closed,47.59,Requested help configuring an integration.
575,8752-IMQOS,2026-04-26,2026-04-26,technical,medium,closed,11.42,App crashes when loading the dashboard view.
576,8752-IMQOS,2026-06-17,2026-06-18,technical,low,closed,43.63,Requested help configuring an integration.
577,0795-LAFGP,2026-07-30,,technical,medium,open,,App crashes when loading the dashboard view.
578,5512-IDZEI,2026-05-26,2026-05-26,technical,low,closed,18.66,App crashes when loading the dashboard view.
579,0459-SPZHJ,2026-05-10,,other,high,open,,Requested a copy of past invoices.
580,0215-BQKGS,2026-09-09,,other,low,open,,Asked about cancellation policy and notice period.
581,9244-ZVAPM,2026-07-09,,billing,medium,open,,Asked why the monthly charge increased without notice.
582,9244-ZVAPM,2026-08-27,2026-08-27,billing,medium,closed,18.21,Reported a failed payment and requested a retry.
583,9244-ZVAPM,2026-04-08,2026-04-09,billing,low,closed,33.45,Customer disputes a charge on their most recent invoice.
584,9244-ZVAPM,2026-05-08,,technical,medium,open,,Feature X is not syncing data correctly.
585,8208-EUMTE,2026-07-03,2026-07-04,other,medium,closed,32.14,Requested a copy of past invoices.
586,8208-EUMTE,2026-06-25,2026-06-26,billing,low,closed,40.75,Asked why the monthly charge increased without notice.
587,5172-MIGPM,2026-07-31,,technical,low,open,,Requested help configuring an integration.
588,1710-RCXUS,2026-09-02,2026-09-03,billing,medium,closed,42.26,Asked why the monthly charge increased without notice.
589,0374-FIUCA,2026-04-30,2026-04-30,other,medium,closed,19.71,General question about plan upgrade options.
590,5839-SUYVZ,2026-06-19,2026-06-20,other,low,closed,33.11,Asked about cancellation policy and notice period.
591,5839-SUYVZ,2026-05-28,2026-05-29,technical,medium,closed,34.34,Requested help configuring an integration.
592,5173-ZXXXL,2026-07-29,2026-07-30,billing,medium,closed,30.93,Requested a refund for a duplicate charge.
593,2001-MCUUW,2026-09-02,2026-09-03,technical,low,closed,28.62,Requested help configuring an integration.
594,2731-GJRDG,2026-08-11,2026-08-11,other,medium,closed,1.78,General question about plan upgrade options.
595,2731-GJRDG,2026-06-03,,other,high,open,,Provided feedback about the onboarding experience.
596,4723-BEGSG,2026-04-16,2026-04-17,other,medium,closed,29.98,Asked about cancellation policy and notice period.
597,4723-BEGSG,2026-07-31,2026-08-01,other,medium,closed,30.31,Provided feedback about the onboarding experience.
598,6516-NKQBO,2026-04-20,2026-04-20,other,high,closed,7.6,Provided feedback about the onboarding experience.
599,6516-NKQBO,2026-08-12,,billing,low,open,,Requested a refund for a duplicate charge.
600,8207-DMRVL,2026-05-20,2026-05-20,technical,medium,closed,17.19,App crashes when loading the dashboard view.
601,3419-SNJJD,2026-03-30,,billing,medium,open,,Asked why the monthly charge increased without notice.
602,3419-SNJJD,2026-08-31,,billing,medium,open,,Requested a refund for a duplicate charge.
603,3419-SNJJD,2026-05-09,2026-05-09,billing,medium,closed,23.86,Asked why the monthly charge increased without notice.
604,6543-CPZMK,2026-06-21,2026-06-24,technical,medium,closed,72.92,Requested help configuring an integration.
605,6543-CPZMK,2026-08-13,,billing,high,open,,Customer disputes a charge on their most recent invoice.
606,4765-OXPPD,2026-06-03,2026-06-04,other,low,closed,37.75,Asked about cancellation policy and notice period.
607,2804-ETQDK,2026-03-23,,technical,low,open,,Requested help configuring an integration.
608,2804-ETQDK,2026-08-16,,other,medium,open,,Requested a copy of past invoices.
609,6689-VRRTK,2026-06-23,2026-06-23,other,low,closed,21.85,Asked about cancellation policy and notice period.
610,9396-ZSFLL,2026-08-09,2026-08-09,other,low,closed,1.95,General question about plan upgrade options.
611,6464-KEXXH,2026-03-30,2026-03-31,other,medium,closed,33.72,Asked about cancellation policy and notice period.
612,6464-KEXXH,2026-07-27,,technical,medium,open,,App crashes when loading the dashboard view.
613,6464-KEXXH,2026-09-15,,technical,medium,open,,Requested help configuring an integration.
614,6464-KEXXH,2026-06-02,2026-06-03,billing,high,closed,24.43,Asked why the monthly charge increased without notice.
615,7134-MJPDY,2026-06-19,2026-06-20,technical,medium,closed,36.95,App crashes when loading the dashboard view.
616,4059-IIEBK,2026-07-04,2026-07-05,other,medium,closed,27.18,Requested a copy of past invoices.
617,4059-IIEBK,2026-07-08,,billing,low,open,,Customer disputes a charge on their most recent invoice.
618,0516-UXRMT,2026-06-12,2026-06-12,technical,medium,closed,5.99,Feature X is not syncing data correctly.
619,0516-UXRMT,2026-06-15,,technical,low,open,,Reported repeated login failures over the past week.
620,0516-UXRMT,2026-05-18,2026-05-19,billing,high,closed,45.38,Asked why the monthly charge increased without notice.
621,4851-BQDNX,2026-04-17,2026-04-18,technical,low,closed,39.01,App crashes when loading the dashboard view.
622,5148-HKFIR,2026-07-06,2026-07-06,technical,low,closed,17.47,Requested help configuring an integration.
623,5148-HKFIR,2026-04-05,,billing,low,open,,Reported a failed payment and requested a retry.
624,1009-IRMNA,2026-08-26,2026-08-27,technical,medium,closed,43.16,Feature X is not syncing data correctly.
625,1009-IRMNA,2026-05-09,2026-05-09,technical,high,closed,19.29,Reported repeated login failures over the past week.
626,3003-CMDUU,2026-05-12,2026-05-12,technical,medium,closed,10.38,Requested help configuring an integration.
627,3003-CMDUU,2026-03-30,,technical,high,open,,Requested help configuring an integration.
628,5016-IBERQ,2026-08-19,,technical,low,open,,Requested help configuring an integration.
629,5016-IBERQ,2026-08-25,2026-08-26,technical,low,closed,33.01,Requested help configuring an integration.
630,6797-UCJHZ,2026-08-11,2026-08-11,other,medium,closed,20.73,Provided feedback about the onboarding experience.
631,4554-YGZIH,2026-05-06,,technical,high,open,,App crashes when loading the dashboard view.
632,5099-BAILX,2026-07-29,2026-07-29,billing,medium,closed,7.28,Asked why the monthly charge increased without notice.
633,9931-KGHOA,2026-06-10,,technical,high,open,,App crashes when loading the dashboard view.
634,1775-KWJKQ,2026-05-31,,technical,medium,open,,App crashes when loading the dashboard view.
635,7207-RMRDB,2026-08-12,2026-08-12,billing,high,closed,17.42,Requested a refund for a duplicate charge.
636,9574-BOSMD,2026-05-14,2026-05-15,other,low,closed,38.9,Requested a copy of past invoices.
637,4580-TMHJU,2026-09-12,2026-09-12,technical,low,closed,8.0,Reported repeated login failures over the past week.
638,0970-ETWGE,2026-07-15,,other,medium,open,,Asked about cancellation policy and notice period.
639,0970-ETWGE,2026-04-29,2026-04-30,technical,medium,closed,35.16,Reported repeated login failures over the past week.
640,4908-XAXAY,2026-05-18,2026-05-19,billing,low,closed,27.79,Asked why the monthly charge increased without notice.
641,8404-VLQFB,2026-07-22,,billing,medium,open,,Reported a failed payment and requested a retry.
642,8404-VLQFB,2026-05-24,2026-05-24,other,low,closed,8.84,Asked about cancellation policy and notice period.
643,0887-HJGAR,2026-09-07,,technical,low,open,,Feature X is not syncing data correctly.
644,0887-HJGAR,2026-07-22,,technical,medium,open,,App crashes when loading the dashboard view.
645,2391-IPLOP,2026-05-16,,billing,medium,open,,Asked why the monthly charge increased without notice.
646,2024-BASKD,2026-06-18,2026-06-18,technical,medium,closed,16.0,Feature X is not syncing data correctly.
647,2024-BASKD,2026-06-11,,technical,medium,open,,Reported repeated login failures over the past week.
648,5845-BZZIB,2026-05-25,2026-05-25,technical,low,closed,15.75,Reported repeated login failures over the past week.
649,1140-UKVZG,2026-05-04,2026-05-04,billing,medium,closed,5.38,Reported a failed payment and requested a retry.
650,1140-UKVZG,2026-09-01,2026-09-01,other,low,closed,8.0,Asked about cancellation policy and notice period.
651,5183-SNMJQ,2026-06-16,,billing,high,open,,Requested a refund for a duplicate charge.
652,7838-LAZFO,2026-03-31,,technical,high,open,,App crashes when loading the dashboard view.
653,4464-JCOLN,2026-07-15,2026-07-16,technical,medium,closed,30.6,Reported repeated login failures over the past week.
654,8095-WANWK,2026-08-07,2026-08-07,billing,high,closed,17.99,Asked why the monthly charge increased without notice.
655,8095-WANWK,2026-06-10,,technical,medium,open,,App crashes when loading the dashboard view.
656,3030-ZKIWL,2026-07-16,,billing,medium,open,,Asked why the monthly charge increased without notice.
657,8755-OGKNA,2026-04-01,2026-04-02,other,low,closed,31.32,Requested a copy of past invoices.
658,2800-VEQXM,2026-05-27,2026-05-28,billing,medium,closed,35.43,Reported a failed payment and requested a retry.
659,2800-VEQXM,2026-09-10,2026-09-11,billing,high,closed,46.69,Customer disputes a charge on their most recent invoice.
660,3859-CVCET,2026-08-24,2026-08-24,billing,low,closed,15.88,Asked why the monthly charge increased without notice.
661,0214-JHPFW,2026-07-14,2026-07-15,other,medium,closed,24.87,Asked about cancellation policy and notice period.
662,0214-JHPFW,2026-09-09,,technical,high,open,,Feature X is not syncing data correctly.
663,5642-MHDQT,2026-05-15,2026-05-16,technical,medium,closed,29.0,Feature X is not syncing data correctly.
664,5642-MHDQT,2026-08-16,2026-08-16,technical,medium,closed,9.77,Requested help configuring an integration.
665,5642-MHDQT,2026-07-02,2026-07-02,technical,medium,closed,18.42,Requested help configuring an integration.
666,5642-MHDQT,2026-07-06,2026-07-07,technical,medium,closed,26.32,App crashes when loading the dashboard view.
667,3088-FVYWK,2026-07-02,2026-07-02,billing,high,closed,9.13,Reported a failed payment and requested a retry.
668,3276-HDUEG,2026-08-01,2026-08-04,technical,medium,closed,74.52,Reported repeated login failures over the past week.
669,9092-GDZKO,2026-04-23,2026-04-24,other,medium,closed,28.59,Asked about cancellation policy and notice period.
670,9092-GDZKO,2026-07-26,,technical,low,open,,App crashes when loading the dashboard view.
671,9092-GDZKO,2026-04-30,2026-04-30,billing,medium,closed,14.36,Reported a failed payment and requested a retry.
672,9092-GDZKO,2026-09-03,2026-09-04,technical,low,closed,47.3,Requested help configuring an integration.
673,9092-GDZKO,2026-08-14,2026-08-15,other,medium,closed,31.08,Requested a copy of past invoices.
674,9092-GDZKO,2026-07-05,2026-07-06,other,medium,closed,40.51,General question about plan upgrade options.
675,3729-OWRVL,2026-08-28,2026-08-29,billing,low,closed,40.87,Reported a failed payment and requested a retry.
676,2826-UWHIS,2026-09-09,2026-09-10,technical,high,closed,35.61,Feature X is not syncing data correctly.
677,2826-UWHIS,2026-06-24,2026-06-25,other,low,closed,39.81,Asked about cancellation policy and notice period.
678,1448-PWKYE,2026-05-14,,billing,medium,open,,Customer disputes a charge on their most recent invoice.
679,7501-IWUNG,2026-06-19,2026-06-19,other,medium,closed,7.7,Provided feedback about the onboarding experience.
680,4957-TREIR,2026-07-21,2026-07-21,billing,medium,closed,14.32,Asked why the monthly charge increased without notice.
681,8040-MNRTF,2026-06-22,2026-06-22,billing,medium,closed,13.83,Customer disputes a charge on their most recent invoice.
682,1536-HBSWP,2026-08-03,,billing,low,open,,Asked why the monthly charge increased without notice.
683,1536-HBSWP,2026-06-22,2026-06-23,billing,medium,closed,34.34,Asked why the monthly charge increased without notice.
684,0067-DKWBL,2026-05-08,,billing,high,open,,Reported a failed payment and requested a retry.
685,0067-DKWBL,2026-04-25,2026-04-27,billing,high,closed,50.7,Reported a failed payment and requested a retry.
686,0067-DKWBL,2026-09-15,2026-09-15,technical,medium,closed,23.26,Feature X is not syncing data correctly.
687,5076-YVXCM,2026-04-21,,billing,high,open,,Customer disputes a charge on their most recent invoice.
688,9620-QJREV,2026-07-28,,other,medium,open,,Asked about cancellation policy and notice period.
689,9620-QJREV,2026-09-08,2026-09-09,billing,medium,closed,37.74,Reported a failed payment and requested a retry.
690,0078-XZMHT,2026-06-20,2026-06-21,technical,low,closed,38.52,Feature X is not syncing data correctly.
691,5896-NPFWW,2026-05-06,,other,medium,open,,Requested a copy of past invoices.
692,9450-TRJUU,2026-05-20,2026-05-21,billing,medium,closed,27.38,Asked why the monthly charge increased without notice.
693,9450-TRJUU,2026-09-01,,other,medium,open,,Provided feedback about the onboarding experience.
694,1766-GKNMI,2026-05-30,,other,medium,open,,Provided feedback about the onboarding experience.
695,6942-LBFDP,2026-08-01,2026-08-01,billing,high,closed,15.14,Requested a refund for a duplicate charge.
696,1456-TWCGB,2026-09-07,,technical,low,open,,Reported repeated login failures over the past week.
697,7133-VBDCG,2026-06-16,,technical,low,open,,Feature X is not syncing data correctly.
698,7133-VBDCG,2026-06-21,,billing,high,open,,Asked why the monthly charge increased without notice.
699,7133-VBDCG,2026-08-19,2026-08-20,technical,medium,closed,25.73,Feature X is not syncing data correctly.
700,7596-ZYWBB,2026-08-02,2026-08-02,other,medium,closed,22.79,Requested a copy of past invoices.
701,7596-ZYWBB,2026-06-24,2026-06-25,billing,medium,closed,45.67,Customer disputes a charge on their most recent invoice.
702,8329-UTMVM,2026-07-30,2026-07-31,billing,medium,closed,36.2,Customer disputes a charge on their most recent invoice.
703,3347-YJZZE,2026-09-14,,technical,medium,open,,Feature X is not syncing data correctly.
704,1029-QFBEN,2026-06-01,,other,medium,open,,Requested a copy of past invoices.
705,1029-QFBEN,2026-09-04,2026-09-05,billing,medium,closed,31.47,Customer disputes a charge on their most recent invoice.
706,6952-OMNWB,2026-05-29,2026-05-30,billing,high,closed,34.36,Reported a failed payment and requested a retry.
707,6952-OMNWB,2026-07-28,2026-07-28,technical,medium,closed,22.8,Reported repeated login failures over the past week.
708,4952-YSOGZ,2026-09-02,2026-09-03,billing,medium,closed,44.92,Requested a refund for a duplicate charge.
709,1589-AGTLK,2026-06-05,2026-06-06,billing,low,closed,44.79,Reported a failed payment and requested a retry.
710,1589-AGTLK,2026-07-07,,other,medium,open,,Provided feedback about the onboarding experience.
711,1589-AGTLK,2026-04-23,,billing,medium,open,,Customer disputes a charge on their most recent invoice.
712,1589-AGTLK,2026-04-13,2026-04-13,billing,low,closed,5.27,Asked why the monthly charge increased without notice.
713,5244-IRFIH,2026-04-01,2026-04-02,billing,medium,closed,33.7,Requested a refund for a duplicate charge.
714,5244-IRFIH,2026-07-14,2026-07-16,billing,high,closed,58.76,Asked why the monthly charge increased without notice.
715,6549-YMFAW,2026-06-20,,other,medium,open,,General question about plan upgrade options.
716,6786-OBWQR,2026-08-07,,billing,medium,open,,Customer disputes a charge on their most recent invoice.
717,6786-OBWQR,2026-08-31,2026-08-31,billing,medium,closed,16.75,Requested a refund for a duplicate charge.
718,6786-OBWQR,2026-04-14,2026-04-15,technical,medium,closed,36.25,App crashes when loading the dashboard view.
719,2684-EIWEO,2026-04-02,2026-04-03,technical,high,closed,25.71,Requested help configuring an integration.
720,6439-GTPCA,2026-03-28,2026-03-28,other,low,closed,9.22,Asked about cancellation policy and notice period.
721,6439-GTPCA,2026-05-14,2026-05-15,billing,low,closed,27.77,Customer disputes a charge on their most recent invoice.
722,6439-GTPCA,2026-05-15,2026-05-16,other,medium,closed,38.66,General question about plan upgrade options.
723,2521-NPUZR,2026-04-19,2026-04-20,technical,low,closed,33.03,Feature X is not syncing data correctly.
724,2521-NPUZR,2026-09-09,2026-09-10,technical,high,closed,44.3,Reported repeated login failures over the past week.
725,1307-TVUFB,2026-09-09,,other,low,open,,General question about plan upgrade options.
726,7503-MIOGA,2026-08-02,2026-08-02,technical,low,closed,7.88,Feature X is not syncing data correctly.
727,7503-MIOGA,2026-04-06,,other,low,open,,Provided feedback about the onboarding experience.
728,4381-MHQDC,2026-03-25,2026-03-25,technical,low,closed,1.56,App crashes when loading the dashboard view.
729,6923-JHPMP,2026-09-11,2026-09-12,technical,medium,closed,28.18,Requested help configuring an integration.
730,5138-WVKYJ,2026-07-09,,billing,medium,open,,Asked why the monthly charge increased without notice.
731,5138-WVKYJ,2026-07-16,2026-07-17,billing,high,closed,44.27,Reported a failed payment and requested a retry.
732,4018-PPNDW,2026-03-25,2026-03-25,billing,medium,closed,10.16,Requested a refund for a duplicate charge.
733,2499-AJYUA,2026-07-08,2026-07-09,billing,medium,closed,32.93,Reported a failed payment and requested a retry.
734,2499-AJYUA,2026-04-16,2026-04-17,technical,low,closed,41.83,App crashes when loading the dashboard view.
735,6919-ELBGL,2026-07-30,2026-07-31,technical,low,closed,31.05,Requested help configuring an integration.
736,6425-JWTDV,2026-09-04,2026-09-04,billing,low,closed,6.0,Reported a failed payment and requested a retry.
737,8405-IGQFX,2026-04-19,2026-04-20,billing,medium,closed,34.09,Asked why the monthly charge increased without notice.
738,8405-IGQFX,2026-07-13,2026-07-14,technical,medium,closed,42.75,Reported repeated login failures over the past week.
739,8405-IGQFX,2026-08-14,2026-08-14,other,high,closed,17.36,General question about plan upgrade options.
740,8405-IGQFX,2026-04-03,,other,medium,open,,Requested a copy of past invoices.
741,1410-RSCMR,2026-05-05,2026-05-06,technical,high,closed,47.97,App crashes when loading the dashboard view.
742,1410-RSCMR,2026-08-27,2026-08-28,billing,medium,closed,42.33,Asked why the monthly charge increased without notice.
743,1410-RSCMR,2026-03-24,,billing,low,open,,Customer disputes a charge on their most recent invoice.
744,0139-IVFJG,2026-06-21,2026-06-21,other,medium,closed,19.76,Requested a copy of past invoices.
745,0139-IVFJG,2026-08-31,2026-08-31,technical,medium,closed,12.89,Feature X is not syncing data correctly.
746,2189-WWOEW,2026-05-01,2026-05-01,technical,low,closed,20.82,App crashes when loading the dashboard view.
747,2189-WWOEW,2026-08-02,2026-08-02,other,high,closed,14.45,Provided feedback about the onboarding experience.
748,2189-WWOEW,2026-07-28,2026-07-29,technical,high,closed,40.11,Feature X is not syncing data correctly.
749,4013-GUXND,2026-07-17,2026-07-18,billing,high,closed,31.29,Customer disputes a charge on their most recent invoice.
750,4013-GUXND,2026-04-22,2026-04-22,technical,medium,closed,20.68,App crashes when loading the dashboard view.
751,4013-GUXND,2026-07-06,2026-07-07,technical,medium,closed,35.35,Requested help configuring an integration.
752,1894-IGFSG,2026-09-11,,technical,high,open,,Feature X is not syncing data correctly.
753,1894-IGFSG,2026-07-04,2026-07-05,billing,medium,closed,24.97,Reported a failed payment and requested a retry.
754,7379-POKDZ,2026-07-29,2026-07-30,technical,low,closed,37.97,Feature X is not syncing data correctly.
755,7379-POKDZ,2026-08-20,,billing,medium,open,,Requested a refund for a duplicate charge.
756,7379-POKDZ,2026-09-10,2026-09-10,technical,medium,closed,2.5,App crashes when loading the dashboard view.
757,7379-POKDZ,2026-09-03,,billing,high,open,,Asked why the monthly charge increased without notice.
758,1266-NZYUI,2026-09-03,,billing,medium,open,,Reported a failed payment and requested a retry.
759,7969-FFOWG,2026-08-18,,billing,medium,open,,Requested a refund for a duplicate charge.
760,5175-WLYXL,2026-08-31,2026-09-01,billing,medium,closed,26.39,Customer disputes a charge on their most recent invoice.
761,5175-WLYXL,2026-05-09,2026-05-09,other,low,closed,21.86,Provided feedback about the onboarding experience.
762,8728-SKJLR,2026-06-25,2026-06-25,other,high,closed,7.84,Provided feedback about the onboarding experience.
763,3137-NYQQI,2026-09-07,2026-09-08,technical,high,closed,29.58,Requested help configuring an integration.
764,0236-HFWSV,2026-03-23,,technical,medium,open,,App crashes when loading the dashboard view.
765,3900-AQPHZ,2026-06-18,2026-06-18,technical,high,closed,5.33,Feature X is not syncing data correctly.
766,5842-POCOP,2026-08-15,,other,high,open,,Asked about cancellation policy and notice period.
767,5842-POCOP,2026-04-27,2026-04-27,other,medium,closed,8.93,Asked about cancellation policy and notice period.
768,2037-XJFUP,2026-06-20,,other,low,open,,Asked about cancellation policy and notice period.
769,2037-XJFUP,2026-06-13,2026-06-13,other,low,closed,13.29,Provided feedback about the onboarding experience.
770,8823-RLPWL,2026-05-27,,billing,medium,open,,Asked why the monthly charge increased without notice.
771,8823-RLPWL,2026-04-08,,technical,medium,open,,Reported repeated login failures over the past week.
772,8823-RLPWL,2026-05-22,2026-05-22,other,high,closed,11.01,Provided feedback about the onboarding experience.
773,7314-OXENN,2026-07-24,,other,low,open,,Asked about cancellation policy and notice period.
774,7314-OXENN,2026-04-10,,billing,medium,open,,Requested a refund for a duplicate charge.
775,7521-AFHAB,2026-05-09,2026-05-09,technical,medium,closed,22.06,Feature X is not syncing data correctly.
776,0285-INHLN,2026-04-01,2026-04-01,billing,low,closed,8.9,Requested a refund for a duplicate charge.
777,0285-INHLN,2026-06-14,2026-06-15,technical,high,closed,29.94,Reported repeated login failures over the past week.
778,5125-CNDSP,2026-08-18,2026-08-18,billing,high,closed,11.58,Customer disputes a charge on their most recent invoice.
779,0691-IFBQW,2026-08-17,,other,high,open,,Provided feedback about the onboarding experience.
780,0810-BDHAW,2026-04-18,2026-04-18,billing,medium,closed,20.92,Reported a failed payment and requested a retry.
781,0229-LFJAF,2026-05-31,2026-06-01,billing,medium,closed,33.02,Asked why the monthly charge increased without notice.
782,0229-LFJAF,2026-04-11,2026-04-11,billing,medium,closed,11.69,Customer disputes a charge on their most recent invoice.
783,0229-LFJAF,2026-05-27,2026-05-28,billing,medium,closed,37.14,Asked why the monthly charge increased without notice.
784,7131-ZQZNK,2026-04-14,2026-04-15,technical,high,closed,31.14,App crashes when loading the dashboard view.
785,3442-ZHHCC,2026-07-02,2026-07-03,technical,high,closed,28.44,Reported repeated login failures over the past week.
786,5726-CVNYA,2026-08-06,2026-08-07,other,medium,closed,32.97,Asked about cancellation policy and notice period.
787,9871-ELEYA,2026-03-24,2026-03-24,technical,medium,closed,17.54,Requested help configuring an integration.
788,4257-GAESD,2026-09-12,,billing,medium,open,,Asked why the monthly charge increased without notice.
789,6286-ZHAOK,2026-05-31,,technical,low,open,,Feature X is not syncing data correctly.
790,3807-XHCJH,2026-05-31,2026-06-01,technical,medium,closed,46.32,Requested help configuring an integration.
791,3009-JWMPU,2026-06-29,2026-06-29,technical,medium,closed,16.32,Requested help configuring an integration.
792,3009-JWMPU,2026-07-04,,technical,medium,open,,Requested help configuring an integration.
793,3009-JWMPU,2026-05-15,,technical,medium,open,,App crashes when loading the dashboard view.
794,5671-RQRLP,2026-08-31,,billing,medium,open,,Requested a refund for a duplicate charge.
795,1450-GALXR,2026-09-07,2026-09-08,billing,high,closed,42.54,Requested a refund for a duplicate charge.
796,1450-GALXR,2026-04-11,2026-04-13,billing,medium,closed,58.26,Asked why the monthly charge increased without notice.
797,1450-GALXR,2026-08-06,,technical,low,open,,Requested help configuring an integration.
798,1450-GALXR,2026-07-13,2026-07-13,technical,medium,closed,19.34,Requested help configuring an integration.
799,1450-GALXR,2026-07-14,,billing,low,open,,Asked why the monthly charge increased without notice.
800,8859-AXJZP,2026-08-27,2026-08-28,technical,low,closed,36.93,App crashes when loading the dashboard view.
801,3138-BKYAV,2026-04-29,2026-05-01,technical,high,closed,63.14,Feature X is not syncing data correctly.
802,3138-BKYAV,2026-06-02,2026-06-02,technical,low,closed,19.85,Feature X is not syncing data correctly.
803,7382-DFJTU,2026-03-25,2026-03-26,billing,high,closed,40.78,Customer disputes a charge on their most recent invoice.
804,7382-DFJTU,2026-07-01,2026-07-02,technical,medium,closed,45.11,Feature X is not syncing data correctly.
805,7382-DFJTU,2026-07-07,2026-07-08,technical,medium,closed,38.28,App crashes when loading the dashboard view.
806,7382-DFJTU,2026-08-23,2026-08-23,billing,low,closed,9.47,Customer disputes a charge on their most recent invoice.
807,2798-NYLMZ,2026-04-03,2026-04-03,technical,high,closed,13.1,Feature X is not syncing data correctly.
808,4289-DTDKW,2026-06-06,,technical,medium,open,,App crashes when loading the dashboard view.
809,1820-TQVEV,2026-05-11,2026-05-11,other,high,closed,11.1,Asked about cancellation policy and notice period.
810,1820-TQVEV,2026-08-29,2026-08-30,technical,medium,closed,29.35,Reported repeated login failures over the past week.
811,1820-TQVEV,2026-08-16,2026-08-18,billing,low,closed,50.63,Customer disputes a charge on their most recent invoice.
812,2239-JALAW,2026-04-23,2026-04-24,other,high,closed,37.51,Provided feedback about the onboarding experience.
813,4853-RULSV,2026-05-07,,technical,medium,open,,Requested help configuring an integration.
814,8098-TDCBU,2026-06-28,,billing,low,open,,Asked why the monthly charge increased without notice.
815,8098-TDCBU,2026-06-04,,other,high,open,,Requested a copy of past invoices.
816,3551-GAEGL,2026-08-16,2026-08-17,technical,medium,closed,43.63,Reported repeated login failures over the past week.
817,4785-NKHCX,2026-08-26,,technical,medium,open,,Feature X is not syncing data correctly.
818,3196-NVXLZ,2026-06-16,2026-06-16,billing,medium,closed,6.48,Customer disputes a charge on their most recent invoice.
819,6275-YDUVO,2026-06-01,2026-06-01,technical,medium,closed,23.38,Feature X is not syncing data correctly.
820,0115-TFERT,2026-09-11,2026-09-11,billing,low,closed,9.3,Asked why the monthly charge increased without notice.
821,0115-TFERT,2026-04-15,,billing,medium,open,,Requested a refund for a duplicate charge.
822,5318-YKDPV,2026-05-12,2026-05-12,billing,medium,closed,21.61,Requested a refund for a duplicate charge.
823,7975-TZMLR,2026-05-23,,technical,high,open,,Feature X is not syncing data correctly.
824,0295-QVKPB,2026-08-15,2026-08-16,technical,medium,closed,35.33,Feature X is not syncing data correctly.
825,2311-QYMUQ,2026-07-08,,technical,medium,open,,Feature X is not syncing data correctly.
826,2311-QYMUQ,2026-04-18,,technical,low,open,,App crashes when loading the dashboard view.
827,3104-OWCGK,2026-07-14,,billing,medium,open,,Customer disputes a charge on their most recent invoice.
828,3104-OWCGK,2026-05-13,2026-05-15,billing,low,closed,48.31,Customer disputes a charge on their most recent invoice.
829,3104-OWCGK,2026-08-11,2026-08-11,billing,low,closed,6.81,Requested a refund for a duplicate charge.
830,5337-IIWKZ,2026-09-08,2026-09-09,technical,medium,closed,42.7,App crashes when loading the dashboard view.
831,5337-IIWKZ,2026-05-05,2026-05-06,technical,low,closed,29.16,Reported repeated login failures over the past week.
832,5337-IIWKZ,2026-04-18,2026-04-19,billing,low,closed,24.07,Asked why the monthly charge increased without notice.
833,9101-BWFSS,2026-06-26,2026-06-28,billing,medium,closed,48.39,Customer disputes a charge on their most recent invoice.
834,9101-BWFSS,2026-07-22,2026-07-25,technical,low,closed,72.74,Reported repeated login failures over the past week.
835,9101-BWFSS,2026-06-26,,billing,medium,open,,Asked why the monthly charge increased without notice.
836,9101-BWFSS,2026-07-13,2026-07-13,technical,medium,closed,20.74,Feature X is not syncing data correctly.
837,9650-VBUOG,2026-09-04,2026-09-05,billing,low,closed,35.05,Reported a failed payment and requested a retry.
838,2672-TGEFF,2026-06-28,2026-06-29,technical,medium,closed,27.68,Reported repeated login failures over the past week.
839,2672-TGEFF,2026-07-05,2026-07-05,billing,medium,closed,12.42,Asked why the monthly charge increased without notice.
840,8184-WMOFI,2026-04-11,,billing,low,open,,Asked why the monthly charge increased without notice.
841,6982-SSHFK,2026-07-21,,other,medium,open,,Requested a copy of past invoices.
842,6982-SSHFK,2026-05-26,2026-05-27,other,low,closed,44.04,Asked about cancellation policy and notice period.
843,4625-LAMOB,2026-06-06,2026-06-07,billing,medium,closed,32.82,Requested a refund for a duplicate charge.
844,4625-LAMOB,2026-07-16,2026-07-17,other,high,closed,35.11,Requested a copy of past invoices.
845,4625-LAMOB,2026-04-30,2026-04-30,technical,medium,closed,8.58,Reported repeated login failures over the past week.
846,0727-BMPLR,2026-09-11,2026-09-12,other,low,closed,43.34,General question about plan upgrade options.
847,0727-BMPLR,2026-04-08,2026-04-08,billing,high,closed,22.04,Asked why the monthly charge increased without notice.
848,0727-BMPLR,2026-08-27,2026-08-29,billing,low,closed,52.09,Asked why the monthly charge increased without notice.
849,0727-BMPLR,2026-05-17,2026-05-17,billing,medium,closed,15.66,Reported a failed payment and requested a retry.
850,0392-BZIUW,2026-06-11,2026-06-12,billing,low,closed,25.07,Requested a refund for a duplicate charge.
851,0392-BZIUW,2026-04-06,2026-04-06,technical,medium,closed,6.68,App crashes when loading the dashboard view.
852,1038-ZAGBI,2026-06-30,2026-07-01,technical,low,closed,28.23,Reported repeated login failures over the past week.
853,1038-ZAGBI,2026-06-03,2026-06-04,billing,medium,closed,28.82,Customer disputes a charge on their most recent invoice.
854,1038-ZAGBI,2026-05-05,2026-05-07,billing,medium,closed,49.0,Requested a refund for a duplicate charge.
855,1038-ZAGBI,2026-07-26,2026-07-27,billing,medium,closed,46.42,Reported a failed payment and requested a retry.
856,3027-ZTDHO,2026-08-18,,other,high,open,,Provided feedback about the onboarding experience.
857,0422-OHQHQ,2026-07-22,,billing,low,open,,Reported a failed payment and requested a retry.
858,0422-OHQHQ,2026-04-25,2026-04-25,billing,medium,closed,10.95,Reported a failed payment and requested a retry.
859,0422-OHQHQ,2026-07-05,2026-07-05,technical,low,closed,20.98,Requested help configuring an integration.
860,0422-OHQHQ,2026-06-22,2026-06-22,technical,medium,closed,18.28,Reported repeated login failures over the past week.
861,2316-ESMLS,2026-09-11,2026-09-12,billing,medium,closed,37.81,Customer disputes a charge on their most recent invoice.
862,9778-OGKQZ,2026-09-13,2026-09-13,other,low,closed,5.67,Asked about cancellation policy and notice period.
863,9778-OGKQZ,2026-08-06,2026-08-07,technical,low,closed,33.44,Feature X is not syncing data correctly.
864,7905-TVXTA,2026-06-20,,billing,high,open,,Requested a refund for a duplicate charge.
865,7695-PKLCZ,2026-09-02,,billing,medium,open,,Asked why the monthly charge increased without notice.
866,2207-NHRJK,2026-08-30,2026-09-01,technical,medium,closed,53.97,Reported repeated login failures over the past week.
867,2207-NHRJK,2026-04-30,,billing,medium,open,,Requested a refund for a duplicate charge.
868,3224-DFQNQ,2026-06-22,2026-06-22,technical,low,closed,21.03,Requested help configuring an integration.
869,3224-DFQNQ,2026-04-15,2026-04-15,billing,high,closed,4.77,Asked why the monthly charge increased without notice.
870,0947-MUGVO,2026-08-28,,technical,medium,open,,Feature X is not syncing data correctly.
871,4124-MMETB,2026-04-15,2026-04-16,billing,low,closed,34.78,Reported a failed payment and requested a retry.
872,4124-MMETB,2026-08-18,,billing,medium,open,,Reported a failed payment and requested a retry.
873,3671-SHRSP,2026-04-09,2026-04-11,other,medium,closed,65.47,General question about plan upgrade options.
874,1937-OTUKY,2026-05-15,2026-05-16,billing,medium,closed,30.14,Asked why the monthly charge increased without notice.
875,1764-VUUMT,2026-04-12,2026-04-12,technical,medium,closed,11.87,App crashes when loading the dashboard view.
876,5073-WXOYN,2026-06-29,,other,low,open,,Asked about cancellation policy and notice period.
877,3050-GBUSH,2026-07-06,2026-07-06,billing,high,closed,10.76,Requested a refund for a duplicate charge.
878,0207-MDKNV,2026-07-28,2026-07-29,billing,low,closed,42.63,Requested a refund for a duplicate charge.
879,0207-MDKNV,2026-05-29,2026-05-30,technical,high,closed,27.44,Feature X is not syncing data correctly.
880,7945-HLKEA,2026-08-21,,technical,low,open,,Feature X is not syncing data correctly.
881,9851-KIELU,2026-08-05,,technical,medium,open,,Feature X is not syncing data correctly.
882,9851-KIELU,2026-05-14,2026-05-14,technical,medium,closed,18.91,Requested help configuring an integration.
883,9851-KIELU,2026-07-13,2026-07-16,billing,medium,closed,82.48,Customer disputes a charge on their most recent invoice.
884,9851-KIELU,2026-07-17,2026-07-19,billing,high,closed,71.45,Asked why the monthly charge increased without notice.
885,3523-BRGUW,2026-05-31,2026-06-01,technical,medium,closed,43.29,Reported repeated login failures over the past week.
886,3908-BLSYF,2026-05-09,2026-05-09,technical,medium,closed,5.73,App crashes when loading the dashboard view.
887,3908-BLSYF,2026-05-05,2026-05-05,billing,high,closed,20.28,Customer disputes a charge on their most recent invoice.
888,3908-BLSYF,2026-08-03,2026-08-05,billing,low,closed,49.9,Customer disputes a charge on their most recent invoice.
889,3908-BLSYF,2026-08-29,2026-08-30,other,high,closed,41.42,Provided feedback about the onboarding experience.
890,3199-NPKCN,2026-08-26,2026-08-26,billing,medium,closed,6.15,Reported a failed payment and requested a retry.
891,1258-YMZNM,2026-09-12,2026-09-13,billing,medium,closed,30.44,Asked why the monthly charge increased without notice.
892,1258-YMZNM,2026-06-25,,billing,medium,open,,Reported a failed payment and requested a retry.
893,0048-LUMLS,2026-06-24,2026-06-24,technical,medium,closed,15.63,Requested help configuring an integration.
894,3804-RVTGV,2026-04-24,2026-04-25,technical,medium,closed,45.92,Requested help configuring an integration.
895,3804-RVTGV,2026-06-29,2026-07-01,billing,medium,closed,59.87,Reported a failed payment and requested a retry.
896,9227-LUNBG,2026-08-22,2026-08-24,other,medium,closed,68.72,Asked about cancellation policy and notice period.
897,9227-LUNBG,2026-06-08,2026-06-09,billing,low,closed,30.87,Reported a failed payment and requested a retry.
898,4315-MURBD,2026-08-26,2026-08-27,billing,medium,closed,41.1,Asked why the monthly charge increased without notice.
899,4315-MURBD,2026-07-10,2026-07-11,other,high,closed,35.66,Provided feedback about the onboarding experience.
900,2267-FPIMA,2026-05-04,,technical,high,open,,Reported repeated login failures over the past week.
901,5285-MVEHD,2026-05-19,2026-05-20,billing,low,closed,46.33,Reported a failed payment and requested a retry.
902,5285-MVEHD,2026-07-07,2026-07-07,technical,medium,closed,9.14,App crashes when loading the dashboard view.
903,0379-DJQHR,2026-05-09,2026-05-09,technical,low,closed,21.02,App crashes when loading the dashboard view.
904,0781-LKXBR,2026-03-21,2026-03-21,other,low,closed,12.04,Requested a copy of past invoices.
905,5543-QDCRY,2026-05-03,2026-05-04,billing,low,closed,33.04,Requested a refund for a duplicate charge.
906,0297-RBCSG,2026-07-11,2026-07-12,other,medium,closed,35.28,Provided feedback about the onboarding experience.
907,0297-RBCSG,2026-06-28,2026-06-29,other,low,closed,30.19,Provided feedback about the onboarding experience.
908,0835-JKADZ,2026-04-13,,technical,medium,open,,App crashes when loading the dashboard view.
909,1907-UBQFC,2026-08-06,2026-08-08,other,low,closed,51.7,Provided feedback about the onboarding experience.
910,1907-UBQFC,2026-07-25,,technical,medium,open,,App crashes when loading the dashboard view.
911,3865-YIOTT,2026-06-03,,other,low,open,,Asked about cancellation policy and notice period.
912,3865-YIOTT,2026-06-05,2026-06-05,other,high,closed,10.45,General question about plan upgrade options.
913,5993-BQHEA,2026-07-03,2026-07-03,billing,medium,closed,12.25,Asked why the monthly charge increased without notice.
914,6513-EECDB,2026-06-09,,technical,high,open,,Feature X is not syncing data correctly.
915,6513-EECDB,2026-09-10,,billing,medium,open,,Requested a refund for a duplicate charge.
916,6513-EECDB,2026-05-19,,billing,medium,open,,Customer disputes a charge on their most recent invoice.
917,3956-CJUST,2026-04-11,2026-04-12,technical,high,closed,32.27,App crashes when loading the dashboard view.
918,7471-WNSUF,2026-09-04,2026-09-05,technical,high,closed,28.65,Feature X is not syncing data correctly.
919,4301-VVZKA,2026-08-02,2026-08-02,other,medium,closed,2.27,Asked about cancellation policy and notice period.
920,4824-GUCBY,2026-03-22,2026-03-22,technical,low,closed,15.0,Requested help configuring an integration.
921,5393-HJZSM,2026-04-10,2026-04-10,other,low,closed,14.56,Provided feedback about the onboarding experience.
922,5393-HJZSM,2026-07-18,2026-07-18,other,medium,closed,15.32,Provided feedback about the onboarding experience.
923,7074-IEVOJ,2026-04-08,,other,medium,open,,Provided feedback about the onboarding experience.
924,7074-IEVOJ,2026-03-30,,technical,high,open,,Feature X is not syncing data correctly.
925,7074-IEVOJ,2026-06-09,2026-06-09,other,medium,closed,7.2,Requested a copy of past invoices.
926,9625-QSTYE,2026-08-09,2026-08-10,billing,medium,closed,36.5,Asked why the monthly charge increased without notice.
927,9625-QSTYE,2026-04-21,2026-04-22,billing,low,closed,45.49,Customer disputes a charge on their most recent invoice.
928,0862-PRCBS,2026-06-29,2026-06-29,technical,medium,closed,11.71,Requested help configuring an integration.
929,0862-PRCBS,2026-04-03,2026-04-03,billing,low,closed,17.88,Customer disputes a charge on their most recent invoice.
930,5146-CBVOE,2026-06-20,2026-06-20,other,low,closed,4.02,Asked about cancellation policy and notice period.
931,5146-CBVOE,2026-04-26,2026-04-26,billing,medium,closed,22.73,Asked why the monthly charge increased without notice.
932,5146-CBVOE,2026-06-03,2026-06-04,billing,medium,closed,46.79,Customer disputes a charge on their most recent invoice.
933,5787-KXGIY,2026-04-08,2026-04-08,technical,medium,closed,19.56,Reported repeated login failures over the past week.
934,4750-ZRXIU,2026-07-14,,other,low,open,,Provided feedback about the onboarding experience.
935,4198-VFOEA,2026-08-23,2026-08-24,other,medium,closed,37.58,Requested a copy of past invoices.
936,5709-LVOEQ,2026-03-31,,other,low,open,,General question about plan upgrade options.
937,5709-LVOEQ,2026-07-16,2026-07-16,other,medium,closed,10.28,Requested a copy of past invoices.
938,6400-BWQKW,2026-06-04,2026-06-04,technical,low,closed,17.04,App crashes when loading the dashboard view.
939,6400-BWQKW,2026-07-13,2026-07-13,other,low,closed,3.73,Requested a copy of past invoices.
940,2692-AQCPF,2026-05-03,2026-05-03,billing,medium,closed,9.27,Customer disputes a charge on their most recent invoice.
941,0347-UBKUZ,2026-04-10,2026-04-10,technical,low,closed,22.86,Reported repeated login failures over the past week.
942,0835-DUUIQ,2026-07-08,2026-07-08,other,medium,closed,5.87,Requested a copy of past invoices.
943,0835-DUUIQ,2026-05-31,2026-05-31,other,high,closed,8.57,Requested a copy of past invoices.
944,6115-ZTBFQ,2026-05-06,2026-05-07,other,low,closed,36.3,Asked about cancellation policy and notice period.
945,6353-BRMMA,2026-04-20,2026-04-20,other,low,closed,15.41,Requested a copy of past invoices.
946,6353-BRMMA,2026-04-14,2026-04-14,other,low,closed,9.23,Provided feedback about the onboarding experience.
947,6680-WKXRZ,2026-06-11,2026-06-11,billing,medium,closed,5.22,Reported a failed payment and requested a retry.
948,6680-WKXRZ,2026-09-12,2026-09-12,billing,high,closed,2.83,Customer disputes a charge on their most recent invoice.
949,6231-WFGFH,2026-09-15,2026-09-15,technical,low,closed,7.75,Feature X is not syncing data correctly.
950,6169-PPETC,2026-08-07,2026-08-08,other,low,closed,27.4,Requested a copy of past invoices.
951,6169-PPETC,2026-08-22,,technical,medium,open,,Reported repeated login failures over the past week.
952,4208-UFFGW,2026-04-18,,billing,low,open,,Reported a failed payment and requested a retry.
953,4208-UFFGW,2026-08-04,2026-08-06,technical,medium,closed,65.86,App crashes when loading the dashboard view.
954,8584-KMVXD,2026-05-21,,technical,low,open,,App crashes when loading the dashboard view.
955,8584-KMVXD,2026-04-18,,other,high,open,,Provided feedback about the onboarding experience.
956,8584-KMVXD,2026-08-17,2026-08-17,other,high,closed,1.56,Asked about cancellation policy and notice period.
957,8584-KMVXD,2026-04-23,2026-04-23,technical,medium,closed,16.33,Feature X is not syncing data correctly.
958,8584-KMVXD,2026-08-06,2026-08-06,billing,medium,closed,23.09,Customer disputes a charge on their most recent invoice.
959,9448-REEVD,2026-08-25,2026-08-27,billing,medium,closed,68.83,Asked why the monthly charge increased without notice.
960,9448-REEVD,2026-04-30,2026-05-02,billing,medium,closed,69.37,Customer disputes a charge on their most recent invoice.
961,9448-REEVD,2026-03-29,,billing,medium,open,,Customer disputes a charge on their most recent invoice.
962,9448-REEVD,2026-07-24,2026-07-25,billing,high,closed,35.64,Customer disputes a charge on their most recent invoice.
963,8388-FYNPZ,2026-03-26,2026-03-26,other,low,closed,22.04,Requested a copy of past invoices.
964,4002-BQWPQ,2026-07-04,2026-07-04,technical,medium,closed,21.91,Feature X is not syncing data correctly.
965,4002-BQWPQ,2026-05-06,2026-05-07,other,medium,closed,38.37,Provided feedback about the onboarding experience.
966,4378-BZYFP,2026-05-29,2026-05-29,technical,high,closed,17.13,Requested help configuring an integration.
967,9489-UTFKA,2026-07-23,2026-07-23,technical,low,closed,18.04,Requested help configuring an integration.
968,4849-PYRLQ,2026-06-02,2026-06-02,technical,low,closed,16.52,Reported repeated login failures over the past week.
969,9117-SHLZX,2026-05-19,2026-05-21,billing,medium,closed,67.47,Asked why the monthly charge increased without notice.
970,9117-SHLZX,2026-05-04,,other,medium,open,,Asked about cancellation policy and notice period.
971,9117-SHLZX,2026-03-28,,billing,low,open,,Requested a refund for a duplicate charge.
972,9117-SHLZX,2026-06-22,,technical,low,open,,Reported repeated login failures over the past week.
973,9117-SHLZX,2026-05-29,,technical,medium,open,,App crashes when loading the dashboard view.
974,9117-SHLZX,2026-05-04,2026-05-05,billing,low,closed,43.06,Asked why the monthly charge increased without notice.
975,4541-RMRLG,2026-07-31,2026-08-01,billing,low,closed,42.57,Requested a refund for a duplicate charge.
976,4541-RMRLG,2026-05-11,,billing,high,open,,Customer disputes a charge on their most recent invoice.
977,4541-RMRLG,2026-06-23,,billing,medium,open,,Reported a failed payment and requested a retry.
978,7764-BDPEE,2026-08-18,2026-08-18,billing,medium,closed,16.38,Reported a failed payment and requested a retry.
979,7764-BDPEE,2026-04-11,2026-04-11,billing,low,closed,2.76,Reported a failed payment and requested a retry.
980,7764-BDPEE,2026-07-29,2026-07-30,other,low,closed,25.93,Requested a copy of past invoices.
981,3158-MOERK,2026-08-09,,other,medium,open,,Provided feedback about the onboarding experience.
982,3158-MOERK,2026-08-07,2026-08-07,other,medium,closed,17.88,Provided feedback about the onboarding experience.
983,5002-GCQFH,2026-06-27,2026-06-28,other,low,closed,24.55,General question about plan upgrade options.
984,5002-GCQFH,2026-06-04,2026-06-05,technical,medium,closed,40.65,App crashes when loading the dashboard view.
985,8919-FYFQZ,2026-05-24,2026-05-24,technical,medium,closed,21.31,Requested help configuring an integration.
986,8919-FYFQZ,2026-08-31,2026-09-03,other,medium,closed,73.29,General question about plan upgrade options.
987,0604-THJFP,2026-04-04,,other,medium,open,,Provided feedback about the onboarding experience.
988,0604-THJFP,2026-08-13,2026-08-13,billing,high,closed,11.25,Asked why the monthly charge increased without notice.
989,0604-THJFP,2026-08-13,2026-08-14,technical,medium,closed,40.71,Requested help configuring an integration.
990,2834-JRTUA,2026-05-09,2026-05-09,billing,high,closed,2.39,Customer disputes a charge on their most recent invoice.
991,5875-YPQFJ,2026-05-15,2026-05-17,billing,high,closed,66.15,Reported a failed payment and requested a retry.
992,5875-YPQFJ,2026-04-29,,other,low,open,,General question about plan upgrade options.
993,5875-YPQFJ,2026-04-19,2026-04-20,other,low,closed,34.72,Requested a copy of past invoices.
994,6646-QVXLR,2026-05-04,2026-05-05,other,medium,closed,24.87,Provided feedback about the onboarding experience.
995,3318-ISQFQ,2026-05-28,2026-05-29,technical,low,closed,47.4,Reported repeated login failures over the past week.
996,3318-ISQFQ,2026-09-04,2026-09-05,other,medium,closed,38.54,Asked about cancellation policy and notice period.
997,1106-HRLKZ,2026-04-22,,technical,high,open,,Feature X is not syncing data correctly.
998,8165-ZJRNM,2026-05-22,,technical,medium,open,,Feature X is not syncing data correctly.
999,8165-ZJRNM,2026-06-29,2026-06-30,other,low,closed,34.98,General question about plan upgrade options.
1000,8165-ZJRNM,2026-08-07,2026-08-08,other,low,closed,47.88,General question about plan upgrade options.
1001,9369-XFEHK,2026-04-14,2026-04-15,technical,high,closed,40.28,Requested help configuring an integration.
1002,9369-XFEHK,2026-05-19,2026-05-20,billing,low,closed,47.81,Customer disputes a charge on their most recent invoice.
1003,2604-XVDAM,2026-07-24,,billing,low,open,,Requested a refund for a duplicate charge.
1004,3717-OFRTN,2026-05-02,2026-05-02,technical,low,closed,20.49,App crashes when loading the dashboard view.
1005,3717-OFRTN,2026-05-31,2026-05-31,other,low,closed,15.13,Provided feedback about the onboarding experience.
1006,9046-JBFWA,2026-07-14,,other,low,open,,Asked about cancellation policy and notice period.
1007,3280-NMUVX,2026-07-08,,technical,high,open,,Requested help configuring an integration.
1008,8361-LBRDI,2026-04-28,2026-04-28,technical,high,closed,15.98,App crashes when loading the dashboard view.
1009,4883-KCPZJ,2026-08-19,2026-08-20,technical,high,closed,33.17,Reported repeated login failures over the past week.
1010,9108-EQPNQ,2026-09-03,2026-09-03,technical,medium,closed,18.03,Requested help configuring an integration.
1011,7277-KAMWT,2026-05-26,2026-05-26,other,medium,closed,23.49,Requested a copy of past invoices.
1012,3842-IYKUE,2026-04-14,,other,low,open,,Asked about cancellation policy and notice period.
1013,6641-XRPSU,2026-07-25,,billing,low,open,,Customer disputes a charge on their most recent invoice.
1014,1374-DMZUI,2026-06-28,,technical,medium,open,,Feature X is not syncing data correctly.
1015,1374-DMZUI,2026-07-28,2026-07-28,billing,medium,closed,13.56,Customer disputes a charge on their most recent invoice.
1016,8357-EQXFO,2026-08-22,2026-08-22,billing,medium,closed,12.34,Requested a refund for a duplicate charge.
1017,1989-PRJHP,2026-06-01,,technical,high,open,,Reported repeated login failures over the past week.
1018,8917-FAEMR,2026-03-25,,billing,high,open,,Requested a refund for a duplicate charge.
1019,7047-YXDMZ,2026-05-31,2026-06-01,technical,medium,closed,33.77,Reported repeated login failures over the past week.
1020,2858-EIMXH,2026-04-01,,technical,medium,open,,Requested help configuring an integration.
1021,9524-EGPJC,2026-08-18,,other,high,open,,Provided feedback about the onboarding experience.
1022,6993-OHLXR,2026-06-21,2026-06-24,other,medium,closed,83.78,Asked about cancellation policy and notice period.
1023,8818-XYFCQ,2026-04-19,2026-04-20,other,high,closed,26.28,Requested a copy of past invoices.
1024,6419-ZTTLE,2026-03-26,2026-03-26,technical,medium,closed,15.85,Requested help configuring an integration.
1025,7426-RHZGU,2026-04-01,2026-04-02,technical,low,closed,42.49,App crashes when loading the dashboard view.
1026,7426-RHZGU,2026-03-22,2026-03-23,billing,medium,closed,34.88,Customer disputes a charge on their most recent invoice.
1027,7426-RHZGU,2026-06-21,2026-06-21,billing,low,closed,13.71,Reported a failed payment and requested a retry.
1028,4695-VADHF,2026-08-24,2026-08-25,other,low,closed,45.99,Requested a copy of past invoices.
1029,4695-VADHF,2026-06-06,,other,medium,open,,General question about plan upgrade options.
1030,4695-VADHF,2026-04-04,2026-04-05,technical,medium,closed,46.28,Reported repeated login failures over the past week.
1031,3863-IUBJR,2026-04-28,,billing,high,open,,Asked why the monthly charge increased without notice.
1032,3863-IUBJR,2026-03-27,2026-03-28,billing,medium,closed,36.82,Requested a refund for a duplicate charge.
1033,7649-SIJJF,2026-07-16,,other,low,open,,Requested a copy of past invoices.
1034,7649-SIJJF,2026-05-05,2026-05-05,other,low,closed,23.4,General question about plan upgrade options.
1035,3748-FVMZZ,2026-05-17,,other,low,open,,Requested a copy of past invoices.
1036,3748-FVMZZ,2026-03-25,2026-03-26,billing,medium,closed,26.29,Reported a failed payment and requested a retry.
1037,9391-TTOYH,2026-07-21,,other,medium,open,,Provided feedback about the onboarding experience.
1038,9391-TTOYH,2026-09-02,2026-09-02,other,medium,closed,11.81,Provided feedback about the onboarding experience.
1039,3422-WJOYD,2026-08-25,,technical,low,open,,App crashes when loading the dashboard view.
1040,3422-WJOYD,2026-03-29,2026-03-29,technical,high,closed,14.04,Feature X is not syncing data correctly.
1041,8242-SOQUO,2026-08-22,2026-08-23,technical,medium,closed,26.83,Feature X is not syncing data correctly.
1042,7460-ITWWP,2026-04-24,,other,high,open,,Requested a copy of past invoices.
1043,4822-RVYBB,2026-05-06,2026-05-07,billing,medium,closed,40.58,Customer disputes a charge on their most recent invoice.
1044,4822-RVYBB,2026-08-12,2026-08-14,technical,medium,closed,61.07,App crashes when loading the dashboard view.
1045,6732-FZUGP,2026-09-05,2026-09-05,technical,high,closed,11.59,Requested help configuring an integration.
1046,6732-FZUGP,2026-05-04,2026-05-05,technical,medium,closed,47.29,App crashes when loading the dashboard view.
1047,8436-BJUMM,2026-08-02,2026-08-05,technical,high,closed,76.67,App crashes when loading the dashboard view.
1048,4184-TJFAN,2026-03-26,2026-03-27,billing,low,closed,40.66,Customer disputes a charge on their most recent invoice.
1049,4184-TJFAN,2026-06-30,2026-07-01,other,medium,closed,36.01,Asked about cancellation policy and notice period.
1050,4184-TJFAN,2026-04-17,2026-04-20,other,low,closed,77.03,General question about plan upgrade options.
1051,1352-VHKAJ,2026-04-23,,technical,high,open,,Requested help configuring an integration.
1052,8146-QQKZH,2026-08-04,2026-08-05,technical,medium,closed,38.42,Feature X is not syncing data correctly.
1053,8146-QQKZH,2026-04-23,2026-04-24,other,high,closed,41.53,Asked about cancellation policy and notice period.
1054,8146-QQKZH,2026-05-31,2026-06-01,other,low,closed,40.6,Asked about cancellation policy and notice period.
1055,6445-TNRXS,2026-07-08,2026-07-08,other,low,closed,11.37,General question about plan upgrade options.
1056,4581-LNWUM,2026-08-24,2026-08-25,technical,high,closed,47.56,Requested help configuring an integration.
1057,4581-LNWUM,2026-09-06,2026-09-07,technical,medium,closed,31.14,App crashes when loading the dashboard view.
1058,4869-EPIUS,2026-04-30,,technical,low,open,,App crashes when loading the dashboard view.
1059,1236-WFCDV,2026-04-25,,technical,low,open,,Requested help configuring an integration.
1060,1915-OAKWD,2026-04-16,,technical,low,open,,Reported repeated login failures over the past week.
1061,4883-QICIH,2026-08-21,,technical,medium,open,,Feature X is not syncing data correctly.
1062,4883-QICIH,2026-07-10,2026-07-12,billing,low,closed,58.08,Requested a refund for a duplicate charge.
1063,4883-QICIH,2026-08-19,,billing,medium,open,,Reported a failed payment and requested a retry.
1064,3354-OADJP,2026-05-15,2026-05-16,technical,medium,closed,27.59,Reported repeated login failures over the past week.
1065,3354-OADJP,2026-03-22,,other,medium,open,,Asked about cancellation policy and notice period.
1066,3524-WQDSG,2026-09-10,2026-09-10,technical,low,closed,1.52,Requested help configuring an integration.
1067,3524-WQDSG,2026-09-07,2026-09-07,billing,medium,closed,9.37,Customer disputes a charge on their most recent invoice.
1068,0810-DHDBD,2026-04-16,,technical,medium,open,,App crashes when loading the dashboard view.
1069,0810-DHDBD,2026-05-04,,billing,low,open,,Customer disputes a charge on their most recent invoice.
1070,4026-SKKHW,2026-06-08,2026-06-08,other,medium,closed,13.53,Provided feedback about the onboarding experience.
1071,2829-HYVZP,2026-04-25,,technical,medium,open,,Feature X is not syncing data correctly.
1072,2829-HYVZP,2026-09-05,2026-09-05,other,medium,closed,22.35,Asked about cancellation policy and notice period.
1073,8329-IBCTI,2026-08-02,2026-08-02,technical,low,closed,11.41,Feature X is not syncing data correctly.
1074,1271-SJBGZ,2026-07-23,2026-07-24,billing,medium,closed,40.49,Asked why the monthly charge increased without notice.
1075,1271-SJBGZ,2026-08-09,2026-08-09,other,medium,closed,12.57,Requested a copy of past invoices.
1076,7013-PSXHK,2026-07-29,,technical,medium,open,,Feature X is not syncing data correctly.
1077,7013-PSXHK,2026-09-02,2026-09-03,technical,low,closed,43.98,Requested help configuring an integration.
1078,7013-PSXHK,2026-07-02,2026-07-03,technical,medium,closed,44.12,Feature X is not syncing data correctly.
1079,5669-SRAIP,2026-05-01,2026-05-03,billing,medium,closed,62.47,Asked why the monthly charge increased without notice.
1080,5981-ITEMU,2026-07-26,2026-07-27,other,low,closed,43.63,Requested a copy of past invoices.
1081,5981-ITEMU,2026-03-25,2026-03-26,technical,medium,closed,28.9,Reported repeated login failures over the past week.
1082,5981-ITEMU,2026-04-09,2026-04-09,technical,medium,closed,9.11,Requested help configuring an integration.
1083,3486-NPGST,2026-07-22,,other,medium,open,,Provided feedback about the onboarding experience.
1084,6941-PMGEP,2026-08-27,2026-08-27,billing,medium,closed,22.58,Customer disputes a charge on their most recent invoice.
1085,1624-WOIWJ,2026-06-08,,billing,high,open,,Asked why the monthly charge increased without notice.
1086,1624-WOIWJ,2026-06-19,2026-06-19,technical,medium,closed,7.93,Requested help configuring an integration.
1087,2074-GKOWZ,2026-07-17,2026-07-18,billing,medium,closed,43.27,Customer disputes a charge on their most recent invoice.
1088,0376-YMCJC,2026-08-25,2026-08-25,technical,medium,closed,19.52,Requested help configuring an integration.
1089,0376-YMCJC,2026-04-05,2026-04-05,technical,medium,closed,13.02,Feature X is not syncing data correctly.
1090,0376-YMCJC,2026-06-20,,other,high,open,,Requested a copy of past invoices.
1091,0376-YMCJC,2026-04-29,,billing,low,open,,Asked why the monthly charge increased without notice.
1092,4829-ZLJTK,2026-06-17,2026-06-17,billing,medium,closed,20.24,Reported a failed payment and requested a retry.
1093,3800-LYTRK,2026-06-25,2026-06-26,other,medium,closed,31.47,General question about plan upgrade options.
1094,3800-LYTRK,2026-06-19,2026-06-19,technical,medium,closed,18.07,Feature X is not syncing data correctly.
1095,0634-SZPQA,2026-09-08,2026-09-09,billing,medium,closed,45.72,Customer disputes a charge on their most recent invoice.
1096,9646-NMHXE,2026-05-03,,other,high,open,,General question about plan upgrade options.
1097,9646-NMHXE,2026-04-11,2026-04-12,other,low,closed,32.02,Provided feedback about the onboarding experience.
1098,9646-NMHXE,2026-06-15,2026-06-16,other,low,closed,41.7,General question about plan upgrade options.
1099,7030-NJVDP,2026-08-23,,billing,high,open,,Asked why the monthly charge increased without notice.
1100,7030-NJVDP,2026-08-29,,other,medium,open,,General question about plan upgrade options.
1101,7030-NJVDP,2026-04-05,2026-04-05,technical,low,closed,3.76,Reported repeated login failures over the past week.
1102,5536-RTPWK,2026-08-18,2026-08-19,billing,high,closed,42.5,Asked why the monthly charge increased without notice.
1103,5536-RTPWK,2026-09-05,2026-09-08,technical,medium,closed,74.86,Requested help configuring an integration.
1104,8883-GRDWQ,2026-07-09,,technical,medium,open,,App crashes when loading the dashboard view.
1105,6166-ILMNY,2026-06-18,2026-06-19,technical,low,closed,43.5,App crashes when loading the dashboard view.
1106,6166-ILMNY,2026-09-01,,billing,medium,open,,Asked why the monthly charge increased without notice.
1107,7771-ZONAT,2026-08-04,2026-08-04,billing,low,closed,6.42,Requested a refund for a duplicate charge.
1108,0655-RBDUG,2026-06-26,,billing,low,open,,Asked why the monthly charge increased without notice.
1109,0655-RBDUG,2026-08-23,2026-08-25,billing,medium,closed,54.42,Customer disputes a charge on their most recent invoice.
1110,0655-RBDUG,2026-04-21,2026-04-22,billing,medium,closed,35.48,Requested a refund for a duplicate charge.
1111,0655-RBDUG,2026-07-03,,billing,medium,open,,Reported a failed payment and requested a retry.
1112,2111-DWYHN,2026-08-15,,technical,medium,open,,App crashes when loading the dashboard view.
1113,4194-WHFCB,2026-04-15,,billing,low,open,,Customer disputes a charge on their most recent invoice.
1114,4121-AGSIN,2026-05-28,2026-05-28,other,low,closed,10.83,Asked about cancellation policy and notice period.
1115,4361-BKAXE,2026-07-16,2026-07-17,billing,medium,closed,41.98,Asked why the monthly charge increased without notice.
1116,4361-BKAXE,2026-04-21,2026-04-21,technical,low,closed,9.96,Reported repeated login failures over the past week.
1117,0301-KOBTQ,2026-06-04,,billing,medium,open,,Customer disputes a charge on their most recent invoice.
1118,1751-NCDLI,2026-05-03,,billing,high,open,,Requested a refund for a duplicate charge.
1119,1751-NCDLI,2026-04-29,2026-04-29,other,low,closed,9.95,Provided feedback about the onboarding experience.
1120,9878-TNQGW,2026-08-17,2026-08-19,other,medium,closed,60.66,Requested a copy of past invoices.
1121,9878-TNQGW,2026-05-14,2026-05-15,technical,medium,closed,32.74,Requested help configuring an integration.
1122,8999-BOHSE,2026-05-09,,technical,medium,open,,App crashes when loading the dashboard view.
1123,8999-BOHSE,2026-08-24,,billing,medium,open,,Customer disputes a charge on their most recent invoice.
1124,8999-BOHSE,2026-05-27,2026-05-28,technical,low,closed,46.98,Feature X is not syncing data correctly.
1125,7241-AJHFS,2026-07-10,2026-07-11,other,low,closed,42.13,Requested a copy of past invoices.
1126,7029-RPUAV,2026-05-09,2026-05-09,technical,medium,closed,23.35,App crashes when loading the dashboard view.
1127,7029-RPUAV,2026-05-01,2026-05-04,other,high,closed,81.93,General question about plan upgrade options.
1128,7029-RPUAV,2026-09-02,,technical,medium,open,,App crashes when loading the dashboard view.
1129,4546-FOKWR,2026-08-12,2026-08-12,technical,high,closed,23.87,App crashes when loading the dashboard view.
1130,5832-TRLPB,2026-03-27,2026-03-27,billing,medium,closed,12.68,Reported a failed payment and requested a retry.
1131,8590-YFFQO,2026-04-07,2026-04-07,other,medium,closed,3.0,General question about plan upgrade options.
1132,8590-YFFQO,2026-03-31,2026-04-01,billing,high,closed,35.53,Customer disputes a charge on their most recent invoice.
1133,8590-YFFQO,2026-09-12,2026-09-13,other,high,closed,40.57,General question about plan upgrade options.
1134,8590-YFFQO,2026-06-27,2026-06-27,other,medium,closed,1.83,Requested a copy of past invoices.
1135,8590-YFFQO,2026-06-28,2026-06-29,technical,medium,closed,29.82,Reported repeated login failures over the past week.
1136,8659-IOOPU,2026-06-06,,other,medium,open,,Provided feedback about the onboarding experience.
1137,8659-IOOPU,2026-07-28,2026-07-29,technical,low,closed,41.49,Feature X is not syncing data correctly.
1138,8659-IOOPU,2026-08-11,,technical,medium,open,,Requested help configuring an integration.
1139,1338-CECEE,2026-07-04,2026-07-05,technical,medium,closed,45.38,Requested help configuring an integration.
1140,1338-CECEE,2026-06-30,2026-07-01,other,medium,closed,38.37,Requested a copy of past invoices.
1141,7439-DKZTW,2026-05-06,,technical,medium,open,,Requested help configuring an integration.
1142,7439-DKZTW,2026-07-19,2026-07-20,billing,high,closed,41.5,Customer disputes a charge on their most recent invoice.
1143,7439-DKZTW,2026-05-19,2026-05-19,other,medium,closed,5.77,Asked about cancellation policy and notice period.
1144,7439-DKZTW,2026-09-08,2026-09-09,other,low,closed,28.82,General question about plan upgrade options.
1145,7439-DKZTW,2026-07-02,,technical,medium,open,,Reported repeated login failures over the past week.
1146,4646-QZXTF,2026-07-19,2026-07-20,billing,high,closed,35.67,Asked why the monthly charge increased without notice.
1147,9578-FOMUK,2026-06-19,2026-06-20,technical,medium,closed,47.45,Requested help configuring an integration.
1148,4712-UYOOI,2026-06-23,,technical,medium,open,,Requested help configuring an integration.
1149,4712-UYOOI,2026-06-09,2026-06-10,billing,low,closed,38.52,Reported a failed payment and requested a retry.
1150,8824-RWFXJ,2026-05-23,2026-05-26,technical,medium,closed,83.08,Reported repeated login failures over the past week.
1151,8824-RWFXJ,2026-08-12,,billing,low,open,,Customer disputes a charge on their most recent invoice.
1152,8824-RWFXJ,2026-05-24,2026-05-24,technical,low,closed,20.58,App crashes when loading the dashboard view.
1153,8824-RWFXJ,2026-04-30,2026-05-02,other,medium,closed,67.42,Provided feedback about the onboarding experience.
1154,8824-RWFXJ,2026-07-21,,billing,medium,open,,Reported a failed payment and requested a retry.
1155,7722-CVFXN,2026-06-29,2026-06-30,other,low,closed,33.36,General question about plan upgrade options.
1156,0971-QIFJK,2026-08-03,2026-08-04,technical,medium,closed,40.63,Requested help configuring an integration.
1157,3391-JSQEW,2026-08-17,2026-08-17,billing,medium,closed,16.35,Customer disputes a charge on their most recent invoice.
1158,3391-JSQEW,2026-04-21,2026-04-21,other,high,closed,5.49,Provided feedback about the onboarding experience.
1159,9763-PDTKK,2026-05-07,2026-05-08,other,low,closed,40.07,Asked about cancellation policy and notice period.
1160,2176-LVPNX,2026-04-29,2026-04-30,billing,low,closed,28.16,Reported a failed payment and requested a retry.
1161,2176-LVPNX,2026-07-15,2026-07-16,technical,low,closed,30.12,App crashes when loading the dashboard view.
1162,2176-LVPNX,2026-06-26,2026-06-26,other,medium,closed,23.07,General question about plan upgrade options.
1163,2176-LVPNX,2026-08-15,,other,high,open,,Asked about cancellation policy and notice period.
1164,7627-JKIAZ,2026-07-11,2026-07-12,technical,low,closed,31.43,App crashes when loading the dashboard view.
1165,7627-JKIAZ,2026-08-27,2026-08-30,technical,medium,closed,83.05,Requested help configuring an integration.
1166,7627-JKIAZ,2026-07-13,2026-07-13,billing,low,closed,9.78,Customer disputes a charge on their most recent invoice.
1167,7627-JKIAZ,2026-09-08,,other,medium,open,,General question about plan upgrade options.
1168,7627-JKIAZ,2026-04-12,,technical,medium,open,,App crashes when loading the dashboard view.
1169,7627-JKIAZ,2026-07-08,2026-07-08,billing,high,closed,14.28,Asked why the monthly charge increased without notice.
1170,1271-UODNO,2026-06-06,2026-06-07,technical,high,closed,40.12,Requested help configuring an integration.
1171,8461-EFQYM,2026-04-17,2026-04-17,technical,medium,closed,7.21,Reported repeated login failures over the past week.
1172,8461-EFQYM,2026-06-06,2026-06-07,billing,medium,closed,30.81,Requested a refund for a duplicate charge.
1173,1047-NNCBF,2026-09-12,2026-09-13,billing,low,closed,36.47,Asked why the monthly charge increased without notice.
1174,0074-HDKDG,2026-05-25,2026-05-25,billing,high,closed,7.95,Asked why the monthly charge increased without notice.
1175,8791-GFXLZ,2026-07-18,2026-07-19,technical,low,closed,31.89,Requested help configuring an integration.
1176,8111-SLLHI,2026-07-10,2026-07-10,other,medium,closed,22.87,Requested a copy of past invoices.
1177,8111-SLLHI,2026-06-01,2026-06-01,technical,medium,closed,6.22,Requested help configuring an integration.
1178,0927-LCSMG,2026-04-26,2026-04-27,technical,medium,closed,46.6,App crashes when loading the dashboard view.
1179,9330-DHBFL,2026-08-14,2026-08-15,other,medium,closed,28.65,Requested a copy of past invoices.
1180,3452-ABWRL,2026-05-27,2026-05-27,technical,medium,closed,19.61,Reported repeated login failures over the past week.
1181,5293-WXJAK,2026-04-09,2026-04-10,billing,low,closed,46.97,Asked why the monthly charge increased without notice.
1182,5293-WXJAK,2026-04-13,,technical,high,open,,Feature X is not syncing data correctly.
1183,3156-QLHBO,2026-07-09,2026-07-09,technical,low,closed,23.48,Feature X is not syncing data correctly.
1184,2208-NQBCT,2026-08-15,2026-08-15,other,medium,closed,20.43,Requested a copy of past invoices.
1185,6621-NRZAK,2026-03-26,2026-03-27,technical,medium,closed,47.87,Feature X is not syncing data correctly.
1186,9553-DLCLU,2026-08-16,,billing,medium,open,,Reported a failed payment and requested a retry.
1187,2460-NGXBJ,2026-04-09,2026-04-10,technical,medium,closed,29.3,Requested help configuring an integration.
1188,2460-NGXBJ,2026-04-07,2026-04-07,other,medium,closed,6.17,General question about plan upgrade options.
1189,2446-ZKVAF,2026-04-25,,billing,low,open,,Asked why the monthly charge increased without notice.
1190,0841-NULXI,2026-03-22,2026-03-23,billing,medium,closed,28.02,Asked why the monthly charge increased without notice.
1191,0841-NULXI,2026-08-23,,billing,low,open,,Asked why the monthly charge increased without notice.
1192,0841-NULXI,2026-03-31,,billing,low,open,,Customer disputes a charge on their most recent invoice.
1193,3522-CDKHF,2026-04-24,,technical,low,open,,App crashes when loading the dashboard view.
1194,3522-CDKHF,2026-04-20,2026-04-21,technical,low,closed,39.39,Reported repeated login failures over the past week.
1195,3522-CDKHF,2026-08-12,2026-08-13,other,low,closed,36.24,Requested a copy of past invoices.
1196,1430-SFQSA,2026-06-03,,other,high,open,,Provided feedback about the onboarding experience.
1197,8844-TONUD,2026-03-27,2026-03-28,technical,medium,closed,43.96,Requested help configuring an integration.
1198,8844-TONUD,2026-08-02,2026-08-03,billing,low,closed,40.74,Reported a failed payment and requested a retry.
1199,4320-QMLLA,2026-06-06,2026-06-07,billing,medium,closed,34.44,Customer disputes a charge on their most recent invoice.
1200,8777-PVYGU,2026-03-26,2026-03-27,billing,medium,closed,47.58,Requested a refund for a duplicate charge.
1201,8777-PVYGU,2026-06-08,2026-06-08,billing,medium,closed,2.74,Asked why the monthly charge increased without notice.
1202,6870-ZWMNX,2026-08-10,2026-08-10,other,medium,closed,1.92,Requested a copy of past invoices.
1203,0621-CXBKL,2026-08-26,,other,high,open,,General question about plan upgrade options.
1204,5268-DSMNQ,2026-08-17,,technical,medium,open,,Feature X is not syncing data correctly.
1205,5334-JLAXU,2026-05-15,,billing,medium,open,,Requested a refund for a duplicate charge.
1206,6242-MBHPK,2026-03-27,2026-03-27,other,high,closed,10.86,Requested a copy of past invoices.
1207,6242-MBHPK,2026-06-23,,other,high,open,,General question about plan upgrade options.
1208,0135-NMXAP,2026-07-25,2026-07-27,other,medium,closed,63.61,Asked about cancellation policy and notice period.
1209,0135-NMXAP,2026-07-08,2026-07-10,technical,low,closed,59.44,Feature X is not syncing data correctly.
1210,4782-OSFXZ,2026-04-22,2026-04-22,other,high,closed,5.02,Asked about cancellation policy and notice period.
1211,7129-ACFOG,2026-09-01,2026-09-01,technical,medium,closed,10.09,App crashes when loading the dashboard view.
1212,4189-NAKJS,2026-06-03,2026-06-03,billing,low,closed,5.59,Reported a failed payment and requested a retry.
1213,5562-BETPV,2026-08-23,2026-08-23,other,high,closed,16.74,Provided feedback about the onboarding experience.
1214,5562-BETPV,2026-07-27,2026-07-27,technical,low,closed,5.66,Reported repeated login failures over the past week.
1215,5562-BETPV,2026-04-29,,other,low,open,,Provided feedback about the onboarding experience.
1216,9127-FHJBZ,2026-04-14,2026-04-15,billing,medium,closed,41.77,Reported a failed payment and requested a retry.
1217,6270-OMFIW,2026-07-27,2026-07-27,billing,medium,closed,8.58,Customer disputes a charge on their most recent invoice.
1218,6270-OMFIW,2026-07-25,,technical,low,open,,Reported repeated login failures over the past week.
1219,1641-RQDAY,2026-04-17,2026-04-18,billing,low,closed,33.33,Asked why the monthly charge increased without notice.
1220,6994-ORCWG,2026-07-28,2026-07-29,technical,high,closed,33.42,Reported repeated login failures over the past week.
1221,1346-UFHAX,2026-04-28,2026-04-29,billing,medium,closed,24.41,Asked why the monthly charge increased without notice.
1222,2933-XEUJM,2026-05-16,,other,high,open,,Provided feedback about the onboarding experience.
1223,2933-XEUJM,2026-09-02,2026-09-03,billing,low,closed,44.35,Customer disputes a charge on their most recent invoice.
1224,2933-XEUJM,2026-06-01,,other,high,open,,Asked about cancellation policy and notice period.
1225,0125-LZQXK,2026-06-26,,other,low,open,,Asked about cancellation policy and notice period.
1226,0125-LZQXK,2026-07-07,2026-07-07,billing,high,closed,14.23,Customer disputes a charge on their most recent invoice.
1227,5461-QKNTN,2026-07-03,2026-07-03,other,high,closed,4.96,General question about plan upgrade options.
1228,4835-YSJMR,2026-08-13,2026-08-14,technical,high,closed,34.1,Requested help configuring an integration.
1229,4835-YSJMR,2026-05-07,2026-05-07,billing,low,closed,7.69,Customer disputes a charge on their most recent invoice.
1230,3164-YAXFY,2026-03-22,2026-03-22,billing,high,closed,21.4,Requested a refund for a duplicate charge.
1231,3164-YAXFY,2026-07-09,2026-07-10,billing,low,closed,41.61,Customer disputes a charge on their most recent invoice.
1232,0887-WBJVH,2026-08-14,2026-08-15,other,low,closed,44.65,General question about plan upgrade options.
1233,5673-FSSMF,2026-06-25,2026-06-28,billing,high,closed,77.63,Asked why the monthly charge increased without notice.
1234,5673-FSSMF,2026-04-18,2026-04-21,billing,low,closed,76.79,Reported a failed payment and requested a retry.
1235,0080-OROZO,2026-04-08,2026-04-08,billing,high,closed,19.32,Reported a failed payment and requested a retry.
1236,3916-NRPAP,2026-05-12,2026-05-13,billing,medium,closed,27.89,Asked why the monthly charge increased without notice.
1237,6807-SIWJI,2026-06-13,,technical,medium,open,,Feature X is not syncing data correctly.
1238,6807-SIWJI,2026-05-04,2026-05-04,other,low,closed,14.47,Asked about cancellation policy and notice period.
1239,6807-SIWJI,2026-08-26,2026-08-27,other,high,closed,42.91,General question about plan upgrade options.
1240,8967-SZQAS,2026-07-26,,technical,low,open,,Reported repeated login failures over the past week.
1241,8967-SZQAS,2026-07-23,,technical,medium,open,,Reported repeated login failures over the past week.
1242,0455-ENTCR,2026-04-22,,billing,medium,open,,Requested a refund for a duplicate charge.
1243,0455-ENTCR,2026-09-04,2026-09-05,technical,medium,closed,31.36,App crashes when loading the dashboard view.
1244,0455-ENTCR,2026-07-01,2026-07-02,technical,low,closed,43.99,Reported repeated login failures over the past week.
1245,8944-AILEF,2026-08-27,2026-08-28,billing,high,closed,38.23,Requested a refund for a duplicate charge.
1246,8944-AILEF,2026-05-12,2026-05-12,technical,low,closed,9.75,App crashes when loading the dashboard view.
1247,8944-AILEF,2026-07-24,2026-07-25,billing,medium,closed,24.87,Requested a refund for a duplicate charge.
1248,8944-AILEF,2026-07-21,2026-07-22,technical,low,closed,32.76,Feature X is not syncing data correctly.
1249,5542-NKVRU,2026-08-28,2026-08-28,other,low,closed,12.21,Provided feedback about the onboarding experience.
1250,5542-NKVRU,2026-04-01,2026-04-01,billing,medium,closed,23.53,Requested a refund for a duplicate charge.
1251,5542-NKVRU,2026-09-01,2026-09-02,technical,low,closed,29.24,Requested help configuring an integration.
1252,7126-RBHSD,2026-06-08,,technical,low,open,,Feature X is not syncing data correctly.
1253,5370-IIVVL,2026-06-06,2026-06-06,billing,medium,closed,11.18,Reported a failed payment and requested a retry.
1254,6789-HJBWG,2026-06-04,,billing,medium,open,,Requested a refund for a duplicate charge.
1255,6789-HJBWG,2026-03-25,2026-03-26,other,medium,closed,28.85,Provided feedback about the onboarding experience.
1256,3927-NLNRY,2026-07-30,,billing,medium,open,,Requested a refund for a duplicate charge.
1257,3927-NLNRY,2026-06-17,2026-06-19,billing,high,closed,64.44,Requested a refund for a duplicate charge.
1258,6358-LYNGM,2026-07-01,,technical,medium,open,,App crashes when loading the dashboard view.
1259,6358-LYNGM,2026-08-02,,billing,medium,open,,Reported a failed payment and requested a retry.
1260,6077-BDPXA,2026-09-13,2026-09-13,other,medium,closed,18.75,Asked about cancellation policy and notice period.
1261,6077-BDPXA,2026-04-14,2026-04-14,other,medium,closed,15.32,Asked about cancellation policy and notice period.
1262,6077-BDPXA,2026-04-09,2026-04-10,other,medium,closed,25.48,General question about plan upgrade options.
1263,0013-MHZWF,2026-04-23,2026-04-24,other,high,closed,45.81,Provided feedback about the onboarding experience.
1264,9824-BEMCV,2026-06-29,2026-07-01,technical,medium,closed,48.75,App crashes when loading the dashboard view.
1265,1373-ORVIZ,2026-07-23,,technical,high,open,,Requested help configuring an integration.
1266,6980-IMXXE,2026-07-24,2026-07-25,billing,medium,closed,36.08,Requested a refund for a duplicate charge.
1267,6980-IMXXE,2026-07-26,2026-07-26,technical,medium,closed,6.91,Reported repeated login failures over the past week.
1268,9866-QEVEE,2026-08-22,,billing,low,open,,Requested a refund for a duplicate charge.
1269,9866-QEVEE,2026-04-11,2026-04-13,billing,medium,closed,49.2,Requested a refund for a duplicate charge.
1270,9897-KXHCM,2026-04-27,,billing,medium,open,,Customer disputes a charge on their most recent invoice.
1271,9897-KXHCM,2026-09-08,,billing,low,open,,Asked why the monthly charge increased without notice.
1272,0040-HALCW,2026-08-11,2026-08-11,other,high,closed,2.85,Asked about cancellation policy and notice period.
1273,0040-HALCW,2026-03-21,2026-03-21,other,medium,closed,5.53,Requested a copy of past invoices.
1274,2294-DMMUS,2026-05-30,,other,medium,open,,Asked about cancellation policy and notice period.
1275,0872-JCPIB,2026-08-17,2026-08-17,technical,medium,closed,8.06,Reported repeated login failures over the past week.
1276,1618-CFHME,2026-07-25,,billing,medium,open,,Asked why the monthly charge increased without notice.
1277,3165-HDOEW,2026-04-28,2026-04-28,other,medium,closed,7.27,Asked about cancellation policy and notice period.
1278,3165-HDOEW,2026-09-13,2026-09-14,other,low,closed,37.58,Asked about cancellation policy and notice period.
1279,3165-HDOEW,2026-09-12,2026-09-13,other,medium,closed,30.45,Asked about cancellation policy and notice period.
1280,3165-HDOEW,2026-08-01,,other,medium,open,,Provided feedback about the onboarding experience.
1281,6581-NQCBA,2026-09-13,2026-09-14,other,medium,closed,46.49,Provided feedback about the onboarding experience.
1282,6581-NQCBA,2026-07-08,2026-07-09,technical,low,closed,33.56,Requested help configuring an integration.
1283,7115-IRDHS,2026-09-13,2026-09-14,technical,medium,closed,30.81,Requested help configuring an integration.
1284,7115-IRDHS,2026-06-11,2026-06-12,billing,medium,closed,32.19,Reported a failed payment and requested a retry.
1285,8496-DMZUK,2026-07-23,2026-07-23,other,medium,closed,1.62,Asked about cancellation policy and notice period.
1286,8496-DMZUK,2026-04-22,2026-04-23,billing,low,closed,47.5,Customer disputes a charge on their most recent invoice.
1287,2040-VZIKE,2026-08-27,2026-08-28,billing,low,closed,35.88,Reported a failed payment and requested a retry.
1288,9068-VPWQQ,2026-03-27,2026-03-28,other,medium,closed,38.35,General question about plan upgrade options.
1289,9068-VPWQQ,2026-07-16,,billing,high,open,,Reported a failed payment and requested a retry.
1290,9068-VPWQQ,2026-07-30,2026-07-30,other,low,closed,11.02,Asked about cancellation policy and notice period.
1291,0178-SZBHO,2026-08-26,,technical,low,open,,Requested help configuring an integration.
1292,0178-SZBHO,2026-08-15,2026-08-15,billing,high,closed,23.71,Reported a failed payment and requested a retry.
1293,1689-MRZQR,2026-07-08,,other,high,open,,Asked about cancellation policy and notice period.
1294,1689-MRZQR,2026-06-12,2026-06-13,other,low,closed,34.64,General question about plan upgrade options.
1295,1299-AURJA,2026-06-26,2026-06-27,billing,medium,closed,32.01,Asked why the monthly charge increased without notice.
1296,1543-LLLFT,2026-04-10,,technical,high,open,,Requested help configuring an integration.
1297,1543-LLLFT,2026-05-18,2026-05-19,other,medium,closed,36.78,Asked about cancellation policy and notice period.
1298,2788-CJQAQ,2026-08-20,2026-08-21,other,medium,closed,35.88,Provided feedback about the onboarding experience.
1299,2788-CJQAQ,2026-08-31,2026-08-31,technical,medium,closed,17.94,App crashes when loading the dashboard view.
1300,0668-OGMHD,2026-03-31,2026-03-31,technical,medium,closed,18.68,Reported repeated login failures over the past week.
1301,2223-KAGMX,2026-04-23,,technical,medium,open,,App crashes when loading the dashboard view.
1302,2223-KAGMX,2026-04-15,2026-04-16,billing,medium,closed,35.79,Asked why the monthly charge increased without notice.
1303,5593-SUAOO,2026-07-07,2026-07-08,technical,medium,closed,43.59,Reported repeated login failures over the past week.
1304,7321-PKUYW,2026-04-22,,technical,medium,open,,Requested help configuring an integration.
1305,7321-PKUYW,2026-06-01,,other,low,open,,Requested a copy of past invoices.
1306,7321-PKUYW,2026-04-30,2026-05-02,billing,low,closed,62.26,Customer disputes a charge on their most recent invoice.
1307,6766-HFKLA,2026-06-16,2026-06-17,other,medium,closed,36.04,Asked about cancellation policy and notice period.
1308,7595-EUIVN,2026-07-08,2026-07-09,billing,medium,closed,31.62,Reported a failed payment and requested a retry.
1309,7595-EUIVN,2026-08-18,,technical,medium,open,,Requested help configuring an integration.
1310,7617-EYGLW,2026-06-21,,technical,high,open,,App crashes when loading the dashboard view.
1311,7617-EYGLW,2026-06-15,2026-06-15,billing,medium,closed,3.48,Asked why the monthly charge increased without notice.
1312,9220-ZNKJI,2026-07-28,2026-07-28,billing,medium,closed,2.18,Reported a failed payment and requested a retry.
1313,4030-VPZBD,2026-08-31,2026-08-31,technical,medium,closed,18.01,Requested help configuring an integration.
1314,4030-VPZBD,2026-05-09,,other,low,open,,Provided feedback about the onboarding experience.
1315,0723-VSOBE,2026-08-30,2026-08-30,other,low,closed,18.22,Asked about cancellation policy and notice period.
1316,0723-VSOBE,2026-07-29,2026-07-29,technical,low,closed,16.03,Requested help configuring an integration.
1317,5529-GIBVH,2026-08-29,,billing,medium,open,,Customer disputes a charge on their most recent invoice.
1318,5529-GIBVH,2026-08-06,2026-08-07,other,low,closed,33.21,Requested a copy of past invoices.
1319,5529-GIBVH,2026-05-22,2026-05-22,billing,low,closed,22.07,Customer disputes a charge on their most recent invoice.
1320,9992-UJOEL,2026-05-05,,billing,medium,open,,Requested a refund for a duplicate charge.
1321,4741-WWJQZ,2026-06-05,2026-06-05,technical,medium,closed,7.85,App crashes when loading the dashboard view.
1322,6818-WOBHJ,2026-08-22,,technical,high,open,,Feature X is not syncing data correctly.
1323,6244-BESBM,2026-05-30,2026-05-31,billing,medium,closed,35.03,Reported a failed payment and requested a retry.
1324,6244-BESBM,2026-07-27,2026-07-27,other,high,closed,3.46,General question about plan upgrade options.
1325,1251-STYSZ,2026-06-08,2026-06-08,other,low,closed,17.57,Requested a copy of past invoices.
1326,1251-STYSZ,2026-09-05,2026-09-05,billing,low,closed,22.28,Requested a refund for a duplicate charge.
1327,1251-STYSZ,2026-08-06,2026-08-07,other,high,closed,28.03,Requested a copy of past invoices.
1328,2612-PHGOX,2026-06-06,2026-06-07,billing,high,closed,35.93,Asked why the monthly charge increased without notice.
1329,2408-TZMJL,2026-05-12,2026-05-13,technical,low,closed,26.7,Reported repeated login failures over the past week.
1330,2408-TZMJL,2026-07-18,,other,medium,open,,Asked about cancellation policy and notice period.
1331,4598-ZADCK,2026-08-03,2026-08-04,other,low,closed,32.99,Requested a copy of past invoices.
1332,4598-ZADCK,2026-08-10,,technical,high,open,,Requested help configuring an integration.
1333,4598-ZADCK,2026-09-09,,technical,medium,open,,App crashes when loading the dashboard view.
1334,9681-KYGYB,2026-07-29,2026-07-30,other,medium,closed,35.18,Provided feedback about the onboarding experience.
1335,9681-KYGYB,2026-04-13,2026-04-14,billing,low,closed,43.86,Asked why the monthly charge increased without notice.
1336,9681-KYGYB,2026-07-15,,billing,low,open,,Reported a failed payment and requested a retry.
1337,7182-OVLBJ,2026-04-05,2026-04-06,other,medium,closed,25.8,Provided feedback about the onboarding experience.
1338,5095-ETBRJ,2026-06-02,2026-06-02,billing,low,closed,1.71,Asked why the monthly charge increased without notice.
1339,5095-ETBRJ,2026-04-15,2026-04-16,technical,medium,closed,33.37,Requested help configuring an integration.
1340,7005-CYUIL,2026-03-27,2026-03-27,technical,low,closed,17.7,App crashes when loading the dashboard view.
1341,4821-WQOYN,2026-09-12,2026-09-12,billing,high,closed,18.41,Asked why the monthly charge increased without notice.
1342,4730-AWNAU,2026-07-14,2026-07-15,other,low,closed,40.14,Provided feedback about the onboarding experience.
1343,9531-NSBMR,2026-05-16,,technical,low,open,,Reported repeated login failures over the past week.
1344,4389-UEFCZ,2026-09-13,2026-09-14,other,high,closed,47.66,Requested a copy of past invoices.
1345,8985-OOPOS,2026-04-08,2026-04-08,technical,medium,closed,3.72,App crashes when loading the dashboard view.
1346,8985-OOPOS,2026-06-05,2026-06-05,technical,high,closed,10.75,Reported repeated login failures over the past week.
1347,8985-OOPOS,2026-08-16,,other,medium,open,,Requested a copy of past invoices.
1348,8800-ZKRFW,2026-04-18,,billing,medium,open,,Reported a failed payment and requested a retry.
1349,8800-ZKRFW,2026-08-21,2026-08-21,billing,high,closed,14.99,Customer disputes a charge on their most recent invoice.
1350,2616-FLVQC,2026-04-18,,technical,high,open,,Feature X is not syncing data correctly.
1351,2616-FLVQC,2026-06-11,,technical,medium,open,,Feature X is not syncing data correctly.
1352,9968-FFVVH,2026-04-12,2026-04-13,other,medium,closed,31.49,Asked about cancellation policy and notice period.
1353,9968-FFVVH,2026-07-18,2026-07-19,billing,low,closed,43.81,Reported a failed payment and requested a retry.
1354,3108-PCCGG,2026-08-21,2026-08-22,other,low,closed,30.37,Asked about cancellation policy and notice period.
1355,7993-PYKOF,2026-07-17,2026-07-17,billing,medium,closed,20.05,Reported a failed payment and requested a retry.
1356,3022-BEXHZ,2026-07-08,2026-07-09,technical,low,closed,45.71,Reported repeated login failures over the past week.
1357,3022-BEXHZ,2026-08-21,,billing,medium,open,,Customer disputes a charge on their most recent invoice.
1358,5027-XWQHA,2026-08-02,,technical,low,open,,Requested help configuring an integration.
1359,6248-TKCQV,2026-08-25,2026-08-25,technical,low,closed,7.68,Reported repeated login failures over the past week.
1360,6729-GDNGC,2026-08-23,2026-08-24,billing,medium,closed,34.07,Reported a failed payment and requested a retry.
1361,6198-ZFIOJ,2026-05-15,2026-05-16,other,medium,closed,36.87,Asked about cancellation policy and notice period.
1362,6198-ZFIOJ,2026-08-13,,billing,medium,open,,Customer disputes a charge on their most recent invoice.
1363,6198-ZFIOJ,2026-05-04,2026-05-05,billing,low,closed,41.52,Reported a failed payment and requested a retry.
1364,5989-OMNJE,2026-06-21,2026-06-22,other,medium,closed,30.94,Requested a copy of past invoices.
1365,4566-QVRRW,2026-09-03,2026-09-04,other,medium,closed,46.06,Asked about cancellation policy and notice period.
1366,3230-IUALN,2026-09-05,2026-09-05,billing,medium,closed,17.21,Customer disputes a charge on their most recent invoice.
1367,8519-IMDHU,2026-05-17,,billing,medium,open,,Customer disputes a charge on their most recent invoice.
1368,8519-IMDHU,2026-05-25,2026-05-26,technical,medium,closed,31.01,Feature X is not syncing data correctly.
1369,4945-RVMTE,2026-06-08,2026-06-09,billing,high,closed,40.86,Asked why the monthly charge increased without notice.
1370,0201-OAMXR,2026-05-21,,technical,low,open,,App crashes when loading the dashboard view.
1371,0201-OAMXR,2026-09-08,2026-09-09,billing,medium,closed,25.26,Asked why the monthly charge increased without notice.
1372,7831-QGOXH,2026-05-03,2026-05-03,other,medium,closed,15.96,Requested a copy of past invoices.
1373,7831-QGOXH,2026-05-10,2026-05-10,technical,low,closed,15.59,App crashes when loading the dashboard view.
1374,1661-CZBAU,2026-03-22,,technical,medium,open,,Reported repeated login failures over the past week.
1375,1661-CZBAU,2026-04-07,2026-04-08,other,medium,closed,37.11,Asked about cancellation policy and notice period.
1376,1661-CZBAU,2026-06-06,2026-06-06,other,medium,closed,18.82,General question about plan upgrade options.
1377,9831-BPFRI,2026-06-29,2026-06-30,billing,medium,closed,40.14,Asked why the monthly charge increased without notice.
1378,9831-BPFRI,2026-06-12,2026-06-12,billing,low,closed,10.6,Asked why the monthly charge increased without notice.
1379,9831-BPFRI,2026-03-30,2026-03-31,technical,medium,closed,31.67,Reported repeated login failures over the past week.
1380,9788-YTFGE,2026-04-16,,billing,medium,open,,Reported a failed payment and requested a retry.
1381,9788-YTFGE,2026-05-18,2026-05-19,billing,medium,closed,27.6,Asked why the monthly charge increased without notice.
1382,9277-JOOMO,2026-08-13,2026-08-14,billing,low,closed,34.8,Reported a failed payment and requested a retry.
1383,9277-JOOMO,2026-04-16,,billing,medium,open,,Customer disputes a charge on their most recent invoice.
1384,1907-YLNYW,2026-05-09,2026-05-10,billing,low,closed,27.22,Requested a refund for a duplicate charge.
1385,1725-MIMXW,2026-04-20,2026-04-20,technical,medium,closed,7.54,Reported repeated login failures over the past week.
1386,8947-YRTDV,2026-06-13,,technical,low,open,,Reported repeated login failures over the past week.
1387,3161-ONRWK,2026-07-30,,other,high,open,,Asked about cancellation policy and notice period.
1388,3161-ONRWK,2026-08-11,2026-08-11,billing,low,closed,3.35,Asked why the monthly charge increased without notice.
1389,0031-PVLZI,2026-05-16,2026-05-17,billing,medium,closed,36.33,Asked why the monthly charge increased without notice.
1390,0031-PVLZI,2026-03-30,2026-04-01,billing,high,closed,52.33,Reported a failed payment and requested a retry.
1391,0031-PVLZI,2026-04-26,2026-04-27,technical,medium,closed,38.36,Requested help configuring an integration.
1392,0031-PVLZI,2026-04-12,2026-04-12,other,medium,closed,20.84,Asked about cancellation policy and notice period.
1393,0031-PVLZI,2026-05-27,2026-05-29,billing,low,closed,50.98,Reported a failed payment and requested a retry.
1394,7206-GZCDC,2026-04-20,,billing,medium,open,,Customer disputes a charge on their most recent invoice.
1395,6682-VCIXC,2026-05-01,2026-05-01,other,medium,closed,18.08,Provided feedback about the onboarding experience.
1396,4791-QRGMF,2026-08-12,,technical,high,open,,Feature X is not syncing data correctly.
1397,3910-MRQOY,2026-09-07,2026-09-07,other,medium,closed,12.16,Asked about cancellation policy and notice period.
1398,0661-WCQNQ,2026-08-02,2026-08-02,billing,low,closed,18.41,Requested a refund for a duplicate charge.
1399,0661-WCQNQ,2026-06-11,,technical,low,open,,Reported repeated login failures over the past week.
1400,0121-SNYRK,2026-07-20,2026-07-21,other,high,closed,46.53,General question about plan upgrade options.
1401,1768-ZAIFU,2026-07-09,2026-07-10,billing,high,closed,42.57,Asked why the monthly charge increased without notice.
1402,1768-ZAIFU,2026-08-09,2026-08-12,technical,low,closed,73.51,Reported repeated login failures over the past week.
1403,1768-ZAIFU,2026-07-12,2026-07-13,technical,medium,closed,30.95,Reported repeated login failures over the past week.
1404,4671-LXRDQ,2026-04-22,2026-04-22,billing,medium,closed,1.68,Customer disputes a charge on their most recent invoice.
1405,3733-LSYCE,2026-03-27,,billing,low,open,,Customer disputes a charge on their most recent invoice.
1406,3733-LSYCE,2026-07-23,2026-07-24,other,low,closed,27.49,Asked about cancellation policy and notice period.
1407,6265-FRMTQ,2026-08-30,,billing,medium,open,,Asked why the monthly charge increased without notice.
1408,6265-FRMTQ,2026-03-22,2026-03-22,other,medium,closed,20.14,Asked about cancellation policy and notice period.
1409,1934-SJVJK,2026-08-26,2026-08-27,technical,medium,closed,36.04,Reported repeated login failures over the past week.
1410,1934-SJVJK,2026-08-22,,technical,high,open,,Requested help configuring an integration.
1411,1934-SJVJK,2026-05-30,2026-06-01,technical,medium,closed,54.17,App crashes when loading the dashboard view.
1412,1934-SJVJK,2026-06-12,2026-06-15,technical,high,closed,83.77,Reported repeated login failures over the past week.
1413,1371-DWPAZ,2026-05-15,2026-05-15,other,medium,closed,18.92,General question about plan upgrade options.
1414,1371-DWPAZ,2026-05-16,2026-05-17,billing,high,closed,30.87,Asked why the monthly charge increased without notice.
1415,2017-CCBLH,2026-04-02,2026-04-03,technical,medium,closed,35.95,Feature X is not syncing data correctly.
1416,7690-KPNCU,2026-06-18,,billing,low,open,,Requested a refund for a duplicate charge.
1417,0536-BGFMZ,2026-07-05,2026-07-06,billing,medium,closed,36.88,Customer disputes a charge on their most recent invoice.
1418,2293-IJWPS,2026-04-08,2026-04-08,technical,medium,closed,13.45,App crashes when loading the dashboard view.
1419,2845-HSJCY,2026-07-23,2026-07-25,other,high,closed,68.96,Asked about cancellation policy and notice period.
1420,2845-HSJCY,2026-07-13,2026-07-15,other,low,closed,50.86,General question about plan upgrade options.
1421,5469-NUJUR,2026-08-25,,technical,medium,open,,App crashes when loading the dashboard view.
1422,5469-NUJUR,2026-08-19,,billing,low,open,,Reported a failed payment and requested a retry.
1423,5469-NUJUR,2026-05-19,2026-05-20,technical,low,closed,42.47,Requested help configuring an integration.
1424,1184-PJVDB,2026-03-30,,technical,low,open,,App crashes when loading the dashboard view.
1425,7266-GSSJX,2026-07-31,,billing,low,open,,Requested a refund for a duplicate charge.
1426,7266-GSSJX,2026-07-15,2026-07-15,technical,low,closed,22.33,Requested help configuring an integration.
1427,7266-GSSJX,2026-04-12,2026-04-13,other,low,closed,29.36,General question about plan upgrade options.
1428,7266-GSSJX,2026-04-30,2026-05-01,technical,high,closed,24.74,Feature X is not syncing data correctly.
1429,7073-QETQY,2026-07-16,,billing,medium,open,,Requested a refund for a duplicate charge.
1430,7073-QETQY,2026-08-31,2026-08-31,billing,high,closed,22.95,Customer disputes a charge on their most recent invoice.
1431,7073-QETQY,2026-07-12,,other,high,open,,Asked about cancellation policy and notice period.
1432,5624-RYAMH,2026-04-26,2026-04-26,billing,low,closed,16.4,Reported a failed payment and requested a retry.
1433,0196-JTUQI,2026-04-05,2026-04-05,other,medium,closed,15.76,Asked about cancellation policy and notice period.
1434,9272-LSVYH,2026-04-21,,technical,medium,open,,Reported repeated login failures over the past week.
1435,7943-RQCHR,2026-08-13,,technical,medium,open,,Feature X is not syncing data correctly.
1436,7943-RQCHR,2026-08-22,2026-08-25,other,medium,closed,76.02,Asked about cancellation policy and notice period.
1437,7943-RQCHR,2026-05-07,,billing,high,open,,Reported a failed payment and requested a retry.
1438,7943-RQCHR,2026-08-02,2026-08-02,other,low,closed,18.65,Provided feedback about the onboarding experience.
1439,7943-RQCHR,2026-06-04,2026-06-05,billing,medium,closed,35.57,Asked why the monthly charge increased without notice.
1440,3249-ZPQRG,2026-08-13,,other,high,open,,Asked about cancellation policy and notice period.
1441,2568-BRGYX,2026-05-30,2026-05-30,technical,low,closed,16.0,App crashes when loading the dashboard view.
1442,2568-BRGYX,2026-06-21,,technical,medium,open,,App crashes when loading the dashboard view.
1443,7721-JXEAW,2026-08-09,,other,high,open,,Provided feedback about the onboarding experience.
1444,7249-WBIYX,2026-07-27,2026-07-27,technical,medium,closed,10.86,Requested help configuring an integration.
1445,7249-WBIYX,2026-09-09,,technical,low,open,,Reported repeated login failures over the past week.
1446,4238-HFHSN,2026-05-09,2026-05-09,other,high,closed,14.08,Provided feedback about the onboarding experience.
1447,4238-HFHSN,2026-03-24,,other,medium,open,,Provided feedback about the onboarding experience.
1448,5478-JJVZK,2026-04-27,,other,high,open,,Requested a copy of past invoices.
1449,6567-HOOPW,2026-06-21,,technical,high,open,,Feature X is not syncing data correctly.
1450,6567-HOOPW,2026-08-05,,billing,high,open,,Reported a failed payment and requested a retry.
1451,9793-WECQC,2026-07-14,,other,medium,open,,General question about plan upgrade options.
1452,8999-YPYBV,2026-05-18,,technical,medium,open,,Requested help configuring an integration.
1453,8999-YPYBV,2026-08-09,2026-08-09,billing,low,closed,4.27,Requested a refund for a duplicate charge.
1454,3164-AALRN,2026-09-07,2026-09-08,other,low,closed,35.03,Requested a copy of past invoices.
1455,3164-AALRN,2026-03-26,2026-03-28,billing,low,closed,59.38,Asked why the monthly charge increased without notice.
1456,3164-AALRN,2026-05-19,,billing,medium,open,,Reported a failed payment and requested a retry.
1457,3164-AALRN,2026-06-10,2026-06-12,billing,low,closed,64.41,Customer disputes a charge on their most recent invoice.
1458,3071-MVJCD,2026-06-06,,technical,high,open,,Reported repeated login failures over the past week.
1459,3071-MVJCD,2026-09-04,,billing,medium,open,,Requested a refund for a duplicate charge.
1460,3071-MVJCD,2026-07-23,2026-07-23,other,medium,closed,17.04,Provided feedback about the onboarding experience.
1461,3071-MVJCD,2026-08-16,,billing,high,open,,Reported a failed payment and requested a retry.
1462,1697-BCSHV,2026-08-10,2026-08-11,technical,medium,closed,45.07,App crashes when loading the dashboard view.
1463,0562-KBDVM,2026-06-23,2026-06-23,billing,low,closed,23.94,Customer disputes a charge on their most recent invoice.
1464,0562-KBDVM,2026-05-27,2026-05-27,billing,low,closed,14.11,Reported a failed payment and requested a retry.
1465,0562-KBDVM,2026-09-08,2026-09-09,other,medium,closed,27.0,Provided feedback about the onboarding experience.
1466,0562-KBDVM,2026-08-09,2026-08-10,billing,medium,closed,43.57,Customer disputes a charge on their most recent invoice.
1467,1131-SUEKT,2026-08-20,2026-08-20,other,high,closed,3.95,Asked about cancellation policy and notice period.
1468,4538-WNTMJ,2026-06-27,2026-06-28,billing,medium,closed,31.86,Asked why the monthly charge increased without notice.
1469,4538-WNTMJ,2026-07-25,,technical,high,open,,Feature X is not syncing data correctly.
1470,3334-CTHOL,2026-08-21,2026-08-21,billing,medium,closed,22.27,Customer disputes a charge on their most recent invoice.
1471,3334-CTHOL,2026-08-29,2026-08-29,billing,low,closed,6.24,Asked why the monthly charge increased without notice.
1472,9432-RUVSL,2026-09-09,2026-09-10,other,low,closed,38.49,General question about plan upgrade options.
1473,7684-XSZIY,2026-07-06,,other,medium,open,,Provided feedback about the onboarding experience.
1474,8039-ACLPL,2026-09-14,2026-09-15,billing,medium,closed,45.84,Customer disputes a charge on their most recent invoice.
1475,1934-MKPXS,2026-06-10,2026-06-11,billing,medium,closed,39.77,Asked why the monthly charge increased without notice.
1476,2592-YKDIF,2026-07-24,2026-07-25,technical,high,closed,36.3,App crashes when loading the dashboard view.
1477,0471-LVHGK,2026-08-08,,billing,low,open,,Reported a failed payment and requested a retry.
1478,9518-RWHZL,2026-08-21,2026-08-22,billing,medium,closed,28.65,Requested a refund for a duplicate charge.
1479,3569-EDBPQ,2026-09-07,,billing,medium,open,,Customer disputes a charge on their most recent invoice.
1480,3569-EDBPQ,2026-03-27,2026-03-28,other,medium,closed,47.56,Requested a copy of past invoices.
1481,7521-YXVZY,2026-09-06,,technical,high,open,,App crashes when loading the dashboard view.
1482,7521-YXVZY,2026-03-26,,technical,low,open,,App crashes when loading the dashboard view.
1483,5419-CONWX,2026-06-18,,billing,medium,open,,Reported a failed payment and requested a retry.
1484,5419-CONWX,2026-09-10,,billing,medium,open,,Asked why the monthly charge increased without notice.
1485,6240-EURKS,2026-04-23,2026-04-25,technical,low,closed,68.25,App crashes when loading the dashboard view.
1486,6240-EURKS,2026-07-11,2026-07-12,other,low,closed,33.52,Provided feedback about the onboarding experience.
1487,6240-EURKS,2026-06-09,2026-06-10,billing,high,closed,31.96,Reported a failed payment and requested a retry.
1488,6240-EURKS,2026-07-14,2026-07-14,technical,medium,closed,13.18,Requested help configuring an integration.
1489,9337-SRRNI,2026-06-27,,other,low,open,,Requested a copy of past invoices.
1490,0895-UADGO,2026-09-11,2026-09-12,technical,medium,closed,31.14,Requested help configuring an integration.
1491,5678-VFNEQ,2026-07-16,,technical,medium,open,,Requested help configuring an integration.
1492,5977-CKHON,2026-07-05,,billing,medium,open,,Requested a refund for a duplicate charge.
1493,7024-OHCCK,2026-07-02,2026-07-03,billing,medium,closed,25.32,Customer disputes a charge on their most recent invoice.
1494,7024-OHCCK,2026-09-04,,technical,medium,open,,Feature X is not syncing data correctly.
1495,7861-UVUFT,2026-05-18,2026-05-18,billing,medium,closed,10.71,Asked why the monthly charge increased without notice.
1496,7861-UVUFT,2026-08-16,2026-08-16,other,high,closed,6.5,Provided feedback about the onboarding experience.
1497,7861-UVUFT,2026-06-22,,other,low,open,,Provided feedback about the onboarding experience.
1498,7861-UVUFT,2026-06-28,,billing,medium,open,,Reported a failed payment and requested a retry.
1499,1830-GGFNM,2026-08-13,2026-08-14,technical,medium,closed,30.58,Requested help configuring an integration.
1500,5302-BDJNT,2026-05-16,2026-05-16,other,high,closed,18.22,Requested a copy of past invoices.
1501,5302-BDJNT,2026-04-30,,billing,low,open,,Reported a failed payment and requested a retry.
1502,4859-ZSRDZ,2026-05-03,2026-05-03,billing,medium,closed,23.49,Customer disputes a charge on their most recent invoice.
1503,5651-WYIPH,2026-07-03,,other,medium,open,,Provided feedback about the onboarding experience.
1504,5651-WYIPH,2026-08-01,2026-08-02,technical,high,closed,45.85,App crashes when loading the dashboard view.
1505,5651-WYIPH,2026-08-25,,billing,medium,open,,Requested a refund for a duplicate charge.
1506,5651-WYIPH,2026-04-18,2026-04-19,technical,high,closed,27.43,Feature X is not syncing data correctly.
1507,9350-VLHMB,2026-05-08,2026-05-08,other,low,closed,2.75,Requested a copy of past invoices.
1508,3498-LZGQZ,2026-04-17,2026-04-17,billing,medium,closed,18.46,Requested a refund for a duplicate charge.
1509,8785-CJSHH,2026-04-20,,billing,medium,open,,Requested a refund for a duplicate charge.
1510,3870-SPZSI,2026-07-09,2026-07-09,billing,high,closed,3.47,Requested a refund for a duplicate charge.
1511,0680-DFNNY,2026-04-21,2026-04-23,technical,medium,closed,57.91,Requested help configuring an integration.
1512,0680-DFNNY,2026-04-02,,technical,high,open,,App crashes when loading the dashboard view.
1513,7077-XJMET,2026-09-06,2026-09-07,billing,medium,closed,24.91,Requested a refund for a duplicate charge.
1514,7077-XJMET,2026-04-23,2026-04-24,other,medium,closed,24.18,Provided feedback about the onboarding experience.
1515,6896-SRVYQ,2026-05-16,,technical,high,open,,Requested help configuring an integration.
1516,7767-UXAGJ,2026-08-28,2026-08-28,technical,low,closed,17.03,App crashes when loading the dashboard view.
1517,7767-UXAGJ,2026-04-27,,technical,low,open,,Reported repeated login failures over the past week.
1518,4652-ODEVH,2026-04-03,2026-04-03,billing,high,closed,7.14,Requested a refund for a duplicate charge.
1519,6718-BDGHG,2026-05-15,2026-05-16,billing,high,closed,30.99,Requested a refund for a duplicate charge.
1520,9046-DQMTP,2026-08-09,2026-08-10,technical,high,closed,34.46,App crashes when loading the dashboard view.
1521,6439-LAJXL,2026-05-27,,technical,high,open,,Feature X is not syncing data correctly.
1522,1571-SAVHK,2026-03-25,2026-03-27,other,medium,closed,51.61,Asked about cancellation policy and notice period.
1523,1571-SAVHK,2026-04-13,2026-04-16,technical,low,closed,77.85,Reported repeated login failures over the past week.
1524,1571-SAVHK,2026-06-17,,technical,medium,open,,Requested help configuring an integration.
1525,9546-CQJSU,2026-04-20,,other,medium,open,,Requested a copy of past invoices.
1526,1666-JZPZT,2026-05-25,2026-05-26,technical,high,closed,44.07,App crashes when loading the dashboard view.
1527,5777-KJIRB,2026-06-12,2026-06-13,technical,high,closed,24.02,Reported repeated login failures over the past week.
1528,5777-KJIRB,2026-05-30,2026-05-31,other,low,closed,40.82,Provided feedback about the onboarding experience.
1529,0506-LVNGN,2026-08-21,2026-08-22,technical,medium,closed,28.08,Feature X is not syncing data correctly.
1530,7677-SJJJK,2026-06-06,,technical,high,open,,Requested help configuring an integration.
1531,7677-SJJJK,2026-06-26,,billing,low,open,,Asked why the monthly charge increased without notice.
1532,2480-EJWYP,2026-08-07,2026-08-07,other,low,closed,6.2,General question about plan upgrade options.
1533,3253-HKOKL,2026-03-30,2026-03-31,billing,low,closed,45.51,Reported a failed payment and requested a retry.
1534,7055-HNEOJ,2026-06-09,2026-06-10,billing,high,closed,30.33,Asked why the monthly charge increased without notice.
1535,7055-HNEOJ,2026-06-07,2026-06-08,billing,medium,closed,38.4,Requested a refund for a duplicate charge.
1536,7055-HNEOJ,2026-07-12,2026-07-12,technical,medium,closed,12.08,Reported repeated login failures over the past week.
1537,5514-YQENT,2026-06-10,,other,medium,open,,General question about plan upgrade options.
1538,5514-YQENT,2026-07-08,,billing,medium,open,,Reported a failed payment and requested a retry.
1539,8445-DNBAE,2026-07-02,2026-07-03,technical,high,closed,43.69,App crashes when loading the dashboard view.
1540,8445-DNBAE,2026-04-05,,technical,medium,open,,Requested help configuring an integration.
1541,2951-QOQTK,2026-03-21,2026-03-22,other,high,closed,42.9,General question about plan upgrade options.
1542,2958-NHPPS,2026-04-20,,technical,medium,open,,Reported repeated login failures over the past week.
1543,6806-YDEUL,2026-05-20,2026-05-20,technical,medium,closed,21.07,Requested help configuring an integration.
1544,5899-OUVKV,2026-05-16,,other,low,open,,Provided feedback about the onboarding experience.
1545,5899-OUVKV,2026-06-26,,billing,low,open,,Reported a failed payment and requested a retry.
1546,5899-OUVKV,2026-09-02,2026-09-03,billing,medium,closed,35.48,Requested a refund for a duplicate charge.
1547,8681-ICONS,2026-07-30,2026-07-31,billing,medium,closed,24.61,Asked why the monthly charge increased without notice.
1548,8681-ICONS,2026-06-16,2026-06-16,billing,medium,closed,13.26,Requested a refund for a duplicate charge.
1549,3473-XIIIT,2026-09-02,2026-09-02,billing,low,closed,7.17,Reported a failed payment and requested a retry.
1550,3473-XIIIT,2026-05-28,,billing,high,open,,Requested a refund for a duplicate charge.
1551,3473-XIIIT,2026-05-16,,technical,low,open,,App crashes when loading the dashboard view.
1552,3473-XIIIT,2026-04-12,2026-04-12,technical,low,closed,20.15,Reported repeated login failures over the past week.
1553,6362-QHAFM,2026-04-27,2026-04-28,technical,medium,closed,44.68,Requested help configuring an integration.
1554,3070-BDOQC,2026-09-05,2026-09-06,billing,medium,closed,26.3,Reported a failed payment and requested a retry.
1555,3070-BDOQC,2026-09-03,,billing,high,open,,Reported a failed payment and requested a retry.
1556,3070-BDOQC,2026-09-11,2026-09-11,technical,medium,closed,20.34,App crashes when loading the dashboard view.
1557,3070-BDOQC,2026-07-23,,technical,high,open,,Requested help configuring an integration.
1558,2952-QAYZF,2026-08-22,2026-08-24,technical,medium,closed,64.16,Reported repeated login failures over the past week.
1559,4763-PGDPO,2026-05-12,2026-05-13,technical,medium,closed,25.81,App crashes when loading the dashboard view.
1560,4763-PGDPO,2026-03-30,,technical,low,open,,App crashes when loading the dashboard view.
1561,1866-OBPNR,2026-04-02,2026-04-03,technical,medium,closed,34.28,Reported repeated login failures over the past week.
1562,8205-MQUGY,2026-08-29,2026-08-29,billing,medium,closed,5.12,Reported a failed payment and requested a retry.
1563,5394-SVGJV,2026-04-01,2026-04-01,billing,low,closed,16.82,Reported a failed payment and requested a retry.
1564,6979-TNDEU,2026-04-07,,other,high,open,,Requested a copy of past invoices.
1565,6979-TNDEU,2026-08-26,2026-08-27,technical,medium,closed,45.04,Requested help configuring an integration.
1566,6979-TNDEU,2026-06-26,,other,low,open,,Provided feedback about the onboarding experience.
1567,6979-TNDEU,2026-05-31,2026-06-01,technical,low,closed,38.53,App crashes when loading the dashboard view.
1568,9283-LZQOH,2026-06-26,2026-06-28,billing,low,closed,49.72,Customer disputes a charge on their most recent invoice.
1569,9283-LZQOH,2026-04-22,2026-04-25,billing,medium,closed,75.74,Requested a refund for a duplicate charge.
1570,7079-QRCBC,2026-06-21,,technical,medium,open,,App crashes when loading the dashboard view.
1571,7079-QRCBC,2026-06-15,2026-06-15,technical,medium,closed,17.37,Requested help configuring an integration.
1572,9495-SKLKD,2026-06-08,,other,low,open,,General question about plan upgrade options.
1573,6048-UWKAL,2026-03-29,2026-03-29,other,low,closed,3.75,Provided feedback about the onboarding experience.
1574,6048-UWKAL,2026-04-14,2026-04-14,billing,medium,closed,10.26,Requested a refund for a duplicate charge.
1575,5067-DGXLL,2026-05-19,,technical,medium,open,,Reported repeated login failures over the past week.
1576,5469-CTCWN,2026-08-16,2026-08-16,technical,medium,closed,3.86,App crashes when loading the dashboard view.
1577,5469-CTCWN,2026-04-09,,billing,low,open,,Asked why the monthly charge increased without notice.
1578,9851-QXEEQ,2026-07-11,2026-07-13,other,low,closed,66.96,General question about plan upgrade options.
1579,9851-QXEEQ,2026-08-15,2026-08-16,billing,medium,closed,31.33,Reported a failed payment and requested a retry.
1580,6281-FKEWS,2026-05-12,2026-05-13,technical,medium,closed,28.83,App crashes when loading the dashboard view.
1581,8898-KASCD,2026-08-01,2026-08-02,technical,medium,closed,33.97,Reported repeated login failures over the past week.
1582,9290-SHCMB,2026-06-15,2026-06-15,billing,medium,closed,6.25,Reported a failed payment and requested a retry.
1583,9290-SHCMB,2026-05-05,2026-05-06,technical,medium,closed,44.66,Requested help configuring an integration.
1584,9290-SHCMB,2026-07-02,2026-07-03,other,medium,closed,40.02,Provided feedback about the onboarding experience.
1585,0743-HNPFG,2026-05-03,2026-05-04,other,medium,closed,35.72,Requested a copy of past invoices.
1586,2277-BKJKN,2026-05-07,,other,medium,open,,General question about plan upgrade options.
1587,2277-BKJKN,2026-05-22,2026-05-23,other,low,closed,34.81,Requested a copy of past invoices.
1588,9809-IMGCQ,2026-08-10,,other,medium,open,,General question about plan upgrade options.
1589,9809-IMGCQ,2026-03-29,,other,medium,open,,General question about plan upgrade options.
1590,9809-IMGCQ,2026-09-13,,technical,medium,open,,App crashes when loading the dashboard view.
1591,9809-IMGCQ,2026-06-02,,other,high,open,,General question about plan upgrade options.
1592,9809-IMGCQ,2026-06-01,2026-06-04,billing,high,closed,82.27,Customer disputes a charge on their most recent invoice.
1593,5208-HFSBT,2026-06-25,2026-06-26,technical,low,closed,41.09,App crashes when loading the dashboard view.
1594,5035-PGZXH,2026-07-31,2026-07-31,other,low,closed,11.5,Provided feedback about the onboarding experience.
1595,8695-WDYEA,2026-03-21,2026-03-22,other,high,closed,40.3,Requested a copy of past invoices.
1596,6543-JXSOO,2026-07-30,,technical,low,open,,Reported repeated login failures over the past week.
1597,8016-ZMGMO,2026-06-29,2026-06-29,billing,medium,closed,7.13,Asked why the monthly charge increased without notice.
1598,8605-ITULD,2026-05-17,2026-05-17,other,medium,closed,19.41,Requested a copy of past invoices.
1599,6416-YJTTB,2026-06-21,2026-06-22,technical,medium,closed,32.75,App crashes when loading the dashboard view.
1600,4472-VESGY,2026-04-05,2026-04-05,billing,low,closed,3.98,Requested a refund for a duplicate charge.
1601,3195-TQDZX,2026-06-30,2026-06-30,billing,medium,closed,18.2,Asked why the monthly charge increased without notice.
1602,3128-YOVTD,2026-08-13,2026-08-14,billing,medium,closed,35.41,Requested a refund for a duplicate charge.
1603,1728-CXQBE,2026-09-06,2026-09-07,technical,low,closed,36.43,App crashes when loading the dashboard view.
1604,0481-SUMCB,2026-09-13,,other,medium,open,,General question about plan upgrade options.
1605,0481-SUMCB,2026-09-03,2026-09-04,technical,medium,closed,30.95,Reported repeated login failures over the past week.
1606,5240-IJOQT,2026-03-23,2026-03-24,technical,medium,closed,24.37,App crashes when loading the dashboard view.
1607,8819-WFGGJ,2026-07-28,2026-07-29,other,low,closed,47.82,Asked about cancellation policy and notice period.
1608,7427-AUFPY,2026-04-30,2026-05-01,other,medium,closed,24.84,Provided feedback about the onboarding experience.
1609,2811-POVEX,2026-07-08,,billing,medium,open,,Reported a failed payment and requested a retry.
1610,2811-POVEX,2026-07-18,2026-07-18,billing,low,closed,7.69,Requested a refund for a duplicate charge.
1611,1092-GANHU,2026-05-18,,billing,low,open,,Asked why the monthly charge increased without notice.
1612,1092-GANHU,2026-04-21,,other,low,open,,General question about plan upgrade options.
1613,7898-PDWQE,2026-07-13,2026-07-13,other,medium,closed,20.09,Asked about cancellation policy and notice period.
1614,9972-EWRJS,2026-06-05,2026-06-05,technical,high,closed,23.46,Reported repeated login failures over the past week.
1615,9972-EWRJS,2026-09-10,,technical,high,open,,App crashes when loading the dashboard view.
1616,9972-EWRJS,2026-04-12,2026-04-12,billing,medium,closed,16.13,Reported a failed payment and requested a retry.
1617,9314-IJWSQ,2026-04-02,,other,medium,open,,Provided feedback about the onboarding experience.
1618,6198-RTPMF,2026-07-03,2026-07-03,billing,medium,closed,9.63,Customer disputes a charge on their most recent invoice.
1619,6184-DYUOB,2026-09-15,2026-09-15,technical,medium,closed,7.97,App crashes when loading the dashboard view.
1620,5766-XQXMQ,2026-09-05,2026-09-07,billing,medium,closed,54.6,Asked why the monthly charge increased without notice.
1621,9327-QSDED,2026-04-23,2026-04-24,other,medium,closed,28.28,Requested a copy of past invoices.
1622,9327-QSDED,2026-08-11,2026-08-11,billing,medium,closed,12.65,Asked why the monthly charge increased without notice.
1623,1656-DRSMG,2026-08-11,2026-08-12,billing,low,closed,40.06,Reported a failed payment and requested a retry.
1624,1656-DRSMG,2026-07-24,2026-07-24,billing,low,closed,19.46,Reported a failed payment and requested a retry.
1625,2984-AFWNC,2026-07-08,,technical,low,open,,Feature X is not syncing data correctly.
1626,2984-AFWNC,2026-06-30,,billing,medium,open,,Reported a failed payment and requested a retry.
1627,2984-AFWNC,2026-04-02,2026-04-02,billing,low,closed,3.75,Requested a refund for a duplicate charge.
1628,8096-LOIST,2026-05-22,2026-05-23,billing,medium,closed,38.24,Requested a refund for a duplicate charge.
1629,8096-LOIST,2026-06-17,,billing,low,open,,Reported a failed payment and requested a retry.
1630,8096-LOIST,2026-06-11,2026-06-12,billing,medium,closed,26.97,Requested a refund for a duplicate charge.
1631,8096-LOIST,2026-08-14,2026-08-14,other,medium,closed,18.96,Provided feedback about the onboarding experience.
1632,3703-VAVCL,2026-06-24,,billing,medium,open,,Customer disputes a charge on their most recent invoice.
1633,3703-VAVCL,2026-06-02,2026-06-02,billing,medium,closed,5.37,Requested a refund for a duplicate charge.
1634,3703-VAVCL,2026-08-24,,technical,medium,open,,App crashes when loading the dashboard view.
1635,7107-UBYKY,2026-08-17,2026-08-18,other,high,closed,25.73,General question about plan upgrade options.
1636,8519-QJGJD,2026-05-22,,other,medium,open,,Requested a copy of past invoices.
1637,2882-WDTBA,2026-07-03,2026-07-03,billing,low,closed,23.7,Requested a refund for a duplicate charge.
1638,2091-GPPIQ,2026-04-30,2026-04-30,billing,medium,closed,11.28,Customer disputes a charge on their most recent invoice.
1639,6326-MTTXK,2026-04-19,2026-04-19,billing,medium,closed,13.12,Reported a failed payment and requested a retry.
1640,6326-MTTXK,2026-06-11,,billing,high,open,,Reported a failed payment and requested a retry.
1641,6326-MTTXK,2026-08-21,,billing,medium,open,,Requested a refund for a duplicate charge.
1642,5071-FBJFS,2026-04-30,2026-05-01,technical,medium,closed,26.88,Feature X is not syncing data correctly.
1643,5071-FBJFS,2026-05-12,2026-05-13,technical,medium,closed,40.87,Feature X is not syncing data correctly.
1644,9798-OPFEM,2026-05-27,2026-05-28,technical,medium,closed,34.81,App crashes when loading the dashboard view.
1645,0330-IVZHA,2026-03-27,,billing,high,open,,Customer disputes a charge on their most recent invoice.
1646,0330-IVZHA,2026-07-23,,other,medium,open,,Asked about cancellation policy and notice period.
1647,0330-IVZHA,2026-03-31,2026-04-01,billing,low,closed,29.8,Requested a refund for a duplicate charge.
1648,5193-QLVZB,2026-08-05,2026-08-05,other,low,closed,21.47,Provided feedback about the onboarding experience.
1649,5193-QLVZB,2026-04-04,2026-04-05,other,high,closed,36.6,General question about plan upgrade options.
1650,2886-KEFUM,2026-06-24,,billing,low,open,,Asked why the monthly charge increased without notice.
1651,2886-KEFUM,2026-05-29,,billing,low,open,,Requested a refund for a duplicate charge.
1652,2886-KEFUM,2026-08-16,2026-08-16,billing,low,closed,2.04,Reported a failed payment and requested a retry.
1653,4237-RLAQD,2026-03-27,,technical,low,open,,App crashes when loading the dashboard view.
1654,4237-RLAQD,2026-08-20,2026-08-21,other,low,closed,28.96,Provided feedback about the onboarding experience.
1655,2245-ADZFJ,2026-06-05,2026-06-06,other,high,closed,31.06,Asked about cancellation policy and notice period.
1656,2245-ADZFJ,2026-04-30,2026-05-01,technical,medium,closed,33.98,Feature X is not syncing data correctly.
1657,2245-ADZFJ,2026-08-17,2026-08-18,other,high,closed,39.66,General question about plan upgrade options.
1658,7776-QGYJC,2026-08-13,2026-08-14,technical,medium,closed,33.25,Reported repeated login failures over the past week.
1659,3186-BAXNB,2026-07-28,2026-07-29,other,medium,closed,37.37,General question about plan upgrade options.
1660,3186-BAXNB,2026-04-09,,other,medium,open,,Provided feedback about the onboarding experience.
1661,0637-YLETY,2026-08-31,,billing,medium,open,,Customer disputes a charge on their most recent invoice.
1662,0637-YLETY,2026-05-17,2026-05-17,billing,low,closed,10.39,Requested a refund for a duplicate charge.
1663,0637-YLETY,2026-05-16,,billing,medium,open,,Requested a refund for a duplicate charge.
1664,9818-XQCUV,2026-07-27,2026-07-28,technical,medium,closed,36.32,Reported repeated login failures over the past week.
1665,7338-ERIVA,2026-06-26,2026-06-26,billing,low,closed,18.3,Customer disputes a charge on their most recent invoice.
1666,7338-ERIVA,2026-08-25,2026-08-25,technical,medium,closed,8.1,Feature X is not syncing data correctly.
1667,1157-BQCUW,2026-09-12,2026-09-13,other,low,closed,36.4,General question about plan upgrade options.
1668,3223-DWFIO,2026-09-15,,other,low,open,,Asked about cancellation policy and notice period.
1669,3223-DWFIO,2026-07-08,2026-07-08,billing,medium,closed,14.13,Requested a refund for a duplicate charge.
1670,2660-EMUBI,2026-03-24,2026-03-25,technical,medium,closed,30.38,App crashes when loading the dashboard view.
1671,2660-EMUBI,2026-08-22,,technical,medium,open,,Requested help configuring an integration.
1672,6968-GMKPR,2026-06-07,2026-06-08,technical,high,closed,29.4,Requested help configuring an integration.
1673,3292-PBZEJ,2026-09-11,2026-09-12,billing,medium,closed,43.03,Asked why the monthly charge increased without notice.
1674,0799-DDIHE,2026-05-08,2026-05-09,technical,medium,closed,39.88,Reported repeated login failures over the past week.
1675,2812-SFXMJ,2026-09-08,,other,high,open,,Requested a copy of past invoices.
1676,2812-SFXMJ,2026-09-09,2026-09-09,billing,medium,closed,10.09,Reported a failed payment and requested a retry.
1677,5014-WUQMG,2026-05-13,2026-05-14,other,medium,closed,29.86,Asked about cancellation policy and notice period.
1678,5014-WUQMG,2026-04-28,2026-04-28,billing,medium,closed,2.96,Requested a refund for a duplicate charge.
1679,2003-CKLOR,2026-07-26,2026-07-28,other,medium,closed,66.12,Requested a copy of past invoices.
1680,2003-CKLOR,2026-06-12,2026-06-14,billing,medium,closed,62.22,Requested a refund for a duplicate charge.
1681,2003-CKLOR,2026-06-16,2026-06-16,billing,medium,closed,14.72,Requested a refund for a duplicate charge.
1682,1205-WNWPJ,2026-09-11,,technical,medium,open,,Feature X is not syncing data correctly.
1683,1205-WNWPJ,2026-04-22,2026-04-23,technical,high,closed,36.59,App crashes when loading the dashboard view.
1684,9391-EOYLI,2026-07-17,2026-07-18,billing,high,closed,45.7,Requested a refund for a duplicate charge.
1685,9391-EOYLI,2026-05-02,2026-05-02,billing,medium,closed,10.39,Customer disputes a charge on their most recent invoice.
1686,9391-EOYLI,2026-04-20,,billing,medium,open,,Customer disputes a charge on their most recent invoice.
1687,7108-DGVUU,2026-08-03,,technical,low,open,,App crashes when loading the dashboard view.
1688,7108-DGVUU,2026-05-30,2026-05-31,other,medium,closed,24.72,Asked about cancellation policy and notice period.
1689,2720-FVBQP,2026-07-28,2026-07-29,other,low,closed,45.84,General question about plan upgrade options.
1690,4522-XRWWI,2026-05-30,2026-05-30,billing,medium,closed,12.86,Reported a failed payment and requested a retry.
1691,7351-KYHQH,2026-04-09,,technical,medium,open,,Requested help configuring an integration.
1692,7351-KYHQH,2026-03-21,2026-03-21,billing,low,closed,19.35,Reported a failed payment and requested a retry.
1693,6485-QXWWE,2026-08-16,2026-08-16,other,low,closed,13.49,Provided feedback about the onboarding experience.
1694,2761-OCIAX,2026-03-27,2026-03-27,billing,medium,closed,21.64,Asked why the monthly charge increased without notice.
1695,7321-VGNKU,2026-04-15,,billing,medium,open,,Reported a failed payment and requested a retry.
1696,5327-CNLUQ,2026-09-03,,technical,high,open,,App crashes when loading the dashboard view.
1697,7552-KEYGT,2026-04-13,2026-04-13,technical,low,closed,3.07,App crashes when loading the dashboard view.
1698,6032-KRXXO,2026-08-23,2026-08-25,billing,medium,closed,70.46,Requested a refund for a duplicate charge.
1699,6032-KRXXO,2026-04-03,,billing,medium,open,,Asked why the monthly charge increased without notice.
1700,6032-KRXXO,2026-03-22,2026-03-24,technical,low,closed,69.99,Reported repeated login failures over the past week.
1701,6032-KRXXO,2026-05-17,2026-05-17,technical,medium,closed,23.49,App crashes when loading the dashboard view.
1702,6032-KRXXO,2026-08-02,2026-08-02,technical,medium,closed,21.23,Feature X is not syncing data correctly.
1703,7459-RRWQZ,2026-08-01,,technical,low,open,,Reported repeated login failures over the past week.
1704,7459-RRWQZ,2026-06-20,,technical,medium,open,,Feature X is not syncing data correctly.
1705,7459-RRWQZ,2026-07-07,2026-07-07,billing,medium,closed,20.66,Requested a refund for a duplicate charge.
1706,7459-RRWQZ,2026-09-01,,technical,medium,open,,Requested help configuring an integration.
1707,7941-RCJOW,2026-08-20,2026-08-20,technical,high,closed,19.94,Reported repeated login failures over the past week.
1708,4154-AQUGT,2026-04-05,2026-04-05,other,high,closed,11.77,Requested a copy of past invoices.
1709,2387-KDZQY,2026-09-13,2026-09-13,other,low,closed,13.44,Asked about cancellation policy and notice period.
1710,2387-KDZQY,2026-05-14,2026-05-15,other,low,closed,42.03,Asked about cancellation policy and notice period.
1711,3584-WKTTW,2026-09-07,2026-09-08,technical,medium,closed,24.91,App crashes when loading the dashboard view.
1712,1971-DTCZB,2026-07-31,,billing,low,open,,Asked why the monthly charge increased without notice.
1713,3092-IGHWF,2026-03-21,2026-03-22,billing,medium,closed,38.4,Reported a failed payment and requested a retry.
1714,3092-IGHWF,2026-07-05,,billing,low,open,,Reported a failed payment and requested a retry.
1715,6518-PPLMZ,2026-04-14,,technical,medium,open,,App crashes when loading the dashboard view.
1716,5930-GBIWP,2026-05-05,2026-05-06,technical,medium,closed,41.71,Feature X is not syncing data correctly.
1717,5930-GBIWP,2026-08-19,,other,high,open,,Asked about cancellation policy and notice period.
1718,6022-KOUQO,2026-04-15,2026-04-15,other,high,closed,20.4,Requested a copy of past invoices.
1719,6352-TWCAU,2026-04-16,,billing,medium,open,,Reported a failed payment and requested a retry.
1720,6352-TWCAU,2026-09-10,2026-09-10,billing,low,closed,14.58,Reported a failed payment and requested a retry.
1721,2929-QNSRW,2026-08-26,2026-08-28,technical,medium,closed,64.54,Reported repeated login failures over the past week.
1722,2929-QNSRW,2026-04-01,,billing,low,open,,Customer disputes a charge on their most recent invoice.
1723,9504-DSHWM,2026-06-06,2026-06-07,billing,high,closed,28.26,Requested a refund for a duplicate charge.
1724,5035-BVCXS,2026-05-20,2026-05-21,technical,medium,closed,30.27,App crashes when loading the dashboard view.
1725,3533-UVMOM,2026-04-18,2026-04-19,billing,low,closed,36.25,Customer disputes a charge on their most recent invoice.
1726,1478-VPOAD,2026-06-04,2026-06-04,other,medium,closed,1.18,General question about plan upgrade options.
1727,1371-OJCEK,2026-04-12,2026-04-13,billing,low,closed,45.48,Requested a refund for a duplicate charge.
1728,1371-OJCEK,2026-06-06,,other,medium,open,,Requested a copy of past invoices.
1729,8883-ANODQ,2026-06-24,2026-06-25,technical,low,closed,46.8,Requested help configuring an integration.
1730,2351-RRBUE,2026-03-27,2026-03-28,technical,low,closed,44.65,Feature X is not syncing data correctly.
1731,1498-DQNRX,2026-08-04,,technical,medium,open,,Reported repeated login failures over the past week.
1732,3331-HQDTW,2026-08-31,2026-08-31,technical,low,closed,10.4,Feature X is not syncing data correctly.
1733,2581-VKIRT,2026-05-02,2026-05-02,billing,medium,closed,23.83,Requested a refund for a duplicate charge.
1734,2581-VKIRT,2026-03-26,2026-03-27,other,low,closed,43.46,Provided feedback about the onboarding experience.
1735,7426-WEIJX,2026-05-04,2026-05-05,billing,medium,closed,43.06,Reported a failed payment and requested a retry.
1736,7426-WEIJX,2026-05-05,,technical,high,open,,Feature X is not syncing data correctly.
1737,7426-WEIJX,2026-05-28,2026-05-29,billing,medium,closed,44.45,Asked why the monthly charge increased without notice.
1738,2851-MMUTZ,2026-06-11,2026-06-12,billing,medium,closed,40.28,Asked why the monthly charge increased without notice.
1739,2851-MMUTZ,2026-04-01,,technical,low,open,,Reported repeated login failures over the past week.
1740,8580-AECUZ,2026-08-17,2026-08-18,billing,medium,closed,43.99,Customer disputes a charge on their most recent invoice.
1741,8580-AECUZ,2026-03-28,2026-03-30,other,high,closed,49.39,General question about plan upgrade options.
1742,8580-AECUZ,2026-05-27,2026-05-28,technical,high,closed,29.28,App crashes when loading the dashboard view.
1743,6625-FLENO,2026-06-19,2026-06-20,technical,low,closed,37.59,App crashes when loading the dashboard view.
1744,2967-MXRAV,2026-05-26,2026-05-26,billing,medium,closed,1.86,Customer disputes a charge on their most recent invoice.
1745,2967-MXRAV,2026-05-11,2026-05-11,technical,high,closed,3.1,Requested help configuring an integration.
1746,8189-HBVRW,2026-04-02,2026-04-03,technical,medium,closed,47.84,Feature X is not syncing data correctly.
1747,4163-KIUHY,2026-05-31,2026-05-31,technical,low,closed,12.53,Requested help configuring an integration.
1748,4163-KIUHY,2026-05-06,,technical,medium,open,,Requested help configuring an integration.
1749,1171-TYKUR,2026-05-26,2026-05-27,technical,high,closed,46.14,Reported repeated login failures over the past week.
1750,1171-TYKUR,2026-09-02,2026-09-03,billing,high,closed,40.14,Customer disputes a charge on their most recent invoice.
1751,3761-FLYZI,2026-07-24,2026-07-24,other,low,closed,21.1,Provided feedback about the onboarding experience.
1752,2058-DCJBE,2026-07-06,2026-07-06,billing,high,closed,20.5,Asked why the monthly charge increased without notice.
1753,2058-DCJBE,2026-05-25,2026-05-27,billing,medium,closed,70.15,Requested a refund for a duplicate charge.
1754,2058-DCJBE,2026-05-14,2026-05-16,technical,medium,closed,69.93,Requested help configuring an integration.
1755,2058-DCJBE,2026-07-14,,billing,low,open,,Reported a failed payment and requested a retry.
1756,4829-AUOAX,2026-05-03,2026-05-04,billing,medium,closed,35.66,Asked why the monthly charge increased without notice.
1757,1219-NNDDO,2026-05-15,2026-05-15,billing,medium,closed,16.3,Customer disputes a charge on their most recent invoice.
1758,1219-NNDDO,2026-07-06,2026-07-07,other,medium,closed,47.77,Requested a copy of past invoices.
1759,1219-NNDDO,2026-07-07,,technical,low,open,,Reported repeated login failures over the past week.
1760,8388-DMKAE,2026-05-17,2026-05-18,technical,medium,closed,40.11,Reported repeated login failures over the past week.
1761,8388-DMKAE,2026-04-03,2026-04-04,technical,low,closed,46.05,App crashes when loading the dashboard view.
1762,8388-DMKAE,2026-07-29,2026-07-30,technical,high,closed,40.27,App crashes when loading the dashboard view.
1763,4403-BWPAY,2026-05-22,,technical,medium,open,,App crashes when loading the dashboard view.
1764,5405-ZMYXQ,2026-05-21,2026-05-21,technical,medium,closed,19.3,App crashes when loading the dashboard view.
1765,5047-LHVLY,2026-06-19,2026-06-20,other,medium,closed,32.3,Asked about cancellation policy and notice period.
1766,1442-OKRJE,2026-09-04,,billing,medium,open,,Reported a failed payment and requested a retry.
1767,4737-AQCPU,2026-05-01,2026-05-02,technical,low,closed,33.27,Reported repeated login failures over the past week.
1768,9158-VCTQB,2026-09-08,,technical,high,open,,App crashes when loading the dashboard view.
1769,9158-VCTQB,2026-06-04,2026-06-06,technical,medium,closed,54.63,Reported repeated login failures over the past week.
1770,9158-VCTQB,2026-09-06,2026-09-08,other,medium,closed,58.1,Asked about cancellation policy and notice period.
1771,2808-CHTDM,2026-03-30,2026-03-31,technical,medium,closed,46.66,Requested help configuring an integration.
1772,6311-UEUME,2026-05-10,2026-05-13,billing,medium,closed,73.4,Customer disputes a charge on their most recent invoice.
1773,6311-UEUME,2026-03-26,2026-03-27,other,low,closed,25.53,General question about plan upgrade options.
1774,0793-TWELN,2026-04-07,2026-04-07,other,low,closed,11.93,General question about plan upgrade options.
1775,0793-TWELN,2026-08-21,2026-08-21,billing,medium,closed,6.65,Customer disputes a charge on their most recent invoice.
1776,3283-WCWXT,2026-04-09,,billing,high,open,,Customer disputes a charge on their most recent invoice.
1777,3283-WCWXT,2026-07-16,,technical,medium,open,,Reported repeated login failures over the past week.
1778,1060-ENTOF,2026-06-01,2026-06-01,technical,high,closed,13.46,Reported repeated login failures over the past week.
1779,0999-QXNSA,2026-04-05,2026-04-05,technical,high,closed,3.66,Feature X is not syncing data correctly.
1780,4836-WNFNO,2026-07-08,,technical,low,open,,Requested help configuring an integration.
1781,4422-QVIJA,2026-03-25,2026-03-26,billing,low,closed,38.67,Customer disputes a charge on their most recent invoice.
1782,4422-QVIJA,2026-04-27,,other,low,open,,General question about plan upgrade options.
1783,4422-QVIJA,2026-07-15,,technical,medium,open,,Reported repeated login failures over the past week.
1784,6839-ITVZJ,2026-04-21,,other,medium,open,,Asked about cancellation policy and notice period.
1785,6839-ITVZJ,2026-07-19,,other,medium,open,,General question about plan upgrade options.
1786,8332-OSJDW,2026-04-06,2026-04-06,technical,low,closed,6.87,Feature X is not syncing data correctly.
1787,4735-BJKOU,2026-08-21,,billing,medium,open,,Requested a refund for a duplicate charge.
1788,4735-BJKOU,2026-07-02,2026-07-02,other,low,closed,13.43,General question about plan upgrade options.
1789,4735-BJKOU,2026-04-22,2026-04-22,billing,medium,closed,7.55,Asked why the monthly charge increased without notice.
1790,0274-JKUJR,2026-07-03,2026-07-04,billing,low,closed,42.34,Requested a refund for a duplicate charge.
1791,0274-JKUJR,2026-04-20,,technical,medium,open,,App crashes when loading the dashboard view.
1792,0274-JKUJR,2026-07-20,2026-07-20,billing,medium,closed,20.72,Requested a refund for a duplicate charge.
1793,5740-YHGTW,2026-05-14,,technical,medium,open,,Reported repeated login failures over the past week.
1794,5740-YHGTW,2026-03-25,2026-03-25,billing,low,closed,2.19,Requested a refund for a duplicate charge.
1795,1696-MZVAU,2026-04-16,2026-04-16,billing,low,closed,3.11,Asked why the monthly charge increased without notice.
1796,7359-WWYJV,2026-09-07,,billing,high,open,,Asked why the monthly charge increased without notice.
1797,0375-HVGXO,2026-05-15,2026-05-16,other,medium,closed,35.32,General question about plan upgrade options.
1798,0375-HVGXO,2026-06-23,2026-06-24,technical,high,closed,29.87,Requested help configuring an integration.
1799,4906-ZHGPK,2026-07-27,2026-07-27,billing,medium,closed,13.16,Requested a refund for a duplicate charge.
1800,8593-WHYHV,2026-05-20,2026-05-23,technical,high,closed,77.45,Feature X is not syncing data correctly.
1801,1298-PHBTI,2026-09-15,2026-09-15,technical,medium,closed,22.45,Reported repeated login failures over the past week.
1802,6223-DHJGV,2026-07-04,,technical,medium,open,,App crashes when loading the dashboard view.
1803,6961-MJKBO,2026-05-01,2026-05-02,billing,medium,closed,31.18,Reported a failed payment and requested a retry.
1804,6097-EQISJ,2026-07-10,2026-07-11,other,medium,closed,40.65,Requested a copy of past invoices.
1805,4423-YLHDV,2026-07-16,,technical,medium,open,,Reported repeated login failures over the past week.
1806,4423-YLHDV,2026-06-16,2026-06-19,other,medium,closed,77.63,Asked about cancellation policy and notice period.
1807,8158-WPEZG,2026-07-31,,other,low,open,,Requested a copy of past invoices.
1808,0107-YHINA,2026-06-27,,billing,medium,open,,Requested a refund for a duplicate charge.
1809,0107-YHINA,2026-03-22,2026-03-24,other,low,closed,56.89,General question about plan upgrade options.
1810,0107-YHINA,2026-05-02,2026-05-02,technical,medium,closed,20.5,Feature X is not syncing data correctly.
1811,0727-BNRLG,2026-05-04,2026-05-05,billing,low,closed,35.28,Asked why the monthly charge increased without notice.
1812,8640-SDGKB,2026-09-12,2026-09-15,billing,high,closed,82.35,Reported a failed payment and requested a retry.
1813,8640-SDGKB,2026-06-15,,billing,low,open,,Requested a refund for a duplicate charge.
1814,8640-SDGKB,2026-05-20,2026-05-22,other,medium,closed,54.49,Asked about cancellation policy and notice period.
1815,8640-SDGKB,2026-07-28,,billing,medium,open,,Reported a failed payment and requested a retry.
1816,3280-MRDOF,2026-04-14,2026-04-14,other,medium,closed,9.98,Asked about cancellation policy and notice period.
1817,6435-SRWBJ,2026-08-31,2026-08-31,billing,medium,closed,12.48,Customer disputes a charge on their most recent invoice.
1818,6303-KFWSL,2026-05-06,2026-05-07,technical,low,closed,25.83,App crashes when loading the dashboard view.
1819,6303-KFWSL,2026-04-02,2026-04-02,billing,low,closed,7.86,Reported a failed payment and requested a retry.
1820,1702-CCFNJ,2026-08-24,2026-08-25,billing,medium,closed,46.94,Customer disputes a charge on their most recent invoice.
1821,5515-RUGKN,2026-04-10,2026-04-11,other,medium,closed,29.71,General question about plan upgrade options.
1822,2081-VEYEH,2026-05-15,2026-05-15,technical,medium,closed,18.91,Reported repeated login failures over the past week.
1823,2081-VEYEH,2026-04-13,2026-04-14,other,medium,closed,38.24,Requested a copy of past invoices.
1824,6407-UTSLV,2026-06-19,2026-06-19,technical,low,closed,2.4,App crashes when loading the dashboard view.
1825,4116-TZAQJ,2026-06-19,2026-06-20,billing,high,closed,27.01,Reported a failed payment and requested a retry.
1826,4116-TZAQJ,2026-06-07,,technical,low,open,,Requested help configuring an integration.
1827,9060-HJJRW,2026-03-25,2026-03-26,other,medium,closed,36.61,General question about plan upgrade options.
1828,2587-YNLES,2026-05-28,2026-05-29,technical,medium,closed,46.19,Requested help configuring an integration.
1829,2587-YNLES,2026-04-10,2026-04-11,technical,low,closed,32.5,Requested help configuring an integration.
1830,7398-SKNQZ,2026-05-12,2026-05-12,other,medium,closed,12.25,Provided feedback about the onboarding experience.
1831,5935-FCCNB,2026-04-13,2026-04-13,other,medium,closed,23.34,Asked about cancellation policy and notice period.
1832,5935-FCCNB,2026-09-07,2026-09-08,billing,medium,closed,24.92,Requested a refund for a duplicate charge.
1833,5935-FCCNB,2026-04-22,,other,high,open,,Requested a copy of past invoices.
1834,5935-FCCNB,2026-09-10,,billing,low,open,,Requested a refund for a duplicate charge.
1835,1958-RNRKS,2026-05-20,2026-05-21,technical,low,closed,37.19,Reported repeated login failures over the past week.
1836,5136-RGMZO,2026-05-25,,billing,high,open,,Requested a refund for a duplicate charge.
1837,5136-RGMZO,2026-07-18,2026-07-18,billing,medium,closed,2.86,Asked why the monthly charge increased without notice.
1838,3877-JRJIP,2026-05-09,2026-05-10,other,low,closed,26.4,Asked about cancellation policy and notice period.
1839,3877-JRJIP,2026-05-04,,billing,low,open,,Reported a failed payment and requested a retry.
1840,8375-DKEBR,2026-03-29,2026-03-29,other,medium,closed,14.43,General question about plan upgrade options.
1841,8375-DKEBR,2026-06-13,2026-06-13,technical,medium,closed,14.31,Reported repeated login failures over the past week.
1842,9705-IOVQQ,2026-04-16,,other,medium,open,,Asked about cancellation policy and notice period.
1843,1015-OWJKI,2026-05-27,,billing,high,open,,Reported a failed payment and requested a retry.
1844,7511-YMXVQ,2026-03-23,2026-03-26,other,low,closed,77.76,General question about plan upgrade options.
1845,7511-YMXVQ,2026-05-14,2026-05-15,billing,high,closed,38.93,Requested a refund for a duplicate charge.
1846,2040-XBAVJ,2026-07-31,2026-07-31,other,medium,closed,20.21,Provided feedback about the onboarding experience.
1847,2040-XBAVJ,2026-07-23,2026-07-24,other,high,closed,45.46,Provided feedback about the onboarding experience.
1848,2040-XBAVJ,2026-06-01,,billing,medium,open,,Asked why the monthly charge increased without notice.
1849,9804-ICWBG,2026-09-10,2026-09-12,technical,medium,closed,60.3,App crashes when loading the dashboard view.
1850,9804-ICWBG,2026-05-16,2026-05-18,other,medium,closed,48.41,General question about plan upgrade options.
1851,1222-KJNZD,2026-05-09,2026-05-09,billing,medium,closed,18.26,Asked why the monthly charge increased without notice.
1852,5318-IXUZF,2026-08-17,2026-08-20,billing,medium,closed,80.11,Customer disputes a charge on their most recent invoice.
1853,2418-TPEUN,2026-04-10,2026-04-11,technical,medium,closed,32.79,Reported repeated login failures over the past week.
1854,3963-RYFNS,2026-03-23,2026-03-24,technical,low,closed,46.98,App crashes when loading the dashboard view.
1855,3198-VELRD,2026-08-11,2026-08-12,billing,low,closed,31.26,Requested a refund for a duplicate charge.
1856,8540-ZQGEA,2026-04-09,2026-04-10,billing,high,closed,42.55,Asked why the monthly charge increased without notice.
1857,1320-REHCS,2026-08-27,,technical,low,open,,Feature X is not syncing data correctly.
1858,1320-REHCS,2026-06-03,2026-06-03,technical,medium,closed,16.01,Feature X is not syncing data correctly.
1859,4137-JOPHL,2026-04-29,2026-04-29,other,high,closed,11.04,General question about plan upgrade options.
1860,4137-JOPHL,2026-06-11,2026-06-12,technical,low,closed,45.43,Reported repeated login failures over the past week.
1861,9436-ZBZCT,2026-06-11,2026-06-12,billing,high,closed,27.03,Reported a failed payment and requested a retry.
1862,7801-CEDNV,2026-05-07,,billing,low,open,,Requested a refund for a duplicate charge.
1863,2057-BOYKM,2026-04-10,,billing,high,open,,Customer disputes a charge on their most recent invoice.
1864,2243-FNMMI,2026-08-30,2026-08-31,billing,high,closed,46.89,Requested a refund for a duplicate charge.
1865,2243-FNMMI,2026-08-05,2026-08-05,billing,medium,closed,19.13,Requested a refund for a duplicate charge.
1866,2511-MORQY,2026-04-12,2026-04-13,technical,medium,closed,45.05,Feature X is not syncing data correctly.
1867,2511-MORQY,2026-04-11,2026-04-12,technical,low,closed,34.91,App crashes when loading the dashboard view.
1868,5356-KZCKT,2026-06-17,2026-06-18,other,medium,closed,38.15,Requested a copy of past invoices.
1869,5356-KZCKT,2026-09-03,2026-09-03,other,medium,closed,2.06,Provided feedback about the onboarding experience.
1870,5356-KZCKT,2026-07-23,2026-07-23,technical,medium,closed,12.04,App crashes when loading the dashboard view.
1871,9470-XCCEM,2026-04-17,,other,low,open,,Requested a copy of past invoices.
1872,6519-CFDBX,2026-09-09,2026-09-09,billing,medium,closed,17.62,Requested a refund for a duplicate charge.
1873,3902-MIVLE,2026-04-27,,technical,high,open,,Feature X is not syncing data correctly.
1874,3055-VTCGS,2026-09-05,2026-09-05,technical,high,closed,18.76,Feature X is not syncing data correctly.
1875,3144-KMTWZ,2026-08-11,2026-08-11,billing,medium,closed,22.8,Requested a refund for a duplicate charge.
1876,3144-KMTWZ,2026-07-29,,technical,medium,open,,App crashes when loading the dashboard view.
1877,7279-BUYWN,2026-08-14,2026-08-14,billing,high,closed,4.53,Asked why the monthly charge increased without notice.
1878,7279-BUYWN,2026-09-06,2026-09-08,other,high,closed,69.78,Provided feedback about the onboarding experience.
1879,2307-FYNNL,2026-07-08,,technical,high,open,,App crashes when loading the dashboard view.
1880,5605-XNWEN,2026-06-08,2026-06-09,technical,low,closed,45.2,Feature X is not syncing data correctly.
1881,2155-AMQRX,2026-06-22,,billing,medium,open,,Requested a refund for a duplicate charge.
1882,2155-AMQRX,2026-07-28,2026-07-29,technical,low,closed,35.45,Reported repeated login failures over the past week.
1883,6181-AXXYF,2026-04-21,,billing,medium,open,,Reported a failed payment and requested a retry.
1884,2519-LBNQL,2026-08-28,2026-08-28,technical,low,closed,12.33,Reported repeated login failures over the past week.
1885,5687-DKDTV,2026-04-25,,billing,medium,open,,Asked why the monthly charge increased without notice.
1886,7789-HKSBS,2026-06-04,2026-06-05,billing,medium,closed,46.59,Reported a failed payment and requested a retry.
1887,7789-HKSBS,2026-07-03,2026-07-04,technical,high,closed,44.55,Reported repeated login failures over the past week.
1888,7416-CKTEP,2026-06-25,,other,high,open,,Provided feedback about the onboarding experience.
1889,2586-CWXVV,2026-08-06,,technical,medium,open,,Requested help configuring an integration.
1890,2586-CWXVV,2026-08-25,,technical,high,open,,Requested help configuring an integration.
1891,2586-CWXVV,2026-08-24,2026-08-24,technical,high,closed,21.21,Reported repeated login failures over the past week.
1892,2348-KCJLT,2026-07-14,2026-07-14,technical,high,closed,19.08,Feature X is not syncing data correctly.
1893,8401-EMUWF,2026-06-22,2026-06-22,billing,low,closed,19.95,Customer disputes a charge on their most recent invoice.
1894,4193-IBKSW,2026-06-02,,other,high,open,,General question about plan upgrade options.
1895,5377-NDTOU,2026-08-30,,technical,medium,open,,App crashes when loading the dashboard view.
1896,5377-NDTOU,2026-09-15,,technical,medium,open,,Feature X is not syncing data correctly.
1897,5922-ABDVO,2026-05-01,2026-05-01,billing,medium,closed,23.13,Asked why the monthly charge increased without notice.
1898,5922-ABDVO,2026-05-24,,billing,medium,open,,Requested a refund for a duplicate charge.
1899,0839-QNXME,2026-07-16,2026-07-16,other,medium,closed,3.58,General question about plan upgrade options.
1900,0839-QNXME,2026-07-12,2026-07-12,billing,medium,closed,23.45,Customer disputes a charge on their most recent invoice.
1901,3506-OVLKD,2026-08-03,2026-08-03,other,medium,closed,9.63,Provided feedback about the onboarding experience.
1902,6650-VJONK,2026-05-03,2026-05-04,technical,medium,closed,34.92,Reported repeated login failures over the past week.
1903,7492-TAFJD,2026-06-16,2026-06-16,other,medium,closed,3.77,Asked about cancellation policy and notice period.
1904,2773-MADBQ,2026-09-05,2026-09-05,other,low,closed,13.52,Requested a copy of past invoices.
1905,6016-LVTJQ,2026-08-25,,other,low,open,,Asked about cancellation policy and notice period.
1906,7860-KSUGX,2026-04-19,2026-04-19,other,medium,closed,6.85,General question about plan upgrade options.
1907,8966-KZXXA,2026-06-12,2026-06-12,billing,high,closed,4.03,Reported a failed payment and requested a retry.
1908,8966-KZXXA,2026-08-31,,other,low,open,,Provided feedback about the onboarding experience.
1909,6910-HADCM,2026-06-27,2026-06-27,billing,medium,closed,14.63,Customer disputes a charge on their most recent invoice.
1910,6910-HADCM,2026-08-06,2026-08-09,billing,low,closed,77.09,Customer disputes a charge on their most recent invoice.
1911,6910-HADCM,2026-06-06,,technical,medium,open,,Feature X is not syncing data correctly.
1912,6910-HADCM,2026-05-23,,billing,low,open,,Reported a failed payment and requested a retry.
1913,4816-LXZYW,2026-05-14,2026-05-14,other,high,closed,7.77,Asked about cancellation policy and notice period.
1914,4816-LXZYW,2026-08-22,2026-08-22,other,medium,closed,2.84,Provided feedback about the onboarding experience.
1915,9606-PBKBQ,2026-09-02,2026-09-03,billing,medium,closed,40.03,Reported a failed payment and requested a retry.
1916,5149-QYTTU,2026-08-29,2026-08-30,other,low,closed,40.74,Asked about cancellation policy and notice period.
1917,5149-QYTTU,2026-06-28,2026-06-28,other,low,closed,2.51,Asked about cancellation policy and notice period.
1918,5149-QYTTU,2026-05-02,2026-05-02,other,medium,closed,4.7,Asked about cancellation policy and notice period.
1919,2070-XYMFH,2026-05-13,2026-05-13,other,low,closed,8.11,Asked about cancellation policy and notice period.
1920,2085-BOJKI,2026-08-12,2026-08-12,billing,medium,closed,12.92,Customer disputes a charge on their most recent invoice.
1921,0817-HSUSE,2026-04-07,,other,high,open,,Requested a copy of past invoices.
1922,0817-HSUSE,2026-03-27,2026-03-27,technical,medium,closed,16.28,Feature X is not syncing data correctly.
1923,5442-PPTJY,2026-05-17,2026-05-18,billing,high,closed,32.39,Asked why the monthly charge increased without notice.
1924,1927-QEWMY,2026-08-22,2026-08-22,technical,low,closed,14.22,Feature X is not syncing data correctly.
1925,1663-MHLHE,2026-09-02,2026-09-02,other,low,closed,19.37,General question about plan upgrade options.
1926,1663-MHLHE,2026-03-23,2026-03-23,technical,high,closed,15.96,Feature X is not syncing data correctly.
1927,1663-MHLHE,2026-08-26,2026-08-27,technical,high,closed,38.74,Requested help configuring an integration.
1928,4450-MDZFX,2026-05-07,,technical,medium,open,,App crashes when loading the dashboard view.
1929,4450-MDZFX,2026-06-06,2026-06-06,technical,high,closed,6.48,App crashes when loading the dashboard view.
1930,4911-BANWH,2026-05-11,2026-05-13,technical,low,closed,65.52,App crashes when loading the dashboard view.
1931,6908-VVYHM,2026-07-21,,technical,high,open,,Reported repeated login failures over the past week.
1932,6908-VVYHM,2026-05-05,,other,low,open,,Provided feedback about the onboarding experience.
1933,6908-VVYHM,2026-06-12,2026-06-13,other,high,closed,39.56,General question about plan upgrade options.
1934,6908-VVYHM,2026-07-31,,other,medium,open,,Provided feedback about the onboarding experience.
1935,2959-EEXWB,2026-09-13,2026-09-13,technical,medium,closed,16.68,Feature X is not syncing data correctly.
1936,1839-UMACK,2026-09-03,2026-09-04,billing,medium,closed,41.94,Reported a failed payment and requested a retry.
1937,1839-UMACK,2026-06-21,2026-06-22,technical,medium,closed,32.61,App crashes when loading the dashboard view.
1938,3030-YDNRM,2026-04-06,2026-04-06,technical,medium,closed,5.04,Requested help configuring an integration.
1939,3030-YDNRM,2026-07-07,2026-07-07,billing,medium,closed,3.53,Requested a refund for a duplicate charge.
1940,3402-XRIUO,2026-04-27,2026-04-27,other,low,closed,15.25,General question about plan upgrade options.
1941,3402-XRIUO,2026-04-17,2026-04-17,technical,medium,closed,8.36,Feature X is not syncing data correctly.
1942,3132-TVFDZ,2026-06-30,2026-07-01,other,low,closed,34.55,Requested a copy of past invoices.
1943,6365-MTGZX,2026-08-03,,other,high,open,,Provided feedback about the onboarding experience.
1944,1349-WXNGG,2026-05-30,2026-06-01,billing,high,closed,70.83,Customer disputes a charge on their most recent invoice.
1945,9350-ZXYJC,2026-05-26,2026-05-27,billing,high,closed,39.96,Asked why the monthly charge increased without notice.
1946,6959-GQEGV,2026-04-02,2026-04-03,other,medium,closed,35.56,Requested a copy of past invoices.
1947,3173-WSSUE,2026-07-11,2026-07-11,technical,medium,closed,3.9,Feature X is not syncing data correctly.
1948,1098-KFQEC,2026-06-27,2026-06-27,other,low,closed,10.68,Requested a copy of past invoices.
1949,7190-XHTWJ,2026-06-15,2026-06-15,billing,medium,closed,15.77,Asked why the monthly charge increased without notice.
1950,7190-XHTWJ,2026-07-02,2026-07-03,other,medium,closed,37.87,General question about plan upgrade options.
1951,0621-TWIEM,2026-07-22,2026-07-23,billing,medium,closed,34.18,Asked why the monthly charge increased without notice.
1952,0621-TWIEM,2026-07-11,,billing,medium,open,,Asked why the monthly charge increased without notice.
1953,0621-TWIEM,2026-04-19,2026-04-19,billing,low,closed,10.63,Customer disputes a charge on their most recent invoice.
1954,0621-TWIEM,2026-08-14,2026-08-15,other,low,closed,26.94,Requested a copy of past invoices.
1955,3537-RYBHH,2026-06-18,,billing,medium,open,,Requested a refund for a duplicate charge.
1956,2485-ITVKB,2026-05-30,,billing,medium,open,,Customer disputes a charge on their most recent invoice.
1957,3669-OYSJI,2026-05-25,2026-05-25,technical,high,closed,9.83,Feature X is not syncing data correctly.
1958,1612-EOHDH,2026-06-23,2026-06-24,technical,medium,closed,34.38,Feature X is not syncing data correctly.
1959,6702-OHFWR,2026-04-25,,billing,high,open,,Customer disputes a charge on their most recent invoice.
1960,5296-BFCYD,2026-03-30,2026-03-31,other,low,closed,38.05,Asked about cancellation policy and notice period.
1961,5296-BFCYD,2026-08-30,2026-08-31,other,low,closed,45.5,Asked about cancellation policy and notice period.
1962,5296-BFCYD,2026-05-17,2026-05-18,technical,low,closed,42.58,Requested help configuring an integration.
1963,9359-JANWS,2026-06-10,2026-06-10,technical,medium,closed,3.68,App crashes when loading the dashboard view.
1964,3279-DYZQM,2026-08-11,2026-08-11,billing,low,closed,19.58,Requested a refund for a duplicate charge.
1965,3279-DYZQM,2026-07-05,2026-07-06,technical,high,closed,41.29,Requested help configuring an integration.
1966,7054-LGEQW,2026-03-28,2026-03-29,technical,medium,closed,24.91,Reported repeated login failures over the past week.
1967,7054-LGEQW,2026-05-16,2026-05-16,other,low,closed,23.38,Provided feedback about the onboarding experience.
1968,7054-LGEQW,2026-05-16,,billing,medium,open,,Asked why the monthly charge increased without notice.
1969,0523-VNGTF,2026-06-04,2026-06-05,billing,medium,closed,41.16,Requested a refund for a duplicate charge.
1970,0523-VNGTF,2026-07-17,2026-07-17,other,medium,closed,2.56,Provided feedback about the onboarding experience.
1971,7105-MXJLL,2026-07-07,,technical,low,open,,Reported repeated login failures over the past week.
1972,7105-MXJLL,2026-06-29,2026-06-30,billing,medium,closed,32.66,Asked why the monthly charge increased without notice.
1973,7105-MXJLL,2026-06-12,2026-06-13,technical,medium,closed,24.41,Requested help configuring an integration.
1974,7064-FRRSW,2026-08-01,,technical,low,open,,Feature X is not syncing data correctly.
1975,7064-FRRSW,2026-07-17,2026-07-18,other,medium,closed,33.06,Requested a copy of past invoices.
1976,7940-UQQUG,2026-09-11,2026-09-12,billing,high,closed,43.77,Reported a failed payment and requested a retry.
1977,0923-PNFUB,2026-08-25,,other,low,open,,Provided feedback about the onboarding experience.
1978,0923-PNFUB,2026-06-02,2026-06-04,other,low,closed,65.74,Requested a copy of past invoices.
1979,0923-PNFUB,2026-03-21,,technical,medium,open,,App crashes when loading the dashboard view.
1980,3961-SXAXY,2026-07-11,2026-07-11,billing,low,closed,5.06,Reported a failed payment and requested a retry.
1981,7010-BRBUU,2026-08-11,,billing,low,open,,Customer disputes a charge on their most recent invoice.
1982,7010-BRBUU,2026-03-30,2026-03-31,billing,medium,closed,43.41,Customer disputes a charge on their most recent invoice.
1983,7010-BRBUU,2026-06-01,,technical,medium,open,,App crashes when loading the dashboard view.
1984,7010-BRBUU,2026-06-08,,other,low,open,,General question about plan upgrade options.
1985,7010-BRBUU,2026-05-25,2026-05-25,other,medium,closed,23.99,General question about plan upgrade options.
1986,7010-BRBUU,2026-06-30,2026-06-30,technical,medium,closed,17.53,Requested help configuring an integration.
1987,3062-ICYZQ,2026-03-26,2026-03-27,billing,high,closed,39.17,Reported a failed payment and requested a retry.
1988,3062-ICYZQ,2026-04-03,2026-04-04,technical,medium,closed,31.97,Feature X is not syncing data correctly.
1989,3062-ICYZQ,2026-08-09,2026-08-10,billing,low,closed,28.26,Customer disputes a charge on their most recent invoice.
1990,9938-PRCVK,2026-05-20,2026-05-20,technical,medium,closed,13.04,App crashes when loading the dashboard view.
1991,0973-KYVNF,2026-06-28,2026-06-28,other,medium,closed,9.6,Requested a copy of past invoices.
1992,3946-JEWRQ,2026-07-03,2026-07-04,other,low,closed,40.63,Provided feedback about the onboarding experience.
1993,7873-CVMAW,2026-07-10,2026-07-11,billing,high,closed,37.95,Asked why the monthly charge increased without notice.
1994,0463-WZZKO,2026-09-04,,technical,low,open,,App crashes when loading the dashboard view.
1995,0463-WZZKO,2026-08-07,2026-08-07,technical,high,closed,5.86,App crashes when loading the dashboard view.
1996,0463-WZZKO,2026-04-16,,technical,low,open,,Requested help configuring an integration.
1997,3494-JCHRQ,2026-08-07,,billing,medium,open,,Customer disputes a charge on their most recent invoice.
1998,3494-JCHRQ,2026-09-08,,billing,low,open,,Asked why the monthly charge increased without notice.
1999,3494-JCHRQ,2026-07-19,2026-07-20,billing,medium,closed,27.98,Reported a failed payment and requested a retry.
2000,4524-QCSSM,2026-04-11,,billing,high,open,,Requested a refund for a duplicate charge.
2001,5832-EXGTT,2026-05-09,2026-05-10,billing,medium,closed,28.72,Customer disputes a charge on their most recent invoice.
2002,8840-DQLGN,2026-07-14,2026-07-14,technical,medium,closed,2.27,Requested help configuring an integration.
2003,2039-JONDJ,2026-06-30,2026-06-30,technical,low,closed,7.22,Requested help configuring an integration.
2004,7217-JYHOQ,2026-08-17,2026-08-17,billing,high,closed,7.46,Asked why the monthly charge increased without notice.
2005,9894-QMIMJ,2026-09-11,2026-09-11,technical,medium,closed,13.46,App crashes when loading the dashboard view.
2006,9894-QMIMJ,2026-09-05,2026-09-05,other,high,closed,17.81,Provided feedback about the onboarding experience.
2007,8069-YQQAJ,2026-03-26,2026-03-26,technical,medium,closed,10.25,App crashes when loading the dashboard view.
2008,8069-YQQAJ,2026-06-12,,billing,low,open,,Requested a refund for a duplicate charge.
2009,6770-XUAGN,2026-08-19,2026-08-21,billing,medium,closed,49.9,Customer disputes a charge on their most recent invoice.
2010,6770-XUAGN,2026-05-26,,billing,medium,open,,Asked why the monthly charge increased without notice.
2011,6770-XUAGN,2026-03-21,2026-03-21,technical,medium,closed,23.0,Feature X is not syncing data correctly.
2012,4193-ORFCL,2026-07-05,2026-07-05,technical,low,closed,16.45,Reported repeated login failures over the past week.
2013,4193-ORFCL,2026-05-30,2026-05-31,other,low,closed,38.54,Provided feedback about the onboarding experience.
2014,4193-ORFCL,2026-05-31,,technical,low,open,,Feature X is not syncing data correctly.
2015,1636-NTNCO,2026-05-27,,billing,high,open,,Asked why the monthly charge increased without notice.
2016,3466-WAESX,2026-06-04,2026-06-04,billing,medium,closed,17.69,Asked why the monthly charge increased without notice.
2017,9281-PKKZE,2026-05-31,2026-05-31,technical,medium,closed,5.66,Feature X is not syncing data correctly.
2018,9281-PKKZE,2026-08-26,2026-08-26,billing,medium,closed,5.46,Asked why the monthly charge increased without notice.
2019,9281-PKKZE,2026-07-18,2026-07-19,billing,low,closed,29.25,Asked why the monthly charge increased without notice.
2020,3638-VBZTA,2026-06-29,2026-06-30,technical,medium,closed,40.06,Requested help configuring an integration.
2021,7459-IMVYU,2026-05-02,2026-05-03,billing,medium,closed,29.96,Requested a refund for a duplicate charge.
2022,7776-QWNFX,2026-08-08,,other,low,open,,Provided feedback about the onboarding experience.
2023,6689-TCZHQ,2026-08-01,,billing,low,open,,Requested a refund for a duplicate charge.
2024,1951-IEYXM,2026-06-19,,other,medium,open,,Requested a copy of past invoices.
2025,1951-IEYXM,2026-09-01,2026-09-02,technical,low,closed,37.25,App crashes when loading the dashboard view.
2026,3318-NMQXL,2026-08-07,,technical,low,open,,Feature X is not syncing data correctly.
2027,3318-NMQXL,2026-04-23,2026-04-24,billing,low,closed,36.62,Asked why the monthly charge increased without notice.
2028,3143-ILDAL,2026-04-04,2026-04-06,billing,low,closed,48.45,Customer disputes a charge on their most recent invoice.
2029,1022-RKXDR,2026-04-09,2026-04-10,other,medium,closed,28.08,General question about plan upgrade options.
2030,1022-RKXDR,2026-07-31,2026-07-31,billing,low,closed,9.44,Asked why the monthly charge increased without notice.
2031,2361-FJWNO,2026-05-14,,billing,medium,open,,Reported a failed payment and requested a retry.
2032,2361-FJWNO,2026-09-04,2026-09-04,technical,medium,closed,2.16,Reported repeated login failures over the past week.
2033,2361-FJWNO,2026-08-22,2026-08-23,billing,medium,closed,41.94,Asked why the monthly charge increased without notice.
2034,2361-FJWNO,2026-08-28,2026-08-29,billing,low,closed,33.85,Requested a refund for a duplicate charge.
2035,2272-UOINI,2026-05-31,,technical,medium,open,,Feature X is not syncing data correctly.
2036,2272-UOINI,2026-07-17,2026-07-17,other,medium,closed,5.64,General question about plan upgrade options.
2037,3750-YHRYO,2026-07-31,2026-07-31,other,medium,closed,16.55,Provided feedback about the onboarding experience.
2038,7188-CBBBA,2026-05-12,2026-05-12,billing,high,closed,2.99,Asked why the monthly charge increased without notice.
2039,5356-CSVSQ,2026-09-09,,other,medium,open,,General question about plan upgrade options.
2040,4720-VSTSI,2026-05-22,2026-05-23,billing,medium,closed,26.51,Reported a failed payment and requested a retry.
2041,4720-VSTSI,2026-09-03,2026-09-04,billing,medium,closed,46.4,Asked why the monthly charge increased without notice.
2042,4720-VSTSI,2026-08-05,2026-08-06,billing,medium,closed,47.56,Customer disputes a charge on their most recent invoice.
2043,3219-JQRSL,2026-08-19,2026-08-20,technical,low,closed,27.23,Requested help configuring an integration.
2044,3946-MHCZW,2026-05-03,2026-05-03,other,low,closed,20.82,Requested a copy of past invoices.
2045,3946-MHCZW,2026-04-29,2026-05-01,billing,medium,closed,68.8,Reported a failed payment and requested a retry.
2046,3946-MHCZW,2026-08-06,,technical,medium,open,,Requested help configuring an integration.
2047,6732-VAILE,2026-06-22,2026-06-22,other,medium,closed,20.36,Provided feedback about the onboarding experience.
2048,8201-AAXCB,2026-06-21,2026-06-22,other,low,closed,26.27,Provided feedback about the onboarding experience.
2049,1845-CSBRZ,2026-09-09,2026-09-09,other,high,closed,14.9,Requested a copy of past invoices.
2050,1845-CSBRZ,2026-06-07,2026-06-08,other,low,closed,33.06,Requested a copy of past invoices.
2051,1845-CSBRZ,2026-07-26,2026-07-27,billing,medium,closed,40.23,Asked why the monthly charge increased without notice.
2052,2123-VSCOT,2026-08-08,2026-08-09,billing,medium,closed,36.6,Requested a refund for a duplicate charge.
2053,2484-DGXPZ,2026-03-30,2026-03-31,other,medium,closed,30.68,Requested a copy of past invoices.
2054,2484-DGXPZ,2026-04-28,,other,high,open,,Asked about cancellation policy and notice period.
2055,2018-QKYGT,2026-05-21,2026-05-21,billing,low,closed,8.25,Asked why the monthly charge increased without notice.
2056,2018-QKYGT,2026-07-27,2026-07-27,technical,medium,closed,7.22,Feature X is not syncing data correctly.
2057,2792-VPPET,2026-06-01,2026-06-01,technical,low,closed,2.53,Reported repeated login failures over the past week.
2058,7409-JURKQ,2026-07-30,2026-07-31,billing,medium,closed,38.78,Asked why the monthly charge increased without notice.
2059,3247-MHJKM,2026-04-04,2026-04-04,technical,low,closed,12.24,App crashes when loading the dashboard view.
2060,1964-SVLEA,2026-05-14,2026-05-14,other,medium,closed,12.1,Asked about cancellation policy and notice period.
2061,4587-NUKOX,2026-04-28,,other,medium,open,,Asked about cancellation policy and notice period.
2062,4587-NUKOX,2026-09-09,,billing,medium,open,,Asked why the monthly charge increased without notice.
2063,4587-NUKOX,2026-05-12,,technical,medium,open,,App crashes when loading the dashboard view.
2064,4587-NUKOX,2026-05-06,2026-05-07,billing,low,closed,40.27,Asked why the monthly charge increased without notice.
2065,7297-DVYGA,2026-07-18,2026-07-18,billing,medium,closed,22.38,Reported a failed payment and requested a retry.
2066,7297-DVYGA,2026-05-18,,billing,high,open,,Requested a refund for a duplicate charge.
2067,2239-CGBUZ,2026-06-03,2026-06-04,technical,medium,closed,39.14,App crashes when loading the dashboard view.
2068,7243-LCGGZ,2026-08-09,2026-08-09,technical,high,closed,23.08,Feature X is not syncing data correctly.
2069,9261-WDCAF,2026-06-25,,technical,high,open,,Reported repeated login failures over the past week.
2070,3764-MNMOI,2026-03-27,2026-03-28,billing,high,closed,45.72,Reported a failed payment and requested a retry.
2071,0420-BWTPW,2026-07-15,2026-07-18,technical,high,closed,79.02,Reported repeated login failures over the past week.
2072,0420-BWTPW,2026-04-23,2026-04-23,other,low,closed,17.85,General question about plan upgrade options.
2073,8229-BUJHX,2026-07-05,2026-07-05,other,high,closed,6.74,General question about plan upgrade options.
2074,8229-BUJHX,2026-07-30,,other,low,open,,Requested a copy of past invoices.
2075,8229-BUJHX,2026-06-23,2026-06-24,billing,high,closed,26.57,Asked why the monthly charge increased without notice.
2076,7449-HVPIV,2026-04-09,2026-04-09,technical,medium,closed,3.84,Requested help configuring an integration.
2077,7449-HVPIV,2026-07-15,2026-07-15,other,low,closed,14.05,Asked about cancellation policy and notice period.
2078,8183-ONMXC,2026-05-09,,billing,medium,open,,Requested a refund for a duplicate charge.
2079,8183-ONMXC,2026-03-28,2026-03-28,technical,medium,closed,12.1,App crashes when loading the dashboard view.
2080,8183-ONMXC,2026-04-09,2026-04-12,billing,medium,closed,78.19,Asked why the monthly charge increased without notice.
2081,8183-ONMXC,2026-09-12,2026-09-15,technical,medium,closed,83.25,Reported repeated login failures over the past week.
2082,8466-PZBLH,2026-06-14,2026-06-14,other,medium,closed,20.97,Asked about cancellation policy and notice period.
2083,9614-RMGHA,2026-06-14,2026-06-14,billing,medium,closed,20.66,Asked why the monthly charge increased without notice.
2084,9614-RMGHA,2026-07-08,,billing,low,open,,Reported a failed payment and requested a retry.
2085,9614-RMGHA,2026-08-13,,billing,medium,open,,Customer disputes a charge on their most recent invoice.
2086,9614-RMGHA,2026-08-15,,billing,medium,open,,Customer disputes a charge on their most recent invoice.
2087,8735-IJJEG,2026-04-21,2026-04-21,other,medium,closed,22.56,Requested a copy of past invoices.
2088,8735-IJJEG,2026-04-13,,technical,medium,open,,Feature X is not syncing data correctly.
2089,8735-IJJEG,2026-08-31,2026-09-01,other,high,closed,26.69,Requested a copy of past invoices.
2090,8735-IJJEG,2026-05-19,,technical,medium,open,,Requested help configuring an integration.
2091,0564-MUUQK,2026-09-13,2026-09-13,other,low,closed,3.27,Requested a copy of past invoices.
2092,5054-IEXZT,2026-07-02,2026-07-04,technical,high,closed,53.27,Requested help configuring an integration.
2093,0019-EFAEP,2026-08-21,2026-08-21,billing,medium,closed,4.62,Asked why the monthly charge increased without notice.
2094,0019-EFAEP,2026-04-09,,technical,medium,open,,Requested help configuring an integration.
2095,5619-PTMIK,2026-07-21,2026-07-22,technical,medium,closed,38.12,Feature X is not syncing data correctly.
2096,3737-XBQDD,2026-04-09,2026-04-09,technical,high,closed,6.28,App crashes when loading the dashboard view.
2097,5882-CMAZQ,2026-04-02,,other,medium,open,,Provided feedback about the onboarding experience.
2098,5882-CMAZQ,2026-04-12,2026-04-12,technical,medium,closed,11.09,Requested help configuring an integration.
2099,5846-QFDFI,2026-04-11,2026-04-12,billing,medium,closed,38.98,Reported a failed payment and requested a retry.
2100,4445-KWOKW,2026-04-28,2026-04-28,technical,medium,closed,3.72,Feature X is not syncing data correctly.
2101,4445-KWOKW,2026-06-01,2026-06-01,technical,medium,closed,17.02,Feature X is not syncing data correctly.
2102,3511-APPBJ,2026-07-29,2026-07-29,technical,medium,closed,20.54,Reported repeated login failures over the past week.
2103,3511-APPBJ,2026-09-04,2026-09-05,technical,high,closed,28.91,App crashes when loading the dashboard view.
2104,7967-HYCDE,2026-05-19,2026-05-20,billing,medium,closed,40.32,Requested a refund for a duplicate charge.
2105,2430-RRYUW,2026-03-24,2026-03-25,other,medium,closed,27.27,General question about plan upgrade options.
2106,2430-RRYUW,2026-07-20,2026-07-20,technical,low,closed,15.11,Feature X is not syncing data correctly.
2107,3948-XHGNA,2026-09-13,,technical,high,open,,Requested help configuring an integration.
2108,0565-IYCGT,2026-08-16,,billing,high,open,,Reported a failed payment and requested a retry.
2109,0565-IYCGT,2026-08-15,,technical,high,open,,Feature X is not syncing data correctly.
2110,0565-IYCGT,2026-06-15,2026-06-17,technical,high,closed,62.97,App crashes when loading the dashboard view.
2111,5445-UTODQ,2026-08-16,2026-08-16,billing,low,closed,9.82,Asked why the monthly charge increased without notice.
2112,9675-ICXCT,2026-06-06,2026-06-06,technical,high,closed,6.97,App crashes when loading the dashboard view.
2113,1024-VRZHF,2026-03-27,2026-03-27,billing,low,closed,22.6,Reported a failed payment and requested a retry.
2114,1024-VRZHF,2026-07-23,2026-07-23,billing,medium,closed,23.61,Customer disputes a charge on their most recent invoice.
2115,4703-MQYKT,2026-07-27,2026-07-27,technical,high,closed,21.72,App crashes when loading the dashboard view.
2116,9497-QCMMS,2026-08-23,,billing,medium,open,,Customer disputes a charge on their most recent invoice.
2117,0602-DDUML,2026-08-28,,billing,medium,open,,Reported a failed payment and requested a retry.
2118,0602-DDUML,2026-04-30,,other,low,open,,Asked about cancellation policy and notice period.
2119,2208-MPXIO,2026-07-04,,technical,medium,open,,Feature X is not syncing data correctly.
2120,0348-SDKOL,2026-04-02,,technical,medium,open,,App crashes when loading the dashboard view.
2121,0348-SDKOL,2026-08-22,,billing,medium,open,,Customer disputes a charge on their most recent invoice.
2122,3190-FZATL,2026-08-12,2026-08-12,other,medium,closed,12.57,Provided feedback about the onboarding experience.
2123,3190-FZATL,2026-04-11,2026-04-12,other,high,closed,26.91,Provided feedback about the onboarding experience.
2124,3190-FZATL,2026-06-30,,billing,medium,open,,Asked why the monthly charge increased without notice.
2125,3190-FZATL,2026-06-05,2026-06-05,technical,low,closed,16.36,App crashes when loading the dashboard view.
2126,7336-RLLRH,2026-05-29,2026-05-30,billing,high,closed,28.92,Customer disputes a charge on their most recent invoice.
2127,7710-JSYOA,2026-09-11,2026-09-11,billing,medium,closed,7.05,Reported a failed payment and requested a retry.
2128,7710-JSYOA,2026-08-31,2026-09-01,technical,low,closed,38.13,App crashes when loading the dashboard view.
2129,3424-NMNBO,2026-03-30,,technical,medium,open,,Feature X is not syncing data correctly.
2130,3424-NMNBO,2026-05-06,,billing,medium,open,,Asked why the monthly charge increased without notice.
2131,9885-MFVSU,2026-08-17,2026-08-17,billing,low,closed,3.33,Reported a failed payment and requested a retry.
2132,4514-GFCFI,2026-08-16,,billing,medium,open,,Asked why the monthly charge increased without notice.
2133,4514-GFCFI,2026-05-11,2026-05-12,billing,medium,closed,36.92,Asked why the monthly charge increased without notice.
2134,4514-GFCFI,2026-07-18,,technical,medium,open,,Feature X is not syncing data correctly.
2135,4514-GFCFI,2026-08-24,2026-08-25,other,low,closed,26.25,Provided feedback about the onboarding experience.
2136,4514-GFCFI,2026-07-11,,other,low,open,,Provided feedback about the onboarding experience.
2137,0607-MVMGC,2026-09-15,2026-09-15,billing,high,closed,9.27,Requested a refund for a duplicate charge.
2138,8000-REIQB,2026-04-02,2026-04-02,billing,high,closed,15.47,Reported a failed payment and requested a retry.
2139,8000-REIQB,2026-06-14,,billing,low,open,,Requested a refund for a duplicate charge.
2140,7615-ESMYF,2026-04-27,2026-04-28,billing,low,closed,38.73,Asked why the monthly charge increased without notice.
2141,3858-VOBET,2026-09-09,,other,low,open,,Requested a copy of past invoices.
2142,0017-DINOC,2026-07-04,,billing,low,open,,Requested a refund for a duplicate charge.
2143,0017-DINOC,2026-08-31,2026-09-01,technical,high,closed,39.52,Reported repeated login failures over the past week.
2144,8565-CLBZW,2026-09-15,,other,high,open,,Asked about cancellation policy and notice period.
2145,9139-WQQDY,2026-06-06,,technical,low,open,,App crashes when loading the dashboard view.
2146,0224-HJAPT,2026-08-19,2026-08-19,billing,high,closed,14.81,Asked why the monthly charge increased without notice.
2147,0224-HJAPT,2026-03-29,2026-03-31,other,medium,closed,68.19,Asked about cancellation policy and notice period.
2148,0224-HJAPT,2026-04-01,2026-04-01,other,low,closed,13.19,Provided feedback about the onboarding experience.
2149,0224-HJAPT,2026-04-17,,billing,medium,open,,Reported a failed payment and requested a retry.
2150,8086-OVPWV,2026-08-16,2026-08-16,billing,medium,closed,8.54,Asked why the monthly charge increased without notice.
2151,7639-OPLNG,2026-07-21,2026-07-22,billing,high,closed,43.88,Reported a failed payment and requested a retry.
2152,3074-GQWYX,2026-09-11,2026-09-11,billing,medium,closed,10.45,Customer disputes a charge on their most recent invoice.
2153,1492-QGCLU,2026-03-26,2026-03-26,other,medium,closed,9.96,General question about plan upgrade options.
2154,1492-QGCLU,2026-03-24,,other,medium,open,,Requested a copy of past invoices.
2155,1492-QGCLU,2026-04-16,2026-04-16,billing,medium,closed,6.06,Requested a refund for a duplicate charge.
2156,6845-RGTYS,2026-06-29,,other,high,open,,Asked about cancellation policy and notice period.
2157,5155-AZQPB,2026-06-26,2026-06-27,technical,low,closed,27.39,Reported repeated login failures over the past week.
2158,5155-AZQPB,2026-05-04,2026-05-04,other,high,closed,12.32,Requested a copy of past invoices.
2159,8861-HGGKB,2026-07-09,2026-07-09,technical,medium,closed,12.0,Reported repeated login failures over the past week.
2160,7065-YUNRY,2026-06-13,,billing,low,open,,Requested a refund for a duplicate charge.
2161,7065-YUNRY,2026-09-11,2026-09-13,billing,medium,closed,63.59,Reported a failed payment and requested a retry.
2162,7065-YUNRY,2026-08-09,,other,low,open,,Requested a copy of past invoices.
2163,7694-VLBWQ,2026-07-05,2026-07-06,technical,high,closed,35.57,Reported repeated login failures over the past week.
2164,2546-KZAAT,2026-06-29,2026-06-30,billing,high,closed,31.83,Reported a failed payment and requested a retry.
2165,0181-RITDD,2026-04-29,,billing,low,open,,Reported a failed payment and requested a retry.
2166,5989-PGKJB,2026-03-30,2026-03-31,billing,medium,closed,42.13,Customer disputes a charge on their most recent invoice.
2167,5989-PGKJB,2026-08-07,2026-08-08,other,medium,closed,40.0,Requested a copy of past invoices.
2168,1488-PBLJN,2026-04-04,2026-04-04,other,low,closed,9.97,General question about plan upgrade options.
2169,0308-GIQJT,2026-05-13,2026-05-13,billing,low,closed,2.73,Reported a failed payment and requested a retry.
2170,3778-FOAQW,2026-07-23,2026-07-23,technical,medium,closed,7.8,App crashes when loading the dashboard view.
2171,6481-OGDOO,2026-05-09,2026-05-10,other,medium,closed,24.57,General question about plan upgrade options.
2172,3090-LETTY,2026-04-17,2026-04-18,other,high,closed,39.66,General question about plan upgrade options.
2173,3090-LETTY,2026-08-02,2026-08-03,other,medium,closed,24.31,General question about plan upgrade options.
2174,5349-AZPEW,2026-03-31,2026-03-31,billing,high,closed,10.15,Reported a failed payment and requested a retry.
2175,5349-AZPEW,2026-08-26,2026-08-27,billing,medium,closed,43.19,Reported a failed payment and requested a retry.
2176,3753-TSEMP,2026-05-05,,billing,high,open,,Asked why the monthly charge increased without notice.
2177,3753-TSEMP,2026-04-14,2026-04-14,billing,medium,closed,21.77,Customer disputes a charge on their most recent invoice.
2178,3753-TSEMP,2026-08-23,,billing,medium,open,,Reported a failed payment and requested a retry.
2179,9720-JJJOR,2026-06-13,2026-06-14,technical,medium,closed,47.09,Reported repeated login failures over the past week.
2180,8100-HZZLJ,2026-09-10,2026-09-11,other,high,closed,35.54,General question about plan upgrade options.
2181,8100-HZZLJ,2026-05-27,,billing,low,open,,Reported a failed payment and requested a retry.
2182,8100-HZZLJ,2026-04-22,2026-04-22,billing,medium,closed,22.3,Customer disputes a charge on their most recent invoice.
2183,8100-HZZLJ,2026-04-30,2026-05-01,other,low,closed,30.74,General question about plan upgrade options.
2184,8775-ERLNB,2026-05-15,,other,medium,open,,General question about plan upgrade options.
2185,9172-JITSM,2026-08-04,2026-08-04,other,medium,closed,8.38,Asked about cancellation policy and notice period.
2186,6298-QDFNH,2026-06-13,2026-06-14,billing,high,closed,35.41,Reported a failed payment and requested a retry.
2187,6298-QDFNH,2026-07-31,,billing,medium,open,,Reported a failed payment and requested a retry.
2188,7398-HPYZQ,2026-08-09,2026-08-10,technical,low,closed,40.73,Requested help configuring an integration.
2189,7361-YPXFS,2026-04-27,2026-04-28,other,high,closed,37.03,Requested a copy of past invoices.
2190,7519-JTWQH,2026-07-10,2026-07-11,technical,medium,closed,46.04,Requested help configuring an integration.
2191,2538-OIMXF,2026-06-18,2026-06-18,technical,low,closed,12.21,App crashes when loading the dashboard view.
2192,2538-OIMXF,2026-06-11,2026-06-12,other,medium,closed,45.5,General question about plan upgrade options.
2193,8543-MSDMF,2026-06-18,2026-06-18,billing,medium,closed,3.71,Reported a failed payment and requested a retry.
2194,8543-MSDMF,2026-08-15,2026-08-16,other,low,closed,43.79,Provided feedback about the onboarding experience.
2195,9961-JBNMK,2026-07-07,2026-07-09,other,low,closed,64.38,Provided feedback about the onboarding experience.
2196,9961-JBNMK,2026-06-21,2026-06-21,billing,medium,closed,8.52,Asked why the monthly charge increased without notice.
2197,9961-JBNMK,2026-04-23,2026-04-25,technical,high,closed,70.31,Feature X is not syncing data correctly.
2198,9961-JBNMK,2026-04-22,,technical,high,open,,Requested help configuring an integration.
2199,9961-JBNMK,2026-06-07,,billing,high,open,,Reported a failed payment and requested a retry.
2200,9961-JBNMK,2026-05-01,2026-05-03,billing,medium,closed,65.62,Customer disputes a charge on their most recent invoice.
2201,4872-JCVCA,2026-04-26,2026-04-27,billing,low,closed,38.22,Requested a refund for a duplicate charge.
2202,5346-BZCHP,2026-07-12,,technical,low,open,,Reported repeated login failures over the past week.
2203,6173-ITPWD,2026-04-23,,technical,medium,open,,Feature X is not syncing data correctly.
2204,9734-UYXQI,2026-06-22,,billing,medium,open,,Asked why the monthly charge increased without notice.
2205,2189-UXTKY,2026-07-14,,other,low,open,,Requested a copy of past invoices.
2206,2189-UXTKY,2026-05-14,2026-05-14,billing,high,closed,6.75,Customer disputes a charge on their most recent invoice.
2207,2189-UXTKY,2026-09-07,2026-09-09,other,medium,closed,59.02,General question about plan upgrade options.
2208,4958-GZWIY,2026-07-17,2026-07-18,technical,medium,closed,27.82,Requested help configuring an integration.
2209,4958-GZWIY,2026-06-20,2026-06-22,technical,high,closed,55.37,Feature X is not syncing data correctly.
2210,4958-GZWIY,2026-04-03,2026-04-03,billing,medium,closed,14.62,Requested a refund for a duplicate charge.
2211,7996-MHXLW,2026-09-14,2026-09-15,other,medium,closed,36.73,Asked about cancellation policy and notice period.
2212,7833-PKIHD,2026-08-28,2026-08-28,other,low,closed,19.87,Requested a copy of past invoices.
2213,7061-OVMIM,2026-04-18,2026-04-18,other,low,closed,22.03,Asked about cancellation policy and notice period.
2214,7061-OVMIM,2026-06-03,,technical,medium,open,,App crashes when loading the dashboard view.
2215,7061-OVMIM,2026-09-08,,other,medium,open,,Asked about cancellation policy and notice period.
2216,7061-OVMIM,2026-07-14,2026-07-14,technical,low,closed,9.92,Requested help configuring an integration.
2217,5153-RTHKF,2026-09-06,,billing,medium,open,,Reported a failed payment and requested a retry.
2218,1852-QSWCD,2026-07-15,2026-07-15,technical,medium,closed,21.56,App crashes when loading the dashboard view.
2219,1852-QSWCD,2026-08-04,2026-08-05,billing,medium,closed,47.94,Asked why the monthly charge increased without notice.
2220,1852-QSWCD,2026-04-16,2026-04-17,other,high,closed,36.23,Provided feedback about the onboarding experience.
2221,4832-VRBMR,2026-04-25,2026-04-25,billing,medium,closed,14.9,Asked why the monthly charge increased without notice.
2222,9079-LWTFD,2026-05-13,,billing,low,open,,Asked why the monthly charge increased without notice.
2223,6356-ELRKD,2026-09-10,2026-09-10,billing,high,closed,14.14,Reported a failed payment and requested a retry.
2224,6356-ELRKD,2026-07-10,,technical,low,open,,App crashes when loading the dashboard view.
2225,6356-ELRKD,2026-08-20,2026-08-21,billing,medium,closed,27.15,Requested a refund for a duplicate charge.
2226,8624-GIOUT,2026-06-19,2026-06-19,technical,medium,closed,1.34,Requested help configuring an integration.
2227,3392-EHMNK,2026-08-03,,billing,high,open,,Customer disputes a charge on their most recent invoice.
2228,3061-BCKYI,2026-06-11,2026-06-12,billing,medium,closed,32.85,Requested a refund for a duplicate charge.
2229,6179-GJPSO,2026-05-15,2026-05-18,technical,high,closed,77.23,App crashes when loading the dashboard view.
2230,6179-GJPSO,2026-08-07,,other,medium,open,,Requested a copy of past invoices.
2231,6179-GJPSO,2026-07-15,,technical,low,open,,App crashes when loading the dashboard view.
2232,6179-GJPSO,2026-09-14,2026-09-16,other,medium,closed,48.12,Asked about cancellation policy and notice period.
2233,7746-QYVCO,2026-07-25,2026-07-26,billing,low,closed,32.54,Requested a refund for a duplicate charge.
2234,7746-QYVCO,2026-07-26,2026-07-27,billing,medium,closed,26.29,Requested a refund for a duplicate charge.
2235,5804-HYIEZ,2026-08-10,,technical,medium,open,,Feature X is not syncing data correctly.
2236,9919-FZDED,2026-05-04,2026-05-04,billing,medium,closed,13.24,Asked why the monthly charge increased without notice.
2237,4897-QSUYC,2026-08-27,2026-08-27,technical,medium,closed,18.69,Feature X is not syncing data correctly.
2238,4897-QSUYC,2026-07-12,,billing,medium,open,,Reported a failed payment and requested a retry.
2239,4897-QSUYC,2026-03-30,2026-03-31,billing,low,closed,43.06,Reported a failed payment and requested a retry.
2240,4897-QSUYC,2026-04-03,,technical,medium,open,,Requested help configuring an integration.
2241,8290-YWKHZ,2026-08-09,2026-08-10,technical,low,closed,26.25,Feature X is not syncing data correctly.
2242,8290-YWKHZ,2026-06-18,2026-06-18,billing,low,closed,22.81,Requested a refund for a duplicate charge.
2243,8290-YWKHZ,2026-05-18,2026-05-19,billing,high,closed,45.86,Requested a refund for a duplicate charge.
2244,2955-BJZHG,2026-05-30,2026-05-30,other,medium,closed,15.41,Provided feedback about the onboarding experience.
2245,2955-BJZHG,2026-07-30,,billing,medium,open,,Asked why the monthly charge increased without notice.
2246,2955-BJZHG,2026-07-14,2026-07-15,billing,low,closed,30.46,Reported a failed payment and requested a retry.
2247,6784-XYJAE,2026-06-21,,other,low,open,,General question about plan upgrade options.
2248,3933-DQPWX,2026-03-27,2026-03-28,billing,medium,closed,28.94,Requested a refund for a duplicate charge.
2249,6661-EIPZC,2026-07-27,,technical,low,open,,Reported repeated login failures over the past week.
2250,6661-EIPZC,2026-07-08,2026-07-09,technical,medium,closed,42.96,Requested help configuring an integration.
2251,2251-PYLPB,2026-06-12,2026-06-13,other,medium,closed,34.73,Asked about cancellation policy and notice period.
2252,5555-RNPGT,2026-05-02,2026-05-03,technical,low,closed,46.74,Requested help configuring an integration.
2253,1057-FOGLZ,2026-07-07,2026-07-08,technical,low,closed,25.95,Feature X is not syncing data correctly.
2254,1057-FOGLZ,2026-09-06,,billing,low,open,,Requested a refund for a duplicate charge.
2255,0761-AETCS,2026-04-18,2026-04-18,other,high,closed,20.83,General question about plan upgrade options.
2256,8087-LGYHQ,2026-04-17,,other,low,open,,Asked about cancellation policy and notice period.
2257,4137-BTIKL,2026-05-03,2026-05-04,technical,medium,closed,25.44,App crashes when loading the dashboard view.
2258,4137-BTIKL,2026-07-28,2026-07-28,other,medium,closed,11.86,Provided feedback about the onboarding experience.
2259,4137-BTIKL,2026-08-08,,technical,medium,open,,Requested help configuring an integration.
2260,4137-BTIKL,2026-08-05,2026-08-06,technical,high,closed,31.13,Reported repeated login failures over the past week.
2261,2190-BCXEC,2026-07-13,2026-07-13,billing,medium,closed,11.49,Asked why the monthly charge increased without notice.
2262,2190-BCXEC,2026-07-04,,other,medium,open,,Requested a copy of past invoices.
2263,6227-FBDXH,2026-05-15,2026-05-15,billing,medium,closed,17.21,Reported a failed payment and requested a retry.
2264,2911-WDXMV,2026-06-01,2026-06-02,other,medium,closed,28.57,General question about plan upgrade options.
2265,2911-WDXMV,2026-06-20,,billing,medium,open,,Customer disputes a charge on their most recent invoice.
2266,7206-PQBBZ,2026-05-06,,other,low,open,,Provided feedback about the onboarding experience.
2267,7206-PQBBZ,2026-04-19,2026-04-20,other,medium,closed,39.31,General question about plan upgrade options.
2268,7206-PQBBZ,2026-07-09,,billing,high,open,,Asked why the monthly charge increased without notice.
2269,7206-PQBBZ,2026-07-20,2026-07-20,billing,medium,closed,4.32,Reported a failed payment and requested a retry.
2270,3106-ULWFW,2026-06-03,2026-06-04,other,high,closed,26.09,General question about plan upgrade options.
2271,0925-VYDLG,2026-03-27,2026-03-28,other,medium,closed,39.25,Provided feedback about the onboarding experience.
2272,0842-IWYCP,2026-06-24,,technical,medium,open,,Feature X is not syncing data correctly.
2273,3521-HTQTV,2026-08-21,2026-08-22,other,medium,closed,30.2,Asked about cancellation policy and notice period.
2274,3373-DIUUN,2026-05-30,2026-05-31,other,medium,closed,46.75,Asked about cancellation policy and notice period.
2275,3373-DIUUN,2026-07-27,2026-07-27,billing,low,closed,10.83,Requested a refund for a duplicate charge.
2276,7607-QKKTJ,2026-07-15,2026-07-16,billing,medium,closed,35.0,Reported a failed payment and requested a retry.
2277,7707-PYBBH,2026-04-01,2026-04-01,technical,medium,closed,12.93,Requested help configuring an integration.
2278,8984-HPEMB,2026-06-06,,technical,medium,open,,App crashes when loading the dashboard view.
2279,8984-HPEMB,2026-09-05,2026-09-06,billing,high,closed,30.32,Asked why the monthly charge increased without notice.
2280,4349-GFQHK,2026-04-23,2026-04-23,billing,medium,closed,15.65,Customer disputes a charge on their most recent invoice.
2281,4139-DETXS,2026-04-17,2026-04-18,other,low,closed,43.33,Requested a copy of past invoices.
2282,9805-FILKB,2026-05-20,,technical,medium,open,,Reported repeated login failures over the past week.
2283,9805-FILKB,2026-09-07,2026-09-07,technical,medium,closed,20.91,Feature X is not syncing data correctly.
2284,9805-FILKB,2026-08-14,,other,medium,open,,Asked about cancellation policy and notice period.
2285,9805-FILKB,2026-05-30,,billing,low,open,,Requested a refund for a duplicate charge.
2286,9805-FILKB,2026-04-23,2026-04-23,other,low,closed,9.36,Provided feedback about the onboarding experience.
2287,5793-YOLJN,2026-03-23,2026-03-23,billing,medium,closed,14.18,Requested a refund for a duplicate charge.
2288,5793-YOLJN,2026-04-28,2026-04-28,other,low,closed,21.05,General question about plan upgrade options.
2289,0673-IGUQO,2026-05-14,2026-05-14,technical,medium,closed,12.07,Requested help configuring an integration.
2290,8819-IMISP,2026-07-31,2026-08-01,technical,high,closed,24.97,Reported repeated login failures over the past week.
2291,7802-EFKNY,2026-06-23,,billing,medium,open,,Requested a refund for a duplicate charge.
2292,8311-UEUAB,2026-06-15,2026-06-16,technical,low,closed,35.34,App crashes when loading the dashboard view.
2293,8311-UEUAB,2026-04-04,2026-04-04,technical,medium,closed,3.94,Reported repeated login failures over the past week.
2294,5858-EAFCZ,2026-09-15,2026-09-15,billing,medium,closed,23.63,Asked why the monthly charge increased without notice.
2295,8035-BUYVG,2026-04-08,,billing,medium,open,,Asked why the monthly charge increased without notice.
2296,8035-BUYVG,2026-05-16,2026-05-17,technical,medium,closed,44.72,App crashes when loading the dashboard view.
2297,8035-BUYVG,2026-06-23,2026-06-26,other,medium,closed,76.8,Asked about cancellation policy and notice period.
2298,8035-BUYVG,2026-09-07,,billing,low,open,,Reported a failed payment and requested a retry.
2299,1163-ONYEY,2026-04-24,2026-04-25,technical,low,closed,35.67,Requested help configuring an integration.
2300,1163-ONYEY,2026-04-01,2026-04-01,technical,low,closed,12.71,Feature X is not syncing data correctly.
2301,9787-XVQIU,2026-05-19,2026-05-20,other,medium,closed,40.57,Provided feedback about the onboarding experience.
2302,9787-XVQIU,2026-03-31,2026-04-03,technical,low,closed,82.86,Feature X is not syncing data correctly.
2303,8945-MUQUF,2026-04-23,2026-04-24,technical,medium,closed,39.09,Requested help configuring an integration.
2304,8945-MUQUF,2026-04-30,2026-05-02,billing,low,closed,70.37,Customer disputes a charge on their most recent invoice.
2305,8945-MUQUF,2026-08-22,2026-08-25,billing,low,closed,75.61,Requested a refund for a duplicate charge.
2306,5656-MJEFC,2026-04-24,,other,medium,open,,General question about plan upgrade options.
2307,5656-MJEFC,2026-04-22,2026-04-22,technical,low,closed,2.63,Reported repeated login failures over the past week.
2308,8051-HJRLT,2026-04-27,2026-04-29,billing,high,closed,61.59,Requested a refund for a duplicate charge.
2309,8051-HJRLT,2026-03-28,2026-03-29,billing,low,closed,45.98,Requested a refund for a duplicate charge.
2310,8051-HJRLT,2026-09-12,,billing,low,open,,Asked why the monthly charge increased without notice.
2311,8974-OVACP,2026-06-26,,other,high,open,,Requested a copy of past invoices.
2312,8612-GXIDD,2026-08-04,2026-08-05,technical,medium,closed,26.42,Reported repeated login failures over the past week.
2313,6288-CHQJB,2026-08-20,,billing,low,open,,Customer disputes a charge on their most recent invoice.
2314,6288-CHQJB,2026-06-01,,other,medium,open,,Provided feedback about the onboarding experience.
2315,6288-CHQJB,2026-07-11,2026-07-12,technical,medium,closed,35.28,Requested help configuring an integration.
2316,6288-CHQJB,2026-07-21,2026-07-22,billing,medium,closed,38.64,Reported a failed payment and requested a retry.
2317,8160-HOWOX,2026-07-05,,billing,low,open,,Customer disputes a charge on their most recent invoice.
2318,3023-GFLBR,2026-07-01,,billing,low,open,,Asked why the monthly charge increased without notice.
2319,3023-GFLBR,2026-07-21,2026-07-22,other,high,closed,42.04,Provided feedback about the onboarding experience.
2320,3023-GFLBR,2026-04-15,,technical,medium,open,,Feature X is not syncing data correctly.
2321,3023-GFLBR,2026-07-26,2026-07-28,billing,medium,closed,58.64,Customer disputes a charge on their most recent invoice.
2322,6648-INWPS,2026-09-14,,other,low,open,,Requested a copy of past invoices.
2323,6648-INWPS,2026-04-16,,other,low,open,,Asked about cancellation policy and notice period.
2324,4223-BKEOR,2026-08-14,,technical,low,open,,Feature X is not syncing data correctly.
2325,4079-VTGLK,2026-03-25,2026-03-26,other,high,closed,29.82,Asked about cancellation policy and notice period.
2326,4079-VTGLK,2026-07-11,,technical,medium,open,,Requested help configuring an integration.
2327,1763-WQFUK,2026-09-02,2026-09-02,billing,medium,closed,15.29,Reported a failed payment and requested a retry.
2328,1391-UBDAR,2026-05-17,2026-05-17,technical,high,closed,22.78,Reported repeated login failures over the past week.
2329,8894-JVDCV,2026-07-06,,technical,low,open,,Feature X is not syncing data correctly.
2330,8894-JVDCV,2026-09-09,,technical,high,open,,Reported repeated login failures over the past week.
2331,2023-VQFDL,2026-09-05,2026-09-05,billing,medium,closed,15.08,Requested a refund for a duplicate charge.
2332,1345-GKDZZ,2026-09-04,2026-09-05,billing,medium,closed,46.0,Requested a refund for a duplicate charge.
2333,1345-GKDZZ,2026-08-04,2026-08-04,technical,medium,closed,5.03,App crashes when loading the dashboard view.
2334,5628-FCGYG,2026-05-23,2026-05-24,technical,medium,closed,24.28,App crashes when loading the dashboard view.
2335,5628-FCGYG,2026-07-31,2026-08-01,billing,high,closed,46.72,Asked why the monthly charge increased without notice.
2336,2560-WBWXF,2026-08-31,2026-09-01,other,medium,closed,35.07,Asked about cancellation policy and notice period.
2337,7978-DKUQH,2026-03-27,2026-03-27,billing,medium,closed,11.71,Asked why the monthly charge increased without notice.
2338,7978-DKUQH,2026-07-06,2026-07-07,technical,medium,closed,27.02,Feature X is not syncing data correctly.
2339,7978-DKUQH,2026-04-03,2026-04-03,billing,high,closed,10.95,Customer disputes a charge on their most recent invoice.
2340,4335-UPJSI,2026-03-31,2026-03-31,billing,medium,closed,16.91,Requested a refund for a duplicate charge.
2341,0524-IAVZO,2026-08-27,2026-08-28,other,medium,closed,27.49,Provided feedback about the onboarding experience.
2342,0524-IAVZO,2026-08-24,,other,low,open,,General question about plan upgrade options.
2343,9297-FVVDH,2026-08-24,2026-08-25,technical,low,closed,30.44,Reported repeated login failures over the past week.
2344,8007-YYPWD,2026-06-01,2026-06-02,technical,high,closed,30.17,Feature X is not syncing data correctly.
2345,7101-HRBLJ,2026-06-28,2026-06-29,billing,low,closed,45.9,Reported a failed payment and requested a retry.
2346,5159-YFPKQ,2026-06-17,,billing,medium,open,,Customer disputes a charge on their most recent invoice.
2347,5159-YFPKQ,2026-06-26,2026-06-26,other,low,closed,1.98,Provided feedback about the onboarding experience.
2348,5159-YFPKQ,2026-09-09,2026-09-11,billing,medium,closed,51.87,Customer disputes a charge on their most recent invoice.
2349,6635-CPNUN,2026-04-21,,technical,medium,open,,App crashes when loading the dashboard view.
2350,4021-RQSNY,2026-06-28,2026-06-30,technical,medium,closed,68.86,Requested help configuring an integration.
2351,4021-RQSNY,2026-05-01,2026-05-01,billing,high,closed,2.78,Customer disputes a charge on their most recent invoice.
2352,4021-RQSNY,2026-08-06,2026-08-06,technical,low,closed,7.53,Reported repeated login failures over the past week.
2353,2931-VUVJN,2026-04-28,2026-04-28,billing,medium,closed,10.18,Customer disputes a charge on their most recent invoice.
2354,9061-TIHDA,2026-08-08,2026-08-11,billing,medium,closed,77.39,Customer disputes a charge on their most recent invoice.
2355,9061-TIHDA,2026-04-23,2026-04-24,technical,medium,closed,24.84,Reported repeated login failures over the past week.
2356,9061-TIHDA,2026-05-03,2026-05-05,billing,medium,closed,59.3,Asked why the monthly charge increased without notice.
2357,8699-ASUFO,2026-08-06,2026-08-07,billing,high,closed,47.25,Asked why the monthly charge increased without notice.
2358,6418-PIQSP,2026-04-20,2026-04-21,technical,medium,closed,36.29,Reported repeated login failures over the past week.
2359,8220-OCUFY,2026-04-15,2026-04-15,technical,high,closed,9.28,App crashes when loading the dashboard view.
2360,8220-OCUFY,2026-08-13,2026-08-13,technical,low,closed,15.21,Feature X is not syncing data correctly.
2361,8220-OCUFY,2026-09-13,2026-09-14,technical,high,closed,32.79,Reported repeated login failures over the past week.
2362,3995-WFCSM,2026-09-05,2026-09-05,billing,low,closed,6.02,Reported a failed payment and requested a retry.
2363,1895-QTKDO,2026-03-30,2026-03-31,billing,medium,closed,38.93,Asked why the monthly charge increased without notice.
2364,2038-OEQZH,2026-08-23,,other,high,open,,Requested a copy of past invoices.
2365,2038-OEQZH,2026-05-12,2026-05-12,billing,high,closed,17.22,Requested a refund for a duplicate charge.
2366,1178-PZGAB,2026-07-22,2026-07-23,technical,medium,closed,43.02,App crashes when loading the dashboard view.
2367,7927-AUXBZ,2026-03-26,2026-03-26,other,low,closed,18.92,Provided feedback about the onboarding experience.
2368,2626-VEEWG,2026-07-31,2026-07-31,technical,high,closed,5.71,Feature X is not syncing data correctly.
2369,2878-RMWXY,2026-03-29,2026-03-29,billing,medium,closed,19.42,Reported a failed payment and requested a retry.
2370,1657-DYMBM,2026-08-17,2026-08-18,technical,medium,closed,36.38,Reported repeated login failures over the past week.
2371,1657-DYMBM,2026-09-10,2026-09-11,technical,medium,closed,47.74,Requested help configuring an integration.
2372,1657-DYMBM,2026-09-09,2026-09-09,billing,high,closed,6.99,Customer disputes a charge on their most recent invoice.
2373,1136-XGEQU,2026-07-24,,technical,high,open,,App crashes when loading the dashboard view.
2374,2530-FMFXO,2026-04-02,2026-04-03,other,medium,closed,27.0,General question about plan upgrade options.
2375,6844-DZKRF,2026-07-05,,other,medium,open,,General question about plan upgrade options.
2376,4695-WJZUE,2026-08-02,2026-08-04,billing,medium,closed,55.02,Asked why the monthly charge increased without notice.
2377,7619-ODSGN,2026-08-25,2026-08-26,technical,low,closed,27.78,Feature X is not syncing data correctly.
2378,7619-ODSGN,2026-04-02,,other,high,open,,Requested a copy of past invoices.
2379,7619-ODSGN,2026-04-30,2026-05-02,technical,low,closed,48.58,Feature X is not syncing data correctly.
2380,7619-ODSGN,2026-04-17,2026-04-20,billing,low,closed,72.76,Asked why the monthly charge increased without notice.
2381,5970-GHJAW,2026-08-05,,technical,medium,open,,Reported repeated login failures over the past week.
2382,8879-XUAHX,2026-05-08,2026-05-09,technical,medium,closed,40.53,Feature X is not syncing data correctly.
2383,5003-XZWWO,2026-07-18,,other,medium,open,,General question about plan upgrade options.
2384,3988-RQIXO,2026-09-14,2026-09-15,technical,medium,closed,45.02,Reported repeated login failures over the past week.
2385,3988-RQIXO,2026-05-30,2026-06-01,technical,low,closed,53.77,App crashes when loading the dashboard view.
2386,7622-FWGEW,2026-06-03,,billing,medium,open,,Requested a refund for a duplicate charge.
2387,2514-GINMM,2026-07-08,2026-07-08,technical,low,closed,20.18,App crashes when loading the dashboard view.
2388,9891-NQDBD,2026-05-01,,billing,low,open,,Asked why the monthly charge increased without notice.
2389,6131-IUNXN,2026-04-11,2026-04-11,technical,low,closed,4.85,Reported repeated login failures over the past week.
2390,6131-IUNXN,2026-08-10,2026-08-10,technical,low,closed,5.49,App crashes when loading the dashboard view.
2391,6131-IUNXN,2026-06-02,,other,low,open,,Asked about cancellation policy and notice period.
2392,8548-AWOFC,2026-04-24,2026-04-24,other,medium,closed,12.68,General question about plan upgrade options.
2393,8548-AWOFC,2026-05-15,,other,medium,open,,General question about plan upgrade options.
2394,9798-DRYDS,2026-07-20,2026-07-20,technical,medium,closed,19.7,Feature X is not syncing data correctly.
2395,8532-UEFWH,2026-09-15,,billing,medium,open,,Asked why the monthly charge increased without notice.
2396,6296-DDOOR,2026-05-04,,other,low,open,,General question about plan upgrade options.
2397,5931-FLJJF,2026-07-10,2026-07-10,technical,medium,closed,11.42,App crashes when loading the dashboard view.
2398,5931-FLJJF,2026-04-06,,technical,low,open,,App crashes when loading the dashboard view.
2399,5931-FLJJF,2026-03-28,2026-03-28,billing,low,closed,19.13,Reported a failed payment and requested a retry.
2400,4285-GYRQC,2026-07-27,2026-07-28,billing,low,closed,33.77,Customer disputes a charge on their most recent invoice.
2401,4285-GYRQC,2026-08-09,2026-08-10,other,medium,closed,44.53,Requested a copy of past invoices.
2402,4365-MSDYN,2026-06-30,2026-06-30,billing,high,closed,3.79,Requested a refund for a duplicate charge.
2403,7036-TYDEC,2026-06-26,,technical,medium,open,,Reported repeated login failures over the past week.
2404,5802-ADBRC,2026-05-28,2026-05-28,billing,medium,closed,5.79,Customer disputes a charge on their most recent invoice.
2405,8076-FEZKJ,2026-05-03,2026-05-03,billing,medium,closed,21.99,Asked why the monthly charge increased without notice.
2406,5197-YPYBZ,2026-07-02,2026-07-03,billing,low,closed,47.54,Asked why the monthly charge increased without notice.
2407,8337-MSSXB,2026-04-09,,other,high,open,,Asked about cancellation policy and notice period.
2408,4312-GVYNH,2026-07-02,,other,medium,open,,Provided feedback about the onboarding experience.
2409,8495-LJDFO,2026-08-14,2026-08-14,other,medium,closed,15.07,Requested a copy of past invoices.
2410,1302-UHBDD,2026-03-21,,other,low,open,,General question about plan upgrade options.
2411,1302-UHBDD,2026-06-15,,billing,high,open,,Reported a failed payment and requested a retry.
2412,2234-EOFPT,2026-06-07,2026-06-08,technical,low,closed,35.14,App crashes when loading the dashboard view.
2413,8619-IJNDK,2026-06-09,2026-06-09,other,high,closed,3.15,Requested a copy of past invoices.
2414,8619-IJNDK,2026-03-27,2026-03-27,technical,medium,closed,20.88,App crashes when loading the dashboard view.
2415,8378-LKJAF,2026-04-06,,other,low,open,,Requested a copy of past invoices.
2416,1153-GNOLC,2026-06-12,,billing,low,open,,Customer disputes a charge on their most recent invoice.
2417,3298-QEICA,2026-05-04,2026-05-04,billing,medium,closed,15.91,Customer disputes a charge on their most recent invoice.
2418,3298-QEICA,2026-05-27,,billing,low,open,,Asked why the monthly charge increased without notice.
2419,0788-DXBFY,2026-06-13,,technical,medium,open,,Feature X is not syncing data correctly.
2420,0788-DXBFY,2026-07-25,2026-07-26,technical,medium,closed,39.83,Feature X is not syncing data correctly.
2421,0788-DXBFY,2026-03-26,2026-03-26,other,medium,closed,2.15,General question about plan upgrade options.
2422,3496-LFSZU,2026-06-18,,technical,medium,open,,Reported repeated login failures over the past week.
2423,5242-UOWHD,2026-05-22,2026-05-22,other,medium,closed,4.24,General question about plan upgrade options.
2424,5242-UOWHD,2026-06-24,2026-06-25,billing,low,closed,38.41,Customer disputes a charge on their most recent invoice.
2425,5242-UOWHD,2026-09-04,2026-09-04,technical,medium,closed,12.12,App crashes when loading the dashboard view.
2426,5242-UOWHD,2026-04-27,2026-04-28,technical,medium,closed,44.16,Requested help configuring an integration.
2427,2482-CZGBB,2026-05-25,2026-05-26,billing,high,closed,43.09,Requested a refund for a duplicate charge.
2428,2482-CZGBB,2026-08-16,,technical,medium,open,,Reported repeated login failures over the past week.
2429,2482-CZGBB,2026-08-05,,technical,low,open,,Requested help configuring an integration.
2430,8097-VBQTZ,2026-05-09,2026-05-10,billing,medium,closed,35.06,Requested a refund for a duplicate charge.
2431,4500-HKANN,2026-06-10,,other,medium,open,,General question about plan upgrade options.
2432,3420-ZDBMA,2026-05-01,2026-05-02,technical,medium,closed,43.02,Requested help configuring an integration.
2433,3420-ZDBMA,2026-06-07,2026-06-08,billing,medium,closed,30.72,Customer disputes a charge on their most recent invoice.
2434,3420-ZDBMA,2026-08-21,,technical,low,open,,Requested help configuring an integration.
2435,1393-IMKZG,2026-07-13,,other,high,open,,Asked about cancellation policy and notice period.
2436,2908-WGAXL,2026-06-26,2026-06-26,other,medium,closed,2.12,General question about plan upgrade options.
2437,3378-AJRAO,2026-06-28,,technical,low,open,,Feature X is not syncing data correctly.
2438,3378-AJRAO,2026-08-26,2026-08-27,other,high,closed,32.67,Requested a copy of past invoices.
2439,1013-QCWAM,2026-04-28,2026-04-28,billing,medium,closed,5.15,Customer disputes a charge on their most recent invoice.
2440,1013-QCWAM,2026-06-28,2026-06-28,other,medium,closed,4.79,Asked about cancellation policy and notice period.
2441,0866-QLSIR,2026-03-24,2026-03-25,billing,high,closed,30.93,Reported a failed payment and requested a retry.
2442,0866-QLSIR,2026-05-30,,other,medium,open,,Asked about cancellation policy and notice period.
2443,6050-FFXES,2026-05-14,,technical,high,open,,Requested help configuring an integration.
2444,6050-FFXES,2026-07-13,2026-07-13,technical,medium,closed,14.37,Feature X is not syncing data correctly.
2445,7181-BQYBV,2026-05-10,2026-05-10,technical,medium,closed,3.28,Reported repeated login failures over the past week.
2446,0362-RAOQO,2026-07-02,2026-07-03,technical,medium,closed,44.5,Feature X is not syncing data correctly.
2447,0362-RAOQO,2026-09-13,2026-09-14,billing,medium,closed,40.95,Asked why the monthly charge increased without notice.
2448,9554-DFKIC,2026-08-15,2026-08-16,other,high,closed,37.54,Provided feedback about the onboarding experience.
2449,9554-DFKIC,2026-08-24,,other,high,open,,General question about plan upgrade options.
2450,5527-ACHSO,2026-05-02,2026-05-02,other,low,closed,2.53,General question about plan upgrade options.
2451,0829-DDVLK,2026-04-11,2026-04-12,billing,medium,closed,33.99,Requested a refund for a duplicate charge.
2452,1399-UBQIU,2026-05-02,2026-05-02,billing,medium,closed,15.05,Customer disputes a charge on their most recent invoice.
2453,1813-JLKWR,2026-05-05,2026-05-06,technical,medium,closed,30.81,Requested help configuring an integration.
2454,1813-JLKWR,2026-07-08,2026-07-08,technical,low,closed,1.99,App crashes when loading the dashboard view.
2455,0336-PIKEI,2026-04-28,2026-04-28,other,medium,closed,4.07,General question about plan upgrade options.
2456,9030-QGZNL,2026-04-07,,other,low,open,,Requested a copy of past invoices.
2457,3126-WQMGH,2026-06-13,2026-06-13,technical,medium,closed,2.06,App crashes when loading the dashboard view.
2458,4529-CKBCL,2026-06-25,2026-06-25,billing,high,closed,4.29,Asked why the monthly charge increased without notice.
2459,4529-CKBCL,2026-04-29,2026-04-29,technical,medium,closed,3.31,App crashes when loading the dashboard view.
2460,2506-CLAKW,2026-04-16,2026-04-16,other,high,closed,16.87,General question about plan upgrade options.
2461,2506-CLAKW,2026-05-28,,billing,medium,open,,Requested a refund for a duplicate charge.
2462,7176-WRTNX,2026-06-23,,technical,high,open,,App crashes when loading the dashboard view.
2463,7176-WRTNX,2026-09-01,2026-09-02,technical,low,closed,30.52,Reported repeated login failures over the past week.
2464,7176-WRTNX,2026-05-15,2026-05-16,technical,medium,closed,28.66,Reported repeated login failures over the past week.
2465,7176-WRTNX,2026-06-09,2026-06-10,billing,medium,closed,43.54,Reported a failed payment and requested a retry.
2466,1583-IHQZE,2026-06-06,2026-06-07,technical,low,closed,29.04,Reported repeated login failures over the past week.
2467,1583-IHQZE,2026-04-24,2026-04-24,other,low,closed,6.32,Provided feedback about the onboarding experience.
2468,5732-IKGQH,2026-07-30,2026-07-31,other,medium,closed,44.06,Provided feedback about the onboarding experience.
2469,0093-EXYQL,2026-04-16,2026-04-17,technical,low,closed,38.04,App crashes when loading the dashboard view.
2470,0093-EXYQL,2026-06-15,,technical,medium,open,,Feature X is not syncing data correctly.
2471,0093-EXYQL,2026-08-15,2026-08-16,other,low,closed,35.46,Requested a copy of past invoices.
2472,0093-EXYQL,2026-05-30,2026-05-31,technical,medium,closed,28.8,Feature X is not syncing data correctly.
2473,8064-RAVOH,2026-06-01,2026-06-01,technical,medium,closed,11.46,App crashes when loading the dashboard view.
2474,8064-RAVOH,2026-06-09,,technical,medium,open,,Feature X is not syncing data correctly.
2475,0219-QAERP,2026-07-31,2026-08-01,other,medium,closed,28.91,Requested a copy of past invoices.
2476,0320-JDNQG,2026-09-01,2026-09-04,billing,medium,closed,79.43,Requested a refund for a duplicate charge.
2477,9168-INPSZ,2026-05-25,2026-05-25,technical,medium,closed,16.31,Reported repeated login failures over the past week.
2478,5334-AFQJB,2026-05-07,2026-05-08,billing,medium,closed,39.58,Requested a refund for a duplicate charge.
2479,2754-SDJRD,2026-04-15,2026-04-16,billing,medium,closed,36.82,Customer disputes a charge on their most recent invoice.
2480,9578-VRMNM,2026-04-25,2026-04-26,technical,medium,closed,26.02,Requested help configuring an integration.
2481,1587-FKLZB,2026-05-15,,billing,medium,open,,Reported a failed payment and requested a retry.
2482,6140-QNRQQ,2026-05-17,2026-05-20,billing,medium,closed,74.38,Customer disputes a charge on their most recent invoice.
2483,6140-QNRQQ,2026-08-28,2026-08-29,billing,high,closed,37.09,Customer disputes a charge on their most recent invoice.
2484,6140-QNRQQ,2026-06-07,2026-06-09,technical,low,closed,63.16,App crashes when loading the dashboard view.
2485,4307-KTUMW,2026-04-15,2026-04-16,billing,medium,closed,35.33,Asked why the monthly charge increased without notice.
2486,4307-KTUMW,2026-08-13,2026-08-15,technical,low,closed,71.72,Reported repeated login failures over the past week.
2487,4307-KTUMW,2026-08-30,,billing,medium,open,,Asked why the monthly charge increased without notice.
2488,5440-FLBQG,2026-07-06,2026-07-06,billing,medium,closed,5.46,Customer disputes a charge on their most recent invoice.
2489,5440-FLBQG,2026-09-05,,technical,medium,open,,App crashes when loading the dashboard view.
2490,7470-MCQTK,2026-06-16,,other,low,open,,Asked about cancellation policy and notice period.
2491,7488-MXJIV,2026-09-11,,other,low,open,,Requested a copy of past invoices.
2492,7488-MXJIV,2026-04-30,,other,high,open,,Requested a copy of past invoices.
2493,7488-MXJIV,2026-06-29,2026-07-02,billing,high,closed,80.67,Reported a failed payment and requested a retry.
2494,9339-FIIJL,2026-07-28,,other,medium,open,,General question about plan upgrade options.
2495,2027-FECZV,2026-08-16,2026-08-17,technical,medium,closed,44.88,App crashes when loading the dashboard view.
2496,2027-FECZV,2026-07-23,,other,medium,open,,Provided feedback about the onboarding experience.
2497,2027-FECZV,2026-08-20,2026-08-20,other,medium,closed,14.44,Asked about cancellation policy and notice period.
2498,2672-DZUOY,2026-04-27,2026-04-28,technical,low,closed,47.86,Reported repeated login failures over the past week.
2499,4706-DGAHW,2026-04-13,2026-04-13,technical,medium,closed,21.56,Requested help configuring an integration.
2500,4706-DGAHW,2026-05-16,2026-05-17,billing,high,closed,41.26,Asked why the monthly charge increased without notice.
2501,3870-MQAMG,2026-09-09,,other,high,open,,Asked about cancellation policy and notice period.
2502,3870-MQAMG,2026-04-28,2026-04-30,billing,medium,closed,69.15,Reported a failed payment and requested a retry.
2503,3870-MQAMG,2026-08-13,,billing,medium,open,,Asked why the monthly charge increased without notice.
2504,6670-MFRPK,2026-05-11,2026-05-12,other,medium,closed,37.85,Provided feedback about the onboarding experience.
2505,4800-CZMPC,2026-04-18,2026-04-21,billing,medium,closed,79.12,Customer disputes a charge on their most recent invoice.
2506,4813-HQMGZ,2026-05-25,2026-05-26,billing,low,closed,37.77,Requested a refund for a duplicate charge.
2507,7579-KKLOE,2026-05-27,2026-05-27,billing,low,closed,7.03,Customer disputes a charge on their most recent invoice.
2508,7377-DMMRI,2026-07-12,,billing,low,open,,Asked why the monthly charge increased without notice.
2509,7377-DMMRI,2026-06-05,2026-06-06,other,low,closed,42.96,Requested a copy of past invoices.
2510,4947-DSMXK,2026-09-05,2026-09-06,technical,low,closed,26.32,Feature X is not syncing data correctly.
2511,0002-ORFBO,2026-07-26,,billing,medium,open,,Customer disputes a charge on their most recent invoice.
2512,3324-OIRTO,2026-05-17,,billing,medium,open,,Reported a failed payment and requested a retry.
2513,3324-OIRTO,2026-05-05,2026-05-05,technical,medium,closed,21.85,App crashes when loading the dashboard view.
2514,5414-OFQCB,2026-07-14,2026-07-15,technical,medium,closed,34.1,Feature X is not syncing data correctly.
2515,4967-WPNCF,2026-07-19,2026-07-19,technical,low,closed,6.49,Reported repeated login failures over the past week.
2516,4967-WPNCF,2026-06-19,2026-06-20,billing,medium,closed,25.9,Reported a failed payment and requested a retry.
2517,8552-OBVRU,2026-05-02,,technical,low,open,,Feature X is not syncing data correctly.
2518,8552-OBVRU,2026-05-12,,technical,medium,open,,App crashes when loading the dashboard view.
2519,8499-BRXTD,2026-08-18,2026-08-19,technical,medium,closed,39.14,Requested help configuring an integration.
2520,9154-QDGTH,2026-09-01,2026-09-02,technical,high,closed,30.86,Reported repeated login failures over the past week.
2521,2577-GVSIL,2026-05-11,,billing,high,open,,Reported a failed payment and requested a retry.
2522,6770-UAYGJ,2026-09-07,2026-09-08,technical,high,closed,41.65,Reported repeated login failures over the past week.
2523,1187-WILMM,2026-04-26,2026-04-26,billing,medium,closed,21.66,Asked why the monthly charge increased without notice.
2524,1306-RPWXZ,2026-06-29,2026-06-29,technical,high,closed,10.48,Feature X is not syncing data correctly.
2525,8949-JTMAY,2026-07-08,,technical,low,open,,App crashes when loading the dashboard view.
2526,8949-JTMAY,2026-05-08,2026-05-09,billing,medium,closed,30.83,Asked why the monthly charge increased without notice.
2527,3097-PYWXL,2026-05-10,2026-05-10,other,medium,closed,2.32,Asked about cancellation policy and notice period.
2528,2266-SJNAT,2026-08-01,2026-08-01,other,medium,closed,16.23,General question about plan upgrade options.
2529,4238-JSSWH,2026-09-05,2026-09-05,other,medium,closed,5.18,Provided feedback about the onboarding experience.
2530,4238-JSSWH,2026-04-25,2026-04-25,technical,high,closed,23.35,Requested help configuring an integration.
2531,2972-YDYUW,2026-08-13,,other,low,open,,Requested a copy of past invoices.
2532,1104-FEJAM,2026-07-15,,technical,low,open,,App crashes when loading the dashboard view.
2533,4981-FLTMF,2026-05-22,2026-05-22,billing,high,closed,5.93,Asked why the monthly charge increased without notice.
2534,9121-PHQSR,2026-08-14,,technical,medium,open,,Reported repeated login failures over the past week.
2535,3113-IWHLC,2026-06-20,2026-06-20,other,low,closed,22.35,Requested a copy of past invoices.
2536,4304-TSPVK,2026-04-27,2026-04-28,technical,high,closed,30.48,Requested help configuring an integration.
2537,2637-FKFSY,2026-06-24,2026-06-24,billing,medium,closed,19.74,Requested a refund for a duplicate charge.
2538,7874-ECPQJ,2026-09-09,2026-09-10,other,medium,closed,42.37,Requested a copy of past invoices.
2539,0020-INWCK,2026-08-14,2026-08-14,technical,medium,closed,1.74,Reported repeated login failures over the past week.
2540,0020-INWCK,2026-07-26,,other,medium,open,,Asked about cancellation policy and notice period.
2541,7089-RKVSZ,2026-06-04,2026-06-05,billing,medium,closed,45.81,Reported a failed payment and requested a retry.
2542,9548-ZMVTX,2026-06-17,,billing,medium,open,,Asked why the monthly charge increased without notice.
2543,9548-ZMVTX,2026-06-05,2026-06-06,other,low,closed,37.39,Requested a copy of past invoices.
2544,9548-ZMVTX,2026-09-05,,other,low,open,,Asked about cancellation policy and notice period.
2545,9548-ZMVTX,2026-06-17,,billing,high,open,,Requested a refund for a duplicate charge.
2546,9424-CMPOG,2026-08-22,2026-08-22,billing,high,closed,22.18,Reported a failed payment and requested a retry.
2547,5067-WJEUN,2026-05-05,2026-05-05,billing,high,closed,10.52,Asked why the monthly charge increased without notice.
2548,3450-WXOAT,2026-05-03,2026-05-03,billing,medium,closed,11.56,Requested a refund for a duplicate charge.
2549,9251-WNSOD,2026-05-18,,technical,high,open,,App crashes when loading the dashboard view.
2550,6974-DAFLI,2026-05-19,2026-05-20,billing,medium,closed,33.29,Asked why the monthly charge increased without notice.
2551,2616-UUTFK,2026-06-22,,technical,low,open,,Reported repeated login failures over the past week.
2552,7064-JHXCE,2026-08-05,,other,medium,open,,Provided feedback about the onboarding experience.
2553,7064-JHXCE,2026-05-10,2026-05-11,technical,low,closed,26.45,Requested help configuring an integration.
2554,4559-UWIHT,2026-08-15,,technical,medium,open,,Requested help configuring an integration.
2555,7268-IGMFD,2026-04-05,,technical,medium,open,,Requested help configuring an integration.
2556,1846-XWOQN,2026-04-12,,billing,low,open,,Asked why the monthly charge increased without notice.
2557,1846-XWOQN,2026-05-25,2026-05-25,billing,medium,closed,9.73,Requested a refund for a duplicate charge.
2558,1846-XWOQN,2026-07-08,2026-07-08,technical,medium,closed,1.15,Reported repeated login failures over the past week.
2559,1846-XWOQN,2026-07-12,2026-07-14,other,medium,closed,57.33,Asked about cancellation policy and notice period.
2560,1846-XWOQN,2026-07-18,2026-07-21,billing,low,closed,75.86,Requested a refund for a duplicate charge.
2561,1846-XWOQN,2026-09-13,,billing,medium,open,,Customer disputes a charge on their most recent invoice.
2562,0235-KGSLC,2026-05-16,,billing,low,open,,Asked why the monthly charge increased without notice.
2563,0235-KGSLC,2026-07-06,2026-07-06,technical,medium,closed,13.0,Reported repeated login failures over the past week.
2564,0235-KGSLC,2026-04-03,2026-04-03,technical,low,closed,8.48,Feature X is not syncing data correctly.
2565,0235-KGSLC,2026-06-03,,billing,high,open,,Requested a refund for a duplicate charge.
2566,6650-BWFRT,2026-05-06,2026-05-07,other,medium,closed,45.91,Provided feedback about the onboarding experience.
2567,6650-BWFRT,2026-07-12,2026-07-12,other,medium,closed,11.26,General question about plan upgrade options.
2568,6650-BWFRT,2026-06-22,2026-06-23,technical,high,closed,26.86,App crashes when loading the dashboard view.
2569,9570-KYEUA,2026-05-29,2026-05-30,other,medium,closed,26.56,Provided feedback about the onboarding experience.
2570,6993-YGFJV,2026-08-21,2026-08-22,technical,high,closed,27.0,Reported repeated login failures over the past week.
2571,5498-IBWPI,2026-08-29,2026-08-30,other,low,closed,36.26,General question about plan upgrade options.
2572,9308-ANMVE,2026-03-28,,other,low,open,,Provided feedback about the onboarding experience.
2573,9308-ANMVE,2026-06-20,,other,medium,open,,Requested a copy of past invoices.
2574,2884-GBPFB,2026-05-31,2026-06-02,billing,low,closed,67.11,Customer disputes a charge on their most recent invoice.
2575,3757-NJYBX,2026-07-03,,other,medium,open,,Provided feedback about the onboarding experience.
2576,3757-NJYBX,2026-07-01,,technical,low,open,,App crashes when loading the dashboard view.
2577,7649-PHJVR,2026-04-19,2026-04-19,billing,low,closed,18.65,Requested a refund for a duplicate charge.
2578,2573-GYRUU,2026-06-23,2026-06-24,other,high,closed,24.06,Asked about cancellation policy and notice period.
2579,2573-GYRUU,2026-09-08,,other,medium,open,,Provided feedback about the onboarding experience.
2580,5156-UMKOW,2026-09-15,2026-09-15,other,medium,closed,12.45,Requested a copy of past invoices.
2581,5156-UMKOW,2026-06-25,2026-06-26,technical,low,closed,33.53,App crashes when loading the dashboard view.
2582,5156-UMKOW,2026-07-18,,other,medium,open,,Asked about cancellation policy and notice period.
2583,9822-OAOVB,2026-08-14,2026-08-14,other,medium,closed,23.47,Asked about cancellation policy and notice period.
2584,9822-OAOVB,2026-09-05,2026-09-06,technical,low,closed,29.13,Feature X is not syncing data correctly.
2585,6161-ERDGD,2026-06-16,,technical,high,open,,Requested help configuring an integration.
2586,1226-JZNKR,2026-04-12,2026-04-12,technical,medium,closed,4.88,Requested help configuring an integration.
2587,3771-PZOBW,2026-06-27,2026-06-28,technical,low,closed,33.85,App crashes when loading the dashboard view.
2588,5136-KCKGI,2026-07-03,2026-07-03,other,low,closed,19.43,Provided feedback about the onboarding experience.
2589,5136-KCKGI,2026-09-13,2026-09-14,other,low,closed,33.83,General question about plan upgrade options.
2590,8231-BSWXX,2026-05-22,,other,medium,open,,Provided feedback about the onboarding experience.
2591,6486-LHTMA,2026-08-01,,technical,medium,open,,App crashes when loading the dashboard view.
2592,4083-BFNYK,2026-05-06,2026-05-07,other,medium,closed,33.38,Provided feedback about the onboarding experience.
2593,3722-WPXTK,2026-07-09,,technical,medium,open,,Requested help configuring an integration.
2594,7389-KBFIT,2026-05-13,2026-05-13,billing,medium,closed,6.35,Reported a failed payment and requested a retry.
2595,7389-KBFIT,2026-07-24,2026-07-24,billing,medium,closed,20.95,Customer disputes a charge on their most recent invoice.
2596,7176-WIONM,2026-05-08,2026-05-09,technical,low,closed,29.75,App crashes when loading the dashboard view.
2597,5141-ZUVBH,2026-04-15,,other,low,open,,Provided feedback about the onboarding experience.
2598,7623-HKYRK,2026-07-15,2026-07-15,technical,low,closed,4.67,Requested help configuring an integration.
2599,5197-PYEPU,2026-07-22,,billing,high,open,,Requested a refund for a duplicate charge.
2600,2929-ERCFZ,2026-09-05,,technical,medium,open,,App crashes when loading the dashboard view.
2601,2929-ERCFZ,2026-05-21,2026-05-21,technical,medium,closed,14.22,Requested help configuring an integration.
2602,7548-SEPYI,2026-07-06,,billing,low,open,,Reported a failed payment and requested a retry.
2603,8835-VSDSE,2026-05-20,2026-05-21,billing,medium,closed,34.18,Asked why the monthly charge increased without notice.
2604,8835-VSDSE,2026-05-03,,billing,medium,open,,Customer disputes a charge on their most recent invoice.
2605,6619-RPLQZ,2026-06-29,2026-06-29,technical,high,closed,11.74,Requested help configuring an integration.
2606,3275-RHRNE,2026-04-07,2026-04-07,other,medium,closed,23.19,Requested a copy of past invoices.
2607,3503-TYDAY,2026-04-10,,other,medium,open,,Asked about cancellation policy and notice period.
2608,6901-GOGZG,2026-04-26,2026-04-27,other,low,closed,35.55,Provided feedback about the onboarding experience.
2609,6901-GOGZG,2026-08-28,2026-08-29,technical,medium,closed,29.69,Requested help configuring an integration.
2610,1623-NLDOT,2026-08-23,2026-08-23,other,medium,closed,7.4,General question about plan upgrade options.
2611,1623-NLDOT,2026-08-13,2026-08-15,billing,medium,closed,62.89,Asked why the monthly charge increased without notice.
2612,1623-NLDOT,2026-05-27,2026-05-30,billing,high,closed,76.62,Requested a refund for a duplicate charge.
2613,1623-NLDOT,2026-08-26,2026-08-26,other,high,closed,1.35,Asked about cancellation policy and notice period.
2614,9621-OUPYD,2026-05-20,2026-05-21,technical,low,closed,41.23,Reported repeated login failures over the past week.
2615,9898-KZQDZ,2026-05-20,,other,medium,open,,Provided feedback about the onboarding experience.
2616,9898-KZQDZ,2026-07-25,2026-07-26,technical,medium,closed,39.33,App crashes when loading the dashboard view.
2617,8982-NHAVY,2026-06-07,,billing,medium,open,,Reported a failed payment and requested a retry.
2618,4307-KWMXE,2026-06-15,2026-06-16,other,high,closed,28.67,Asked about cancellation policy and notice period.
2619,0141-YEAYS,2026-05-24,2026-05-24,other,medium,closed,18.28,Provided feedback about the onboarding experience.
2620,0141-YEAYS,2026-06-22,2026-06-23,technical,low,closed,26.82,App crashes when loading the dashboard view.
2621,3694-DELSO,2026-06-03,,other,high,open,,General question about plan upgrade options.
2622,3694-DELSO,2026-05-05,,other,medium,open,,Requested a copy of past invoices.
2623,3893-JRNFS,2026-09-04,2026-09-04,technical,medium,closed,10.21,Reported repeated login failures over the past week.
2624,9603-OAIHC,2026-06-17,2026-06-18,other,high,closed,37.01,Asked about cancellation policy and notice period.
2625,9603-OAIHC,2026-08-21,2026-08-22,billing,medium,closed,36.42,Reported a failed payment and requested a retry.
2626,1133-KXCGE,2026-09-03,2026-09-03,technical,medium,closed,3.73,App crashes when loading the dashboard view.
2627,5236-PERKL,2026-03-22,,billing,medium,open,,Requested a refund for a duplicate charge.
2628,1049-FYSYG,2026-04-30,2026-04-30,other,low,closed,16.75,Asked about cancellation policy and notice period.
2629,2519-FAKOD,2026-06-03,2026-06-04,other,medium,closed,31.97,Requested a copy of past invoices.
2630,8406-LNMHF,2026-05-03,2026-05-04,technical,medium,closed,41.52,Reported repeated login failures over the past week.
2631,8406-LNMHF,2026-08-26,2026-08-27,technical,medium,closed,31.3,App crashes when loading the dashboard view.
2632,8406-LNMHF,2026-04-21,2026-04-21,other,medium,closed,2.54,Asked about cancellation policy and notice period.
2633,8263-JQAIK,2026-04-18,2026-04-20,technical,medium,closed,53.56,Feature X is not syncing data correctly.
2634,0023-UYUPN,2026-04-24,,other,medium,open,,Requested a copy of past invoices.
2635,8314-DPQHL,2026-08-22,,technical,high,open,,Reported repeated login failures over the past week.
2636,1465-WCZVT,2026-06-03,,technical,medium,open,,Feature X is not syncing data correctly.
2637,9481-SFCQY,2026-07-13,,billing,medium,open,,Reported a failed payment and requested a retry.
2638,9481-SFCQY,2026-07-29,,billing,medium,open,,Asked why the monthly charge increased without notice.
2639,7089-IVVAZ,2026-07-25,2026-07-28,other,high,closed,79.47,Asked about cancellation policy and notice period.
2640,7089-IVVAZ,2026-08-31,2026-09-02,billing,low,closed,51.95,Asked why the monthly charge increased without notice.
2641,2205-YMZZJ,2026-09-07,2026-09-08,technical,medium,closed,30.24,Reported repeated login failures over the past week.
2642,1254-IZEYF,2026-09-11,,other,medium,open,,General question about plan upgrade options.
2643,1254-IZEYF,2026-08-11,2026-08-13,technical,low,closed,63.99,App crashes when loading the dashboard view.
2644,9492-TOKRI,2026-04-28,2026-04-28,other,low,closed,7.67,Provided feedback about the onboarding experience.
2645,9492-TOKRI,2026-06-22,2026-06-23,billing,medium,closed,24.55,Customer disputes a charge on their most recent invoice.
2646,1475-VWVDO,2026-06-10,2026-06-11,technical,high,closed,44.41,Requested help configuring an integration.
2647,1475-VWVDO,2026-08-26,2026-08-26,technical,high,closed,11.68,Requested help configuring an integration.
2648,1357-MVDOZ,2026-08-16,2026-08-16,billing,medium,closed,22.06,Requested a refund for a duplicate charge.
2649,7602-MVRMB,2026-09-09,2026-09-10,technical,low,closed,45.68,Reported repeated login failures over the past week.
2650,5908-QMGOE,2026-08-24,,other,medium,open,,Asked about cancellation policy and notice period.
2651,5908-QMGOE,2026-06-25,,other,low,open,,Asked about cancellation policy and notice period.
2652,8481-YYXWG,2026-05-22,,technical,low,open,,Reported repeated login failures over the past week.
2653,8481-YYXWG,2026-05-11,2026-05-12,billing,medium,closed,34.86,Reported a failed payment and requested a retry.
2654,5968-HYJRZ,2026-07-13,,other,medium,open,,General question about plan upgrade options.
2655,5968-HYJRZ,2026-05-22,2026-05-22,billing,low,closed,18.59,Reported a failed payment and requested a retry.
2656,5968-HYJRZ,2026-05-19,2026-05-20,other,medium,closed,44.82,General question about plan upgrade options.
2657,5198-EFNBM,2026-08-31,2026-08-31,billing,high,closed,22.25,Customer disputes a charge on their most recent invoice.
2658,7516-GMHUV,2026-08-05,2026-08-06,billing,low,closed,34.55,Requested a refund for a duplicate charge.
2659,7140-ADSMJ,2026-05-10,2026-05-10,technical,low,closed,17.3,App crashes when loading the dashboard view.
2660,2585-KTFRE,2026-04-16,,other,low,open,,Asked about cancellation policy and notice period.
2661,2585-KTFRE,2026-03-30,,other,medium,open,,Requested a copy of past invoices.
2662,7994-UYIVZ,2026-09-05,,billing,low,open,,Customer disputes a charge on their most recent invoice.
2663,7994-UYIVZ,2026-03-24,2026-03-24,technical,low,closed,21.73,Requested help configuring an integration.
2664,7994-UYIVZ,2026-06-02,,technical,high,open,,Feature X is not syncing data correctly.
2665,2609-IAICY,2026-08-29,2026-08-31,other,low,closed,62.93,Provided feedback about the onboarding experience.
2666,1740-CSDJP,2026-05-28,2026-05-28,billing,low,closed,1.26,Customer disputes a charge on their most recent invoice.
2667,6559-RAKOZ,2026-05-12,2026-05-12,billing,low,closed,15.66,Reported a failed payment and requested a retry.
2668,2636-OHFMN,2026-04-16,2026-04-17,billing,low,closed,38.03,Requested a refund for a duplicate charge.
2669,2636-OHFMN,2026-07-09,2026-07-11,technical,medium,closed,49.42,Feature X is not syncing data correctly.
2670,2636-OHFMN,2026-08-21,2026-08-21,technical,medium,closed,20.64,App crashes when loading the dashboard view.
2671,4716-MRVEN,2026-08-16,2026-08-16,other,low,closed,6.85,General question about plan upgrade options.
2672,2143-LJULT,2026-08-21,,billing,low,open,,Asked why the monthly charge increased without notice.
2673,1323-OOEPC,2026-08-11,2026-08-13,other,low,closed,53.61,Asked about cancellation policy and notice period.
2674,1323-OOEPC,2026-03-31,2026-04-02,technical,high,closed,61.2,App crashes when loading the dashboard view.
2675,3200-MNQTF,2026-04-07,2026-04-07,other,medium,closed,22.95,Asked about cancellation policy and notice period.
2676,6164-HXUGH,2026-07-09,2026-07-09,other,medium,closed,23.68,Asked about cancellation policy and notice period.
2677,6164-HXUGH,2026-08-31,2026-08-31,other,medium,closed,10.75,Asked about cancellation policy and notice period.
2678,6164-HXUGH,2026-04-10,,other,high,open,,Requested a copy of past invoices.
2679,0320-DWVTU,2026-03-23,,billing,medium,open,,Asked why the monthly charge increased without notice.
2680,0320-DWVTU,2026-07-12,,billing,low,open,,Requested a refund for a duplicate charge.
2681,9135-MGVPY,2026-03-27,2026-03-27,other,medium,closed,6.53,Provided feedback about the onboarding experience.
2682,7878-JGDKK,2026-03-26,2026-03-27,billing,low,closed,26.2,Requested a refund for a duplicate charge.
2683,7878-JGDKK,2026-09-11,2026-09-12,technical,medium,closed,43.69,Requested help configuring an integration.
2684,7878-JGDKK,2026-08-15,,billing,medium,open,,Requested a refund for a duplicate charge.
2685,1088-AUUZZ,2026-09-11,2026-09-12,other,medium,closed,27.76,Requested a copy of past invoices.
2686,1088-AUUZZ,2026-03-31,,other,medium,open,,General question about plan upgrade options.
2687,1088-AUUZZ,2026-04-21,,billing,low,open,,Requested a refund for a duplicate charge.
2688,0397-GZBBC,2026-08-30,,billing,medium,open,,Requested a refund for a duplicate charge.
2689,0397-GZBBC,2026-07-06,,billing,medium,open,,Reported a failed payment and requested a retry.
2690,0397-GZBBC,2026-05-03,2026-05-04,other,medium,closed,47.09,General question about plan upgrade options.
2691,6614-YWYSC,2026-07-19,2026-07-20,billing,low,closed,46.11,Reported a failed payment and requested a retry.
2692,9588-OZDMQ,2026-05-20,2026-05-21,other,low,closed,40.3,General question about plan upgrade options.
2693,7641-EUYET,2026-04-02,2026-04-02,other,low,closed,6.91,General question about plan upgrade options.
2694,6476-EPYZR,2026-08-26,2026-08-27,technical,low,closed,28.0,App crashes when loading the dashboard view.
2695,1174-FGIFN,2026-06-23,,technical,medium,open,,App crashes when loading the dashboard view.
2696,1174-FGIFN,2026-05-27,2026-05-27,other,low,closed,21.27,General question about plan upgrade options.
2697,1174-FGIFN,2026-05-01,2026-05-02,other,high,closed,28.44,General question about plan upgrade options.
2698,6620-HVDUJ,2026-04-20,,billing,low,open,,Asked why the monthly charge increased without notice.
2699,4701-MLJPN,2026-08-15,2026-08-15,technical,medium,closed,5.2,Requested help configuring an integration.
2700,1032-MAELW,2026-05-17,,other,high,open,,Requested a copy of past invoices.
2701,1032-MAELW,2026-08-14,2026-08-14,other,medium,closed,7.55,Requested a copy of past invoices.
2702,1032-MAELW,2026-09-15,2026-09-16,billing,high,closed,29.28,Reported a failed payment and requested a retry.
2703,1032-MAELW,2026-07-26,2026-07-26,billing,medium,closed,2.93,Requested a refund for a duplicate charge.
2704,7641-TQFHN,2026-04-16,2026-04-17,technical,medium,closed,26.77,Requested help configuring an integration.
2705,7641-TQFHN,2026-05-10,2026-05-10,other,high,closed,21.97,General question about plan upgrade options.
2706,1552-TKMXS,2026-05-24,,other,high,open,,Requested a copy of past invoices.
2707,1596-BBVTG,2026-07-27,,billing,high,open,,Reported a failed payment and requested a retry.
2708,1596-BBVTG,2026-05-07,2026-05-09,billing,high,closed,68.55,Reported a failed payment and requested a retry.
2709,2333-KWEWW,2026-06-26,2026-06-26,other,medium,closed,4.75,General question about plan upgrade options.
2710,2333-KWEWW,2026-06-22,2026-06-23,technical,medium,closed,45.42,App crashes when loading the dashboard view.
2711,5702-SKUOB,2026-05-05,2026-05-05,technical,low,closed,1.05,Reported repeated login failures over the past week.
2712,1134-YWTYF,2026-03-26,2026-03-26,technical,medium,closed,3.85,Reported repeated login failures over the past week.
2713,1134-YWTYF,2026-06-04,,billing,medium,open,,Customer disputes a charge on their most recent invoice.
2714,6061-GWWAV,2026-07-28,2026-07-29,billing,low,closed,31.24,Requested a refund for a duplicate charge.
2715,6061-GWWAV,2026-03-23,2026-03-24,technical,high,closed,45.59,App crashes when loading the dashboard view.
2716,6061-GWWAV,2026-04-23,2026-04-24,billing,high,closed,37.31,Customer disputes a charge on their most recent invoice.
2717,6585-WCEWR,2026-07-24,2026-07-25,other,medium,closed,31.04,General question about plan upgrade options.
2718,9067-YGSCA,2026-04-11,2026-04-12,technical,medium,closed,30.45,Feature X is not syncing data correctly.
2719,9067-YGSCA,2026-05-16,2026-05-17,billing,medium,closed,42.71,Reported a failed payment and requested a retry.
2720,9067-SQTNS,2026-06-12,2026-06-12,technical,high,closed,10.83,Feature X is not syncing data correctly.
2721,1776-SPBWV,2026-08-14,2026-08-14,other,low,closed,10.75,Requested a copy of past invoices.
2722,8735-SDUFN,2026-06-24,2026-06-25,billing,high,closed,44.48,Requested a refund for a duplicate charge.
2723,8735-SDUFN,2026-03-28,2026-03-28,billing,medium,closed,8.93,Reported a failed payment and requested a retry.
2724,9405-GPBBG,2026-06-06,2026-06-07,technical,medium,closed,39.66,App crashes when loading the dashboard view.
2725,9405-GPBBG,2026-05-18,2026-05-19,billing,medium,closed,31.49,Asked why the monthly charge increased without notice.
2726,1926-QUZNN,2026-05-31,2026-06-01,billing,low,closed,25.96,Reported a failed payment and requested a retry.
2727,1926-QUZNN,2026-03-31,2026-04-01,other,low,closed,35.53,Requested a copy of past invoices.
2728,3707-GNWHM,2026-07-22,2026-07-23,technical,medium,closed,27.79,App crashes when loading the dashboard view.
2729,3707-GNWHM,2026-07-05,,other,medium,open,,Provided feedback about the onboarding experience.
2730,9565-AXSMR,2026-06-06,,billing,medium,open,,Asked why the monthly charge increased without notice.
2731,9565-AXSMR,2026-08-15,2026-08-15,other,low,closed,11.75,Requested a copy of past invoices.
2732,8922-LIEGH,2026-05-01,,technical,medium,open,,Feature X is not syncing data correctly.
2733,8245-UMPYT,2026-05-04,2026-05-07,other,medium,closed,75.3,Provided feedback about the onboarding experience.
2734,5186-SAMNZ,2026-04-26,,other,high,open,,Requested a copy of past invoices.
2735,5186-SAMNZ,2026-09-14,,billing,medium,open,,Requested a refund for a duplicate charge.
2736,5186-SAMNZ,2026-08-09,2026-08-11,other,medium,closed,69.7,General question about plan upgrade options.
2737,5186-SAMNZ,2026-08-27,2026-08-28,other,high,closed,34.86,Provided feedback about the onboarding experience.
2738,4927-WWOOZ,2026-06-16,,billing,high,open,,Customer disputes a charge on their most recent invoice.
2739,0661-KBKPA,2026-07-06,2026-07-06,technical,low,closed,8.82,Requested help configuring an integration.
2740,9081-WWXKP,2026-05-19,2026-05-20,billing,medium,closed,31.11,Reported a failed payment and requested a retry.
2741,9081-WWXKP,2026-06-28,,billing,low,open,,Reported a failed payment and requested a retry.
2742,5766-ZJYBB,2026-09-05,2026-09-08,other,high,closed,78.26,General question about plan upgrade options.
2743,8931-GJJIQ,2026-04-03,,billing,medium,open,,Customer disputes a charge on their most recent invoice.
2744,4277-PVRAN,2026-08-13,2026-08-15,billing,high,closed,50.49,Reported a failed payment and requested a retry.
2745,4277-PVRAN,2026-05-27,,billing,low,open,,Requested a refund for a duplicate charge.
2746,0022-TCJCI,2026-05-18,,billing,medium,open,,Customer disputes a charge on their most recent invoice.
2747,0022-TCJCI,2026-04-06,,technical,medium,open,,App crashes when loading the dashboard view.
2748,0022-TCJCI,2026-04-05,,technical,medium,open,,Requested help configuring an integration.
2749,0022-TCJCI,2026-06-13,,billing,medium,open,,Requested a refund for a duplicate charge.
2750,0722-SVSFK,2026-07-20,2026-07-21,other,low,closed,36.09,Requested a copy of past invoices.
2751,3612-YVGSJ,2026-08-29,2026-08-29,other,medium,closed,23.92,Asked about cancellation policy and notice period.
2752,3612-YVGSJ,2026-05-16,,technical,medium,open,,App crashes when loading the dashboard view.
2753,9825-YCXWZ,2026-05-19,2026-05-19,other,high,closed,9.3,General question about plan upgrade options.
2754,8565-HBFNN,2026-07-08,2026-07-09,billing,medium,closed,39.16,Asked why the monthly charge increased without notice.
2755,2000-DHJUY,2026-07-02,2026-07-03,technical,low,closed,45.35,Requested help configuring an integration.
2756,0203-HHYIJ,2026-08-08,,billing,low,open,,Customer disputes a charge on their most recent invoice.
2757,0203-HHYIJ,2026-04-08,,billing,high,open,,Asked why the monthly charge increased without notice.
2758,0203-HHYIJ,2026-07-10,,billing,high,open,,Reported a failed payment and requested a retry.
2759,0203-HHYIJ,2026-03-26,,other,medium,open,,Asked about cancellation policy and notice period.
2760,7758-UJWYS,2026-06-03,2026-06-03,technical,medium,closed,11.19,Requested help configuring an integration.
2761,7758-UJWYS,2026-07-11,,other,medium,open,,Asked about cancellation policy and notice period.
2762,2050-ONYDQ,2026-06-24,2026-06-24,other,low,closed,14.35,Provided feedback about the onboarding experience.
2763,4826-DXMUP,2026-07-05,2026-07-06,technical,medium,closed,44.91,Requested help configuring an integration.
2764,9796-BPKIW,2026-05-13,2026-05-13,other,low,closed,9.58,Requested a copy of past invoices.
2765,9796-BPKIW,2026-05-10,,technical,low,open,,Reported repeated login failures over the past week.
2766,9796-BPKIW,2026-03-25,2026-03-26,other,medium,closed,27.99,General question about plan upgrade options.
2767,9796-BPKIW,2026-06-03,2026-06-03,billing,medium,closed,10.8,Asked why the monthly charge increased without notice.
2768,9796-BPKIW,2026-08-27,,other,medium,open,,Provided feedback about the onboarding experience.
2769,8129-GMVGI,2026-04-26,2026-04-27,billing,medium,closed,42.92,Requested a refund for a duplicate charge.
2770,2882-DDZPG,2026-09-04,2026-09-05,billing,low,closed,47.23,Requested a refund for a duplicate charge.
2771,3547-LQRIK,2026-06-25,2026-06-26,technical,high,closed,47.59,Requested help configuring an integration.
2772,5843-TTHGI,2026-08-23,2026-08-24,technical,medium,closed,42.38,Requested help configuring an integration.
2773,5843-TTHGI,2026-07-13,,billing,medium,open,,Customer disputes a charge on their most recent invoice.
2774,1849-RJYIG,2026-05-15,,technical,medium,open,,Feature X is not syncing data correctly.
2775,1849-RJYIG,2026-08-16,2026-08-17,technical,medium,closed,44.09,App crashes when loading the dashboard view.
2776,5380-XPJNZ,2026-05-14,2026-05-15,other,medium,closed,30.27,General question about plan upgrade options.
2777,8178-EYZUO,2026-07-15,,other,medium,open,,Provided feedback about the onboarding experience.
2778,5130-IEKQT,2026-08-28,,technical,medium,open,,Requested help configuring an integration.
2779,7996-BPXHY,2026-06-24,2026-06-24,technical,medium,closed,19.46,Reported repeated login failures over the past week.
2780,3227-WLKLI,2026-08-28,2026-08-28,other,high,closed,19.33,General question about plan upgrade options.
2781,2266-FUBDZ,2026-09-03,2026-09-04,technical,medium,closed,37.68,Requested help configuring an integration.
2782,2266-FUBDZ,2026-04-26,2026-04-27,other,medium,closed,37.44,Asked about cancellation policy and notice period.
2783,8237-ULIXL,2026-08-01,,other,high,open,,Requested a copy of past invoices.
2784,9600-UDOPK,2026-07-24,2026-07-25,billing,medium,closed,34.72,Reported a failed payment and requested a retry.
2785,9600-UDOPK,2026-08-29,2026-08-30,technical,medium,closed,24.69,Requested help configuring an integration.
2786,9153-BTBVV,2026-08-11,2026-08-11,technical,high,closed,19.16,Feature X is not syncing data correctly.
2787,4074-SJFFA,2026-04-18,2026-04-19,other,high,closed,34.78,General question about plan upgrade options.
2788,4074-SJFFA,2026-09-01,2026-09-03,billing,high,closed,48.92,Asked why the monthly charge increased without notice.
2789,5186-PEIZU,2026-08-21,,technical,low,open,,Requested help configuring an integration.
2790,5186-PEIZU,2026-08-27,2026-08-27,other,medium,closed,14.24,General question about plan upgrade options.
2791,1074-AMIOH,2026-03-26,,technical,low,open,,Feature X is not syncing data correctly.
2792,4910-GMJOT,2026-03-24,,billing,medium,open,,Reported a failed payment and requested a retry.
2793,4910-GMJOT,2026-05-15,,other,low,open,,Provided feedback about the onboarding experience.
2794,4910-GMJOT,2026-06-24,2026-06-25,technical,medium,closed,33.96,App crashes when loading the dashboard view.
2795,0354-WYROK,2026-05-05,,technical,low,open,,App crashes when loading the dashboard view.
2796,7748-UMTRK,2026-09-10,2026-09-10,other,medium,closed,17.87,Asked about cancellation policy and notice period.
2797,7748-UMTRK,2026-05-22,2026-05-22,billing,high,closed,7.76,Requested a refund for a duplicate charge.
2798,0380-ZCSBI,2026-04-07,2026-04-07,other,low,closed,4.97,Requested a copy of past invoices.
2799,1051-EQPZR,2026-04-04,2026-04-04,other,low,closed,15.19,Asked about cancellation policy and notice period.
2800,5780-INQIK,2026-05-02,2026-05-03,other,high,closed,27.45,Requested a copy of past invoices.
2801,7576-OYWBN,2026-08-28,,technical,low,open,,Requested help configuring an integration.
2802,7576-OYWBN,2026-04-06,,billing,medium,open,,Requested a refund for a duplicate charge.
2803,8384-FZBJK,2026-08-02,2026-08-02,other,medium,closed,1.87,Requested a copy of past invoices.
2804,3750-RNQKR,2026-07-30,2026-07-30,technical,low,closed,13.4,Feature X is not syncing data correctly.
2805,3096-YXENJ,2026-08-04,,technical,medium,open,,App crashes when loading the dashboard view.
2806,1265-BCFEO,2026-08-08,,other,low,open,,Asked about cancellation policy and notice period.
2807,1265-BCFEO,2026-07-04,,other,medium,open,,Asked about cancellation policy and notice period.
2808,5837-LXSDN,2026-05-07,2026-05-08,other,medium,closed,25.2,Asked about cancellation policy and notice period.
2809,5945-AZYHT,2026-04-17,2026-04-18,other,low,closed,44.98,Requested a copy of past invoices.
2810,6384-VMJHP,2026-08-18,,billing,medium,open,,Requested a refund for a duplicate charge.
2811,6384-VMJHP,2026-06-16,2026-06-16,other,medium,closed,2.87,General question about plan upgrade options.
2812,1135-HIORI,2026-04-21,,technical,low,open,,Requested help configuring an integration.
2813,1135-HIORI,2026-07-02,,billing,medium,open,,Customer disputes a charge on their most recent invoice.
2814,1135-HIORI,2026-06-13,2026-06-13,technical,medium,closed,23.9,Reported repeated login failures over the past week.
2815,0164-APGRB,2026-08-15,2026-08-15,billing,medium,closed,11.14,Asked why the monthly charge increased without notice.
2816,0164-APGRB,2026-09-14,2026-09-15,other,low,closed,41.15,Asked about cancellation policy and notice period.
2817,6481-ESCNL,2026-08-18,,billing,medium,open,,Requested a refund for a duplicate charge.
2818,6481-ESCNL,2026-05-15,2026-05-16,billing,low,closed,39.4,Requested a refund for a duplicate charge.
2819,5539-TMZLF,2026-06-07,2026-06-10,billing,medium,closed,74.41,Asked why the monthly charge increased without notice.
2820,4323-SADQS,2026-09-05,2026-09-06,other,low,closed,32.79,General question about plan upgrade options.
2821,4446-BZKHU,2026-04-09,2026-04-10,billing,low,closed,44.45,Customer disputes a charge on their most recent invoice.
2822,4446-BZKHU,2026-09-14,2026-09-14,other,medium,closed,9.03,Requested a copy of past invoices.
2823,4446-BZKHU,2026-04-25,2026-04-26,billing,low,closed,43.46,Reported a failed payment and requested a retry.
2824,4446-BZKHU,2026-08-10,2026-08-10,technical,medium,closed,18.9,Reported repeated login failures over the past week.
2825,5202-IVJNU,2026-09-01,2026-09-01,other,low,closed,10.23,Requested a copy of past invoices.
2826,5202-IVJNU,2026-08-27,,technical,medium,open,,App crashes when loading the dashboard view.
2827,5976-JCJRH,2026-03-23,2026-03-23,other,low,closed,7.76,Requested a copy of past invoices.
2828,5976-JCJRH,2026-07-13,2026-07-13,other,low,closed,4.82,Asked about cancellation policy and notice period.
2829,8198-RKSZG,2026-07-26,,billing,medium,open,,Requested a refund for a duplicate charge.
2830,0137-OCGAB,2026-04-05,,billing,medium,open,,Reported a failed payment and requested a retry.
2831,0137-OCGAB,2026-06-24,,other,medium,open,,Requested a copy of past invoices.
2832,0137-OCGAB,2026-04-04,2026-04-04,technical,medium,closed,22.43,Feature X is not syncing data correctly.
2833,0137-OCGAB,2026-07-30,2026-08-01,billing,high,closed,58.21,Requested a refund for a duplicate charge.
2834,9297-EONCV,2026-05-13,2026-05-13,other,low,closed,9.51,Asked about cancellation policy and notice period.
2835,9297-EONCV,2026-06-19,2026-06-20,billing,medium,closed,41.97,Customer disputes a charge on their most recent invoice.
2836,9297-EONCV,2026-06-08,2026-06-08,billing,low,closed,9.92,Asked why the monthly charge increased without notice.
2837,3336-JORSO,2026-05-26,2026-05-28,billing,medium,closed,48.97,Reported a failed payment and requested a retry.
2838,3336-JORSO,2026-05-24,,other,low,open,,Asked about cancellation policy and notice period.
2839,3336-JORSO,2026-05-17,2026-05-19,billing,low,closed,59.86,Asked why the monthly charge increased without notice.
2840,7799-DSEWS,2026-07-01,2026-07-01,technical,low,closed,2.15,Requested help configuring an integration.
2841,7799-DSEWS,2026-05-31,2026-05-31,technical,medium,closed,3.57,Reported repeated login failures over the past week.
2842,8766-PAFNE,2026-09-04,2026-09-04,technical,medium,closed,14.78,Requested help configuring an integration.
2843,8766-PAFNE,2026-03-24,2026-03-25,other,high,closed,36.1,Requested a copy of past invoices.
2844,5315-CKEQK,2026-05-01,2026-05-01,technical,low,closed,17.25,Feature X is not syncing data correctly.
2845,0820-FNRNX,2026-06-26,,technical,medium,open,,App crashes when loading the dashboard view.
2846,0820-FNRNX,2026-04-30,2026-05-01,other,low,closed,29.78,Requested a copy of past invoices.
2847,0880-FVFWF,2026-05-05,2026-05-05,billing,medium,closed,13.43,Reported a failed payment and requested a retry.
2848,4611-ANLQC,2026-09-07,2026-09-08,billing,high,closed,43.68,Asked why the monthly charge increased without notice.
2849,4611-ANLQC,2026-05-08,2026-05-09,technical,medium,closed,35.23,Reported repeated login failures over the past week.
2850,4611-ANLQC,2026-09-04,2026-09-05,billing,medium,closed,27.32,Requested a refund for a duplicate charge.
2851,4213-HKBJO,2026-04-10,,billing,medium,open,,Reported a failed payment and requested a retry.
2852,4213-HKBJO,2026-07-14,2026-07-15,billing,low,closed,33.17,Asked why the monthly charge increased without notice.
2853,2792-LSHWX,2026-04-16,2026-04-16,billing,low,closed,19.71,Requested a refund for a duplicate charge.
2854,2792-LSHWX,2026-05-21,,billing,high,open,,Requested a refund for a duplicate charge.
2855,5028-GZLDO,2026-05-15,2026-05-16,technical,low,closed,41.73,Reported repeated login failures over the past week.
2856,6861-XWTWQ,2026-07-27,2026-07-27,billing,medium,closed,8.83,Customer disputes a charge on their most recent invoice.
2857,9018-PCIOK,2026-05-04,2026-05-04,technical,medium,closed,15.83,Reported repeated login failures over the past week.
2858,9018-PCIOK,2026-08-14,,technical,low,open,,Reported repeated login failures over the past week.
2859,4837-QUSFT,2026-09-11,2026-09-11,other,high,closed,7.3,General question about plan upgrade options.
2860,4837-QUSFT,2026-08-17,2026-08-17,other,high,closed,23.32,Provided feedback about the onboarding experience.
2861,4837-QUSFT,2026-07-05,2026-07-06,technical,medium,closed,41.53,Reported repeated login failures over the past week.
2862,4837-QUSFT,2026-06-30,2026-07-01,other,medium,closed,46.92,Requested a copy of past invoices.
2863,0907-HQNTS,2026-04-11,,other,high,open,,Asked about cancellation policy and notice period.
2864,0907-HQNTS,2026-04-15,,billing,medium,open,,Customer disputes a charge on their most recent invoice.
2865,7665-NKLAV,2026-07-21,2026-07-21,technical,low,closed,14.73,Reported repeated login failures over the past week.
2866,6769-DCQLI,2026-09-01,2026-09-02,technical,medium,closed,38.98,App crashes when loading the dashboard view.
2867,6769-DCQLI,2026-03-23,2026-03-24,other,high,closed,28.93,Asked about cancellation policy and notice period.
2868,2433-KMEAS,2026-08-09,2026-08-09,other,medium,closed,2.25,Asked about cancellation policy and notice period.
2869,4391-LNRXK,2026-08-06,2026-08-06,billing,medium,closed,18.93,Customer disputes a charge on their most recent invoice.
2870,2195-ZRVAX,2026-08-25,,technical,medium,open,,App crashes when loading the dashboard view.
2871,2011-TRQYE,2026-06-16,2026-06-17,other,low,closed,35.82,Provided feedback about the onboarding experience.
2872,8562-GHPPI,2026-07-14,2026-07-15,technical,high,closed,27.13,Reported repeated login failures over the past week.
2873,5893-PYOLZ,2026-08-02,2026-08-03,other,high,closed,42.56,Requested a copy of past invoices.
2874,5609-IMCGG,2026-04-18,2026-04-18,other,medium,closed,3.5,Provided feedback about the onboarding experience.
2875,4727-MCYZG,2026-07-30,,billing,medium,open,,Reported a failed payment and requested a retry.
2876,4727-MCYZG,2026-06-27,2026-06-28,billing,high,closed,34.68,Requested a refund for a duplicate charge.
2877,2725-KXXWT,2026-08-11,2026-08-13,billing,high,closed,56.76,Asked why the monthly charge increased without notice.
2878,4328-VUFWD,2026-07-17,2026-07-17,other,medium,closed,17.83,General question about plan upgrade options.
2879,4328-VUFWD,2026-04-22,2026-04-23,other,medium,closed,36.98,Requested a copy of past invoices.
2880,3301-LSLWQ,2026-09-01,2026-09-02,technical,high,closed,24.41,Requested help configuring an integration.
2881,3301-LSLWQ,2026-04-21,2026-04-21,other,medium,closed,6.61,Requested a copy of past invoices.
2882,7473-ZBDSN,2026-07-28,2026-07-29,technical,low,closed,37.03,App crashes when loading the dashboard view.
2883,3166-PNEOF,2026-05-16,2026-05-16,billing,medium,closed,13.01,Customer disputes a charge on their most recent invoice.
2884,5639-NTUPK,2026-08-25,,billing,medium,open,,Reported a failed payment and requested a retry.
2885,8780-YRMTT,2026-05-27,,billing,high,open,,Customer disputes a charge on their most recent invoice.
2886,8780-YRMTT,2026-05-16,2026-05-16,technical,medium,closed,1.34,App crashes when loading the dashboard view.
2887,8780-YRMTT,2026-04-05,2026-04-05,billing,low,closed,2.28,Requested a refund for a duplicate charge.
2888,8348-HFYIV,2026-05-16,2026-05-16,technical,medium,closed,19.47,Requested help configuring an integration.
2889,8166-ORCHU,2026-05-26,2026-05-26,technical,medium,closed,14.9,Feature X is not syncing data correctly.
2890,8166-ORCHU,2026-05-24,2026-05-25,billing,high,closed,25.87,Asked why the monthly charge increased without notice.
2891,8414-OOEEL,2026-04-10,,billing,high,open,,Customer disputes a charge on their most recent invoice.
2892,8454-AATJP,2026-06-22,,other,medium,open,,Asked about cancellation policy and notice period.
2893,6849-WLEYG,2026-07-05,,technical,medium,open,,App crashes when loading the dashboard view.
2894,6849-WLEYG,2026-05-06,,billing,medium,open,,Customer disputes a charge on their most recent invoice.
2895,4659-NZRUF,2026-03-21,2026-03-21,billing,medium,closed,17.3,Asked why the monthly charge increased without notice.
2896,4659-NZRUF,2026-07-07,,technical,medium,open,,Feature X is not syncing data correctly.
2897,4191-XOVOM,2026-06-11,2026-06-12,billing,high,closed,28.5,Requested a refund for a duplicate charge.
2898,4191-XOVOM,2026-03-24,2026-03-24,other,medium,closed,13.98,Requested a copy of past invoices.
2899,2150-OEGBV,2026-04-10,2026-04-11,billing,high,closed,46.08,Requested a refund for a duplicate charge.
2900,2150-OEGBV,2026-08-01,2026-08-01,billing,medium,closed,17.98,Reported a failed payment and requested a retry.
2901,4878-BUNFV,2026-08-16,2026-08-17,billing,medium,closed,43.47,Requested a refund for a duplicate charge.
2902,4878-BUNFV,2026-08-18,,technical,high,open,,Reported repeated login failures over the past week.
2903,7026-YMSBE,2026-09-01,2026-09-01,billing,low,closed,21.35,Reported a failed payment and requested a retry.
2904,7341-LXCAF,2026-08-30,2026-08-31,technical,medium,closed,45.45,App crashes when loading the dashboard view.
2905,7341-LXCAF,2026-07-06,2026-07-06,technical,medium,closed,14.53,App crashes when loading the dashboard view.
2906,9674-EHPPG,2026-08-25,2026-08-26,other,medium,closed,36.9,Requested a copy of past invoices.
2907,9674-EHPPG,2026-07-08,2026-07-09,technical,low,closed,29.99,Reported repeated login failures over the past week.
2908,9462-MJUAW,2026-05-24,2026-05-27,technical,medium,closed,76.56,Feature X is not syncing data correctly.
2909,9462-MJUAW,2026-08-31,2026-09-02,billing,medium,closed,63.28,Customer disputes a charge on their most recent invoice.
2910,9462-MJUAW,2026-08-25,,other,high,open,,General question about plan upgrade options.
2911,8128-YVJRG,2026-07-08,,other,low,open,,Provided feedback about the onboarding experience.
2912,8128-YVJRG,2026-08-01,2026-08-03,billing,medium,closed,59.92,Requested a refund for a duplicate charge.
2913,5781-BKHOP,2026-04-18,2026-04-18,billing,medium,closed,17.6,Requested a refund for a duplicate charge.
2914,4283-FUTGF,2026-05-03,2026-05-04,technical,medium,closed,27.78,Reported repeated login failures over the past week.
2915,1569-TTNYJ,2026-07-23,2026-07-23,billing,medium,closed,13.23,Asked why the monthly charge increased without notice.
2916,2397-BRLOM,2026-07-29,2026-07-30,billing,low,closed,43.69,Requested a refund for a duplicate charge.
2917,2397-BRLOM,2026-06-29,2026-06-29,other,medium,closed,6.96,Asked about cancellation policy and notice period.
2918,2397-BRLOM,2026-07-24,,other,medium,open,,Provided feedback about the onboarding experience.
2919,2397-BRLOM,2026-08-26,,billing,high,open,,Customer disputes a charge on their most recent invoice.
2920,2397-BRLOM,2026-05-26,,billing,low,open,,Customer disputes a charge on their most recent invoice.
2921,7629-WIXZF,2026-06-04,2026-06-05,technical,high,closed,36.77,Feature X is not syncing data correctly.
2922,3976-HXHCE,2026-08-28,,other,low,open,,Asked about cancellation policy and notice period.
2923,5472-CVMDX,2026-06-05,2026-06-06,billing,high,closed,40.81,Requested a refund for a duplicate charge.
2924,6461-SZMCV,2026-05-15,,technical,medium,open,,Feature X is not syncing data correctly.
2925,6461-SZMCV,2026-05-08,2026-05-09,technical,medium,closed,25.94,Requested help configuring an integration.
2926,6461-SZMCV,2026-04-15,,technical,medium,open,,Requested help configuring an integration.
2927,1697-LYYYX,2026-04-24,2026-04-25,billing,medium,closed,38.14,Customer disputes a charge on their most recent invoice.
2928,1697-LYYYX,2026-03-26,2026-03-27,billing,high,closed,31.66,Requested a refund for a duplicate charge.
2929,1942-OQFRW,2026-06-02,2026-06-03,other,low,closed,33.39,General question about plan upgrade options.
2930,1942-OQFRW,2026-04-28,2026-04-29,technical,high,closed,44.72,Reported repeated login failures over the past week.
2931,4231-LZUYM,2026-04-04,,other,medium,open,,Provided feedback about the onboarding experience.
2932,7598-UAASY,2026-09-15,2026-09-15,technical,medium,closed,23.24,Requested help configuring an integration.
2933,7598-UAASY,2026-05-27,,billing,low,open,,Requested a refund for a duplicate charge.
2934,7938-OUHIO,2026-04-24,,other,low,open,,Requested a copy of past invoices.
2935,7938-OUHIO,2026-04-15,,technical,high,open,,App crashes when loading the dashboard view.
2936,7938-OUHIO,2026-07-29,2026-07-30,billing,medium,closed,31.2,Customer disputes a charge on their most recent invoice.
2937,6128-AQBMT,2026-08-17,2026-08-18,technical,low,closed,45.35,Reported repeated login failures over the past week.
2938,6128-AQBMT,2026-03-29,2026-03-29,technical,medium,closed,5.21,Requested help configuring an integration.
2939,6128-AQBMT,2026-04-01,,other,medium,open,,General question about plan upgrade options.
2940,3594-BDSOA,2026-04-22,2026-04-22,technical,low,closed,15.03,App crashes when loading the dashboard view.
2941,3594-BDSOA,2026-06-09,2026-06-09,technical,medium,closed,1.26,App crashes when loading the dashboard view.
2942,5996-DAOQL,2026-07-31,,technical,medium,open,,Requested help configuring an integration.
2943,6838-YAUVY,2026-07-20,2026-07-20,other,low,closed,23.24,Provided feedback about the onboarding experience.
2944,0484-JPBRU,2026-05-24,,billing,medium,open,,Requested a refund for a duplicate charge.
2945,0484-JPBRU,2026-05-04,2026-05-05,technical,high,closed,33.0,Feature X is not syncing data correctly.
2946,7883-ROJOC,2026-06-10,2026-06-10,technical,medium,closed,23.24,Feature X is not syncing data correctly.
2947,0244-LGNFY,2026-07-22,2026-07-23,billing,low,closed,26.08,Customer disputes a charge on their most recent invoice.
2948,7274-CGTOD,2026-05-28,2026-05-28,billing,medium,closed,2.37,Requested a refund for a duplicate charge.
2949,3426-NIYYL,2026-09-06,2026-09-06,billing,medium,closed,5.37,Requested a refund for a duplicate charge.
2950,3426-NIYYL,2026-05-14,,billing,medium,open,,Customer disputes a charge on their most recent invoice.
2951,8225-BTJAU,2026-05-02,,billing,medium,open,,Asked why the monthly charge increased without notice.
2952,8225-BTJAU,2026-07-03,,billing,low,open,,Requested a refund for a duplicate charge.
2953,1866-ZSLJM,2026-04-03,2026-04-04,billing,medium,closed,26.02,Reported a failed payment and requested a retry.
2954,4236-UJPWO,2026-07-01,2026-07-02,other,low,closed,44.05,Asked about cancellation policy and notice period.
2955,6402-SSEJG,2026-08-16,2026-08-16,other,low,closed,19.39,Requested a copy of past invoices.
2956,6402-SSEJG,2026-06-17,,technical,medium,open,,Reported repeated login failures over the past week.
2957,1143-NMNQJ,2026-04-23,2026-04-24,billing,medium,closed,26.86,Reported a failed payment and requested a retry.
2958,1169-SAOCL,2026-04-09,,billing,high,open,,Customer disputes a charge on their most recent invoice.
2959,1169-SAOCL,2026-04-10,2026-04-11,other,medium,closed,34.43,Requested a copy of past invoices.
2960,1110-KYLGQ,2026-03-23,2026-03-23,billing,low,closed,21.47,Customer disputes a charge on their most recent invoice.
2961,3518-PZXZQ,2026-04-22,2026-04-23,billing,medium,closed,35.35,Asked why the monthly charge increased without notice.
2962,3518-PZXZQ,2026-06-29,2026-06-30,technical,medium,closed,37.35,Requested help configuring an integration.
2963,3518-PZXZQ,2026-04-22,2026-04-22,technical,medium,closed,16.43,Requested help configuring an integration.
2964,0924-BJCRC,2026-07-25,,billing,medium,open,,Asked why the monthly charge increased without notice.
2965,5074-FBGHB,2026-06-24,2026-06-25,other,medium,closed,46.04,Asked about cancellation policy and notice period.
2966,2351-BKRZW,2026-04-12,2026-04-13,other,high,closed,40.67,Requested a copy of past invoices.
2967,0415-MOSGF,2026-09-03,2026-09-05,billing,high,closed,60.31,Asked why the monthly charge increased without notice.
2968,1724-BQUHA,2026-04-08,2026-04-09,billing,low,closed,45.86,Asked why the monthly charge increased without notice.
2969,3948-KXDUF,2026-06-25,2026-06-25,other,low,closed,10.86,Asked about cancellation policy and notice period.
2970,3948-KXDUF,2026-09-08,,other,high,open,,Requested a copy of past invoices.
2971,3948-KXDUF,2026-06-18,2026-06-19,technical,low,closed,33.81,Reported repeated login failures over the past week.
2972,2323-ARSVR,2026-08-02,2026-08-02,technical,medium,closed,3.77,App crashes when loading the dashboard view.
2973,2323-ARSVR,2026-04-01,2026-04-02,other,high,closed,32.56,General question about plan upgrade options.
2974,0815-MFZGM,2026-08-06,2026-08-07,technical,medium,closed,35.17,Feature X is not syncing data correctly.
2975,4826-XTSOH,2026-08-05,2026-08-05,billing,low,closed,1.45,Customer disputes a charge on their most recent invoice.
2976,4826-XTSOH,2026-04-26,,technical,low,open,,App crashes when loading the dashboard view.
2977,4826-XTSOH,2026-05-17,2026-05-17,technical,low,closed,15.11,Requested help configuring an integration.
2978,2495-INZWQ,2026-07-29,2026-07-30,technical,low,closed,26.46,App crashes when loading the dashboard view.
2979,9086-YJYXS,2026-04-23,2026-04-23,billing,medium,closed,17.11,Customer disputes a charge on their most recent invoice.
2980,1179-INLAT,2026-08-18,2026-08-18,billing,medium,closed,2.01,Customer disputes a charge on their most recent invoice.
2981,1179-INLAT,2026-08-10,2026-08-10,technical,medium,closed,11.24,App crashes when loading the dashboard view.
2982,7909-FIOIY,2026-07-07,2026-07-07,billing,medium,closed,6.56,Reported a failed payment and requested a retry.
2983,7909-FIOIY,2026-08-23,2026-08-23,technical,high,closed,23.55,App crashes when loading the dashboard view.
2984,4139-SUGLD,2026-03-22,2026-03-24,other,low,closed,65.01,Requested a copy of past invoices.
2985,4139-SUGLD,2026-08-26,,technical,medium,open,,Reported repeated login failures over the past week.
2986,4139-SUGLD,2026-06-18,,billing,medium,open,,Requested a refund for a duplicate charge.
2987,4139-SUGLD,2026-04-28,,technical,low,open,,Feature X is not syncing data correctly.
2988,4139-SUGLD,2026-08-06,2026-08-07,technical,medium,closed,42.39,Reported repeated login failures over the past week.
2989,4139-SUGLD,2026-06-21,,other,high,open,,Requested a copy of past invoices.
2990,6857-VWJDT,2026-09-12,2026-09-12,other,high,closed,14.76,Requested a copy of past invoices.
2991,6857-VWJDT,2026-06-08,2026-06-09,technical,medium,closed,34.03,Reported repeated login failures over the past week.
2992,6857-VWJDT,2026-04-15,2026-04-16,billing,high,closed,26.12,Asked why the monthly charge increased without notice.
2993,5624-BQSSA,2026-08-26,,technical,low,open,,Feature X is not syncing data correctly.
2994,5624-BQSSA,2026-05-28,,technical,high,open,,Requested help configuring an integration.
2995,5624-BQSSA,2026-08-20,,other,medium,open,,Asked about cancellation policy and notice period.
2996,1194-SPVSP,2026-08-31,2026-09-01,other,medium,closed,32.7,Asked about cancellation policy and notice period.
2997,9534-NSXEM,2026-08-28,2026-08-29,billing,medium,closed,37.07,Reported a failed payment and requested a retry.
2998,2408-WITXK,2026-07-05,2026-07-07,other,medium,closed,62.71,Requested a copy of past invoices.
2999,2408-WITXK,2026-04-14,2026-04-15,other,medium,closed,38.23,Provided feedback about the onboarding experience.
3000,2408-WITXK,2026-04-06,2026-04-06,billing,medium,closed,6.43,Customer disputes a charge on their most recent invoice.
3001,2408-WITXK,2026-06-14,,billing,medium,open,,Reported a failed payment and requested a retry.
3002,2408-WITXK,2026-05-10,2026-05-10,technical,low,closed,13.27,Reported repeated login failures over the past week.
3003,8929-KSWIH,2026-05-15,2026-05-16,technical,medium,closed,47.35,Feature X is not syncing data correctly.
3004,2250-IVBWA,2026-08-17,,technical,medium,open,,Feature X is not syncing data correctly.
3005,1810-MVMAI,2026-05-07,2026-05-08,billing,medium,closed,30.33,Requested a refund for a duplicate charge.
3006,1810-MVMAI,2026-06-29,2026-06-30,technical,low,closed,27.72,Feature X is not syncing data correctly.
3007,9506-UXUSK,2026-08-20,2026-08-21,technical,high,closed,29.8,Requested help configuring an integration.
3008,3572-UOLYZ,2026-08-06,,other,high,open,,General question about plan upgrade options.
3009,5577-OTWWW,2026-07-13,2026-07-13,other,high,closed,12.24,Requested a copy of past invoices.
3010,5577-OTWWW,2026-08-18,2026-08-19,technical,high,closed,33.59,Requested help configuring an integration.
3011,5577-OTWWW,2026-09-01,2026-09-03,billing,medium,closed,56.69,Reported a failed payment and requested a retry.
3012,6100-QQHEB,2026-06-26,2026-06-27,billing,high,closed,46.6,Customer disputes a charge on their most recent invoice.
3013,6100-QQHEB,2026-08-22,2026-08-22,billing,medium,closed,16.61,Asked why the monthly charge increased without notice.
3014,6366-XIVKZ,2026-06-02,2026-06-02,billing,medium,closed,5.05,Reported a failed payment and requested a retry.
3015,6366-XIVKZ,2026-09-04,2026-09-05,other,high,closed,28.73,General question about plan upgrade options.
3016,3470-OBUET,2026-06-29,2026-06-29,billing,low,closed,12.51,Requested a refund for a duplicate charge.
3017,2770-NSVDG,2026-04-17,2026-04-17,other,high,closed,18.97,Requested a copy of past invoices.
3018,9375-MHRRS,2026-07-01,2026-07-01,billing,low,closed,9.99,Asked why the monthly charge increased without notice.
3019,2634-HCZGT,2026-05-26,2026-05-29,billing,medium,closed,76.81,Customer disputes a charge on their most recent invoice.
3020,2634-HCZGT,2026-04-09,,other,medium,open,,Provided feedback about the onboarding experience.
3021,2634-HCZGT,2026-03-26,2026-03-29,billing,medium,closed,80.22,Requested a refund for a duplicate charge.
3022,2634-HCZGT,2026-04-05,,billing,medium,open,,Requested a refund for a duplicate charge.
3023,7503-QQRVF,2026-04-05,2026-04-06,technical,high,closed,34.86,App crashes when loading the dashboard view.
3024,4860-YZGZM,2026-08-12,2026-08-12,technical,high,closed,19.17,Feature X is not syncing data correctly.
3025,4860-YZGZM,2026-09-09,2026-09-09,technical,low,closed,6.88,Reported repeated login failures over the past week.
3026,4404-HIBDJ,2026-03-31,2026-04-01,technical,high,closed,36.3,Feature X is not syncing data correctly.
3027,7037-MTYVW,2026-04-02,2026-04-03,technical,medium,closed,32.7,App crashes when loading the dashboard view.
3028,7037-MTYVW,2026-05-26,2026-05-26,billing,medium,closed,15.16,Requested a refund for a duplicate charge.
3029,7295-JOMMD,2026-08-16,,billing,low,open,,Requested a refund for a duplicate charge.
3030,6584-VQMYT,2026-08-06,2026-08-06,billing,medium,closed,11.84,Customer disputes a charge on their most recent invoice.
3031,6584-VQMYT,2026-06-03,,other,medium,open,,Provided feedback about the onboarding experience.
3032,9838-BFCQT,2026-09-10,2026-09-10,other,medium,closed,15.75,Requested a copy of past invoices.
3033,2790-XUYMV,2026-05-13,2026-05-13,other,medium,closed,7.31,General question about plan upgrade options.
3034,2790-XUYMV,2026-08-21,2026-08-22,technical,medium,closed,45.89,Reported repeated login failures over the past week.
3035,0581-MDMPW,2026-05-12,2026-05-12,technical,medium,closed,2.96,App crashes when loading the dashboard view.
3036,0581-MDMPW,2026-09-14,,technical,low,open,,Feature X is not syncing data correctly.
3037,0581-MDMPW,2026-07-06,2026-07-06,billing,medium,closed,17.54,Asked why the monthly charge increased without notice.
3038,5013-SBUIH,2026-06-07,,technical,medium,open,,Reported repeated login failures over the past week.
3039,5013-SBUIH,2026-07-14,2026-07-15,billing,medium,closed,34.49,Asked why the monthly charge increased without notice.
3040,1023-BQXZE,2026-05-02,2026-05-03,technical,medium,closed,28.61,Requested help configuring an integration.
3041,1023-BQXZE,2026-05-23,2026-05-24,technical,medium,closed,35.73,Feature X is not syncing data correctly.
3042,3904-UKFRE,2026-08-10,,billing,medium,open,,Requested a refund for a duplicate charge.
3043,5353-WILCI,2026-09-04,,other,medium,open,,Provided feedback about the onboarding experience.
3044,0709-TVGUR,2026-07-19,2026-07-21,technical,medium,closed,53.0,Reported repeated login failures over the past week.
3045,0709-TVGUR,2026-08-17,2026-08-18,technical,low,closed,39.79,Requested help configuring an integration.
3046,6023-YEBUP,2026-04-06,,billing,medium,open,,Reported a failed payment and requested a retry.
3047,6023-YEBUP,2026-04-22,,billing,medium,open,,Asked why the monthly charge increased without notice.
3048,6023-YEBUP,2026-08-10,2026-08-12,technical,medium,closed,54.4,Requested help configuring an integration.
3049,7209-JCUDS,2026-05-18,2026-05-21,billing,high,closed,77.83,Asked why the monthly charge increased without notice.
3050,7209-JCUDS,2026-08-15,,billing,low,open,,Asked why the monthly charge increased without notice.
3051,0519-DRGTI,2026-07-13,2026-07-14,technical,low,closed,44.46,App crashes when loading the dashboard view.
3052,3001-CBHLQ,2026-05-14,,technical,low,open,,Reported repeated login failures over the past week.
3053,3001-CBHLQ,2026-06-18,2026-06-18,billing,low,closed,9.8,Reported a failed payment and requested a retry.
3054,6158-DWPZT,2026-08-13,2026-08-14,technical,low,closed,27.42,App crashes when loading the dashboard view.
3055,9372-TXXPS,2026-08-22,2026-08-23,technical,low,closed,41.23,Feature X is not syncing data correctly.
3056,3259-QMXUN,2026-08-13,2026-08-13,technical,medium,closed,5.98,Reported repeated login failures over the past week.
3057,1015-JPFYW,2026-08-21,2026-08-22,billing,medium,closed,30.38,Asked why the monthly charge increased without notice.
3058,4360-QRAVE,2026-08-20,2026-08-20,billing,medium,closed,6.79,Reported a failed payment and requested a retry.
3059,8433-WPJTV,2026-07-06,2026-07-07,other,medium,closed,31.8,Asked about cancellation policy and notice period.
3060,5804-JMYIO,2026-05-27,2026-05-27,technical,low,closed,1.88,Feature X is not syncing data correctly.
3061,3763-GCZHZ,2026-04-28,,other,low,open,,Provided feedback about the onboarding experience.
3062,3763-GCZHZ,2026-03-21,,billing,high,open,,Customer disputes a charge on their most recent invoice.
3063,3763-GCZHZ,2026-07-28,2026-07-29,billing,low,closed,30.71,Customer disputes a charge on their most recent invoice.
3064,3763-GCZHZ,2026-07-25,,billing,medium,open,,Customer disputes a charge on their most recent invoice.
3065,6484-LATFU,2026-09-06,,billing,low,open,,Requested a refund for a duplicate charge.
3066,7599-NTMDP,2026-09-11,,technical,medium,open,,Feature X is not syncing data correctly.
3067,0536-ACXIP,2026-06-20,,billing,low,open,,Asked why the monthly charge increased without notice.
3068,0936-NQLJU,2026-04-17,,billing,high,open,,Asked why the monthly charge increased without notice.
3069,4831-EOBFE,2026-09-10,2026-09-11,technical,low,closed,37.21,Requested help configuring an integration.
3070,4831-EOBFE,2026-07-30,2026-07-31,billing,medium,closed,31.87,Requested a refund for a duplicate charge.
3071,4102-OQUPX,2026-04-26,2026-04-26,other,medium,closed,22.92,Asked about cancellation policy and notice period.
3072,4102-OQUPX,2026-07-12,2026-07-12,technical,low,closed,8.13,App crashes when loading the dashboard view.
3073,4102-OQUPX,2026-07-25,,billing,medium,open,,Asked why the monthly charge increased without notice.
3074,4884-LEVMQ,2026-08-17,2026-08-18,technical,high,closed,40.36,Feature X is not syncing data correctly.
3075,4884-LEVMQ,2026-05-02,,billing,high,open,,Customer disputes a charge on their most recent invoice.
3076,8857-CUPFQ,2026-07-25,,billing,low,open,,Reported a failed payment and requested a retry.
3077,7610-TVOPG,2026-06-19,2026-06-20,billing,medium,closed,34.92,Customer disputes a charge on their most recent invoice.
3078,1845-ZLLIG,2026-07-21,2026-07-22,technical,medium,closed,28.56,Reported repeated login failures over the past week.
3079,1845-ZLLIG,2026-07-01,2026-07-02,billing,high,closed,30.97,Requested a refund for a duplicate charge.
3080,8559-WNQZS,2026-08-24,,technical,high,open,,Feature X is not syncing data correctly.
3081,3999-QGRJH,2026-04-08,,billing,medium,open,,Reported a failed payment and requested a retry.
3082,1699-UOTXU,2026-08-20,,other,medium,open,,Provided feedback about the onboarding experience.
3083,1699-UOTXU,2026-05-19,,other,medium,open,,Requested a copy of past invoices.
3084,2454-RPBRZ,2026-09-12,,other,low,open,,Provided feedback about the onboarding experience.
3085,2454-RPBRZ,2026-05-23,2026-05-25,other,high,closed,61.04,General question about plan upgrade options.
3086,2454-RPBRZ,2026-07-28,2026-07-30,billing,high,closed,61.89,Customer disputes a charge on their most recent invoice.
3087,5993-JSUWV,2026-05-22,2026-05-23,billing,low,closed,25.42,Customer disputes a charge on their most recent invoice.
3088,5387-ASZNZ,2026-06-03,2026-06-04,billing,low,closed,33.68,Requested a refund for a duplicate charge.
3089,5387-ASZNZ,2026-03-23,,other,medium,open,,General question about plan upgrade options.
3090,6988-CJEYV,2026-06-07,2026-06-08,billing,low,closed,43.01,Asked why the monthly charge increased without notice.
3091,2002-MZHWP,2026-07-02,,technical,high,open,,Reported repeated login failures over the past week.
3092,5465-BUBFA,2026-04-01,,technical,medium,open,,Feature X is not syncing data correctly.
3093,7299-GNVPL,2026-04-04,2026-04-05,billing,high,closed,29.97,Requested a refund for a duplicate charge.
3094,7299-GNVPL,2026-03-26,2026-03-26,billing,medium,closed,20.3,Requested a refund for a duplicate charge.
3095,9743-DQKQW,2026-09-07,2026-09-07,other,medium,closed,17.7,General question about plan upgrade options.
3096,9093-FPDLG,2026-06-30,2026-07-01,billing,low,closed,42.94,Asked why the monthly charge increased without notice.
3097,9093-FPDLG,2026-05-29,2026-05-29,other,low,closed,11.1,Requested a copy of past invoices.
3098,9093-FPDLG,2026-04-27,2026-04-27,billing,medium,closed,1.14,Asked why the monthly charge increased without notice.
3099,6985-HAYWX,2026-07-22,2026-07-22,billing,high,closed,8.84,Reported a failed payment and requested a retry.
3100,6985-HAYWX,2026-06-15,,other,low,open,,Requested a copy of past invoices.
3101,7508-KBIMB,2026-07-10,,technical,low,open,,Requested help configuring an integration.
3102,5485-ITNPC,2026-05-19,2026-05-20,other,high,closed,30.34,Requested a copy of past invoices.
3103,0233-FTHAV,2026-07-29,2026-07-30,billing,medium,closed,46.56,Requested a refund for a duplicate charge.
3104,4644-PIZRT,2026-06-29,2026-06-30,technical,low,closed,40.58,App crashes when loading the dashboard view.
3105,4644-PIZRT,2026-08-11,,billing,medium,open,,Reported a failed payment and requested a retry.
3106,8922-NPKBJ,2026-08-25,2026-08-25,other,high,closed,6.47,Asked about cancellation policy and notice period.
3107,2740-TVLFN,2026-08-25,2026-08-25,technical,low,closed,12.24,Requested help configuring an integration.
3108,7771-CFQRQ,2026-09-01,2026-09-01,billing,high,closed,7.97,Asked why the monthly charge increased without notice.
3109,6963-EZQEE,2026-07-04,2026-07-05,technical,medium,closed,40.41,Feature X is not syncing data correctly.
3110,6963-EZQEE,2026-08-11,2026-08-12,billing,high,closed,45.35,Reported a failed payment and requested a retry.
3111,2004-OCQXK,2026-05-19,,technical,low,open,,Feature X is not syncing data correctly.
3112,2004-OCQXK,2026-06-28,2026-07-01,technical,high,closed,73.31,Reported repeated login failures over the past week.
3113,4146-SVFUD,2026-07-04,2026-07-04,billing,medium,closed,1.24,Requested a refund for a duplicate charge.
3114,4146-SVFUD,2026-06-02,2026-06-03,billing,low,closed,41.62,Requested a refund for a duplicate charge.
3115,1564-HJUVY,2026-07-15,2026-07-16,other,low,closed,26.01,Requested a copy of past invoices.
3116,1564-HJUVY,2026-05-30,,technical,high,open,,App crashes when loading the dashboard view.
3117,3617-XLSGQ,2026-08-17,2026-08-18,billing,low,closed,26.66,Asked why the monthly charge increased without notice.
3118,3617-XLSGQ,2026-03-23,2026-03-24,billing,medium,closed,26.74,Asked why the monthly charge increased without notice.
3119,7517-LDMPS,2026-08-05,2026-08-05,technical,high,closed,12.44,Reported repeated login failures over the past week.
3120,7244-KXYZN,2026-09-13,,billing,low,open,,Customer disputes a charge on their most recent invoice.
3121,7244-KXYZN,2026-05-29,,billing,low,open,,Reported a failed payment and requested a retry.
3122,5226-NOZFC,2026-05-20,2026-05-21,billing,low,closed,40.57,Reported a failed payment and requested a retry.
3123,5226-NOZFC,2026-08-12,2026-08-13,other,high,closed,41.67,Asked about cancellation policy and notice period.
3124,2672-HUYVI,2026-06-02,,billing,high,open,,Asked why the monthly charge increased without notice.
3125,7508-MYBOG,2026-08-01,,other,medium,open,,Provided feedback about the onboarding experience.
3126,7508-MYBOG,2026-06-26,2026-06-26,technical,low,closed,3.14,App crashes when loading the dashboard view.
3127,0148-DCDOS,2026-05-03,2026-05-03,technical,low,closed,13.86,App crashes when loading the dashboard view.
3128,0148-DCDOS,2026-08-08,2026-08-09,billing,high,closed,31.48,Reported a failed payment and requested a retry.
3129,8347-GDTMP,2026-04-17,2026-04-17,other,low,closed,22.72,Requested a copy of past invoices.
3130,8347-GDTMP,2026-08-07,2026-08-08,technical,low,closed,46.61,Reported repeated login failures over the past week.
3131,9992-RRAMN,2026-05-20,2026-05-20,technical,low,closed,8.4,Feature X is not syncing data correctly.
3132,6746-WAUWT,2026-05-28,2026-05-28,technical,high,closed,6.7,Feature X is not syncing data correctly.
3133,4550-VBOFE,2026-08-16,,technical,low,open,,Feature X is not syncing data correctly.
3134,2187-PKZAY,2026-07-09,2026-07-09,other,low,closed,2.38,Requested a copy of past invoices.
3135,4003-OCTMP,2026-04-06,2026-04-06,other,medium,closed,12.52,Requested a copy of past invoices.
3136,7225-IILWY,2026-09-06,2026-09-06,technical,medium,closed,14.79,Requested help configuring an integration.
3137,7923-IYJWY,2026-04-05,2026-04-05,other,medium,closed,21.32,Requested a copy of past invoices.
3138,3170-GWYKC,2026-03-25,2026-03-25,billing,medium,closed,1.16,Asked why the monthly charge increased without notice.
3139,3170-GWYKC,2026-06-19,2026-06-19,billing,medium,closed,22.82,Reported a failed payment and requested a retry.
3140,7409-KIUTL,2026-05-17,2026-05-18,technical,medium,closed,46.29,App crashes when loading the dashboard view.
3141,9830-ECLEN,2026-08-20,2026-08-20,other,medium,closed,3.17,Provided feedback about the onboarding experience.
3142,1732-VHUBQ,2026-03-25,,technical,medium,open,,Requested help configuring an integration.
3143,1732-VHUBQ,2026-04-19,,billing,high,open,,Customer disputes a charge on their most recent invoice.
3144,1732-VHUBQ,2026-05-20,2026-05-22,billing,high,closed,64.38,Requested a refund for a duplicate charge.
3145,0495-RVCBF,2026-05-21,2026-05-22,other,low,closed,32.4,Asked about cancellation policy and notice period.
3146,2668-TZSPS,2026-06-25,2026-06-26,other,high,closed,46.01,General question about plan upgrade options.
3147,7854-EDSSA,2026-08-30,2026-08-31,technical,medium,closed,47.02,Feature X is not syncing data correctly.
3148,8869-TORSS,2026-08-24,2026-08-26,billing,medium,closed,60.62,Asked why the monthly charge increased without notice.
3149,8869-TORSS,2026-08-04,,technical,medium,open,,Requested help configuring an integration.
3150,8869-TORSS,2026-05-11,2026-05-13,technical,medium,closed,66.48,App crashes when loading the dashboard view.
3151,8869-TORSS,2026-05-12,2026-05-13,technical,high,closed,26.04,App crashes when loading the dashboard view.
3152,8869-TORSS,2026-08-22,,other,high,open,,Requested a copy of past invoices.
3153,8869-TORSS,2026-07-13,2026-07-13,technical,low,closed,21.47,App crashes when loading the dashboard view.
3154,8234-GSZYK,2026-08-10,2026-08-10,technical,medium,closed,23.75,Reported repeated login failures over the past week.
3155,8234-GSZYK,2026-04-28,2026-04-29,other,low,closed,37.81,Provided feedback about the onboarding experience.
3156,6164-HAQTX,2026-07-17,2026-07-17,other,high,closed,19.1,Requested a copy of past invoices.
3157,6164-HAQTX,2026-05-03,2026-05-04,billing,high,closed,30.28,Customer disputes a charge on their most recent invoice.
3158,0679-IDSTG,2026-08-28,2026-08-29,other,medium,closed,27.11,General question about plan upgrade options.
3159,1658-TJVOA,2026-06-23,2026-06-24,technical,medium,closed,38.28,App crashes when loading the dashboard view.
3160,1658-TJVOA,2026-05-01,2026-05-01,technical,medium,closed,20.91,App crashes when loading the dashboard view.
3161,0953-LGOVU,2026-07-05,,technical,low,open,,App crashes when loading the dashboard view.
3162,0953-LGOVU,2026-04-05,2026-04-05,other,low,closed,18.23,Provided feedback about the onboarding experience.
3163,4692-NNQRU,2026-05-01,2026-05-02,other,medium,closed,36.79,Asked about cancellation policy and notice period.
3164,4692-NNQRU,2026-07-29,,other,high,open,,Asked about cancellation policy and notice period.
3165,7742-MYPGI,2026-06-17,,technical,medium,open,,App crashes when loading the dashboard view.
3166,7742-MYPGI,2026-04-12,2026-04-12,billing,high,closed,22.54,Requested a refund for a duplicate charge.
3167,9619-GSATL,2026-04-24,2026-04-24,other,medium,closed,18.23,Provided feedback about the onboarding experience.
3168,5622-UEJFI,2026-09-14,2026-09-14,technical,low,closed,6.35,App crashes when loading the dashboard view.
3169,0674-DGMAQ,2026-06-16,,other,medium,open,,General question about plan upgrade options.
3170,6203-HBZPA,2026-05-27,,other,medium,open,,Asked about cancellation policy and notice period.
3171,6203-HBZPA,2026-07-01,2026-07-01,other,high,closed,19.17,Provided feedback about the onboarding experience.
3172,0301-FIDRB,2026-07-28,,technical,low,open,,Reported repeated login failures over the past week.
3173,0301-FIDRB,2026-04-29,2026-04-29,other,low,closed,18.92,General question about plan upgrade options.
3174,4139-JPIAM,2026-05-25,2026-05-26,technical,high,closed,37.81,Feature X is not syncing data correctly.
3175,2181-TIDSV,2026-04-28,,other,low,open,,Provided feedback about the onboarding experience.
3176,2181-TIDSV,2026-04-25,2026-04-25,billing,high,closed,6.86,Requested a refund for a duplicate charge.
3177,2181-TIDSV,2026-03-27,,billing,medium,open,,Reported a failed payment and requested a retry.
3178,2761-XECQW,2026-05-26,2026-05-27,billing,medium,closed,46.21,Asked why the monthly charge increased without notice.
3179,2761-XECQW,2026-05-18,2026-05-19,technical,low,closed,44.09,App crashes when loading the dashboard view.
3180,9453-PATOS,2026-04-11,,billing,low,open,,Requested a refund for a duplicate charge.
3181,3348-CFRNX,2026-07-23,2026-07-24,technical,high,closed,41.08,App crashes when loading the dashboard view.
3182,3348-CFRNX,2026-06-15,2026-06-17,technical,low,closed,69.26,Requested help configuring an integration.
3183,3348-CFRNX,2026-05-02,2026-05-03,technical,medium,closed,25.62,Reported repeated login failures over the past week.
3184,2931-XIQBR,2026-06-18,,billing,medium,open,,Reported a failed payment and requested a retry.
3185,5542-TBBWB,2026-05-25,2026-05-25,technical,high,closed,12.36,Requested help configuring an integration.
3186,1930-QPBVZ,2026-04-13,2026-04-14,technical,low,closed,43.35,Reported repeated login failures over the past week.
3187,1930-QPBVZ,2026-06-04,,technical,low,open,,Requested help configuring an integration.
3188,5322-ZSMZY,2026-08-31,2026-09-01,technical,high,closed,28.37,App crashes when loading the dashboard view.
3189,5322-ZSMZY,2026-07-04,,billing,high,open,,Customer disputes a charge on their most recent invoice.
3190,5322-ZSMZY,2026-04-07,,billing,high,open,,Reported a failed payment and requested a retry.
3191,5322-ZSMZY,2026-09-06,2026-09-07,billing,low,closed,46.53,Asked why the monthly charge increased without notice.
3192,8059-UDZFY,2026-09-03,2026-09-03,other,medium,closed,17.81,General question about plan upgrade options.
3193,7740-BTPUX,2026-08-27,2026-08-27,other,medium,closed,4.62,Provided feedback about the onboarding experience.
3194,9435-JMLSX,2026-03-27,,billing,medium,open,,Asked why the monthly charge increased without notice.
3195,9435-JMLSX,2026-04-20,,billing,medium,open,,Customer disputes a charge on their most recent invoice.
3196,9435-JMLSX,2026-03-28,2026-03-29,technical,medium,closed,32.33,Feature X is not syncing data correctly.
3197,3352-ALMCK,2026-07-13,2026-07-14,technical,low,closed,34.07,Reported repeated login failures over the past week.
3198,3352-ALMCK,2026-04-10,,technical,medium,open,,Requested help configuring an integration.
3199,3352-ALMCK,2026-06-02,2026-06-03,other,medium,closed,36.81,General question about plan upgrade options.
3200,3352-ALMCK,2026-08-04,,technical,low,open,,Feature X is not syncing data correctly.
3201,3352-ALMCK,2026-05-16,2026-05-16,technical,low,closed,5.5,Feature X is not syncing data correctly.
3202,6313-GIDIT,2026-07-26,2026-07-26,billing,high,closed,15.71,Customer disputes a charge on their most recent invoice.
3203,4526-EXKKN,2026-04-10,2026-04-11,technical,medium,closed,45.39,Reported repeated login failures over the past week.
3204,4526-EXKKN,2026-06-07,2026-06-07,billing,high,closed,21.5,Requested a refund for a duplicate charge.
3205,3987-KQDDU,2026-07-22,2026-07-23,other,low,closed,36.22,General question about plan upgrade options.
3206,3404-JNXAX,2026-04-19,2026-04-19,technical,low,closed,5.41,App crashes when loading the dashboard view.
3207,3404-JNXAX,2026-07-08,,other,medium,open,,Provided feedback about the onboarding experience.
3208,3404-JNXAX,2026-06-06,2026-06-06,technical,medium,closed,16.55,Requested help configuring an integration.
3209,3404-JNXAX,2026-03-31,2026-04-01,other,high,closed,38.48,General question about plan upgrade options.
3210,3404-JNXAX,2026-04-21,2026-04-21,other,medium,closed,8.08,Provided feedback about the onboarding experience.
3211,5131-PONJI,2026-04-12,2026-04-12,billing,high,closed,21.95,Asked why the monthly charge increased without notice.
3212,3489-VSFRD,2026-08-18,,technical,low,open,,Feature X is not syncing data correctly.
3213,3489-VSFRD,2026-06-15,,billing,high,open,,Asked why the monthly charge increased without notice.
3214,3345-JHUEO,2026-09-08,,billing,medium,open,,Customer disputes a charge on their most recent invoice.
3215,5815-HGGHV,2026-07-28,2026-07-28,other,low,closed,15.78,Requested a copy of past invoices.
3216,2249-YPRNG,2026-05-24,,other,medium,open,,Provided feedback about the onboarding experience.
3217,4626-GYCZP,2026-07-18,,billing,medium,open,,Customer disputes a charge on their most recent invoice.
3218,4626-GYCZP,2026-03-28,2026-03-31,billing,low,closed,82.38,Customer disputes a charge on their most recent invoice.
3219,4626-GYCZP,2026-06-19,2026-06-20,billing,low,closed,41.5,Asked why the monthly charge increased without notice.
3220,5649-RXQTV,2026-05-07,,other,low,open,,Asked about cancellation policy and notice period.
3221,2674-MIAHT,2026-06-04,,billing,medium,open,,Asked why the monthly charge increased without notice.
3222,2576-HXMPA,2026-09-04,2026-09-05,technical,medium,closed,31.13,Feature X is not syncing data correctly.
3223,2576-HXMPA,2026-05-15,2026-05-15,technical,low,closed,17.51,Feature X is not syncing data correctly.
3224,2576-HXMPA,2026-06-16,2026-06-17,billing,medium,closed,36.23,Requested a refund for a duplicate charge.
3225,2576-HXMPA,2026-07-15,2026-07-15,billing,high,closed,20.12,Requested a refund for a duplicate charge.
3226,5590-BYNII,2026-08-12,,billing,high,open,,Asked why the monthly charge increased without notice.
3227,5590-BYNII,2026-04-05,2026-04-05,other,medium,closed,14.63,Requested a copy of past invoices.
3228,5590-BYNII,2026-09-02,,technical,medium,open,,Requested help configuring an integration.
3229,6898-MDLZW,2026-08-21,2026-08-22,other,low,closed,33.81,Asked about cancellation policy and notice period.
3230,6898-MDLZW,2026-04-16,2026-04-17,billing,medium,closed,37.23,Reported a failed payment and requested a retry.
3231,3237-AJGEH,2026-09-03,2026-09-04,technical,high,closed,42.03,Requested help configuring an integration.
3232,4707-YNOQA,2026-09-05,2026-09-05,billing,medium,closed,1.71,Customer disputes a charge on their most recent invoice.
3233,9357-UJRUN,2026-07-31,2026-08-01,other,medium,closed,41.77,Provided feedback about the onboarding experience.
3234,9357-UJRUN,2026-04-21,2026-04-21,billing,medium,closed,16.91,Customer disputes a charge on their most recent invoice.
3235,8648-PFRMP,2026-07-11,2026-07-12,technical,low,closed,40.77,Requested help configuring an integration.
3236,7663-CUXZB,2026-05-10,2026-05-10,billing,medium,closed,10.09,Reported a failed payment and requested a retry.
3237,7663-CUXZB,2026-07-18,,billing,medium,open,,Requested a refund for a duplicate charge.
3238,2815-CPTUL,2026-04-19,,billing,medium,open,,Asked why the monthly charge increased without notice.
3239,2815-CPTUL,2026-05-02,,technical,medium,open,,Reported repeated login failures over the past week.
3240,2815-CPTUL,2026-06-02,2026-06-03,technical,low,closed,34.78,App crashes when loading the dashboard view.
3241,0596-BQCEQ,2026-04-30,2026-04-30,technical,low,closed,4.81,App crashes when loading the dashboard view.
3242,1481-ZUWZA,2026-04-07,,billing,medium,open,,Customer disputes a charge on their most recent invoice.
3243,1481-ZUWZA,2026-05-10,2026-05-11,technical,medium,closed,25.93,App crashes when loading the dashboard view.
3244,3043-TYBNO,2026-05-12,,billing,low,open,,Asked why the monthly charge increased without notice.
3245,3043-TYBNO,2026-08-17,2026-08-18,billing,low,closed,30.65,Requested a refund for a duplicate charge.
3246,4830-FAXFM,2026-07-13,2026-07-14,other,medium,closed,35.29,Asked about cancellation policy and notice period.
3247,2960-NKRSO,2026-03-28,,other,high,open,,Asked about cancellation policy and notice period.
3248,2960-NKRSO,2026-07-15,2026-07-16,technical,medium,closed,39.73,Reported repeated login failures over the past week.
3249,2960-NKRSO,2026-05-14,,other,low,open,,General question about plan upgrade options.
3250,8996-ZROXE,2026-04-16,,technical,medium,open,,Requested help configuring an integration.
3251,5598-IKHQQ,2026-04-07,,technical,medium,open,,Requested help configuring an integration.
3252,0397-ZXWQF,2026-07-21,2026-07-21,technical,low,closed,22.66,Feature X is not syncing data correctly.
3253,0397-ZXWQF,2026-08-10,2026-08-11,other,low,closed,43.74,Asked about cancellation policy and notice period.
3254,4674-HGNUA,2026-06-11,2026-06-12,technical,medium,closed,28.97,Feature X is not syncing data correctly.
3255,4674-HGNUA,2026-07-07,,other,medium,open,,Requested a copy of past invoices.
3256,6765-MBQNU,2026-03-22,,technical,low,open,,App crashes when loading the dashboard view.
3257,6765-MBQNU,2026-04-03,2026-04-03,billing,low,closed,2.38,Customer disputes a charge on their most recent invoice.
3258,6765-MBQNU,2026-04-18,2026-04-19,technical,high,closed,42.86,Reported repeated login failures over the past week.
3259,6765-MBQNU,2026-03-29,2026-03-30,technical,medium,closed,24.07,App crashes when loading the dashboard view.
3260,1303-SRDOK,2026-05-30,2026-05-30,billing,medium,closed,2.71,Asked why the monthly charge increased without notice.
3261,3308-MHOOC,2026-05-13,2026-05-13,technical,medium,closed,8.58,App crashes when loading the dashboard view.
3262,3308-MHOOC,2026-04-10,,technical,medium,open,,Requested help configuring an integration.
3263,2309-OSFEU,2026-07-07,2026-07-08,technical,medium,closed,26.89,Requested help configuring an integration.
3264,2309-OSFEU,2026-08-21,,technical,low,open,,Feature X is not syncing data correctly.
3265,2309-OSFEU,2026-04-06,2026-04-09,billing,medium,closed,75.52,Requested a refund for a duplicate charge.
3266,2209-XADXF,2026-04-05,,other,low,open,,Requested a copy of past invoices.
3267,2209-XADXF,2026-09-13,,technical,medium,open,,Feature X is not syncing data correctly.
3268,2209-XADXF,2026-04-03,,technical,low,open,,Requested help configuring an integration.
3269,1891-FZYSA,2026-07-12,2026-07-13,other,low,closed,40.3,Asked about cancellation policy and notice period.
3270,1891-FZYSA,2026-04-24,2026-04-25,billing,medium,closed,26.16,Asked why the monthly charge increased without notice.
3271,1038-RQOST,2026-08-29,,other,high,open,,General question about plan upgrade options.
3272,7613-LLQFO,2026-05-12,2026-05-15,billing,medium,closed,82.73,Customer disputes a charge on their most recent invoice.
3273,7613-LLQFO,2026-04-13,,billing,medium,open,,Reported a failed payment and requested a retry.
3274,7613-LLQFO,2026-08-11,2026-08-12,billing,low,closed,37.58,Customer disputes a charge on their most recent invoice.
3275,4568-TTZRT,2026-03-27,,billing,low,open,,Asked why the monthly charge increased without notice.
3276,4568-TTZRT,2026-03-29,2026-03-30,other,low,closed,36.58,Provided feedback about the onboarding experience.
3277,4568-TTZRT,2026-06-06,2026-06-06,billing,medium,closed,17.75,Customer disputes a charge on their most recent invoice.
3278,4568-TTZRT,2026-04-27,2026-04-27,billing,low,closed,12.64,Asked why the monthly charge increased without notice.
3279,9513-DXHDA,2026-07-12,,technical,medium,open,,Requested help configuring an integration.
3280,2640-PMGFL,2026-06-02,2026-06-02,billing,low,closed,21.53,Requested a refund for a duplicate charge.
3281,2640-PMGFL,2026-08-24,,other,low,open,,Asked about cancellation policy and notice period.
3282,2640-PMGFL,2026-04-14,,billing,medium,open,,Asked why the monthly charge increased without notice.
3283,3801-HMYNL,2026-06-06,,technical,high,open,,App crashes when loading the dashboard view.
3284,3801-HMYNL,2026-05-17,2026-05-18,other,medium,closed,24.8,General question about plan upgrade options.
3285,3801-HMYNL,2026-04-10,,technical,high,open,,Requested help configuring an integration.
3286,9685-WKZGT,2026-08-31,2026-08-31,billing,low,closed,21.45,Requested a refund for a duplicate charge.
3287,6022-UGGSO,2026-04-16,2026-04-17,technical,medium,closed,40.65,Feature X is not syncing data correctly.
3288,8896-BQTTI,2026-08-28,,technical,high,open,,App crashes when loading the dashboard view.
3289,3865-QBWSJ,2026-04-09,,technical,medium,open,,Reported repeated login failures over the past week.
3290,3865-QBWSJ,2026-03-28,2026-03-28,other,high,closed,11.84,Provided feedback about the onboarding experience.
3291,3352-RICWQ,2026-05-16,,technical,medium,open,,Reported repeated login failures over the past week.
3292,5857-TYBCJ,2026-06-28,2026-06-28,other,medium,closed,12.42,Provided feedback about the onboarding experience.
3293,5857-TYBCJ,2026-04-09,,billing,high,open,,Requested a refund for a duplicate charge.
3294,1498-NHTLT,2026-04-12,,other,medium,open,,Asked about cancellation policy and notice period.
3295,4484-CGXFK,2026-08-02,,other,low,open,,Asked about cancellation policy and notice period.
3296,1402-PTHGN,2026-03-26,2026-03-26,other,low,closed,5.0,General question about plan upgrade options.
3297,1402-PTHGN,2026-06-10,2026-06-11,billing,medium,closed,44.99,Reported a failed payment and requested a retry.
3298,4176-RELJR,2026-07-02,,technical,medium,open,,Reported repeated login failures over the past week.
3299,6214-EDAKZ,2026-06-19,2026-06-21,billing,low,closed,65.03,Customer disputes a charge on their most recent invoice.
3300,6214-EDAKZ,2026-06-24,2026-06-24,technical,high,closed,11.21,Requested help configuring an integration.
3301,1796-JANOW,2026-08-18,2026-08-19,technical,medium,closed,45.49,Feature X is not syncing data correctly.
3302,0238-WHBIQ,2026-07-07,2026-07-08,other,low,closed,40.05,Asked about cancellation policy and notice period.
3303,8735-NBLWT,2026-07-07,2026-07-08,billing,low,closed,45.15,Asked why the monthly charge increased without notice.
3304,8735-NBLWT,2026-08-25,2026-08-25,technical,high,closed,9.23,Reported repeated login failures over the past week.
3305,6127-ISGTU,2026-04-22,2026-04-23,billing,low,closed,41.58,Asked why the monthly charge increased without notice.
3306,6127-ISGTU,2026-06-05,2026-06-06,billing,medium,closed,25.57,Requested a refund for a duplicate charge.
3307,8740-XLHDR,2026-09-03,2026-09-06,billing,high,closed,79.68,Reported a failed payment and requested a retry.
3308,8740-XLHDR,2026-04-02,2026-04-05,billing,medium,closed,78.36,Asked why the monthly charge increased without notice.
3309,8740-XLHDR,2026-04-05,2026-04-06,billing,medium,closed,38.17,Customer disputes a charge on their most recent invoice.
3310,1208-DNHLN,2026-05-25,2026-05-25,other,medium,closed,3.62,Requested a copy of past invoices.
3311,5696-EXCYS,2026-03-28,2026-03-28,billing,medium,closed,2.77,Reported a failed payment and requested a retry.
3312,5696-EXCYS,2026-09-15,,billing,medium,open,,Asked why the monthly charge increased without notice.
3313,5696-EXCYS,2026-03-21,,other,medium,open,,Asked about cancellation policy and notice period.
3314,7120-RFMVS,2026-05-19,2026-05-19,billing,high,closed,13.2,Customer disputes a charge on their most recent invoice.
3315,7120-RFMVS,2026-06-25,2026-06-25,billing,medium,closed,21.37,Customer disputes a charge on their most recent invoice.
3316,8512-WIWYV,2026-08-30,2026-08-30,other,medium,closed,20.32,Provided feedback about the onboarding experience.
3317,5897-ZYEKH,2026-05-07,2026-05-08,other,medium,closed,36.24,Asked about cancellation policy and notice period.
3318,5897-ZYEKH,2026-06-10,2026-06-11,technical,low,closed,27.78,Requested help configuring an integration.
3319,5456-ITGIC,2026-07-23,,technical,medium,open,,Requested help configuring an integration.
3320,5456-ITGIC,2026-04-19,2026-04-19,other,medium,closed,17.9,General question about plan upgrade options.
3321,1406-PUQVY,2026-08-17,,technical,medium,open,,App crashes when loading the dashboard view.
3322,1322-AGOQM,2026-06-09,2026-06-11,technical,low,closed,51.96,App crashes when loading the dashboard view.
3323,3677-IYRBF,2026-04-23,,technical,medium,open,,Reported repeated login failures over the past week.
3324,3677-IYRBF,2026-05-10,2026-05-10,billing,low,closed,4.44,Reported a failed payment and requested a retry.
3325,5692-FPTAH,2026-07-12,2026-07-13,technical,medium,closed,31.77,Requested help configuring an integration.
3326,5692-FPTAH,2026-06-01,,other,high,open,,General question about plan upgrade options.
3327,5692-FPTAH,2026-06-12,2026-06-12,technical,low,closed,20.74,Feature X is not syncing data correctly.
3328,1550-LOAHA,2026-04-06,2026-04-06,billing,low,closed,20.64,Requested a refund for a duplicate charge.
3329,1550-LOAHA,2026-04-15,,technical,medium,open,,Feature X is not syncing data correctly.
3330,1550-LOAHA,2026-07-09,2026-07-09,billing,medium,closed,11.65,Customer disputes a charge on their most recent invoice.
3331,0268-QKIWO,2026-06-04,2026-06-04,technical,low,closed,22.09,App crashes when loading the dashboard view.
3332,0876-WDUUZ,2026-05-19,2026-05-22,billing,medium,closed,82.59,Requested a refund for a duplicate charge.
3333,0876-WDUUZ,2026-04-05,2026-04-07,billing,medium,closed,61.6,Asked why the monthly charge increased without notice.
3334,0876-WDUUZ,2026-05-21,,billing,high,open,,Requested a refund for a duplicate charge.
3335,5117-ZSMHQ,2026-06-25,,other,medium,open,,General question about plan upgrade options.
3336,5117-ZSMHQ,2026-05-23,2026-05-23,other,low,closed,11.52,Provided feedback about the onboarding experience.
3337,0617-FHSGK,2026-05-07,2026-05-09,other,high,closed,55.66,Requested a copy of past invoices.
3338,0617-FHSGK,2026-06-27,2026-06-29,billing,high,closed,50.32,Asked why the monthly charge increased without notice.
3339,0617-FHSGK,2026-04-24,,technical,low,open,,Reported repeated login failures over the past week.
3340,0617-FHSGK,2026-06-09,,other,medium,open,,Requested a copy of past invoices.
3341,0263-FJTQO,2026-09-08,2026-09-09,billing,low,closed,26.89,Requested a refund for a duplicate charge.
3342,7503-EPSZW,2026-06-02,,billing,medium,open,,Reported a failed payment and requested a retry.
3343,7089-XXAYG,2026-04-29,2026-04-30,other,high,closed,24.29,Requested a copy of past invoices.
3344,8118-LSUEL,2026-09-09,,technical,medium,open,,Reported repeated login failures over the past week.
3345,8070-AAWZP,2026-05-05,,other,low,open,,General question about plan upgrade options.
3346,8070-AAWZP,2026-05-01,,billing,medium,open,,Reported a failed payment and requested a retry.
3347,1666-JXLKU,2026-07-25,,technical,high,open,,Feature X is not syncing data correctly.
3348,7855-DIWPO,2026-08-02,,technical,low,open,,Feature X is not syncing data correctly.
3349,7855-DIWPO,2026-07-27,2026-07-28,billing,medium,closed,25.36,Asked why the monthly charge increased without notice.
3350,5133-POWUA,2026-07-08,2026-07-09,technical,low,closed,26.67,Requested help configuring an integration.
3351,7005-CCBKV,2026-05-01,,technical,medium,open,,Requested help configuring an integration.
3352,7005-CCBKV,2026-04-01,2026-04-01,technical,medium,closed,16.26,Reported repeated login failures over the past week.
3353,7005-CCBKV,2026-05-14,2026-05-16,technical,medium,closed,51.18,Feature X is not syncing data correctly.
3354,7005-CCBKV,2026-08-18,2026-08-20,technical,medium,closed,49.86,App crashes when loading the dashboard view.
3355,1810-BOHSY,2026-08-29,2026-08-29,billing,medium,closed,23.43,Reported a failed payment and requested a retry.
3356,1810-BOHSY,2026-06-22,2026-06-23,other,medium,closed,44.62,General question about plan upgrade options.
3357,1784-BXEFA,2026-03-25,,technical,low,open,,App crashes when loading the dashboard view.
3358,7351-MHQVU,2026-09-12,,other,medium,open,,Requested a copy of past invoices.
3359,7351-MHQVU,2026-09-09,2026-09-10,billing,high,closed,29.36,Asked why the monthly charge increased without notice.
3360,5762-TJXGK,2026-04-01,2026-04-01,other,medium,closed,13.38,Provided feedback about the onboarding experience.
3361,5569-IDSEY,2026-06-13,2026-06-14,technical,high,closed,25.87,App crashes when loading the dashboard view.
3362,5569-IDSEY,2026-07-24,,technical,medium,open,,Reported repeated login failures over the past week.
3363,7284-ZZLOH,2026-08-06,2026-08-06,other,medium,closed,4.37,Provided feedback about the onboarding experience.
3364,5277-ZLOOR,2026-04-03,2026-04-05,billing,low,closed,71.74,Requested a refund for a duplicate charge.
3365,5277-ZLOOR,2026-08-01,,billing,high,open,,Asked why the monthly charge increased without notice.
3366,5277-ZLOOR,2026-08-17,2026-08-19,billing,high,closed,71.5,Customer disputes a charge on their most recent invoice.
3367,5277-ZLOOR,2026-03-29,,other,medium,open,,Provided feedback about the onboarding experience.
3368,2141-RRYGO,2026-08-09,2026-08-09,billing,high,closed,10.96,Customer disputes a charge on their most recent invoice.
3369,2141-RRYGO,2026-07-29,2026-07-29,other,low,closed,7.28,General question about plan upgrade options.
3370,1777-JYQPJ,2026-06-04,2026-06-04,technical,medium,closed,2.56,Reported repeated login failures over the past week.
3371,6376-GAHQE,2026-08-25,,billing,low,open,,Reported a failed payment and requested a retry.
3372,1599-EAHXY,2026-06-05,2026-06-05,billing,medium,closed,2.74,Customer disputes a charge on their most recent invoice.
3373,8631-XVRZL,2026-04-09,,billing,medium,open,,Requested a refund for a duplicate charge.
3374,5052-PNLOS,2026-06-05,,technical,low,open,,Reported repeated login failures over the past week.
3375,5052-PNLOS,2026-04-12,2026-04-15,technical,medium,closed,73.0,Requested help configuring an integration.
3376,5052-PNLOS,2026-03-27,,other,medium,open,,General question about plan upgrade options.
3377,3853-LYGAM,2026-03-30,2026-03-31,billing,medium,closed,44.47,Customer disputes a charge on their most recent invoice.
3378,6979-ZNSFF,2026-08-03,,billing,high,open,,Reported a failed payment and requested a retry.
3379,6979-ZNSFF,2026-08-30,,technical,low,open,,Requested help configuring an integration.
3380,2386-LAHRK,2026-08-24,,billing,low,open,,Reported a failed payment and requested a retry.
3381,2386-LAHRK,2026-07-11,,other,high,open,,General question about plan upgrade options.
3382,8189-DUKMV,2026-03-31,,billing,low,open,,Requested a refund for a duplicate charge.
3383,6032-IGALN,2026-05-30,,other,medium,open,,General question about plan upgrade options.
3384,6032-IGALN,2026-04-30,2026-05-01,billing,medium,closed,41.67,Requested a refund for a duplicate charge.
3385,6032-IGALN,2026-05-26,2026-05-29,technical,medium,closed,80.27,Requested help configuring an integration.
3386,9931-DCEZH,2026-03-21,2026-03-22,other,high,closed,39.0,Asked about cancellation policy and notice period.
3387,9931-DCEZH,2026-05-25,,technical,high,open,,Requested help configuring an integration.
3388,1898-JSNDC,2026-06-20,,billing,high,open,,Requested a refund for a duplicate charge.
3389,4248-HCETZ,2026-08-30,,technical,medium,open,,Feature X is not syncing data correctly.
3390,4248-HCETZ,2026-06-04,,billing,medium,open,,Requested a refund for a duplicate charge.
3391,7271-AJDTL,2026-06-14,2026-06-14,technical,medium,closed,21.72,Feature X is not syncing data correctly.
3392,1867-TJHTS,2026-04-19,2026-04-20,technical,low,closed,40.63,Feature X is not syncing data correctly.
3393,0516-WJVXC,2026-08-14,2026-08-14,billing,low,closed,10.96,Requested a refund for a duplicate charge.
3394,0516-WJVXC,2026-04-04,,technical,medium,open,,Feature X is not syncing data correctly.
3395,9174-FKWZE,2026-03-25,,billing,medium,open,,Reported a failed payment and requested a retry.
3396,9174-FKWZE,2026-04-10,2026-04-11,billing,medium,closed,25.82,Reported a failed payment and requested a retry.
3397,2817-LVCPP,2026-09-14,,technical,low,open,,Feature X is not syncing data correctly.
3398,2817-LVCPP,2026-03-29,2026-03-30,other,medium,closed,33.47,Asked about cancellation policy and notice period.
3399,5056-FIMPT,2026-07-28,,billing,high,open,,Reported a failed payment and requested a retry.
3400,4521-WFJAI,2026-05-05,2026-05-05,technical,medium,closed,12.61,App crashes when loading the dashboard view.
3401,4521-WFJAI,2026-07-10,,billing,low,open,,Customer disputes a charge on their most recent invoice.
3402,6569-KTMDU,2026-03-29,2026-03-30,technical,medium,closed,34.92,App crashes when loading the dashboard view.
3403,6569-KTMDU,2026-07-09,2026-07-09,technical,medium,closed,5.79,Requested help configuring an integration.
3404,8809-XKHMD,2026-04-23,,billing,medium,open,,Customer disputes a charge on their most recent invoice.
3405,0867-LDTTC,2026-03-23,2026-03-23,other,low,closed,15.59,General question about plan upgrade options.
3406,0867-LDTTC,2026-05-16,2026-05-16,technical,medium,closed,13.41,Reported repeated login failures over the past week.
3407,0867-LDTTC,2026-09-02,,technical,low,open,,Reported repeated login failures over the past week.
3408,4822-NGOCH,2026-08-31,2026-09-01,billing,medium,closed,33.0,Customer disputes a charge on their most recent invoice.
3409,4822-NGOCH,2026-07-31,2026-07-31,technical,medium,closed,19.25,Reported repeated login failures over the past week.
3410,9391-DXGGG,2026-06-11,2026-06-11,other,low,closed,5.24,Provided feedback about the onboarding experience.
3411,2122-SZZZD,2026-04-10,2026-04-11,technical,high,closed,38.8,Feature X is not syncing data correctly.
3412,8679-JOEVF,2026-03-30,2026-04-01,billing,medium,closed,49.57,Reported a failed payment and requested a retry.
3413,8679-JOEVF,2026-05-19,,billing,low,open,,Asked why the monthly charge increased without notice.
3414,6692-YQHXC,2026-04-15,,other,medium,open,,Requested a copy of past invoices.
3415,6692-YQHXC,2026-06-24,2026-06-25,billing,high,closed,47.76,Requested a refund for a duplicate charge.
3416,3889-VWBID,2026-08-02,,other,low,open,,Asked about cancellation policy and notice period.
3417,3889-VWBID,2026-07-01,2026-07-01,technical,medium,closed,18.74,Requested help configuring an integration.
3418,5222-JCXZT,2026-05-14,2026-05-15,billing,high,closed,28.91,Requested a refund for a duplicate charge.
3419,5222-JCXZT,2026-08-28,,billing,high,open,,Customer disputes a charge on their most recent invoice.
3420,1432-FPAXX,2026-06-29,,billing,low,open,,Customer disputes a charge on their most recent invoice.
3421,1432-FPAXX,2026-07-24,2026-07-26,other,low,closed,69.08,General question about plan upgrade options.
3422,1432-FPAXX,2026-04-19,,billing,medium,open,,Asked why the monthly charge increased without notice.
3423,0496-AHOOK,2026-05-31,2026-06-01,technical,low,closed,27.23,Requested help configuring an integration.
3424,0496-AHOOK,2026-08-24,2026-08-25,technical,high,closed,25.98,App crashes when loading the dashboard view.
3425,8336-TAVKX,2026-08-22,2026-08-22,billing,low,closed,10.25,Customer disputes a charge on their most recent invoice.
3426,2468-SJFLM,2026-08-14,,billing,low,open,,Asked why the monthly charge increased without notice.
3427,2468-SJFLM,2026-07-30,,billing,high,open,,Asked why the monthly charge increased without notice.
3428,3181-VTHOE,2026-08-07,2026-08-08,other,low,closed,47.05,Provided feedback about the onboarding experience.
3429,4803-AXVYP,2026-05-06,,other,medium,open,,General question about plan upgrade options.
3430,4803-AXVYP,2026-04-09,,other,low,open,,Provided feedback about the onboarding experience.
3431,3884-HCSWG,2026-08-27,2026-08-27,billing,low,closed,8.57,Requested a refund for a duplicate charge.
3432,4567-AKPIA,2026-04-03,2026-04-04,technical,medium,closed,29.79,App crashes when loading the dashboard view.
3433,1142-WACZW,2026-06-23,,technical,medium,open,,App crashes when loading the dashboard view.
3434,7901-HXJVA,2026-06-11,2026-06-11,billing,medium,closed,4.29,Requested a refund for a duplicate charge.
3435,5649-ANRML,2026-03-29,,other,medium,open,,Asked about cancellation policy and notice period.
3436,5649-ANRML,2026-04-18,2026-04-19,technical,low,closed,41.09,Requested help configuring an integration.
3437,5649-ANRML,2026-05-05,2026-05-05,technical,medium,closed,8.25,Feature X is not syncing data correctly.
3438,4892-VLANZ,2026-05-24,2026-05-25,other,medium,closed,24.96,Asked about cancellation policy and notice period.
3439,4892-VLANZ,2026-05-09,2026-05-10,billing,low,closed,43.19,Asked why the monthly charge increased without notice.
3440,4892-VLANZ,2026-04-06,2026-04-07,technical,medium,closed,38.45,Feature X is not syncing data correctly.
3441,5924-IFQTT,2026-05-09,2026-05-09,other,medium,closed,8.11,Asked about cancellation policy and notice period.
3442,7968-QUXNS,2026-04-03,,technical,high,open,,Feature X is not syncing data correctly.
3443,7968-QUXNS,2026-06-25,2026-06-25,other,medium,closed,16.76,General question about plan upgrade options.
3444,2919-HBCJO,2026-06-14,,technical,medium,open,,Feature X is not syncing data correctly.
3445,4236-XPXAV,2026-05-07,,technical,medium,open,,Reported repeated login failures over the past week.
3446,4236-XPXAV,2026-05-02,,billing,low,open,,Reported a failed payment and requested a retry.
3447,4236-XPXAV,2026-08-22,,technical,medium,open,,Feature X is not syncing data correctly.
3448,3629-WEAAM,2026-07-04,2026-07-04,other,low,closed,22.67,Asked about cancellation policy and notice period.
3449,3629-WEAAM,2026-09-15,2026-09-15,other,low,closed,2.25,Provided feedback about the onboarding experience.
3450,6029-CSMJE,2026-07-11,2026-07-11,other,medium,closed,1.65,General question about plan upgrade options.
3451,7993-NQLJE,2026-07-18,2026-07-19,technical,low,closed,30.97,Reported repeated login failures over the past week.
3452,4962-CHQPW,2026-07-08,,other,medium,open,,Provided feedback about the onboarding experience.
3453,3030-YZADT,2026-08-17,2026-08-18,other,low,closed,26.22,General question about plan upgrade options.
3454,3030-YZADT,2026-08-19,2026-08-20,technical,medium,closed,42.25,Requested help configuring an integration.
3455,7410-KTVFV,2026-06-10,2026-06-10,billing,medium,closed,7.61,Requested a refund for a duplicate charge.
3456,5150-ITWWB,2026-08-07,2026-08-08,technical,medium,closed,41.55,App crashes when loading the dashboard view.
3457,6429-SHBCB,2026-07-09,2026-07-10,technical,medium,closed,25.66,Feature X is not syncing data correctly.
3458,2603-HVKCG,2026-06-14,2026-06-15,technical,medium,closed,43.84,Requested help configuring an integration.
3459,2603-HVKCG,2026-03-29,2026-03-30,other,medium,closed,26.88,General question about plan upgrade options.
3460,1834-WULEG,2026-07-21,2026-07-21,technical,medium,closed,12.57,App crashes when loading the dashboard view.
3461,9097-ZUBYC,2026-09-06,2026-09-07,billing,low,closed,39.76,Requested a refund for a duplicate charge.
3462,9097-ZUBYC,2026-06-12,2026-06-12,technical,low,closed,16.38,Feature X is not syncing data correctly.
3463,5148-ORICT,2026-08-13,2026-08-13,technical,medium,closed,1.65,Reported repeated login failures over the past week.
3464,4893-GYUJU,2026-03-25,2026-03-26,other,low,closed,42.68,General question about plan upgrade options.
3465,4578-PHJYZ,2026-07-12,2026-07-12,technical,medium,closed,13.15,App crashes when loading the dashboard view.
3466,7272-QDCKA,2026-03-21,,other,high,open,,Requested a copy of past invoices.
3467,7272-QDCKA,2026-08-09,2026-08-10,billing,medium,closed,34.47,Asked why the monthly charge increased without notice.
3468,8908-SLFCJ,2026-07-04,2026-07-05,technical,medium,closed,44.06,Feature X is not syncing data correctly.
3469,8393-DLHGA,2026-07-27,2026-07-30,billing,low,closed,75.79,Requested a refund for a duplicate charge.
3470,8393-DLHGA,2026-06-30,,technical,low,open,,Reported repeated login failures over the past week.
3471,6968-MHOMU,2026-03-25,2026-03-26,billing,medium,closed,24.8,Reported a failed payment and requested a retry.
3472,6968-MHOMU,2026-07-04,2026-07-05,other,medium,closed,34.19,Requested a copy of past invoices.
3473,5044-XDPYX,2026-07-27,,technical,high,open,,App crashes when loading the dashboard view.
3474,1814-WFGVS,2026-09-12,2026-09-12,other,low,closed,15.28,Requested a copy of past invoices.
3475,6734-CKRSM,2026-09-09,,other,medium,open,,Requested a copy of past invoices.
3476,6734-CKRSM,2026-03-22,2026-03-22,technical,low,closed,18.56,App crashes when loading the dashboard view.
3477,1265-ZFOSD,2026-08-10,2026-08-10,other,medium,closed,5.45,Provided feedback about the onboarding experience.
3478,5197-LQXXH,2026-06-30,,other,medium,open,,Provided feedback about the onboarding experience.
3479,9907-SWKKF,2026-07-30,,technical,medium,open,,Requested help configuring an integration.
3480,3457-PQBYH,2026-06-17,2026-06-17,billing,high,closed,21.77,Requested a refund for a duplicate charge.
3481,0587-DMGBH,2026-09-08,,billing,medium,open,,Customer disputes a charge on their most recent invoice.
3482,0587-DMGBH,2026-08-08,2026-08-09,billing,medium,closed,33.92,Customer disputes a charge on their most recent invoice.
3483,0587-DMGBH,2026-08-26,,billing,low,open,,Reported a failed payment and requested a retry.
3484,0587-DMGBH,2026-07-07,2026-07-08,billing,medium,closed,45.92,Customer disputes a charge on their most recent invoice.
3485,3745-HRPHI,2026-08-06,,billing,low,open,,Asked why the monthly charge increased without notice.
3486,3745-HRPHI,2026-04-06,,technical,high,open,,App crashes when loading the dashboard view.
3487,1231-YNDEK,2026-08-07,2026-08-07,billing,medium,closed,6.33,Customer disputes a charge on their most recent invoice.
3488,1407-DIGZV,2026-04-03,2026-04-04,other,medium,closed,38.61,General question about plan upgrade options.
3489,1407-DIGZV,2026-06-01,2026-06-01,billing,medium,closed,10.15,Asked why the monthly charge increased without notice.
3490,6397-JNZZG,2026-08-30,,billing,low,open,,Customer disputes a charge on their most recent invoice.
3491,4393-OBCRR,2026-05-10,2026-05-10,billing,medium,closed,16.57,Reported a failed payment and requested a retry.
3492,4393-OBCRR,2026-08-19,,other,low,open,,General question about plan upgrade options.
3493,3523-QRQLL,2026-07-07,,other,high,open,,Requested a copy of past invoices.
3494,3696-DFHHB,2026-05-17,,technical,low,open,,Feature X is not syncing data correctly.
3495,3696-DFHHB,2026-06-06,2026-06-07,technical,medium,closed,47.34,Feature X is not syncing data correctly.
3496,0895-DQHEW,2026-05-27,2026-05-28,technical,medium,closed,41.92,Reported repeated login failures over the past week.
3497,5501-TVMGM,2026-04-08,2026-04-08,billing,low,closed,18.15,Reported a failed payment and requested a retry.
3498,5879-HMFFH,2026-05-04,2026-05-04,technical,medium,closed,20.68,App crashes when loading the dashboard view.
3499,5879-HMFFH,2026-08-06,2026-08-07,other,high,closed,38.07,General question about plan upgrade options.
3500,8149-RSOUN,2026-04-17,2026-04-19,billing,medium,closed,61.88,Customer disputes a charge on their most recent invoice.
3501,8149-RSOUN,2026-08-07,2026-08-07,other,medium,closed,8.97,Asked about cancellation policy and notice period.
3502,8149-RSOUN,2026-04-13,,technical,low,open,,Feature X is not syncing data correctly.
3503,4359-INNWN,2026-05-04,,technical,medium,open,,App crashes when loading the dashboard view.
3504,0585-EGDDA,2026-07-28,2026-07-29,billing,low,closed,24.12,Requested a refund for a duplicate charge.
3505,0585-EGDDA,2026-05-26,2026-05-26,other,medium,closed,14.69,Asked about cancellation policy and notice period.
3506,0549-CYCQN,2026-09-14,,billing,medium,open,,Requested a refund for a duplicate charge.
3507,3481-JHUZH,2026-08-31,,technical,low,open,,Requested help configuring an integration.
3508,7250-EQKIY,2026-08-03,2026-08-03,billing,medium,closed,19.06,Reported a failed payment and requested a retry.
3509,6869-FGJJC,2026-09-06,2026-09-06,billing,low,closed,16.68,Asked why the monthly charge increased without notice.
3510,6869-FGJJC,2026-08-29,2026-08-30,other,medium,closed,46.1,General question about plan upgrade options.
3511,3896-ZVNET,2026-07-25,2026-07-25,technical,medium,closed,20.25,App crashes when loading the dashboard view.
3512,3896-ZVNET,2026-08-19,2026-08-19,billing,medium,closed,6.97,Requested a refund for a duplicate charge.
3513,3896-ZVNET,2026-04-26,,other,medium,open,,Provided feedback about the onboarding experience.
3514,8205-VSLRB,2026-05-11,,other,medium,open,,General question about plan upgrade options.
3515,8205-VSLRB,2026-06-18,,other,medium,open,,Provided feedback about the onboarding experience.
3516,5960-MVTUK,2026-09-05,2026-09-05,other,medium,closed,5.49,Requested a copy of past invoices.
3517,5960-MVTUK,2026-04-22,2026-04-22,technical,medium,closed,10.04,Reported repeated login failures over the past week.
3518,5960-MVTUK,2026-04-26,2026-04-26,other,medium,closed,8.54,Requested a copy of past invoices.
3519,3082-VQXNH,2026-04-27,2026-04-28,billing,low,closed,24.65,Asked why the monthly charge increased without notice.
3520,3082-VQXNH,2026-04-05,2026-04-05,other,low,closed,7.23,General question about plan upgrade options.
3521,3082-VQXNH,2026-09-14,2026-09-14,other,medium,closed,12.26,Asked about cancellation policy and notice period.
3522,4013-UBXWQ,2026-08-03,2026-08-05,billing,medium,closed,60.54,Asked why the monthly charge increased without notice.
3523,4013-UBXWQ,2026-07-21,,billing,low,open,,Customer disputes a charge on their most recent invoice.
3524,4013-UBXWQ,2026-06-23,2026-06-26,technical,high,closed,78.69,App crashes when loading the dashboard view.
3525,4013-UBXWQ,2026-06-24,2026-06-24,technical,medium,closed,12.14,Feature X is not syncing data correctly.
3526,4013-UBXWQ,2026-06-15,,technical,medium,open,,App crashes when loading the dashboard view.
3527,7669-LCRSD,2026-09-10,2026-09-10,technical,high,closed,3.14,Reported repeated login failures over the past week.
3528,5519-NPHVG,2026-07-08,2026-07-10,technical,medium,closed,55.33,Requested help configuring an integration.
3529,5519-NPHVG,2026-05-26,2026-05-27,other,medium,closed,47.6,Asked about cancellation policy and notice period.
3530,8043-PNYSD,2026-06-17,2026-06-17,billing,medium,closed,7.57,Asked why the monthly charge increased without notice.
3531,0928-JMXNP,2026-04-07,2026-04-07,technical,medium,closed,6.42,Requested help configuring an integration.
3532,8173-RXAYP,2026-09-10,2026-09-11,other,low,closed,30.36,Asked about cancellation policy and notice period.
3533,4825-XJGDM,2026-04-21,,technical,low,open,,Requested help configuring an integration.
3534,4825-XJGDM,2026-09-11,,other,low,open,,General question about plan upgrade options.
3535,6734-JDTTV,2026-06-27,2026-06-28,technical,low,closed,32.97,Reported repeated login failures over the past week.
3536,6734-JDTTV,2026-04-18,,technical,medium,open,,App crashes when loading the dashboard view.
3537,7850-THJMU,2026-05-27,,technical,medium,open,,Feature X is not syncing data correctly.
3538,8849-GYOKR,2026-06-12,2026-06-12,billing,high,closed,22.05,Customer disputes a charge on their most recent invoice.
3539,3148-BLQJT,2026-08-31,2026-08-31,technical,medium,closed,17.58,Feature X is not syncing data correctly.
3540,3148-BLQJT,2026-04-27,2026-04-29,technical,low,closed,54.22,Requested help configuring an integration.
3541,3148-BLQJT,2026-06-05,,billing,medium,open,,Asked why the monthly charge increased without notice.
3542,3717-FDJFU,2026-06-20,2026-06-20,technical,high,closed,8.73,Reported repeated login failures over the past week.
3543,3717-FDJFU,2026-08-09,2026-08-10,other,low,closed,24.05,Provided feedback about the onboarding experience.
3544,3717-FDJFU,2026-04-21,2026-04-21,technical,low,closed,15.49,Feature X is not syncing data correctly.
3545,0461-CVKMU,2026-07-03,2026-07-05,billing,medium,closed,58.44,Reported a failed payment and requested a retry.
3546,0461-CVKMU,2026-08-17,,billing,medium,open,,Asked why the monthly charge increased without notice.
3547,8806-EAGWC,2026-05-04,2026-05-06,billing,medium,closed,67.37,Requested a refund for a duplicate charge.
3548,8806-EAGWC,2026-08-05,,technical,medium,open,,Requested help configuring an integration.
3549,7779-LGOVN,2026-08-20,,technical,medium,open,,Requested help configuring an integration.
3550,7779-LGOVN,2026-05-27,2026-05-29,billing,low,closed,51.21,Reported a failed payment and requested a retry.
3551,4324-BZCKL,2026-06-08,,billing,high,open,,Customer disputes a charge on their most recent invoice.
3552,9710-ZUSHQ,2026-04-29,,technical,medium,open,,Feature X is not syncing data correctly.
3553,9710-ZUSHQ,2026-08-30,2026-08-30,other,medium,closed,15.74,Asked about cancellation policy and notice period.
3554,9710-ZUSHQ,2026-08-10,,other,medium,open,,Requested a copy of past invoices.
3555,1536-YHDOE,2026-05-15,2026-05-15,technical,high,closed,4.06,App crashes when loading the dashboard view.
3556,1536-YHDOE,2026-07-13,2026-07-14,technical,low,closed,24.67,App crashes when loading the dashboard view.
3557,3629-ZNKXA,2026-03-24,,billing,high,open,,Customer disputes a charge on their most recent invoice.
3558,7711-YIJWC,2026-06-04,2026-06-05,technical,low,closed,30.01,Feature X is not syncing data correctly.
3559,5482-VXSXJ,2026-06-11,2026-06-12,billing,low,closed,45.17,Customer disputes a charge on their most recent invoice.
3560,5482-VXSXJ,2026-06-09,2026-06-10,technical,medium,closed,31.82,App crashes when loading the dashboard view.
3561,9620-ENEJV,2026-07-08,2026-07-08,technical,medium,closed,8.46,Feature X is not syncing data correctly.
3562,4183-WCSEP,2026-06-10,2026-06-10,billing,medium,closed,15.33,Requested a refund for a duplicate charge.
3563,2378-YIZKA,2026-06-06,,billing,medium,open,,Requested a refund for a duplicate charge.
3564,2378-YIZKA,2026-07-30,2026-07-30,other,low,closed,17.86,Provided feedback about the onboarding experience.
3565,5498-TXHLF,2026-06-08,2026-06-11,technical,medium,closed,81.36,Requested help configuring an integration.
3566,0689-DSXGL,2026-06-21,2026-06-21,technical,medium,closed,21.41,Reported repeated login failures over the past week.
3567,0689-DSXGL,2026-06-21,2026-06-21,technical,low,closed,13.08,App crashes when loading the dashboard view.
3568,0689-DSXGL,2026-06-06,2026-06-07,technical,medium,closed,27.35,App crashes when loading the dashboard view.
3569,6818-DJXAA,2026-04-30,2026-05-01,technical,medium,closed,27.8,Feature X is not syncing data correctly.
3570,9722-UJOJR,2026-06-28,2026-06-28,billing,low,closed,14.46,Asked why the monthly charge increased without notice.
3571,9722-UJOJR,2026-04-28,,other,low,open,,Asked about cancellation policy and notice period.
3572,8902-ZEOVF,2026-05-22,2026-05-23,technical,medium,closed,26.27,Feature X is not syncing data correctly.
3573,6778-EICRF,2026-07-31,2026-08-01,billing,high,closed,30.81,Reported a failed payment and requested a retry.
3574,2662-NNTDK,2026-06-22,2026-06-22,other,medium,closed,10.43,General question about plan upgrade options.
3575,2662-NNTDK,2026-04-26,2026-04-27,technical,medium,closed,41.09,Feature X is not syncing data correctly.
3576,4132-KALRO,2026-07-14,2026-07-15,technical,low,closed,32.83,Feature X is not syncing data correctly.
3577,3902-FOIGH,2026-03-23,,technical,high,open,,Requested help configuring an integration.
3578,6772-KSATR,2026-06-17,2026-06-19,technical,medium,closed,62.79,Reported repeated login failures over the past week.
3579,6772-KSATR,2026-03-26,2026-03-26,other,high,closed,22.92,Asked about cancellation policy and notice period.
3580,7112-OPOTK,2026-04-03,,technical,low,open,,Requested help configuring an integration.
3581,2874-YXVVA,2026-07-15,,billing,high,open,,Requested a refund for a duplicate charge.
3582,2874-YXVVA,2026-04-16,2026-04-16,technical,medium,closed,15.63,Feature X is not syncing data correctly.
3583,1245-HARPS,2026-05-23,,other,low,open,,Asked about cancellation policy and notice period.
3584,4323-ELYYB,2026-06-27,2026-06-27,technical,medium,closed,6.02,App crashes when loading the dashboard view.
3585,4293-ETKAP,2026-04-15,2026-04-16,technical,medium,closed,33.63,Reported repeated login failures over the past week.
3586,6064-PUPMC,2026-07-10,2026-07-11,technical,medium,closed,32.9,App crashes when loading the dashboard view.
3587,6322-PJJDJ,2026-07-13,2026-07-14,technical,medium,closed,28.4,App crashes when loading the dashboard view.
3588,0330-BGYZE,2026-07-19,,other,high,open,,General question about plan upgrade options.
3589,0330-BGYZE,2026-06-01,2026-06-02,technical,low,closed,43.17,Requested help configuring an integration.
3590,1085-LDWAM,2026-09-14,2026-09-15,technical,medium,closed,33.18,Feature X is not syncing data correctly.
3591,7197-VOJMM,2026-06-19,2026-06-20,other,medium,closed,38.54,Requested a copy of past invoices.
3592,7197-VOJMM,2026-04-13,2026-04-14,technical,high,closed,38.6,App crashes when loading the dashboard view.
3593,3318-OSATS,2026-08-15,,billing,high,open,,Requested a refund for a duplicate charge.
3594,3318-OSATS,2026-09-02,,technical,low,open,,Reported repeated login failures over the past week.
3595,3318-OSATS,2026-04-08,2026-04-10,technical,medium,closed,70.91,App crashes when loading the dashboard view.
3596,3318-OSATS,2026-09-01,2026-09-01,technical,medium,closed,13.22,Requested help configuring an integration.
3597,3318-OSATS,2026-07-15,,technical,high,open,,App crashes when loading the dashboard view.
3598,5828-AVIPD,2026-09-14,2026-09-16,technical,high,closed,67.01,Requested help configuring an integration.
3599,9626-VFRGG,2026-06-19,,billing,high,open,,Asked why the monthly charge increased without notice.
3600,7075-BNDVQ,2026-05-11,2026-05-11,other,medium,closed,2.99,General question about plan upgrade options.
3601,7284-BUYEC,2026-05-06,2026-05-06,technical,medium,closed,7.02,Requested help configuring an integration.
3602,2041-JIJCI,2026-07-30,2026-07-31,billing,low,closed,27.98,Asked why the monthly charge increased without notice.
3603,1086-LXKFY,2026-08-13,2026-08-15,other,medium,closed,50.05,Asked about cancellation policy and notice period.
3604,4900-MSOMT,2026-06-26,2026-06-27,other,medium,closed,37.67,Asked about cancellation policy and notice period.
3605,4900-MSOMT,2026-04-14,2026-04-15,billing,low,closed,46.19,Asked why the monthly charge increased without notice.
3606,4900-MSOMT,2026-08-07,2026-08-07,technical,medium,closed,10.26,Feature X is not syncing data correctly.
3607,1336-EZFZY,2026-04-16,,other,low,open,,Provided feedback about the onboarding experience.
3608,1336-EZFZY,2026-04-22,2026-04-22,billing,high,closed,11.13,Requested a refund for a duplicate charge.
3609,4282-MSACW,2026-09-13,2026-09-14,technical,medium,closed,47.27,Feature X is not syncing data correctly.
3610,2636-ALXXZ,2026-05-10,2026-05-11,technical,medium,closed,47.5,Feature X is not syncing data correctly.
3611,7786-WBJYI,2026-07-18,2026-07-18,other,medium,closed,8.62,Asked about cancellation policy and notice period.
3612,0136-IFMYD,2026-03-27,2026-03-28,technical,high,closed,33.69,Reported repeated login failures over the past week.
3613,5144-TVGLP,2026-07-30,,billing,medium,open,,Asked why the monthly charge increased without notice.
3614,5144-TVGLP,2026-03-26,2026-03-26,billing,medium,closed,15.58,Requested a refund for a duplicate charge.
3615,5144-TVGLP,2026-05-25,2026-05-26,billing,high,closed,31.78,Asked why the monthly charge increased without notice.
3616,9643-AVVWI,2026-03-26,,other,low,open,,Requested a copy of past invoices.
3617,9643-AVVWI,2026-05-14,,technical,low,open,,Requested help configuring an integration.
3618,9643-AVVWI,2026-06-12,2026-06-12,other,high,closed,15.67,Asked about cancellation policy and notice period.
3619,0253-ZTEOB,2026-08-26,2026-08-26,other,medium,closed,22.19,Asked about cancellation policy and notice period.
3620,6061-PQHMK,2026-09-11,2026-09-11,technical,low,closed,3.3,Feature X is not syncing data correctly.
3621,9885-CSMWE,2026-08-02,,other,high,open,,Asked about cancellation policy and notice period.
3622,9885-CSMWE,2026-07-25,,other,low,open,,General question about plan upgrade options.
3623,4232-JGKIY,2026-07-04,2026-07-05,technical,low,closed,27.33,Reported repeated login failures over the past week.
3624,2402-TAIRZ,2026-04-28,,billing,high,open,,Asked why the monthly charge increased without notice.
3625,6685-GBWJZ,2026-06-26,2026-06-26,other,low,closed,13.44,General question about plan upgrade options.
3626,6685-GBWJZ,2026-09-06,2026-09-06,billing,medium,closed,15.75,Customer disputes a charge on their most recent invoice.
3627,5016-ETTFF,2026-08-09,,technical,high,open,,Reported repeated login failures over the past week.
3628,3866-MDTUB,2026-07-05,2026-07-07,billing,low,closed,57.77,Asked why the monthly charge increased without notice.
3629,3913-RDSJZ,2026-06-13,,billing,high,open,,Reported a failed payment and requested a retry.
3630,8058-JMEQO,2026-09-11,,other,medium,open,,Asked about cancellation policy and notice period.
3631,4203-QGNZA,2026-08-07,2026-08-07,other,medium,closed,16.42,Asked about cancellation policy and notice period.
3632,0697-ZMSWS,2026-03-28,2026-03-28,billing,medium,closed,20.04,Reported a failed payment and requested a retry.
3633,7657-DYEPJ,2026-05-30,2026-05-31,billing,medium,closed,42.73,Asked why the monthly charge increased without notice.
3634,7657-DYEPJ,2026-07-05,2026-07-05,billing,medium,closed,3.29,Reported a failed payment and requested a retry.
3635,1640-PLFMP,2026-03-30,2026-03-31,technical,high,closed,45.0,Reported repeated login failures over the past week.
3636,8276-MQBYC,2026-06-23,2026-06-23,other,medium,closed,2.82,Asked about cancellation policy and notice period.
3637,8276-MQBYC,2026-06-04,2026-06-07,billing,high,closed,76.8,Reported a failed payment and requested a retry.
3638,8276-MQBYC,2026-06-07,2026-06-10,technical,low,closed,72.49,Feature X is not syncing data correctly.
3639,7644-OMVMY,2026-08-20,,technical,high,open,,Requested help configuring an integration.
3640,7593-XFKDI,2026-08-05,,technical,low,open,,Feature X is not syncing data correctly.
3641,7593-XFKDI,2026-07-20,,billing,low,open,,Reported a failed payment and requested a retry.
3642,0337-CNPZE,2026-07-19,2026-07-20,technical,medium,closed,38.47,Reported repeated login failures over the past week.
3643,8380-MQINP,2026-07-31,2026-08-01,other,medium,closed,39.5,Requested a copy of past invoices.
3644,8690-ZVLCL,2026-05-22,2026-05-22,billing,high,closed,21.81,Requested a refund for a duplicate charge.
3645,8690-ZVLCL,2026-06-01,2026-06-02,other,medium,closed,40.05,General question about plan upgrade options.
3646,1125-SNVCK,2026-05-14,2026-05-15,billing,medium,closed,32.6,Customer disputes a charge on their most recent invoice.
3647,0384-LPITE,2026-06-19,2026-06-20,billing,medium,closed,35.65,Asked why the monthly charge increased without notice.
3648,4616-EWBNJ,2026-03-31,2026-04-01,other,medium,closed,34.16,General question about plan upgrade options.
3649,2545-EBUPK,2026-07-21,2026-07-22,other,medium,closed,44.16,Provided feedback about the onboarding experience.
3650,2545-EBUPK,2026-05-16,2026-05-16,technical,medium,closed,11.24,Feature X is not syncing data correctly.
3651,2172-EJXVF,2026-09-13,2026-09-14,other,medium,closed,27.25,Provided feedback about the onboarding experience.
3652,0897-FEGMU,2026-08-03,,technical,low,open,,Reported repeated login failures over the past week.
3653,1120-BMWUB,2026-04-27,,billing,medium,open,,Requested a refund for a duplicate charge.
3654,1120-BMWUB,2026-04-29,2026-04-29,other,low,closed,14.0,Provided feedback about the onboarding experience.
3655,9124-LHCJQ,2026-04-14,2026-04-16,billing,low,closed,64.29,Asked why the monthly charge increased without notice.
3656,8871-JLMHM,2026-04-10,2026-04-11,technical,low,closed,28.04,Requested help configuring an integration.
3657,8871-JLMHM,2026-04-05,2026-04-05,technical,medium,closed,10.23,Feature X is not syncing data correctly.
3658,2235-ZGKPT,2026-06-17,,billing,low,open,,Reported a failed payment and requested a retry.
3659,2235-ZGKPT,2026-06-15,2026-06-17,other,low,closed,68.59,General question about plan upgrade options.
3660,5447-VYTKW,2026-05-13,2026-05-14,technical,medium,closed,34.14,App crashes when loading the dashboard view.
3661,5447-VYTKW,2026-09-06,2026-09-06,technical,high,closed,16.66,App crashes when loading the dashboard view.
3662,5447-VYTKW,2026-04-21,,other,medium,open,,Provided feedback about the onboarding experience.
3663,0689-NKYLF,2026-06-19,,other,high,open,,Requested a copy of past invoices.
3664,5519-YLDGW,2026-04-03,,billing,medium,open,,Reported a failed payment and requested a retry.
3665,5519-YLDGW,2026-04-01,,billing,low,open,,Customer disputes a charge on their most recent invoice.
3666,5519-YLDGW,2026-04-23,,other,high,open,,General question about plan upgrade options.
3667,5519-YLDGW,2026-09-04,,other,low,open,,Requested a copy of past invoices.
3668,1855-AGAWH,2026-03-23,2026-03-23,technical,high,closed,9.13,Feature X is not syncing data correctly.
3669,5307-UVGNB,2026-06-27,2026-06-28,technical,low,closed,36.89,Requested help configuring an integration.
3670,5307-UVGNB,2026-04-17,2026-04-18,technical,low,closed,46.12,App crashes when loading the dashboard view.
3671,2883-ILGWO,2026-08-17,2026-08-17,other,medium,closed,14.95,General question about plan upgrade options.
3672,2516-VQRRV,2026-03-28,,technical,medium,open,,Requested help configuring an integration.
3673,7580-UGXNC,2026-07-06,2026-07-08,technical,low,closed,71.86,Reported repeated login failures over the past week.
3674,7580-UGXNC,2026-07-29,,billing,low,open,,Asked why the monthly charge increased without notice.
3675,7580-UGXNC,2026-05-22,2026-05-25,technical,medium,closed,83.72,Feature X is not syncing data correctly.
3676,3642-BYHDO,2026-09-14,,billing,medium,open,,Requested a refund for a duplicate charge.
3677,3642-BYHDO,2026-06-17,,technical,medium,open,,Feature X is not syncing data correctly.
3678,9629-NHXFW,2026-08-21,2026-08-22,other,low,closed,38.4,Requested a copy of past invoices.
3679,9629-NHXFW,2026-03-27,2026-03-27,other,low,closed,22.22,Requested a copy of past invoices.
3680,9629-NHXFW,2026-04-28,2026-04-29,billing,medium,closed,31.49,Requested a refund for a duplicate charge.
3681,9629-NHXFW,2026-04-09,2026-04-09,other,medium,closed,12.75,Provided feedback about the onboarding experience.
3682,0396-HUJBP,2026-09-14,,other,medium,open,,General question about plan upgrade options.
3683,5178-LMXOP,2026-05-02,,billing,high,open,,Requested a refund for a duplicate charge.
3684,5178-LMXOP,2026-04-19,,technical,low,open,,Feature X is not syncing data correctly.
3685,5178-LMXOP,2026-06-16,2026-06-18,technical,medium,closed,60.72,App crashes when loading the dashboard view.
3686,5178-LMXOP,2026-09-11,2026-09-13,billing,low,closed,62.66,Requested a refund for a duplicate charge.
3687,8879-ZKJOF,2026-09-05,,other,medium,open,,Requested a copy of past invoices.
3688,8879-ZKJOF,2026-09-03,2026-09-03,technical,low,closed,22.34,Requested help configuring an integration.
3689,6285-FTQBF,2026-04-02,,other,high,open,,General question about plan upgrade options.
3690,6285-FTQBF,2026-04-17,,billing,low,open,,Requested a refund for a duplicate charge.
3691,6285-FTQBF,2026-06-24,,billing,medium,open,,Reported a failed payment and requested a retry.
3692,4585-HETAI,2026-04-08,2026-04-10,technical,low,closed,54.08,Requested help configuring an integration.
3693,7526-BEZQB,2026-03-22,2026-03-23,technical,medium,closed,36.43,Requested help configuring an integration.
3694,1474-JUWSM,2026-05-15,2026-05-15,other,high,closed,20.46,Provided feedback about the onboarding experience.
3695,3530-CRZSB,2026-04-16,,technical,medium,open,,Requested help configuring an integration.
3696,0621-TSSMU,2026-06-11,,other,low,open,,Requested a copy of past invoices.
3697,7636-PEPNS,2026-04-02,,technical,medium,open,,Reported repeated login failures over the past week.
3698,7636-PEPNS,2026-09-05,,other,low,open,,Requested a copy of past invoices.
3699,7636-PEPNS,2026-06-16,,technical,medium,open,,Feature X is not syncing data correctly.
3700,9052-DHNKM,2026-05-24,2026-05-25,technical,high,closed,29.17,Requested help configuring an integration.
3701,6794-HKIAJ,2026-05-08,,technical,low,open,,App crashes when loading the dashboard view.
3702,1642-HMARX,2026-03-26,,technical,high,open,,Feature X is not syncing data correctly.
3703,4299-OPXEJ,2026-04-17,2026-04-17,other,medium,closed,2.75,General question about plan upgrade options.
3704,4299-OPXEJ,2026-03-30,2026-03-30,technical,high,closed,11.07,Reported repeated login failures over the past week.
3705,4951-UKAAQ,2026-04-17,,billing,low,open,,Requested a refund for a duplicate charge.
3706,4951-UKAAQ,2026-05-01,,billing,medium,open,,Requested a refund for a duplicate charge.
3707,4951-UKAAQ,2026-08-06,2026-08-06,billing,medium,closed,15.26,Reported a failed payment and requested a retry.
3708,9618-LFJRU,2026-06-22,2026-06-23,other,high,closed,36.33,Requested a copy of past invoices.
3709,0744-GKNGE,2026-07-05,2026-07-06,billing,medium,closed,37.97,Requested a refund for a duplicate charge.
3710,6447-EGDIV,2026-04-27,2026-04-27,other,high,closed,22.56,General question about plan upgrade options.
3711,1167-OYZJF,2026-04-30,2026-05-01,billing,low,closed,37.59,Asked why the monthly charge increased without notice.
3712,1167-OYZJF,2026-05-15,2026-05-16,billing,low,closed,29.23,Reported a failed payment and requested a retry.
3713,2108-YKQTY,2026-06-11,,billing,medium,open,,Customer disputes a charge on their most recent invoice.
3714,4918-QLLIW,2026-05-21,2026-05-22,other,low,closed,37.07,Asked about cancellation policy and notice period.
3715,4918-QLLIW,2026-06-16,,billing,high,open,,Requested a refund for a duplicate charge.
3716,7056-IMHCC,2026-04-22,2026-04-22,billing,medium,closed,6.41,Requested a refund for a duplicate charge.
3717,4837-PZTIC,2026-05-01,2026-05-01,billing,medium,closed,13.36,Asked why the monthly charge increased without notice.
3718,4837-PZTIC,2026-03-25,,technical,medium,open,,App crashes when loading the dashboard view.
3719,1625-JAIIY,2026-08-13,2026-08-13,billing,medium,closed,10.2,Asked why the monthly charge increased without notice.
3720,1625-JAIIY,2026-09-15,,billing,medium,open,,Requested a refund for a duplicate charge.
3721,3272-VUHPV,2026-06-07,2026-06-08,other,medium,closed,27.4,General question about plan upgrade options.
3722,4176-FXYBO,2026-08-12,,technical,low,open,,Reported repeated login failures over the past week.
3723,6719-FGEDO,2026-07-02,,billing,low,open,,Requested a refund for a duplicate charge.
3724,4510-HIMLV,2026-06-17,2026-06-18,other,medium,closed,28.54,Asked about cancellation policy and notice period.
3725,8749-JMNKX,2026-09-13,2026-09-14,technical,medium,closed,30.92,App crashes when loading the dashboard view.
3726,7872-BAAZR,2026-07-27,2026-07-28,billing,low,closed,31.35,Reported a failed payment and requested a retry.
3727,7872-BAAZR,2026-07-31,2026-07-31,technical,low,closed,21.25,Reported repeated login failures over the past week.
3728,9391-LMANN,2026-08-02,2026-08-02,other,medium,closed,13.25,Asked about cancellation policy and notice period.
3729,9391-LMANN,2026-04-23,,technical,low,open,,Requested help configuring an integration.
3730,2430-USGXP,2026-07-15,2026-07-15,technical,medium,closed,13.87,Reported repeated login failures over the past week.
3731,1698-XFZCI,2026-06-30,2026-07-01,other,high,closed,27.07,Requested a copy of past invoices.
3732,4450-DLLMH,2026-04-15,2026-04-16,technical,low,closed,44.08,Requested help configuring an integration.
3733,0428-AXXLJ,2026-04-19,2026-04-20,billing,medium,closed,36.51,Customer disputes a charge on their most recent invoice.
3734,0428-AXXLJ,2026-09-08,2026-09-08,technical,low,closed,17.8,Requested help configuring an integration.
3735,5955-ERIHD,2026-04-15,2026-04-16,technical,high,closed,37.67,Feature X is not syncing data correctly.
3736,5955-ERIHD,2026-05-20,2026-05-21,billing,medium,closed,28.71,Reported a failed payment and requested a retry.
3737,3508-VLHCZ,2026-08-22,,technical,medium,open,,Feature X is not syncing data correctly.
3738,0468-YRPXN,2026-05-08,2026-05-08,technical,medium,closed,20.71,Reported repeated login failures over the past week.
3739,0468-YRPXN,2026-07-31,2026-07-31,technical,medium,closed,11.38,Reported repeated login failures over the past week.
3740,5996-NRVXR,2026-08-06,2026-08-07,technical,medium,closed,25.23,App crashes when loading the dashboard view.
3741,3739-YBWAB,2026-04-07,,technical,medium,open,,Reported repeated login failures over the past week.
3742,3739-YBWAB,2026-09-15,2026-09-16,technical,high,closed,33.72,Requested help configuring an integration.
3743,7047-FWEYA,2026-07-13,,other,low,open,,Asked about cancellation policy and notice period.
3744,9762-YAQAA,2026-08-18,2026-08-18,technical,low,closed,20.8,App crashes when loading the dashboard view.
3745,5949-EBSQK,2026-09-01,2026-09-02,billing,low,closed,29.61,Customer disputes a charge on their most recent invoice.
3746,5949-EBSQK,2026-03-24,,technical,high,open,,App crashes when loading the dashboard view.
3747,5473-KHBPS,2026-07-04,,technical,high,open,,Requested help configuring an integration.
3748,5473-KHBPS,2026-05-05,2026-05-05,other,medium,closed,22.13,Requested a copy of past invoices.
3749,5473-KHBPS,2026-04-12,2026-04-12,other,medium,closed,5.78,Provided feedback about the onboarding experience.
3750,0100-DUVFC,2026-04-01,,billing,medium,open,,Customer disputes a charge on their most recent invoice.
3751,5397-TUPSH,2026-05-25,2026-05-25,billing,high,closed,4.84,Reported a failed payment and requested a retry.
3752,5397-TUPSH,2026-03-27,2026-03-28,other,low,closed,35.35,Requested a copy of past invoices.
3753,8950-MTZNV,2026-04-08,,billing,low,open,,Asked why the monthly charge increased without notice.
3754,0326-VDYXE,2026-05-24,2026-05-24,billing,low,closed,13.39,Customer disputes a charge on their most recent invoice.
3755,0326-VDYXE,2026-03-23,2026-03-24,technical,low,closed,37.28,Reported repeated login failures over the past week.
3756,7274-RTAPZ,2026-03-21,2026-03-23,billing,medium,closed,62.93,Reported a failed payment and requested a retry.
3757,7274-RTAPZ,2026-04-13,2026-04-15,billing,medium,closed,68.1,Reported a failed payment and requested a retry.
3758,7274-RTAPZ,2026-09-05,2026-09-05,other,medium,closed,7.38,Asked about cancellation policy and notice period.
3759,8566-YPRGL,2026-09-07,,billing,high,open,,Asked why the monthly charge increased without notice.
3760,0311-UNPFF,2026-04-15,2026-04-15,technical,high,closed,17.19,App crashes when loading the dashboard view.
3761,0311-UNPFF,2026-06-15,2026-06-16,other,high,closed,33.24,Provided feedback about the onboarding experience.
3762,0311-UNPFF,2026-08-07,,other,low,open,,General question about plan upgrade options.
3763,0311-UNPFF,2026-07-16,,other,medium,open,,General question about plan upgrade options.
3764,2669-OIDSD,2026-05-10,2026-05-11,other,low,closed,26.71,Requested a copy of past invoices.
3765,2669-OIDSD,2026-06-03,,other,low,open,,General question about plan upgrade options.
3766,8400-WZICQ,2026-05-25,2026-05-25,billing,medium,closed,13.48,Customer disputes a charge on their most recent invoice.
3767,8400-WZICQ,2026-08-02,2026-08-02,billing,high,closed,7.08,Reported a failed payment and requested a retry.
3768,3834-XUIFC,2026-09-12,,other,medium,open,,Asked about cancellation policy and notice period.
3769,9576-SYUHJ,2026-04-07,2026-04-08,technical,medium,closed,32.4,Requested help configuring an integration.
3770,9576-SYUHJ,2026-08-21,,billing,medium,open,,Reported a failed payment and requested a retry.
3771,0410-IPFTY,2026-07-28,2026-07-29,other,high,closed,37.33,Provided feedback about the onboarding experience.
3772,2831-EBWRN,2026-05-12,2026-05-13,technical,low,closed,24.19,App crashes when loading the dashboard view.
3773,2831-EBWRN,2026-06-01,,technical,medium,open,,Requested help configuring an integration.
3774,9430-NKQLY,2026-04-09,2026-04-10,other,low,closed,28.18,Asked about cancellation policy and notice period.
3775,8414-MYSHR,2026-04-01,2026-04-01,billing,medium,closed,5.15,Asked why the monthly charge increased without notice.
3776,0247-SLUJI,2026-07-08,,technical,medium,open,,Requested help configuring an integration.
3777,9402-ORRAH,2026-04-24,2026-04-24,billing,high,closed,13.56,Customer disputes a charge on their most recent invoice.
3778,6483-OATDN,2026-05-14,,other,medium,open,,Requested a copy of past invoices.
3779,1293-HHSHJ,2026-09-01,,technical,medium,open,,Feature X is not syncing data correctly.
3780,4840-ORQXB,2026-04-21,2026-04-21,other,medium,closed,2.61,General question about plan upgrade options.
3781,7599-FKVXZ,2026-04-04,2026-04-04,technical,high,closed,22.12,Reported repeated login failures over the past week.
3782,7599-FKVXZ,2026-08-13,2026-08-16,billing,medium,closed,74.28,Requested a refund for a duplicate charge.
3783,7599-FKVXZ,2026-06-20,2026-06-21,billing,low,closed,25.13,Asked why the monthly charge increased without notice.
3784,7599-FKVXZ,2026-03-22,2026-03-23,technical,medium,closed,42.89,Reported repeated login failures over the past week.
3785,7599-FKVXZ,2026-05-06,,billing,medium,open,,Requested a refund for a duplicate charge.
3786,3982-DQLUS,2026-09-15,2026-09-16,billing,medium,closed,36.15,Asked why the monthly charge increased without notice.
3787,7801-KICAO,2026-08-01,,other,high,open,,Requested a copy of past invoices.
3788,7801-KICAO,2026-05-15,2026-05-16,billing,medium,closed,26.11,Asked why the monthly charge increased without notice.
3789,7339-POGZN,2026-05-10,2026-05-11,technical,medium,closed,44.14,Requested help configuring an integration.
3790,2828-SLQPF,2026-07-02,2026-07-03,billing,medium,closed,28.89,Customer disputes a charge on their most recent invoice.
3791,4465-VDKIQ,2026-04-04,2026-04-05,billing,high,closed,34.75,Reported a failed payment and requested a retry.
3792,4465-VDKIQ,2026-04-14,2026-04-15,billing,high,closed,31.21,Asked why the monthly charge increased without notice.
3793,4465-VDKIQ,2026-08-25,2026-08-26,technical,medium,closed,44.63,Feature X is not syncing data correctly.
3794,6221-AVQYL,2026-05-27,,billing,low,open,,Asked why the monthly charge increased without notice.
3795,2558-BUOZZ,2026-05-09,2026-05-10,other,low,closed,27.13,General question about plan upgrade options.
3796,2558-BUOZZ,2026-07-06,,technical,low,open,,Requested help configuring an integration.
3797,9257-AZMTZ,2026-05-04,,other,high,open,,Asked about cancellation policy and notice period.
3798,9257-AZMTZ,2026-05-04,,technical,high,open,,Reported repeated login failures over the past week.
3799,7743-EXURX,2026-06-06,2026-06-06,technical,medium,closed,13.24,Requested help configuring an integration.
3800,7743-EXURX,2026-08-04,2026-08-07,billing,low,closed,80.44,Asked why the monthly charge increased without notice.
3801,7743-EXURX,2026-09-15,2026-09-16,technical,low,closed,28.66,Requested help configuring an integration.
3802,7743-EXURX,2026-07-04,,billing,medium,open,,Requested a refund for a duplicate charge.
3803,0975-VOOVL,2026-08-02,,other,low,open,,Requested a copy of past invoices.
3804,5569-KGJHX,2026-04-11,,technical,medium,open,,Requested help configuring an integration.
3805,5569-KGJHX,2026-04-08,2026-04-08,billing,low,closed,4.14,Requested a refund for a duplicate charge.
3806,4988-IQIGL,2026-05-10,2026-05-12,billing,low,closed,56.17,Asked why the monthly charge increased without notice.
3807,7730-IUTDZ,2026-03-21,2026-03-22,other,low,closed,44.74,Requested a copy of past invoices.
3808,0426-TIRNE,2026-03-23,2026-03-26,other,medium,closed,83.57,Provided feedback about the onboarding experience.
3809,0426-TIRNE,2026-04-28,,technical,medium,open,,App crashes when loading the dashboard view.
3810,8295-KMENE,2026-07-19,2026-07-20,billing,medium,closed,32.9,Asked why the monthly charge increased without notice.
3811,6738-ISCBM,2026-08-28,2026-08-29,other,high,closed,46.45,Provided feedback about the onboarding experience.
3812,6738-ISCBM,2026-05-09,,technical,medium,open,,Requested help configuring an integration.
3813,6738-ISCBM,2026-04-09,2026-04-10,billing,high,closed,41.88,Asked why the monthly charge increased without notice.
3814,9821-BESNZ,2026-04-26,2026-04-27,billing,medium,closed,26.14,Requested a refund for a duplicate charge.
3815,2916-BQZLN,2026-04-10,2026-04-11,technical,medium,closed,28.2,App crashes when loading the dashboard view.
3816,2368-GAKKQ,2026-07-22,2026-07-22,billing,medium,closed,17.56,Asked why the monthly charge increased without notice.
3817,2368-GAKKQ,2026-06-02,,billing,medium,open,,Asked why the monthly charge increased without notice.
3818,3785-KTYSH,2026-03-24,2026-03-25,other,medium,closed,38.47,Asked about cancellation policy and notice period.
3819,6993-YCOBK,2026-08-06,2026-08-06,other,high,closed,3.1,Requested a copy of past invoices.
3820,5206-HPJKM,2026-03-27,2026-03-27,technical,high,closed,19.34,Feature X is not syncing data correctly.
3821,7587-RZNME,2026-04-27,2026-04-28,technical,medium,closed,27.67,App crashes when loading the dashboard view.
3822,7587-RZNME,2026-07-02,,billing,medium,open,,Reported a failed payment and requested a retry.
3823,7587-RZNME,2026-07-23,2026-07-26,billing,low,closed,82.26,Customer disputes a charge on their most recent invoice.
3824,0748-RDGGM,2026-05-31,2026-05-31,other,high,closed,7.87,General question about plan upgrade options.
3825,8393-JMVMB,2026-08-13,,other,medium,open,,General question about plan upgrade options.
3826,5019-GQVCR,2026-03-22,2026-03-23,billing,medium,closed,30.31,Customer disputes a charge on their most recent invoice.
3827,2550-AEVRU,2026-04-30,2026-04-30,other,high,closed,13.9,Asked about cancellation policy and notice period.
3828,2550-AEVRU,2026-07-23,,other,medium,open,,Provided feedback about the onboarding experience.
3829,2550-AEVRU,2026-05-26,2026-05-27,other,medium,closed,24.47,Requested a copy of past invoices.
3830,4706-AXVKM,2026-07-07,2026-07-07,other,medium,closed,13.44,Asked about cancellation policy and notice period.
3831,4706-AXVKM,2026-07-13,,billing,high,open,,Reported a failed payment and requested a retry.
3832,4706-AXVKM,2026-04-30,2026-05-01,billing,low,closed,33.3,Requested a refund for a duplicate charge.
3833,4706-AXVKM,2026-03-22,,billing,medium,open,,Customer disputes a charge on their most recent invoice.
3834,9026-RNUJS,2026-06-29,2026-06-29,technical,medium,closed,13.46,Requested help configuring an integration.
3835,3746-EUBYR,2026-06-14,2026-06-15,billing,high,closed,26.75,Customer disputes a charge on their most recent invoice.
3836,2332-EFBJY,2026-07-16,,billing,low,open,,Reported a failed payment and requested a retry.
3837,2332-EFBJY,2026-04-05,2026-04-05,billing,medium,closed,11.12,Reported a failed payment and requested a retry.
3838,2332-EFBJY,2026-05-18,,billing,high,open,,Asked why the monthly charge increased without notice.
3839,1703-MGIAB,2026-08-14,,technical,medium,open,,Feature X is not syncing data correctly.
3840,4311-QTTAI,2026-08-17,,billing,medium,open,,Asked why the monthly charge increased without notice.
3841,4318-RAJVY,2026-07-13,2026-07-14,technical,low,closed,30.7,Feature X is not syncing data correctly.
3842,2165-VOEGB,2026-07-18,2026-07-18,other,high,closed,22.11,Requested a copy of past invoices.
3843,2165-VOEGB,2026-09-09,2026-09-11,other,high,closed,48.75,Provided feedback about the onboarding experience.
3844,3612-YUNGG,2026-07-16,2026-07-16,billing,medium,closed,19.4,Asked why the monthly charge increased without notice.
3845,2254-DLXRI,2026-05-15,,other,medium,open,,General question about plan upgrade options.
3846,2219-MVUSO,2026-04-20,,billing,low,open,,Reported a failed payment and requested a retry.
3847,1053-MXTTK,2026-09-06,,technical,high,open,,Requested help configuring an integration.
3848,1053-MXTTK,2026-08-27,2026-08-28,technical,low,closed,27.16,Requested help configuring an integration.
3849,1530-ZTDOZ,2026-07-06,2026-07-07,billing,high,closed,33.61,Customer disputes a charge on their most recent invoice.
3850,1530-ZTDOZ,2026-07-01,2026-07-01,other,medium,closed,15.42,Provided feedback about the onboarding experience.
3851,1301-LOPVR,2026-08-10,2026-08-10,technical,medium,closed,12.08,Feature X is not syncing data correctly.
3852,1301-LOPVR,2026-05-12,2026-05-12,other,medium,closed,23.25,Asked about cancellation policy and notice period.
3853,1301-LOPVR,2026-07-10,2026-07-10,technical,medium,closed,6.65,Feature X is not syncing data correctly.
3854,1301-LOPVR,2026-07-03,2026-07-03,technical,low,closed,21.35,Requested help configuring an integration.
3855,0853-TWRVK,2026-06-02,,technical,medium,open,,Requested help configuring an integration.
3856,0853-TWRVK,2026-08-15,,technical,medium,open,,Feature X is not syncing data correctly.
3857,8914-RBTSB,2026-09-14,,technical,medium,open,,Feature X is not syncing data correctly.
3858,6212-ATMLK,2026-06-26,2026-06-27,technical,medium,closed,44.55,Reported repeated login failures over the past week.
3859,8200-LGKSR,2026-04-29,2026-04-30,other,high,closed,35.55,Requested a copy of past invoices.
3860,1568-BEKZM,2026-08-07,2026-08-08,technical,low,closed,30.59,Feature X is not syncing data correctly.
3861,1568-BEKZM,2026-07-13,2026-07-14,other,medium,closed,46.64,General question about plan upgrade options.
3862,7594-RQHXR,2026-03-21,2026-03-22,other,high,closed,41.06,Provided feedback about the onboarding experience.
3863,7594-RQHXR,2026-06-17,2026-06-18,technical,low,closed,39.55,App crashes when loading the dashboard view.
3864,1077-HUUJM,2026-05-15,2026-05-15,technical,medium,closed,7.35,Reported repeated login failures over the past week.
3865,6331-EWIEB,2026-08-19,,billing,low,open,,Asked why the monthly charge increased without notice.
3866,6331-EWIEB,2026-04-26,,billing,medium,open,,Requested a refund for a duplicate charge.
3867,6331-EWIEB,2026-07-16,2026-07-17,billing,high,closed,26.52,Customer disputes a charge on their most recent invoice.
3868,5171-EPLKN,2026-06-21,,technical,medium,open,,App crashes when loading the dashboard view.
3869,5171-EPLKN,2026-08-22,,technical,medium,open,,Requested help configuring an integration.
3870,5998-VVEJY,2026-09-11,2026-09-12,technical,high,closed,25.26,App crashes when loading the dashboard view.
3871,1624-NALOJ,2026-07-11,2026-07-11,other,medium,closed,3.75,Requested a copy of past invoices.
3872,1624-NALOJ,2026-04-12,2026-04-13,technical,medium,closed,42.13,Feature X is not syncing data correctly.
3873,9677-AVKED,2026-09-07,,technical,low,open,,Feature X is not syncing data correctly.
3874,1670-SVOWZ,2026-06-18,2026-06-18,other,medium,closed,15.91,General question about plan upgrade options.
3875,9847-HNVGP,2026-04-05,2026-04-05,technical,medium,closed,13.19,Reported repeated login failures over the past week.
3876,6696-YDAYZ,2026-08-11,2026-08-11,other,low,closed,23.33,Asked about cancellation policy and notice period.
3877,6696-YDAYZ,2026-04-02,2026-04-03,technical,medium,closed,37.29,App crashes when loading the dashboard view.
3878,1730-ZMAME,2026-03-30,2026-03-31,technical,medium,closed,40.33,Feature X is not syncing data correctly.
3879,4634-JLRJT,2026-06-19,2026-06-19,technical,high,closed,19.84,Requested help configuring an integration.
3880,2560-QTSBS,2026-09-12,,billing,medium,open,,Customer disputes a charge on their most recent invoice.
3881,6080-TCMYC,2026-06-20,2026-06-21,technical,medium,closed,45.36,Reported repeated login failures over the past week.
3882,6080-TCMYC,2026-08-21,,technical,low,open,,Reported repeated login failures over the past week.
3883,6080-TCMYC,2026-09-04,2026-09-04,billing,medium,closed,23.59,Customer disputes a charge on their most recent invoice.
3884,0260-ZDLGK,2026-04-07,,technical,medium,open,,App crashes when loading the dashboard view.
3885,8722-NGNBH,2026-06-22,,billing,low,open,,Customer disputes a charge on their most recent invoice.
3886,6210-KBBPI,2026-06-08,,billing,high,open,,Requested a refund for a duplicate charge.
3887,6210-KBBPI,2026-03-24,,technical,medium,open,,Reported repeated login failures over the past week.
3888,6210-KBBPI,2026-06-10,,other,high,open,,General question about plan upgrade options.
3889,8734-FNWVH,2026-06-18,2026-06-18,other,low,closed,1.68,Asked about cancellation policy and notice period.
3890,8734-FNWVH,2026-07-14,2026-07-14,technical,low,closed,22.45,Requested help configuring an integration.
3891,9447-YPTBX,2026-06-26,,technical,medium,open,,Reported repeated login failures over the past week.
3892,0133-BMFZO,2026-09-01,,other,medium,open,,Provided feedback about the onboarding experience.
3893,9540-JYROE,2026-08-07,2026-08-08,billing,medium,closed,41.45,Customer disputes a charge on their most recent invoice.
3894,9026-LHEVG,2026-08-28,,billing,high,open,,Asked why the monthly charge increased without notice.
3895,2260-USTRB,2026-07-22,,technical,medium,open,,Feature X is not syncing data correctly.
3896,2260-USTRB,2026-09-05,2026-09-07,other,high,closed,54.88,General question about plan upgrade options.
3897,2260-USTRB,2026-04-04,2026-04-07,billing,high,closed,76.34,Reported a failed payment and requested a retry.
3898,2260-USTRB,2026-07-17,2026-07-17,billing,medium,closed,21.4,Requested a refund for a duplicate charge.
3899,8623-TMRBY,2026-03-24,,billing,low,open,,Customer disputes a charge on their most recent invoice.
3900,8623-TMRBY,2026-07-01,,technical,high,open,,Reported repeated login failures over the past week.
3901,1552-CZCLL,2026-04-04,,technical,medium,open,,Reported repeated login failures over the past week.
3902,1501-SGHBW,2026-09-13,,billing,medium,open,,Customer disputes a charge on their most recent invoice.
3903,8148-BPLZQ,2026-06-06,2026-06-07,other,high,closed,34.7,General question about plan upgrade options.
3904,9987-LUTYD,2026-08-17,2026-08-18,billing,low,closed,35.01,Requested a refund for a duplicate charge.
3905,3208-YPIOE,2026-04-10,,technical,high,open,,Requested help configuring an integration.
3906,3208-YPIOE,2026-07-13,,billing,low,open,,Customer disputes a charge on their most recent invoice.
3907,2612-RANWT,2026-04-15,,technical,high,open,,Feature X is not syncing data correctly.
3908,2612-RANWT,2026-06-01,,other,medium,open,,Provided feedback about the onboarding experience.
3909,2612-RANWT,2026-04-08,2026-04-08,technical,medium,closed,4.22,Feature X is not syncing data correctly.
3910,5693-PIPCS,2026-08-31,,billing,low,open,,Requested a refund for a duplicate charge.
3911,5693-PIPCS,2026-03-29,2026-03-29,billing,medium,closed,6.78,Asked why the monthly charge increased without notice.
3912,5693-PIPCS,2026-06-14,,other,medium,open,,Requested a copy of past invoices.
3913,1925-LFCZZ,2026-04-20,2026-04-21,billing,medium,closed,36.45,Customer disputes a charge on their most recent invoice.
3914,1925-LFCZZ,2026-04-22,2026-04-23,other,medium,closed,38.78,Provided feedback about the onboarding experience.
3915,8039-EQPIM,2026-07-26,2026-07-26,technical,low,closed,14.32,Reported repeated login failures over the past week.
3916,6900-PXRMS,2026-04-15,2026-04-16,other,low,closed,36.5,Asked about cancellation policy and notice period.
3917,8707-RMEZH,2026-04-18,,other,medium,open,,General question about plan upgrade options.
3918,3346-BRMIS,2026-09-09,2026-09-09,billing,medium,closed,11.76,Reported a failed payment and requested a retry.
3919,3209-ZPKFI,2026-06-30,,technical,medium,open,,Requested help configuring an integration.
3920,9373-WSLOY,2026-09-14,2026-09-14,billing,low,closed,3.18,Asked why the monthly charge increased without notice.
3921,9373-WSLOY,2026-08-05,2026-08-05,billing,high,closed,8.48,Requested a refund for a duplicate charge.
3922,2933-FILNV,2026-04-26,,other,medium,open,,General question about plan upgrade options.
3923,3569-JFODW,2026-07-26,,billing,medium,open,,Asked why the monthly charge increased without notice.
3924,9819-FBNSV,2026-06-13,,billing,high,open,,Reported a failed payment and requested a retry.
3925,9819-FBNSV,2026-04-24,,technical,medium,open,,Reported repeated login failures over the past week.
3926,9819-FBNSV,2026-06-17,2026-06-17,billing,high,closed,3.67,Requested a refund for a duplicate charge.
3927,9544-PYPSJ,2026-06-13,2026-06-14,billing,medium,closed,38.39,Asked why the monthly charge increased without notice.
3928,9544-PYPSJ,2026-06-26,2026-06-26,billing,medium,closed,1.04,Customer disputes a charge on their most recent invoice.
3929,1591-XWLGB,2026-06-15,2026-06-16,technical,high,closed,28.11,Requested help configuring an integration.
3930,0396-UKGAI,2026-06-04,2026-06-04,other,low,closed,18.41,Provided feedback about the onboarding experience.
3931,0396-UKGAI,2026-05-09,2026-05-09,billing,medium,closed,19.94,Asked why the monthly charge increased without notice.
3932,3243-ZHOHY,2026-05-25,2026-05-25,billing,low,closed,23.55,Requested a refund for a duplicate charge.
3933,3243-ZHOHY,2026-06-24,,billing,low,open,,Requested a refund for a duplicate charge.
3934,7527-QNRUS,2026-04-06,,technical,medium,open,,Feature X is not syncing data correctly.
3935,9986-BONCE,2026-08-06,2026-08-06,billing,low,closed,14.57,Asked why the monthly charge increased without notice.
3936,2722-JMONI,2026-08-03,2026-08-04,technical,low,closed,41.51,Feature X is not syncing data correctly.
3937,2722-JMONI,2026-09-12,2026-09-13,billing,medium,closed,34.69,Reported a failed payment and requested a retry.
3938,2722-JMONI,2026-08-18,,technical,high,open,,App crashes when loading the dashboard view.
3939,2203-GHNWN,2026-03-21,,billing,high,open,,Customer disputes a charge on their most recent invoice.
3940,2203-GHNWN,2026-05-19,2026-05-20,billing,low,closed,36.46,Asked why the monthly charge increased without notice.
3941,2203-GHNWN,2026-06-17,2026-06-18,technical,high,closed,37.47,App crashes when loading the dashboard view.
3942,3878-AVSOQ,2026-07-01,,billing,medium,open,,Customer disputes a charge on their most recent invoice.
3943,3878-AVSOQ,2026-04-30,2026-04-30,other,medium,closed,13.65,General question about plan upgrade options.
3944,3878-AVSOQ,2026-09-12,,billing,medium,open,,Customer disputes a charge on their most recent invoice.
3945,5296-PSYVW,2026-09-15,,other,medium,open,,Requested a copy of past invoices.
3946,4083-EUGRJ,2026-04-13,2026-04-16,technical,medium,closed,74.62,Feature X is not syncing data correctly.
3947,0512-FLFDW,2026-05-12,2026-05-12,technical,high,closed,11.99,Requested help configuring an integration.
3948,1771-OADNZ,2026-09-10,2026-09-11,technical,medium,closed,38.28,Feature X is not syncing data correctly.
3949,0487-CRLZF,2026-06-28,2026-06-28,billing,low,closed,6.6,Customer disputes a charge on their most recent invoice.
3950,2107-FBPTK,2026-06-16,2026-06-17,technical,low,closed,37.15,Requested help configuring an integration.
3951,2107-FBPTK,2026-05-04,2026-05-05,technical,low,closed,47.42,App crashes when loading the dashboard view.
3952,8219-VYBVI,2026-03-26,2026-03-26,other,high,closed,3.12,Requested a copy of past invoices.
3953,1991-VOPLL,2026-08-25,2026-08-25,technical,medium,closed,6.19,Reported repeated login failures over the past week.
3954,9419-IPPBE,2026-09-05,2026-09-05,billing,medium,closed,4.84,Reported a failed payment and requested a retry.
3955,9419-IPPBE,2026-08-07,,billing,medium,open,,Reported a failed payment and requested a retry.
3956,5699-BNCAS,2026-06-16,2026-06-17,other,medium,closed,35.3,Asked about cancellation policy and notice period.
3957,5699-BNCAS,2026-05-16,2026-05-17,technical,medium,closed,47.93,Requested help configuring an integration.
3958,2900-PHPLN,2026-05-16,2026-05-17,technical,medium,closed,46.59,Reported repeated login failures over the past week.
3959,0612-RTZZA,2026-06-06,,technical,medium,open,,App crashes when loading the dashboard view.
3960,0612-RTZZA,2026-07-27,2026-07-27,other,high,closed,9.61,Asked about cancellation policy and notice period.
3961,8106-GWQOK,2026-06-10,2026-06-11,technical,low,closed,46.73,Feature X is not syncing data correctly.
3962,8106-GWQOK,2026-08-06,2026-08-07,billing,medium,closed,47.83,Reported a failed payment and requested a retry.
3963,8106-GWQOK,2026-08-25,2026-08-25,billing,medium,closed,16.66,Reported a failed payment and requested a retry.
3964,8751-EDEKA,2026-05-22,2026-05-22,other,low,closed,17.57,Requested a copy of past invoices.
3965,8751-EDEKA,2026-04-14,2026-04-14,other,medium,closed,14.47,Provided feedback about the onboarding experience.
3966,8751-EDEKA,2026-05-11,2026-05-11,technical,high,closed,18.85,Reported repeated login failures over the past week.
3967,0795-GMVQO,2026-04-05,2026-04-06,billing,medium,closed,38.89,Asked why the monthly charge increased without notice.
3968,2259-OUUSZ,2026-04-18,2026-04-19,technical,medium,closed,25.49,Requested help configuring an integration.
3969,2259-OUUSZ,2026-09-12,2026-09-13,billing,medium,closed,38.4,Requested a refund for a duplicate charge.
3970,4633-MKHYU,2026-06-12,,technical,low,open,,Reported repeated login failures over the past week.
3971,1545-JFUML,2026-08-03,2026-08-04,other,medium,closed,26.89,Asked about cancellation policy and notice period.
3972,1545-JFUML,2026-05-27,2026-05-27,other,low,closed,12.17,General question about plan upgrade options.
3973,1545-JFUML,2026-03-26,,technical,high,open,,App crashes when loading the dashboard view.
3974,7826-VVKWT,2026-03-26,2026-03-27,billing,medium,closed,25.17,Requested a refund for a duplicate charge.
3975,1353-GHZOS,2026-03-21,2026-03-21,technical,low,closed,17.13,Requested help configuring an integration.
3976,2587-EKXTS,2026-07-18,2026-07-18,technical,medium,closed,9.46,Reported repeated login failures over the past week.
3977,2587-EKXTS,2026-07-10,2026-07-11,billing,medium,closed,39.65,Reported a failed payment and requested a retry.
3978,5442-BXVND,2026-05-29,,technical,high,open,,Reported repeated login failures over the past week.
3979,8816-VXNZD,2026-05-19,,technical,medium,open,,App crashes when loading the dashboard view.
3980,9378-FXTIZ,2026-05-10,2026-05-11,billing,high,closed,35.98,Reported a failed payment and requested a retry.
3981,9378-FXTIZ,2026-08-18,2026-08-19,other,medium,closed,46.33,General question about plan upgrade options.
3982,7825-GKXMW,2026-06-08,2026-06-10,billing,medium,closed,52.73,Customer disputes a charge on their most recent invoice.
3983,7825-GKXMW,2026-07-19,,billing,high,open,,Asked why the monthly charge increased without notice.
3984,7825-GKXMW,2026-09-06,2026-09-09,other,medium,closed,76.74,General question about plan upgrade options.
3985,7825-GKXMW,2026-06-05,,other,high,open,,Requested a copy of past invoices.
3986,9753-OYLBX,2026-05-26,2026-05-26,billing,medium,closed,23.18,Asked why the monthly charge increased without notice.
3987,9753-OYLBX,2026-08-22,,billing,medium,open,,Customer disputes a charge on their most recent invoice.
3988,2364-UFROM,2026-05-07,2026-05-07,billing,medium,closed,16.07,Asked why the monthly charge increased without notice.
3989,2364-UFROM,2026-07-15,2026-07-15,technical,medium,closed,3.83,Requested help configuring an integration.
3990,6656-JWRQX,2026-07-16,2026-07-16,billing,medium,closed,5.71,Asked why the monthly charge increased without notice.
3991,6656-JWRQX,2026-08-30,,other,low,open,,Requested a copy of past invoices.
3992,6473-ULUHT,2026-05-07,2026-05-08,technical,high,closed,46.95,Requested help configuring an integration.
3993,6473-ULUHT,2026-04-12,2026-04-12,technical,medium,closed,20.12,App crashes when loading the dashboard view.
3994,1240-KNSEZ,2026-08-11,,technical,low,open,,Reported repeated login failures over the past week.
3995,0836-SEYLU,2026-09-12,2026-09-13,billing,medium,closed,41.25,Requested a refund for a duplicate charge.
3996,4433-JCGCG,2026-06-27,,other,low,open,,Requested a copy of past invoices.
3997,4433-JCGCG,2026-06-21,,other,medium,open,,Requested a copy of past invoices.
3998,4433-JCGCG,2026-06-09,2026-06-09,technical,high,closed,5.96,Reported repeated login failures over the past week.
3999,4433-JCGCG,2026-07-05,2026-07-05,billing,high,closed,12.51,Requested a refund for a duplicate charge.
4000,3716-BDVDB,2026-06-19,2026-06-21,billing,medium,closed,57.15,Customer disputes a charge on their most recent invoice.
4001,3716-BDVDB,2026-07-07,2026-07-08,billing,low,closed,36.09,Customer disputes a charge on their most recent invoice.
4002,3716-BDVDB,2026-07-27,,other,low,open,,Requested a copy of past invoices.
4003,7688-AWMDX,2026-06-11,2026-06-12,billing,low,closed,39.03,Requested a refund for a duplicate charge.
4004,7688-AWMDX,2026-06-27,2026-06-27,other,high,closed,10.27,Asked about cancellation policy and notice period.
4005,7688-AWMDX,2026-03-30,2026-03-31,technical,medium,closed,32.65,Requested help configuring an integration.
4006,7688-AWMDX,2026-06-21,2026-06-22,technical,low,closed,46.2,App crashes when loading the dashboard view.
4007,2842-BCQGE,2026-07-01,2026-07-01,billing,medium,closed,17.4,Requested a refund for a duplicate charge.
4008,5899-MQZZL,2026-03-25,,billing,high,open,,Asked why the monthly charge increased without notice.
4009,5899-MQZZL,2026-08-17,2026-08-20,billing,low,closed,75.85,Customer disputes a charge on their most recent invoice.
4010,5899-MQZZL,2026-05-24,2026-05-25,technical,medium,closed,27.18,Feature X is not syncing data correctly.
4011,5899-MQZZL,2026-04-24,2026-04-25,technical,medium,closed,32.45,Feature X is not syncing data correctly.
4012,5899-MQZZL,2026-04-19,,billing,high,open,,Reported a failed payment and requested a retry.
4013,5899-MQZZL,2026-04-16,2026-04-18,technical,low,closed,71.71,Reported repeated login failures over the past week.
4014,5312-UXESG,2026-07-26,2026-07-27,billing,low,closed,47.53,Reported a failed payment and requested a retry.
4015,9488-HGMJH,2026-06-27,2026-06-30,technical,medium,closed,73.33,Requested help configuring an integration.
4016,6038-GCYEC,2026-07-29,,other,low,open,,Provided feedback about the onboarding experience.
4017,6038-GCYEC,2026-06-01,2026-06-04,billing,low,closed,77.82,Asked why the monthly charge increased without notice.
4018,2150-WLKUW,2026-05-04,2026-05-05,technical,medium,closed,24.14,App crashes when loading the dashboard view.
4019,1150-WFARN,2026-05-24,2026-05-26,billing,low,closed,57.41,Asked why the monthly charge increased without notice.
4020,1150-WFARN,2026-09-08,,technical,low,open,,Feature X is not syncing data correctly.
4021,1150-WFARN,2026-04-30,2026-05-02,billing,medium,closed,63.54,Reported a failed payment and requested a retry.
4022,1150-WFARN,2026-06-30,2026-07-01,technical,medium,closed,38.91,App crashes when loading the dashboard view.
4023,1150-WFARN,2026-06-09,,technical,medium,open,,Requested help configuring an integration.
4024,1150-WFARN,2026-08-21,2026-08-23,billing,medium,closed,61.71,Requested a refund for a duplicate charge.
4025,6088-BXMRG,2026-04-09,2026-04-09,technical,high,closed,4.33,Reported repeated login failures over the past week.
4026,6088-BXMRG,2026-08-30,,technical,medium,open,,Reported repeated login failures over the past week.
4027,1137-DGOWI,2026-07-24,2026-07-24,other,medium,closed,1.12,General question about plan upgrade options.
4028,5616-PRTNT,2026-09-11,,technical,medium,open,,Feature X is not syncing data correctly.
4029,3812-LRZIR,2026-09-13,2026-09-13,technical,medium,closed,23.24,App crashes when loading the dashboard view.
4030,4818-QIUFN,2026-07-13,,billing,medium,open,,Requested a refund for a duplicate charge.
4031,4227-OJHAL,2026-04-26,2026-04-26,other,high,closed,16.52,Provided feedback about the onboarding experience.
4032,4227-OJHAL,2026-05-28,,technical,medium,open,,App crashes when loading the dashboard view.
4033,9220-CXRSC,2026-06-05,,technical,high,open,,App crashes when loading the dashboard view.
4034,9220-CXRSC,2026-07-29,,other,medium,open,,Asked about cancellation policy and notice period.
4035,9220-CXRSC,2026-03-21,2026-03-21,other,low,closed,5.75,General question about plan upgrade options.
4036,9537-JALFH,2026-06-15,2026-06-16,other,high,closed,31.02,Asked about cancellation policy and notice period.
4037,9537-JALFH,2026-08-29,2026-08-29,billing,high,closed,4.36,Customer disputes a charge on their most recent invoice.
4038,6698-OXETB,2026-08-14,2026-08-14,billing,medium,closed,7.37,Reported a failed payment and requested a retry.
4039,6698-OXETB,2026-05-09,2026-05-10,other,medium,closed,30.22,Provided feedback about the onboarding experience.
4040,2103-ZRXFN,2026-04-05,2026-04-06,other,low,closed,36.75,Requested a copy of past invoices.
4041,4877-TSOFF,2026-05-26,2026-05-26,billing,low,closed,21.33,Asked why the monthly charge increased without notice.
4042,4877-TSOFF,2026-08-24,2026-08-24,other,low,closed,13.45,Provided feedback about the onboarding experience.
4043,9209-NWPGU,2026-04-03,2026-04-03,technical,low,closed,2.6,Requested help configuring an integration.
4044,9209-NWPGU,2026-07-16,2026-07-16,technical,medium,closed,17.36,Feature X is not syncing data correctly.
4045,6961-VCPMC,2026-05-28,2026-05-30,billing,medium,closed,63.98,Customer disputes a charge on their most recent invoice.
4046,7306-YDSOI,2026-06-14,,billing,high,open,,Reported a failed payment and requested a retry.
4047,5288-AHOUP,2026-08-22,2026-08-22,technical,medium,closed,23.99,Reported repeated login failures over the past week.
4048,5288-AHOUP,2026-05-01,2026-05-02,other,medium,closed,39.54,Provided feedback about the onboarding experience.
4049,5288-AHOUP,2026-06-18,2026-06-18,other,low,closed,21.97,Asked about cancellation policy and notice period.
4050,6688-UZPWD,2026-07-21,2026-07-23,billing,medium,closed,69.26,Customer disputes a charge on their most recent invoice.
4051,0655-YDGFJ,2026-06-09,2026-06-09,technical,medium,closed,4.51,Feature X is not syncing data correctly.
4052,0655-YDGFJ,2026-08-31,2026-08-31,other,medium,closed,4.91,Provided feedback about the onboarding experience.
4053,6823-SIDFQ,2026-08-03,,billing,low,open,,Reported a failed payment and requested a retry.
4054,6823-SIDFQ,2026-03-22,2026-03-23,technical,low,closed,27.87,Reported repeated login failures over the past week.
4055,8328-SKJNO,2026-09-14,,technical,medium,open,,Feature X is not syncing data correctly.
4056,8328-SKJNO,2026-08-21,,billing,high,open,,Reported a failed payment and requested a retry.
4057,7010-ZMVBF,2026-08-05,2026-08-05,technical,medium,closed,4.24,Feature X is not syncing data correctly.
4058,5201-CBWYG,2026-04-19,2026-04-19,technical,medium,closed,23.8,App crashes when loading the dashboard view.
4059,0968-GSIKN,2026-07-18,2026-07-19,other,low,closed,43.82,Asked about cancellation policy and notice period.
4060,1965-DDBWU,2026-07-05,2026-07-06,other,low,closed,39.3,Provided feedback about the onboarding experience.
4061,1965-DDBWU,2026-08-31,,billing,high,open,,Reported a failed payment and requested a retry.
4062,1965-DDBWU,2026-08-23,,technical,medium,open,,Feature X is not syncing data correctly.
4063,1965-DDBWU,2026-04-15,,other,medium,open,,General question about plan upgrade options.
4064,9057-SIHCH,2026-05-10,2026-05-11,billing,low,closed,27.94,Reported a failed payment and requested a retry.
4065,9057-SIHCH,2026-08-12,,billing,medium,open,,Requested a refund for a duplicate charge.
4066,9057-SIHCH,2026-04-07,2026-04-10,other,high,closed,74.29,General question about plan upgrade options.
4067,9057-SIHCH,2026-05-10,2026-05-10,billing,medium,closed,23.8,Asked why the monthly charge increased without notice.
4068,9057-SIHCH,2026-08-30,2026-08-31,billing,medium,closed,38.41,Customer disputes a charge on their most recent invoice.
4069,9057-SIHCH,2026-06-17,,billing,high,open,,Requested a refund for a duplicate charge.
4070,3635-QQRQD,2026-04-30,,billing,high,open,,Asked why the monthly charge increased without notice.
4071,6771-XWBDM,2026-04-07,2026-04-08,billing,low,closed,32.51,Asked why the monthly charge increased without notice.
4072,3082-YVEKW,2026-08-17,2026-08-18,other,low,closed,46.09,Requested a copy of past invoices.
4073,0191-EQUUH,2026-06-14,2026-06-14,technical,high,closed,11.64,Reported repeated login failures over the past week.
4074,3489-HHPFY,2026-03-28,2026-03-29,technical,medium,closed,39.63,Requested help configuring an integration.
4075,2926-JEJJC,2026-09-09,2026-09-10,technical,high,closed,34.68,Reported repeated login failures over the past week.
4076,8601-QACRS,2026-03-29,2026-03-29,billing,medium,closed,12.33,Requested a refund for a duplicate charge.
4077,8601-QACRS,2026-05-15,,technical,medium,open,,Reported repeated login failures over the past week.
4078,4950-BDEUX,2026-06-21,,billing,medium,open,,Asked why the monthly charge increased without notice.
4079,4950-BDEUX,2026-05-03,2026-05-04,billing,medium,closed,36.47,Reported a failed payment and requested a retry.
4080,5789-LDFXO,2026-08-05,2026-08-06,billing,medium,closed,32.55,Customer disputes a charge on their most recent invoice.
4081,0508-OOLTO,2026-04-07,,technical,high,open,,App crashes when loading the dashboard view.
4082,2984-TBYKU,2026-06-25,,technical,high,open,,Reported repeated login failures over the past week.
4083,9822-WMWVG,2026-05-20,,technical,low,open,,Feature X is not syncing data correctly.
4084,2645-QTLMB,2026-07-10,2026-07-10,billing,low,closed,11.36,Reported a failed payment and requested a retry.
4085,4806-HIPDW,2026-05-10,2026-05-10,billing,medium,closed,15.99,Reported a failed payment and requested a retry.
4086,4806-HIPDW,2026-06-21,2026-06-22,other,medium,closed,34.61,Provided feedback about the onboarding experience.
4087,6339-RZCBJ,2026-07-22,2026-07-22,other,medium,closed,10.93,Provided feedback about the onboarding experience.
4088,4424-TKOPW,2026-07-11,2026-07-12,technical,high,closed,28.04,Reported repeated login failures over the past week.
4089,4424-TKOPW,2026-09-03,,billing,high,open,,Customer disputes a charge on their most recent invoice.
4090,4424-TKOPW,2026-08-18,2026-08-19,technical,medium,closed,37.85,App crashes when loading the dashboard view.
4091,4424-TKOPW,2026-07-21,2026-07-23,billing,medium,closed,67.55,Customer disputes a charge on their most recent invoice.
4092,4415-WNGVR,2026-06-13,,technical,medium,open,,Feature X is not syncing data correctly.
4093,4415-WNGVR,2026-06-02,2026-06-02,billing,medium,closed,21.51,Customer disputes a charge on their most recent invoice.
4094,2522-AHJXR,2026-06-15,2026-06-15,technical,high,closed,8.5,Requested help configuring an integration.
4095,0412-UCCNP,2026-03-30,2026-03-31,billing,low,closed,39.72,Customer disputes a charge on their most recent invoice.
4096,0412-UCCNP,2026-05-26,,billing,medium,open,,Customer disputes a charge on their most recent invoice.
4097,0412-UCCNP,2026-04-26,2026-04-27,technical,low,closed,30.23,App crashes when loading the dashboard view.
4098,1816-FLZDK,2026-07-01,2026-07-01,technical,medium,closed,14.57,App crashes when loading the dashboard view.
4099,1816-FLZDK,2026-06-04,2026-06-04,other,high,closed,8.62,Provided feedback about the onboarding experience.
4100,9136-ALYBR,2026-06-17,,billing,medium,open,,Requested a refund for a duplicate charge.
4101,9136-ALYBR,2026-07-29,,other,medium,open,,Provided feedback about the onboarding experience.
4102,9136-ALYBR,2026-05-07,,technical,medium,open,,Requested help configuring an integration.
4103,4615-PIVVU,2026-04-03,2026-04-03,other,high,closed,19.02,Provided feedback about the onboarding experience.
4104,4615-PIVVU,2026-04-05,2026-04-06,technical,medium,closed,26.86,Requested help configuring an integration.
4105,7479-NITWS,2026-04-19,2026-04-19,other,low,closed,10.16,Requested a copy of past invoices.
4106,7479-NITWS,2026-07-20,2026-07-21,technical,low,closed,43.55,Requested help configuring an integration.
4107,8617-ENBDS,2026-05-23,,other,medium,open,,Asked about cancellation policy and notice period.
4108,8617-ENBDS,2026-07-08,2026-07-08,billing,medium,closed,16.87,Customer disputes a charge on their most recent invoice.
4109,4201-JMNGR,2026-07-25,,billing,medium,open,,Customer disputes a charge on their most recent invoice.
4110,4201-JMNGR,2026-05-25,2026-05-25,billing,medium,closed,1.44,Requested a refund for a duplicate charge.
4111,4201-JMNGR,2026-04-18,2026-04-18,technical,high,closed,9.22,Feature X is not syncing data correctly.
4112,9351-HXDMR,2026-04-27,,other,medium,open,,General question about plan upgrade options.
4113,9351-HXDMR,2026-07-27,2026-07-27,billing,medium,closed,17.4,Asked why the monthly charge increased without notice.
4114,3537-HPKQT,2026-08-02,2026-08-03,billing,medium,closed,42.44,Requested a refund for a duplicate charge.
4115,3537-HPKQT,2026-08-29,2026-08-29,technical,low,closed,6.69,Requested help configuring an integration.
4116,3537-HPKQT,2026-08-22,,technical,high,open,,App crashes when loading the dashboard view.
4117,3537-HPKQT,2026-08-21,2026-08-21,other,high,closed,15.19,General question about plan upgrade options.
4118,5821-MMEIL,2026-04-21,2026-04-21,other,medium,closed,7.21,Asked about cancellation policy and notice period.
4119,0684-AOSIH,2026-04-27,2026-04-29,billing,medium,closed,50.16,Customer disputes a charge on their most recent invoice.
4120,0684-AOSIH,2026-03-26,2026-03-29,technical,low,closed,77.69,Requested help configuring an integration.
4121,0684-AOSIH,2026-08-29,,other,high,open,,Requested a copy of past invoices.
4122,0684-AOSIH,2026-08-25,,billing,low,open,,Customer disputes a charge on their most recent invoice.
4123,8260-NGFNY,2026-09-06,2026-09-07,billing,low,closed,47.54,Requested a refund for a duplicate charge.
4124,8260-NGFNY,2026-07-17,2026-07-18,technical,medium,closed,26.15,Requested help configuring an integration.
4125,8260-NGFNY,2026-09-08,2026-09-08,billing,low,closed,15.66,Customer disputes a charge on their most recent invoice.
4126,1309-XGFSN,2026-04-01,,technical,high,open,,App crashes when loading the dashboard view.
4127,1866-RZZQS,2026-07-26,,billing,medium,open,,Reported a failed payment and requested a retry.
4128,1335-MXCSE,2026-04-18,2026-04-19,billing,medium,closed,25.76,Customer disputes a charge on their most recent invoice.
4129,8800-JOOCF,2026-06-10,2026-06-11,billing,medium,closed,34.14,Requested a refund for a duplicate charge.
4130,1469-LBJQJ,2026-09-02,2026-09-02,billing,high,closed,1.68,Reported a failed payment and requested a retry.
4131,4958-XCBDQ,2026-07-25,,technical,medium,open,,App crashes when loading the dashboard view.
4132,4958-XCBDQ,2026-04-12,,other,medium,open,,General question about plan upgrade options.
4133,4958-XCBDQ,2026-04-09,,billing,medium,open,,Customer disputes a charge on their most recent invoice.
4134,4958-XCBDQ,2026-05-27,,technical,low,open,,App crashes when loading the dashboard view.
4135,4958-XCBDQ,2026-04-06,2026-04-07,billing,high,closed,46.05,Requested a refund for a duplicate charge.
4136,4958-XCBDQ,2026-07-28,,billing,low,open,,Customer disputes a charge on their most recent invoice.
4137,0064-YIJGF,2026-07-11,2026-07-12,billing,low,closed,43.15,Requested a refund for a duplicate charge.
4138,0310-VQXAM,2026-06-23,,billing,medium,open,,Customer disputes a charge on their most recent invoice.
4139,0310-VQXAM,2026-07-31,,billing,medium,open,,Customer disputes a charge on their most recent invoice.
4140,6712-OAWRH,2026-06-11,2026-06-11,other,medium,closed,6.79,Asked about cancellation policy and notice period.
4141,6712-OAWRH,2026-08-30,2026-08-31,other,medium,closed,40.99,Asked about cancellation policy and notice period.
4142,6278-FEPBZ,2026-03-21,,other,high,open,,Asked about cancellation policy and notice period.
4143,4280-DLSHD,2026-05-31,2026-06-01,billing,medium,closed,28.97,Reported a failed payment and requested a retry.
4144,4280-DLSHD,2026-05-26,2026-05-27,billing,low,closed,47.67,Customer disputes a charge on their most recent invoice.
4145,1508-DFXCU,2026-09-13,2026-09-14,technical,medium,closed,43.84,Reported repeated login failures over the past week.
4146,7868-BGSZA,2026-06-25,2026-06-26,billing,medium,closed,45.88,Customer disputes a charge on their most recent invoice.
4147,7868-BGSZA,2026-05-20,2026-05-20,technical,low,closed,4.71,Requested help configuring an integration.
4148,2800-QQUSO,2026-05-25,2026-05-26,technical,low,closed,33.3,Requested help configuring an integration.
4149,2930-UOTMB,2026-05-28,2026-05-30,other,medium,closed,63.74,Provided feedback about the onboarding experience.
4150,2533-QVMSK,2026-04-19,2026-04-20,billing,medium,closed,30.29,Asked why the monthly charge increased without notice.
4151,2533-QVMSK,2026-08-11,,billing,low,open,,Requested a refund for a duplicate charge.
4152,9773-PEQBZ,2026-06-27,2026-06-27,other,high,closed,10.78,Provided feedback about the onboarding experience.
4153,9773-PEQBZ,2026-06-25,2026-06-25,billing,low,closed,14.31,Reported a failed payment and requested a retry.
4154,8644-XLFBW,2026-06-10,2026-06-11,other,medium,closed,45.68,General question about plan upgrade options.
4155,8644-XLFBW,2026-06-27,2026-06-28,technical,low,closed,37.37,App crashes when loading the dashboard view.
4156,8625-AZYZY,2026-06-09,2026-06-09,other,medium,closed,14.06,Requested a copy of past invoices.
4157,8625-AZYZY,2026-05-01,2026-05-01,technical,medium,closed,17.94,Requested help configuring an integration.
4158,7785-RDVIG,2026-07-25,2026-07-25,other,medium,closed,5.9,Provided feedback about the onboarding experience.
4159,9602-WCXPI,2026-07-13,2026-07-14,technical,medium,closed,28.61,App crashes when loading the dashboard view.
4160,2903-YYTBW,2026-05-23,,technical,low,open,,Requested help configuring an integration.
4161,3620-MWJNE,2026-04-30,2026-04-30,technical,low,closed,18.57,Feature X is not syncing data correctly.
4162,6701-YVNQG,2026-08-01,,other,low,open,,Provided feedback about the onboarding experience.
4163,9306-CPCBC,2026-08-14,,technical,low,open,,Requested help configuring an integration.
4164,9504-YAZWB,2026-07-08,,billing,medium,open,,Customer disputes a charge on their most recent invoice.
4165,8819-ZBYNA,2026-06-18,2026-06-18,technical,medium,closed,20.86,App crashes when loading the dashboard view.
4166,9481-IEBZY,2026-04-20,2026-04-21,technical,low,closed,36.14,Requested help configuring an integration.
4167,1833-VGRUM,2026-05-24,2026-05-26,technical,medium,closed,71.66,App crashes when loading the dashboard view.
4168,9065-ZCPQX,2026-07-18,2026-07-18,technical,high,closed,17.69,App crashes when loading the dashboard view.
4169,9065-ZCPQX,2026-08-18,2026-08-19,technical,medium,closed,33.98,Requested help configuring an integration.
4170,6402-EJMWF,2026-05-03,2026-05-03,other,low,closed,11.47,Asked about cancellation policy and notice period.
4171,6402-EJMWF,2026-05-02,2026-05-02,technical,medium,closed,9.6,Requested help configuring an integration.
4172,3620-EHIMZ,2026-03-25,2026-03-26,other,high,closed,39.37,Provided feedback about the onboarding experience.
4173,3213-VVOLG,2026-06-12,2026-06-12,technical,low,closed,14.04,Requested help configuring an integration.
4174,3213-VVOLG,2026-03-29,2026-03-29,other,low,closed,3.63,General question about plan upgrade options.
4175,6870-ECSHE,2026-07-19,2026-07-20,other,low,closed,39.66,Requested a copy of past invoices.
4176,6870-ECSHE,2026-09-03,2026-09-03,billing,low,closed,10.9,Customer disputes a charge on their most recent invoice.
4177,8747-UDCOI,2026-04-06,2026-04-06,billing,low,closed,11.24,Asked why the monthly charge increased without notice.
4178,8374-XGEJJ,2026-07-31,2026-08-03,technical,medium,closed,73.58,Feature X is not syncing data correctly.
4179,8374-XGEJJ,2026-06-23,2026-06-25,billing,medium,closed,68.76,Customer disputes a charge on their most recent invoice.
4180,8374-XGEJJ,2026-04-22,,technical,medium,open,,Feature X is not syncing data correctly.
4181,2656-TABEH,2026-06-24,2026-06-25,technical,high,closed,47.81,App crashes when loading the dashboard view.
4182,2656-TABEH,2026-08-13,,technical,low,open,,App crashes when loading the dashboard view.
4183,6946-LMSQS,2026-08-08,,technical,medium,open,,Feature X is not syncing data correctly.
4184,6946-LMSQS,2026-09-08,2026-09-10,billing,medium,closed,65.85,Customer disputes a charge on their most recent invoice.
4185,9169-BSVIN,2026-06-26,2026-06-27,billing,low,closed,41.4,Requested a refund for a duplicate charge.
4186,8194-PEEBY,2026-04-09,2026-04-09,other,low,closed,10.74,Provided feedback about the onboarding experience.
4187,8387-UGUSU,2026-03-21,,billing,medium,open,,Reported a failed payment and requested a retry.
4188,1080-BWSYE,2026-04-09,2026-04-09,billing,high,closed,1.6,Customer disputes a charge on their most recent invoice.
4189,0004-TLHLJ,2026-07-31,2026-07-31,billing,medium,closed,22.88,Asked why the monthly charge increased without notice.
4190,0004-TLHLJ,2026-03-28,,billing,high,open,,Reported a failed payment and requested a retry.
4191,0004-TLHLJ,2026-08-06,,technical,medium,open,,Requested help configuring an integration.
4192,1767-TGTKO,2026-07-07,2026-07-08,billing,low,closed,32.42,Requested a refund for a duplicate charge.
4193,8805-JNRAZ,2026-07-23,,technical,medium,open,,Requested help configuring an integration.
4194,5089-IFSDP,2026-07-15,,billing,high,open,,Reported a failed payment and requested a retry.
4195,0206-OYVOC,2026-07-03,,billing,low,open,,Customer disputes a charge on their most recent invoice.
4196,0206-OYVOC,2026-07-22,2026-07-22,billing,high,closed,10.31,Customer disputes a charge on their most recent invoice.
4197,0206-OYVOC,2026-09-03,2026-09-03,other,medium,closed,5.98,Provided feedback about the onboarding experience.
4198,7128-GGCNO,2026-08-01,2026-08-02,technical,medium,closed,24.65,Feature X is not syncing data correctly.
4199,7128-GGCNO,2026-04-28,,billing,high,open,,Customer disputes a charge on their most recent invoice.
4200,0237-YFUTL,2026-04-12,2026-04-12,billing,medium,closed,12.13,Asked why the monthly charge increased without notice.
4201,7691-KGKGP,2026-07-11,2026-07-12,billing,medium,closed,31.4,Requested a refund for a duplicate charge.
4202,7691-KGKGP,2026-05-13,2026-05-14,billing,medium,closed,32.45,Requested a refund for a duplicate charge.
4203,6710-HSJRD,2026-04-07,2026-04-08,other,medium,closed,43.46,Requested a copy of past invoices.
4204,1732-FEKLD,2026-06-01,,technical,medium,open,,Requested help configuring an integration.
4205,9862-KJTYK,2026-08-14,2026-08-14,technical,high,closed,21.3,Feature X is not syncing data correctly.
4206,0479-HMSWA,2026-05-13,,technical,low,open,,Reported repeated login failures over the past week.
4207,4817-VYYWS,2026-04-30,2026-04-30,billing,medium,closed,5.09,Reported a failed payment and requested a retry.
4208,4817-VYYWS,2026-09-07,,other,medium,open,,Provided feedback about the onboarding experience.
4209,4817-VYYWS,2026-09-11,2026-09-11,technical,low,closed,16.95,Requested help configuring an integration.
4210,3129-AAQOU,2026-03-22,2026-03-23,billing,medium,closed,30.24,Customer disputes a charge on their most recent invoice.
4211,3129-AAQOU,2026-05-03,,technical,medium,open,,Reported repeated login failures over the past week.
4212,4922-CVPDX,2026-04-08,2026-04-08,other,medium,closed,9.72,Asked about cancellation policy and notice period.
4213,4922-CVPDX,2026-09-15,,billing,medium,open,,Requested a refund for a duplicate charge.
4214,1357-BIJKI,2026-05-20,2026-05-20,billing,medium,closed,21.48,Asked why the monthly charge increased without notice.
4215,1099-BTKWT,2026-08-07,2026-08-07,other,low,closed,8.81,Provided feedback about the onboarding experience.
4216,4570-QHXHL,2026-05-18,2026-05-19,billing,low,closed,44.32,Reported a failed payment and requested a retry.
4217,4570-QHXHL,2026-05-07,2026-05-07,technical,medium,closed,21.51,Reported repeated login failures over the past week.
4218,2403-BCASL,2026-07-09,2026-07-09,technical,low,closed,14.0,Requested help configuring an integration.
4219,2403-BCASL,2026-08-12,2026-08-13,billing,medium,closed,46.93,Reported a failed payment and requested a retry.
4220,2403-BCASL,2026-04-22,,technical,high,open,,Feature X is not syncing data correctly.
4221,7392-YYPYJ,2026-06-14,,other,low,open,,General question about plan upgrade options.
4222,2898-LSJGD,2026-05-08,2026-05-09,other,medium,closed,25.2,Asked about cancellation policy and notice period.
4223,2223-GDSHL,2026-06-26,,billing,high,open,,Reported a failed payment and requested a retry.
4224,2223-GDSHL,2026-06-08,,other,medium,open,,Provided feedback about the onboarding experience.
4225,2176-OSJUV,2026-06-16,2026-06-16,technical,low,closed,12.25,Feature X is not syncing data correctly.
4226,8104-OSKWT,2026-07-21,2026-07-22,technical,high,closed,30.71,Requested help configuring an integration.
4227,8104-OSKWT,2026-08-03,2026-08-04,technical,low,closed,41.44,App crashes when loading the dashboard view.
4228,4521-YEEHE,2026-08-08,2026-08-09,other,high,closed,33.45,General question about plan upgrade options.
4229,4521-YEEHE,2026-07-26,,other,medium,open,,Requested a copy of past invoices.
4230,4090-KPJIP,2026-07-31,2026-08-01,technical,medium,closed,41.08,Feature X is not syncing data correctly.
4231,4090-KPJIP,2026-08-31,2026-09-01,billing,medium,closed,45.98,Requested a refund for a duplicate charge.
4232,6086-ESGRL,2026-09-01,2026-09-01,technical,low,closed,4.38,App crashes when loading the dashboard view.
4233,6086-ESGRL,2026-04-19,2026-04-20,other,medium,closed,43.07,Provided feedback about the onboarding experience.
4234,3886-CERTZ,2026-07-24,2026-07-25,technical,low,closed,27.77,Feature X is not syncing data correctly.
4235,7995-ZHHNZ,2026-05-19,2026-05-19,billing,medium,closed,10.42,Reported a failed payment and requested a retry.
4236,3824-RHKVR,2026-07-05,2026-07-05,other,medium,closed,22.83,Provided feedback about the onboarding experience.
4237,5816-SCGFC,2026-06-06,,technical,high,open,,Feature X is not syncing data correctly.
4238,8590-OHDIW,2026-08-30,2026-08-31,technical,medium,closed,31.44,App crashes when loading the dashboard view.
4239,8590-OHDIW,2026-08-15,2026-08-16,billing,medium,closed,31.13,Requested a refund for a duplicate charge.
4240,9278-VZKCD,2026-03-25,,technical,low,open,,Reported repeated login failures over the past week.
4241,9278-VZKCD,2026-05-03,2026-05-03,other,low,closed,10.05,Provided feedback about the onboarding experience.
4242,8008-OTEZX,2026-05-16,,other,high,open,,Requested a copy of past invoices.
4243,5999-LCXAO,2026-07-22,2026-07-22,other,medium,closed,15.45,Asked about cancellation policy and notice period.
4244,5206-XZZQI,2026-09-06,2026-09-06,technical,high,closed,21.63,Reported repeated login failures over the past week.
4245,4803-LBYPN,2026-05-01,2026-05-01,technical,high,closed,20.54,Requested help configuring an integration.
4246,4803-LBYPN,2026-04-15,,technical,high,open,,Feature X is not syncing data correctly.
4247,4803-LBYPN,2026-05-04,2026-05-05,technical,high,closed,36.59,Requested help configuring an integration.
4248,4803-LBYPN,2026-08-07,2026-08-08,billing,low,closed,39.61,Requested a refund for a duplicate charge.
4249,5759-RCVCB,2026-09-12,2026-09-14,billing,high,closed,54.02,Reported a failed payment and requested a retry.
4250,5759-RCVCB,2026-08-16,,billing,medium,open,,Reported a failed payment and requested a retry.
4251,5759-RCVCB,2026-06-28,,billing,low,open,,Requested a refund for a duplicate charge.
4252,6372-RFVNS,2026-06-22,2026-06-23,billing,low,closed,41.33,Asked why the monthly charge increased without notice.
4253,6372-RFVNS,2026-06-02,,other,medium,open,,Requested a copy of past invoices.
4254,2139-FQHLM,2026-05-12,2026-05-13,technical,medium,closed,27.09,App crashes when loading the dashboard view.
4255,1093-YSWCA,2026-03-31,2026-03-31,technical,medium,closed,15.84,App crashes when loading the dashboard view.
4256,8938-UMKPI,2026-08-10,2026-08-11,other,medium,closed,41.17,General question about plan upgrade options.
4257,8938-UMKPI,2026-06-28,2026-06-28,billing,low,closed,4.35,Reported a failed payment and requested a retry.
4258,8938-UMKPI,2026-08-28,2026-08-31,billing,medium,closed,80.74,Requested a refund for a duplicate charge.
4259,8938-UMKPI,2026-04-26,,billing,medium,open,,Requested a refund for a duplicate charge.
4260,3882-IYOIJ,2026-03-22,2026-03-22,billing,low,closed,9.84,Asked why the monthly charge increased without notice.
4261,3882-IYOIJ,2026-05-17,2026-05-17,other,medium,closed,9.86,Requested a copy of past invoices.
4262,3882-IYOIJ,2026-08-19,,technical,medium,open,,Requested help configuring an integration.
4263,8749-TZYEC,2026-05-06,2026-05-06,billing,medium,closed,11.37,Requested a refund for a duplicate charge.
4264,8749-TZYEC,2026-09-02,2026-09-02,technical,low,closed,19.22,Reported repeated login failures over the past week.
4265,8749-TZYEC,2026-07-26,2026-07-27,billing,high,closed,39.46,Asked why the monthly charge increased without notice.
4266,8749-TZYEC,2026-05-30,2026-05-30,technical,medium,closed,4.78,App crashes when loading the dashboard view.
4267,6319-IEJWJ,2026-04-10,2026-04-10,billing,low,closed,15.11,Requested a refund for a duplicate charge.
4268,6339-TBELP,2026-07-04,2026-07-04,billing,low,closed,18.47,Asked why the monthly charge increased without notice.
4269,7964-YESJC,2026-08-15,,other,medium,open,,Requested a copy of past invoices.
4270,7964-YESJC,2026-04-13,,other,medium,open,,Asked about cancellation policy and notice period.
4271,7964-YESJC,2026-08-01,,technical,medium,open,,Feature X is not syncing data correctly.
4272,6173-GOLSU,2026-05-24,2026-05-25,other,medium,closed,24.51,General question about plan upgrade options.
4273,5275-SQEIZ,2026-08-01,2026-08-03,other,low,closed,60.41,Provided feedback about the onboarding experience.
4274,7716-YTYHG,2026-05-22,2026-05-23,technical,medium,closed,45.18,Feature X is not syncing data correctly.
4275,7716-YTYHG,2026-06-06,,other,medium,open,,Asked about cancellation policy and notice period.
4276,7716-YTYHG,2026-05-15,2026-05-16,technical,medium,closed,34.74,App crashes when loading the dashboard view.
4277,4390-KYULV,2026-04-12,2026-04-12,billing,low,closed,23.95,Requested a refund for a duplicate charge.
4278,4390-KYULV,2026-05-17,2026-05-20,billing,medium,closed,77.2,Requested a refund for a duplicate charge.
4279,4390-KYULV,2026-09-11,2026-09-12,other,medium,closed,47.65,Provided feedback about the onboarding experience.
4280,9702-AIUJO,2026-08-17,,other,medium,open,,Requested a copy of past invoices.
4281,8849-PRIQJ,2026-04-23,2026-04-24,billing,high,closed,43.64,Asked why the monthly charge increased without notice.
4282,1304-NECVQ,2026-09-01,2026-09-02,billing,medium,closed,41.02,Asked why the monthly charge increased without notice.
4283,1304-NECVQ,2026-05-27,2026-05-27,technical,medium,closed,13.8,App crashes when loading the dashboard view.
4284,1729-VLAZJ,2026-08-08,2026-08-09,billing,low,closed,43.75,Requested a refund for a duplicate charge.
4285,0701-TJSEF,2026-09-15,2026-09-15,billing,high,closed,15.05,Reported a failed payment and requested a retry.
4286,0701-TJSEF,2026-06-05,2026-06-05,other,medium,closed,5.58,Requested a copy of past invoices.
4287,0701-TJSEF,2026-08-01,,billing,medium,open,,Reported a failed payment and requested a retry.
4288,5712-VBOXD,2026-07-19,2026-07-20,other,medium,closed,34.69,General question about plan upgrade options.
4289,6629-LADHQ,2026-07-11,2026-07-11,billing,low,closed,6.25,Asked why the monthly charge increased without notice.
4290,8945-GRKHX,2026-06-29,2026-06-30,technical,high,closed,33.29,App crashes when loading the dashboard view.
4291,3815-SLMEF,2026-04-23,,technical,low,open,,App crashes when loading the dashboard view.
4292,4324-AHJKS,2026-06-12,,technical,high,open,,Requested help configuring an integration.
4293,4324-AHJKS,2026-04-03,,billing,medium,open,,Customer disputes a charge on their most recent invoice.
4294,4324-AHJKS,2026-06-14,,technical,medium,open,,Reported repeated login failures over the past week.
4295,4495-LHSSK,2026-03-21,,other,high,open,,Asked about cancellation policy and notice period.
4296,4495-LHSSK,2026-07-02,2026-07-03,other,low,closed,30.99,Asked about cancellation policy and notice period.
4297,5655-JSMZM,2026-03-25,,billing,high,open,,Customer disputes a charge on their most recent invoice.
4298,9861-PDSZP,2026-08-10,2026-08-11,billing,high,closed,24.9,Asked why the monthly charge increased without notice.
4299,9861-PDSZP,2026-04-07,,technical,medium,open,,Requested help configuring an integration.
4300,4505-EXZHB,2026-06-03,2026-06-05,billing,medium,closed,68.33,Reported a failed payment and requested a retry.
4301,4587-VVTOX,2026-05-17,2026-05-17,technical,medium,closed,15.27,Reported repeated login failures over the past week.
4302,7404-JLKQG,2026-05-28,2026-05-28,billing,medium,closed,18.41,Customer disputes a charge on their most recent invoice.
4303,8972-HJWNV,2026-06-24,,technical,high,open,,Reported repeated login failures over the past week.
4304,8972-HJWNV,2026-04-14,2026-04-17,technical,low,closed,81.62,Requested help configuring an integration.
4305,8972-HJWNV,2026-05-14,2026-05-17,billing,medium,closed,75.07,Asked why the monthly charge increased without notice.
4306,8972-HJWNV,2026-07-05,2026-07-05,other,low,closed,13.45,Asked about cancellation policy and notice period.
4307,2632-IVXVF,2026-07-25,2026-07-25,technical,high,closed,6.53,Requested help configuring an integration.
4308,8915-NNTRC,2026-06-15,2026-06-16,other,medium,closed,27.73,Requested a copy of past invoices.
4309,7463-IFMQU,2026-07-26,2026-07-27,billing,low,closed,42.3,Asked why the monthly charge increased without notice.
4310,2920-RNCEZ,2026-05-26,2026-05-26,billing,high,closed,19.67,Asked why the monthly charge increased without notice.
4311,2920-RNCEZ,2026-06-23,2026-06-23,technical,medium,closed,3.04,Feature X is not syncing data correctly.
4312,2920-RNCEZ,2026-03-24,2026-03-25,other,low,closed,28.47,Requested a copy of past invoices.
4313,2541-YGPKE,2026-05-11,2026-05-12,billing,medium,closed,29.17,Asked why the monthly charge increased without notice.
4314,8515-OCTJS,2026-06-07,,other,medium,open,,Provided feedback about the onboarding experience.
4315,8515-OCTJS,2026-04-22,2026-04-22,technical,high,closed,10.92,App crashes when loading the dashboard view.
4316,5382-TEMLV,2026-05-16,2026-05-17,other,medium,closed,30.12,Asked about cancellation policy and notice period.
4317,5382-TEMLV,2026-07-10,2026-07-11,billing,medium,closed,36.59,Customer disputes a charge on their most recent invoice.
4318,3441-CGZJH,2026-07-24,2026-07-24,technical,high,closed,7.86,Feature X is not syncing data correctly.
4319,9592-ERDKV,2026-05-09,,billing,low,open,,Requested a refund for a duplicate charge.
4320,2860-RANUS,2026-05-15,2026-05-16,technical,medium,closed,28.33,Requested help configuring an integration.
4321,2860-RANUS,2026-07-14,,billing,low,open,,Customer disputes a charge on their most recent invoice.
4322,5261-QSHQM,2026-07-12,,billing,high,open,,Requested a refund for a duplicate charge.
4323,5261-QSHQM,2026-03-22,,billing,low,open,,Customer disputes a charge on their most recent invoice.
4324,5261-QSHQM,2026-06-21,,billing,medium,open,,Reported a failed payment and requested a retry.
4325,5261-QSHQM,2026-03-30,,technical,high,open,,Reported repeated login failures over the past week.
4326,4778-IZARL,2026-04-29,2026-04-30,other,medium,closed,31.79,Provided feedback about the onboarding experience.
4327,4778-IZARL,2026-05-19,,billing,high,open,,Reported a failed payment and requested a retry.
4328,0432-CAJZV,2026-03-25,2026-03-25,technical,medium,closed,21.37,Requested help configuring an integration.
4329,0432-CAJZV,2026-06-12,,other,medium,open,,Requested a copy of past invoices.
4330,0432-CAJZV,2026-09-13,2026-09-14,billing,low,closed,31.99,Reported a failed payment and requested a retry.
4331,8868-WOZGU,2026-05-02,,other,high,open,,General question about plan upgrade options.
4332,9365-CSLBQ,2026-07-25,2026-07-25,other,medium,closed,22.96,Requested a copy of past invoices.
4333,1334-FJSVR,2026-05-29,2026-05-30,technical,low,closed,31.73,Reported repeated login failures over the past week.
4334,5884-FBCTL,2026-06-18,2026-06-19,other,high,closed,41.18,Requested a copy of past invoices.
4335,5884-FBCTL,2026-08-09,2026-08-10,other,medium,closed,25.88,Requested a copy of past invoices.
4336,7130-CTCUS,2026-08-15,2026-08-16,billing,low,closed,36.15,Customer disputes a charge on their most recent invoice.
4337,6242-FEGFD,2026-04-22,,technical,high,open,,App crashes when loading the dashboard view.
4338,7625-XCQRH,2026-06-02,,other,low,open,,Asked about cancellation policy and notice period.
4339,7625-XCQRH,2026-09-07,2026-09-08,technical,high,closed,44.95,Feature X is not syncing data correctly.
4340,6194-HBGQN,2026-04-10,2026-04-11,technical,low,closed,28.55,App crashes when loading the dashboard view.
4341,6194-HBGQN,2026-06-15,2026-06-16,technical,medium,closed,46.32,Reported repeated login failures over the past week.
4342,6194-HBGQN,2026-07-07,,technical,high,open,,Requested help configuring an integration.
4343,7634-WSWDB,2026-05-04,,other,medium,open,,Asked about cancellation policy and notice period.
4344,7634-WSWDB,2026-03-29,,technical,high,open,,Requested help configuring an integration.
4345,6986-IXNDM,2026-04-25,2026-04-25,billing,medium,closed,15.4,Asked why the monthly charge increased without notice.
4346,1731-TVIUK,2026-05-07,2026-05-09,billing,low,closed,53.09,Customer disputes a charge on their most recent invoice.
4347,9769-TSBZE,2026-07-03,2026-07-04,other,medium,closed,32.06,General question about plan upgrade options.
4348,0618-XWMSS,2026-07-25,2026-07-26,technical,low,closed,44.25,Feature X is not syncing data correctly.
4349,1395-WSWXR,2026-06-17,2026-06-17,technical,medium,closed,7.65,Requested help configuring an integration.
4350,1395-WSWXR,2026-06-22,2026-06-23,other,low,closed,36.3,Asked about cancellation policy and notice period.
4351,6023-GSSXW,2026-06-30,,technical,high,open,,App crashes when loading the dashboard view.
4352,6023-GSSXW,2026-05-15,2026-05-16,technical,medium,closed,32.68,Requested help configuring an integration.
4353,6752-APNJL,2026-04-09,2026-04-09,billing,medium,closed,11.43,Reported a failed payment and requested a retry.
4354,9823-EALYC,2026-04-24,2026-04-24,other,medium,closed,8.82,Requested a copy of past invoices.
4355,0582-AVCLN,2026-06-23,2026-06-24,other,high,closed,37.83,Asked about cancellation policy and notice period.
4356,0582-AVCLN,2026-04-28,2026-04-29,billing,medium,closed,30.5,Reported a failed payment and requested a retry.
4357,0582-AVCLN,2026-07-05,2026-07-06,billing,low,closed,45.06,Customer disputes a charge on their most recent invoice.
4358,2565-JSLRY,2026-09-15,2026-09-16,billing,medium,closed,45.54,Reported a failed payment and requested a retry.
4359,1073-XXCZD,2026-05-19,2026-05-19,technical,medium,closed,8.65,App crashes when loading the dashboard view.
4360,3727-JEZTU,2026-09-07,2026-09-08,technical,low,closed,36.19,App crashes when loading the dashboard view.
4361,3727-JEZTU,2026-06-22,2026-06-22,technical,medium,closed,14.99,App crashes when loading the dashboard view.
4362,8143-ETQTI,2026-03-22,,other,medium,open,,General question about plan upgrade options.
4363,6689-KXGBO,2026-09-15,,other,low,open,,Requested a copy of past invoices.
4364,6689-KXGBO,2026-09-12,2026-09-14,technical,medium,closed,53.24,Feature X is not syncing data correctly.
4365,8570-KLJYJ,2026-05-11,2026-05-11,technical,low,closed,20.24,Reported repeated login failures over the past week.
4366,8570-KLJYJ,2026-05-26,2026-05-26,other,medium,closed,12.78,Requested a copy of past invoices.
4367,7754-IXRMC,2026-06-30,2026-06-30,technical,medium,closed,7.15,Feature X is not syncing data correctly.
4368,9473-CBZOP,2026-08-02,2026-08-03,technical,high,closed,34.5,Requested help configuring an integration.
4369,2969-WGHQO,2026-03-27,2026-03-28,technical,medium,closed,26.78,Requested help configuring an integration.
4370,2969-WGHQO,2026-04-06,2026-04-07,other,high,closed,43.38,Provided feedback about the onboarding experience.
4371,2969-WGHQO,2026-04-10,,other,low,open,,Asked about cancellation policy and notice period.
4372,2969-WGHQO,2026-04-30,,other,high,open,,Requested a copy of past invoices.
4373,6615-NGGZJ,2026-06-02,,billing,high,open,,Requested a refund for a duplicate charge.
4374,4334-HOWRP,2026-06-10,2026-06-10,billing,high,closed,21.17,Customer disputes a charge on their most recent invoice.
4375,4255-DDUOU,2026-04-11,2026-04-14,billing,medium,closed,80.11,Requested a refund for a duplicate charge.
4376,4255-DDUOU,2026-07-13,,technical,high,open,,Feature X is not syncing data correctly.
4377,4255-DDUOU,2026-06-12,,billing,medium,open,,Asked why the monthly charge increased without notice.
4378,4255-DDUOU,2026-04-19,2026-04-21,technical,low,closed,53.65,Reported repeated login failures over the past week.
4379,5863-OOKCL,2026-09-10,2026-09-10,other,low,closed,16.38,General question about plan upgrade options.
4380,1686-STUHN,2026-05-23,,other,low,open,,Provided feedback about the onboarding experience.
4381,1686-STUHN,2026-03-22,2026-03-23,technical,low,closed,25.2,Reported repeated login failures over the past week.
4382,2984-MIIZL,2026-09-12,,technical,low,open,,App crashes when loading the dashboard view.
4383,2984-MIIZL,2026-07-03,2026-07-03,billing,low,closed,21.21,Requested a refund for a duplicate charge.
4384,5590-YRFJT,2026-06-05,,billing,low,open,,Customer disputes a charge on their most recent invoice.
4385,5590-YRFJT,2026-08-25,2026-08-27,technical,low,closed,63.42,Requested help configuring an integration.
4386,5590-YRFJT,2026-04-30,2026-05-03,billing,low,closed,75.64,Requested a refund for a duplicate charge.
4387,5590-YRFJT,2026-08-06,2026-08-08,billing,medium,closed,53.26,Asked why the monthly charge increased without notice.
4388,5574-NXZIU,2026-05-12,,other,medium,open,,General question about plan upgrade options.
4389,4098-NAUKP,2026-06-10,,technical,low,open,,Feature X is not syncing data correctly.
4390,4098-NAUKP,2026-05-19,,billing,low,open,,Reported a failed payment and requested a retry.
4391,4098-NAUKP,2026-08-09,2026-08-09,other,medium,closed,8.58,Requested a copy of past invoices.
4392,5196-WPYOW,2026-03-25,2026-03-26,technical,medium,closed,38.0,Feature X is not syncing data correctly.
4393,4608-LCIMN,2026-03-24,2026-03-25,other,high,closed,42.62,Asked about cancellation policy and notice period.
4394,4608-LCIMN,2026-06-10,2026-06-11,other,high,closed,36.72,Requested a copy of past invoices.
4395,8161-QYMTT,2026-05-12,2026-05-13,technical,high,closed,34.98,Reported repeated login failures over the past week.
4396,8161-QYMTT,2026-09-11,2026-09-11,billing,high,closed,3.81,Requested a refund for a duplicate charge.
4397,9581-GVBXT,2026-07-26,2026-07-27,billing,low,closed,45.89,Customer disputes a charge on their most recent invoice.
4398,9581-GVBXT,2026-08-17,2026-08-17,billing,medium,closed,2.44,Reported a failed payment and requested a retry.
4399,9581-GVBXT,2026-08-23,,technical,medium,open,,Feature X is not syncing data correctly.
4400,9581-GVBXT,2026-08-16,2026-08-17,billing,high,closed,39.38,Reported a failed payment and requested a retry.
4401,5404-GGUKR,2026-05-31,2026-05-31,other,medium,closed,3.12,General question about plan upgrade options.
4402,2126-GSEGL,2026-07-01,,technical,medium,open,,Feature X is not syncing data correctly.
4403,3677-TNKIO,2026-07-20,2026-07-21,other,medium,closed,27.82,Provided feedback about the onboarding experience.
4404,3677-TNKIO,2026-07-17,2026-07-20,billing,medium,closed,75.77,Reported a failed payment and requested a retry.
4405,3677-TNKIO,2026-06-02,,billing,low,open,,Reported a failed payment and requested a retry.
4406,3677-TNKIO,2026-09-03,,technical,medium,open,,Reported repeated login failures over the past week.
4407,3677-TNKIO,2026-09-12,2026-09-14,billing,high,closed,62.85,Customer disputes a charge on their most recent invoice.
4408,0440-QEXBZ,2026-07-31,2026-07-31,other,medium,closed,2.49,General question about plan upgrade options.
4409,6762-QVYJO,2026-08-26,,other,high,open,,General question about plan upgrade options.
4410,6199-IWKGC,2026-06-23,2026-06-23,technical,medium,closed,8.96,Reported repeated login failures over the past week.
4411,8152-VETUR,2026-04-10,2026-04-10,technical,high,closed,14.69,Reported repeated login failures over the past week.
4412,9667-EQRXU,2026-03-23,,other,low,open,,Provided feedback about the onboarding experience.
4413,7446-YPODE,2026-08-11,,technical,medium,open,,Requested help configuring an integration.
4414,9522-BNTHX,2026-04-06,,billing,high,open,,Requested a refund for a duplicate charge.
4415,9522-BNTHX,2026-05-21,2026-05-22,other,medium,closed,30.04,General question about plan upgrade options.
4416,9522-BNTHX,2026-06-30,,technical,low,open,,Reported repeated login failures over the past week.
4417,4676-WLUHT,2026-05-31,2026-05-31,technical,medium,closed,20.92,Feature X is not syncing data correctly.
4418,3329-WDIOK,2026-08-29,2026-08-31,billing,medium,closed,71.24,Customer disputes a charge on their most recent invoice.
4419,7980-MHFLQ,2026-09-03,2026-09-04,technical,low,closed,41.15,App crashes when loading the dashboard view.
4420,2873-ZLIWT,2026-05-06,,billing,medium,open,,Asked why the monthly charge increased without notice.
4421,3415-TAILE,2026-07-02,2026-07-02,billing,medium,closed,20.48,Reported a failed payment and requested a retry.
4422,3415-TAILE,2026-06-26,,billing,medium,open,,Customer disputes a charge on their most recent invoice.
4423,3045-XETSH,2026-09-13,2026-09-15,billing,low,closed,60.79,Requested a refund for a duplicate charge.
4424,3045-XETSH,2026-08-25,2026-08-27,technical,high,closed,70.48,Requested help configuring an integration.
4425,3045-XETSH,2026-06-20,,billing,low,open,,Reported a failed payment and requested a retry.
4426,0374-AACSZ,2026-06-16,2026-06-16,technical,medium,closed,8.02,App crashes when loading the dashboard view.
4427,0374-AACSZ,2026-08-17,2026-08-17,technical,high,closed,11.52,Reported repeated login failures over the past week.
4428,7239-HZZCX,2026-03-25,2026-03-25,billing,high,closed,2.67,Requested a refund for a duplicate charge.
4429,7239-HZZCX,2026-07-31,2026-08-01,other,medium,closed,36.25,Provided feedback about the onboarding experience.
4430,4872-VXRIL,2026-05-16,2026-05-16,technical,medium,closed,10.33,Requested help configuring an integration.
4431,4872-VXRIL,2026-06-21,2026-06-22,technical,medium,closed,45.5,App crashes when loading the dashboard view.
4432,0531-ZZJWQ,2026-09-10,,other,medium,open,,Asked about cancellation policy and notice period.
4433,0531-ZZJWQ,2026-05-24,2026-05-25,technical,medium,closed,28.83,Feature X is not syncing data correctly.
4434,2688-BHGOG,2026-05-19,2026-05-19,billing,medium,closed,7.73,Reported a failed payment and requested a retry.
4435,0628-CNQRM,2026-07-02,2026-07-03,technical,low,closed,39.5,App crashes when loading the dashboard view.
4436,0628-CNQRM,2026-06-15,,technical,low,open,,App crashes when loading the dashboard view.
4437,6199-IPCAO,2026-09-06,2026-09-07,technical,low,closed,29.19,Feature X is not syncing data correctly.
4438,6199-IPCAO,2026-05-17,2026-05-17,billing,medium,closed,10.61,Reported a failed payment and requested a retry.
4439,7665-TOALD,2026-06-08,2026-06-10,technical,medium,closed,60.49,App crashes when loading the dashboard view.
4440,0112-QWPNC,2026-05-04,,billing,medium,open,,Requested a refund for a duplicate charge.
4441,0112-QWPNC,2026-04-19,,technical,low,open,,Reported repeated login failures over the past week.
4442,0324-BRPCJ,2026-08-24,,other,medium,open,,Provided feedback about the onboarding experience.
4443,0324-BRPCJ,2026-06-15,,billing,high,open,,Asked why the monthly charge increased without notice.
4444,0324-BRPCJ,2026-07-02,,technical,medium,open,,Feature X is not syncing data correctly.
4445,5640-CAXOA,2026-08-16,2026-08-16,billing,medium,closed,8.06,Asked why the monthly charge increased without notice.
4446,5640-CAXOA,2026-07-22,2026-07-23,technical,high,closed,29.35,Reported repeated login failures over the past week.
4447,5640-CAXOA,2026-08-09,2026-08-10,technical,low,closed,29.78,Feature X is not syncing data correctly.
4448,5640-CAXOA,2026-05-12,2026-05-12,technical,low,closed,7.03,Requested help configuring an integration.
4449,3847-BAERP,2026-05-10,2026-05-10,technical,low,closed,9.72,Requested help configuring an integration.
4450,4282-YMKNA,2026-05-16,2026-05-16,other,medium,closed,23.22,Requested a copy of past invoices.
4451,0670-KDOMA,2026-04-10,2026-04-10,other,medium,closed,12.21,Provided feedback about the onboarding experience.
4452,0670-KDOMA,2026-05-29,2026-05-30,technical,low,closed,42.44,Reported repeated login failures over the past week.
4453,0670-KDOMA,2026-04-26,2026-04-26,technical,high,closed,9.48,Feature X is not syncing data correctly.
4454,0670-KDOMA,2026-07-21,2026-07-21,technical,low,closed,5.26,Requested help configuring an integration.
4455,2476-YGEFM,2026-06-23,2026-06-24,technical,high,closed,41.4,Feature X is not syncing data correctly.
4456,2476-YGEFM,2026-07-19,2026-07-20,billing,medium,closed,33.27,Customer disputes a charge on their most recent invoice.
4457,0641-EVBOJ,2026-03-28,,other,low,open,,Requested a copy of past invoices.
4458,9974-JFBHQ,2026-04-23,2026-04-23,other,medium,closed,6.28,Asked about cancellation policy and notice period.
4459,9974-JFBHQ,2026-08-07,2026-08-07,billing,low,closed,19.07,Reported a failed payment and requested a retry.
4460,5356-RHIPP,2026-07-03,,billing,high,open,,Asked why the monthly charge increased without notice.
4461,5356-RHIPP,2026-04-17,,billing,high,open,,Reported a failed payment and requested a retry.
4462,5356-RHIPP,2026-06-12,,other,medium,open,,General question about plan upgrade options.
4463,0608-JDVEC,2026-08-15,2026-08-15,other,low,closed,15.32,General question about plan upgrade options.
4464,9780-FKVVF,2026-04-09,2026-04-10,technical,high,closed,34.21,Feature X is not syncing data correctly.
4465,9780-FKVVF,2026-07-20,2026-07-20,technical,low,closed,16.52,Requested help configuring an integration.
4466,9189-JWSHV,2026-08-27,2026-08-29,technical,low,closed,63.23,Requested help configuring an integration.
4467,9189-JWSHV,2026-08-25,2026-08-25,technical,medium,closed,2.28,App crashes when loading the dashboard view.
4468,2190-PHBHR,2026-08-15,2026-08-15,technical,medium,closed,16.96,Feature X is not syncing data correctly.
4469,0746-JTRFU,2026-04-20,2026-04-22,other,low,closed,69.08,General question about plan upgrade options.
4470,7184-LRUUR,2026-06-05,2026-06-06,billing,high,closed,26.2,Reported a failed payment and requested a retry.
4471,1574-DYCWE,2026-04-18,2026-04-19,technical,low,closed,37.72,Feature X is not syncing data correctly.
4472,1574-DYCWE,2026-08-20,2026-08-20,billing,low,closed,22.62,Reported a failed payment and requested a retry.
4473,7247-XOZPB,2026-09-15,2026-09-16,billing,high,closed,44.98,Customer disputes a charge on their most recent invoice.
4474,2466-FCCPT,2026-04-17,,billing,medium,open,,Asked why the monthly charge increased without notice.
4475,2466-FCCPT,2026-06-12,2026-06-13,technical,medium,closed,32.82,App crashes when loading the dashboard view.
4476,4826-TZEVA,2026-05-03,2026-05-04,technical,low,closed,32.88,App crashes when loading the dashboard view.
4477,6016-NXBNJ,2026-05-07,2026-05-07,other,medium,closed,18.4,Provided feedback about the onboarding experience.
4478,9138-EFSMO,2026-07-24,2026-07-25,other,medium,closed,29.53,Asked about cancellation policy and notice period.
4479,9138-EFSMO,2026-07-26,,technical,medium,open,,Reported repeated login failures over the past week.
4480,0576-WNXXC,2026-08-01,2026-08-02,other,high,closed,39.6,Requested a copy of past invoices.
4481,0576-WNXXC,2026-04-20,,technical,low,open,,Reported repeated login failures over the past week.
4482,2716-GFZOR,2026-05-26,2026-05-27,billing,medium,closed,32.72,Requested a refund for a duplicate charge.
4483,3724-UCSHY,2026-06-26,2026-06-27,technical,medium,closed,44.49,Feature X is not syncing data correctly.
4484,3724-UCSHY,2026-08-19,,billing,medium,open,,Requested a refund for a duplicate charge.
4485,3724-UCSHY,2026-06-05,2026-06-05,technical,medium,closed,6.13,App crashes when loading the dashboard view.
4486,8626-XHBIE,2026-04-04,2026-04-04,technical,high,closed,7.24,Reported repeated login failures over the past week.
4487,4628-CTTLA,2026-09-10,2026-09-11,other,high,closed,44.59,Requested a copy of past invoices.
4488,4628-CTTLA,2026-07-11,2026-07-13,billing,medium,closed,54.64,Asked why the monthly charge increased without notice.
4489,4628-CTTLA,2026-05-08,,other,medium,open,,General question about plan upgrade options.
4490,4628-CTTLA,2026-04-16,,billing,high,open,,Reported a failed payment and requested a retry.
4491,4628-CTTLA,2026-08-18,2026-08-18,technical,low,closed,10.72,App crashes when loading the dashboard view.
4492,3192-LNKRK,2026-06-28,2026-06-29,technical,low,closed,24.05,Requested help configuring an integration.
4493,3192-LNKRK,2026-09-12,2026-09-12,other,medium,closed,9.27,Provided feedback about the onboarding experience.
4494,4439-YRNVD,2026-07-10,2026-07-10,other,high,closed,15.52,General question about plan upgrade options.
4495,2876-VBBBL,2026-04-08,,other,high,open,,Provided feedback about the onboarding experience.
4496,6834-NXDCA,2026-04-19,2026-04-21,billing,medium,closed,71.98,Reported a failed payment and requested a retry.
4497,6834-NXDCA,2026-08-04,,billing,medium,open,,Asked why the monthly charge increased without notice.
4498,6834-NXDCA,2026-07-03,,billing,low,open,,Reported a failed payment and requested a retry.
4499,6834-NXDCA,2026-07-13,2026-07-14,billing,low,closed,42.03,Asked why the monthly charge increased without notice.
4500,7777-UNYHB,2026-09-02,2026-09-02,other,high,closed,6.01,General question about plan upgrade options.
4501,7278-CKDNC,2026-05-19,2026-05-19,billing,medium,closed,13.64,Customer disputes a charge on their most recent invoice.
4502,2748-MYRVK,2026-09-06,2026-09-06,billing,low,closed,7.82,Asked why the monthly charge increased without notice.
4503,4822-YCXMX,2026-06-28,,other,medium,open,,Asked about cancellation policy and notice period.
4504,8474-UMLNT,2026-04-24,,billing,medium,open,,Reported a failed payment and requested a retry.
4505,8474-UMLNT,2026-04-21,2026-04-22,technical,low,closed,35.0,Reported repeated login failures over the past week.
4506,8474-UMLNT,2026-05-01,,other,medium,open,,Requested a copy of past invoices.
4507,9821-POOTN,2026-04-28,2026-04-30,technical,medium,closed,51.96,Reported repeated login failures over the past week.
4508,9821-POOTN,2026-07-20,2026-07-20,technical,medium,closed,1.24,App crashes when loading the dashboard view.
4509,3836-FZSDJ,2026-08-20,2026-08-20,billing,medium,closed,17.93,Reported a failed payment and requested a retry.
4510,9142-XMYJH,2026-07-06,,other,high,open,,Asked about cancellation policy and notice period.
4511,6559-ILWKJ,2026-04-25,2026-04-26,billing,high,closed,30.51,Asked why the monthly charge increased without notice.
4512,7733-UDMTP,2026-06-11,2026-06-11,technical,low,closed,7.74,Feature X is not syncing data correctly.
4513,7733-UDMTP,2026-05-25,2026-05-26,billing,low,closed,25.94,Reported a failed payment and requested a retry.
4514,1685-VAYJF,2026-05-17,,technical,high,open,,App crashes when loading the dashboard view.
4515,6917-YACBP,2026-05-22,2026-05-22,technical,low,closed,4.91,Requested help configuring an integration.
4516,5049-MUBWG,2026-07-09,,technical,low,open,,Feature X is not syncing data correctly.
4517,9253-VIFJQ,2026-05-25,2026-05-25,technical,high,closed,20.62,Requested help configuring an integration.
4518,7030-FZTFM,2026-03-31,2026-03-31,other,high,closed,17.51,General question about plan upgrade options.
4519,1194-BHJYC,2026-04-09,,technical,high,open,,App crashes when loading the dashboard view.
4520,3663-MITLP,2026-04-05,,billing,medium,open,,Asked why the monthly charge increased without notice.
4521,3663-MITLP,2026-06-23,,other,medium,open,,Requested a copy of past invoices.
4522,3663-MITLP,2026-08-18,2026-08-20,billing,medium,closed,55.65,Asked why the monthly charge increased without notice.
4523,3663-MITLP,2026-08-16,2026-08-17,technical,medium,closed,25.73,Reported repeated login failures over the past week.
4524,0906-QVPMS,2026-05-01,2026-05-01,billing,medium,closed,17.81,Asked why the monthly charge increased without notice.
4525,0906-QVPMS,2026-05-09,2026-05-10,other,medium,closed,38.95,Requested a copy of past invoices.
4526,9025-ZRPVR,2026-09-15,,billing,high,open,,Customer disputes a charge on their most recent invoice.
4527,9025-ZRPVR,2026-06-25,2026-06-25,billing,low,closed,4.27,Reported a failed payment and requested a retry.
4528,3285-UCQVC,2026-07-02,2026-07-04,billing,low,closed,50.7,Asked why the monthly charge increased without notice.
4529,3285-UCQVC,2026-09-03,2026-09-03,billing,medium,closed,13.28,Customer disputes a charge on their most recent invoice.
4530,6248-BSHKG,2026-05-03,,technical,low,open,,Feature X is not syncing data correctly.
4531,4685-TFLLS,2026-04-12,2026-04-12,billing,low,closed,3.98,Requested a refund for a duplicate charge.
4532,3470-BTGQO,2026-09-10,2026-09-11,other,low,closed,41.37,Provided feedback about the onboarding experience.
4533,3470-BTGQO,2026-04-10,,technical,medium,open,,Reported repeated login failures over the past week.
4534,1209-VFFOC,2026-06-17,2026-06-18,other,high,closed,32.14,Requested a copy of past invoices.
4535,8224-DWCKX,2026-03-22,2026-03-22,billing,medium,closed,14.32,Reported a failed payment and requested a retry.
4536,5482-PLVPE,2026-04-20,,technical,medium,open,,App crashes when loading the dashboard view.
4537,4553-DVPZG,2026-05-17,2026-05-18,technical,medium,closed,35.6,Reported repeated login failures over the past week.
4538,4902-OHLSK,2026-05-25,,billing,medium,open,,Asked why the monthly charge increased without notice.
4539,4902-OHLSK,2026-07-17,2026-07-17,billing,medium,closed,17.16,Asked why the monthly charge increased without notice.
4540,4902-OHLSK,2026-07-21,,technical,medium,open,,App crashes when loading the dashboard view.
4541,4902-OHLSK,2026-08-20,2026-08-22,technical,medium,closed,52.98,Requested help configuring an integration.
4542,4902-OHLSK,2026-07-16,,billing,medium,open,,Reported a failed payment and requested a retry.
4543,0495-ZBNGW,2026-07-21,,technical,medium,open,,Reported repeated login failures over the past week.
4544,8620-RJPZN,2026-04-23,2026-04-23,other,medium,closed,12.65,Provided feedback about the onboarding experience.
4545,8620-RJPZN,2026-05-03,2026-05-03,other,medium,closed,8.79,Requested a copy of past invoices.
4546,8620-RJPZN,2026-05-04,2026-05-05,technical,high,closed,36.25,Reported repeated login failures over the past week.
4547,8620-RJPZN,2026-07-30,2026-07-31,other,medium,closed,26.13,Provided feedback about the onboarding experience.
4548,7572-KPVKK,2026-05-25,,other,low,open,,Asked about cancellation policy and notice period.
4549,7572-KPVKK,2026-07-28,2026-07-29,technical,low,closed,47.53,Reported repeated login failures over the past week.
4550,2642-MAWLJ,2026-07-25,2026-07-26,billing,low,closed,28.13,Asked why the monthly charge increased without notice.
4551,2642-MAWLJ,2026-08-08,2026-08-09,technical,low,closed,43.91,Feature X is not syncing data correctly.
4552,2357-COQEK,2026-05-07,2026-05-10,billing,medium,closed,78.64,Asked why the monthly charge increased without notice.
4553,7103-ZGVNT,2026-07-05,2026-07-06,technical,medium,closed,46.09,Reported repeated login failures over the past week.
4554,3737-GCSPV,2026-07-26,2026-07-29,billing,medium,closed,75.8,Reported a failed payment and requested a retry.
4555,2027-WKXMW,2026-04-12,2026-04-13,technical,low,closed,34.04,App crashes when loading the dashboard view.
4556,2027-WKXMW,2026-03-28,,other,low,open,,Requested a copy of past invoices.
4557,2027-WKXMW,2026-05-21,2026-05-22,other,high,closed,28.94,General question about plan upgrade options.
4558,2027-WKXMW,2026-05-07,2026-05-07,billing,medium,closed,1.99,Asked why the monthly charge increased without notice.
4559,7137-NAXML,2026-04-01,2026-04-02,technical,medium,closed,43.98,Reported repeated login failures over the past week.
4560,2428-ZMCTB,2026-04-30,2026-05-01,billing,low,closed,38.93,Customer disputes a charge on their most recent invoice.
4561,2961-VNFKL,2026-08-26,2026-08-27,other,low,closed,29.06,Requested a copy of past invoices.
4562,5934-RMPOV,2026-08-22,2026-08-22,technical,medium,closed,20.85,Requested help configuring an integration.
4563,1207-BLKSA,2026-05-31,2026-06-01,billing,medium,closed,44.01,Asked why the monthly charge increased without notice.
4564,4088-YLDSU,2026-09-15,,other,low,open,,Asked about cancellation policy and notice period.
4565,4088-YLDSU,2026-03-22,2026-03-23,technical,medium,closed,46.33,App crashes when loading the dashboard view.
4566,3146-JTQHR,2026-08-02,2026-08-02,billing,medium,closed,5.58,Reported a failed payment and requested a retry.
4567,4291-YZODP,2026-08-09,2026-08-09,billing,medium,closed,13.51,Customer disputes a charge on their most recent invoice.
4568,4291-YZODP,2026-08-01,,other,medium,open,,General question about plan upgrade options.
4569,0017-IUDMW,2026-07-04,,technical,low,open,,Requested help configuring an integration.
4570,8706-HRADD,2026-07-11,,other,medium,open,,Provided feedback about the onboarding experience.
4571,9955-QOPOY,2026-03-30,2026-03-30,other,medium,closed,17.36,General question about plan upgrade options.
4572,4385-ZKVNW,2026-03-30,,billing,low,open,,Reported a failed payment and requested a retry.
4573,5446-DKWYW,2026-08-09,2026-08-10,technical,medium,closed,33.29,Reported repeated login failures over the past week.
4574,2034-CGRHZ,2026-05-22,,billing,medium,open,,Asked why the monthly charge increased without notice.
4575,2034-CGRHZ,2026-07-03,,technical,medium,open,,Requested help configuring an integration.
4576,2034-CGRHZ,2026-05-19,,other,medium,open,,General question about plan upgrade options.
4577,2034-CGRHZ,2026-08-06,2026-08-06,technical,low,closed,12.15,Reported repeated login failures over the past week.
4578,2034-CGRHZ,2026-09-14,2026-09-14,billing,low,closed,20.11,Requested a refund for a duplicate charge.
4579,2034-CGRHZ,2026-08-19,2026-08-20,billing,high,closed,27.63,Reported a failed payment and requested a retry.
4580,3683-QKIUE,2026-04-15,,technical,low,open,,Reported repeated login failures over the past week.
4581,9031-ZVQPT,2026-08-02,2026-08-02,billing,low,closed,4.74,Customer disputes a charge on their most recent invoice.
4582,2990-IAJSV,2026-03-29,2026-03-30,billing,low,closed,46.46,Reported a failed payment and requested a retry.
4583,8107-KNCIM,2026-07-06,2026-07-06,other,low,closed,12.47,Asked about cancellation policy and notice period.
4584,8107-KNCIM,2026-09-15,,billing,medium,open,,Reported a failed payment and requested a retry.
4585,5176-LDKUH,2026-06-18,,billing,medium,open,,Reported a failed payment and requested a retry.
4586,4644-OBGFZ,2026-07-01,2026-07-01,other,high,closed,20.89,Requested a copy of past invoices.
4587,4644-OBGFZ,2026-05-12,2026-05-12,billing,medium,closed,22.36,Asked why the monthly charge increased without notice.
4588,7926-IJOOU,2026-09-01,2026-09-01,technical,high,closed,9.36,Reported repeated login failures over the past week.
4589,4029-HPFVY,2026-09-10,2026-09-10,billing,medium,closed,18.91,Customer disputes a charge on their most recent invoice.
4590,4029-HPFVY,2026-05-03,2026-05-04,technical,low,closed,43.54,Requested help configuring an integration.
4591,5345-BMKWB,2026-06-10,2026-06-11,billing,medium,closed,34.55,Requested a refund for a duplicate charge.
4592,3519-ZKXGG,2026-06-03,2026-06-06,billing,high,closed,80.51,Reported a failed payment and requested a retry.
4593,6416-TVAIH,2026-04-14,2026-04-14,other,medium,closed,15.05,Asked about cancellation policy and notice period.
4594,6416-TVAIH,2026-07-15,2026-07-18,technical,medium,closed,81.57,Requested help configuring an integration.
4595,6416-TVAIH,2026-06-11,2026-06-13,other,high,closed,50.9,General question about plan upgrade options.
4596,5451-YHYPW,2026-09-09,2026-09-09,technical,high,closed,7.58,Feature X is not syncing data correctly.
4597,3066-RRJIO,2026-09-12,2026-09-13,technical,low,closed,25.98,Reported repeated login failures over the past week.
4598,3066-RRJIO,2026-05-22,2026-05-22,technical,high,closed,2.7,Requested help configuring an integration.
4599,4664-NJCMS,2026-08-09,2026-08-09,billing,medium,closed,19.15,Requested a refund for a duplicate charge.
4600,0307-BCOPK,2026-05-05,2026-05-06,other,low,closed,27.62,Requested a copy of past invoices.
4601,0307-BCOPK,2026-08-12,,other,high,open,,Provided feedback about the onboarding experience.
4602,2542-HYGIQ,2026-08-30,2026-08-30,other,medium,closed,1.08,Requested a copy of past invoices.
4603,2542-HYGIQ,2026-05-03,2026-05-03,billing,medium,closed,14.84,Requested a refund for a duplicate charge.
4604,5016-LIPDW,2026-06-30,2026-07-01,billing,medium,closed,33.32,Customer disputes a charge on their most recent invoice.
4605,5016-LIPDW,2026-04-05,2026-04-05,technical,high,closed,19.64,Reported repeated login failures over the past week.
4606,1567-DSCIC,2026-04-20,2026-04-22,technical,low,closed,71.59,Feature X is not syncing data correctly.
4607,1567-DSCIC,2026-09-15,2026-09-18,billing,medium,closed,77.07,Reported a failed payment and requested a retry.
4608,9362-MWODR,2026-09-12,,other,medium,open,,General question about plan upgrade options.
4609,9362-MWODR,2026-07-26,2026-07-27,billing,medium,closed,40.48,Asked why the monthly charge increased without notice.
4610,9362-MWODR,2026-07-21,,technical,low,open,,Feature X is not syncing data correctly.
4611,9625-RZFUK,2026-09-01,2026-09-02,billing,low,closed,30.03,Requested a refund for a duplicate charge.
4612,9625-RZFUK,2026-06-15,2026-06-16,other,medium,closed,43.34,Provided feedback about the onboarding experience.
4613,5161-UBZXI,2026-09-15,,technical,high,open,,Reported repeated login failures over the past week.
4614,1020-JPQOW,2026-07-21,2026-07-21,other,low,closed,9.93,Requested a copy of past invoices.
4615,1020-JPQOW,2026-03-24,,other,medium,open,,Asked about cancellation policy and notice period.
4616,6867-ACCZI,2026-05-01,,technical,medium,open,,Requested help configuring an integration.
4617,5939-XAIXZ,2026-05-07,2026-05-08,technical,low,closed,33.26,Requested help configuring an integration.
4618,5939-XAIXZ,2026-06-14,2026-06-14,technical,medium,closed,8.8,Feature X is not syncing data correctly.
4619,9054-FOWNV,2026-04-10,,billing,low,open,,Requested a refund for a duplicate charge.
4620,9054-FOWNV,2026-08-12,2026-08-12,other,high,closed,8.37,Asked about cancellation policy and notice period.
4621,2157-MXBJS,2026-04-27,2026-04-28,technical,medium,closed,47.55,App crashes when loading the dashboard view.
4622,2157-MXBJS,2026-05-26,2026-05-26,other,medium,closed,13.37,Provided feedback about the onboarding experience.
4623,8207-VVMYB,2026-03-23,2026-03-23,technical,low,closed,3.63,App crashes when loading the dashboard view.
4624,9732-EQMWY,2026-08-01,2026-08-01,technical,medium,closed,18.54,App crashes when loading the dashboard view.
4625,9360-AHGNL,2026-06-18,2026-06-19,billing,low,closed,26.34,Asked why the monthly charge increased without notice.
4626,1087-UDSIH,2026-05-11,,other,low,open,,Provided feedback about the onboarding experience.
4627,5269-NRGDP,2026-05-03,2026-05-03,other,medium,closed,8.66,Asked about cancellation policy and notice period.
4628,5269-NRGDP,2026-08-04,2026-08-05,other,medium,closed,39.6,Asked about cancellation policy and notice period.
4629,5269-NRGDP,2026-08-07,,technical,medium,open,,App crashes when loading the dashboard view.
4630,6195-MELTI,2026-07-18,2026-07-19,technical,medium,closed,31.08,Feature X is not syncing data correctly.
4631,6195-MELTI,2026-08-01,,technical,medium,open,,App crashes when loading the dashboard view.
4632,5485-WUYWF,2026-06-26,,billing,medium,open,,Asked why the monthly charge increased without notice.
4633,5485-WUYWF,2026-07-27,,technical,medium,open,,Requested help configuring an integration.
4634,2121-JAFOM,2026-04-19,,billing,low,open,,Asked why the monthly charge increased without notice.
4635,8818-DOPVL,2026-05-18,2026-05-19,technical,medium,closed,27.53,App crashes when loading the dashboard view.
4636,8818-DOPVL,2026-06-21,2026-06-22,other,medium,closed,41.62,General question about plan upgrade options.
4637,5445-PZWGX,2026-06-23,2026-06-25,billing,medium,closed,60.39,Asked why the monthly charge increased without notice.
4638,5445-PZWGX,2026-05-04,,billing,medium,open,,Asked why the monthly charge increased without notice.
4639,5445-PZWGX,2026-05-10,2026-05-13,billing,medium,closed,78.63,Customer disputes a charge on their most recent invoice.
4640,5445-PZWGX,2026-08-31,,billing,low,open,,Reported a failed payment and requested a retry.
4641,9170-CCKOU,2026-06-26,2026-06-27,technical,medium,closed,41.41,Requested help configuring an integration.
4642,1043-YCUTE,2026-07-28,2026-07-28,other,medium,closed,14.94,General question about plan upgrade options.
4643,1043-YCUTE,2026-06-03,2026-06-04,billing,medium,closed,38.81,Requested a refund for a duplicate charge.
4644,1043-YCUTE,2026-07-15,2026-07-16,technical,high,closed,24.74,Feature X is not syncing data correctly.
4645,3814-MLAXC,2026-05-10,2026-05-10,billing,high,closed,9.13,Reported a failed payment and requested a retry.
4646,3814-MLAXC,2026-04-27,2026-04-27,technical,medium,closed,18.48,Requested help configuring an integration.
4647,3814-MLAXC,2026-05-15,,technical,medium,open,,App crashes when loading the dashboard view.
4648,3814-MLAXC,2026-09-07,,billing,medium,open,,Asked why the monthly charge increased without notice.
4649,3814-MLAXC,2026-07-06,2026-07-08,billing,high,closed,67.22,Requested a refund for a duplicate charge.
4650,3572-UUHRS,2026-06-26,2026-06-26,other,medium,closed,19.93,Provided feedback about the onboarding experience.
4651,3572-UUHRS,2026-07-19,2026-07-20,technical,high,closed,36.18,Feature X is not syncing data correctly.
4652,1226-UDFZR,2026-04-13,,other,high,open,,Provided feedback about the onboarding experience.
4653,1226-UDFZR,2026-03-24,,technical,high,open,,Requested help configuring an integration.
4654,5955-EPOAZ,2026-08-26,2026-08-27,billing,low,closed,32.02,Customer disputes a charge on their most recent invoice.
4655,6821-JPCDC,2026-07-26,2026-07-26,billing,high,closed,2.85,Requested a refund for a duplicate charge.
4656,6821-JPCDC,2026-07-14,,other,low,open,,Asked about cancellation policy and notice period.
4657,6821-JPCDC,2026-06-26,2026-06-26,technical,medium,closed,5.32,Feature X is not syncing data correctly.
4658,8815-LMFLX,2026-05-12,,other,low,open,,Provided feedback about the onboarding experience.
4659,9135-HSWOC,2026-07-16,,billing,low,open,,Customer disputes a charge on their most recent invoice.
4660,8582-KRHPJ,2026-09-15,2026-09-15,other,medium,closed,16.67,General question about plan upgrade options.
4661,5811-IWXYM,2026-03-26,2026-03-26,technical,low,closed,16.03,Reported repeated login failures over the past week.
4662,5811-IWXYM,2026-04-15,,technical,low,open,,App crashes when loading the dashboard view.
4663,7044-YAACC,2026-04-27,,other,medium,open,,Requested a copy of past invoices.
4664,8189-XRIKE,2026-06-05,2026-06-05,billing,high,closed,16.06,Requested a refund for a duplicate charge.
4665,8189-XRIKE,2026-07-14,2026-07-15,other,low,closed,47.88,Asked about cancellation policy and notice period.
4666,8189-XRIKE,2026-03-23,2026-03-24,other,low,closed,30.89,Asked about cancellation policy and notice period.
4667,1506-YJTYT,2026-09-05,2026-09-05,billing,low,closed,20.67,Asked why the monthly charge increased without notice.
4668,6425-YQLLO,2026-06-27,2026-06-30,technical,medium,closed,78.73,Requested help configuring an integration.
4669,6425-YQLLO,2026-03-21,2026-03-21,other,low,closed,11.87,Requested a copy of past invoices.
4670,5442-UTCVD,2026-05-29,2026-05-29,billing,medium,closed,22.25,Requested a refund for a duplicate charge.
4671,2228-BZDEE,2026-08-23,,technical,high,open,,Reported repeated login failures over the past week.
4672,7734-DBOAI,2026-06-12,,billing,medium,open,,Reported a failed payment and requested a retry.
4673,7734-DBOAI,2026-03-26,2026-03-27,billing,low,closed,42.02,Reported a failed payment and requested a retry.
4674,7734-DBOAI,2026-05-24,2026-05-24,billing,medium,closed,9.45,Reported a failed payment and requested a retry.
4675,7734-DBOAI,2026-07-06,2026-07-06,billing,medium,closed,20.63,Customer disputes a charge on their most recent invoice.
4676,2789-CZANW,2026-07-10,,other,medium,open,,Requested a copy of past invoices.
4677,2789-CZANW,2026-04-07,,other,medium,open,,General question about plan upgrade options.
4678,2789-CZANW,2026-04-15,2026-04-16,other,medium,closed,30.02,Requested a copy of past invoices.
4679,7596-LDUXP,2026-07-31,2026-08-01,other,medium,closed,31.12,Requested a copy of past invoices.
4680,7596-LDUXP,2026-03-31,2026-03-31,other,medium,closed,10.62,Provided feedback about the onboarding experience.
4681,3740-RLMVT,2026-04-28,,technical,low,open,,Reported repeated login failures over the past week.
4682,2186-QZEYA,2026-08-26,2026-08-26,technical,medium,closed,11.45,Requested help configuring an integration.
4683,1131-ALZWV,2026-06-26,2026-06-26,technical,low,closed,14.97,Feature X is not syncing data correctly.
4684,7729-XBTWX,2026-08-02,,other,medium,open,,Requested a copy of past invoices.
4685,9134-WYRVP,2026-07-14,2026-07-15,technical,medium,closed,43.29,App crashes when loading the dashboard view.
4686,9134-WYRVP,2026-04-17,2026-04-17,technical,medium,closed,1.38,App crashes when loading the dashboard view.
4687,9732-OUYRN,2026-07-04,2026-07-05,other,high,closed,32.93,Requested a copy of past invoices.
4688,9732-OUYRN,2026-07-25,2026-07-26,billing,low,closed,45.72,Asked why the monthly charge increased without notice.
4689,9732-OUYRN,2026-08-21,2026-08-21,technical,medium,closed,13.57,Feature X is not syncing data correctly.
4690,2931-SVLTV,2026-06-19,,billing,medium,open,,Reported a failed payment and requested a retry.
4691,2931-SVLTV,2026-05-20,2026-05-21,technical,low,closed,47.7,App crashes when loading the dashboard view.
4692,2931-SVLTV,2026-08-19,2026-08-19,billing,low,closed,2.58,Customer disputes a charge on their most recent invoice.
4693,7504-UWHNB,2026-07-18,2026-07-18,technical,high,closed,15.12,App crashes when loading the dashboard view.
4694,2582-FFFZR,2026-04-12,2026-04-12,other,medium,closed,20.36,Provided feedback about the onboarding experience.
4695,8908-NMQTX,2026-07-07,2026-07-07,technical,low,closed,10.86,Feature X is not syncing data correctly.
4696,2187-LZGPL,2026-07-25,2026-07-28,billing,low,closed,82.91,Customer disputes a charge on their most recent invoice.
4697,2187-LZGPL,2026-08-28,,billing,medium,open,,Asked why the monthly charge increased without notice.
4698,2187-LZGPL,2026-08-31,2026-08-31,technical,high,closed,12.56,Requested help configuring an integration.
4699,2187-LZGPL,2026-05-27,2026-05-29,billing,medium,closed,71.63,Customer disputes a charge on their most recent invoice.
4700,1431-AIDJQ,2026-06-24,2026-06-25,billing,medium,closed,31.75,Asked why the monthly charge increased without notice.
4701,4597-NUCQV,2026-05-23,2026-05-26,billing,medium,closed,77.5,Requested a refund for a duplicate charge.
4702,8413-YNHNV,2026-04-24,,technical,high,open,,App crashes when loading the dashboard view.
4703,4369-NYSCF,2026-04-25,2026-04-25,technical,low,closed,15.36,Reported repeated login failures over the past week.
4704,4369-NYSCF,2026-05-11,2026-05-12,billing,medium,closed,32.16,Asked why the monthly charge increased without notice.
4705,5599-HVLTW,2026-03-31,2026-03-31,other,medium,closed,6.05,Requested a copy of past invoices.
4706,7394-LWLYN,2026-08-05,2026-08-06,technical,low,closed,29.3,Reported repeated login failures over the past week.
4707,7394-LWLYN,2026-07-23,2026-07-24,other,low,closed,39.71,Asked about cancellation policy and notice period.
4708,3707-LRWZD,2026-06-01,2026-06-02,billing,low,closed,40.67,Asked why the monthly charge increased without notice.
4709,3707-LRWZD,2026-05-20,2026-05-20,billing,medium,closed,8.79,Reported a failed payment and requested a retry.
4710,3707-LRWZD,2026-08-14,2026-08-17,technical,low,closed,78.78,App crashes when loading the dashboard view.
4711,2700-LUEVA,2026-09-09,,billing,high,open,,Asked why the monthly charge increased without notice.
4712,1455-ESIQH,2026-06-17,,other,low,open,,Provided feedback about the onboarding experience.
4713,1455-ESIQH,2026-07-22,2026-07-22,billing,high,closed,13.51,Customer disputes a charge on their most recent invoice.
4714,2979-SXESE,2026-07-29,2026-08-01,billing,low,closed,78.91,Requested a refund for a duplicate charge.
4715,2979-SXESE,2026-07-29,,technical,medium,open,,Reported repeated login failures over the past week.
4716,4013-TLDHQ,2026-05-15,,technical,low,open,,Feature X is not syncing data correctly.
4717,4013-TLDHQ,2026-06-05,2026-06-05,technical,low,closed,8.22,Feature X is not syncing data correctly.
4718,4194-FJARJ,2026-05-29,2026-05-30,other,medium,closed,32.06,Asked about cancellation policy and notice period.
4719,4194-FJARJ,2026-06-11,2026-06-11,technical,medium,closed,1.45,Feature X is not syncing data correctly.
4720,5325-UWTWJ,2026-05-19,,billing,medium,open,,Asked why the monthly charge increased without notice.
4721,5325-UWTWJ,2026-04-25,2026-04-26,other,low,closed,27.9,Asked about cancellation policy and notice period.
4722,5325-UWTWJ,2026-03-27,,technical,low,open,,Requested help configuring an integration.
4723,5325-UWTWJ,2026-06-13,2026-06-13,technical,low,closed,12.65,Feature X is not syncing data correctly.
4724,9208-OLGAQ,2026-08-12,2026-08-12,technical,high,closed,2.82,Reported repeated login failures over the past week.
4725,3244-CQPHU,2026-04-24,,billing,medium,open,,Reported a failed payment and requested a retry.
4726,6992-TKNYO,2026-05-26,,other,high,open,,Provided feedback about the onboarding experience.
4727,4468-YDOVK,2026-05-26,2026-05-27,other,low,closed,27.33,Requested a copy of past invoices.
4728,4468-YDOVK,2026-06-21,2026-06-21,billing,medium,closed,14.77,Requested a refund for a duplicate charge.
4729,3754-DXMRT,2026-05-29,2026-05-29,billing,medium,closed,23.89,Asked why the monthly charge increased without notice.
4730,3754-DXMRT,2026-04-05,2026-04-06,other,low,closed,24.94,General question about plan upgrade options.
4731,5792-JALQC,2026-07-25,2026-07-25,technical,medium,closed,22.69,App crashes when loading the dashboard view.
4732,5792-JALQC,2026-09-07,2026-09-08,other,high,closed,35.54,Asked about cancellation policy and notice period.
4733,7130-VTEWQ,2026-08-23,2026-08-24,other,medium,closed,41.32,Requested a copy of past invoices.
4734,4302-ZYFEL,2026-08-11,2026-08-11,other,medium,closed,5.64,General question about plan upgrade options.
4735,4302-ZYFEL,2026-07-04,2026-07-04,other,high,closed,15.53,Provided feedback about the onboarding experience.
4736,9351-LZYGF,2026-04-15,,technical,medium,open,,Feature X is not syncing data correctly.
4737,4366-CTOUZ,2026-06-26,2026-06-27,technical,medium,closed,29.7,App crashes when loading the dashboard view.
4738,4366-CTOUZ,2026-08-28,2026-08-28,technical,medium,closed,23.44,Requested help configuring an integration.
4739,7903-CMPEY,2026-05-02,,other,high,open,,Requested a copy of past invoices.
4740,6671-NGWON,2026-04-07,2026-04-08,technical,low,closed,33.19,Reported repeated login failures over the past week.
4741,0595-ITUDF,2026-06-30,2026-06-30,other,medium,closed,4.99,Provided feedback about the onboarding experience.
4742,6996-KNSML,2026-03-31,,other,low,open,,General question about plan upgrade options.
4743,1955-IBMMB,2026-03-27,2026-03-27,billing,medium,closed,16.49,Reported a failed payment and requested a retry.
4744,0096-BXERS,2026-07-06,2026-07-06,other,low,closed,23.95,Requested a copy of past invoices.
4745,7998-ZLXWN,2026-06-17,2026-06-17,technical,medium,closed,18.22,Reported repeated login failures over the past week.
4746,9133-AYJZG,2026-05-13,2026-05-13,billing,medium,closed,23.02,Reported a failed payment and requested a retry.
4747,8430-TWCBX,2026-03-25,,technical,low,open,,Feature X is not syncing data correctly.
4748,5018-GWURO,2026-03-26,2026-03-26,billing,low,closed,7.54,Asked why the monthly charge increased without notice.
4749,1704-NRWYE,2026-08-12,2026-08-12,technical,medium,closed,1.2,Requested help configuring an integration.
4750,1704-NRWYE,2026-05-11,2026-05-11,other,high,closed,16.89,Provided feedback about the onboarding experience.
4751,2592-SEIFQ,2026-07-31,2026-08-03,other,medium,closed,73.57,Provided feedback about the onboarding experience.
4752,2592-SEIFQ,2026-05-23,2026-05-23,billing,medium,closed,11.48,Asked why the monthly charge increased without notice.
4753,2592-SEIFQ,2026-05-06,,technical,medium,open,,Feature X is not syncing data correctly.
4754,2592-SEIFQ,2026-08-09,2026-08-10,billing,high,closed,47.5,Customer disputes a charge on their most recent invoice.
4755,4781-ZXYGU,2026-07-18,2026-07-19,billing,high,closed,35.62,Reported a failed payment and requested a retry.
4756,4781-ZXYGU,2026-09-02,2026-09-03,technical,medium,closed,44.39,App crashes when loading the dashboard view.
4757,7632-YUTXB,2026-08-30,2026-08-31,other,medium,closed,26.23,General question about plan upgrade options.
4758,2718-YSKCS,2026-08-16,2026-08-17,technical,low,closed,45.82,Feature X is not syncing data correctly.
4759,0853-NWIFK,2026-04-17,2026-04-18,billing,medium,closed,46.93,Customer disputes a charge on their most recent invoice.
4760,0853-NWIFK,2026-07-26,2026-07-26,billing,medium,closed,22.8,Customer disputes a charge on their most recent invoice.
4761,8212-CRQXP,2026-07-03,2026-07-03,billing,medium,closed,23.67,Asked why the monthly charge increased without notice.
4762,6980-CDGFC,2026-08-18,,other,low,open,,Requested a copy of past invoices.
4763,6980-CDGFC,2026-04-01,2026-04-02,technical,medium,closed,43.35,Feature X is not syncing data correctly.
4764,7691-XVTZH,2026-05-11,2026-05-12,billing,medium,closed,37.38,Reported a failed payment and requested a retry.
4765,7481-ATQQS,2026-07-01,,technical,medium,open,,Feature X is not syncing data correctly.
4766,1088-CNNKB,2026-06-01,2026-06-02,billing,high,closed,31.62,Reported a failed payment and requested a retry.
4767,1088-CNNKB,2026-05-18,,other,low,open,,Asked about cancellation policy and notice period.
4768,8642-GVWRF,2026-07-04,,technical,high,open,,Reported repeated login failures over the past week.
4769,1930-BZLHI,2026-05-22,2026-05-22,technical,medium,closed,18.79,App crashes when loading the dashboard view.
4770,1930-BZLHI,2026-04-19,2026-04-19,other,low,closed,3.85,Requested a copy of past invoices.
4771,3400-ESFUW,2026-09-05,,other,medium,open,,Provided feedback about the onboarding experience.
4772,3400-ESFUW,2026-04-16,2026-04-17,billing,medium,closed,37.64,Customer disputes a charge on their most recent invoice.
4773,3400-ESFUW,2026-03-30,2026-04-01,billing,low,closed,50.07,Requested a refund for a duplicate charge.
4774,3400-ESFUW,2026-05-01,,billing,medium,open,,Customer disputes a charge on their most recent invoice.
4775,1482-OXZSY,2026-05-07,2026-05-08,billing,medium,closed,39.64,Requested a refund for a duplicate charge.
4776,0377-JBKKT,2026-08-13,,billing,medium,open,,Customer disputes a charge on their most recent invoice.
4777,5778-BVOFB,2026-03-22,,billing,medium,open,,Reported a failed payment and requested a retry.
4778,3373-YZZYM,2026-04-20,,other,medium,open,,Provided feedback about the onboarding experience.
4779,2057-ZBLPD,2026-04-26,2026-04-28,billing,medium,closed,66.44,Reported a failed payment and requested a retry.
4780,2057-ZBLPD,2026-07-30,,other,low,open,,General question about plan upgrade options.
4781,0228-MAUWC,2026-06-01,2026-06-02,other,medium,closed,35.63,Requested a copy of past invoices.
4782,0228-MAUWC,2026-04-26,,other,medium,open,,Provided feedback about the onboarding experience.
4783,5502-RLUYV,2026-06-03,2026-06-05,billing,high,closed,71.94,Customer disputes a charge on their most recent invoice.
4784,5502-RLUYV,2026-09-02,,billing,medium,open,,Customer disputes a charge on their most recent invoice.
4785,5502-RLUYV,2026-09-01,2026-09-03,technical,medium,closed,64.84,App crashes when loading the dashboard view.
4786,5215-LNLDJ,2026-08-07,2026-08-07,technical,medium,closed,6.2,Feature X is not syncing data correctly.
4787,9039-RBEEE,2026-05-18,,technical,medium,open,,Requested help configuring an integration.
4788,9039-RBEEE,2026-09-04,2026-09-04,other,medium,closed,6.23,Provided feedback about the onboarding experience.
4789,1307-ATKGB,2026-07-08,2026-07-09,technical,low,closed,35.28,Feature X is not syncing data correctly.
4790,1307-ATKGB,2026-07-18,,technical,medium,open,,Requested help configuring an integration.
4791,8417-FMLZI,2026-06-23,2026-06-25,billing,low,closed,67.89,Reported a failed payment and requested a retry.
4792,8417-FMLZI,2026-03-28,2026-03-29,billing,low,closed,26.25,Reported a failed payment and requested a retry.
4793,8417-FMLZI,2026-06-27,,technical,medium,open,,Reported repeated login failures over the past week.
4794,8417-FMLZI,2026-08-25,2026-08-25,technical,low,closed,6.87,Feature X is not syncing data correctly.
4795,8417-FMLZI,2026-06-20,2026-06-20,billing,medium,closed,7.5,Reported a failed payment and requested a retry.
4796,8417-FMLZI,2026-05-23,,technical,medium,open,,Feature X is not syncing data correctly.
4797,3714-XPXBW,2026-06-24,2026-06-24,technical,high,closed,4.61,App crashes when loading the dashboard view.
4798,1850-AKQEP,2026-08-01,,billing,low,open,,Requested a refund for a duplicate charge.
4799,2824-DXNKN,2026-06-18,2026-06-19,technical,high,closed,45.59,Requested help configuring an integration.
4800,0848-ZGQIJ,2026-09-08,,billing,high,open,,Customer disputes a charge on their most recent invoice.
4801,3621-CHYVB,2026-05-15,2026-05-16,billing,medium,closed,45.73,Requested a refund for a duplicate charge.
4802,1792-UXAFY,2026-05-20,2026-05-21,other,low,closed,47.63,Requested a copy of past invoices.
4803,1792-UXAFY,2026-04-29,,technical,low,open,,App crashes when loading the dashboard view.
4804,1792-UXAFY,2026-06-08,2026-06-11,billing,low,closed,76.74,Reported a failed payment and requested a retry.
4805,1792-UXAFY,2026-05-25,2026-05-25,billing,low,closed,19.47,Requested a refund for a duplicate charge.
4806,1792-UXAFY,2026-09-03,2026-09-04,technical,low,closed,29.36,Feature X is not syncing data correctly.
4807,1045-LTCYT,2026-04-29,2026-04-29,technical,medium,closed,22.17,Feature X is not syncing data correctly.
4808,1544-JJMYL,2026-03-30,2026-03-31,billing,low,closed,35.29,Asked why the monthly charge increased without notice.
4809,4636-JGAAI,2026-08-07,2026-08-07,billing,high,closed,10.69,Asked why the monthly charge increased without notice.
4810,5951-AOFIH,2026-05-18,,technical,medium,open,,Requested help configuring an integration.
4811,5951-AOFIH,2026-05-24,2026-05-24,technical,medium,closed,1.1,Feature X is not syncing data correctly.
4812,4729-XKASR,2026-04-28,2026-04-29,other,low,closed,37.06,General question about plan upgrade options.
4813,4729-XKASR,2026-08-30,2026-09-02,billing,medium,closed,72.88,Asked why the monthly charge increased without notice.
4814,4729-XKASR,2026-06-01,2026-06-01,other,high,closed,22.34,Asked about cancellation policy and notice period.
4815,3059-NGMXB,2026-05-16,2026-05-17,technical,low,closed,39.11,App crashes when loading the dashboard view.
4816,8652-YHIYU,2026-08-29,2026-08-29,billing,high,closed,2.44,Asked why the monthly charge increased without notice.
4817,5061-PBXFW,2026-05-05,2026-05-06,technical,low,closed,43.35,Reported repeated login failures over the past week.
4818,5061-PBXFW,2026-09-14,2026-09-14,billing,low,closed,10.7,Requested a refund for a duplicate charge.
4819,5061-PBXFW,2026-04-01,2026-04-01,billing,medium,closed,14.69,Customer disputes a charge on their most recent invoice.
4820,5061-PBXFW,2026-08-07,2026-08-07,billing,medium,closed,12.34,Customer disputes a charge on their most recent invoice.
4821,8630-FJLIB,2026-07-19,2026-07-19,technical,low,closed,10.3,App crashes when loading the dashboard view.
4822,3891-NLXJB,2026-08-14,2026-08-14,other,medium,closed,21.36,Provided feedback about the onboarding experience.
4823,3891-NLXJB,2026-05-18,2026-05-18,billing,medium,closed,7.46,Reported a failed payment and requested a retry.
4824,3891-NLXJB,2026-08-13,2026-08-13,billing,medium,closed,17.37,Customer disputes a charge on their most recent invoice.
4825,0577-WHMEV,2026-08-25,2026-08-26,technical,medium,closed,28.38,Feature X is not syncing data correctly.
4826,3716-LRGXK,2026-07-17,2026-07-18,technical,low,closed,33.72,Requested help configuring an integration.
4827,3397-AVTKU,2026-05-01,,billing,high,open,,Asked why the monthly charge increased without notice.
4828,3397-AVTKU,2026-07-16,2026-07-16,billing,medium,closed,3.07,Reported a failed payment and requested a retry.
4829,3397-AVTKU,2026-05-04,2026-05-04,billing,high,closed,13.88,Reported a failed payment and requested a retry.
4830,4825-FUREZ,2026-06-06,2026-06-06,billing,medium,closed,8.13,Asked why the monthly charge increased without notice.
4831,4825-FUREZ,2026-04-06,2026-04-06,billing,high,closed,11.44,Asked why the monthly charge increased without notice.
4832,4825-FUREZ,2026-05-27,2026-05-27,technical,high,closed,21.27,Reported repeated login failures over the past week.
4833,4825-FUREZ,2026-08-28,2026-08-29,technical,low,closed,28.25,App crashes when loading the dashboard view.
4834,9837-BMCLM,2026-05-29,,technical,medium,open,,Feature X is not syncing data correctly.
4835,9837-BMCLM,2026-05-13,,billing,high,open,,Customer disputes a charge on their most recent invoice.
4836,9837-BMCLM,2026-05-19,2026-05-20,technical,high,closed,36.96,App crashes when loading the dashboard view.
4837,9837-BMCLM,2026-07-15,,technical,high,open,,Reported repeated login failures over the past week.
4838,9837-BMCLM,2026-08-06,,technical,medium,open,,Reported repeated login failures over the past week.
4839,9837-BMCLM,2026-04-27,2026-04-27,billing,high,closed,12.91,Asked why the monthly charge increased without notice.
4840,2672-OJQZP,2026-06-19,2026-06-20,other,low,closed,29.94,Asked about cancellation policy and notice period.
4841,2672-OJQZP,2026-07-03,2026-07-04,technical,medium,closed,26.58,Feature X is not syncing data correctly.
4842,0137-UDEUO,2026-07-23,,technical,medium,open,,Requested help configuring an integration.
4843,0137-UDEUO,2026-05-08,2026-05-10,billing,high,closed,63.65,Requested a refund for a duplicate charge.
4844,0137-UDEUO,2026-09-03,2026-09-03,billing,high,closed,15.74,Requested a refund for a duplicate charge.
4845,0137-UDEUO,2026-07-30,,technical,low,open,,Feature X is not syncing data correctly.
4846,6161-UUUTA,2026-06-19,2026-06-20,billing,medium,closed,27.79,Asked why the monthly charge increased without notice.
4847,6161-UUUTA,2026-04-14,,other,medium,open,,Provided feedback about the onboarding experience.
4848,6161-UUUTA,2026-07-23,2026-07-24,billing,medium,closed,43.13,Requested a refund for a duplicate charge.
4849,6161-UUUTA,2026-08-11,2026-08-11,other,low,closed,1.15,General question about plan upgrade options.
4850,6543-XRMYR,2026-06-08,2026-06-09,billing,low,closed,44.57,Requested a refund for a duplicate charge.
4851,8410-BGQXN,2026-05-03,2026-05-04,other,low,closed,40.2,Requested a copy of past invoices.
4852,8280-MQRQN,2026-05-09,,technical,high,open,,Requested help configuring an integration.
4853,7611-YKYTC,2026-09-06,2026-09-06,technical,low,closed,3.05,App crashes when loading the dashboard view.
4854,2037-SGXHH,2026-03-30,2026-03-31,other,low,closed,46.79,Requested a copy of past invoices.
4855,2037-SGXHH,2026-07-28,,billing,medium,open,,Customer disputes a charge on their most recent invoice.
4856,3178-FESZO,2026-05-13,2026-05-13,other,medium,closed,5.83,General question about plan upgrade options.
4857,0365-GXEZS,2026-08-21,2026-08-22,other,medium,closed,26.94,Asked about cancellation policy and notice period.
4858,0082-OQIQY,2026-04-08,2026-04-08,technical,high,closed,18.21,Requested help configuring an integration.
4859,0082-OQIQY,2026-06-09,2026-06-10,other,medium,closed,24.23,General question about plan upgrade options.
4860,6087-MVHJH,2026-06-21,,billing,medium,open,,Reported a failed payment and requested a retry.
4861,6087-MVHJH,2026-07-28,2026-07-30,technical,medium,closed,65.82,Requested help configuring an integration.
4862,6087-MVHJH,2026-07-25,2026-07-26,billing,medium,closed,38.51,Reported a failed payment and requested a retry.
4863,6087-MVHJH,2026-08-14,2026-08-17,technical,medium,closed,83.47,App crashes when loading the dashboard view.
4864,3018-TFTSU,2026-07-26,,technical,high,open,,App crashes when loading the dashboard view.
4865,3606-SBKRY,2026-07-18,2026-07-18,other,high,closed,18.74,Provided feedback about the onboarding experience.
4866,4806-KEXQR,2026-04-15,,technical,medium,open,,Feature X is not syncing data correctly.
4867,0667-NSRGI,2026-06-21,,billing,low,open,,Reported a failed payment and requested a retry.
4868,0667-NSRGI,2026-05-20,,other,medium,open,,Requested a copy of past invoices.
4869,8242-JSVBO,2026-04-14,2026-04-15,technical,medium,closed,42.47,App crashes when loading the dashboard view.
4870,2665-NPTGL,2026-07-04,,technical,medium,open,,Requested help configuring an integration.
4871,4693-VWVBO,2026-09-11,,billing,low,open,,Customer disputes a charge on their most recent invoice.
4872,7434-SHXLS,2026-08-15,2026-08-15,technical,high,closed,20.37,Requested help configuring an integration.
4873,6937-GCDGQ,2026-09-15,2026-09-15,billing,low,closed,17.7,Requested a refund for a duplicate charge.
4874,0988-JRWWP,2026-06-21,,other,medium,open,,Asked about cancellation policy and notice period.
4875,7908-QCBCA,2026-08-02,2026-08-05,billing,high,closed,79.77,Asked why the monthly charge increased without notice.
4876,8644-XYTSV,2026-05-31,2026-05-31,billing,low,closed,7.4,Customer disputes a charge on their most recent invoice.
4877,6711-FLDFB,2026-03-30,2026-03-31,billing,low,closed,43.88,Customer disputes a charge on their most recent invoice.
4878,3873-WOSBC,2026-07-17,2026-07-17,technical,high,closed,5.62,Feature X is not syncing data correctly.
4879,7465-ZZRVX,2026-09-10,,billing,medium,open,,Asked why the monthly charge increased without notice.
4880,7251-XFOIL,2026-05-26,2026-05-27,billing,medium,closed,36.74,Customer disputes a charge on their most recent invoice.
4881,3714-JTVOV,2026-08-16,2026-08-18,billing,low,closed,63.86,Reported a failed payment and requested a retry.
4882,3714-JTVOV,2026-07-24,,other,high,open,,Asked about cancellation policy and notice period.
4883,3714-JTVOV,2026-06-03,2026-06-05,billing,high,closed,65.11,Customer disputes a charge on their most recent invoice.
4884,8259-DZLIZ,2026-05-05,,technical,medium,open,,Requested help configuring an integration.
4885,7853-WNZSY,2026-07-02,2026-07-02,technical,high,closed,3.62,Feature X is not syncing data correctly.
4886,3120-FAZKD,2026-06-21,2026-06-21,technical,high,closed,10.65,Reported repeated login failures over the past week.
4887,8606-OEGQZ,2026-05-02,2026-05-02,technical,high,closed,22.27,Feature X is not syncing data correctly.
4888,0225-ZORZP,2026-04-14,2026-04-15,technical,low,closed,31.69,App crashes when loading the dashboard view.
4889,0225-ZORZP,2026-03-30,2026-03-31,billing,low,closed,28.76,Customer disputes a charge on their most recent invoice.
4890,4702-IOQDC,2026-04-30,2026-04-30,technical,high,closed,13.18,App crashes when loading the dashboard view.
4891,4702-IOQDC,2026-08-02,,other,medium,open,,Requested a copy of past invoices.
4892,0967-BMLBD,2026-05-19,,technical,high,open,,App crashes when loading the dashboard view.
4893,0967-BMLBD,2026-05-18,,technical,medium,open,,Requested help configuring an integration.
4894,5006-MXVRN,2026-05-21,2026-05-21,billing,low,closed,17.31,Asked why the monthly charge increased without notice.
4895,5006-MXVRN,2026-05-04,,other,medium,open,,Asked about cancellation policy and notice period.
4896,1264-BYWMS,2026-08-20,2026-08-20,other,medium,closed,23.69,Requested a copy of past invoices.
4897,9658-WYUFB,2026-04-23,2026-04-23,technical,medium,closed,5.7,Feature X is not syncing data correctly.
4898,8327-WKMIE,2026-07-09,2026-07-10,other,low,closed,47.35,Requested a copy of past invoices.
4899,8327-WKMIE,2026-07-07,2026-07-07,billing,low,closed,2.65,Customer disputes a charge on their most recent invoice.
4900,7797-EJMDP,2026-07-17,2026-07-17,billing,high,closed,8.51,Customer disputes a charge on their most recent invoice.
4901,7797-EJMDP,2026-05-04,2026-05-05,technical,high,closed,29.64,Requested help configuring an integration.
4902,2013-SGDXK,2026-03-26,2026-03-26,billing,low,closed,17.77,Customer disputes a charge on their most recent invoice.
4903,6368-NWMCE,2026-04-19,2026-04-19,technical,low,closed,18.93,Requested help configuring an integration.
4904,3633-CDBUW,2026-05-27,2026-05-28,other,low,closed,26.31,Asked about cancellation policy and notice period.
4905,8580-QVLOC,2026-04-03,2026-04-03,technical,high,closed,21.37,Reported repeated login failures over the past week.
4906,3956-MGXOG,2026-03-22,2026-03-22,other,medium,closed,17.57,Asked about cancellation policy and notice period.
4907,9274-UARKJ,2026-09-09,,other,low,open,,Requested a copy of past invoices.
4908,4077-HWUYD,2026-05-29,2026-05-30,technical,medium,closed,31.47,Feature X is not syncing data correctly.
4909,4077-HWUYD,2026-07-04,,other,medium,open,,Asked about cancellation policy and notice period.
4910,8808-ELEHO,2026-08-22,,billing,low,open,,Reported a failed payment and requested a retry.
4911,8808-ELEHO,2026-03-26,2026-03-27,billing,medium,closed,37.34,Reported a failed payment and requested a retry.
4912,9518-XXBXE,2026-05-12,2026-05-12,technical,medium,closed,16.32,Requested help configuring an integration.
4913,3934-HXCFZ,2026-06-13,2026-06-13,billing,low,closed,1.21,Asked why the monthly charge increased without notice.
4914,6578-KRMAW,2026-07-22,2026-07-23,other,high,closed,28.21,Requested a copy of past invoices.
4915,4860-IJUDE,2026-05-12,2026-05-13,technical,medium,closed,26.73,Requested help configuring an integration.
4916,0423-UDIJQ,2026-04-01,,other,low,open,,Requested a copy of past invoices.
4917,0423-UDIJQ,2026-05-16,2026-05-17,other,medium,closed,27.55,Requested a copy of past invoices.
4918,1945-XISKS,2026-08-12,2026-08-13,billing,low,closed,38.23,Customer disputes a charge on their most recent invoice.
4919,1945-XISKS,2026-03-21,2026-03-21,other,medium,closed,1.02,Requested a copy of past invoices.
4920,4910-AQFFX,2026-06-21,,billing,low,open,,Requested a refund for a duplicate charge.
4921,2154-KVJFF,2026-06-08,,technical,medium,open,,App crashes when loading the dashboard view.
4922,2154-KVJFF,2026-07-13,2026-07-15,billing,high,closed,67.8,Customer disputes a charge on their most recent invoice.
4923,3428-XZMAZ,2026-04-12,,technical,medium,open,,Feature X is not syncing data correctly.
4924,1100-DDVRV,2026-08-05,2026-08-05,billing,low,closed,7.4,Customer disputes a charge on their most recent invoice.
4925,0378-TOVMS,2026-08-02,,billing,medium,open,,Reported a failed payment and requested a retry.
4926,0378-TOVMS,2026-08-27,2026-08-27,billing,low,closed,5.03,Reported a failed payment and requested a retry.
4927,0378-TOVMS,2026-04-04,2026-04-04,technical,medium,closed,16.16,Feature X is not syncing data correctly.
4928,9058-CBREO,2026-08-18,2026-08-18,billing,medium,closed,1.37,Requested a refund for a duplicate charge.
4929,9029-FEGVJ,2026-08-29,2026-08-30,billing,medium,closed,35.5,Requested a refund for a duplicate charge.
4930,9029-FEGVJ,2026-07-06,2026-07-07,other,low,closed,26.61,Asked about cancellation policy and notice period.
4931,7216-KAOID,2026-05-24,2026-05-25,technical,medium,closed,34.84,Feature X is not syncing data correctly.
4932,7216-KAOID,2026-07-07,,technical,medium,open,,App crashes when loading the dashboard view.
4933,7216-KAOID,2026-06-20,,other,medium,open,,Asked about cancellation policy and notice period.
4934,0318-QUUOB,2026-04-29,,billing,medium,open,,Asked why the monthly charge increased without notice.
4935,0318-QUUOB,2026-08-26,2026-08-26,billing,low,closed,18.74,Asked why the monthly charge increased without notice.
4936,0318-QUUOB,2026-04-07,2026-04-07,billing,low,closed,4.43,Requested a refund for a duplicate charge.
4937,0318-QUUOB,2026-05-06,2026-05-06,other,medium,closed,15.72,Asked about cancellation policy and notice period.
4938,0318-QUUOB,2026-08-28,,other,medium,open,,Requested a copy of past invoices.
4939,6145-NNPNO,2026-05-25,2026-05-26,billing,low,closed,27.91,Customer disputes a charge on their most recent invoice.
4940,5520-FVEWJ,2026-08-28,,other,medium,open,,Provided feedback about the onboarding experience.
4941,4625-XMOYM,2026-05-15,2026-05-15,other,medium,closed,19.82,Requested a copy of past invoices.
4942,4625-XMOYM,2026-06-16,2026-06-16,technical,medium,closed,10.63,Reported repeated login failures over the past week.
4943,5827-MWCZK,2026-04-24,2026-04-24,technical,low,closed,16.05,Requested help configuring an integration.
4944,5914-XRFQB,2026-07-01,2026-07-02,technical,high,closed,33.1,Feature X is not syncing data correctly.
4945,5914-XRFQB,2026-05-28,,billing,medium,open,,Reported a failed payment and requested a retry.
4946,4329-YPDDQ,2026-06-07,2026-06-07,technical,low,closed,13.71,Reported repeated login failures over the past week.
4947,3750-CKVKH,2026-08-09,,other,high,open,,Requested a copy of past invoices.
4948,3750-CKVKH,2026-09-08,,billing,low,open,,Requested a refund for a duplicate charge.
4949,7787-BNTZM,2026-09-07,,technical,high,open,,App crashes when loading the dashboard view.
4950,7787-BNTZM,2026-04-08,2026-04-09,billing,low,closed,44.78,Customer disputes a charge on their most recent invoice.
4951,2252-ISRNH,2026-06-08,2026-06-09,billing,medium,closed,41.61,Reported a failed payment and requested a retry.
4952,2252-ISRNH,2026-05-25,2026-05-25,other,high,closed,9.51,Requested a copy of past invoices.
4953,5322-TEUJK,2026-05-31,,technical,high,open,,Feature X is not syncing data correctly.
4954,4547-KQRTM,2026-03-30,2026-03-31,technical,medium,closed,25.01,Reported repeated login failures over the past week.
4955,4547-KQRTM,2026-03-30,2026-03-31,technical,low,closed,26.04,Feature X is not syncing data correctly.
4956,4877-EVATK,2026-03-25,2026-03-27,billing,low,closed,50.41,Reported a failed payment and requested a retry.
4957,4877-EVATK,2026-08-15,2026-08-18,other,medium,closed,83.13,General question about plan upgrade options.
4958,4877-EVATK,2026-06-25,,technical,medium,open,,Feature X is not syncing data correctly.
4959,8375-KVTHK,2026-03-23,2026-03-23,technical,low,closed,22.88,Requested help configuring an integration.
4960,8375-KVTHK,2026-06-08,2026-06-08,technical,medium,closed,14.84,Feature X is not syncing data correctly.
4961,2697-NQBPF,2026-05-20,2026-05-20,other,medium,closed,6.45,Provided feedback about the onboarding experience.
4962,7639-SUPCW,2026-08-03,2026-08-04,technical,high,closed,28.39,App crashes when loading the dashboard view.
4963,0599-XNYDO,2026-05-11,,technical,medium,open,,App crashes when loading the dashboard view.
4964,0599-XNYDO,2026-07-19,2026-07-20,technical,high,closed,29.23,App crashes when loading the dashboard view.
4965,6377-WHAOX,2026-08-13,2026-08-13,technical,low,closed,21.82,Requested help configuring an integration.
4966,6377-WHAOX,2026-03-31,2026-04-01,technical,medium,closed,26.34,Reported repeated login failures over the past week.
4967,8999-XXGNS,2026-05-09,2026-05-10,technical,medium,closed,27.71,Feature X is not syncing data correctly.
4968,8746-OQQRW,2026-08-26,2026-08-27,other,high,closed,43.11,Provided feedback about the onboarding experience.
4969,3181-MIZBN,2026-06-14,,billing,high,open,,Customer disputes a charge on their most recent invoice.
4970,3181-MIZBN,2026-08-23,2026-08-24,billing,low,closed,30.99,Customer disputes a charge on their most recent invoice.
4971,3181-MIZBN,2026-05-21,2026-05-22,technical,medium,closed,42.83,Reported repeated login failures over the past week.
4972,0471-ARVMX,2026-07-09,,technical,medium,open,,App crashes when loading the dashboard view.
4973,0471-ARVMX,2026-09-05,2026-09-05,other,medium,closed,17.18,Asked about cancellation policy and notice period.
4974,7766-CLTIC,2026-04-24,2026-04-25,technical,medium,closed,44.73,App crashes when loading the dashboard view.
4975,7766-CLTIC,2026-09-14,2026-09-15,technical,medium,closed,28.05,Reported repeated login failures over the past week.
4976,0825-CPPQH,2026-04-03,2026-04-04,billing,medium,closed,43.25,Reported a failed payment and requested a retry.
4977,0825-CPPQH,2026-09-10,,other,low,open,,Asked about cancellation policy and notice period.
4978,9084-OAYKL,2026-05-29,2026-05-30,technical,low,closed,31.74,App crashes when loading the dashboard view.
4979,9084-OAYKL,2026-05-23,2026-05-23,technical,high,closed,11.37,Reported repeated login failures over the past week.
4980,9084-OAYKL,2026-09-01,2026-09-01,technical,high,closed,10.9,Reported repeated login failures over the past week.
4981,6122-LJADA,2026-04-26,2026-04-27,other,medium,closed,39.88,Requested a copy of past invoices.
4982,2400-XIWIO,2026-04-27,2026-04-27,other,medium,closed,15.93,Asked about cancellation policy and notice period.
4983,2400-XIWIO,2026-07-08,,other,low,open,,Asked about cancellation policy and notice period.
4984,7524-VRLPL,2026-07-27,2026-07-28,technical,medium,closed,29.64,Feature X is not syncing data correctly.
4985,7524-VRLPL,2026-06-28,2026-06-28,billing,high,closed,22.39,Asked why the monthly charge increased without notice.
4986,1069-XAIEM,2026-09-03,2026-09-03,technical,medium,closed,13.8,Feature X is not syncing data correctly.
4987,1069-XAIEM,2026-04-30,,billing,medium,open,,Asked why the monthly charge increased without notice.
4988,1069-XAIEM,2026-03-22,,billing,high,open,,Requested a refund for a duplicate charge.
4989,7569-NMZYQ,2026-05-09,,billing,medium,open,,Requested a refund for a duplicate charge.
4990,5201-USSQZ,2026-05-08,2026-05-09,other,high,closed,25.34,Provided feedback about the onboarding experience.
4991,2105-PHWON,2026-05-27,2026-05-28,other,medium,closed,39.05,General question about plan upgrade options.
4992,2105-PHWON,2026-07-26,2026-07-27,billing,low,closed,42.2,Customer disputes a charge on their most recent invoice.
4993,8003-EWNDZ,2026-04-14,2026-04-14,technical,medium,closed,4.8,Reported repeated login failures over the past week.
4994,1897-RCFUM,2026-05-08,2026-05-08,billing,low,closed,5.31,Customer disputes a charge on their most recent invoice.
4995,4658-HCOHW,2026-07-23,,technical,low,open,,Reported repeated login failures over the past week.
4996,4658-HCOHW,2026-04-03,,billing,medium,open,,Asked why the monthly charge increased without notice.
4997,4658-HCOHW,2026-06-19,2026-06-20,billing,low,closed,32.81,Reported a failed payment and requested a retry.
4998,4658-HCOHW,2026-04-03,,billing,high,open,,Asked why the monthly charge increased without notice.
4999,4658-HCOHW,2026-09-10,,billing,low,open,,Reported a failed payment and requested a retry.
5000,3440-JPSCL,2026-07-23,2026-07-26,other,low,closed,81.84,General question about plan upgrade options.
5001,1834-ABKHQ,2026-08-14,2026-08-15,technical,high,closed,36.1,App crashes when loading the dashboard view.
5002,1741-WTPON,2026-05-05,2026-05-06,other,low,closed,39.8,Requested a copy of past invoices.
5003,1240-HCBOH,2026-07-26,2026-07-27,billing,low,closed,27.37,Asked why the monthly charge increased without notice.
5004,1240-HCBOH,2026-08-05,,other,medium,open,,Provided feedback about the onboarding experience.
5005,8065-BVEPF,2026-09-08,2026-09-08,billing,high,closed,3.68,Asked why the monthly charge increased without notice.
5006,8065-BVEPF,2026-05-30,2026-05-31,technical,medium,closed,46.77,Reported repeated login failures over the past week.
5007,1734-ZMNTZ,2026-04-07,2026-04-07,other,medium,closed,23.37,Provided feedback about the onboarding experience.
5008,2853-CWQFQ,2026-07-15,2026-07-15,billing,low,closed,10.02,Customer disputes a charge on their most recent invoice.
5009,0813-TAXXS,2026-08-16,2026-08-17,other,low,closed,36.65,Requested a copy of past invoices.
5010,2519-TWKFS,2026-08-31,,billing,medium,open,,Reported a failed payment and requested a retry.
5011,2889-FPWRM,2026-07-27,2026-07-29,billing,medium,closed,57.49,Asked why the monthly charge increased without notice.
5012,2889-FPWRM,2026-07-20,,technical,low,open,,Reported repeated login failures over the past week.
5013,2889-FPWRM,2026-07-04,2026-07-04,billing,low,closed,18.69,Reported a failed payment and requested a retry.
5014,0626-QXNGV,2026-04-08,,other,high,open,,Requested a copy of past invoices.
5015,0626-QXNGV,2026-05-15,2026-05-16,other,medium,closed,32.68,Asked about cancellation policy and notice period.
5016,0626-QXNGV,2026-06-23,2026-06-24,other,low,closed,32.89,Requested a copy of past invoices.
5017,4732-RRJZC,2026-06-12,,billing,medium,open,,Asked why the monthly charge increased without notice.
5018,9499-XPZXM,2026-04-20,2026-04-20,other,low,closed,11.86,General question about plan upgrade options.
5019,4338-EYCER,2026-08-27,2026-08-28,technical,medium,closed,34.32,Feature X is not syncing data correctly.
5020,3007-FDPEA,2026-04-20,2026-04-21,other,medium,closed,36.34,General question about plan upgrade options.
5021,3007-FDPEA,2026-09-09,2026-09-09,billing,medium,closed,23.34,Requested a refund for a duplicate charge.
5022,6350-XFYGW,2026-08-10,2026-08-10,other,low,closed,21.89,Provided feedback about the onboarding experience.
5023,4290-BSXUX,2026-06-11,2026-06-12,other,high,closed,41.14,Asked about cancellation policy and notice period.
5024,4290-BSXUX,2026-07-16,,billing,medium,open,,Customer disputes a charge on their most recent invoice.
5025,4290-BSXUX,2026-08-24,2026-08-24,billing,high,closed,19.82,Customer disputes a charge on their most recent invoice.
5026,4290-BSXUX,2026-05-23,2026-05-24,technical,low,closed,43.36,Feature X is not syncing data correctly.
5027,8513-OLYGY,2026-07-13,,technical,low,open,,Reported repeated login failures over the past week.
5028,8513-OLYGY,2026-04-17,2026-04-18,technical,medium,closed,31.84,App crashes when loading the dashboard view.
5029,0311-QYWSS,2026-08-28,2026-08-29,billing,high,closed,45.18,Asked why the monthly charge increased without notice.
5030,0311-QYWSS,2026-08-29,2026-08-30,other,low,closed,45.07,Asked about cancellation policy and notice period.
5031,8705-DWKTI,2026-08-04,,technical,high,open,,Requested help configuring an integration.
5032,0325-XBFAC,2026-05-09,,other,medium,open,,Asked about cancellation policy and notice period.
5033,0325-XBFAC,2026-04-03,,technical,medium,open,,Feature X is not syncing data correctly.
5034,4480-QQRHC,2026-06-23,2026-06-24,billing,medium,closed,25.13,Requested a refund for a duplicate charge.
5035,0929-PECLO,2026-06-13,2026-06-14,other,medium,closed,45.9,Asked about cancellation policy and notice period.
5036,0929-PECLO,2026-08-16,,technical,low,open,,Feature X is not syncing data correctly.
5037,3680-CTHUH,2026-07-13,,technical,high,open,,App crashes when loading the dashboard view.
5038,3680-CTHUH,2026-07-23,2026-07-23,technical,medium,closed,14.78,Requested help configuring an integration.
5039,1202-KKGFU,2026-06-09,,billing,high,open,,Customer disputes a charge on their most recent invoice.
5040,6112-KTHFQ,2026-05-31,2026-06-01,billing,medium,closed,29.24,Reported a failed payment and requested a retry.
5041,6112-KTHFQ,2026-04-26,2026-04-27,other,low,closed,44.59,Provided feedback about the onboarding experience.
5042,1852-XEMDW,2026-07-30,2026-07-30,technical,medium,closed,2.15,Feature X is not syncing data correctly.
5043,1820-DJFPH,2026-09-06,2026-09-07,billing,low,closed,37.66,Asked why the monthly charge increased without notice.
5044,1820-DJFPH,2026-05-22,2026-05-22,other,low,closed,2.92,Requested a copy of past invoices.
5045,1269-FOYWN,2026-08-17,2026-08-18,billing,medium,closed,39.98,Customer disputes a charge on their most recent invoice.
5046,9470-YFUYI,2026-05-07,2026-05-07,billing,medium,closed,4.75,Requested a refund for a duplicate charge.
5047,7817-BOQPW,2026-09-05,,technical,medium,open,,App crashes when loading the dashboard view.
5048,1853-UDXBW,2026-04-22,2026-04-25,technical,medium,closed,77.96,Feature X is not syncing data correctly.
5049,9895-VFOXH,2026-03-30,2026-03-30,billing,medium,closed,9.72,Requested a refund for a duplicate charge.
5050,5458-CQJTA,2026-06-17,,billing,low,open,,Requested a refund for a duplicate charge.
5051,5458-CQJTA,2026-07-25,2026-07-26,other,medium,closed,27.83,Provided feedback about the onboarding experience.
5052,5458-CQJTA,2026-08-15,2026-08-16,billing,medium,closed,44.66,Reported a failed payment and requested a retry.
5053,5458-CQJTA,2026-04-22,,other,medium,open,,Provided feedback about the onboarding experience.
5054,1230-QAJDW,2026-09-14,2026-09-14,other,medium,closed,19.79,General question about plan upgrade options.
5055,5219-YIPTK,2026-08-28,2026-08-29,technical,high,closed,33.9,App crashes when loading the dashboard view.
5056,9717-QEBGU,2026-07-06,,other,medium,open,,Asked about cancellation policy and notice period.
5057,5172-RKOCB,2026-08-14,2026-08-15,technical,medium,closed,35.63,Requested help configuring an integration.
5058,3178-CIFOT,2026-08-08,2026-08-09,technical,high,closed,39.9,Reported repeated login failures over the past week.
5059,3178-CIFOT,2026-04-17,,billing,medium,open,,Reported a failed payment and requested a retry.
5060,2091-MJTFX,2026-05-06,2026-05-06,technical,medium,closed,17.87,Reported repeated login failures over the past week.
5061,2091-MJTFX,2026-07-26,2026-07-28,billing,high,closed,65.73,Requested a refund for a duplicate charge.
5062,2091-MJTFX,2026-03-28,2026-03-31,billing,medium,closed,78.95,Requested a refund for a duplicate charge.
5063,4530-NDRKU,2026-07-27,,other,high,open,,Requested a copy of past invoices.
5064,4530-NDRKU,2026-04-23,2026-04-24,technical,medium,closed,32.71,App crashes when loading the dashboard view.
5065,4530-NDRKU,2026-07-04,2026-07-05,technical,low,closed,40.98,App crashes when loading the dashboard view.
5066,5985-TBABQ,2026-08-12,2026-08-12,other,low,closed,16.66,Asked about cancellation policy and notice period.
5067,6616-AALSR,2026-04-20,2026-04-21,technical,high,closed,30.57,Requested help configuring an integration.
5068,0883-EIBTI,2026-08-06,2026-08-09,other,high,closed,74.55,Provided feedback about the onboarding experience.
5069,0883-EIBTI,2026-07-05,,technical,medium,open,,Requested help configuring an integration.
5070,0883-EIBTI,2026-09-03,,billing,low,open,,Reported a failed payment and requested a retry.
5071,0722-TROQR,2026-05-14,2026-05-14,other,low,closed,18.4,Asked about cancellation policy and notice period.
5072,0722-TROQR,2026-09-06,2026-09-06,billing,low,closed,5.01,Customer disputes a charge on their most recent invoice.
5073,7571-YXDAD,2026-08-10,,billing,medium,open,,Requested a refund for a duplicate charge.
5074,3884-UEBXB,2026-08-24,,other,high,open,,Asked about cancellation policy and notice period.
5075,3884-UEBXB,2026-05-22,2026-05-22,other,medium,closed,21.12,Provided feedback about the onboarding experience.
5076,3884-UEBXB,2026-06-05,2026-06-06,technical,medium,closed,46.46,Reported repeated login failures over the past week.
5077,3884-UEBXB,2026-04-16,2026-04-17,technical,medium,closed,28.52,Feature X is not syncing data correctly.
5078,3884-UEBXB,2026-05-27,2026-05-27,billing,medium,closed,9.32,Customer disputes a charge on their most recent invoice.
5079,8780-RSYYU,2026-08-10,2026-08-10,other,low,closed,2.05,Asked about cancellation policy and notice period.
5080,5537-UXXVS,2026-04-21,,other,low,open,,Requested a copy of past invoices.
5081,5537-UXXVS,2026-03-25,,other,low,open,,Requested a copy of past invoices.
5082,5537-UXXVS,2026-07-19,2026-07-20,billing,high,closed,36.42,Reported a failed payment and requested a retry.
5083,5537-UXXVS,2026-05-22,2026-05-23,billing,medium,closed,26.26,Reported a failed payment and requested a retry.
5084,1791-PQHBB,2026-08-23,2026-08-23,technical,medium,closed,12.5,Requested help configuring an integration.
5085,8701-DGLVH,2026-05-08,2026-05-09,technical,low,closed,31.51,App crashes when loading the dashboard view.
5086,3393-FMZPV,2026-05-28,,other,medium,open,,Requested a copy of past invoices.
5087,3393-FMZPV,2026-08-20,2026-08-22,technical,medium,closed,60.87,Requested help configuring an integration.
5088,6402-ZFPPI,2026-08-27,2026-08-30,billing,medium,closed,83.21,Customer disputes a charge on their most recent invoice.
5089,6402-ZFPPI,2026-03-26,,billing,low,open,,Requested a refund for a duplicate charge.
5090,6402-ZFPPI,2026-08-18,2026-08-20,billing,medium,closed,55.36,Customer disputes a charge on their most recent invoice.
5091,6402-ZFPPI,2026-04-28,2026-05-01,billing,low,closed,72.81,Reported a failed payment and requested a retry.
5092,0980-FEXWF,2026-06-05,,technical,medium,open,,Feature X is not syncing data correctly.
5093,8443-WVPSS,2026-05-17,,billing,medium,open,,Customer disputes a charge on their most recent invoice.
5094,8443-WVPSS,2026-05-18,,other,medium,open,,Asked about cancellation policy and notice period.
5095,8443-WVPSS,2026-06-02,,billing,high,open,,Customer disputes a charge on their most recent invoice.
5096,8443-WVPSS,2026-05-11,,technical,medium,open,,Reported repeated login failures over the past week.
5097,8443-WVPSS,2026-07-10,2026-07-11,billing,low,closed,38.13,Requested a refund for a duplicate charge.
5098,3006-XIMLN,2026-04-12,2026-04-13,billing,low,closed,40.33,Customer disputes a charge on their most recent invoice.
5099,3006-XIMLN,2026-05-28,2026-05-31,billing,low,closed,77.53,Reported a failed payment and requested a retry.
5100,8218-FFJDS,2026-07-02,,other,medium,open,,Requested a copy of past invoices.
5101,1986-PHGZF,2026-08-10,,billing,medium,open,,Asked why the monthly charge increased without notice.
5102,1986-PHGZF,2026-08-15,,billing,medium,open,,Asked why the monthly charge increased without notice.
5103,9965-YOKZB,2026-08-06,,other,medium,open,,Asked about cancellation policy and notice period.
5104,9965-YOKZB,2026-08-19,2026-08-21,billing,medium,closed,61.23,Asked why the monthly charge increased without notice.
5105,0504-HHAPI,2026-06-17,2026-06-17,billing,low,closed,13.39,Requested a refund for a duplicate charge.
5106,0504-HHAPI,2026-07-18,2026-07-21,billing,medium,closed,80.13,Asked why the monthly charge increased without notice.
5107,6305-YLBMM,2026-04-16,,billing,low,open,,Asked why the monthly charge increased without notice.
5108,6305-YLBMM,2026-05-15,2026-05-15,technical,medium,closed,4.75,Requested help configuring an integration.
5109,6305-YLBMM,2026-07-01,2026-07-02,technical,high,closed,26.69,Requested help configuring an integration.
5110,2988-GBIVW,2026-07-23,2026-07-24,technical,medium,closed,41.8,Reported repeated login failures over the past week.
5111,2832-SCUCO,2026-04-21,,billing,medium,open,,Reported a failed payment and requested a retry.
5112,7036-ZZKBD,2026-06-09,,other,low,open,,General question about plan upgrade options.
5113,3791-LGQCY,2026-08-07,2026-08-08,billing,low,closed,45.22,Reported a failed payment and requested a retry.
5114,0463-TXOAK,2026-07-13,2026-07-14,other,medium,closed,46.34,Provided feedback about the onboarding experience.
5115,0463-TXOAK,2026-04-25,2026-04-26,billing,high,closed,28.42,Asked why the monthly charge increased without notice.
5116,0463-TXOAK,2026-06-22,2026-06-23,technical,low,closed,37.53,Requested help configuring an integration.
5117,0594-UFTUL,2026-08-23,,technical,medium,open,,Reported repeated login failures over the past week.
5118,0594-UFTUL,2026-05-16,2026-05-16,other,medium,closed,19.92,General question about plan upgrade options.
5119,9509-MPYOD,2026-09-02,,technical,medium,open,,Reported repeated login failures over the past week.
5120,9128-CPXKI,2026-06-30,2026-06-30,other,low,closed,9.02,General question about plan upgrade options.
5121,9128-CPXKI,2026-04-02,2026-04-03,billing,medium,closed,32.25,Asked why the monthly charge increased without notice.
5122,9128-CPXKI,2026-07-04,2026-07-04,other,low,closed,13.9,General question about plan upgrade options.
5123,9128-CPXKI,2026-09-11,,other,medium,open,,General question about plan upgrade options.
5124,8166-ZZTFS,2026-03-25,2026-03-25,billing,medium,closed,11.52,Customer disputes a charge on their most recent invoice.
5125,5855-EIBDE,2026-06-13,,other,high,open,,Asked about cancellation policy and notice period.
5126,5956-YHHRX,2026-06-28,2026-06-28,technical,low,closed,4.41,App crashes when loading the dashboard view.
5127,6008-NAIXK,2026-07-27,2026-07-28,technical,high,closed,41.38,Requested help configuring an integration.
5128,2956-GGUCQ,2026-06-15,,technical,high,open,,App crashes when loading the dashboard view.
5129,2956-GGUCQ,2026-07-10,2026-07-12,billing,medium,closed,48.64,Reported a failed payment and requested a retry.
5130,2956-GGUCQ,2026-09-08,,billing,medium,open,,Requested a refund for a duplicate charge.
5131,2956-GGUCQ,2026-06-22,,billing,medium,open,,Customer disputes a charge on their most recent invoice.
5132,5760-FXFVO,2026-03-25,2026-03-26,technical,low,closed,47.51,Reported repeated login failures over the past week.
5133,6595-COKXZ,2026-09-14,,technical,medium,open,,Requested help configuring an integration.
5134,0961-ZWLVI,2026-07-19,2026-07-19,other,low,closed,19.57,Requested a copy of past invoices.
5135,5181-OABFK,2026-07-11,,technical,low,open,,Requested help configuring an integration.
5136,4007-NHVHI,2026-07-31,2026-08-01,billing,low,closed,25.55,Reported a failed payment and requested a retry.
5137,4007-NHVHI,2026-07-24,,technical,low,open,,App crashes when loading the dashboard view.
5138,7550-WIQVA,2026-09-04,2026-09-04,technical,high,closed,23.26,Feature X is not syncing data correctly.
5139,7544-ZVIKX,2026-04-04,,billing,high,open,,Requested a refund for a duplicate charge.
5140,0016-QLJIS,2026-06-11,,billing,medium,open,,Reported a failed payment and requested a retry.
5141,5176-OLSKT,2026-05-07,,billing,low,open,,Requested a refund for a duplicate charge.
5142,9356-AXGMP,2026-05-07,2026-05-08,technical,medium,closed,33.81,App crashes when loading the dashboard view.
5143,9356-AXGMP,2026-05-11,2026-05-12,billing,medium,closed,46.08,Reported a failed payment and requested a retry.
5144,9356-AXGMP,2026-06-14,,other,high,open,,Asked about cancellation policy and notice period.
5145,3556-BVQGL,2026-04-07,2026-04-08,billing,high,closed,29.43,Asked why the monthly charge increased without notice.
5146,0362-ZBZWJ,2026-04-16,2026-04-16,technical,high,closed,10.22,Feature X is not syncing data correctly.
5147,4211-MMAZN,2026-05-04,2026-05-04,billing,medium,closed,16.11,Requested a refund for a duplicate charge.
5148,4211-MMAZN,2026-06-04,2026-06-05,technical,low,closed,46.58,Reported repeated login failures over the past week.
5149,7581-EBBOU,2026-08-29,,other,medium,open,,Asked about cancellation policy and notice period.
5150,4274-OWWYO,2026-04-13,2026-04-14,billing,medium,closed,34.67,Requested a refund for a duplicate charge.
5151,1541-ETJZO,2026-04-22,,technical,high,open,,Requested help configuring an integration.
5152,1541-ETJZO,2026-07-23,2026-07-26,other,low,closed,82.95,General question about plan upgrade options.
5153,2192-CKRLV,2026-08-18,2026-08-19,technical,medium,closed,26.02,Feature X is not syncing data correctly.
5154,2192-CKRLV,2026-05-05,2026-05-05,other,low,closed,4.09,Requested a copy of past invoices.
5155,6119-SPUDB,2026-09-07,2026-09-07,billing,medium,closed,19.9,Requested a refund for a duplicate charge.
5156,6119-SPUDB,2026-04-01,2026-04-01,billing,medium,closed,10.7,Reported a failed payment and requested a retry.
5157,7813-ZGGAW,2026-04-11,2026-04-11,technical,medium,closed,9.63,Feature X is not syncing data correctly.
5158,4106-HADHQ,2026-06-13,,technical,low,open,,Feature X is not syncing data correctly.
5159,0723-FDLAY,2026-05-04,2026-05-05,other,low,closed,30.68,Asked about cancellation policy and notice period.
5160,0723-FDLAY,2026-05-13,,technical,medium,open,,Requested help configuring an integration.
5161,3050-RLLXC,2026-06-04,2026-06-05,billing,medium,closed,33.25,Reported a failed payment and requested a retry.
5162,3050-RLLXC,2026-07-07,2026-07-08,technical,medium,closed,35.59,App crashes when loading the dashboard view.
5163,3050-RLLXC,2026-08-30,2026-08-31,other,medium,closed,33.93,General question about plan upgrade options.
5164,9298-WGMRW,2026-07-15,2026-07-15,other,medium,closed,3.66,Provided feedback about the onboarding experience.
5165,2369-UAPKZ,2026-09-08,2026-09-10,billing,medium,closed,68.16,Reported a failed payment and requested a retry.
5166,2369-UAPKZ,2026-05-06,2026-05-07,billing,medium,closed,25.62,Asked why the monthly charge increased without notice.
5167,2369-UAPKZ,2026-07-24,,billing,medium,open,,Customer disputes a charge on their most recent invoice.
5168,2369-UAPKZ,2026-06-30,,other,high,open,,General question about plan upgrade options.
5169,3088-LHEFH,2026-05-28,2026-05-29,other,high,closed,32.75,General question about plan upgrade options.
5170,3088-LHEFH,2026-08-22,2026-08-23,other,low,closed,37.31,Asked about cancellation policy and notice period.
5171,8544-JNBOX,2026-04-14,,technical,low,open,,Feature X is not syncing data correctly.
5172,8544-JNBOX,2026-08-15,,billing,medium,open,,Reported a failed payment and requested a retry.
5173,3125-RAHBV,2026-04-28,2026-04-29,technical,low,closed,40.78,Requested help configuring an integration.
5174,6633-MPWBS,2026-07-17,,technical,medium,open,,Reported repeated login failures over the past week.
5175,6633-MPWBS,2026-03-29,2026-03-31,technical,high,closed,58.38,Requested help configuring an integration.
5176,6633-MPWBS,2026-06-06,2026-06-06,billing,low,closed,1.05,Asked why the monthly charge increased without notice.
5177,6633-MPWBS,2026-05-17,2026-05-17,billing,medium,closed,4.27,Customer disputes a charge on their most recent invoice.
5178,0373-AIVNJ,2026-04-13,2026-04-13,technical,low,closed,23.73,App crashes when loading the dashboard view.
5179,8785-EPNCG,2026-06-22,2026-06-22,billing,low,closed,13.95,Asked why the monthly charge increased without notice.
5180,5729-KLZAR,2026-08-03,2026-08-03,billing,medium,closed,2.54,Customer disputes a charge on their most recent invoice.
5181,5729-KLZAR,2026-08-23,,billing,low,open,,Reported a failed payment and requested a retry.
5182,2072-ZVJJX,2026-03-23,2026-03-23,technical,low,closed,18.08,Requested help configuring an integration.
5183,8849-AYPTR,2026-06-12,2026-06-13,other,medium,closed,32.08,General question about plan upgrade options.
5184,8849-AYPTR,2026-07-01,,billing,low,open,,Asked why the monthly charge increased without notice.
5185,9518-IMLHK,2026-05-05,2026-05-06,billing,high,closed,24.48,Requested a refund for a duplicate charge.
5186,9518-IMLHK,2026-04-02,2026-04-03,other,low,closed,45.75,General question about plan upgrade options.
5187,9518-IMLHK,2026-05-29,2026-05-29,other,medium,closed,19.17,General question about plan upgrade options.
5188,1582-RAFML,2026-04-21,,other,medium,open,,Asked about cancellation policy and notice period.
5189,1582-RAFML,2026-09-03,2026-09-03,billing,medium,closed,5.77,Asked why the monthly charge increased without notice.
5190,1582-RAFML,2026-06-11,,technical,low,open,,Feature X is not syncing data correctly.
5191,3646-ITDGM,2026-06-26,2026-06-27,technical,low,closed,38.98,Requested help configuring an integration.
5192,8740-CRYFY,2026-07-02,2026-07-02,billing,medium,closed,2.09,Reported a failed payment and requested a retry.
5193,8740-CRYFY,2026-07-07,,other,medium,open,,General question about plan upgrade options.
5194,8740-CRYFY,2026-03-24,2026-03-26,billing,medium,closed,50.59,Asked why the monthly charge increased without notice.
5195,3569-VLDHH,2026-08-15,2026-08-16,other,high,closed,32.2,Requested a copy of past invoices.
5196,3569-VLDHH,2026-04-12,2026-04-12,other,medium,closed,15.2,Provided feedback about the onboarding experience.
5197,8224-KDLKN,2026-05-05,2026-05-06,billing,low,closed,40.51,Asked why the monthly charge increased without notice.
5198,7594-LZNWR,2026-06-17,2026-06-18,billing,high,closed,31.6,Customer disputes a charge on their most recent invoice.
5199,4001-TSBTV,2026-07-06,2026-07-06,other,low,closed,2.91,Asked about cancellation policy and notice period.
5200,2962-XPMCQ,2026-07-09,,technical,high,open,,Reported repeated login failures over the past week.
5201,2962-XPMCQ,2026-07-29,2026-07-29,billing,medium,closed,8.81,Customer disputes a charge on their most recent invoice.
5202,2962-XPMCQ,2026-07-02,,billing,medium,open,,Requested a refund for a duplicate charge.
5203,2962-XPMCQ,2026-06-05,,billing,medium,open,,Asked why the monthly charge increased without notice.
5204,8727-XDPUD,2026-06-02,2026-06-02,technical,high,closed,22.91,Feature X is not syncing data correctly.
5205,8727-XDPUD,2026-05-02,,other,medium,open,,Provided feedback about the onboarding experience.
5206,8727-XDPUD,2026-07-01,2026-07-01,billing,medium,closed,3.35,Asked why the monthly charge increased without notice.
5207,3996-ZNWYK,2026-08-21,2026-08-22,billing,high,closed,33.09,Asked why the monthly charge increased without notice.
5208,7762-ONLJY,2026-06-28,2026-06-28,technical,low,closed,18.16,App crashes when loading the dashboard view.
5209,8627-EHGIP,2026-03-27,,billing,high,open,,Requested a refund for a duplicate charge.
5210,8627-EHGIP,2026-09-07,2026-09-07,billing,medium,closed,21.55,Reported a failed payment and requested a retry.
5211,8627-EHGIP,2026-08-02,2026-08-03,other,high,closed,42.53,Provided feedback about the onboarding experience.
5212,8627-EHGIP,2026-07-31,,technical,high,open,,Requested help configuring an integration.
5213,8627-EHGIP,2026-07-27,2026-07-27,billing,medium,closed,1.57,Asked why the monthly charge increased without notice.
5214,8627-EHGIP,2026-05-10,,billing,low,open,,Reported a failed payment and requested a retry.
5215,7402-PWYJJ,2026-07-05,2026-07-05,technical,medium,closed,17.84,Requested help configuring an integration.
5216,5480-TBGPH,2026-06-02,2026-06-03,billing,high,closed,38.18,Requested a refund for a duplicate charge.
5217,5480-TBGPH,2026-04-03,2026-04-05,technical,high,closed,57.08,Reported repeated login failures over the past week.
5218,0018-NYROU,2026-08-05,,technical,medium,open,,Requested help configuring an integration.
5219,7501-VTYLJ,2026-08-16,2026-08-17,other,low,closed,26.11,General question about plan upgrade options.
5220,7501-VTYLJ,2026-05-22,2026-05-23,technical,medium,closed,37.62,Reported repeated login failures over the past week.
5221,7501-VTYLJ,2026-04-28,2026-04-28,technical,high,closed,19.56,Feature X is not syncing data correctly.
5222,7608-RGIRO,2026-08-12,2026-08-12,technical,high,closed,12.41,Requested help configuring an integration.
5223,7608-RGIRO,2026-04-16,2026-04-16,technical,low,closed,14.12,Reported repeated login failures over the past week.
5224,5895-QSXOD,2026-05-03,2026-05-03,billing,low,closed,18.95,Customer disputes a charge on their most recent invoice.
5225,6175-IRFIT,2026-07-21,2026-07-21,other,medium,closed,21.95,General question about plan upgrade options.
5226,8854-CCVSQ,2026-08-24,2026-08-25,billing,medium,closed,47.58,Customer disputes a charge on their most recent invoice.
5227,8854-CCVSQ,2026-04-04,2026-04-04,other,medium,closed,13.5,Requested a copy of past invoices.
5228,8854-CCVSQ,2026-09-03,2026-09-03,technical,low,closed,9.13,App crashes when loading the dashboard view.
5229,6749-UTDVX,2026-08-20,2026-08-21,technical,low,closed,28.45,Reported repeated login failures over the past week.
5230,6749-UTDVX,2026-05-20,2026-05-20,technical,low,closed,2.87,Requested help configuring an integration.
5231,5542-DHSXL,2026-05-16,2026-05-16,billing,high,closed,8.76,Customer disputes a charge on their most recent invoice.
5232,9102-OXKFY,2026-09-12,2026-09-12,other,low,closed,18.95,General question about plan upgrade options.
5233,0511-JTEOY,2026-06-14,2026-06-14,other,high,closed,17.7,Provided feedback about the onboarding experience.
5234,5216-WASFJ,2026-06-08,2026-06-09,billing,medium,closed,28.4,Customer disputes a charge on their most recent invoice.
5235,5216-WASFJ,2026-08-28,2026-08-28,billing,low,closed,15.89,Customer disputes a charge on their most recent invoice.
5236,5216-WASFJ,2026-06-07,2026-06-07,other,medium,closed,3.51,Provided feedback about the onboarding experience.
5237,7808-DVWEP,2026-09-05,,other,medium,open,,General question about plan upgrade options.
5238,0366-NQSHS,2026-09-04,,technical,medium,open,,Reported repeated login failures over the past week.
5239,0366-NQSHS,2026-08-22,2026-08-23,other,medium,closed,44.4,Provided feedback about the onboarding experience.
5240,0366-NQSHS,2026-06-23,2026-06-24,technical,medium,closed,44.05,Requested help configuring an integration.
5241,6532-YLWSI,2026-09-01,2026-09-01,other,low,closed,17.11,General question about plan upgrade options.
5242,6532-YLWSI,2026-08-28,,billing,medium,open,,Customer disputes a charge on their most recent invoice.
5243,3807-BPOMJ,2026-03-22,2026-03-22,other,low,closed,4.21,Asked about cancellation policy and notice period.
5244,3892-NXAZG,2026-04-06,,other,low,open,,Provided feedback about the onboarding experience.
5245,9300-AGZNL,2026-08-22,2026-08-22,other,low,closed,12.14,Requested a copy of past invoices.
5246,5734-EJKXG,2026-07-15,2026-07-16,technical,medium,closed,32.2,Feature X is not syncing data correctly.
5247,2207-RYYRL,2026-07-10,2026-07-11,other,low,closed,31.91,Requested a copy of past invoices.
5248,8144-DGHXP,2026-06-23,2026-06-23,technical,medium,closed,11.89,Requested help configuring an integration.
5249,8144-DGHXP,2026-06-26,2026-06-27,billing,medium,closed,40.0,Reported a failed payment and requested a retry.
5250,8144-DGHXP,2026-04-13,2026-04-14,other,high,closed,35.03,Requested a copy of past invoices.
5251,5175-AOBHI,2026-04-01,,billing,high,open,,Reported a failed payment and requested a retry.
5252,5175-AOBHI,2026-08-29,,other,low,open,,General question about plan upgrade options.
5253,5174-RNGBH,2026-06-29,2026-06-29,other,high,closed,23.54,Provided feedback about the onboarding experience.
5254,7270-BDIOA,2026-06-24,2026-06-24,other,low,closed,13.78,Provided feedback about the onboarding experience.
5255,7270-BDIOA,2026-09-13,2026-09-15,billing,medium,closed,56.02,Requested a refund for a duplicate charge.
5256,7270-BDIOA,2026-07-04,2026-07-06,other,high,closed,48.26,General question about plan upgrade options.
5257,7270-BDIOA,2026-07-04,2026-07-06,billing,high,closed,48.97,Reported a failed payment and requested a retry.
5258,7270-BDIOA,2026-05-13,,technical,low,open,,Reported repeated login failures over the past week.
5259,7270-BDIOA,2026-07-04,,billing,high,open,,Customer disputes a charge on their most recent invoice.
5260,9565-JSNFM,2026-05-01,2026-05-01,billing,medium,closed,14.32,Customer disputes a charge on their most recent invoice.
5261,9565-JSNFM,2026-08-18,2026-08-21,technical,medium,closed,83.4,Requested help configuring an integration.
5262,9565-JSNFM,2026-07-28,,billing,high,open,,Asked why the monthly charge increased without notice.
5263,9565-JSNFM,2026-06-25,,billing,low,open,,Asked why the monthly charge increased without notice.
5264,8348-JLBUG,2026-05-05,2026-05-06,other,medium,closed,26.74,Provided feedback about the onboarding experience.
5265,0607-DAAHE,2026-07-28,,other,medium,open,,General question about plan upgrade options.
5266,0607-DAAHE,2026-07-11,,billing,medium,open,,Requested a refund for a duplicate charge.
5267,0607-DAAHE,2026-04-27,,billing,low,open,,Reported a failed payment and requested a retry.
5268,2664-XJZNO,2026-06-09,2026-06-09,billing,low,closed,17.51,Asked why the monthly charge increased without notice.
5269,9732-KPKBW,2026-07-11,,other,low,open,,General question about plan upgrade options.
5270,9732-KPKBW,2026-05-05,,billing,medium,open,,Customer disputes a charge on their most recent invoice.
5271,0921-OHLVP,2026-05-11,,billing,medium,open,,Reported a failed payment and requested a retry.
5272,3389-YGYAI,2026-07-01,2026-07-01,billing,high,closed,3.87,Asked why the monthly charge increased without notice.
5273,3389-YGYAI,2026-07-05,,billing,medium,open,,Requested a refund for a duplicate charge.
5274,3389-YGYAI,2026-07-12,2026-07-12,technical,low,closed,6.06,App crashes when loading the dashboard view.
5275,9560-ARGQJ,2026-04-18,,technical,low,open,,App crashes when loading the dashboard view.
5276,8350-NYMVI,2026-04-04,2026-04-04,billing,medium,closed,2.49,Customer disputes a charge on their most recent invoice.
5277,8350-NYMVI,2026-03-28,2026-03-28,technical,low,closed,1.76,App crashes when loading the dashboard view.
5278,1600-DILPE,2026-05-15,,other,low,open,,Asked about cancellation policy and notice period.
5279,0536-ESJEP,2026-08-09,2026-08-10,technical,low,closed,42.86,Requested help configuring an integration.
5280,4654-GGUII,2026-06-14,2026-06-14,technical,medium,closed,12.2,Reported repeated login failures over the past week.
5281,6478-HRRCZ,2026-03-29,,other,low,open,,Requested a copy of past invoices.
5282,6478-HRRCZ,2026-06-17,2026-06-17,technical,medium,closed,12.27,Feature X is not syncing data correctly.
5283,8510-BBWMU,2026-04-21,2026-04-22,billing,high,closed,38.13,Reported a failed payment and requested a retry.
5284,6857-TKDJV,2026-05-24,,other,high,open,,Provided feedback about the onboarding experience.
5285,5134-IKDAY,2026-08-18,2026-08-18,billing,medium,closed,19.25,Reported a failed payment and requested a retry.
5286,1360-XFJMR,2026-07-26,2026-07-26,other,medium,closed,15.98,Provided feedback about the onboarding experience.
5287,1360-XFJMR,2026-06-29,2026-06-29,technical,low,closed,6.49,Feature X is not syncing data correctly.
5288,1360-XFJMR,2026-03-25,2026-03-25,other,medium,closed,1.54,Provided feedback about the onboarding experience.
5289,3070-DVEYC,2026-05-08,,technical,low,open,,Reported repeated login failures over the past week.
5290,3070-DVEYC,2026-05-06,,billing,low,open,,Customer disputes a charge on their most recent invoice.
5291,5730-RIITO,2026-05-13,2026-05-14,other,low,closed,44.37,Requested a copy of past invoices.
5292,9058-MJLZC,2026-06-08,2026-06-08,other,medium,closed,15.29,Provided feedback about the onboarding experience.
5293,5707-ORNDZ,2026-08-04,2026-08-05,other,medium,closed,27.33,Asked about cancellation policy and notice period.
5294,0902-XKXPN,2026-03-31,2026-03-31,billing,low,closed,13.53,Requested a refund for a duplicate charge.
5295,0902-XKXPN,2026-07-15,,billing,medium,open,,Asked why the monthly charge increased without notice.
5296,0056-EPFBG,2026-08-05,2026-08-05,billing,medium,closed,22.14,Reported a failed payment and requested a retry.
5297,8993-IZEUX,2026-08-27,2026-08-27,other,medium,closed,9.05,Provided feedback about the onboarding experience.
5298,8696-JKZNU,2026-04-24,2026-04-27,technical,medium,closed,76.64,Feature X is not syncing data correctly.
5299,5380-AFSSK,2026-06-18,2026-06-19,technical,medium,closed,30.61,App crashes when loading the dashboard view.
5300,5380-AFSSK,2026-03-31,2026-03-31,technical,medium,closed,5.47,App crashes when loading the dashboard view.
5301,5380-AFSSK,2026-08-02,2026-08-02,other,medium,closed,8.59,General question about plan upgrade options.
5302,8190-ZTQFB,2026-06-16,2026-06-16,technical,medium,closed,1.8,Feature X is not syncing data correctly.
5303,8190-ZTQFB,2026-05-18,,technical,medium,open,,Reported repeated login failures over the past week.
5304,0931-MHTEM,2026-05-29,2026-05-29,other,medium,closed,19.19,Requested a copy of past invoices.
5305,0931-MHTEM,2026-05-02,,billing,low,open,,Asked why the monthly charge increased without notice.
5306,0931-MHTEM,2026-07-09,2026-07-10,billing,medium,closed,42.71,Asked why the monthly charge increased without notice.
5307,2055-PDADH,2026-04-09,2026-04-12,other,high,closed,80.67,Asked about cancellation policy and notice period.
5308,2055-PDADH,2026-05-19,,billing,medium,open,,Customer disputes a charge on their most recent invoice.
5309,2055-PDADH,2026-06-29,2026-06-30,other,low,closed,31.93,Requested a copy of past invoices.
5310,0440-UEDAI,2026-05-19,,other,medium,open,,Provided feedback about the onboarding experience.
5311,0868-VJRDR,2026-09-11,,other,high,open,,Requested a copy of past invoices.
5312,8714-EUHJO,2026-04-12,2026-04-14,other,low,closed,64.78,Asked about cancellation policy and notice period.
5313,8714-EUHJO,2026-05-01,2026-05-03,other,medium,closed,58.9,General question about plan upgrade options.
5314,8714-EUHJO,2026-06-26,2026-06-26,billing,medium,closed,5.11,Reported a failed payment and requested a retry.
5315,8714-EUHJO,2026-03-24,,technical,medium,open,,App crashes when loading the dashboard view.
5316,6344-SFJVH,2026-07-10,2026-07-11,technical,high,closed,24.46,App crashes when loading the dashboard view.
5317,8041-TMEID,2026-08-05,2026-08-05,billing,low,closed,12.37,Reported a failed payment and requested a retry.
5318,6941-KXRRV,2026-04-09,,technical,medium,open,,Requested help configuring an integration.
5319,3721-CNEYS,2026-04-15,,technical,medium,open,,Requested help configuring an integration.
5320,3721-CNEYS,2026-07-04,,technical,low,open,,App crashes when loading the dashboard view.
5321,3721-CNEYS,2026-08-10,,technical,medium,open,,App crashes when loading the dashboard view.
5322,8727-JQFHV,2026-06-09,,other,medium,open,,General question about plan upgrade options.
5323,8727-JQFHV,2026-06-29,,technical,low,open,,Requested help configuring an integration.
5324,8727-JQFHV,2026-05-21,,other,high,open,,General question about plan upgrade options.
5325,8727-JQFHV,2026-06-26,2026-06-27,other,high,closed,41.82,General question about plan upgrade options.
5326,9475-NNDGC,2026-07-10,2026-07-10,technical,medium,closed,14.91,Reported repeated login failures over the past week.
5327,1355-KUSBG,2026-05-27,2026-05-27,other,low,closed,2.75,Provided feedback about the onboarding experience.
5328,1355-KUSBG,2026-05-18,2026-05-19,technical,medium,closed,27.78,Reported repeated login failures over the past week.
5329,3688-FTHLT,2026-06-02,2026-06-03,other,high,closed,37.16,Provided feedback about the onboarding experience.
5330,2568-OIADY,2026-05-08,2026-05-09,technical,low,closed,30.53,Reported repeated login failures over the past week.
5331,2568-OIADY,2026-06-07,,billing,high,open,,Reported a failed payment and requested a retry.
5332,2320-YKQBO,2026-06-19,2026-06-19,technical,medium,closed,6.8,Requested help configuring an integration.
5333,2320-YKQBO,2026-07-21,2026-07-21,technical,medium,closed,21.42,Feature X is not syncing data correctly.
5334,1193-RTSLK,2026-05-10,2026-05-10,billing,high,closed,15.59,Reported a failed payment and requested a retry.
5335,1193-RTSLK,2026-08-06,2026-08-07,other,medium,closed,37.12,Provided feedback about the onboarding experience.
5336,1193-RTSLK,2026-07-05,,billing,low,open,,Reported a failed payment and requested a retry.
5337,2302-ANTDP,2026-05-14,,billing,medium,open,,Requested a refund for a duplicate charge.
5338,2302-ANTDP,2026-06-30,2026-07-01,billing,low,closed,40.24,Reported a failed payment and requested a retry.
5339,2302-ANTDP,2026-04-09,,billing,low,open,,Customer disputes a charge on their most recent invoice.
5340,5923-GXUOC,2026-05-01,,other,medium,open,,General question about plan upgrade options.
5341,5923-GXUOC,2026-04-01,2026-04-03,other,low,closed,49.43,Asked about cancellation policy and notice period.
5342,4973-RLZVI,2026-08-14,2026-08-15,technical,low,closed,33.39,Feature X is not syncing data correctly.
5343,4973-RLZVI,2026-05-18,2026-05-18,other,high,closed,17.48,Asked about cancellation policy and notice period.
5344,4501-UYKBC,2026-06-22,,billing,medium,open,,Requested a refund for a duplicate charge.
5345,4501-UYKBC,2026-04-12,,technical,high,open,,Requested help configuring an integration.
5346,1215-EXRMO,2026-08-30,2026-08-31,billing,medium,closed,43.58,Reported a failed payment and requested a retry.
5347,2305-MRGLV,2026-07-15,2026-07-15,billing,medium,closed,17.38,Customer disputes a charge on their most recent invoice.
5348,5233-GEEAX,2026-06-02,,billing,low,open,,Reported a failed payment and requested a retry.
5349,5233-GEEAX,2026-09-01,2026-09-03,technical,medium,closed,57.09,Reported repeated login failures over the past week.
5350,5233-GEEAX,2026-07-19,,billing,low,open,,Asked why the monthly charge increased without notice.
5351,5304-EFJLP,2026-09-12,2026-09-12,technical,medium,closed,7.14,Reported repeated login failures over the past week.
5352,2673-ZALNP,2026-05-30,,technical,medium,open,,Reported repeated login failures over the past week.
5353,9184-GALIL,2026-07-24,2026-07-24,billing,medium,closed,8.53,Reported a failed payment and requested a retry.
5354,8404-GFGCZ,2026-06-17,2026-06-18,other,medium,closed,27.06,Requested a copy of past invoices.
5355,8404-GFGCZ,2026-06-08,2026-06-09,technical,medium,closed,43.88,App crashes when loading the dashboard view.
5356,4432-ADRLB,2026-05-21,,billing,low,open,,Asked why the monthly charge increased without notice.
5357,4432-ADRLB,2026-06-23,,billing,medium,open,,Requested a refund for a duplicate charge.
5358,4432-ADRLB,2026-04-19,,technical,medium,open,,Feature X is not syncing data correctly.
5359,0533-UCAAU,2026-06-24,2026-06-24,technical,medium,closed,20.4,App crashes when loading the dashboard view.
5360,1394-SUIUH,2026-07-03,2026-07-04,other,medium,closed,41.65,Requested a copy of past invoices.
5361,2533-TIBIX,2026-08-04,2026-08-05,billing,medium,closed,25.08,Requested a refund for a duplicate charge.
5362,2533-TIBIX,2026-07-07,2026-07-07,other,medium,closed,3.27,Asked about cancellation policy and notice period.
5363,8993-PHFWD,2026-06-18,2026-06-19,technical,medium,closed,44.64,App crashes when loading the dashboard view.
5364,8993-PHFWD,2026-08-28,2026-08-29,technical,medium,closed,34.99,Reported repeated login failures over the past week.
5365,1565-RHDJD,2026-06-04,2026-06-05,billing,low,closed,43.65,Customer disputes a charge on their most recent invoice.
5366,1565-RHDJD,2026-04-22,2026-04-23,other,high,closed,25.73,Provided feedback about the onboarding experience.
5367,1565-RHDJD,2026-09-10,2026-09-13,technical,medium,closed,72.32,App crashes when loading the dashboard view.
5368,1565-RHDJD,2026-03-28,2026-03-31,billing,high,closed,77.79,Requested a refund for a duplicate charge.
5369,7137-RYLPP,2026-08-27,2026-08-28,billing,medium,closed,28.92,Reported a failed payment and requested a retry.
5370,7137-RYLPP,2026-04-13,2026-04-13,other,medium,closed,2.59,Provided feedback about the onboarding experience.
5371,7137-RYLPP,2026-08-16,2026-08-17,other,low,closed,31.39,Provided feedback about the onboarding experience.
5372,7137-RYLPP,2026-05-02,2026-05-02,technical,medium,closed,13.04,Reported repeated login failures over the past week.
5373,5092-STPKP,2026-09-09,2026-09-09,billing,medium,closed,8.3,Customer disputes a charge on their most recent invoice.
5374,5092-STPKP,2026-03-21,2026-03-22,other,low,closed,36.78,Asked about cancellation policy and notice period.
5375,5092-STPKP,2026-06-05,2026-06-06,technical,medium,closed,24.25,Reported repeated login failures over the past week.
5376,5092-STPKP,2026-07-04,2026-07-05,billing,medium,closed,28.56,Requested a refund for a duplicate charge.
5377,0114-PEGZZ,2026-07-25,2026-07-26,technical,low,closed,28.99,App crashes when loading the dashboard view.
5378,0114-PEGZZ,2026-08-08,2026-08-08,billing,medium,closed,12.16,Asked why the monthly charge increased without notice.
5379,3359-DSRKA,2026-08-01,2026-08-02,technical,medium,closed,32.25,App crashes when loading the dashboard view.
5380,3359-DSRKA,2026-09-15,,billing,medium,open,,Requested a refund for a duplicate charge.
5381,8639-NHQEI,2026-08-17,2026-08-18,other,low,closed,40.29,General question about plan upgrade options.
5382,8639-NHQEI,2026-08-25,2026-08-25,other,medium,closed,21.38,Provided feedback about the onboarding experience.
5383,8639-NHQEI,2026-09-03,2026-09-03,billing,low,closed,11.43,Requested a refund for a duplicate charge.
5384,7161-DFHUF,2026-05-23,2026-05-24,billing,medium,closed,39.7,Requested a refund for a duplicate charge.
5385,7161-DFHUF,2026-05-07,2026-05-07,technical,low,closed,3.65,Reported repeated login failures over the past week.
5386,7161-DFHUF,2026-08-24,2026-08-24,billing,high,closed,8.77,Requested a refund for a duplicate charge.
5387,3957-LXOLK,2026-06-01,2026-06-01,billing,low,closed,19.67,Reported a failed payment and requested a retry.
5388,4994-OBRSZ,2026-03-31,2026-03-31,technical,high,closed,21.75,App crashes when loading the dashboard view.
5389,4994-OBRSZ,2026-06-15,2026-06-15,technical,low,closed,1.03,Feature X is not syncing data correctly.
5390,4994-OBRSZ,2026-05-07,2026-05-08,billing,high,closed,27.19,Customer disputes a charge on their most recent invoice.
5391,0562-FGDCR,2026-06-29,2026-06-29,billing,high,closed,18.53,Reported a failed payment and requested a retry.
5392,3420-YJLQT,2026-05-19,2026-05-20,other,low,closed,44.73,General question about plan upgrade options.
5393,6040-CGACY,2026-04-19,2026-04-20,technical,medium,closed,25.68,Feature X is not syncing data correctly.
5394,6040-CGACY,2026-03-31,2026-03-31,billing,medium,closed,3.57,Reported a failed payment and requested a retry.
5395,8242-PDSGJ,2026-09-02,,technical,high,open,,Feature X is not syncing data correctly.
5396,8242-PDSGJ,2026-04-03,2026-04-03,technical,medium,closed,9.36,Reported repeated login failures over the past week.
5397,5378-IKEEG,2026-04-13,2026-04-13,other,low,closed,17.54,General question about plan upgrade options.
5398,5378-IKEEG,2026-05-31,,billing,low,open,,Reported a failed payment and requested a retry.
5399,0440-EKDCF,2026-03-24,,technical,low,open,,Requested help configuring an integration.
5400,0440-EKDCF,2026-07-12,,billing,high,open,,Asked why the monthly charge increased without notice.
5401,2718-GAXQD,2026-06-25,2026-06-28,billing,high,closed,83.44,Reported a failed payment and requested a retry.
5402,2055-BFOCC,2026-08-10,2026-08-10,technical,medium,closed,7.1,App crashes when loading the dashboard view.
5403,4298-OYIFC,2026-07-20,2026-07-20,technical,medium,closed,2.1,Feature X is not syncing data correctly.
5404,9842-EFSYY,2026-05-14,2026-05-14,other,medium,closed,23.71,Provided feedback about the onboarding experience.
5405,0930-EHUZA,2026-07-03,,other,medium,open,,Requested a copy of past invoices.
5406,3703-KBKZP,2026-08-09,2026-08-10,technical,high,closed,29.56,Reported repeated login failures over the past week.
5407,1449-XQEMT,2026-05-04,2026-05-04,technical,high,closed,17.8,Feature X is not syncing data correctly.
5408,2626-URJFX,2026-06-06,,other,medium,open,,Requested a copy of past invoices.
5409,4973-MGTON,2026-05-12,,billing,medium,open,,Requested a refund for a duplicate charge.
5410,3682-YEUWS,2026-07-27,2026-07-27,billing,high,closed,5.29,Requested a refund for a duplicate charge.
5411,2612-RRIDN,2026-05-28,2026-05-29,billing,low,closed,33.65,Requested a refund for a duplicate charge.
5412,2612-RRIDN,2026-04-11,2026-04-11,other,medium,closed,19.03,Requested a copy of past invoices.
5413,4735-ASGMA,2026-06-01,,billing,medium,open,,Asked why the monthly charge increased without notice.
5414,4735-ASGMA,2026-06-12,2026-06-15,billing,high,closed,73.98,Asked why the monthly charge increased without notice.
5415,4735-ASGMA,2026-06-04,2026-06-04,billing,high,closed,12.89,Reported a failed payment and requested a retry.
5416,4735-ASGMA,2026-04-17,2026-04-18,billing,high,closed,26.26,Reported a failed payment and requested a retry.
5417,4735-ASGMA,2026-09-02,,other,low,open,,Asked about cancellation policy and notice period.
5418,3669-LVWZB,2026-07-24,,technical,low,open,,Reported repeated login failures over the past week.
5419,3669-LVWZB,2026-08-11,2026-08-13,technical,medium,closed,58.48,Requested help configuring an integration.
5420,6892-EZDTG,2026-08-12,,technical,low,open,,Requested help configuring an integration.
5421,6892-EZDTG,2026-04-06,2026-04-08,billing,high,closed,68.38,Customer disputes a charge on their most recent invoice.
5422,9725-SCPZG,2026-08-19,,other,medium,open,,General question about plan upgrade options.
5423,5884-GCYMI,2026-03-28,2026-03-31,billing,medium,closed,77.13,Customer disputes a charge on their most recent invoice.
5424,3217-FZDMN,2026-07-03,2026-07-03,technical,low,closed,11.0,Requested help configuring an integration.
5425,3217-FZDMN,2026-08-03,,billing,low,open,,Reported a failed payment and requested a retry.
5426,3217-FZDMN,2026-06-13,2026-06-14,billing,low,closed,43.36,Asked why the monthly charge increased without notice.
5427,4486-EFAEB,2026-06-20,,billing,low,open,,Requested a refund for a duplicate charge.
5428,7853-GVUDZ,2026-06-21,2026-06-24,technical,high,closed,82.17,Reported repeated login failures over the past week.
5429,7853-GVUDZ,2026-08-31,,technical,high,open,,App crashes when loading the dashboard view.
5430,7853-GVUDZ,2026-09-05,2026-09-06,billing,medium,closed,26.0,Asked why the monthly charge increased without notice.
5431,6954-OOYZZ,2026-08-06,2026-08-07,other,medium,closed,43.87,Provided feedback about the onboarding experience.
5432,6954-OOYZZ,2026-07-17,2026-07-17,billing,low,closed,11.47,Reported a failed payment and requested a retry.
5433,7088-FBAWU,2026-04-11,,other,low,open,,Provided feedback about the onboarding experience.
5434,7088-FBAWU,2026-06-03,2026-06-04,technical,low,closed,44.53,Requested help configuring an integration.
5435,3943-KDREE,2026-05-03,2026-05-03,other,medium,closed,12.57,Provided feedback about the onboarding experience.
5436,9239-ZBZZV,2026-08-20,2026-08-21,technical,low,closed,46.05,Reported repeated login failures over the past week.
5437,9239-ZBZZV,2026-08-31,,billing,high,open,,Customer disputes a charge on their most recent invoice.
5438,3097-IDVPU,2026-07-25,2026-07-26,billing,medium,closed,31.49,Asked why the monthly charge increased without notice.
5439,4398-HSCJH,2026-08-14,,technical,low,open,,Requested help configuring an integration.
5440,4398-HSCJH,2026-04-18,,billing,low,open,,Requested a refund for a duplicate charge.
5441,2197-OMWGI,2026-08-07,2026-08-08,billing,medium,closed,30.73,Asked why the monthly charge increased without notice.
5442,2197-OMWGI,2026-06-20,2026-06-21,other,medium,closed,47.67,Asked about cancellation policy and notice period.
5443,2197-OMWGI,2026-06-18,2026-06-19,other,medium,closed,45.65,General question about plan upgrade options.
5444,2303-PJYHN,2026-07-24,,technical,high,open,,Requested help configuring an integration.
5445,9795-VOWON,2026-04-07,2026-04-07,technical,medium,closed,1.88,Feature X is not syncing data correctly.
5446,9795-VOWON,2026-05-18,2026-05-19,billing,medium,closed,45.4,Asked why the monthly charge increased without notice.
5447,7852-LECYP,2026-08-30,,billing,low,open,,Reported a failed payment and requested a retry.
5448,7852-LECYP,2026-04-08,,technical,medium,open,,App crashes when loading the dashboard view.
5449,7852-LECYP,2026-04-30,2026-05-01,billing,medium,closed,45.4,Requested a refund for a duplicate charge.
5450,4430-UZIPO,2026-05-10,2026-05-12,billing,low,closed,56.81,Customer disputes a charge on their most recent invoice.
5451,4430-UZIPO,2026-04-22,,billing,medium,open,,Asked why the monthly charge increased without notice.
5452,4430-UZIPO,2026-05-16,2026-05-19,other,medium,closed,77.73,General question about plan upgrade options.
5453,8165-CBKXO,2026-06-15,2026-06-16,other,low,closed,47.68,Requested a copy of past invoices.
5454,8165-CBKXO,2026-03-24,,billing,medium,open,,Requested a refund for a duplicate charge.
5455,4855-SNKMY,2026-07-06,,other,medium,open,,Provided feedback about the onboarding experience.
5456,9593-CVZKR,2026-09-09,,other,high,open,,Requested a copy of past invoices.
5457,9593-CVZKR,2026-05-13,,billing,low,open,,Reported a failed payment and requested a retry.
5458,8595-SIZNC,2026-07-15,,technical,medium,open,,Reported repeated login failures over the past week.
5459,8595-SIZNC,2026-04-19,2026-04-19,technical,medium,closed,21.91,Feature X is not syncing data correctly.
5460,8595-SIZNC,2026-06-10,,technical,medium,open,,Feature X is not syncing data correctly.
5461,7124-UGSUR,2026-08-30,2026-09-01,technical,low,closed,71.51,Reported repeated login failures over the past week.
5462,7124-UGSUR,2026-06-02,2026-06-05,billing,low,closed,79.85,Requested a refund for a duplicate charge.
5463,1862-SKORY,2026-04-09,,technical,medium,open,,Feature X is not syncing data correctly.
5464,5236-XMZJY,2026-05-15,2026-05-16,billing,low,closed,40.12,Asked why the monthly charge increased without notice.
5465,4827-DPADN,2026-07-13,2026-07-14,other,high,closed,25.07,General question about plan upgrade options.
5466,2694-CIUMO,2026-08-19,,other,medium,open,,Asked about cancellation policy and notice period.
5467,2694-CIUMO,2026-04-14,,other,medium,open,,Provided feedback about the onboarding experience.
5468,5846-ABOBJ,2026-07-13,2026-07-13,other,medium,closed,20.65,Asked about cancellation policy and notice period.
5469,4647-XXZAM,2026-06-16,2026-06-17,billing,high,closed,47.57,Reported a failed payment and requested a retry.
5470,1502-XFCVR,2026-03-30,2026-04-01,billing,medium,closed,71.84,Reported a failed payment and requested a retry.
5471,7740-KKCXF,2026-07-06,2026-07-06,technical,high,closed,14.39,Feature X is not syncing data correctly.
5472,7740-KKCXF,2026-03-29,,billing,low,open,,Reported a failed payment and requested a retry.
5473,5360-XGYAZ,2026-03-29,2026-03-30,technical,medium,closed,45.67,Reported repeated login failures over the past week.
5474,5360-XGYAZ,2026-05-07,,technical,medium,open,,Reported repeated login failures over the past week.
5475,3557-HTYWR,2026-06-11,,technical,medium,open,,App crashes when loading the dashboard view.
5476,8920-NAVAY,2026-05-19,2026-05-19,other,medium,closed,21.99,Asked about cancellation policy and notice period.
5477,5600-PDUJF,2026-04-20,2026-04-20,technical,medium,closed,9.1,Reported repeated login failures over the past week.
5478,5600-PDUJF,2026-04-06,,technical,high,open,,Reported repeated login failures over the past week.
5479,5600-PDUJF,2026-05-31,2026-06-01,other,high,closed,33.31,General question about plan upgrade options.
5480,5600-PDUJF,2026-06-23,2026-06-24,billing,medium,closed,25.74,Customer disputes a charge on their most recent invoice.
5481,8292-TYSPY,2026-08-08,2026-08-11,technical,low,closed,81.34,Requested help configuring an integration.
5482,8292-TYSPY,2026-03-26,,billing,medium,open,,Reported a failed payment and requested a retry.
5483,8292-TYSPY,2026-07-31,,billing,medium,open,,Asked why the monthly charge increased without notice.
5484,2359-QWQUL,2026-06-22,2026-06-25,other,medium,closed,73.97,Requested a copy of past invoices.
5485,2359-QWQUL,2026-03-28,2026-03-28,technical,low,closed,8.5,Requested help configuring an integration.
5486,2359-QWQUL,2026-05-14,2026-05-14,billing,low,closed,20.56,Asked why the monthly charge increased without notice.
5487,7407-SUJIZ,2026-05-08,,technical,medium,open,,App crashes when loading the dashboard view.
5488,7407-SUJIZ,2026-04-01,2026-04-01,technical,medium,closed,21.28,Feature X is not syncing data correctly.
5489,9150-KPBJQ,2026-09-14,,billing,low,open,,Asked why the monthly charge increased without notice.
5490,9150-KPBJQ,2026-07-17,2026-07-17,other,medium,closed,21.83,General question about plan upgrade options.
5491,3654-ARMGP,2026-03-21,2026-03-22,technical,medium,closed,29.96,Feature X is not syncing data correctly.
5492,3654-ARMGP,2026-08-20,2026-08-21,technical,low,closed,30.06,Reported repeated login failures over the past week.
5493,1261-FWTTE,2026-05-29,2026-05-30,technical,medium,closed,44.5,Requested help configuring an integration.
5494,3528-HFRIQ,2026-08-18,2026-08-18,billing,low,closed,7.73,Customer disputes a charge on their most recent invoice.
5495,3528-HFRIQ,2026-06-22,,technical,low,open,,Feature X is not syncing data correctly.
5496,0708-SJDIS,2026-08-06,2026-08-07,billing,medium,closed,24.71,Requested a refund for a duplicate charge.
5497,0708-SJDIS,2026-05-21,2026-05-22,technical,medium,closed,29.96,Requested help configuring an integration.
5498,2073-QBVBI,2026-05-11,,technical,low,open,,Feature X is not syncing data correctly.
5499,2599-CIPQE,2026-06-11,2026-06-11,billing,medium,closed,7.6,Asked why the monthly charge increased without notice.
5500,2599-CIPQE,2026-08-11,,billing,high,open,,Customer disputes a charge on their most recent invoice.
5501,8774-GSBUN,2026-07-23,2026-07-23,billing,low,closed,12.85,Customer disputes a charge on their most recent invoice.
5502,1401-FTHFQ,2026-05-30,,billing,medium,open,,Reported a failed payment and requested a retry.
5503,3247-ZVOUO,2026-08-01,2026-08-03,billing,low,closed,53.59,Asked why the monthly charge increased without notice.
5504,3247-ZVOUO,2026-07-27,2026-07-28,billing,medium,closed,36.98,Reported a failed payment and requested a retry.
5505,0254-FNMCI,2026-04-15,2026-04-16,technical,medium,closed,24.43,Feature X is not syncing data correctly.
5506,1848-LBZHY,2026-04-12,2026-04-13,technical,medium,closed,47.52,Reported repeated login failures over the past week.
5507,6101-IMRMM,2026-04-11,2026-04-13,billing,low,closed,58.91,Customer disputes a charge on their most recent invoice.
5508,8118-TJAFG,2026-05-05,,technical,low,open,,Reported repeated login failures over the past week.
5509,8118-TJAFG,2026-03-21,2026-03-21,billing,high,closed,9.68,Asked why the monthly charge increased without notice.
5510,5429-LWCMV,2026-05-24,2026-05-24,other,medium,closed,20.63,General question about plan upgrade options.
5511,7298-IZWLY,2026-08-23,2026-08-23,technical,medium,closed,1.27,Reported repeated login failures over the past week.
5512,7298-IZWLY,2026-05-20,2026-05-20,other,medium,closed,16.97,Requested a copy of past invoices.
5513,9758-MFWGD,2026-07-28,2026-07-28,technical,medium,closed,13.27,App crashes when loading the dashboard view.
5514,1268-ASBGA,2026-06-16,2026-06-19,billing,medium,closed,82.96,Customer disputes a charge on their most recent invoice.
5515,1268-ASBGA,2026-08-17,,technical,medium,open,,Reported repeated login failures over the past week.
5516,1268-ASBGA,2026-07-24,2026-07-26,other,low,closed,62.84,Asked about cancellation policy and notice period.
5517,8943-URTMR,2026-05-28,2026-05-29,billing,low,closed,39.25,Customer disputes a charge on their most recent invoice.
5518,4713-LZDRV,2026-04-11,,other,low,open,,General question about plan upgrade options.
5519,4713-LZDRV,2026-04-30,,technical,medium,open,,Reported repeated login failures over the past week.
5520,4713-LZDRV,2026-05-30,2026-06-01,other,low,closed,70.81,Requested a copy of past invoices.
5521,4713-LZDRV,2026-05-13,2026-05-13,billing,high,closed,19.63,Asked why the monthly charge increased without notice.
5522,4713-LZDRV,2026-07-26,,billing,high,open,,Asked why the monthly charge increased without notice.
5523,4092-OFQZS,2026-06-18,,other,low,open,,Provided feedback about the onboarding experience.
5524,4092-OFQZS,2026-07-17,,billing,low,open,,Requested a refund for a duplicate charge.
5525,1561-BWHIN,2026-03-28,2026-03-29,technical,medium,closed,28.95,Feature X is not syncing data correctly.
5526,4325-NFSKC,2026-08-25,,technical,low,open,,Feature X is not syncing data correctly.
5527,4325-NFSKC,2026-08-05,2026-08-08,billing,high,closed,81.32,Customer disputes a charge on their most recent invoice.
5528,4325-NFSKC,2026-04-23,,billing,medium,open,,Customer disputes a charge on their most recent invoice.
5529,9927-DSWDF,2026-09-15,2026-09-15,other,low,closed,11.34,General question about plan upgrade options.
5530,1360-JYXKQ,2026-04-18,,billing,medium,open,,Requested a refund for a duplicate charge.
5531,1360-JYXKQ,2026-06-10,,other,medium,open,,Requested a copy of past invoices.
5532,2955-PSXOE,2026-08-05,,other,medium,open,,Requested a copy of past invoices.
5533,2955-PSXOE,2026-04-13,,billing,low,open,,Asked why the monthly charge increased without notice.
5534,0899-WZRSD,2026-09-10,,technical,medium,open,,Requested help configuring an integration.
5535,3255-GRXMG,2026-07-01,2026-07-01,other,medium,closed,4.8,Provided feedback about the onboarding experience.
5536,6925-BAYGL,2026-08-19,2026-08-20,billing,medium,closed,31.38,Customer disputes a charge on their most recent invoice.
5537,3262-EIDHV,2026-09-12,2026-09-12,billing,high,closed,3.5,Requested a refund for a duplicate charge.
5538,7354-OIJLX,2026-06-19,,other,medium,open,,Requested a copy of past invoices.
5539,1376-HHBDV,2026-04-20,,technical,low,open,,App crashes when loading the dashboard view.
5540,1376-HHBDV,2026-06-29,2026-06-30,technical,high,closed,38.94,Feature X is not syncing data correctly.
5541,1376-HHBDV,2026-05-29,2026-05-29,billing,medium,closed,1.88,Requested a refund for a duplicate charge.
5542,1376-HHBDV,2026-06-07,2026-06-08,technical,high,closed,30.51,Feature X is not syncing data correctly.
5543,6907-NZZIJ,2026-08-08,,billing,high,open,,Customer disputes a charge on their most recent invoice.
5544,6907-NZZIJ,2026-08-01,2026-08-01,billing,high,closed,8.46,Requested a refund for a duplicate charge.
5545,6133-OZILE,2026-04-13,,billing,medium,open,,Requested a refund for a duplicate charge.
5546,2911-UREFD,2026-06-24,2026-06-25,billing,medium,closed,45.26,Requested a refund for a duplicate charge.
5547,3744-ZRRDZ,2026-06-11,2026-06-14,billing,medium,closed,81.01,Reported a failed payment and requested a retry.
5548,5673-TIYIB,2026-08-03,,technical,low,open,,App crashes when loading the dashboard view.
5549,5673-TIYIB,2026-04-05,2026-04-07,billing,medium,closed,55.73,Customer disputes a charge on their most recent invoice.
5550,5673-TIYIB,2026-08-13,2026-08-13,billing,high,closed,21.66,Requested a refund for a duplicate charge.
5551,6551-ZCOTS,2026-05-09,2026-05-10,other,low,closed,45.71,Provided feedback about the onboarding experience.
5552,6551-ZCOTS,2026-04-20,2026-04-21,technical,low,closed,25.3,Requested help configuring an integration.
5553,7191-ADRGF,2026-05-13,,billing,high,open,,Customer disputes a charge on their most recent invoice.
5554,5018-LXQQG,2026-08-11,,technical,low,open,,Feature X is not syncing data correctly.
5555,6892-BOGQE,2026-05-04,2026-05-05,billing,medium,closed,34.34,Customer disputes a charge on their most recent invoice.
5556,1602-IJQQE,2026-08-12,2026-08-13,other,low,closed,41.64,Requested a copy of past invoices.
5557,1602-IJQQE,2026-09-08,2026-09-09,billing,low,closed,37.39,Reported a failed payment and requested a retry.
5558,5995-SNNEW,2026-04-20,,other,medium,open,,Asked about cancellation policy and notice period.
5559,8050-WYBND,2026-04-17,2026-04-17,technical,low,closed,10.58,Requested help configuring an integration.
5560,2821-WARNZ,2026-06-01,2026-06-02,other,medium,closed,34.78,Requested a copy of past invoices.
5561,2821-WARNZ,2026-05-22,2026-05-23,billing,medium,closed,38.73,Requested a refund for a duplicate charge.
5562,1644-IRKSF,2026-04-16,2026-04-16,billing,high,closed,5.03,Requested a refund for a duplicate charge.
5563,1644-IRKSF,2026-07-11,2026-07-11,billing,low,closed,23.77,Customer disputes a charge on their most recent invoice.
5564,8314-HTWVE,2026-04-29,2026-04-30,other,medium,closed,30.29,Asked about cancellation policy and notice period.
5565,7159-NOKYQ,2026-05-12,2026-05-12,billing,low,closed,19.58,Customer disputes a charge on their most recent invoice.
5566,7136-IHZJA,2026-08-18,2026-08-18,other,medium,closed,2.65,Requested a copy of past invoices.
5567,7136-IHZJA,2026-04-24,2026-04-24,billing,medium,closed,6.23,Reported a failed payment and requested a retry.
5568,7074-STDCN,2026-05-14,2026-05-14,billing,medium,closed,12.91,Customer disputes a charge on their most recent invoice.
5569,7074-STDCN,2026-03-30,,billing,medium,open,,Requested a refund for a duplicate charge.
5570,3705-PSNGL,2026-05-26,,other,high,open,,General question about plan upgrade options.
5571,3705-PSNGL,2026-04-02,,other,medium,open,,General question about plan upgrade options.
5572,0277-BKSQP,2026-07-25,2026-07-26,technical,medium,closed,37.31,App crashes when loading the dashboard view.
5573,5774-XZTQC,2026-08-21,2026-08-22,technical,low,closed,24.34,Feature X is not syncing data correctly.
5574,2676-SSLTO,2026-04-14,,technical,medium,open,,Reported repeated login failures over the past week.
5575,6266-QHOJZ,2026-05-26,2026-05-27,other,high,closed,38.01,Provided feedback about the onboarding experience.
5576,6266-QHOJZ,2026-03-24,2026-03-25,other,low,closed,39.45,Asked about cancellation policy and notice period.
5577,7269-JISCY,2026-07-02,2026-07-02,billing,medium,closed,19.86,Requested a refund for a duplicate charge.
5578,7269-JISCY,2026-09-15,2026-09-16,billing,medium,closed,27.59,Asked why the monthly charge increased without notice.
5579,7269-JISCY,2026-07-07,2026-07-07,technical,high,closed,20.9,Requested help configuring an integration.
5580,7269-JISCY,2026-09-12,2026-09-13,technical,medium,closed,25.32,Feature X is not syncing data correctly.
5581,8547-NSBBO,2026-08-31,2026-09-01,technical,low,closed,34.62,Reported repeated login failures over the past week.
5582,8258-GSTJK,2026-04-24,2026-04-25,billing,low,closed,30.3,Reported a failed payment and requested a retry.
5583,8258-GSTJK,2026-05-13,2026-05-14,technical,medium,closed,24.52,Reported repeated login failures over the past week.
5584,6861-OKBCE,2026-04-29,2026-04-29,other,medium,closed,5.77,Provided feedback about the onboarding experience.
5585,6861-OKBCE,2026-06-06,2026-06-07,billing,high,closed,24.32,Customer disputes a charge on their most recent invoice.
5586,6861-OKBCE,2026-05-17,2026-05-18,technical,medium,closed,34.75,Requested help configuring an integration.
5587,6861-OKBCE,2026-05-22,,billing,medium,open,,Asked why the monthly charge increased without notice.
5588,6861-OKBCE,2026-05-30,2026-06-02,billing,medium,closed,77.24,Customer disputes a charge on their most recent invoice.
5589,9940-RHLFB,2026-04-11,2026-04-12,billing,high,closed,47.94,Reported a failed payment and requested a retry.
5590,1328-EUZHC,2026-04-25,2026-04-26,other,high,closed,46.69,Provided feedback about the onboarding experience.
5591,2995-UPRYS,2026-04-03,,technical,medium,open,,Requested help configuring an integration.
5592,9633-DENPU,2026-06-12,2026-06-12,technical,low,closed,9.22,Requested help configuring an integration.
5593,9633-DENPU,2026-08-15,,billing,medium,open,,Customer disputes a charge on their most recent invoice.
5594,9633-DENPU,2026-07-14,2026-07-15,billing,medium,closed,24.82,Asked why the monthly charge increased without notice.
5595,7811-JIVPF,2026-06-29,2026-06-30,billing,high,closed,38.41,Asked why the monthly charge increased without notice.
5596,7811-JIVPF,2026-08-27,2026-08-27,other,high,closed,20.37,Provided feedback about the onboarding experience.
5597,7811-JIVPF,2026-09-12,,other,low,open,,Provided feedback about the onboarding experience.
5598,7811-JIVPF,2026-08-24,2026-08-24,other,high,closed,19.57,Asked about cancellation policy and notice period.
5599,7113-HIPFI,2026-07-29,2026-07-29,technical,medium,closed,12.46,Requested help configuring an integration.
5600,7113-HIPFI,2026-03-24,2026-03-24,billing,medium,closed,1.86,Reported a failed payment and requested a retry.
5601,7113-HIPFI,2026-07-25,2026-07-25,other,medium,closed,2.2,Asked about cancellation policy and notice period.
5602,6686-YPGHK,2026-05-03,,billing,low,open,,Reported a failed payment and requested a retry.
5603,1383-EZRWL,2026-05-25,,billing,medium,open,,Customer disputes a charge on their most recent invoice.
5604,1383-EZRWL,2026-07-19,,technical,medium,open,,Feature X is not syncing data correctly.
5605,9258-CNWAC,2026-08-11,2026-08-12,technical,low,closed,25.22,Requested help configuring an integration.
5606,9258-CNWAC,2026-08-02,2026-08-02,technical,medium,closed,22.11,Reported repeated login failures over the past week.
5607,5371-VYLSX,2026-07-23,2026-07-23,other,medium,closed,5.48,Asked about cancellation policy and notice period.
5608,6374-AFWOX,2026-09-14,,technical,medium,open,,Requested help configuring an integration.
5609,5317-FLPJF,2026-03-25,2026-03-26,technical,high,closed,33.4,Reported repeated login failures over the past week.
5610,6034-YMTOB,2026-08-03,2026-08-03,other,low,closed,19.69,General question about plan upgrade options.
5611,6034-YMTOB,2026-05-07,2026-05-07,other,low,closed,14.31,Asked about cancellation policy and notice period.
5612,8563-IIOXK,2026-07-03,,billing,high,open,,Reported a failed payment and requested a retry.
5613,8563-IIOXK,2026-04-23,2026-04-24,billing,medium,closed,40.88,Requested a refund for a duplicate charge.
5614,4353-HYOJD,2026-08-17,,billing,low,open,,Reported a failed payment and requested a retry.
5615,8020-BWHYL,2026-06-17,,technical,high,open,,Requested help configuring an integration.
5616,8020-BWHYL,2026-04-17,2026-04-19,billing,medium,closed,55.56,Asked why the monthly charge increased without notice.
5617,4188-FRABG,2026-05-27,2026-05-28,other,high,closed,34.28,Requested a copy of past invoices.
5618,8199-ZLLSA,2026-07-16,2026-07-16,technical,medium,closed,14.45,Requested help configuring an integration.
5619,8199-ZLLSA,2026-08-15,2026-08-15,other,low,closed,23.59,Asked about cancellation policy and notice period.
5620,4128-ETESU,2026-05-31,2026-06-01,technical,medium,closed,29.73,App crashes when loading the dashboard view.
5621,0620-DLSLK,2026-04-05,2026-04-06,technical,high,closed,37.21,Reported repeated login failures over the past week.
5622,0620-DLSLK,2026-08-12,2026-08-12,billing,low,closed,4.59,Customer disputes a charge on their most recent invoice.
5623,0620-DLSLK,2026-04-09,,billing,low,open,,Customer disputes a charge on their most recent invoice.
5624,4625-EWPTF,2026-05-21,2026-05-23,technical,medium,closed,69.04,Feature X is not syncing data correctly.
5625,4625-EWPTF,2026-03-25,2026-03-27,technical,medium,closed,58.73,Requested help configuring an integration.
5626,4625-EWPTF,2026-04-17,2026-04-20,other,high,closed,81.45,Requested a copy of past invoices.
5627,4625-EWPTF,2026-04-13,,technical,medium,open,,Requested help configuring an integration.
5628,4625-EWPTF,2026-07-18,2026-07-20,billing,medium,closed,70.87,Requested a refund for a duplicate charge.
5629,4625-EWPTF,2026-08-06,,billing,low,open,,Requested a refund for a duplicate charge.
5630,5980-NOPLP,2026-07-13,,billing,low,open,,Reported a failed payment and requested a retry.
5631,5980-NOPLP,2026-06-21,2026-06-22,other,low,closed,32.29,Asked about cancellation policy and notice period.
5632,5980-NOPLP,2026-08-23,,other,high,open,,General question about plan upgrade options.
5633,5980-NOPLP,2026-06-05,,billing,high,open,,Reported a failed payment and requested a retry.
5634,3850-OKINF,2026-08-30,,technical,medium,open,,Reported repeated login failures over the past week.
5635,6892-XPFPU,2026-05-11,2026-05-11,billing,high,closed,23.02,Asked why the monthly charge increased without notice.
5636,8010-EZLOU,2026-09-11,2026-09-13,other,high,closed,64.96,Requested a copy of past invoices.
5637,8010-EZLOU,2026-06-06,2026-06-07,billing,high,closed,30.24,Requested a refund for a duplicate charge.
5638,1156-ZFYDO,2026-06-23,,billing,high,open,,Requested a refund for a duplicate charge.
5639,1156-ZFYDO,2026-07-04,2026-07-05,technical,medium,closed,27.6,App crashes when loading the dashboard view.
5640,3295-YVUSR,2026-04-29,,billing,medium,open,,Requested a refund for a duplicate charge.
5641,8016-NCFVO,2026-07-13,,technical,low,open,,Feature X is not syncing data correctly.
5642,8016-NCFVO,2026-09-13,,other,medium,open,,Requested a copy of past invoices.
5643,4119-ZYPZY,2026-03-29,2026-03-30,other,high,closed,31.08,Requested a copy of past invoices.
5644,0303-WMMRN,2026-08-06,,other,medium,open,,Asked about cancellation policy and notice period.
5645,0303-WMMRN,2026-07-29,,technical,high,open,,Requested help configuring an integration.
5646,6408-OTUBZ,2026-04-26,2026-04-27,technical,low,closed,28.33,Feature X is not syncing data correctly.
5647,6408-OTUBZ,2026-05-01,2026-05-01,other,medium,closed,21.43,Provided feedback about the onboarding experience.
5648,5204-HMGYF,2026-05-10,2026-05-10,other,low,closed,13.56,Asked about cancellation policy and notice period.
5649,1078-TDCRN,2026-05-11,,technical,low,open,,Requested help configuring an integration.
5650,3797-FKOGQ,2026-03-29,2026-03-29,other,medium,closed,15.05,Requested a copy of past invoices.
5651,7622-NXQZR,2026-08-17,,billing,high,open,,Reported a failed payment and requested a retry.
5652,3970-XGJDU,2026-06-20,2026-06-21,other,high,closed,46.59,General question about plan upgrade options.
5653,7017-VFULY,2026-05-05,,technical,medium,open,,Reported repeated login failures over the past week.
5654,5562-YJQGT,2026-08-17,,billing,low,open,,Reported a failed payment and requested a retry.
5655,5439-WIKXB,2026-08-09,2026-08-10,other,high,closed,24.18,Provided feedback about the onboarding experience.
5656,9874-QLCLH,2026-09-01,2026-09-02,billing,high,closed,28.95,Reported a failed payment and requested a retry.
5657,8294-UIMBA,2026-08-02,,other,low,open,,Provided feedback about the onboarding experience.
5658,8294-UIMBA,2026-08-02,,other,high,open,,Asked about cancellation policy and notice period.
5659,8294-UIMBA,2026-06-30,,other,medium,open,,Provided feedback about the onboarding experience.
5660,8109-YUOHE,2026-07-23,2026-07-23,technical,low,closed,10.7,Reported repeated login failures over the past week.
5661,5840-NVDCG,2026-04-13,2026-04-14,billing,medium,closed,28.23,Asked why the monthly charge increased without notice.
5662,9840-EFJQB,2026-04-02,,other,low,open,,General question about plan upgrade options.
5663,9840-EFJQB,2026-07-27,,other,medium,open,,Asked about cancellation policy and notice period.
5664,9840-EFJQB,2026-07-20,,billing,medium,open,,Reported a failed payment and requested a retry.
5665,9840-EFJQB,2026-06-21,,other,low,open,,Provided feedback about the onboarding experience.
5666,9840-EFJQB,2026-04-24,2026-04-25,billing,medium,closed,46.67,Asked why the monthly charge increased without notice.
5667,0696-UKTOX,2026-06-04,2026-06-05,technical,low,closed,35.23,Feature X is not syncing data correctly.
5668,4801-KFYKL,2026-03-22,2026-03-22,billing,high,closed,23.34,Customer disputes a charge on their most recent invoice.
5669,3472-OAOOR,2026-04-13,,technical,medium,open,,Reported repeated login failures over the past week.
5670,8062-YBDOE,2026-07-26,2026-07-26,billing,low,closed,23.25,Asked why the monthly charge increased without notice.
5671,4188-PCPIG,2026-06-18,2026-06-18,other,medium,closed,12.16,Requested a copy of past invoices.
5672,7105-BENQF,2026-09-02,2026-09-02,other,medium,closed,12.73,Provided feedback about the onboarding experience.
5673,7721-DVEKZ,2026-04-04,2026-04-05,billing,high,closed,29.84,Asked why the monthly charge increased without notice.
5674,9507-HSMMZ,2026-04-04,2026-04-05,other,low,closed,46.54,Requested a copy of past invoices.
5675,9507-HSMMZ,2026-08-26,2026-08-27,technical,low,closed,24.47,Reported repeated login failures over the past week.
5676,9507-HSMMZ,2026-06-16,2026-06-17,billing,medium,closed,33.52,Asked why the monthly charge increased without notice.
5677,0947-IDHRQ,2026-06-19,,technical,medium,open,,Reported repeated login failures over the past week.
5678,3672-YITQD,2026-06-06,2026-06-06,other,medium,closed,14.56,Requested a copy of past invoices.
5679,4350-ZTLPI,2026-04-29,2026-04-30,technical,medium,closed,45.52,App crashes when loading the dashboard view.
5680,9048-JVYVF,2026-06-02,2026-06-04,billing,high,closed,49.72,Customer disputes a charge on their most recent invoice.
5681,9048-JVYVF,2026-08-13,2026-08-15,billing,medium,closed,48.95,Customer disputes a charge on their most recent invoice.
5682,9048-JVYVF,2026-08-31,,billing,high,open,,Reported a failed payment and requested a retry.
5683,0361-HJRDX,2026-08-21,,billing,medium,open,,Requested a refund for a duplicate charge.
5684,3823-KYNQY,2026-04-06,,other,low,open,,Asked about cancellation policy and notice period.
5685,8988-ECPJR,2026-08-09,2026-08-09,other,medium,closed,3.57,Provided feedback about the onboarding experience.
5686,7570-WELNY,2026-07-07,2026-07-08,technical,low,closed,32.86,App crashes when loading the dashboard view.
5687,7570-WELNY,2026-04-05,2026-04-06,technical,medium,closed,35.23,Feature X is not syncing data correctly.
5688,3021-VLNRJ,2026-04-04,2026-04-05,billing,low,closed,46.82,Customer disputes a charge on their most recent invoice.
5689,3021-VLNRJ,2026-07-16,2026-07-17,other,medium,closed,28.05,Asked about cancellation policy and notice period.
5690,3776-EKTKM,2026-05-24,,other,medium,open,,Asked about cancellation policy and notice period.
5691,3776-EKTKM,2026-05-03,,other,low,open,,Provided feedback about the onboarding experience.
5692,3776-EKTKM,2026-05-17,2026-05-18,billing,high,closed,37.96,Requested a refund for a duplicate charge.
5693,2080-CAZNM,2026-05-27,2026-05-28,technical,high,closed,46.67,Reported repeated login failures over the past week.
5694,1028-FFNJK,2026-04-14,2026-04-15,billing,medium,closed,35.33,Customer disputes a charge on their most recent invoice.
5695,6907-FLBER,2026-04-07,,billing,medium,open,,Reported a failed payment and requested a retry.
5696,5982-PSMKW,2026-05-04,,billing,low,open,,Asked why the monthly charge increased without notice.
5697,3507-GASNP,2026-06-01,2026-06-02,technical,medium,closed,25.07,Feature X is not syncing data correctly.
5698,7096-ZNBZI,2026-05-05,2026-05-05,technical,medium,closed,11.4,Reported repeated login failures over the past week.
5699,7096-ZNBZI,2026-08-30,2026-08-30,billing,medium,closed,6.44,Customer disputes a charge on their most recent invoice.
5700,1902-XBTFB,2026-08-10,2026-08-10,billing,medium,closed,17.21,Requested a refund for a duplicate charge.
5701,0786-IVLAW,2026-05-13,,technical,low,open,,Requested help configuring an integration.
5702,0643-OKLRP,2026-08-01,,technical,medium,open,,Reported repeated login failures over the past week.
5703,0643-OKLRP,2026-05-21,,billing,medium,open,,Customer disputes a charge on their most recent invoice.
5704,6050-IJRHS,2026-07-03,2026-07-03,other,high,closed,23.91,Requested a copy of past invoices.
5705,0365-TRTPY,2026-08-17,2026-08-18,billing,high,closed,36.95,Asked why the monthly charge increased without notice.
5706,9381-NDKME,2026-06-02,,billing,medium,open,,Asked why the monthly charge increased without notice.
5707,1841-YSJGV,2026-05-15,2026-05-16,billing,medium,closed,42.86,Asked why the monthly charge increased without notice.
5708,2794-XIMMO,2026-08-11,2026-08-12,technical,medium,closed,43.05,Requested help configuring an integration.
5709,2794-XIMMO,2026-03-21,2026-03-21,technical,low,closed,5.01,App crashes when loading the dashboard view.
5710,8382-SHQEH,2026-05-17,,technical,high,open,,Reported repeated login failures over the past week.
5711,8382-SHQEH,2026-05-11,2026-05-12,technical,high,closed,43.41,Requested help configuring an integration.
5712,8382-SHQEH,2026-08-04,,billing,medium,open,,Asked why the monthly charge increased without notice.
5713,8382-SHQEH,2026-09-10,2026-09-13,technical,medium,closed,81.83,Feature X is not syncing data correctly.
5714,2983-ZANRP,2026-05-09,,other,medium,open,,General question about plan upgrade options.
5715,7845-URHJN,2026-06-12,,billing,low,open,,Requested a refund for a duplicate charge.
5716,5018-HEKFO,2026-09-09,2026-09-10,technical,low,closed,42.53,Requested help configuring an integration.
5717,2923-ARZLG,2026-05-16,2026-05-17,billing,low,closed,38.44,Customer disputes a charge on their most recent invoice.
5718,2282-YGNOR,2026-07-03,2026-07-04,billing,low,closed,33.85,Customer disputes a charge on their most recent invoice.
5719,5336-UFNZP,2026-06-09,2026-06-09,technical,medium,closed,12.49,Feature X is not syncing data correctly.
5720,5336-UFNZP,2026-08-06,2026-08-07,billing,low,closed,41.9,Requested a refund for a duplicate charge.
5721,6854-EXGSF,2026-08-27,2026-08-28,technical,low,closed,24.47,Reported repeated login failures over the past week.
5722,6854-EXGSF,2026-05-13,2026-05-13,other,high,closed,17.28,Asked about cancellation policy and notice period.
5723,1241-EZFMJ,2026-05-04,2026-05-05,technical,high,closed,44.06,App crashes when loading the dashboard view.
5724,9233-PSYHO,2026-06-29,2026-06-30,other,medium,closed,47.44,Provided feedback about the onboarding experience.
5725,5376-PCKNB,2026-07-11,2026-07-11,billing,medium,closed,17.75,Requested a refund for a duplicate charge.
5726,8044-BGWPI,2026-07-01,2026-07-01,billing,medium,closed,18.45,Customer disputes a charge on their most recent invoice.
5727,8044-BGWPI,2026-09-02,2026-09-03,billing,high,closed,41.25,Asked why the monthly charge increased without notice.
5728,4060-LDNLU,2026-08-17,2026-08-17,other,low,closed,3.22,Provided feedback about the onboarding experience.
5729,5887-IKKYO,2026-07-07,2026-07-07,technical,medium,closed,18.46,Reported repeated login failures over the past week.
5730,1075-BGWOH,2026-04-14,2026-04-15,other,low,closed,27.67,Asked about cancellation policy and notice period.
5731,0302-JOIVN,2026-04-16,2026-04-16,other,low,closed,19.72,Asked about cancellation policy and notice period.
5732,3858-XHYJO,2026-07-17,2026-07-18,billing,low,closed,27.74,Reported a failed payment and requested a retry.
5733,4299-SIMNS,2026-05-23,,other,low,open,,Asked about cancellation policy and notice period.
5734,7753-USQYQ,2026-09-14,2026-09-14,billing,high,closed,12.93,Customer disputes a charge on their most recent invoice.
5735,7753-USQYQ,2026-04-23,2026-04-23,billing,high,closed,6.66,Customer disputes a charge on their most recent invoice.
5736,5366-IJEQJ,2026-08-14,,technical,medium,open,,Feature X is not syncing data correctly.
5737,5902-WBLSE,2026-07-05,2026-07-05,technical,medium,closed,1.22,App crashes when loading the dashboard view.
5738,1981-INRFU,2026-05-14,,other,medium,open,,Asked about cancellation policy and notice period.
5739,4971-PUYQO,2026-08-18,2026-08-18,technical,medium,closed,13.48,Feature X is not syncing data correctly.
5740,3239-TPHPZ,2026-05-11,2026-05-11,technical,high,closed,23.29,App crashes when loading the dashboard view.
5741,3338-CVVEH,2026-09-04,2026-09-05,technical,medium,closed,36.58,App crashes when loading the dashboard view.
5742,8485-GJCDN,2026-06-21,2026-06-22,technical,medium,closed,44.84,Feature X is not syncing data correctly.
5743,2851-STERV,2026-08-28,2026-08-29,technical,medium,closed,39.55,Requested help configuring an integration.
5744,8486-AYEQH,2026-08-01,2026-08-01,technical,medium,closed,13.55,Reported repeated login failures over the past week.
5745,8486-AYEQH,2026-06-07,,technical,high,open,,Requested help configuring an integration.
5746,1527-SXDPN,2026-09-07,2026-09-08,technical,high,closed,32.48,Feature X is not syncing data correctly.
5747,1527-SXDPN,2026-05-21,,billing,medium,open,,Asked why the monthly charge increased without notice.
5748,1527-SXDPN,2026-05-09,2026-05-11,billing,low,closed,71.79,Requested a refund for a duplicate charge.
5749,6029-WTIPC,2026-07-23,,other,low,open,,Requested a copy of past invoices.
5750,8634-CILSZ,2026-06-11,2026-06-14,billing,medium,closed,81.37,Customer disputes a charge on their most recent invoice.
5751,8634-CILSZ,2026-08-29,2026-08-30,other,medium,closed,28.14,Asked about cancellation policy and notice period.
5752,2495-KZNFB,2026-08-01,2026-08-02,technical,medium,closed,29.04,Reported repeated login failures over the past week.
5753,2495-KZNFB,2026-06-22,2026-06-23,technical,low,closed,31.89,Requested help configuring an integration.
5754,2495-KZNFB,2026-09-02,,other,medium,open,,General question about plan upgrade options.
5755,2495-KZNFB,2026-07-30,2026-07-31,technical,low,closed,26.72,App crashes when loading the dashboard view.
5756,1409-PHXTF,2026-05-03,2026-05-03,billing,medium,closed,19.84,Reported a failed payment and requested a retry.
5757,4560-WQAQW,2026-06-24,,technical,medium,open,,Requested help configuring an integration.
5758,2027-DNKIV,2026-05-31,2026-05-31,billing,high,closed,16.24,Requested a refund for a duplicate charge.
5759,5424-RLQLC,2026-04-26,,billing,low,open,,Reported a failed payment and requested a retry.
5760,7673-BQGKU,2026-07-08,2026-07-08,other,medium,closed,21.9,Asked about cancellation policy and notice period.
5761,9530-EHPOH,2026-07-03,,technical,high,open,,Reported repeated login failures over the past week.
5762,9530-EHPOH,2026-04-20,2026-04-20,billing,low,closed,17.81,Customer disputes a charge on their most recent invoice.
5763,2725-IWWBA,2026-07-08,2026-07-09,billing,medium,closed,27.55,Requested a refund for a duplicate charge.
5764,0345-HKJVM,2026-04-11,,billing,medium,open,,Reported a failed payment and requested a retry.
5765,0394-YONDK,2026-04-01,2026-04-01,billing,medium,closed,4.85,Customer disputes a charge on their most recent invoice.
5766,0394-YONDK,2026-03-21,,technical,medium,open,,Reported repeated login failures over the past week.
5767,6574-MCOEH,2026-04-21,,technical,high,open,,Feature X is not syncing data correctly.
5768,3049-SOLAY,2026-07-22,2026-07-25,other,medium,closed,72.62,General question about plan upgrade options.
5769,3049-SOLAY,2026-06-11,2026-06-12,billing,medium,closed,38.62,Asked why the monthly charge increased without notice.
5770,3049-SOLAY,2026-04-06,,billing,high,open,,Customer disputes a charge on their most recent invoice.
5771,3049-SOLAY,2026-03-25,2026-03-26,technical,medium,closed,39.91,Feature X is not syncing data correctly.
5772,3317-HRTNN,2026-09-05,2026-09-05,billing,medium,closed,13.24,Reported a failed payment and requested a retry.
5773,3317-HRTNN,2026-07-28,2026-07-31,other,high,closed,73.29,Asked about cancellation policy and notice period.
5774,3317-HRTNN,2026-09-05,,billing,low,open,,Reported a failed payment and requested a retry.
5775,9479-HYNYL,2026-04-15,,technical,high,open,,Requested help configuring an integration.
5776,3235-ETOOB,2026-07-21,2026-07-22,billing,medium,closed,29.07,Requested a refund for a duplicate charge.
5777,3235-ETOOB,2026-05-08,2026-05-08,other,medium,closed,20.58,Provided feedback about the onboarding experience.
5778,9708-KFDBY,2026-04-03,2026-04-04,other,high,closed,28.27,General question about plan upgrade options.
5779,8058-INTPH,2026-05-07,2026-05-08,other,medium,closed,44.73,General question about plan upgrade options.
5780,0774-RMNUW,2026-07-06,2026-07-06,billing,low,closed,9.76,Asked why the monthly charge increased without notice.
5781,0774-RMNUW,2026-04-17,2026-04-17,technical,medium,closed,18.98,Reported repeated login failures over the past week.
5782,1334-PDUKM,2026-06-10,,technical,medium,open,,App crashes when loading the dashboard view.
5783,0756-MPZRL,2026-08-21,,technical,high,open,,Reported repeated login failures over the past week.
5784,2242-MFOTG,2026-08-09,2026-08-10,other,medium,closed,27.39,Requested a copy of past invoices.
5785,2927-CVULT,2026-08-07,2026-08-08,other,high,closed,35.42,Asked about cancellation policy and notice period.
5786,2144-BFDSO,2026-04-14,2026-04-14,billing,medium,closed,6.86,Asked why the monthly charge increased without notice.
5787,2144-BFDSO,2026-08-01,2026-08-01,billing,medium,closed,8.15,Customer disputes a charge on their most recent invoice.
5788,8745-PVESG,2026-04-07,,technical,medium,open,,App crashes when loading the dashboard view.
5789,8745-PVESG,2026-07-22,,billing,medium,open,,Customer disputes a charge on their most recent invoice.
5790,8745-PVESG,2026-08-13,2026-08-14,technical,medium,closed,26.46,Requested help configuring an integration.
5791,7647-GYYKX,2026-09-13,2026-09-14,billing,high,closed,38.1,Customer disputes a charge on their most recent invoice.
5792,5569-OUICF,2026-06-24,,billing,medium,open,,Asked why the monthly charge increased without notice.
5793,8821-XNHVZ,2026-07-31,2026-08-02,billing,low,closed,48.61,Customer disputes a charge on their most recent invoice.
5794,8821-XNHVZ,2026-05-06,,billing,low,open,,Requested a refund for a duplicate charge.
5795,2082-OJVTK,2026-04-11,,other,low,open,,Asked about cancellation policy and notice period.
5796,2082-OJVTK,2026-04-10,,billing,high,open,,Requested a refund for a duplicate charge.
5797,9700-ISPUP,2026-06-26,2026-06-26,other,medium,closed,6.6,Provided feedback about the onboarding experience.
5798,9110-HSGTV,2026-08-30,,other,low,open,,Provided feedback about the onboarding experience.
5799,0704-VCUMB,2026-04-05,2026-04-06,other,medium,closed,43.66,Requested a copy of past invoices.
5800,0704-VCUMB,2026-07-25,2026-07-26,other,medium,closed,40.47,Requested a copy of past invoices.
5801,6171-ZTVYB,2026-04-16,2026-04-16,billing,low,closed,22.61,Requested a refund for a duplicate charge.
5802,9564-KCLHR,2026-06-09,2026-06-09,billing,medium,closed,5.17,Requested a refund for a duplicate charge.
5803,1935-IMVBB,2026-06-18,2026-06-18,technical,high,closed,9.48,Feature X is not syncing data correctly.
5804,2535-PBCGC,2026-04-17,2026-04-18,other,low,closed,28.47,Asked about cancellation policy and notice period.
5805,2535-PBCGC,2026-06-06,2026-06-07,technical,high,closed,29.99,Requested help configuring an integration.
5806,2082-CEFLT,2026-05-15,2026-05-16,other,medium,closed,40.76,General question about plan upgrade options.
5807,1213-NGCUN,2026-08-03,2026-08-03,other,high,closed,4.01,Asked about cancellation policy and notice period.
5808,1213-NGCUN,2026-04-16,2026-04-18,technical,medium,closed,59.23,Reported repeated login failures over the past week.
5809,2498-XLDZR,2026-08-20,,technical,low,open,,App crashes when loading the dashboard view.
5810,2498-XLDZR,2026-06-03,,technical,medium,open,,Requested help configuring an integration.
5811,9866-OCCKE,2026-08-15,2026-08-15,technical,medium,closed,13.07,App crashes when loading the dashboard view.
5812,7718-UPSKJ,2026-07-09,,other,high,open,,General question about plan upgrade options.
5813,8731-WBBMB,2026-03-21,2026-03-21,technical,medium,closed,14.32,App crashes when loading the dashboard view.
5814,8731-WBBMB,2026-04-18,2026-04-19,billing,low,closed,27.67,Reported a failed payment and requested a retry.
5815,7901-IIDQV,2026-08-21,2026-08-22,other,low,closed,40.56,Provided feedback about the onboarding experience.
5816,2690-DVRVK,2026-08-08,2026-08-09,technical,medium,closed,42.52,Requested help configuring an integration.
5817,2690-DVRVK,2026-05-28,2026-05-28,technical,medium,closed,15.33,App crashes when loading the dashboard view.
5818,2690-DVRVK,2026-08-30,,billing,medium,open,,Reported a failed payment and requested a retry.
5819,5688-KZTSN,2026-07-04,,other,low,open,,General question about plan upgrade options.
5820,1270-XKUCC,2026-06-15,2026-06-15,technical,medium,closed,11.16,Requested help configuring an integration.
5821,1270-XKUCC,2026-04-25,2026-04-25,billing,medium,closed,13.72,Requested a refund for a duplicate charge.
5822,2894-QOJRX,2026-07-21,2026-07-22,other,high,closed,35.26,Asked about cancellation policy and notice period.
5823,2894-QOJRX,2026-09-04,2026-09-05,technical,medium,closed,46.79,Reported repeated login failures over the past week.
5824,5747-PMBSQ,2026-06-27,2026-06-27,other,low,closed,5.01,Asked about cancellation policy and notice period.
5825,5747-PMBSQ,2026-06-12,,billing,medium,open,,Asked why the monthly charge increased without notice.
5826,3143-JQEGI,2026-04-20,,billing,low,open,,Customer disputes a charge on their most recent invoice.
5827,3143-JQEGI,2026-06-26,2026-06-27,technical,medium,closed,44.21,Feature X is not syncing data correctly.
5828,9441-QHEVC,2026-08-15,,technical,high,open,,Reported repeated login failures over the past week.
5829,3370-GQEAL,2026-07-16,,billing,low,open,,Asked why the monthly charge increased without notice.
5830,3370-GQEAL,2026-07-17,,technical,low,open,,Requested help configuring an integration.
5831,3370-GQEAL,2026-07-01,2026-07-02,other,medium,closed,44.27,Provided feedback about the onboarding experience.
5832,5032-USPKF,2026-04-11,2026-04-11,other,low,closed,19.43,Provided feedback about the onboarding experience.
5833,2982-IHMFT,2026-04-18,2026-04-20,billing,medium,closed,54.06,Asked why the monthly charge increased without notice.
5834,2982-IHMFT,2026-05-30,,technical,medium,open,,Requested help configuring an integration.
5835,2982-IHMFT,2026-05-26,2026-05-26,billing,medium,closed,17.3,Customer disputes a charge on their most recent invoice.
5836,3521-SYVOR,2026-05-12,2026-05-15,billing,low,closed,76.06,Reported a failed payment and requested a retry.
5837,3521-SYVOR,2026-04-12,,billing,high,open,,Requested a refund for a duplicate charge.
5838,4254-QPEDE,2026-08-25,,other,high,open,,Asked about cancellation policy and notice period.
5839,4254-QPEDE,2026-07-03,2026-07-04,other,low,closed,29.14,Requested a copy of past invoices.
5840,6283-GITPX,2026-08-04,2026-08-05,technical,low,closed,28.93,Feature X is not syncing data correctly.
5841,6283-GITPX,2026-04-14,2026-04-15,other,high,closed,45.9,Requested a copy of past invoices.
5842,9526-JAWYF,2026-04-25,2026-04-26,technical,high,closed,36.35,Requested help configuring an integration.
5843,9788-HNGUT,2026-08-28,,billing,low,open,,Requested a refund for a duplicate charge.
5844,5375-XLDOF,2026-07-20,2026-07-20,billing,low,closed,4.61,Asked why the monthly charge increased without notice.
5845,5375-XLDOF,2026-07-09,2026-07-09,billing,medium,closed,3.48,Asked why the monthly charge increased without notice.
5846,1172-VIYBP,2026-08-18,,technical,medium,open,,Feature X is not syncing data correctly.
5847,5649-VUKMC,2026-07-10,2026-07-11,billing,low,closed,41.24,Reported a failed payment and requested a retry.
5848,5649-VUKMC,2026-05-24,,technical,low,open,,App crashes when loading the dashboard view.
5849,5649-VUKMC,2026-06-27,,billing,medium,open,,Requested a refund for a duplicate charge.
5850,6559-PDZLR,2026-07-19,2026-07-20,technical,low,closed,45.24,Reported repeated login failures over the past week.
5851,8992-OBVDG,2026-07-20,2026-07-20,technical,high,closed,21.62,Requested help configuring an integration.
5852,4273-MBHYA,2026-06-09,2026-06-10,technical,medium,closed,34.86,Reported repeated login failures over the past week.
5853,4273-MBHYA,2026-08-01,2026-08-01,billing,low,closed,5.59,Reported a failed payment and requested a retry.
5854,4724-WXVWF,2026-08-06,2026-08-06,billing,low,closed,13.83,Asked why the monthly charge increased without notice.
5855,5701-GUXDC,2026-05-06,2026-05-07,other,low,closed,38.34,General question about plan upgrade options.
5856,2495-TTHBQ,2026-03-26,2026-03-27,technical,high,closed,28.44,Reported repeated login failures over the past week.
5857,0485-ZBSLN,2026-04-21,2026-04-22,technical,medium,closed,45.3,Feature X is not syncing data correctly.
5858,0485-ZBSLN,2026-05-20,2026-05-21,billing,medium,closed,42.76,Requested a refund for a duplicate charge.
5859,0485-ZBSLN,2026-06-08,2026-06-08,technical,medium,closed,16.16,Feature X is not syncing data correctly.
5860,3810-PJUHR,2026-04-15,2026-04-15,other,medium,closed,20.46,Requested a copy of past invoices.
5861,9050-QLROH,2026-06-01,2026-06-01,technical,medium,closed,16.14,App crashes when loading the dashboard view.
5862,0847-HGRML,2026-07-18,,billing,low,open,,Customer disputes a charge on their most recent invoice.
5863,8232-CTLKO,2026-05-20,2026-05-20,other,medium,closed,14.57,Asked about cancellation policy and notice period.
5864,8232-CTLKO,2026-08-12,2026-08-13,technical,high,closed,43.07,Feature X is not syncing data correctly.
5865,9227-YBAXE,2026-04-12,,billing,low,open,,Customer disputes a charge on their most recent invoice.
5866,6168-WFVVF,2026-03-24,,billing,low,open,,Reported a failed payment and requested a retry.
5867,6168-WFVVF,2026-08-17,,other,medium,open,,General question about plan upgrade options.
5868,6168-WFVVF,2026-05-06,2026-05-07,technical,high,closed,45.02,Requested help configuring an integration.
5869,6168-WFVVF,2026-05-09,,billing,low,open,,Asked why the monthly charge increased without notice.
5870,6168-WFVVF,2026-06-01,2026-06-01,billing,high,closed,19.56,Requested a refund for a duplicate charge.
5871,9860-LISIZ,2026-04-21,2026-04-21,billing,high,closed,18.98,Requested a refund for a duplicate charge.
5872,0877-SDMBN,2026-06-18,2026-06-19,billing,medium,closed,35.01,Reported a failed payment and requested a retry.
5873,2786-GCDPI,2026-05-19,2026-05-20,technical,medium,closed,25.21,Feature X is not syncing data correctly.
5874,4043-MKDTV,2026-07-17,,technical,low,open,,Feature X is not syncing data correctly.
5875,4043-MKDTV,2026-08-14,2026-08-14,billing,high,closed,10.99,Asked why the monthly charge increased without notice.
5876,8065-YKXKD,2026-07-29,2026-07-29,other,low,closed,1.17,Asked about cancellation policy and notice period.
5877,9637-EIHEQ,2026-03-24,2026-03-24,other,medium,closed,3.15,General question about plan upgrade options.
5878,9637-EIHEQ,2026-03-23,2026-03-23,billing,medium,closed,22.5,Asked why the monthly charge increased without notice.
5879,9637-EIHEQ,2026-08-12,2026-08-13,billing,medium,closed,42.41,Customer disputes a charge on their most recent invoice.
5880,8313-KTIHG,2026-05-08,2026-05-09,billing,medium,closed,27.95,Requested a refund for a duplicate charge.
5881,5320-BRKGK,2026-06-20,2026-06-21,billing,high,closed,41.81,Reported a failed payment and requested a retry.
5882,9465-RWMXL,2026-06-20,,billing,medium,open,,Customer disputes a charge on their most recent invoice.
5883,9465-RWMXL,2026-09-09,,other,low,open,,Requested a copy of past invoices.
5884,2362-IBOOY,2026-05-01,2026-05-01,billing,high,closed,10.83,Requested a refund for a duplicate charge.
5885,0843-WTBXE,2026-06-22,2026-06-25,billing,medium,closed,75.62,Reported a failed payment and requested a retry.
5886,6143-JQKEA,2026-07-04,2026-07-05,other,low,closed,28.84,General question about plan upgrade options.
5887,6143-JQKEA,2026-08-01,2026-08-01,billing,low,closed,16.64,Requested a refund for a duplicate charge.
5888,8676-OOQEJ,2026-07-12,,technical,medium,open,,Feature X is not syncing data correctly.
5889,5515-IDEJJ,2026-05-10,,billing,low,open,,Customer disputes a charge on their most recent invoice.
5890,5515-IDEJJ,2026-09-11,2026-09-11,billing,low,closed,8.01,Customer disputes a charge on their most recent invoice.
5891,5515-IDEJJ,2026-07-05,2026-07-06,billing,medium,closed,26.95,Customer disputes a charge on their most recent invoice.
5892,9701-CDXHR,2026-06-20,,billing,medium,open,,Reported a failed payment and requested a retry.
5893,7450-NWRTR,2026-05-04,2026-05-04,technical,medium,closed,7.53,App crashes when loading the dashboard view.
5894,7450-NWRTR,2026-07-29,2026-07-31,billing,medium,closed,62.31,Asked why the monthly charge increased without notice.
5895,7450-NWRTR,2026-07-08,,other,low,open,,Provided feedback about the onboarding experience.
5896,7450-NWRTR,2026-04-10,2026-04-10,billing,low,closed,21.81,Customer disputes a charge on their most recent invoice.
5897,7450-NWRTR,2026-08-24,2026-08-27,other,medium,closed,73.3,Asked about cancellation policy and notice period.
5898,7450-NWRTR,2026-09-04,2026-09-07,other,medium,closed,83.52,Asked about cancellation policy and notice period.
5899,2162-FRZAA,2026-07-09,2026-07-10,billing,low,closed,30.13,Reported a failed payment and requested a retry.
5900,2162-FRZAA,2026-07-27,2026-07-27,technical,low,closed,21.95,Feature X is not syncing data correctly.
5901,9095-HFAFX,2026-05-23,,other,medium,open,,Provided feedback about the onboarding experience.
5902,9095-HFAFX,2026-03-24,2026-03-25,other,low,closed,26.05,Provided feedback about the onboarding experience.
5903,5627-TVBPP,2026-05-09,2026-05-10,technical,low,closed,42.69,Feature X is not syncing data correctly.
5904,2379-ENZGV,2026-08-13,,billing,low,open,,Customer disputes a charge on their most recent invoice.
5905,2379-ENZGV,2026-04-02,2026-04-05,billing,medium,closed,74.52,Asked why the monthly charge increased without notice.
5906,3936-QQFLL,2026-04-22,,technical,high,open,,Reported repeated login failures over the past week.
5907,2589-AYCRP,2026-06-14,2026-06-15,technical,low,closed,42.25,Reported repeated login failures over the past week.
5908,4067-HLYQI,2026-05-03,2026-05-03,technical,medium,closed,6.08,App crashes when loading the dashboard view.
5909,4097-YODCF,2026-03-24,2026-03-24,billing,low,closed,8.25,Reported a failed payment and requested a retry.
5910,4097-YODCF,2026-07-08,2026-07-09,billing,medium,closed,42.9,Asked why the monthly charge increased without notice.
5911,4097-YODCF,2026-08-21,2026-08-21,other,high,closed,18.64,Requested a copy of past invoices.
5912,6407-GSJNL,2026-06-23,2026-06-24,billing,medium,closed,46.51,Asked why the monthly charge increased without notice.
5913,6005-OBZPH,2026-05-06,,billing,high,open,,Customer disputes a charge on their most recent invoice.
5914,2722-VOJQL,2026-07-12,2026-07-15,other,medium,closed,77.29,Provided feedback about the onboarding experience.
5915,9715-SBVSU,2026-09-10,2026-09-10,billing,low,closed,5.09,Requested a refund for a duplicate charge.
5916,8490-BXHEO,2026-06-16,,technical,low,open,,Requested help configuring an integration.
5917,7929-SKFGK,2026-07-10,2026-07-10,billing,medium,closed,13.91,Asked why the monthly charge increased without notice.
5918,2300-RQGOI,2026-08-11,2026-08-12,technical,medium,closed,26.93,Feature X is not syncing data correctly.
5919,4998-IKFSE,2026-07-13,2026-07-13,technical,low,closed,16.35,Reported repeated login failures over the past week.
5920,4998-IKFSE,2026-08-06,2026-08-06,technical,high,closed,21.4,Requested help configuring an integration.
5921,4998-IKFSE,2026-04-11,2026-04-12,other,low,closed,36.75,Asked about cancellation policy and notice period.
5922,9488-FVZCC,2026-07-23,,other,high,open,,General question about plan upgrade options.
5923,5995-WWKKG,2026-05-15,,technical,medium,open,,Reported repeated login failures over the past week.
5924,7879-CGSFV,2026-05-28,2026-05-28,technical,high,closed,19.44,Requested help configuring an integration.
5925,7879-CGSFV,2026-09-01,2026-09-02,technical,high,closed,37.16,App crashes when loading the dashboard view.
5926,9921-EZKBY,2026-08-25,2026-08-26,other,medium,closed,36.83,Asked about cancellation policy and notice period.
5927,7432-FFVAR,2026-05-05,2026-05-05,technical,high,closed,11.35,App crashes when loading the dashboard view.
5928,7246-ZGQDF,2026-09-14,2026-09-14,billing,medium,closed,1.71,Reported a failed payment and requested a retry.
5929,0727-IWKVK,2026-03-31,2026-03-31,other,medium,closed,8.65,Asked about cancellation policy and notice period.
5930,5959-BELXA,2026-07-28,2026-07-30,billing,medium,closed,57.77,Requested a refund for a duplicate charge.
5931,5959-BELXA,2026-06-22,2026-06-25,billing,low,closed,80.9,Requested a refund for a duplicate charge.
5932,4456-RHSNB,2026-06-22,2026-06-22,billing,medium,closed,17.0,Requested a refund for a duplicate charge.
5933,4456-RHSNB,2026-07-29,,technical,high,open,,App crashes when loading the dashboard view.
5934,2481-SBOYW,2026-09-12,2026-09-12,other,low,closed,4.46,Requested a copy of past invoices.
5935,2481-SBOYW,2026-04-14,2026-04-15,other,medium,closed,38.01,Provided feedback about the onboarding experience.
5936,7109-MFBYV,2026-09-05,2026-09-06,billing,medium,closed,24.72,Customer disputes a charge on their most recent invoice.
5937,1833-TCXKK,2026-04-22,,other,low,open,,Requested a copy of past invoices.
5938,1833-TCXKK,2026-08-03,2026-08-03,other,low,closed,23.14,General question about plan upgrade options.
5939,1832-PEUTS,2026-07-04,,billing,low,open,,Reported a failed payment and requested a retry.
5940,6141-OOXUQ,2026-07-26,2026-07-27,billing,low,closed,28.94,Reported a failed payment and requested a retry.
5941,6141-OOXUQ,2026-07-23,2026-07-23,billing,low,closed,9.39,Asked why the monthly charge increased without notice.
5942,8660-BUETV,2026-07-03,2026-07-04,billing,high,closed,40.44,Reported a failed payment and requested a retry.
5943,7503-ZGUZJ,2026-05-20,2026-05-20,billing,low,closed,3.75,Requested a refund for a duplicate charge.
5944,7503-ZGUZJ,2026-07-18,,other,high,open,,Asked about cancellation policy and notice period.
5945,1696-HXOWK,2026-08-18,2026-08-18,billing,medium,closed,2.64,Asked why the monthly charge increased without notice.
5946,3026-ATZYV,2026-07-15,2026-07-15,other,medium,closed,16.06,Provided feedback about the onboarding experience.
5947,4012-YCFAI,2026-08-07,,other,medium,open,,General question about plan upgrade options.
5948,2506-TNFCO,2026-07-20,2026-07-22,billing,high,closed,52.61,Customer disputes a charge on their most recent invoice.
5949,8718-PTMEZ,2026-08-29,2026-08-30,billing,high,closed,47.53,Reported a failed payment and requested a retry.
5950,9496-IVVRP,2026-05-18,,other,high,open,,Asked about cancellation policy and notice period.
5951,9496-IVVRP,2026-03-30,,other,high,open,,Asked about cancellation policy and notice period.
5952,9496-IVVRP,2026-07-27,2026-07-27,billing,high,closed,17.61,Asked why the monthly charge increased without notice.
5953,2207-OBZNX,2026-08-22,2026-08-22,billing,low,closed,8.15,Asked why the monthly charge increased without notice.
5954,2207-OBZNX,2026-08-24,2026-08-26,other,high,closed,48.49,Provided feedback about the onboarding experience.
5955,2207-OBZNX,2026-03-29,2026-03-31,other,high,closed,66.84,Requested a copy of past invoices.
5956,2207-OBZNX,2026-09-04,2026-09-05,other,medium,closed,33.2,Asked about cancellation policy and notice period.
5957,2657-VPXTA,2026-08-12,2026-08-13,billing,high,closed,42.16,Asked why the monthly charge increased without notice.
5958,6551-VLJMV,2026-04-12,2026-04-12,other,high,closed,22.34,Provided feedback about the onboarding experience.
5959,6551-VLJMV,2026-07-13,2026-07-14,billing,high,closed,28.34,Reported a failed payment and requested a retry.
5960,6142-VSJQO,2026-09-04,,technical,medium,open,,Requested help configuring an integration.
5961,6142-VSJQO,2026-05-09,2026-05-10,other,high,closed,32.45,Asked about cancellation policy and notice period.
5962,6142-VSJQO,2026-06-18,,technical,medium,open,,Reported repeated login failures over the past week.
5963,6142-VSJQO,2026-05-27,,billing,high,open,,Customer disputes a charge on their most recent invoice.
5964,3458-IDMFK,2026-05-17,2026-05-17,billing,high,closed,14.92,Requested a refund for a duplicate charge.
5965,0221-NAUXK,2026-09-10,2026-09-10,other,low,closed,7.5,Asked about cancellation policy and notice period.
5966,0221-NAUXK,2026-04-06,2026-04-06,technical,low,closed,21.81,Feature X is not syncing data correctly.
5967,6538-POCHL,2026-05-15,,billing,medium,open,,Customer disputes a charge on their most recent invoice.
5968,6538-POCHL,2026-05-17,2026-05-18,technical,high,closed,32.76,Feature X is not syncing data correctly.
5969,6538-POCHL,2026-05-16,,technical,medium,open,,Requested help configuring an integration.
5970,6726-NNFWD,2026-06-09,2026-06-09,other,high,closed,7.16,General question about plan upgrade options.
5971,3002-WQZWT,2026-06-17,2026-06-17,billing,high,closed,10.78,Customer disputes a charge on their most recent invoice.
5972,3002-WQZWT,2026-04-26,2026-04-27,other,medium,closed,46.24,General question about plan upgrade options.
5973,4277-UDIEF,2026-03-30,2026-03-30,technical,high,closed,14.88,Requested help configuring an integration.
5974,4277-UDIEF,2026-04-01,2026-04-02,billing,high,closed,43.86,Asked why the monthly charge increased without notice.
5975,4912-PIGUY,2026-08-24,,other,low,open,,Requested a copy of past invoices.
5976,1114-CENIM,2026-03-23,,billing,high,open,,Reported a failed payment and requested a retry.
5977,1114-CENIM,2026-09-07,2026-09-09,billing,medium,closed,48.89,Requested a refund for a duplicate charge.
5978,1114-CENIM,2026-07-12,,technical,high,open,,Reported repeated login failures over the past week.
5979,6060-DRTNL,2026-06-29,,other,medium,open,,Provided feedback about the onboarding experience.
5980,6060-DRTNL,2026-05-18,2026-05-18,technical,low,closed,13.33,Reported repeated login failures over the past week.
5981,6060-DRTNL,2026-06-09,,billing,medium,open,,Customer disputes a charge on their most recent invoice.
5982,8990-ZXLSU,2026-05-18,,technical,high,open,,Reported repeated login failures over the past week.
5983,8990-ZXLSU,2026-05-12,,billing,low,open,,Requested a refund for a duplicate charge.
5984,8990-ZXLSU,2026-08-21,2026-08-22,other,medium,closed,47.84,Asked about cancellation policy and notice period.
5985,2275-RBYQS,2026-08-01,2026-08-01,billing,low,closed,2.95,Asked why the monthly charge increased without notice.
5986,8473-VUVJN,2026-04-05,2026-04-07,billing,medium,closed,54.41,Reported a failed payment and requested a retry.
5987,6289-CPNLD,2026-06-26,2026-06-26,billing,low,closed,16.38,Requested a refund for a duplicate charge.
5988,6289-CPNLD,2026-06-08,2026-06-09,technical,medium,closed,27.49,Feature X is not syncing data correctly.
5989,6289-CPNLD,2026-08-14,,billing,medium,open,,Requested a refund for a duplicate charge.
5990,5536-SLHPM,2026-06-17,,billing,medium,open,,Asked why the monthly charge increased without notice.
5991,4419-UJMUS,2026-07-03,2026-07-04,technical,medium,closed,27.22,Feature X is not syncing data correctly.
5992,4419-UJMUS,2026-05-04,,technical,medium,open,,App crashes when loading the dashboard view.
5993,4419-UJMUS,2026-05-24,2026-05-25,billing,low,closed,27.22,Reported a failed payment and requested a retry.
5994,7794-JASDG,2026-05-14,2026-05-15,billing,medium,closed,34.87,Customer disputes a charge on their most recent invoice.
5995,7609-YBPXG,2026-09-06,,billing,medium,open,,Customer disputes a charge on their most recent invoice.
5996,5519-TEEUH,2026-04-05,2026-04-05,other,medium,closed,13.72,Provided feedback about the onboarding experience.
5997,5519-TEEUH,2026-05-29,2026-05-29,billing,low,closed,5.82,Customer disputes a charge on their most recent invoice.
5998,5519-TEEUH,2026-05-14,2026-05-15,billing,low,closed,44.23,Customer disputes a charge on their most recent invoice.
5999,7856-GANIL,2026-08-17,2026-08-18,technical,medium,closed,46.28,Reported repeated login failures over the past week.
6000,0804-XBFBV,2026-08-25,2026-08-26,billing,low,closed,29.68,Customer disputes a charge on their most recent invoice.
6001,0804-XBFBV,2026-06-27,2026-06-28,billing,medium,closed,35.45,Customer disputes a charge on their most recent invoice.
6002,2676-OXPPQ,2026-06-02,,technical,low,open,,Reported repeated login failures over the past week.
6003,2676-OXPPQ,2026-07-26,2026-07-26,other,low,closed,7.99,Requested a copy of past invoices.
6004,3703-TTEPD,2026-05-25,,other,low,open,,General question about plan upgrade options.
6005,0196-VULGZ,2026-05-19,2026-05-19,technical,high,closed,18.96,Reported repeated login failures over the past week.
6006,2696-NARTR,2026-07-11,,other,medium,open,,Provided feedback about the onboarding experience.
6007,2208-NKVVH,2026-05-04,,other,high,open,,Provided feedback about the onboarding experience.
6008,2208-NKVVH,2026-06-22,,other,medium,open,,Asked about cancellation policy and notice period.
6009,1976-CFOCS,2026-08-10,2026-08-12,billing,medium,closed,64.04,Asked why the monthly charge increased without notice.
6010,1976-CFOCS,2026-09-04,,technical,low,open,,Requested help configuring an integration.
6011,1976-CFOCS,2026-09-04,2026-09-05,billing,medium,closed,36.19,Requested a refund for a duplicate charge.
6012,1976-CFOCS,2026-03-21,,billing,medium,open,,Asked why the monthly charge increased without notice.
6013,1976-CFOCS,2026-08-12,,billing,low,open,,Customer disputes a charge on their most recent invoice.
6014,4631-OACRM,2026-03-28,2026-03-31,technical,low,closed,75.46,Feature X is not syncing data correctly.
6015,4631-OACRM,2026-08-02,2026-08-03,billing,high,closed,43.83,Customer disputes a charge on their most recent invoice.
6016,7139-JZFVG,2026-06-19,2026-06-20,billing,medium,closed,34.78,Reported a failed payment and requested a retry.
6017,7139-JZFVG,2026-07-05,2026-07-05,billing,medium,closed,11.5,Reported a failed payment and requested a retry.
6018,4987-GQWPO,2026-04-24,2026-04-25,other,medium,closed,29.83,Requested a copy of past invoices.
6019,4987-GQWPO,2026-05-10,2026-05-10,other,medium,closed,11.58,Provided feedback about the onboarding experience.
6020,4987-GQWPO,2026-06-25,,technical,low,open,,Reported repeated login failures over the past week.
6021,3755-JBMNH,2026-08-04,,billing,medium,open,,Reported a failed payment and requested a retry.
6022,3755-JBMNH,2026-07-31,2026-08-03,billing,low,closed,76.26,Customer disputes a charge on their most recent invoice.
6023,3755-JBMNH,2026-08-01,2026-08-02,other,medium,closed,30.32,Requested a copy of past invoices.
6024,1757-TCATG,2026-09-01,2026-09-01,technical,low,closed,8.36,App crashes when loading the dashboard view.
6025,6345-ULYRW,2026-07-06,2026-07-06,technical,medium,closed,5.15,Requested help configuring an integration.
6026,6345-ULYRW,2026-07-03,2026-07-04,billing,medium,closed,25.78,Requested a refund for a duplicate charge.
6027,6010-DDPPW,2026-07-16,2026-07-16,technical,low,closed,14.37,App crashes when loading the dashboard view.
6028,0623-GDISB,2026-03-25,2026-03-26,billing,medium,closed,35.61,Requested a refund for a duplicate charge.
6029,0623-GDISB,2026-08-31,,billing,low,open,,Reported a failed payment and requested a retry.
6030,2892-GESUL,2026-08-19,,technical,medium,open,,Requested help configuring an integration.
6031,2892-GESUL,2026-04-10,2026-04-11,technical,high,closed,28.08,Feature X is not syncing data correctly.
6032,6923-EFPNL,2026-06-09,,technical,medium,open,,Feature X is not syncing data correctly.
6033,6923-EFPNL,2026-03-31,2026-03-31,other,high,closed,11.58,Provided feedback about the onboarding experience.
6034,9574-RKJIF,2026-08-04,,billing,high,open,,Reported a failed payment and requested a retry.
6035,9574-RKJIF,2026-04-22,,technical,low,open,,Requested help configuring an integration.
6036,3863-QSTYI,2026-09-14,2026-09-15,other,medium,closed,43.93,General question about plan upgrade options.
6037,3863-QSTYI,2026-06-28,,technical,medium,open,,Reported repeated login failures over the past week.
6038,2619-WFQWU,2026-09-06,2026-09-08,billing,medium,closed,66.04,Requested a refund for a duplicate charge.
6039,2619-WFQWU,2026-04-01,2026-04-02,other,low,closed,34.02,Asked about cancellation policy and notice period.
6040,1716-LSAMB,2026-08-11,2026-08-11,other,low,closed,7.63,General question about plan upgrade options.
6041,1716-LSAMB,2026-06-20,2026-06-20,other,medium,closed,18.13,Requested a copy of past invoices.
6042,1716-LSAMB,2026-05-15,2026-05-16,technical,medium,closed,33.87,Feature X is not syncing data correctly.
6043,1333-PBMXB,2026-05-05,2026-05-06,billing,high,closed,35.34,Reported a failed payment and requested a retry.
6044,6546-OPBBH,2026-04-22,,billing,high,open,,Reported a failed payment and requested a retry.
6045,6546-OPBBH,2026-07-09,2026-07-10,technical,medium,closed,42.0,App crashes when loading the dashboard view.
6046,6546-OPBBH,2026-09-11,2026-09-12,billing,medium,closed,47.48,Reported a failed payment and requested a retry.
6047,6546-OPBBH,2026-05-29,,billing,medium,open,,Asked why the monthly charge increased without notice.
6048,5985-BEHZK,2026-05-21,2026-05-22,technical,low,closed,45.79,Reported repeated login failures over the past week.
6049,5985-BEHZK,2026-05-10,2026-05-10,other,low,closed,12.22,General question about plan upgrade options.
6050,5985-BEHZK,2026-06-16,2026-06-17,billing,medium,closed,35.89,Customer disputes a charge on their most recent invoice.
6051,9127-QRZMH,2026-08-04,,technical,high,open,,Requested help configuring an integration.
6052,5919-VCZYM,2026-06-27,2026-06-28,technical,medium,closed,34.05,App crashes when loading the dashboard view.
6053,5919-VCZYM,2026-05-26,2026-05-27,technical,medium,closed,39.85,Feature X is not syncing data correctly.
6054,2137-DQMEV,2026-04-23,2026-04-23,other,low,closed,23.48,Provided feedback about the onboarding experience.
6055,8174-LNWMW,2026-07-25,2026-07-26,technical,low,closed,41.35,Requested help configuring an integration.
6056,9279-CJEOJ,2026-08-08,2026-08-09,billing,medium,closed,43.32,Requested a refund for a duplicate charge.
6057,9279-CJEOJ,2026-06-18,2026-06-19,other,medium,closed,43.44,Requested a copy of past invoices.
6058,7964-VEXDG,2026-07-04,2026-07-05,other,medium,closed,43.57,General question about plan upgrade options.
6059,7964-VEXDG,2026-08-30,2026-08-30,technical,high,closed,1.18,Requested help configuring an integration.
6060,2404-JIBFC,2026-04-05,,technical,medium,open,,Feature X is not syncing data correctly.
6061,0778-NELLA,2026-04-25,2026-04-26,technical,high,closed,41.19,Reported repeated login failures over the past week.
6062,4614-NUVZD,2026-06-24,,technical,medium,open,,Requested help configuring an integration.
6063,4614-NUVZD,2026-04-18,,billing,high,open,,Asked why the monthly charge increased without notice.
6064,4632-PAOYU,2026-07-18,,technical,low,open,,App crashes when loading the dashboard view.
6065,4632-PAOYU,2026-09-15,,billing,medium,open,,Asked why the monthly charge increased without notice.
6066,4632-PAOYU,2026-06-18,2026-06-18,technical,high,closed,14.83,Feature X is not syncing data correctly.
6067,6804-GDMOI,2026-06-04,,billing,medium,open,,Customer disputes a charge on their most recent invoice.
6068,6804-GDMOI,2026-04-22,2026-04-23,billing,high,closed,33.14,Reported a failed payment and requested a retry.
6069,2990-OGYTD,2026-05-01,,technical,medium,open,,Reported repeated login failures over the past week.
6070,9572-MTILT,2026-04-19,,other,low,open,,Provided feedback about the onboarding experience.
6071,9572-MTILT,2026-03-27,,billing,medium,open,,Reported a failed payment and requested a retry.
6072,9572-MTILT,2026-06-16,2026-06-17,billing,medium,closed,34.25,Customer disputes a charge on their most recent invoice.
6073,7658-UYUQS,2026-08-26,2026-08-27,technical,low,closed,34.9,App crashes when loading the dashboard view.
6074,7880-XSOJX,2026-04-28,,billing,medium,open,,Asked why the monthly charge increased without notice.
6075,7880-XSOJX,2026-08-20,,other,medium,open,,Provided feedback about the onboarding experience.
6076,0329-GTIAJ,2026-06-29,2026-06-29,billing,low,closed,17.92,Customer disputes a charge on their most recent invoice.
6077,8457-XIGKN,2026-08-06,2026-08-06,billing,low,closed,23.48,Requested a refund for a duplicate charge.
6078,6072-NUQCB,2026-04-14,2026-04-15,billing,medium,closed,25.35,Reported a failed payment and requested a retry.
6079,8838-GPHZP,2026-04-15,,technical,medium,open,,Requested help configuring an integration.
6080,8750-QWZAJ,2026-07-12,2026-07-13,other,medium,closed,28.36,Provided feedback about the onboarding experience.
6081,8750-QWZAJ,2026-03-26,2026-03-26,technical,high,closed,15.86,Requested help configuring an integration.
6082,5364-EVNIB,2026-08-15,2026-08-16,other,high,closed,32.41,Requested a copy of past invoices.
6083,0675-NCDYU,2026-05-07,,technical,medium,open,,Requested help configuring an integration.
6084,0675-NCDYU,2026-09-14,2026-09-14,billing,low,closed,1.63,Asked why the monthly charge increased without notice.
6085,6339-DKLMK,2026-09-10,2026-09-10,other,low,closed,7.97,Provided feedback about the onboarding experience.
6086,8023-QHAIO,2026-06-06,,technical,low,open,,Reported repeated login failures over the past week.
6087,8023-QHAIO,2026-08-04,2026-08-04,billing,high,closed,22.14,Asked why the monthly charge increased without notice.
6088,8023-QHAIO,2026-05-12,2026-05-12,technical,low,closed,3.19,Feature X is not syncing data correctly.
6089,5087-SUURX,2026-09-04,,technical,medium,open,,Feature X is not syncing data correctly.
6090,2270-CHBFN,2026-08-15,2026-08-15,other,medium,closed,10.18,Asked about cancellation policy and notice period.
6091,0013-EXCHZ,2026-07-14,2026-07-16,billing,medium,closed,53.61,Requested a refund for a duplicate charge.
6092,0013-EXCHZ,2026-05-23,,billing,medium,open,,Asked why the monthly charge increased without notice.
6093,0013-EXCHZ,2026-05-13,2026-05-14,billing,medium,closed,24.94,Asked why the monthly charge increased without notice.
6094,0013-EXCHZ,2026-08-12,2026-08-13,billing,medium,closed,30.56,Reported a failed payment and requested a retry.
6095,9107-UKCKY,2026-05-24,,technical,medium,open,,Reported repeated login failures over the past week.
6096,4654-ULTTN,2026-09-04,2026-09-05,technical,medium,closed,45.92,App crashes when loading the dashboard view.
6097,4654-ULTTN,2026-06-02,2026-06-02,technical,medium,closed,23.18,Reported repeated login failures over the past week.
6098,5550-VFRLC,2026-04-13,2026-04-13,other,medium,closed,23.65,Provided feedback about the onboarding experience.
6099,5546-BYZSM,2026-09-11,2026-09-11,other,medium,closed,22.54,Provided feedback about the onboarding experience.
6100,4929-BSTRX,2026-06-27,2026-06-27,billing,medium,closed,15.25,Requested a refund for a duplicate charge.
6101,4929-BSTRX,2026-04-01,2026-04-02,other,medium,closed,32.96,Provided feedback about the onboarding experience.
6102,4163-HFTUK,2026-07-11,2026-07-12,other,medium,closed,24.19,Provided feedback about the onboarding experience.
6103,8215-NGSPE,2026-03-31,2026-03-31,other,medium,closed,19.26,Requested a copy of past invoices.
6104,8215-NGSPE,2026-08-04,2026-08-04,billing,low,closed,11.55,Reported a failed payment and requested a retry.
6105,8215-NGSPE,2026-07-09,2026-07-09,technical,medium,closed,6.94,App crashes when loading the dashboard view.
6106,2225-ZRGSG,2026-05-30,2026-06-02,technical,medium,closed,78.55,App crashes when loading the dashboard view.
6107,2225-ZRGSG,2026-07-15,2026-07-17,technical,high,closed,53.89,Reported repeated login failures over the past week.
6108,8859-YSTWS,2026-08-13,2026-08-14,technical,medium,closed,34.62,Requested help configuring an integration.
6109,5271-YNWVR,2026-07-24,,other,medium,open,,Provided feedback about the onboarding experience.
6110,5271-YNWVR,2026-07-10,2026-07-12,billing,medium,closed,59.51,Customer disputes a charge on their most recent invoice.
6111,7601-DHFWZ,2026-07-21,2026-07-22,technical,medium,closed,47.56,Feature X is not syncing data correctly.
6112,7601-DHFWZ,2026-04-07,,billing,low,open,,Reported a failed payment and requested a retry.
6113,6330-JKLPC,2026-08-17,2026-08-19,other,high,closed,58.03,Provided feedback about the onboarding experience.
6114,6330-JKLPC,2026-04-08,,billing,medium,open,,Requested a refund for a duplicate charge.
6115,6330-JKLPC,2026-07-12,,technical,medium,open,,App crashes when loading the dashboard view.
6116,6330-JKLPC,2026-09-12,,other,low,open,,Provided feedback about the onboarding experience.
6117,6330-JKLPC,2026-08-28,2026-08-30,billing,low,closed,65.88,Customer disputes a charge on their most recent invoice.
6118,4667-OHGKG,2026-03-22,2026-03-23,billing,high,closed,42.39,Customer disputes a charge on their most recent invoice.
6119,1660-HSOOQ,2026-05-07,2026-05-08,technical,medium,closed,39.75,Requested help configuring an integration.
6120,1660-HSOOQ,2026-04-12,2026-04-13,technical,high,closed,39.28,Requested help configuring an integration.
6121,7253-UVNDW,2026-08-21,2026-08-21,billing,medium,closed,11.53,Reported a failed payment and requested a retry.
6122,5063-IUOKK,2026-06-22,2026-06-22,billing,medium,closed,22.76,Asked why the monthly charge increased without notice.
6123,5063-IUOKK,2026-06-26,2026-06-27,other,medium,closed,47.46,General question about plan upgrade options.
6124,4508-OEBEY,2026-03-28,2026-03-29,technical,high,closed,41.39,Requested help configuring an integration.
6125,2308-STERM,2026-05-21,2026-05-22,technical,high,closed,28.01,App crashes when loading the dashboard view.
6126,2344-JMOGN,2026-06-08,,technical,low,open,,App crashes when loading the dashboard view.
6127,2344-JMOGN,2026-05-23,,billing,medium,open,,Customer disputes a charge on their most recent invoice.
6128,3799-ISUZQ,2026-04-02,2026-04-02,billing,medium,closed,11.69,Reported a failed payment and requested a retry.
6129,3799-ISUZQ,2026-04-14,,other,medium,open,,Requested a copy of past invoices.
6130,2877-VDUER,2026-06-28,2026-06-29,billing,high,closed,37.01,Asked why the monthly charge increased without notice.
6131,9152-AMKAK,2026-03-28,2026-03-28,other,medium,closed,21.01,Provided feedback about the onboarding experience.
6132,9432-VOFYX,2026-05-31,2026-06-01,billing,medium,closed,24.84,Reported a failed payment and requested a retry.
6133,8049-WJCLQ,2026-03-31,,other,low,open,,General question about plan upgrade options.
6134,2460-FPSYH,2026-06-22,,billing,medium,open,,Customer disputes a charge on their most recent invoice.
6135,4818-DRBQT,2026-04-03,2026-04-04,other,medium,closed,25.14,General question about plan upgrade options.
6136,1320-HTRDR,2026-05-02,2026-05-04,billing,high,closed,48.43,Reported a failed payment and requested a retry.
6137,1320-HTRDR,2026-05-26,2026-05-28,billing,low,closed,55.24,Requested a refund for a duplicate charge.
6138,6847-KJLTS,2026-05-10,,technical,low,open,,Feature X is not syncing data correctly.
6139,3301-VKTGC,2026-09-02,2026-09-03,technical,medium,closed,42.23,Requested help configuring an integration.
6140,1493-AMTIE,2026-03-29,2026-03-31,billing,medium,closed,56.72,Requested a refund for a duplicate charge.
6141,1493-AMTIE,2026-07-02,2026-07-03,technical,medium,closed,32.47,Feature X is not syncing data correctly.
6142,1493-AMTIE,2026-08-04,2026-08-07,technical,low,closed,74.42,Feature X is not syncing data correctly.
6143,1493-AMTIE,2026-07-26,2026-07-26,billing,high,closed,2.81,Asked why the monthly charge increased without notice.
6144,1493-AMTIE,2026-09-07,,technical,high,open,,App crashes when loading the dashboard view.
6145,0816-TSPHQ,2026-07-16,2026-07-16,billing,high,closed,19.43,Asked why the monthly charge increased without notice.
6146,5286-YHCVC,2026-08-09,2026-08-09,technical,medium,closed,5.08,Feature X is not syncing data correctly.
6147,6424-ELEYH,2026-04-12,2026-04-15,billing,low,closed,75.1,Requested a refund for a duplicate charge.
6148,6424-ELEYH,2026-06-19,,other,high,open,,Provided feedback about the onboarding experience.
6149,6424-ELEYH,2026-06-14,,technical,low,open,,App crashes when loading the dashboard view.
6150,6424-ELEYH,2026-07-25,2026-07-26,billing,low,closed,38.16,Customer disputes a charge on their most recent invoice.
6151,6424-ELEYH,2026-07-28,,billing,low,open,,Requested a refund for a duplicate charge.
6152,4391-RESHN,2026-05-22,,other,low,open,,General question about plan upgrade options.
6153,2458-EOMRE,2026-03-25,2026-03-26,other,medium,closed,41.42,Requested a copy of past invoices.
6154,9334-GWGOW,2026-09-08,,billing,medium,open,,Customer disputes a charge on their most recent invoice.
6155,9334-GWGOW,2026-07-16,,billing,medium,open,,Asked why the monthly charge increased without notice.
6156,5028-HTLJB,2026-03-23,,billing,low,open,,Requested a refund for a duplicate charge.
6157,5028-HTLJB,2026-04-17,2026-04-17,billing,medium,closed,17.55,Asked why the monthly charge increased without notice.
6158,9801-GDWGV,2026-05-13,,technical,medium,open,,App crashes when loading the dashboard view.
6159,9801-GDWGV,2026-07-01,2026-07-03,technical,medium,closed,71.08,App crashes when loading the dashboard view.
6160,6542-LWGXJ,2026-07-02,2026-07-02,other,medium,closed,20.12,Requested a copy of past invoices.
6161,5567-GZKQY,2026-05-17,2026-05-18,billing,high,closed,44.47,Asked why the monthly charge increased without notice.
6162,2320-JRSDE,2026-06-17,,technical,medium,open,,Feature X is not syncing data correctly.
6163,2320-JRSDE,2026-04-21,2026-04-21,technical,medium,closed,10.46,App crashes when loading the dashboard view.
6164,2320-JRSDE,2026-04-04,2026-04-05,other,low,closed,26.3,Asked about cancellation policy and notice period.
6165,2320-JRSDE,2026-03-29,,technical,high,open,,App crashes when loading the dashboard view.
6166,2320-JRSDE,2026-06-20,2026-06-20,billing,medium,closed,7.54,Customer disputes a charge on their most recent invoice.
6167,2087-QAREY,2026-05-29,,other,low,open,,Requested a copy of past invoices.
6168,5143-WMWOG,2026-08-06,2026-08-07,technical,medium,closed,44.0,Reported repeated login failures over the past week.
6169,5143-WMWOG,2026-04-18,2026-04-21,other,medium,closed,82.47,Provided feedback about the onboarding experience.
6170,7452-FOLON,2026-08-09,2026-08-10,billing,high,closed,30.8,Customer disputes a charge on their most recent invoice.
6171,0231-LXVAP,2026-04-15,,billing,low,open,,Asked why the monthly charge increased without notice.
6172,0231-LXVAP,2026-09-07,2026-09-08,other,medium,closed,29.01,General question about plan upgrade options.
6173,5510-BOIUJ,2026-08-31,2026-09-02,billing,medium,closed,54.63,Asked why the monthly charge increased without notice.
6174,5510-BOIUJ,2026-04-21,,other,medium,open,,General question about plan upgrade options.
6175,5510-BOIUJ,2026-05-04,2026-05-06,technical,medium,closed,58.45,App crashes when loading the dashboard view.
6176,5510-BOIUJ,2026-08-12,,billing,medium,open,,Reported a failed payment and requested a retry.
6177,7502-BNYGS,2026-07-06,2026-07-06,other,high,closed,14.45,Provided feedback about the onboarding experience.
6178,6147-CBCRA,2026-06-19,2026-06-20,billing,low,closed,24.31,Customer disputes a charge on their most recent invoice.
6179,6047-SUHPR,2026-06-09,2026-06-09,technical,high,closed,20.87,Feature X is not syncing data correctly.
6180,9752-ZNQUT,2026-05-28,2026-05-29,technical,high,closed,38.72,App crashes when loading the dashboard view.
6181,7312-XSBAT,2026-06-08,2026-06-09,other,medium,closed,44.16,Asked about cancellation policy and notice period.
6182,0674-GCDXG,2026-07-28,2026-07-28,billing,high,closed,18.41,Customer disputes a charge on their most recent invoice.
6183,4396-KLSEH,2026-04-13,,technical,high,open,,App crashes when loading the dashboard view.
6184,2824-MYYBN,2026-05-02,,other,low,open,,Requested a copy of past invoices.
6185,2824-MYYBN,2026-04-20,2026-04-20,technical,low,closed,21.26,Requested help configuring an integration.
6186,0875-CABNR,2026-06-16,,billing,low,open,,Requested a refund for a duplicate charge.
6187,0875-CABNR,2026-06-05,2026-06-06,technical,high,closed,26.37,Requested help configuring an integration.
6188,6345-HOVES,2026-04-09,2026-04-09,billing,medium,closed,20.83,Requested a refund for a duplicate charge.
6189,6345-HOVES,2026-07-26,,technical,low,open,,App crashes when loading the dashboard view.
6190,8318-LCNBW,2026-04-13,,technical,medium,open,,Requested help configuring an integration.
6191,8318-LCNBW,2026-06-27,2026-06-28,technical,high,closed,28.44,Reported repeated login failures over the past week.
6192,0147-ESWWR,2026-08-21,,technical,low,open,,App crashes when loading the dashboard view.
6193,1217-VASWC,2026-04-21,2026-04-21,billing,low,closed,21.87,Asked why the monthly charge increased without notice.
6194,5915-DGNVC,2026-08-13,2026-08-14,technical,medium,closed,28.08,Reported repeated login failures over the past week.
6195,6260-XLACS,2026-09-05,2026-09-05,technical,medium,closed,10.83,App crashes when loading the dashboard view.
6196,3566-CAAYU,2026-08-06,,billing,medium,open,,Customer disputes a charge on their most recent invoice.
6197,4983-CCWMC,2026-04-14,2026-04-14,billing,medium,closed,14.22,Customer disputes a charge on their most recent invoice.
6198,2896-TBNBE,2026-04-24,2026-04-25,billing,medium,closed,27.66,Requested a refund for a duplicate charge.
6199,4797-AXPXK,2026-08-27,2026-08-27,other,medium,closed,10.95,Asked about cancellation policy and notice period.
6200,5229-PRWKT,2026-04-23,2026-04-26,billing,low,closed,82.41,Asked why the monthly charge increased without notice.
6201,5229-PRWKT,2026-04-26,,billing,low,open,,Requested a refund for a duplicate charge.
6202,2522-WLNSF,2026-06-16,2026-06-17,other,medium,closed,44.25,Requested a copy of past invoices.
6203,2522-WLNSF,2026-06-23,2026-06-23,other,medium,closed,9.0,Requested a copy of past invoices.
6204,5057-LCOUI,2026-04-09,2026-04-11,billing,high,closed,50.58,Reported a failed payment and requested a retry.
6205,5057-LCOUI,2026-08-10,2026-08-10,technical,medium,closed,14.85,Feature X is not syncing data correctly.
6206,0193-ESZXP,2026-04-14,2026-04-15,other,medium,closed,35.77,General question about plan upgrade options.
6207,0193-ESZXP,2026-05-27,2026-05-29,billing,medium,closed,52.25,Requested a refund for a duplicate charge.
6208,4369-HTUIF,2026-05-05,2026-05-07,technical,medium,closed,61.26,Feature X is not syncing data correctly.
6209,9585-KKMFD,2026-05-04,2026-05-04,technical,high,closed,4.74,Requested help configuring an integration.
6210,5399-ZIMKF,2026-04-22,2026-04-23,billing,low,closed,26.33,Requested a refund for a duplicate charge.
6211,5399-ZIMKF,2026-06-21,2026-06-21,billing,high,closed,14.24,Asked why the monthly charge increased without notice.
6212,5399-ZIMKF,2026-07-06,2026-07-06,technical,low,closed,22.26,Reported repeated login failures over the past week.
6213,5399-ZIMKF,2026-07-29,2026-07-29,billing,medium,closed,2.24,Customer disputes a charge on their most recent invoice.
6214,5327-XOKKY,2026-08-29,,technical,medium,open,,App crashes when loading the dashboard view.
6215,5327-XOKKY,2026-08-28,2026-08-28,other,medium,closed,14.28,Provided feedback about the onboarding experience.
6216,5327-XOKKY,2026-06-10,,billing,medium,open,,Customer disputes a charge on their most recent invoice.
6217,0983-TATYJ,2026-06-04,2026-06-05,other,medium,closed,26.67,General question about plan upgrade options.
6218,0654-HMSHN,2026-07-03,,other,low,open,,Asked about cancellation policy and notice period.
6219,0654-HMSHN,2026-07-07,2026-07-08,billing,medium,closed,32.36,Requested a refund for a duplicate charge.
6220,0654-HMSHN,2026-05-29,,billing,medium,open,,Requested a refund for a duplicate charge.
6221,6719-OXYBR,2026-08-26,2026-08-27,technical,high,closed,25.99,Requested help configuring an integration.
6222,3312-ZWLGF,2026-09-05,2026-09-06,other,medium,closed,26.53,Requested a copy of past invoices.
6223,5287-QWLKY,2026-08-17,2026-08-18,technical,high,closed,27.2,Requested help configuring an integration.
6224,0795-XCCTE,2026-04-16,2026-04-17,billing,low,closed,47.29,Reported a failed payment and requested a retry.
6225,0168-XZKBB,2026-03-29,2026-03-30,technical,low,closed,29.39,Feature X is not syncing data correctly.
6226,3785-NRHYR,2026-07-11,,other,medium,open,,Asked about cancellation policy and notice period.
6227,3785-NRHYR,2026-03-23,,other,low,open,,General question about plan upgrade options.
6228,5196-SGOAK,2026-04-02,,billing,low,open,,Customer disputes a charge on their most recent invoice.
6229,5196-SGOAK,2026-04-28,2026-04-29,other,medium,closed,24.8,General question about plan upgrade options.
6230,5196-SGOAK,2026-04-30,2026-05-02,billing,low,closed,61.0,Asked why the monthly charge increased without notice.
6231,7072-MBHEV,2026-08-02,,other,medium,open,,Asked about cancellation policy and notice period.
6232,5602-BVFMK,2026-08-25,2026-08-25,billing,high,closed,8.12,Customer disputes a charge on their most recent invoice.
6233,5602-BVFMK,2026-06-28,2026-06-28,billing,medium,closed,18.4,Customer disputes a charge on their most recent invoice.
6234,6297-NOOPG,2026-08-21,2026-08-22,technical,high,closed,38.12,Feature X is not syncing data correctly.
6235,6297-NOOPG,2026-04-26,2026-04-27,other,high,closed,42.12,Provided feedback about the onboarding experience.
6236,1891-UAWWU,2026-07-11,2026-07-12,billing,medium,closed,36.53,Customer disputes a charge on their most recent invoice.
6237,6108-OQZDQ,2026-09-08,,billing,medium,open,,Reported a failed payment and requested a retry.
6238,6108-OQZDQ,2026-04-29,2026-04-30,technical,low,closed,35.78,App crashes when loading the dashboard view.
6239,6108-OQZDQ,2026-04-30,2026-05-02,billing,medium,closed,67.41,Requested a refund for a duplicate charge.
6240,6108-OQZDQ,2026-05-05,,other,medium,open,,Requested a copy of past invoices.
6241,0363-QJVFX,2026-06-15,,billing,low,open,,Requested a refund for a duplicate charge.
6242,0363-QJVFX,2026-03-22,2026-03-22,technical,low,closed,7.43,Requested help configuring an integration.
6243,0363-QJVFX,2026-05-09,,billing,medium,open,,Customer disputes a charge on their most recent invoice.
6244,9840-DVNDC,2026-08-02,2026-08-02,technical,medium,closed,9.97,Reported repeated login failures over the past week.
6245,1089-XZWHH,2026-04-04,2026-04-04,other,medium,closed,23.34,Provided feedback about the onboarding experience.
6246,6064-ZATLR,2026-05-29,,technical,high,open,,App crashes when loading the dashboard view.
6247,6064-ZATLR,2026-08-13,2026-08-14,other,medium,closed,33.16,General question about plan upgrade options.
6248,3096-JRDSO,2026-04-08,2026-04-09,billing,low,closed,24.9,Requested a refund for a duplicate charge.
6249,3096-JRDSO,2026-04-27,2026-04-28,billing,low,closed,30.04,Requested a refund for a duplicate charge.
6250,7824-PANSQ,2026-06-06,2026-06-06,technical,medium,closed,1.28,App crashes when loading the dashboard view.
6251,2888-ADFAO,2026-07-31,,technical,medium,open,,Requested help configuring an integration.
6252,8707-HOEDG,2026-05-22,2026-05-22,technical,low,closed,4.68,App crashes when loading the dashboard view.
6253,3374-LXDEV,2026-06-27,,billing,low,open,,Asked why the monthly charge increased without notice.
6254,4072-IPYLT,2026-07-21,2026-07-21,technical,medium,closed,6.16,Feature X is not syncing data correctly.
6255,7167-PCEYD,2026-08-07,2026-08-08,technical,high,closed,29.93,App crashes when loading the dashboard view.
6256,7167-PCEYD,2026-05-29,2026-05-30,other,high,closed,30.27,Requested a copy of past invoices.
6257,1580-BMCMR,2026-06-10,2026-06-11,technical,high,closed,34.43,Reported repeated login failures over the past week.
6258,4817-KEQSP,2026-07-30,,technical,medium,open,,App crashes when loading the dashboard view.
6259,4817-KEQSP,2026-07-28,,other,medium,open,,Requested a copy of past invoices.
6260,6408-WHTEF,2026-07-10,2026-07-11,other,high,closed,26.66,Provided feedback about the onboarding experience.
6261,9251-AWQGT,2026-08-15,2026-08-15,technical,medium,closed,12.04,Requested help configuring an integration.
6262,8749-CLJXC,2026-09-04,2026-09-04,other,medium,closed,15.67,Requested a copy of past invoices.
6263,7989-VCQOH,2026-07-05,2026-07-06,other,medium,closed,34.45,Requested a copy of past invoices.
6264,5049-GLYVG,2026-03-27,2026-03-27,other,low,closed,23.54,Provided feedback about the onboarding experience.
6265,5049-GLYVG,2026-08-08,2026-08-09,technical,medium,closed,27.12,App crashes when loading the dashboard view.
6266,5883-GTGVD,2026-05-09,,other,medium,open,,General question about plan upgrade options.
6267,5883-GTGVD,2026-06-02,,other,medium,open,,Asked about cancellation policy and notice period.
6268,5883-GTGVD,2026-07-22,2026-07-24,billing,high,closed,57.17,Requested a refund for a duplicate charge.
6269,2384-OVPSA,2026-08-26,2026-08-26,technical,low,closed,18.18,Feature X is not syncing data correctly.
6270,4817-QRJSX,2026-08-09,2026-08-10,other,low,closed,29.23,Requested a copy of past invoices.
6271,9730-DRTMJ,2026-03-26,,other,high,open,,Requested a copy of past invoices.
6272,4686-UXDML,2026-04-20,2026-04-20,other,medium,closed,19.24,Provided feedback about the onboarding experience.
6273,4686-UXDML,2026-06-20,,billing,high,open,,Requested a refund for a duplicate charge.
6274,2398-YPMUR,2026-06-04,,technical,medium,open,,Feature X is not syncing data correctly.
6275,2398-YPMUR,2026-07-11,2026-07-13,technical,high,closed,57.47,Requested help configuring an integration.
6276,2398-YPMUR,2026-06-14,2026-06-15,technical,high,closed,27.02,Feature X is not syncing data correctly.
6277,0932-YIXYU,2026-07-09,2026-07-10,technical,high,closed,44.94,Reported repeated login failures over the past week.
6278,0932-YIXYU,2026-05-26,,billing,high,open,,Requested a refund for a duplicate charge.
6279,7636-XUHWW,2026-09-10,2026-09-10,other,medium,closed,13.33,Provided feedback about the onboarding experience.
6280,1431-CYWMH,2026-05-05,2026-05-06,other,high,closed,39.6,General question about plan upgrade options.
6281,1431-CYWMH,2026-07-11,2026-07-11,technical,high,closed,3.93,Feature X is not syncing data correctly.
6282,5937-EORGB,2026-08-13,2026-08-13,other,high,closed,18.08,Requested a copy of past invoices.
6283,5539-HIVAK,2026-05-13,2026-05-14,technical,low,closed,44.75,App crashes when loading the dashboard view.
6284,5847-MXBEO,2026-07-25,2026-07-26,other,low,closed,24.28,Asked about cancellation policy and notice period.
6285,9985-MWVIX,2026-06-21,2026-06-21,technical,medium,closed,3.3,Feature X is not syncing data correctly.
6286,4583-PARNH,2026-09-13,,technical,medium,open,,App crashes when loading the dashboard view.
6287,1116-FRYVH,2026-06-27,,technical,low,open,,App crashes when loading the dashboard view.
6288,1421-HCERK,2026-08-26,2026-08-26,other,low,closed,1.71,Provided feedback about the onboarding experience.
6289,1421-HCERK,2026-09-07,,other,medium,open,,Requested a copy of past invoices.
6290,9633-XQABV,2026-07-14,2026-07-15,technical,low,closed,34.18,Feature X is not syncing data correctly.
6291,0716-BQNDX,2026-04-27,2026-04-27,other,medium,closed,1.66,Asked about cancellation policy and notice period.
6292,8679-LZBMD,2026-04-20,2026-04-20,billing,medium,closed,12.32,Reported a failed payment and requested a retry.
6293,6252-DFGTK,2026-09-14,,other,medium,open,,Requested a copy of past invoices.
6294,1539-LNKHM,2026-07-19,,technical,high,open,,Feature X is not syncing data correctly.
6295,0289-IVARM,2026-07-24,,billing,low,open,,Customer disputes a charge on their most recent invoice.
6296,9761-XUJWD,2026-07-25,,other,low,open,,General question about plan upgrade options.
6297,2237-ZFSMY,2026-03-28,,billing,high,open,,Customer disputes a charge on their most recent invoice.
6298,2237-ZFSMY,2026-06-07,,billing,low,open,,Reported a failed payment and requested a retry.
6299,2237-ZFSMY,2026-08-11,2026-08-11,other,low,closed,13.86,Provided feedback about the onboarding experience.
6300,1722-LDZJS,2026-08-17,2026-08-17,billing,medium,closed,12.95,Asked why the monthly charge increased without notice.
6301,1818-ESQMW,2026-04-22,2026-04-23,billing,high,closed,28.75,Requested a refund for a duplicate charge.
6302,1415-YFWLT,2026-05-13,2026-05-13,billing,medium,closed,1.82,Asked why the monthly charge increased without notice.
6303,8661-BOYNW,2026-05-03,2026-05-03,technical,medium,closed,23.02,App crashes when loading the dashboard view.
6304,8661-BOYNW,2026-07-28,2026-07-28,other,high,closed,9.59,General question about plan upgrade options.
6305,6711-VTNRE,2026-07-11,2026-07-14,billing,medium,closed,74.16,Reported a failed payment and requested a retry.
6306,6711-VTNRE,2026-09-02,2026-09-03,billing,high,closed,45.65,Reported a failed payment and requested a retry.
6307,6711-VTNRE,2026-07-31,,technical,low,open,,App crashes when loading the dashboard view.
6308,6711-VTNRE,2026-08-31,2026-09-01,billing,medium,closed,42.97,Customer disputes a charge on their most recent invoice.
6309,2805-AUFQN,2026-07-14,2026-07-15,other,medium,closed,45.33,General question about plan upgrade options.
6310,2805-AUFQN,2026-04-28,2026-04-29,billing,medium,closed,43.89,Customer disputes a charge on their most recent invoice.
6311,0980-PVMRC,2026-08-15,2026-08-16,billing,medium,closed,46.44,Reported a failed payment and requested a retry.
6312,0980-PVMRC,2026-07-10,,billing,low,open,,Requested a refund for a duplicate charge.
6313,0980-PVMRC,2026-09-10,,billing,low,open,,Reported a failed payment and requested a retry.
6314,7233-DRTRF,2026-05-12,2026-05-13,other,low,closed,32.1,Asked about cancellation policy and notice period.
6315,3500-RMZLT,2026-05-18,2026-05-18,billing,low,closed,4.6,Requested a refund for a duplicate charge.
6316,3500-RMZLT,2026-07-04,,billing,medium,open,,Requested a refund for a duplicate charge.
6317,1169-WCVAK,2026-06-08,2026-06-08,other,medium,closed,19.01,Requested a copy of past invoices.
6318,8066-POXGX,2026-07-08,,billing,low,open,,Asked why the monthly charge increased without notice.
6319,8066-POXGX,2026-07-05,2026-07-06,billing,low,closed,47.08,Asked why the monthly charge increased without notice.
6320,8695-ARGXZ,2026-04-20,2026-04-20,other,high,closed,3.66,Requested a copy of past invoices.
6321,8695-ARGXZ,2026-04-29,,billing,low,open,,Customer disputes a charge on their most recent invoice.
6322,1555-HAPSU,2026-08-29,2026-08-30,technical,low,closed,32.55,Reported repeated login failures over the past week.
6323,1697-NVVGY,2026-07-08,2026-07-08,technical,low,closed,8.3,Requested help configuring an integration.
6324,8464-EETCQ,2026-04-28,2026-04-28,other,medium,closed,21.95,Asked about cancellation policy and notice period.
6325,2419-FSORS,2026-05-01,2026-05-01,billing,medium,closed,7.37,Reported a failed payment and requested a retry.
6326,2419-FSORS,2026-08-02,2026-08-02,technical,low,closed,19.2,Feature X is not syncing data correctly.
6327,8132-YPVBX,2026-05-23,,billing,medium,open,,Asked why the monthly charge increased without notice.
6328,8132-YPVBX,2026-09-01,2026-09-01,technical,medium,closed,18.28,App crashes when loading the dashboard view.
6329,9102-IAYHT,2026-07-17,2026-07-17,technical,medium,closed,6.49,Feature X is not syncing data correctly.
6330,9102-IAYHT,2026-06-27,2026-06-27,technical,high,closed,22.14,Reported repeated login failures over the past week.
6331,9102-IAYHT,2026-04-04,,billing,low,open,,Asked why the monthly charge increased without notice.
6332,6754-LZUKA,2026-08-28,2026-08-29,billing,medium,closed,43.35,Asked why the monthly charge increased without notice.
6333,6754-LZUKA,2026-05-07,2026-05-08,technical,high,closed,35.55,Reported repeated login failures over the past week.
6334,3422-LYEPQ,2026-09-06,,technical,medium,open,,Reported repeated login failures over the past week.
6335,3422-LYEPQ,2026-07-03,2026-07-03,billing,low,closed,21.82,Reported a failed payment and requested a retry.
6336,3422-LYEPQ,2026-05-29,2026-05-30,billing,medium,closed,41.64,Reported a failed payment and requested a retry.
6337,8099-MZPUJ,2026-09-12,,billing,medium,open,,Asked why the monthly charge increased without notice.
6338,0787-LHDYT,2026-03-26,2026-03-27,technical,medium,closed,42.47,Requested help configuring an integration.
6339,0787-LHDYT,2026-07-13,2026-07-13,other,high,closed,5.22,Asked about cancellation policy and notice period.
6340,2642-DTVCO,2026-04-10,,billing,medium,open,,Customer disputes a charge on their most recent invoice.
6341,2642-DTVCO,2026-08-21,,other,medium,open,,General question about plan upgrade options.
6342,0374-IOEGQ,2026-08-18,2026-08-18,other,medium,closed,5.72,Asked about cancellation policy and notice period.
6343,4361-JEIVL,2026-07-30,2026-08-02,billing,high,closed,75.5,Reported a failed payment and requested a retry.
6344,4361-JEIVL,2026-08-21,2026-08-24,technical,medium,closed,74.11,Reported repeated login failures over the past week.
6345,4361-JEIVL,2026-07-07,2026-07-09,technical,low,closed,53.5,Feature X is not syncing data correctly.
6346,3197-NNYNB,2026-07-26,2026-07-26,technical,high,closed,13.37,Requested help configuring an integration.
6347,9112-WSNPU,2026-09-03,,other,medium,open,,General question about plan upgrade options.
6348,9867-NNXLC,2026-05-06,2026-05-07,technical,high,closed,25.38,Feature X is not syncing data correctly.
6349,5321-NTRKC,2026-08-27,2026-08-28,billing,low,closed,33.09,Reported a failed payment and requested a retry.
6350,5321-NTRKC,2026-06-18,,other,high,open,,Requested a copy of past invoices.
6351,5321-NTRKC,2026-06-22,2026-06-22,technical,medium,closed,10.34,Feature X is not syncing data correctly.
6352,9507-EXLTT,2026-06-17,,technical,high,open,,Feature X is not syncing data correctly.
6353,9507-EXLTT,2026-05-22,,other,medium,open,,Asked about cancellation policy and notice period.
6354,9507-EXLTT,2026-09-02,2026-09-04,technical,high,closed,67.32,Requested help configuring an integration.
6355,9507-EXLTT,2026-06-14,2026-06-17,technical,medium,closed,79.01,Feature X is not syncing data correctly.
6356,3161-GETRM,2026-09-02,2026-09-03,technical,low,closed,42.77,Reported repeated login failures over the past week.
6357,0402-OAMEN,2026-05-03,,other,medium,open,,General question about plan upgrade options.
6358,9846-GKXAS,2026-06-26,,billing,high,open,,Customer disputes a charge on their most recent invoice.
6359,5055-MGMGF,2026-08-21,,other,low,open,,General question about plan upgrade options.
6360,5055-MGMGF,2026-07-06,2026-07-06,billing,medium,closed,11.62,Requested a refund for a duplicate charge.
6361,5055-MGMGF,2026-07-03,2026-07-03,other,high,closed,21.97,Asked about cancellation policy and notice period.
6362,4641-FROLU,2026-07-31,2026-08-01,technical,high,closed,30.82,Reported repeated login failures over the past week.
6363,2969-QWUBZ,2026-05-01,,other,medium,open,,Provided feedback about the onboarding experience.
6364,2969-QWUBZ,2026-03-23,2026-03-23,other,high,closed,16.89,Asked about cancellation policy and notice period.
6365,2969-QWUBZ,2026-08-05,,other,low,open,,Provided feedback about the onboarding experience.
6366,9822-BIIGN,2026-07-17,,technical,medium,open,,Requested help configuring an integration.
6367,9822-BIIGN,2026-05-15,,technical,high,open,,Reported repeated login failures over the past week.
6368,9822-BIIGN,2026-05-14,,other,low,open,,Provided feedback about the onboarding experience.
6369,2077-MPJQO,2026-09-05,,billing,medium,open,,Reported a failed payment and requested a retry.
6370,1534-OULXE,2026-08-27,2026-08-28,technical,low,closed,29.22,Feature X is not syncing data correctly.
6371,7136-RVDTZ,2026-06-05,2026-06-06,other,high,closed,45.8,General question about plan upgrade options.
6372,7136-RVDTZ,2026-04-26,,billing,medium,open,,Asked why the monthly charge increased without notice.
6373,2971-SGAFL,2026-06-13,,technical,medium,open,,Feature X is not syncing data correctly.
6374,2971-SGAFL,2026-04-12,,billing,medium,open,,Requested a refund for a duplicate charge.
6375,2905-KFQUV,2026-06-12,,technical,medium,open,,App crashes when loading the dashboard view.
6376,2905-KFQUV,2026-09-10,2026-09-10,technical,medium,closed,12.32,App crashes when loading the dashboard view.
6377,4581-SSPWD,2026-06-26,2026-06-27,technical,low,closed,46.34,App crashes when loading the dashboard view.
6378,3370-HXOPH,2026-05-04,2026-05-04,billing,medium,closed,11.94,Reported a failed payment and requested a retry.
6379,9391-YZEJW,2026-07-19,2026-07-19,technical,medium,closed,11.68,App crashes when loading the dashboard view.
6380,9958-MEKUC,2026-04-05,2026-04-06,other,medium,closed,34.78,Requested a copy of past invoices.
6381,0281-CNTZX,2026-08-17,2026-08-17,technical,medium,closed,2.9,Reported repeated login failures over the past week.
6382,6927-WTFIV,2026-06-01,2026-06-04,billing,high,closed,77.78,Customer disputes a charge on their most recent invoice.
6383,6927-WTFIV,2026-05-01,2026-05-04,technical,low,closed,76.34,App crashes when loading the dashboard view.
6384,3398-ZOUAA,2026-07-26,2026-07-28,other,low,closed,59.51,Asked about cancellation policy and notice period.
6385,3398-ZOUAA,2026-09-14,2026-09-14,technical,medium,closed,10.0,Reported repeated login failures over the past week.
6386,3398-ZOUAA,2026-05-28,,technical,medium,open,,Feature X is not syncing data correctly.
6387,3398-ZOUAA,2026-05-24,2026-05-24,other,low,closed,11.06,Requested a copy of past invoices.
6388,9114-VEPUF,2026-05-24,2026-05-25,other,high,closed,45.4,General question about plan upgrade options.
6389,9873-MNDKV,2026-03-22,2026-03-23,technical,low,closed,26.68,Requested help configuring an integration.
6390,0378-NHQXU,2026-05-15,2026-05-16,other,medium,closed,36.4,General question about plan upgrade options.
6391,0378-NHQXU,2026-05-19,2026-05-20,other,medium,closed,33.38,Requested a copy of past invoices.
6392,8241-JUIQO,2026-08-17,2026-08-17,technical,low,closed,18.81,Requested help configuring an integration.
6393,8241-JUIQO,2026-04-19,2026-04-20,other,medium,closed,45.88,Asked about cancellation policy and notice period.
6394,4512-ZUIYL,2026-08-20,2026-08-21,other,medium,closed,28.71,Provided feedback about the onboarding experience.
6395,9631-RXVJM,2026-08-05,2026-08-05,billing,medium,closed,17.64,Requested a refund for a duplicate charge.
6396,7969-AULMZ,2026-05-25,2026-05-25,technical,high,closed,1.37,Reported repeated login failures over the past week.
6397,5093-FEGLU,2026-06-30,2026-07-01,billing,medium,closed,24.37,Asked why the monthly charge increased without notice.
6398,5093-FEGLU,2026-07-28,2026-07-28,billing,low,closed,9.33,Requested a refund for a duplicate charge.
6399,2621-UDNLU,2026-06-04,2026-06-04,technical,medium,closed,1.23,Feature X is not syncing data correctly.
6400,2621-UDNLU,2026-06-05,,billing,low,open,,Asked why the monthly charge increased without notice.
6401,2621-UDNLU,2026-06-25,,technical,medium,open,,Feature X is not syncing data correctly.
6402,2621-UDNLU,2026-07-08,,other,low,open,,Requested a copy of past invoices.
6403,3410-MHHUM,2026-05-16,2026-05-17,technical,medium,closed,33.33,Reported repeated login failures over the past week.
6404,0568-ONFPC,2026-06-08,2026-06-09,other,medium,closed,36.25,Requested a copy of past invoices.
6405,0568-ONFPC,2026-08-02,,billing,medium,open,,Customer disputes a charge on their most recent invoice.
6406,0568-ONFPC,2026-04-06,,other,low,open,,Asked about cancellation policy and notice period.
6407,0733-VUNUW,2026-06-27,,other,medium,open,,Provided feedback about the onboarding experience.
6408,0733-VUNUW,2026-07-29,,billing,medium,open,,Customer disputes a charge on their most recent invoice.
6409,0733-VUNUW,2026-03-30,2026-03-30,technical,medium,closed,1.59,Feature X is not syncing data correctly.
6410,4550-EVXNY,2026-08-13,2026-08-13,billing,high,closed,17.18,Customer disputes a charge on their most recent invoice.
6411,2968-SSGAA,2026-08-05,2026-08-05,technical,medium,closed,8.92,Feature X is not syncing data correctly.
6412,2296-DKZFP,2026-09-13,,billing,medium,open,,Customer disputes a charge on their most recent invoice.
6413,4844-JJWUY,2026-03-24,,other,low,open,,Asked about cancellation policy and notice period.
6414,6777-TGHTM,2026-05-12,2026-05-13,other,high,closed,45.07,Asked about cancellation policy and notice period.
6415,3538-WZPHD,2026-08-26,2026-08-28,technical,low,closed,68.71,Requested help configuring an integration.
6416,3229-USWAR,2026-07-12,2026-07-12,other,high,closed,11.86,General question about plan upgrade options.
6417,3229-USWAR,2026-05-25,2026-05-25,other,low,closed,8.71,General question about plan upgrade options.
6418,3229-USWAR,2026-05-19,2026-05-20,technical,medium,closed,43.6,Feature X is not syncing data correctly.
6419,6131-JLWZM,2026-06-14,,other,medium,open,,Asked about cancellation policy and notice period.
6420,6131-JLWZM,2026-09-11,2026-09-12,technical,medium,closed,24.66,Feature X is not syncing data correctly.
6421,0269-XFESX,2026-08-03,,technical,medium,open,,App crashes when loading the dashboard view.
6422,0269-XFESX,2026-07-01,2026-07-02,technical,medium,closed,39.28,Requested help configuring an integration.
6423,4316-XCSLJ,2026-05-27,,technical,medium,open,,App crashes when loading the dashboard view.
6424,4316-XCSLJ,2026-08-30,,technical,medium,open,,Requested help configuring an integration.
6425,8610-WFCJF,2026-05-01,2026-05-03,billing,low,closed,71.35,Requested a refund for a duplicate charge.
6426,8610-WFCJF,2026-08-06,2026-08-07,other,low,closed,43.05,Provided feedback about the onboarding experience.
6427,9693-XMUOB,2026-08-20,2026-08-20,billing,medium,closed,7.69,Reported a failed payment and requested a retry.
6428,4905-JEFDW,2026-07-08,,billing,low,open,,Requested a refund for a duplicate charge.
6429,4905-JEFDW,2026-07-21,2026-07-21,billing,low,closed,18.91,Asked why the monthly charge increased without notice.
6430,2709-UQGNP,2026-05-04,,billing,low,open,,Asked why the monthly charge increased without notice.
6431,3549-ZTMNH,2026-08-25,2026-08-25,billing,high,closed,9.49,Requested a refund for a duplicate charge.
6432,7881-INRLC,2026-07-31,2026-08-02,technical,low,closed,67.21,Reported repeated login failures over the past week.
6433,7881-INRLC,2026-07-18,,technical,medium,open,,Requested help configuring an integration.
6434,1635-NZATJ,2026-07-03,2026-07-04,other,medium,closed,40.88,Requested a copy of past invoices.
6435,0562-HKHML,2026-07-14,2026-07-14,other,low,closed,12.31,Requested a copy of past invoices.
6436,0117-LFRMW,2026-03-27,,billing,high,open,,Asked why the monthly charge increased without notice.
6437,0117-LFRMW,2026-05-23,,other,medium,open,,Provided feedback about the onboarding experience.
6438,6172-FECYY,2026-08-08,2026-08-09,technical,high,closed,41.21,Feature X is not syncing data correctly.
6439,7054-ENNGU,2026-06-14,2026-06-14,technical,medium,closed,13.92,App crashes when loading the dashboard view.
6440,1455-HFBXA,2026-05-03,2026-05-04,billing,high,closed,24.51,Asked why the monthly charge increased without notice.
6441,9402-CXWPL,2026-04-20,2026-04-21,technical,medium,closed,43.08,Reported repeated login failures over the past week.
6442,9402-CXWPL,2026-04-02,2026-04-02,billing,medium,closed,8.01,Reported a failed payment and requested a retry.
6443,9402-CXWPL,2026-08-11,2026-08-12,billing,medium,closed,38.3,Requested a refund for a duplicate charge.
6444,1965-AKTSX,2026-05-16,,technical,medium,open,,Requested help configuring an integration.
6445,1965-AKTSX,2026-05-02,2026-05-02,technical,medium,closed,21.86,App crashes when loading the dashboard view.
6446,1965-AKTSX,2026-03-26,,technical,medium,open,,Requested help configuring an integration.
6447,0082-LDZUE,2026-08-22,2026-08-23,technical,high,closed,28.33,Reported repeated login failures over the past week.
6448,7248-VZQLC,2026-05-08,2026-05-10,billing,low,closed,70.18,Reported a failed payment and requested a retry.
6449,7248-VZQLC,2026-07-04,2026-07-04,other,medium,closed,4.28,Provided feedback about the onboarding experience.
6450,3099-OONVS,2026-08-17,,other,low,open,,General question about plan upgrade options.
6451,9500-WBGRP,2026-07-26,2026-07-27,technical,medium,closed,28.7,Feature X is not syncing data correctly.
6452,5183-KLYEM,2026-06-11,,other,medium,open,,General question about plan upgrade options.
6453,5183-KLYEM,2026-08-02,,other,low,open,,Requested a copy of past invoices.
6454,5144-PQCDZ,2026-08-15,2026-08-15,billing,medium,closed,13.79,Reported a failed payment and requested a retry.
6455,8514-VZHEB,2026-06-29,2026-06-30,technical,high,closed,35.44,Reported repeated login failures over the past week.
6456,8514-VZHEB,2026-06-28,2026-06-29,technical,high,closed,24.74,Requested help configuring an integration.
6457,6625-IUTTT,2026-06-19,2026-06-20,billing,medium,closed,36.43,Reported a failed payment and requested a retry.
6458,0068-FIGTF,2026-06-25,,other,high,open,,Asked about cancellation policy and notice period.
6459,0068-FIGTF,2026-03-21,2026-03-22,other,low,closed,41.98,Asked about cancellation policy and notice period.
6460,0068-FIGTF,2026-04-04,,billing,medium,open,,Requested a refund for a duplicate charge.
6461,5965-GGPRW,2026-09-10,2026-09-11,technical,low,closed,41.82,App crashes when loading the dashboard view.
6462,2236-HILPA,2026-06-15,,other,medium,open,,General question about plan upgrade options.
6463,2236-HILPA,2026-06-08,,billing,medium,open,,Reported a failed payment and requested a retry.
6464,1840-BIUOG,2026-09-03,2026-09-03,billing,medium,closed,20.39,Customer disputes a charge on their most recent invoice.
6465,1840-BIUOG,2026-08-28,2026-08-28,other,low,closed,13.72,Provided feedback about the onboarding experience.
6466,1840-BIUOG,2026-05-03,,billing,low,open,,Requested a refund for a duplicate charge.
6467,6080-LNESI,2026-08-28,2026-08-29,technical,low,closed,43.71,Reported repeated login failures over the past week.
6468,6080-LNESI,2026-07-19,,billing,medium,open,,Asked why the monthly charge increased without notice.
6469,0011-IGKFF,2026-05-28,2026-05-31,billing,low,closed,81.84,Reported a failed payment and requested a retry.
6470,4192-GORJT,2026-03-22,2026-03-23,other,low,closed,39.51,Provided feedback about the onboarding experience.
6471,4192-GORJT,2026-06-04,,other,low,open,,Requested a copy of past invoices.
6472,6496-SLWHQ,2026-04-18,2026-04-19,other,medium,closed,30.57,General question about plan upgrade options.
6473,6496-SLWHQ,2026-07-30,,technical,high,open,,Requested help configuring an integration.
6474,9912-GVSEQ,2026-06-14,2026-06-17,billing,high,closed,77.92,Requested a refund for a duplicate charge.
6475,9912-GVSEQ,2026-08-17,,billing,medium,open,,Reported a failed payment and requested a retry.
6476,9912-GVSEQ,2026-04-12,2026-04-12,other,medium,closed,8.76,General question about plan upgrade options.
6477,2931-FSOHN,2026-07-05,,technical,high,open,,Feature X is not syncing data correctly.
6478,2931-FSOHN,2026-06-23,,billing,medium,open,,Customer disputes a charge on their most recent invoice.
6479,9971-ZWPBF,2026-09-08,2026-09-08,other,medium,closed,15.1,Provided feedback about the onboarding experience.
6480,4712-AUQZO,2026-07-24,2026-07-25,technical,medium,closed,39.21,Feature X is not syncing data correctly.
6481,4712-AUQZO,2026-04-26,2026-04-27,technical,low,closed,35.72,App crashes when loading the dashboard view.
6482,4712-AUQZO,2026-09-06,2026-09-06,technical,high,closed,8.11,App crashes when loading the dashboard view.
6483,4712-AUQZO,2026-03-22,2026-03-23,billing,low,closed,25.49,Asked why the monthly charge increased without notice.
6484,4712-AUQZO,2026-04-15,2026-04-16,billing,high,closed,42.49,Asked why the monthly charge increased without notice.
6485,9711-FJTBX,2026-08-17,2026-08-17,billing,low,closed,15.09,Customer disputes a charge on their most recent invoice.
6486,9711-FJTBX,2026-08-03,,technical,medium,open,,Feature X is not syncing data correctly.
6487,7240-ETPTR,2026-05-29,2026-05-29,billing,medium,closed,20.05,Asked why the monthly charge increased without notice.
6488,7240-ETPTR,2026-08-01,2026-08-01,other,medium,closed,20.13,Asked about cancellation policy and notice period.
6489,2202-CUYXZ,2026-06-01,2026-06-02,technical,medium,closed,36.17,Reported repeated login failures over the past week.
6490,2202-CUYXZ,2026-07-06,2026-07-08,billing,medium,closed,64.23,Reported a failed payment and requested a retry.
6491,2202-CUYXZ,2026-05-03,2026-05-03,billing,low,closed,15.01,Asked why the monthly charge increased without notice.
6492,2202-CUYXZ,2026-06-12,,billing,medium,open,,Customer disputes a charge on their most recent invoice.
6493,5995-OIGLP,2026-04-30,,billing,high,open,,Asked why the monthly charge increased without notice.
6494,5995-OIGLP,2026-08-20,2026-08-20,technical,low,closed,7.43,App crashes when loading the dashboard view.
6495,5995-OIGLP,2026-06-02,2026-06-03,technical,medium,closed,29.46,Feature X is not syncing data correctly.
6496,8421-WZOOW,2026-06-25,2026-06-25,technical,low,closed,13.74,Feature X is not syncing data correctly.
6497,6261-RCVNS,2026-05-27,,technical,medium,open,,App crashes when loading the dashboard view.
6498,6261-RCVNS,2026-06-14,2026-06-17,billing,low,closed,79.75,Asked why the monthly charge increased without notice.
6499,6261-RCVNS,2026-05-24,2026-05-25,billing,low,closed,28.67,Customer disputes a charge on their most recent invoice.
6500,7951-QKZPL,2026-04-29,,billing,low,open,,Customer disputes a charge on their most recent invoice.
6501,7951-QKZPL,2026-04-28,,billing,medium,open,,Asked why the monthly charge increased without notice.
6502,1414-YADCW,2026-08-24,,technical,low,open,,Requested help configuring an integration.
6503,8756-RDDLT,2026-03-22,2026-03-22,billing,high,closed,5.34,Reported a failed payment and requested a retry.
6504,8756-RDDLT,2026-05-18,2026-05-18,other,high,closed,21.12,General question about plan upgrade options.
6505,2862-PFNIK,2026-05-28,2026-05-29,technical,high,closed,46.8,Feature X is not syncing data correctly.
6506,5816-QVHRX,2026-09-02,2026-09-02,technical,low,closed,22.23,Requested help configuring an integration.
6507,6888-SBYAI,2026-08-31,,billing,low,open,,Requested a refund for a duplicate charge.
6508,7395-XWZOY,2026-08-21,2026-08-22,technical,medium,closed,38.3,Feature X is not syncing data correctly.
6509,3640-PHQXK,2026-06-06,2026-06-06,other,low,closed,19.18,Provided feedback about the onboarding experience.
6510,6877-LGWXO,2026-06-10,2026-06-13,technical,high,closed,83.58,Reported repeated login failures over the past week.
6511,6877-LGWXO,2026-04-07,2026-04-09,other,medium,closed,63.55,Asked about cancellation policy and notice period.
6512,6877-LGWXO,2026-09-09,2026-09-11,technical,medium,closed,68.76,App crashes when loading the dashboard view.
6513,6877-LGWXO,2026-03-27,2026-03-30,other,high,closed,75.46,General question about plan upgrade options.
6514,6877-LGWXO,2026-04-08,2026-04-10,billing,low,closed,58.05,Customer disputes a charge on their most recent invoice.
6515,6859-RKMZJ,2026-07-16,2026-07-17,billing,low,closed,30.22,Customer disputes a charge on their most recent invoice.
6516,6859-RKMZJ,2026-08-25,,billing,medium,open,,Reported a failed payment and requested a retry.
6517,2049-BAFNW,2026-04-08,2026-04-09,other,medium,closed,35.46,General question about plan upgrade options.
6518,3842-QTGDL,2026-08-31,2026-08-31,technical,low,closed,12.9,Feature X is not syncing data correctly.
6519,7163-OCEQI,2026-06-23,2026-06-24,other,medium,closed,30.64,Provided feedback about the onboarding experience.
6520,7163-OCEQI,2026-06-23,2026-06-24,other,low,closed,30.62,Provided feedback about the onboarding experience.
6521,9782-LGXMC,2026-08-03,2026-08-04,billing,medium,closed,27.12,Requested a refund for a duplicate charge.
6522,8019-ENHXU,2026-08-21,2026-08-22,other,medium,closed,41.28,Asked about cancellation policy and notice period.
6523,8019-ENHXU,2026-07-28,2026-07-30,billing,medium,closed,68.53,Requested a refund for a duplicate charge.
6524,8019-ENHXU,2026-06-19,,technical,low,open,,Feature X is not syncing data correctly.
6525,8019-ENHXU,2026-04-21,2026-04-21,technical,medium,closed,9.66,Feature X is not syncing data correctly.
6526,8019-ENHXU,2026-05-08,2026-05-10,billing,low,closed,63.8,Customer disputes a charge on their most recent invoice.
6527,5167-GBFRE,2026-04-19,,technical,low,open,,App crashes when loading the dashboard view.
6528,9033-EOXWV,2026-05-05,2026-05-08,technical,low,closed,81.79,Reported repeated login failures over the past week.
6529,9033-EOXWV,2026-05-24,2026-05-25,technical,medium,closed,37.08,Feature X is not syncing data correctly.
6530,9033-EOXWV,2026-09-02,2026-09-02,technical,medium,closed,11.81,Reported repeated login failures over the past week.
6531,9033-EOXWV,2026-06-25,2026-06-25,technical,low,closed,13.43,Reported repeated login failures over the past week.
6532,4853-OITSN,2026-08-17,2026-08-17,technical,medium,closed,9.91,Reported repeated login failures over the past week.
6533,1324-NLTJE,2026-07-07,2026-07-10,billing,low,closed,75.7,Customer disputes a charge on their most recent invoice.
6534,2324-EFHVG,2026-04-12,2026-04-13,technical,low,closed,32.64,Reported repeated login failures over the past week.
6535,7094-MSZAO,2026-04-08,2026-04-08,other,medium,closed,2.44,Asked about cancellation policy and notice period.
6536,7094-MSZAO,2026-07-20,2026-07-21,technical,medium,closed,40.9,Requested help configuring an integration.
6537,1522-VVDMG,2026-09-05,,billing,medium,open,,Requested a refund for a duplicate charge.
6538,1522-VVDMG,2026-08-19,,billing,low,open,,Reported a failed payment and requested a retry.
6539,1522-VVDMG,2026-06-09,2026-06-11,billing,high,closed,52.25,Customer disputes a charge on their most recent invoice.
6540,1522-VVDMG,2026-04-22,,billing,high,open,,Asked why the monthly charge increased without notice.
6541,6907-CQGPN,2026-08-25,,billing,high,open,,Reported a failed payment and requested a retry.
6542,0780-XNZFN,2026-08-26,,billing,medium,open,,Asked why the monthly charge increased without notice.
6543,0780-XNZFN,2026-04-22,2026-04-23,billing,high,closed,36.59,Customer disputes a charge on their most recent invoice.
6544,2675-IJRGJ,2026-07-20,,billing,high,open,,Customer disputes a charge on their most recent invoice.
6545,2675-IJRGJ,2026-08-14,2026-08-14,technical,medium,closed,15.0,Reported repeated login failures over the past week.
6546,7049-GKVZY,2026-05-22,,technical,low,open,,Reported repeated login failures over the past week.
6547,8577-QSOCG,2026-05-04,2026-05-04,technical,medium,closed,15.51,App crashes when loading the dashboard view.
6548,3721-CNZHX,2026-04-16,2026-04-16,other,medium,closed,22.29,Asked about cancellation policy and notice period.
6549,9185-TQCVP,2026-08-07,2026-08-08,other,low,closed,29.29,General question about plan upgrade options.
6550,9185-TQCVP,2026-04-14,,other,low,open,,General question about plan upgrade options.
6551,5271-DBYSJ,2026-07-30,,other,high,open,,Provided feedback about the onboarding experience.
6552,5271-DBYSJ,2026-09-15,,billing,medium,open,,Reported a failed payment and requested a retry.
6553,6828-HMKWP,2026-07-28,2026-07-28,billing,medium,closed,18.61,Requested a refund for a duplicate charge.
6554,5567-WSELE,2026-06-22,2026-06-22,technical,medium,closed,22.45,App crashes when loading the dashboard view.
6555,5567-WSELE,2026-06-12,,technical,medium,open,,Requested help configuring an integration.
6556,0687-ZVTHB,2026-07-07,2026-07-07,billing,high,closed,6.23,Asked why the monthly charge increased without notice.
6557,0687-ZVTHB,2026-09-05,,billing,medium,open,,Asked why the monthly charge increased without notice.
6558,0687-ZVTHB,2026-04-09,2026-04-09,billing,medium,closed,12.05,Customer disputes a charge on their most recent invoice.
6559,2193-SFWQW,2026-04-05,2026-04-06,other,medium,closed,37.36,Provided feedback about the onboarding experience.
6560,5656-JAMLX,2026-09-11,2026-09-11,technical,high,closed,6.64,App crashes when loading the dashboard view.
6561,6733-LRIZX,2026-04-03,2026-04-04,billing,medium,closed,33.7,Requested a refund for a duplicate charge.
6562,9503-XJUME,2026-07-06,2026-07-07,other,low,closed,41.37,Requested a copy of past invoices.
6563,9503-XJUME,2026-03-21,2026-03-22,technical,medium,closed,47.39,App crashes when loading the dashboard view.
6564,4367-NHWMM,2026-08-01,,other,low,open,,Asked about cancellation policy and notice period.
6565,4367-NHWMM,2026-04-07,2026-04-08,technical,medium,closed,33.24,Feature X is not syncing data correctly.
6566,6736-DHUQI,2026-04-06,2026-04-07,other,medium,closed,36.84,Requested a copy of past invoices.
6567,3915-ODIYG,2026-07-18,,technical,medium,open,,Reported repeated login failures over the past week.
6568,3460-TJBWI,2026-06-14,2026-06-15,other,high,closed,26.38,Requested a copy of past invoices.
6569,5685-IIXLY,2026-04-05,2026-04-05,technical,high,closed,3.52,Feature X is not syncing data correctly.
6570,5685-IIXLY,2026-03-25,2026-03-26,other,medium,closed,34.24,Asked about cancellation policy and notice period.
6571,0956-ACVZC,2026-05-16,,technical,low,open,,Requested help configuring an integration.
6572,0956-ACVZC,2026-05-20,2026-05-21,other,medium,closed,24.64,Asked about cancellation policy and notice period.
6573,4250-ZBWLV,2026-08-16,,billing,medium,open,,Reported a failed payment and requested a retry.
6574,4250-ZBWLV,2026-07-10,2026-07-11,billing,low,closed,41.32,Reported a failed payment and requested a retry.
6575,4250-ZBWLV,2026-08-04,,billing,medium,open,,Requested a refund for a duplicate charge.
6576,4250-ZBWLV,2026-05-06,2026-05-07,billing,high,closed,30.97,Requested a refund for a duplicate charge.
6577,4482-FTFFX,2026-04-30,2026-05-01,technical,low,closed,29.76,App crashes when loading the dashboard view.
6578,4482-FTFFX,2026-07-18,2026-07-19,other,low,closed,47.75,Asked about cancellation policy and notice period.
6579,4482-FTFFX,2026-08-26,2026-08-27,billing,medium,closed,26.15,Reported a failed payment and requested a retry.
6580,8859-DZTGQ,2026-09-10,2026-09-10,technical,low,closed,15.49,Feature X is not syncing data correctly.
6581,0440-MOGPM,2026-07-19,,technical,medium,open,,Feature X is not syncing data correctly.
6582,0020-JDNXP,2026-07-12,2026-07-12,billing,low,closed,19.21,Customer disputes a charge on their most recent invoice.
6583,5095-AESKG,2026-04-23,2026-04-24,billing,medium,closed,43.51,Requested a refund for a duplicate charge.
6584,5095-AESKG,2026-06-29,2026-06-30,other,medium,closed,34.85,Asked about cancellation policy and notice period.
6585,4770-QAZXN,2026-04-15,,technical,low,open,,Feature X is not syncing data correctly.
6586,4770-QAZXN,2026-09-03,2026-09-04,technical,medium,closed,40.68,Feature X is not syncing data correctly.
6587,4896-CPRPF,2026-05-29,2026-05-29,billing,high,closed,21.07,Customer disputes a charge on their most recent invoice.
6588,1871-MOWRM,2026-06-10,2026-06-10,technical,medium,closed,13.13,Feature X is not syncing data correctly.
6589,1871-MOWRM,2026-07-27,,other,high,open,,Provided feedback about the onboarding experience.
6590,9714-EDSUC,2026-03-28,2026-03-29,other,medium,closed,25.55,General question about plan upgrade options.
6591,2027-OAQQC,2026-08-28,2026-08-29,technical,low,closed,28.1,App crashes when loading the dashboard view.
6592,0282-NVSJS,2026-06-16,2026-06-16,billing,medium,closed,4.88,Requested a refund for a duplicate charge.
6593,9090-SGQXL,2026-05-29,2026-05-30,billing,medium,closed,33.92,Customer disputes a charge on their most recent invoice.
6594,9090-SGQXL,2026-03-22,2026-03-23,billing,low,closed,37.08,Requested a refund for a duplicate charge.
6595,9090-SGQXL,2026-07-20,2026-07-23,billing,medium,closed,76.39,Customer disputes a charge on their most recent invoice.
6596,9090-SGQXL,2026-07-03,2026-07-05,billing,medium,closed,64.31,Asked why the monthly charge increased without notice.
6597,6595-YGXIT,2026-09-03,2026-09-05,billing,high,closed,52.34,Asked why the monthly charge increased without notice.
6598,9835-ZIITK,2026-08-17,,other,medium,open,,Provided feedback about the onboarding experience.
6599,9835-ZIITK,2026-07-21,,technical,high,open,,Feature X is not syncing data correctly.
6600,9835-ZIITK,2026-06-18,,billing,high,open,,Requested a refund for a duplicate charge.
6601,9835-ZIITK,2026-09-06,,technical,medium,open,,Requested help configuring an integration.
6602,8008-ESFLK,2026-06-08,2026-06-08,technical,medium,closed,23.3,App crashes when loading the dashboard view.
6603,8008-ESFLK,2026-06-23,2026-06-23,billing,medium,closed,5.66,Customer disputes a charge on their most recent invoice.
6604,1555-DJEQW,2026-07-01,,billing,low,open,,Asked why the monthly charge increased without notice.
6605,5649-TJHOV,2026-07-07,2026-07-08,technical,medium,closed,35.51,Requested help configuring an integration.
6606,0519-XUZJU,2026-05-19,2026-05-20,billing,medium,closed,25.62,Customer disputes a charge on their most recent invoice.
6607,0519-XUZJU,2026-08-05,,other,medium,open,,Asked about cancellation policy and notice period.
6608,3363-EWLGO,2026-07-15,2026-07-15,technical,medium,closed,3.4,Requested help configuring an integration.
6609,4750-UKWJK,2026-05-08,,other,medium,open,,Requested a copy of past invoices.
6610,4750-UKWJK,2026-08-12,2026-08-13,billing,medium,closed,31.04,Asked why the monthly charge increased without notice.
6611,6338-AVWCY,2026-04-25,2026-04-27,billing,medium,closed,56.29,Customer disputes a charge on their most recent invoice.
6612,6338-AVWCY,2026-06-17,,other,low,open,,Requested a copy of past invoices.
6613,6338-AVWCY,2026-08-03,2026-08-06,other,low,closed,76.37,Requested a copy of past invoices.
6614,1689-YQBYY,2026-07-18,2026-07-18,technical,low,closed,4.26,App crashes when loading the dashboard view.
6615,0708-LGSMF,2026-07-27,2026-07-28,technical,low,closed,33.99,Feature X is not syncing data correctly.
6616,0708-LGSMF,2026-07-12,,billing,low,open,,Customer disputes a charge on their most recent invoice.
6617,7634-HLQJR,2026-06-05,2026-06-05,billing,low,closed,8.08,Customer disputes a charge on their most recent invoice.
6618,0487-RPVUM,2026-05-28,2026-05-28,billing,medium,closed,9.33,Requested a refund for a duplicate charge.
6619,4079-ULGFR,2026-04-24,2026-04-24,billing,high,closed,13.66,Customer disputes a charge on their most recent invoice.
6620,0057-QBUQH,2026-07-02,2026-07-02,other,low,closed,3.92,Asked about cancellation policy and notice period.
6621,0057-QBUQH,2026-09-12,2026-09-13,technical,medium,closed,35.88,Requested help configuring an integration.
6622,9445-SZLCH,2026-05-03,2026-05-03,technical,high,closed,1.83,Feature X is not syncing data correctly.
6623,6599-SFQVE,2026-07-13,,billing,medium,open,,Reported a failed payment and requested a retry.
6624,6599-SFQVE,2026-06-05,2026-06-06,billing,high,closed,46.54,Customer disputes a charge on their most recent invoice.
6625,7325-ENZFI,2026-07-31,,billing,medium,open,,Asked why the monthly charge increased without notice.
6626,3920-HIHMQ,2026-09-13,2026-09-13,technical,medium,closed,20.65,Requested help configuring an integration.
6627,5349-IECLD,2026-05-09,,billing,low,open,,Asked why the monthly charge increased without notice.
6628,1397-XKKWR,2026-09-11,2026-09-12,billing,medium,closed,26.62,Requested a refund for a duplicate charge.
6629,3945-GFWQL,2026-05-13,2026-05-14,technical,low,closed,36.52,Requested help configuring an integration.
6630,3945-GFWQL,2026-07-17,,other,medium,open,,General question about plan upgrade options.
6631,3945-GFWQL,2026-07-12,,billing,medium,open,,Customer disputes a charge on their most recent invoice.
6632,8097-OMULG,2026-06-23,2026-06-23,other,medium,closed,17.37,General question about plan upgrade options.
6633,6013-BHCAW,2026-07-17,,other,medium,open,,Provided feedback about the onboarding experience.
6634,0401-WDBXM,2026-07-29,2026-07-30,billing,high,closed,34.48,Customer disputes a charge on their most recent invoice.
6635,0401-WDBXM,2026-07-22,2026-07-23,technical,medium,closed,44.4,Requested help configuring an integration.
6636,3387-PLKUI,2026-07-07,2026-07-07,other,medium,closed,19.24,General question about plan upgrade options.
6637,2580-ATZSQ,2026-07-04,2026-07-05,other,medium,closed,42.06,Asked about cancellation policy and notice period.
6638,8085-MSNLK,2026-07-21,,billing,high,open,,Requested a refund for a duplicate charge.
6639,9691-HKOVS,2026-07-30,2026-07-31,other,high,closed,34.22,Requested a copy of past invoices.
6640,9526-BIHHD,2026-05-07,,billing,high,open,,Requested a refund for a duplicate charge.
6641,9526-BIHHD,2026-06-20,2026-06-20,billing,low,closed,18.83,Asked why the monthly charge increased without notice.
6642,4523-WXCEF,2026-05-26,2026-05-28,billing,medium,closed,60.75,Reported a failed payment and requested a retry.
6643,4523-WXCEF,2026-08-22,,technical,medium,open,,Reported repeated login failures over the past week.
6644,4523-WXCEF,2026-06-07,,billing,medium,open,,Reported a failed payment and requested a retry.
6645,4523-WXCEF,2026-04-17,2026-04-19,billing,medium,closed,64.65,Customer disputes a charge on their most recent invoice.
6646,5119-KEPFY,2026-07-22,2026-07-23,billing,medium,closed,25.57,Requested a refund for a duplicate charge.
6647,5119-KEPFY,2026-07-16,2026-07-17,other,medium,closed,30.81,General question about plan upgrade options.
6648,8364-TRMMK,2026-08-17,,billing,medium,open,,Reported a failed payment and requested a retry.
6649,8364-TRMMK,2026-06-14,,other,high,open,,Asked about cancellation policy and notice period.
6650,8775-LHDJH,2026-04-09,2026-04-10,technical,high,closed,39.77,Feature X is not syncing data correctly.
6651,8775-LHDJH,2026-08-08,2026-08-10,other,medium,closed,60.43,Requested a copy of past invoices.
6652,8775-LHDJH,2026-03-29,2026-03-31,other,low,closed,58.48,Requested a copy of past invoices.
6653,3097-NQYSN,2026-04-16,2026-04-17,other,low,closed,25.76,Requested a copy of past invoices.
6654,3097-NQYSN,2026-07-14,2026-07-16,billing,high,closed,53.2,Customer disputes a charge on their most recent invoice.
6655,3097-NQYSN,2026-08-14,2026-08-14,billing,high,closed,13.43,Requested a refund for a duplicate charge.
6656,4024-CSNBY,2026-05-22,2026-05-23,other,low,closed,41.13,General question about plan upgrade options.
6657,7110-BDTWG,2026-05-06,2026-05-06,technical,medium,closed,6.97,App crashes when loading the dashboard view.
6658,7493-GVFIO,2026-06-30,2026-06-30,billing,medium,closed,10.89,Requested a refund for a duplicate charge.
6659,7493-GVFIO,2026-06-23,2026-06-23,technical,high,closed,23.04,Requested help configuring an integration.
6660,9605-WGJVW,2026-08-03,2026-08-04,other,medium,closed,40.55,General question about plan upgrade options.
6661,9114-DPSIA,2026-07-02,2026-07-03,billing,low,closed,42.95,Customer disputes a charge on their most recent invoice.
6662,4700-UBQMV,2026-04-10,2026-04-11,other,low,closed,39.62,Asked about cancellation policy and notice period.
6663,4700-UBQMV,2026-06-11,2026-06-11,billing,high,closed,18.81,Asked why the monthly charge increased without notice.
6664,7711-GQBZC,2026-09-13,2026-09-13,billing,medium,closed,5.41,Requested a refund for a duplicate charge.
6665,7711-GQBZC,2026-06-16,2026-06-16,technical,medium,closed,4.8,Requested help configuring an integration.
6666,3565-UNOCC,2026-04-22,2026-04-22,technical,medium,closed,8.26,Requested help configuring an integration.
6667,3565-UNOCC,2026-04-02,,technical,low,open,,Reported repeated login failures over the past week.
6668,4627-MIHJH,2026-08-13,2026-08-14,technical,low,closed,35.19,Reported repeated login failures over the past week.
6669,9795-NREXC,2026-05-22,2026-05-23,technical,low,closed,24.8,Feature X is not syncing data correctly.
6670,7356-AYNJP,2026-04-01,2026-04-01,technical,medium,closed,12.86,Feature X is not syncing data correctly.
6671,7356-AYNJP,2026-05-04,2026-05-05,other,medium,closed,34.25,Requested a copy of past invoices.
6672,9249-FXSCK,2026-06-23,,technical,high,open,,Reported repeated login failures over the past week.
6673,5493-SDRDQ,2026-08-17,2026-08-17,billing,low,closed,12.31,Asked why the monthly charge increased without notice.
6674,4819-HJPIW,2026-04-21,,technical,low,open,,App crashes when loading the dashboard view.
6675,4819-HJPIW,2026-03-27,2026-03-27,other,medium,closed,6.49,General question about plan upgrade options.
6676,4819-HJPIW,2026-06-12,2026-06-13,other,medium,closed,40.78,Provided feedback about the onboarding experience.
6677,8654-DHAOW,2026-06-13,2026-06-13,other,high,closed,2.85,Provided feedback about the onboarding experience.
6678,5438-QMDDL,2026-04-24,2026-04-25,billing,low,closed,36.19,Asked why the monthly charge increased without notice.
6679,5438-QMDDL,2026-06-25,2026-06-26,other,high,closed,36.6,Asked about cancellation policy and notice period.
6680,1228-ZLNBX,2026-04-21,2026-04-22,other,low,closed,38.42,Requested a copy of past invoices.
6681,4226-KKDON,2026-06-20,2026-06-21,technical,low,closed,40.2,Requested help configuring an integration.
6682,7445-WMRBW,2026-06-30,2026-06-30,other,medium,closed,7.93,General question about plan upgrade options.
6683,9924-JPRMC,2026-08-20,,billing,medium,open,,Reported a failed payment and requested a retry.
6684,9924-JPRMC,2026-07-20,,technical,medium,open,,Feature X is not syncing data correctly.
6685,6218-KNUBD,2026-04-10,2026-04-10,other,low,closed,9.89,Asked about cancellation policy and notice period.
6686,7337-CINUD,2026-09-01,2026-09-01,billing,medium,closed,17.47,Customer disputes a charge on their most recent invoice.
6687,7337-CINUD,2026-06-30,2026-06-30,other,medium,closed,13.73,Asked about cancellation policy and notice period.
6688,0623-EJQEG,2026-06-09,2026-06-10,billing,medium,closed,30.95,Requested a refund for a duplicate charge.
6689,7153-CHRBV,2026-06-11,2026-06-11,billing,medium,closed,4.77,Asked why the monthly charge increased without notice.
6690,9190-MFJLN,2026-07-12,2026-07-13,other,high,closed,31.23,Asked about cancellation policy and notice period.
6691,3317-VLGQT,2026-04-30,2026-05-01,billing,high,closed,30.22,Reported a failed payment and requested a retry.
6692,1095-JUDTC,2026-03-26,,technical,medium,open,,Requested help configuring an integration.
6693,1095-JUDTC,2026-07-14,2026-07-14,billing,high,closed,20.6,Reported a failed payment and requested a retry.
6694,1095-JUDTC,2026-06-12,,technical,low,open,,Reported repeated login failures over the past week.
6695,0870-VEMYL,2026-08-04,2026-08-04,billing,low,closed,1.17,Asked why the monthly charge increased without notice.
6696,0870-VEMYL,2026-08-08,,technical,high,open,,Requested help configuring an integration.
6697,3039-MJSLN,2026-08-27,2026-08-28,technical,high,closed,31.95,Requested help configuring an integration.
6698,5385-SUIRI,2026-08-10,,other,high,open,,General question about plan upgrade options.
6699,5385-SUIRI,2026-05-22,2026-05-22,other,high,closed,17.39,Requested a copy of past invoices.
6700,3982-XWFZQ,2026-07-24,2026-07-25,technical,low,closed,44.26,Reported repeated login failures over the past week.
6701,5774-QPLTF,2026-04-01,2026-04-01,technical,low,closed,8.48,Feature X is not syncing data correctly.
6702,2322-VCZHZ,2026-05-05,2026-05-05,other,medium,closed,14.94,General question about plan upgrade options.
6703,2322-VCZHZ,2026-05-10,,other,high,open,,General question about plan upgrade options.
6704,5010-IPEAQ,2026-04-28,2026-04-28,other,low,closed,19.08,Requested a copy of past invoices.
6705,5010-IPEAQ,2026-08-08,2026-08-08,billing,low,closed,21.88,Requested a refund for a duplicate charge.
6706,5010-IPEAQ,2026-03-29,2026-03-29,technical,high,closed,20.3,App crashes when loading the dashboard view.
6707,4009-ALQFH,2026-06-02,2026-06-03,other,medium,closed,39.4,Provided feedback about the onboarding experience.
6708,4009-ALQFH,2026-05-11,2026-05-12,billing,low,closed,45.56,Requested a refund for a duplicate charge.
6709,4009-ALQFH,2026-06-13,2026-06-13,billing,low,closed,5.32,Reported a failed payment and requested a retry.
6710,3069-SSVSN,2026-04-09,,billing,low,open,,Customer disputes a charge on their most recent invoice.
6711,5222-IMUKT,2026-04-21,,other,medium,open,,Provided feedback about the onboarding experience.
6712,3627-FCRDW,2026-04-12,,technical,medium,open,,Feature X is not syncing data correctly.
6713,3627-FCRDW,2026-09-07,2026-09-09,billing,medium,closed,60.11,Asked why the monthly charge increased without notice.
6714,3627-FCRDW,2026-06-10,2026-06-10,billing,medium,closed,9.59,Reported a failed payment and requested a retry.
6715,7562-GSUHK,2026-05-25,,billing,low,open,,Requested a refund for a duplicate charge.
6716,7562-GSUHK,2026-05-04,2026-05-07,billing,low,closed,79.84,Asked why the monthly charge increased without notice.
6717,6685-XSHHU,2026-08-15,2026-08-15,billing,medium,closed,18.63,Requested a refund for a duplicate charge.
6718,8901-UPRHR,2026-04-19,2026-04-19,billing,high,closed,18.62,Requested a refund for a duplicate charge.
6719,8901-UPRHR,2026-05-28,2026-05-28,other,low,closed,7.6,Requested a copy of past invoices.
6720,8901-UPRHR,2026-04-26,,other,medium,open,,Provided feedback about the onboarding experience.
6721,4903-UYAVB,2026-05-01,2026-05-01,billing,medium,closed,12.66,Reported a failed payment and requested a retry.
6722,4903-UYAVB,2026-05-19,,technical,low,open,,Requested help configuring an integration.
6723,0118-JPNOY,2026-08-14,2026-08-14,billing,low,closed,4.06,Reported a failed payment and requested a retry.
6724,0118-JPNOY,2026-04-22,2026-04-23,technical,low,closed,39.91,Reported repeated login failures over the past week.
6725,6776-TLWOI,2026-04-15,,other,high,open,,Asked about cancellation policy and notice period.
6726,6776-TLWOI,2026-09-09,,billing,medium,open,,Reported a failed payment and requested a retry.
6727,6776-TLWOI,2026-03-30,,technical,medium,open,,App crashes when loading the dashboard view.
6728,6776-TLWOI,2026-04-28,2026-04-30,billing,medium,closed,61.95,Requested a refund for a duplicate charge.
6729,6776-TLWOI,2026-03-23,,billing,medium,open,,Customer disputes a charge on their most recent invoice.
6730,5857-XRECV,2026-04-26,2026-04-27,technical,medium,closed,24.53,Requested help configuring an integration.
6731,0725-CXOTM,2026-04-18,2026-04-18,billing,medium,closed,7.46,Asked why the monthly charge increased without notice.
6732,4343-EJVQB,2026-08-27,2026-08-27,technical,low,closed,4.41,Requested help configuring an integration.
6733,9000-PLFUZ,2026-06-24,2026-06-24,technical,medium,closed,15.02,Reported repeated login failures over the past week.
6734,7779-ORAEL,2026-05-26,,billing,low,open,,Reported a failed payment and requested a retry.
6735,0644-OQMDK,2026-04-04,2026-04-05,technical,high,closed,34.28,Reported repeated login failures over the past week.
6736,0644-OQMDK,2026-06-21,2026-06-22,billing,low,closed,29.47,Customer disputes a charge on their most recent invoice.
6737,0644-OQMDK,2026-07-07,,other,low,open,,General question about plan upgrade options.
6738,4077-CROMM,2026-07-13,2026-07-14,other,medium,closed,31.39,Provided feedback about the onboarding experience.
6739,3154-CFSZG,2026-03-29,,billing,low,open,,Requested a refund for a duplicate charge.
6740,3154-CFSZG,2026-05-30,2026-05-30,other,low,closed,12.15,Provided feedback about the onboarding experience.
6741,2868-MZAGQ,2026-07-24,2026-07-25,billing,medium,closed,39.33,Asked why the monthly charge increased without notice.
6742,2868-MZAGQ,2026-04-14,2026-04-16,other,high,closed,71.92,General question about plan upgrade options.
6743,1658-XUHBX,2026-06-30,2026-06-30,technical,low,closed,14.92,App crashes when loading the dashboard view.
6744,6379-RXJRQ,2026-07-10,2026-07-11,other,high,closed,41.35,Provided feedback about the onboarding experience.
6745,8650-RHRKE,2026-09-11,2026-09-12,billing,low,closed,26.79,Reported a failed payment and requested a retry.
6746,0475-RIJEP,2026-06-29,2026-07-02,billing,medium,closed,80.98,Customer disputes a charge on their most recent invoice.
6747,0475-RIJEP,2026-08-16,2026-08-16,other,low,closed,16.4,Requested a copy of past invoices.
6748,3719-TDVQB,2026-07-22,2026-07-23,other,high,closed,24.81,Requested a copy of past invoices.
6749,6328-ZPBGN,2026-08-04,2026-08-06,other,high,closed,68.49,Asked about cancellation policy and notice period.
6750,6328-ZPBGN,2026-07-12,2026-07-15,billing,high,closed,80.77,Reported a failed payment and requested a retry.
6751,0201-MIBOL,2026-04-10,2026-04-11,billing,medium,closed,45.88,Reported a failed payment and requested a retry.
6752,2925-VDZHY,2026-04-24,,other,medium,open,,Provided feedback about the onboarding experience.
6753,2925-VDZHY,2026-05-13,2026-05-13,other,medium,closed,12.64,Provided feedback about the onboarding experience.
6754,6981-TDRFT,2026-08-17,2026-08-17,billing,medium,closed,4.62,Customer disputes a charge on their most recent invoice.
6755,3413-CSSTH,2026-09-08,2026-09-08,other,medium,closed,22.75,General question about plan upgrade options.
6756,3413-CSSTH,2026-07-31,,technical,high,open,,Reported repeated login failures over the past week.
6757,8033-VCZGH,2026-04-25,2026-04-25,other,medium,closed,15.7,Provided feedback about the onboarding experience.
6758,8033-VCZGH,2026-05-23,2026-05-24,billing,medium,closed,28.3,Asked why the monthly charge increased without notice.
6759,8033-VCZGH,2026-08-07,2026-08-07,technical,medium,closed,11.29,Feature X is not syncing data correctly.
6760,4789-KWMXN,2026-07-08,2026-07-09,other,medium,closed,33.25,Provided feedback about the onboarding experience.
6761,4789-KWMXN,2026-04-04,2026-04-05,other,medium,closed,46.55,Asked about cancellation policy and notice period.
6762,0224-NIJLP,2026-07-15,2026-07-16,other,medium,closed,26.88,Asked about cancellation policy and notice period.
6763,4718-WXBGI,2026-04-09,2026-04-10,technical,medium,closed,47.7,Requested help configuring an integration.
6764,2867-UIMSS,2026-05-30,,technical,medium,open,,App crashes when loading the dashboard view.
6765,2867-UIMSS,2026-07-30,,billing,medium,open,,Customer disputes a charge on their most recent invoice.
6766,0439-IFYUN,2026-06-20,2026-06-21,billing,low,closed,36.9,Reported a failed payment and requested a retry.
6767,5716-LIBJC,2026-08-21,2026-08-22,technical,medium,closed,28.71,Reported repeated login failures over the past week.
6768,5716-LIBJC,2026-07-14,,billing,medium,open,,Requested a refund for a duplicate charge.
6769,5716-LIBJC,2026-09-06,2026-09-07,technical,low,closed,27.26,Reported repeated login failures over the past week.
6770,8111-RKSPX,2026-08-06,,technical,medium,open,,Reported repeated login failures over the past week.
6771,8111-RKSPX,2026-08-11,2026-08-11,technical,medium,closed,15.35,Reported repeated login failures over the past week.
6772,8111-RKSPX,2026-05-29,,technical,medium,open,,Reported repeated login failures over the past week.
6773,2988-QRAJY,2026-04-26,2026-04-27,technical,medium,closed,30.34,Reported repeated login failures over the past week.
6774,2988-QRAJY,2026-05-09,2026-05-09,billing,medium,closed,10.94,Reported a failed payment and requested a retry.
6775,1585-MQSSU,2026-08-22,2026-08-22,other,medium,closed,13.29,Asked about cancellation policy and notice period.
6776,1585-MQSSU,2026-06-22,2026-06-23,technical,high,closed,27.75,Feature X is not syncing data correctly.
6777,0071-NDAFP,2026-04-22,2026-04-23,technical,medium,closed,42.04,Reported repeated login failures over the past week.
6778,2856-NNASM,2026-05-16,2026-05-19,other,low,closed,79.15,Asked about cancellation policy and notice period.
6779,6458-CYIDZ,2026-07-06,2026-07-07,technical,medium,closed,31.41,Reported repeated login failures over the past week.
6780,8559-CIZFV,2026-07-20,,other,medium,open,,Asked about cancellation policy and notice period.
6781,1090-PYKCI,2026-05-26,,other,high,open,,General question about plan upgrade options.
6782,1090-PYKCI,2026-03-30,2026-03-31,other,medium,closed,43.5,General question about plan upgrade options.
6783,2279-AXJJK,2026-05-09,2026-05-09,other,medium,closed,22.88,General question about plan upgrade options.
6784,6769-DYBQN,2026-06-17,,billing,medium,open,,Customer disputes a charge on their most recent invoice.
6785,6769-DYBQN,2026-04-21,2026-04-23,technical,medium,closed,51.42,App crashes when loading the dashboard view.
6786,6769-DYBQN,2026-08-18,2026-08-18,technical,medium,closed,9.38,Requested help configuring an integration.
6787,1042-HFUCW,2026-06-09,2026-06-10,technical,high,closed,24.83,Reported repeated login failures over the past week.
6788,4439-JMPMT,2026-04-25,,technical,low,open,,App crashes when loading the dashboard view.
6789,4439-JMPMT,2026-07-05,2026-07-05,billing,low,closed,4.42,Asked why the monthly charge increased without notice.
6790,4439-JMPMT,2026-05-18,,billing,high,open,,Requested a refund for a duplicate charge.
6791,4439-JMPMT,2026-06-08,2026-06-11,technical,medium,closed,79.13,Feature X is not syncing data correctly.
6792,4439-JMPMT,2026-04-02,,other,medium,open,,Asked about cancellation policy and notice period.
6793,8999-EXMNO,2026-07-02,,other,medium,open,,Provided feedback about the onboarding experience.
6794,6725-TPKJO,2026-07-25,2026-07-25,billing,low,closed,6.71,Reported a failed payment and requested a retry.
6795,2446-BEGGB,2026-04-23,,technical,low,open,,Requested help configuring an integration.
6796,1496-GGSUK,2026-08-27,2026-08-27,other,high,closed,7.47,General question about plan upgrade options.
6797,1496-GGSUK,2026-03-26,2026-03-28,technical,medium,closed,61.76,App crashes when loading the dashboard view.
6798,6434-TTGJP,2026-08-07,2026-08-08,billing,medium,closed,40.51,Reported a failed payment and requested a retry.
6799,0042-JVWOJ,2026-08-23,2026-08-24,other,low,closed,32.81,Provided feedback about the onboarding experience.
6800,0130-SXOUN,2026-03-21,,other,medium,open,,General question about plan upgrade options.
6801,0130-SXOUN,2026-04-26,2026-04-26,technical,low,closed,7.84,Feature X is not syncing data correctly.
6802,2575-GFSOE,2026-05-17,2026-05-17,other,low,closed,23.76,General question about plan upgrade options.
6803,1452-UZOSF,2026-08-28,,other,high,open,,Asked about cancellation policy and notice period.
6804,2842-JTCCU,2026-05-31,,billing,low,open,,Requested a refund for a duplicate charge.
6805,2842-JTCCU,2026-09-15,2026-09-17,billing,high,closed,66.91,Asked why the monthly charge increased without notice.
6806,8597-CTXVJ,2026-06-12,2026-06-12,other,medium,closed,9.1,Requested a copy of past invoices.
6807,6631-HMANX,2026-06-04,2026-06-04,technical,low,closed,7.86,Feature X is not syncing data correctly.
6808,6631-HMANX,2026-05-16,2026-05-17,billing,medium,closed,36.88,Requested a refund for a duplicate charge.
6809,3296-SILRA,2026-06-29,,technical,medium,open,,Requested help configuring an integration.
6810,3296-SILRA,2026-06-13,2026-06-13,technical,medium,closed,1.17,Requested help configuring an integration.
6811,5995-LFTLE,2026-06-10,2026-06-11,technical,medium,closed,31.18,App crashes when loading the dashboard view.
6812,5180-UCIIQ,2026-05-15,,other,low,open,,General question about plan upgrade options.
6813,1932-UEDCX,2026-06-22,,billing,medium,open,,Customer disputes a charge on their most recent invoice.
6814,5188-HGMLP,2026-03-26,2026-03-26,billing,low,closed,6.41,Asked why the monthly charge increased without notice.
6815,5188-HGMLP,2026-08-08,,technical,medium,open,,App crashes when loading the dashboard view.
6816,6521-YYTYI,2026-08-31,,other,high,open,,Provided feedback about the onboarding experience.
6817,6521-YYTYI,2026-05-07,2026-05-07,billing,medium,closed,4.03,Requested a refund for a duplicate charge.
6818,8265-HKSOW,2026-08-03,2026-08-04,technical,medium,closed,29.67,App crashes when loading the dashboard view.
6819,3544-FBCAS,2026-06-16,,billing,low,open,,Reported a failed payment and requested a retry.
6820,7054-DMVAS,2026-04-18,2026-04-19,billing,low,closed,47.8,Requested a refund for a duplicate charge.
6821,3428-MMGUB,2026-06-25,2026-06-26,technical,medium,closed,41.01,Reported repeated login failures over the past week.
6822,6549-BTYPG,2026-04-24,2026-04-25,technical,low,closed,36.5,Feature X is not syncing data correctly.
6823,6549-BTYPG,2026-04-16,2026-04-16,technical,high,closed,14.96,App crashes when loading the dashboard view.
6824,6549-BTYPG,2026-09-14,2026-09-15,technical,high,closed,26.37,Feature X is not syncing data correctly.
6825,6549-BTYPG,2026-03-25,2026-03-26,technical,medium,closed,35.21,Feature X is not syncing data correctly.
6826,7823-JSOAG,2026-07-18,2026-07-19,other,high,closed,36.15,General question about plan upgrade options.
6827,7823-JSOAG,2026-07-03,2026-07-03,billing,high,closed,10.31,Asked why the monthly charge increased without notice.
6828,3705-RHRFR,2026-06-12,2026-06-12,technical,low,closed,9.2,Requested help configuring an integration.
6829,3705-RHRFR,2026-04-17,,technical,medium,open,,Requested help configuring an integration.
6830,9374-YOLBJ,2026-06-20,2026-06-21,billing,low,closed,27.29,Requested a refund for a duplicate charge.
6831,6128-DAFVY,2026-09-03,2026-09-03,technical,medium,closed,7.47,Requested help configuring an integration.
6832,6128-DAFVY,2026-06-25,,other,high,open,,Provided feedback about the onboarding experience.
6833,6128-DAFVY,2026-06-24,2026-06-25,other,high,closed,34.01,General question about plan upgrade options.
6834,9933-QRGTX,2026-08-12,,other,low,open,,Provided feedback about the onboarding experience.
6835,4476-OSWTN,2026-08-27,2026-08-27,billing,medium,closed,5.54,Reported a failed payment and requested a retry.
6836,4476-OSWTN,2026-06-26,2026-06-26,technical,high,closed,2.16,Reported repeated login failures over the past week.
6837,4476-OSWTN,2026-06-25,,other,high,open,,Provided feedback about the onboarding experience.
6838,3751-KTZEL,2026-05-23,,other,medium,open,,General question about plan upgrade options.
6839,1977-STDKI,2026-06-02,2026-06-03,billing,low,closed,32.55,Customer disputes a charge on their most recent invoice.
6840,0458-HEUZG,2026-06-07,2026-06-07,billing,medium,closed,20.09,Customer disputes a charge on their most recent invoice.
6841,7268-WNTCP,2026-09-11,2026-09-11,billing,low,closed,8.92,Requested a refund for a duplicate charge.
6842,0824-VWDPO,2026-07-05,,other,medium,open,,General question about plan upgrade options.
6843,0824-VWDPO,2026-08-04,2026-08-04,other,high,closed,20.73,General question about plan upgrade options.
6844,8409-WQJUX,2026-09-02,,technical,low,open,,Requested help configuring an integration.
6845,3278-FSIXX,2026-04-23,,billing,medium,open,,Asked why the monthly charge increased without notice.
6846,5813-UECBU,2026-09-12,2026-09-15,billing,high,closed,79.99,Asked why the monthly charge increased without notice.
6847,5813-UECBU,2026-05-23,2026-05-23,billing,medium,closed,10.42,Asked why the monthly charge increased without notice.
6848,9746-UGFAC,2026-07-06,2026-07-06,technical,low,closed,7.12,Requested help configuring an integration.
6849,9746-UGFAC,2026-05-01,2026-05-02,billing,low,closed,41.3,Asked why the monthly charge increased without notice.
6850,2946-KIQSP,2026-06-22,,technical,high,open,,Requested help configuring an integration.
6851,2946-KIQSP,2026-05-10,2026-05-10,technical,medium,closed,15.13,App crashes when loading the dashboard view.
6852,0625-AFOHS,2026-07-12,,technical,medium,open,,App crashes when loading the dashboard view.
6853,0625-AFOHS,2026-04-03,,other,low,open,,Provided feedback about the onboarding experience.
6854,6726-WEXXK,2026-08-22,2026-08-22,billing,high,closed,11.67,Reported a failed payment and requested a retry.
6855,6726-WEXXK,2026-03-21,2026-03-21,billing,low,closed,13.73,Reported a failed payment and requested a retry.
6856,6726-WEXXK,2026-06-04,,billing,low,open,,Customer disputes a charge on their most recent invoice.
6857,4636-OLWOE,2026-06-13,2026-06-13,other,medium,closed,5.67,Asked about cancellation policy and notice period.
6858,4636-OLWOE,2026-04-20,,technical,medium,open,,Reported repeated login failures over the past week.
6859,0885-HMGPY,2026-05-01,,other,medium,open,,Asked about cancellation policy and notice period.
6860,5003-OKNNK,2026-09-11,2026-09-12,other,medium,closed,39.05,Provided feedback about the onboarding experience.
6861,4195-SMMNX,2026-09-03,2026-09-04,other,high,closed,46.62,Provided feedback about the onboarding experience.
6862,7208-PSIHR,2026-07-04,,billing,low,open,,Reported a failed payment and requested a retry.
6863,4012-ZTHBR,2026-08-24,2026-08-25,other,medium,closed,38.36,Provided feedback about the onboarding experience.
6864,0489-WMEMG,2026-05-02,2026-05-03,billing,low,closed,28.78,Asked why the monthly charge increased without notice.
6865,0489-WMEMG,2026-07-07,,other,medium,open,,Provided feedback about the onboarding experience.
6866,7435-ZNUYY,2026-08-22,2026-08-23,billing,medium,closed,38.82,Requested a refund for a duplicate charge.
6867,6956-SMUCM,2026-04-14,2026-04-14,billing,low,closed,17.36,Customer disputes a charge on their most recent invoice.
6868,2985-FMWYF,2026-09-07,,billing,medium,open,,Customer disputes a charge on their most recent invoice.
6869,2985-FMWYF,2026-03-23,,other,low,open,,General question about plan upgrade options.
6870,2985-FMWYF,2026-04-26,2026-04-27,technical,low,closed,38.53,Reported repeated login failures over the past week.
6871,2717-HVIZY,2026-03-27,,other,medium,open,,Asked about cancellation policy and notice period.
6872,3223-WZWJM,2026-07-16,2026-07-17,technical,low,closed,35.56,App crashes when loading the dashboard view.
6873,2530-ENDWQ,2026-07-15,2026-07-16,technical,low,closed,36.55,Requested help configuring an integration.
6874,2530-ENDWQ,2026-09-12,2026-09-14,other,low,closed,51.24,Provided feedback about the onboarding experience.
6875,0327-WFZSY,2026-08-05,2026-08-05,technical,low,closed,6.28,Feature X is not syncing data correctly.
6876,0327-WFZSY,2026-04-30,,other,medium,open,,Requested a copy of past invoices.
6877,6615-ZGEDR,2026-05-28,2026-05-28,billing,medium,closed,15.28,Customer disputes a charge on their most recent invoice.
6878,7033-CLAMM,2026-08-23,2026-08-23,billing,medium,closed,16.33,Asked why the monthly charge increased without notice.
6879,4023-RTIQM,2026-07-26,2026-07-27,other,low,closed,26.76,Requested a copy of past invoices.
6880,4023-RTIQM,2026-09-03,,technical,high,open,,Requested help configuring an integration.
6881,4023-RTIQM,2026-04-18,,technical,medium,open,,App crashes when loading the dashboard view.
6882,0864-FVJNJ,2026-03-31,,other,low,open,,General question about plan upgrade options.
6883,3967-VQOGC,2026-04-01,,technical,medium,open,,Requested help configuring an integration.
6884,7872-RDDLZ,2026-09-07,2026-09-07,technical,medium,closed,4.87,Requested help configuring an integration.
6885,9250-WYPLL,2026-08-20,2026-08-21,other,medium,closed,25.36,Asked about cancellation policy and notice period.
6886,2754-XBHTB,2026-04-01,2026-04-03,billing,medium,closed,69.47,Requested a refund for a duplicate charge.
6887,1597-LHYNC,2026-07-12,2026-07-12,other,high,closed,13.95,General question about plan upgrade options.
6888,0186-CAERR,2026-06-09,2026-06-09,other,low,closed,21.38,General question about plan upgrade options.
6889,3043-SUDUA,2026-07-30,2026-07-30,billing,high,closed,7.17,Requested a refund for a duplicate charge.
6890,2169-RRLFW,2026-08-06,2026-08-06,other,high,closed,8.88,Provided feedback about the onboarding experience.
6891,3162-KKZXO,2026-06-27,2026-06-28,technical,medium,closed,27.83,Requested help configuring an integration.
6892,3162-KKZXO,2026-09-06,2026-09-07,billing,medium,closed,27.32,Reported a failed payment and requested a retry.
6893,0754-UKWQP,2026-05-17,2026-05-19,billing,high,closed,69.82,Asked why the monthly charge increased without notice.
6894,0754-UKWQP,2026-07-16,2026-07-16,other,high,closed,9.28,Asked about cancellation policy and notice period.
6895,8873-GLDMH,2026-07-03,2026-07-04,other,medium,closed,47.38,Asked about cancellation policy and notice period.
6896,5696-JVVQY,2026-07-24,2026-07-24,other,medium,closed,14.44,Requested a copy of past invoices.
6897,7493-TPUWZ,2026-04-24,,billing,low,open,,Reported a failed payment and requested a retry.
6898,7493-TPUWZ,2026-07-18,2026-07-19,billing,medium,closed,46.42,Customer disputes a charge on their most recent invoice.
6899,7493-TPUWZ,2026-08-07,,technical,medium,open,,App crashes when loading the dashboard view.
6900,7493-TPUWZ,2026-05-17,,billing,medium,open,,Asked why the monthly charge increased without notice.
6901,7493-TPUWZ,2026-08-07,,technical,low,open,,Reported repeated login failures over the past week.
6902,7493-TPUWZ,2026-07-16,,billing,high,open,,Asked why the monthly charge increased without notice.
6903,0547-HURJB,2026-05-05,2026-05-06,technical,low,closed,27.39,Requested help configuring an integration.
6904,1577-HKTFG,2026-08-24,2026-08-25,other,medium,closed,25.67,Provided feedback about the onboarding experience.
6905,0691-NIKRI,2026-04-04,2026-04-04,technical,medium,closed,17.17,Requested help configuring an integration.
6906,5022-JNQEQ,2026-09-03,,technical,medium,open,,Reported repeated login failures over the past week.
6907,5022-JNQEQ,2026-08-28,,technical,low,open,,Reported repeated login failures over the past week.
6908,4558-FANTW,2026-04-17,,billing,medium,open,,Reported a failed payment and requested a retry.
6909,4558-FANTW,2026-05-24,2026-05-25,billing,medium,closed,47.99,Customer disputes a charge on their most recent invoice.
6910,4558-FANTW,2026-09-07,,billing,medium,open,,Reported a failed payment and requested a retry.
6911,3249-VHRIP,2026-08-10,,technical,medium,open,,App crashes when loading the dashboard view.
6912,4701-LKOZD,2026-05-28,2026-05-29,other,medium,closed,34.68,Provided feedback about the onboarding experience.
6913,4701-LKOZD,2026-04-14,2026-04-14,technical,medium,closed,18.41,Feature X is not syncing data correctly.
6914,6603-QWSPR,2026-07-22,2026-07-23,technical,high,closed,25.53,Feature X is not syncing data correctly.
6915,6603-QWSPR,2026-08-01,2026-08-01,technical,low,closed,1.1,Requested help configuring an integration.
6916,9921-QFQUL,2026-04-21,,technical,medium,open,,Requested help configuring an integration.
6917,9921-QFQUL,2026-06-07,,other,medium,open,,Requested a copy of past invoices.
6918,9921-QFQUL,2026-07-02,,billing,low,open,,Reported a failed payment and requested a retry.
6919,9921-QFQUL,2026-07-17,2026-07-17,technical,high,closed,1.35,App crashes when loading the dashboard view.
6920,1929-ZCBHE,2026-09-03,2026-09-03,other,high,closed,13.27,General question about plan upgrade options.
6921,1929-ZCBHE,2026-06-28,,other,low,open,,Requested a copy of past invoices.
6922,8651-ENBZX,2026-04-22,2026-04-23,other,medium,closed,25.2,General question about plan upgrade options.
6923,8651-ENBZX,2026-08-03,2026-08-04,other,high,closed,31.76,Provided feedback about the onboarding experience.
6924,8651-ENBZX,2026-04-05,2026-04-07,other,low,closed,49.02,Provided feedback about the onboarding experience.
6925,8651-ENBZX,2026-06-21,,technical,high,open,,Reported repeated login failures over the past week.
6926,4129-LYCOI,2026-06-30,2026-07-01,billing,high,closed,26.15,Reported a failed payment and requested a retry.
6927,7798-JVXYM,2026-05-05,,technical,low,open,,App crashes when loading the dashboard view.
6928,2081-KJSQF,2026-06-12,2026-06-13,billing,low,closed,29.49,Customer disputes a charge on their most recent invoice.
6929,2081-KJSQF,2026-05-23,2026-05-24,other,medium,closed,29.37,Requested a copy of past invoices.
6930,7623-TRNQN,2026-07-20,2026-07-20,technical,medium,closed,16.27,Feature X is not syncing data correctly.
6931,3323-CPBWR,2026-06-13,2026-06-13,billing,medium,closed,1.59,Customer disputes a charge on their most recent invoice.
6932,3323-CPBWR,2026-09-08,2026-09-08,other,high,closed,11.28,Provided feedback about the onboarding experience.
6933,3323-CPBWR,2026-07-10,2026-07-11,other,medium,closed,38.14,Requested a copy of past invoices.
6934,9330-IJWIO,2026-09-02,2026-09-02,other,medium,closed,13.3,Requested a copy of past invoices.
6935,9330-IJWIO,2026-04-07,,billing,low,open,,Asked why the monthly charge increased without notice.
6936,3384-CTMSF,2026-08-19,2026-08-20,other,low,closed,38.08,Asked about cancellation policy and notice period.
6937,0902-RFHOF,2026-06-06,2026-06-06,technical,medium,closed,18.82,Requested help configuring an integration.
6938,9286-DOJGF,2026-04-30,,billing,high,open,,Asked why the monthly charge increased without notice.
6939,9661-MHUMO,2026-07-26,,billing,medium,open,,Reported a failed payment and requested a retry.
6940,9661-MHUMO,2026-05-16,,technical,medium,open,,Requested help configuring an integration.
6941,9661-MHUMO,2026-06-23,2026-06-23,billing,medium,closed,16.43,Asked why the monthly charge increased without notice.
6942,7718-RXDGG,2026-08-22,2026-08-22,other,medium,closed,18.43,Asked about cancellation policy and notice period.
6943,1025-FALIX,2026-08-04,2026-08-04,billing,low,closed,6.76,Reported a failed payment and requested a retry.
6944,3407-QGWLG,2026-04-24,2026-04-25,billing,medium,closed,31.81,Reported a failed payment and requested a retry.
6945,3407-QGWLG,2026-08-30,,billing,high,open,,Asked why the monthly charge increased without notice.
6946,2347-WKKAE,2026-03-23,,other,low,open,,Requested a copy of past invoices.
6947,1936-UAFEH,2026-06-28,2026-06-29,other,low,closed,44.66,Requested a copy of past invoices.
6948,3587-PMCOY,2026-07-06,,other,medium,open,,Requested a copy of past invoices.
6949,8079-XRJRS,2026-07-23,2026-07-23,billing,low,closed,13.41,Asked why the monthly charge increased without notice.
6950,8079-XRJRS,2026-05-17,2026-05-20,billing,low,closed,82.35,Asked why the monthly charge increased without notice.
6951,8079-XRJRS,2026-06-13,2026-06-13,billing,high,closed,21.16,Asked why the monthly charge increased without notice.
6952,7148-XZPHA,2026-08-21,,technical,medium,open,,Requested help configuring an integration.
6953,7148-XZPHA,2026-06-10,2026-06-11,technical,medium,closed,29.37,Feature X is not syncing data correctly.
6954,7148-XZPHA,2026-04-29,2026-04-29,technical,medium,closed,3.14,App crashes when loading the dashboard view.
6955,8073-IJDCM,2026-04-25,2026-04-25,billing,medium,closed,17.2,Customer disputes a charge on their most recent invoice.
6956,6856-RAURS,2026-08-04,2026-08-04,billing,high,closed,12.26,Requested a refund for a duplicate charge.
6957,6856-RAURS,2026-05-11,,other,low,open,,Requested a copy of past invoices.
6958,9717-IOAAF,2026-07-08,2026-07-09,other,low,closed,36.4,Asked about cancellation policy and notice period.
6959,8884-ADFVN,2026-08-14,2026-08-15,billing,medium,closed,45.12,Reported a failed payment and requested a retry.
6960,2845-KDHVX,2026-04-06,2026-04-07,technical,medium,closed,38.32,Requested help configuring an integration.
6961,2720-WGKHP,2026-08-27,2026-08-30,billing,medium,closed,80.86,Customer disputes a charge on their most recent invoice.
6962,6734-FQAJX,2026-05-03,,billing,medium,open,,Reported a failed payment and requested a retry.
6963,6734-FQAJX,2026-06-21,2026-06-21,billing,low,closed,4.49,Reported a failed payment and requested a retry.
6964,2869-ADAWR,2026-07-26,2026-07-26,technical,medium,closed,2.86,Requested help configuring an integration.
6965,2869-ADAWR,2026-04-11,2026-04-11,technical,low,closed,19.82,App crashes when loading the dashboard view.
6966,1535-VTJOQ,2026-06-25,2026-06-25,other,medium,closed,1.68,Requested a copy of past invoices.
6967,9894-EZEWG,2026-05-14,2026-05-14,other,medium,closed,10.66,Asked about cancellation policy and notice period.
6968,9894-EZEWG,2026-07-28,,technical,medium,open,,Requested help configuring an integration.
6969,9894-EZEWG,2026-09-14,2026-09-15,technical,medium,closed,26.56,App crashes when loading the dashboard view.
6970,9894-EZEWG,2026-05-07,,billing,low,open,,Requested a refund for a duplicate charge.
6971,0637-UBJRP,2026-05-23,2026-05-24,billing,medium,closed,40.31,Requested a refund for a duplicate charge.
6972,0637-UBJRP,2026-03-24,2026-03-25,technical,medium,closed,42.15,Feature X is not syncing data correctly.
6973,0940-OUQEC,2026-04-08,2026-04-08,other,high,closed,16.69,Requested a copy of past invoices.
6974,2378-VTKDH,2026-06-22,2026-06-22,technical,medium,closed,19.98,App crashes when loading the dashboard view.
6975,0927-CNGRH,2026-04-16,2026-04-17,other,high,closed,41.88,General question about plan upgrade options.
6976,2335-GSODA,2026-05-01,2026-05-02,billing,medium,closed,47.96,Requested a refund for a duplicate charge.
6977,2335-GSODA,2026-04-03,2026-04-04,other,medium,closed,33.19,Provided feedback about the onboarding experience.
6978,0702-PGIBZ,2026-04-08,,other,medium,open,,General question about plan upgrade options.
6979,6656-GULJQ,2026-06-16,2026-06-16,other,medium,closed,8.74,Provided feedback about the onboarding experience.
6980,6656-GULJQ,2026-07-16,,technical,low,open,,Feature X is not syncing data correctly.
6981,9853-JFZDU,2026-06-05,2026-06-06,billing,low,closed,29.73,Customer disputes a charge on their most recent invoice.
6982,1963-VAUKV,2026-08-26,2026-08-27,other,low,closed,30.69,General question about plan upgrade options.
6983,3777-XROBG,2026-08-10,,billing,low,open,,Reported a failed payment and requested a retry.
6984,4000-VGMQP,2026-05-24,2026-05-24,technical,medium,closed,6.36,Feature X is not syncing data correctly.
6985,2680-XKKNJ,2026-05-02,2026-05-03,technical,medium,closed,45.57,Feature X is not syncing data correctly.
6986,2680-XKKNJ,2026-08-03,2026-08-04,billing,medium,closed,43.62,Reported a failed payment and requested a retry.
6987,2974-GGUXS,2026-09-07,2026-09-07,billing,high,closed,5.15,Customer disputes a charge on their most recent invoice.
6988,3259-FDWOY,2026-08-11,2026-08-11,technical,medium,closed,13.31,Feature X is not syncing data correctly.
6989,3259-FDWOY,2026-06-08,,billing,low,open,,Requested a refund for a duplicate charge.
6990,2101-RANCD,2026-07-04,2026-07-04,technical,medium,closed,18.37,Reported repeated login failures over the past week.
6991,0807-ZABDG,2026-06-02,2026-06-02,other,medium,closed,6.57,Requested a copy of past invoices.
6992,0807-ZABDG,2026-07-11,2026-07-12,other,medium,closed,29.8,General question about plan upgrade options.
6993,8510-TMWYB,2026-08-03,2026-08-04,technical,high,closed,37.43,Feature X is not syncing data correctly.
6994,3258-ZKPAI,2026-07-01,,billing,high,open,,Customer disputes a charge on their most recent invoice.
6995,1428-IEDPR,2026-08-28,2026-08-28,billing,low,closed,21.13,Requested a refund for a duplicate charge.
6996,6728-CZFEI,2026-09-07,2026-09-07,technical,medium,closed,5.13,App crashes when loading the dashboard view.
6997,3653-NCRDJ,2026-07-18,2026-07-18,billing,low,closed,1.68,Customer disputes a charge on their most recent invoice.
6998,3653-NCRDJ,2026-07-28,2026-07-29,technical,low,closed,45.29,Requested help configuring an integration.
6999,3653-NCRDJ,2026-04-27,2026-04-28,other,high,closed,44.77,Provided feedback about the onboarding experience.
7000,3653-NCRDJ,2026-05-21,2026-05-22,other,medium,closed,25.22,Asked about cancellation policy and notice period.
7001,6121-TNHBO,2026-05-15,2026-05-16,technical,high,closed,36.26,Feature X is not syncing data correctly.
7002,6121-TNHBO,2026-08-26,2026-08-26,other,low,closed,8.68,Provided feedback about the onboarding experience.
7003,7739-LAXOG,2026-07-15,,billing,high,open,,Asked why the monthly charge increased without notice.
7004,8224-UAXBZ,2026-07-20,,other,low,open,,Asked about cancellation policy and notice period.
7005,8224-UAXBZ,2026-04-03,2026-04-04,billing,medium,closed,27.15,Reported a failed payment and requested a retry.
7006,9610-WCESF,2026-07-28,2026-07-29,other,medium,closed,38.88,General question about plan upgrade options.
7007,9610-WCESF,2026-08-23,,billing,high,open,,Customer disputes a charge on their most recent invoice.
7008,9776-CLUJA,2026-08-31,2026-09-01,technical,low,closed,42.85,Feature X is not syncing data correctly.
7009,2486-WYVVE,2026-06-28,2026-06-29,technical,high,closed,43.57,Feature X is not syncing data correctly.
7010,2486-WYVVE,2026-08-06,2026-08-07,technical,medium,closed,28.35,Reported repeated login failures over the past week.
7011,1422-DGUBX,2026-08-06,,technical,medium,open,,App crashes when loading the dashboard view.
7012,1422-DGUBX,2026-07-06,2026-07-06,billing,high,closed,1.16,Requested a refund for a duplicate charge.
7013,1422-DGUBX,2026-04-03,2026-04-03,billing,medium,closed,19.46,Requested a refund for a duplicate charge.
7014,2999-AANRQ,2026-05-16,2026-05-17,other,medium,closed,33.58,Asked about cancellation policy and notice period.
7015,2999-AANRQ,2026-05-15,2026-05-16,billing,low,closed,41.56,Customer disputes a charge on their most recent invoice.
7016,2999-AANRQ,2026-06-21,,technical,low,open,,Reported repeated login failures over the past week.
7017,8668-KNZTI,2026-07-26,,technical,high,open,,App crashes when loading the dashboard view.
7018,0480-KYJVA,2026-08-25,2026-08-25,other,high,closed,22.77,Provided feedback about the onboarding experience.
7019,0480-KYJVA,2026-05-08,2026-05-08,technical,medium,closed,4.77,App crashes when loading the dashboard view.
7020,6034-ZRYCV,2026-04-19,2026-04-21,billing,high,closed,60.32,Customer disputes a charge on their most recent invoice.
7021,6034-ZRYCV,2026-04-14,2026-04-15,technical,low,closed,42.19,Feature X is not syncing data correctly.
7022,3926-YZVVX,2026-09-05,2026-09-05,billing,low,closed,11.66,Reported a failed payment and requested a retry.
7023,6000-UKLWI,2026-05-11,2026-05-11,technical,medium,closed,23.05,Reported repeated login failures over the past week.
7024,6332-FBZRI,2026-06-24,,technical,medium,open,,Reported repeated login failures over the past week.
7025,2096-XOTMO,2026-07-07,2026-07-07,technical,medium,closed,22.23,Requested help configuring an integration.
7026,2096-XOTMO,2026-03-22,2026-03-22,other,medium,closed,21.11,Requested a copy of past invoices.
7027,3266-FTKHB,2026-09-06,2026-09-06,billing,low,closed,1.11,Requested a refund for a duplicate charge.
7028,3266-FTKHB,2026-05-04,2026-05-04,other,medium,closed,21.41,Asked about cancellation policy and notice period.
7029,2346-LOCWC,2026-04-02,,other,low,open,,General question about plan upgrade options.
7030,2346-LOCWC,2026-09-02,2026-09-02,billing,medium,closed,11.76,Customer disputes a charge on their most recent invoice.
7031,6608-QQLVK,2026-06-30,,technical,low,open,,Reported repeated login failures over the past week.
7032,6608-QQLVK,2026-07-05,2026-07-07,billing,medium,closed,71.63,Asked why the monthly charge increased without notice.
7033,6608-QQLVK,2026-05-05,,technical,low,open,,Feature X is not syncing data correctly.
7034,6608-QQLVK,2026-06-21,2026-06-24,technical,medium,closed,72.39,Requested help configuring an integration.
7035,0298-XACET,2026-04-18,2026-04-18,technical,medium,closed,1.25,Requested help configuring an integration.
7036,0298-XACET,2026-05-14,2026-05-15,other,low,closed,35.33,Asked about cancellation policy and notice period.
7037,7560-QJAVJ,2026-05-14,,billing,medium,open,,Reported a failed payment and requested a retry.
7038,2995-YWTCD,2026-07-22,2026-07-22,billing,medium,closed,3.31,Customer disputes a charge on their most recent invoice.
7039,3551-HUAZH,2026-07-18,2026-07-19,technical,high,closed,26.76,Requested help configuring an integration.
7040,9137-UIYPG,2026-04-19,2026-04-19,other,high,closed,19.34,Asked about cancellation policy and notice period.
7041,2809-ZMYOQ,2026-08-08,2026-08-09,billing,high,closed,27.56,Customer disputes a charge on their most recent invoice.
7042,0254-WWRKD,2026-05-25,,other,low,open,,Requested a copy of past invoices.
7043,7727-SHVZV,2026-04-03,,billing,medium,open,,Asked why the monthly charge increased without notice.
7044,6302-JGYRJ,2026-06-14,,billing,medium,open,,Asked why the monthly charge increased without notice.
7045,5339-PXDVH,2026-04-15,,billing,high,open,,Asked why the monthly charge increased without notice.
7046,5339-PXDVH,2026-06-01,2026-06-01,technical,high,closed,7.42,Requested help configuring an integration.
7047,8782-NUUOL,2026-09-14,,billing,low,open,,Requested a refund for a duplicate charge.
7048,8782-NUUOL,2026-06-07,2026-06-07,other,medium,closed,3.63,Requested a copy of past invoices.
7049,3685-YLCMQ,2026-04-09,,billing,low,open,,Customer disputes a charge on their most recent invoice.
7050,3685-YLCMQ,2026-04-28,,billing,high,open,,Asked why the monthly charge increased without notice.
7051,3685-YLCMQ,2026-08-19,,billing,low,open,,Requested a refund for a duplicate charge.
7052,3685-YLCMQ,2026-08-22,,billing,low,open,,Asked why the monthly charge increased without notice.
7053,3685-YLCMQ,2026-04-21,2026-04-24,other,low,closed,83.4,Asked about cancellation policy and notice period.
7054,4609-KNNWG,2026-04-03,,billing,low,open,,Reported a failed payment and requested a retry.
7055,9529-OFXHY,2026-08-19,2026-08-19,other,medium,closed,19.99,Requested a copy of past invoices.
7056,8634-MPHTR,2026-07-04,,other,high,open,,Asked about cancellation policy and notice period.
7057,8634-MPHTR,2026-04-22,2026-04-24,other,low,closed,55.25,Asked about cancellation policy and notice period.
7058,8634-MPHTR,2026-05-14,,billing,low,open,,Customer disputes a charge on their most recent invoice.
7059,8634-MPHTR,2026-04-04,2026-04-05,billing,medium,closed,43.72,Reported a failed payment and requested a retry.
7060,8634-MPHTR,2026-05-03,,billing,low,open,,Asked why the monthly charge increased without notice.
7061,2669-QVCRG,2026-05-17,2026-05-18,technical,medium,closed,31.59,App crashes when loading the dashboard view.
7062,2669-QVCRG,2026-05-11,2026-05-12,billing,low,closed,34.27,Reported a failed payment and requested a retry.
7063,2478-EEWWM,2026-04-26,,billing,low,open,,Requested a refund for a duplicate charge.
7064,2478-EEWWM,2026-07-25,2026-07-26,other,low,closed,33.63,Provided feedback about the onboarding experience.
7065,9174-IHETN,2026-04-25,,technical,low,open,,Reported repeated login failures over the past week.
7066,2233-TXSIU,2026-05-30,2026-05-31,technical,medium,closed,42.98,App crashes when loading the dashboard view.
7067,3256-EZDBI,2026-05-12,,other,medium,open,,Requested a copy of past invoices.
7068,3256-EZDBI,2026-06-01,,billing,low,open,,Reported a failed payment and requested a retry.
7069,3256-EZDBI,2026-08-11,,technical,low,open,,App crashes when loading the dashboard view.
7070,8761-NSOBC,2026-06-05,2026-06-06,technical,low,closed,43.32,App crashes when loading the dashboard view.
7071,0872-CASZJ,2026-06-28,,billing,low,open,,Asked why the monthly charge increased without notice.
7072,4726-DLWQN,2026-08-06,2026-08-06,other,low,closed,15.57,Asked about cancellation policy and notice period.
7073,9494-MRNYX,2026-04-25,,other,high,open,,Provided feedback about the onboarding experience.
7074,2599-CZABP,2026-04-19,,technical,medium,open,,Reported repeated login failures over the past week.
7075,0859-YGKFW,2026-07-12,2026-07-13,billing,low,closed,47.09,Customer disputes a charge on their most recent invoice.
7076,7196-LIWRH,2026-06-29,,technical,medium,open,,Requested help configuring an integration.
7077,7196-LIWRH,2026-04-24,,other,low,open,,Asked about cancellation policy and notice period.
7078,7196-LIWRH,2026-05-21,,billing,high,open,,Customer disputes a charge on their most recent invoice.
7079,3518-FSTWG,2026-04-22,2026-04-22,billing,medium,closed,3.21,Asked why the monthly charge increased without notice.
7080,9330-VOFSZ,2026-08-17,2026-08-17,technical,low,closed,19.63,App crashes when loading the dashboard view.
7081,4351-QLCSU,2026-05-28,2026-05-30,billing,low,closed,61.74,Customer disputes a charge on their most recent invoice.
7082,0939-EREMR,2026-05-30,2026-05-30,technical,high,closed,17.5,App crashes when loading the dashboard view.
7083,0939-EREMR,2026-06-07,2026-06-07,billing,medium,closed,2.18,Customer disputes a charge on their most recent invoice.
7084,5419-JPRRN,2026-08-05,2026-08-07,technical,medium,closed,56.2,Reported repeated login failures over the past week.
7085,5419-JPRRN,2026-06-13,,billing,medium,open,,Requested a refund for a duplicate charge.
7086,3644-QXEHN,2026-08-04,2026-08-04,other,low,closed,23.22,Provided feedback about the onboarding experience.
7087,2911-IJORQ,2026-08-05,2026-08-06,other,medium,closed,36.28,Asked about cancellation policy and notice period.
7088,2100-BDNSN,2026-04-04,,billing,medium,open,,Reported a failed payment and requested a retry.
7089,2100-BDNSN,2026-05-13,,billing,high,open,,Reported a failed payment and requested a retry.
7090,5998-DZLYR,2026-09-06,,billing,medium,open,,Requested a refund for a duplicate charge.
7091,0488-GSLFR,2026-06-29,,billing,low,open,,Customer disputes a charge on their most recent invoice.
7092,0488-GSLFR,2026-08-29,,billing,medium,open,,Asked why the monthly charge increased without notice.
7093,0488-GSLFR,2026-04-18,,technical,low,open,,Requested help configuring an integration.
7094,9318-NKNFC,2026-05-26,,other,low,open,,Provided feedback about the onboarding experience.
7095,9318-NKNFC,2026-08-05,2026-08-05,other,medium,closed,6.14,General question about plan upgrade options.
7096,9728-FTTVZ,2026-08-06,2026-08-07,billing,low,closed,32.0,Requested a refund for a duplicate charge.
7097,9728-FTTVZ,2026-06-21,2026-06-23,billing,medium,closed,71.78,Requested a refund for a duplicate charge.
7098,4310-KEDTB,2026-05-18,2026-05-18,technical,high,closed,18.86,Feature X is not syncing data correctly.
7099,7254-IQWOZ,2026-06-13,2026-06-14,other,medium,closed,46.09,Asked about cancellation policy and notice period.
7100,2474-BRUCM,2026-07-28,,technical,medium,open,,Feature X is not syncing data correctly.
7101,4062-HBMOS,2026-03-28,,billing,medium,open,,Asked why the monthly charge increased without notice.
7102,0742-NXBGR,2026-08-08,2026-08-08,billing,low,closed,15.43,Customer disputes a charge on their most recent invoice.
7103,0742-NXBGR,2026-03-22,2026-03-23,billing,medium,closed,35.28,Asked why the monthly charge increased without notice.
7104,4753-PADAS,2026-09-12,2026-09-12,other,low,closed,14.11,Requested a copy of past invoices.
7105,6110-OHIHY,2026-07-31,2026-08-02,other,medium,closed,53.21,Requested a copy of past invoices.
7106,5889-LFOLL,2026-03-27,2026-03-27,technical,medium,closed,8.85,App crashes when loading the dashboard view.
7107,8708-XPXHZ,2026-07-05,2026-07-07,billing,low,closed,57.17,Customer disputes a charge on their most recent invoice.
7108,8708-XPXHZ,2026-08-05,2026-08-07,technical,medium,closed,50.11,Reported repeated login failures over the past week.
7109,0616-ATFGB,2026-05-20,,billing,low,open,,Customer disputes a charge on their most recent invoice.
7110,0572-ZJKLT,2026-09-02,2026-09-03,other,medium,closed,24.76,Requested a copy of past invoices.
7111,1353-LJWEM,2026-05-30,2026-05-31,billing,medium,closed,38.28,Reported a failed payment and requested a retry.
7112,1794-SWWKL,2026-05-30,,technical,low,open,,App crashes when loading the dashboard view.
7113,6166-YIPFO,2026-06-05,,other,medium,open,,Provided feedback about the onboarding experience.
7114,6166-YIPFO,2026-04-20,2026-04-20,other,low,closed,15.51,Asked about cancellation policy and notice period.
7115,7016-BPGEU,2026-08-20,,technical,medium,open,,Feature X is not syncing data correctly.
7116,7016-BPGEU,2026-07-15,2026-07-15,billing,low,closed,1.22,Asked why the monthly charge increased without notice.
7117,6876-ADESB,2026-07-04,2026-07-06,billing,high,closed,63.48,Reported a failed payment and requested a retry.
7118,6876-ADESB,2026-04-16,2026-04-17,billing,low,closed,46.85,Asked why the monthly charge increased without notice.
7119,1963-SVUCV,2026-04-24,,other,low,open,,General question about plan upgrade options.
7120,1963-SVUCV,2026-07-03,2026-07-04,billing,medium,closed,41.33,Asked why the monthly charge increased without notice.
7121,4184-VODJZ,2026-06-24,,technical,medium,open,,Reported repeated login failures over the past week.
7122,4184-VODJZ,2026-06-18,,technical,low,open,,App crashes when loading the dashboard view.
7123,0220-EBGCE,2026-05-05,2026-05-07,billing,high,closed,58.64,Asked why the monthly charge increased without notice.
7124,2834-JKOOW,2026-09-06,2026-09-07,technical,low,closed,36.82,Reported repeated login failures over the past week.
7125,0230-UBYPQ,2026-07-17,2026-07-17,other,medium,closed,18.92,Provided feedback about the onboarding experience.
7126,0230-UBYPQ,2026-04-09,2026-04-09,other,high,closed,10.06,Provided feedback about the onboarding experience.
7127,0230-UBYPQ,2026-08-06,,technical,high,open,,Reported repeated login failures over the past week.
7128,0230-UBYPQ,2026-06-27,2026-06-28,billing,medium,closed,38.68,Customer disputes a charge on their most recent invoice.
7129,4923-ADWXJ,2026-06-30,2026-07-01,other,low,closed,27.52,Requested a copy of past invoices.
7130,1763-KUAAW,2026-06-19,2026-06-19,technical,high,closed,14.94,Requested help configuring an integration.
7131,1763-KUAAW,2026-07-27,2026-07-28,other,medium,closed,39.95,Asked about cancellation policy and notice period.
7132,5195-KPUNQ,2026-08-09,2026-08-09,technical,low,closed,15.48,Feature X is not syncing data correctly.
7133,5195-KPUNQ,2026-03-24,2026-03-25,technical,medium,closed,46.41,App crashes when loading the dashboard view.
7134,5195-KPUNQ,2026-05-04,2026-05-04,technical,low,closed,22.1,Reported repeated login failures over the past week.
7135,0520-FDVVT,2026-08-09,,billing,low,open,,Asked why the monthly charge increased without notice.
7136,3439-GVUSX,2026-04-07,2026-04-08,other,low,closed,34.64,Asked about cancellation policy and notice period.
7137,3439-GVUSX,2026-07-26,2026-07-26,billing,medium,closed,11.37,Requested a refund for a duplicate charge.
7138,3439-GVUSX,2026-09-02,2026-09-02,technical,high,closed,1.12,App crashes when loading the dashboard view.
7139,1444-VVSGW,2026-07-05,2026-07-05,other,high,closed,9.6,Asked about cancellation policy and notice period.
7140,5949-HGVJL,2026-03-30,2026-03-30,other,medium,closed,16.58,Asked about cancellation policy and notice period.
7141,3315-TOTBP,2026-03-27,,other,low,open,,Asked about cancellation policy and notice period.
7142,3315-TOTBP,2026-05-14,2026-05-15,technical,low,closed,27.08,App crashes when loading the dashboard view.
7143,3315-TOTBP,2026-08-15,,billing,low,open,,Customer disputes a charge on their most recent invoice.
7144,6661-HBGWL,2026-06-07,2026-06-09,billing,medium,closed,61.32,Customer disputes a charge on their most recent invoice.
7145,1518-VOWAV,2026-05-23,2026-05-23,technical,low,closed,17.56,Requested help configuring an integration.
7146,9828-QHFBK,2026-08-15,2026-08-15,billing,medium,closed,19.38,Reported a failed payment and requested a retry.
7147,3908-MKIMJ,2026-04-24,,technical,high,open,,Reported repeated login failures over the past week.
7148,5012-YSPJJ,2026-06-12,,technical,medium,open,,Feature X is not syncing data correctly.
7149,5909-ECHUI,2026-08-09,2026-08-11,other,high,closed,63.95,Asked about cancellation policy and notice period.
7150,6728-VOIFY,2026-05-13,2026-05-13,billing,medium,closed,6.99,Reported a failed payment and requested a retry.
7151,9317-WZPGV,2026-04-23,2026-04-25,billing,low,closed,53.62,Customer disputes a charge on their most recent invoice.
7152,9317-WZPGV,2026-05-24,,billing,medium,open,,Customer disputes a charge on their most recent invoice.
7153,4891-NLUBA,2026-04-05,2026-04-06,other,medium,closed,47.59,Requested a copy of past invoices.
7154,4891-NLUBA,2026-03-25,2026-03-25,other,high,closed,3.73,Provided feedback about the onboarding experience.
7155,4891-NLUBA,2026-07-22,,billing,low,open,,Reported a failed payment and requested a retry.
7156,2856-HYAPG,2026-04-29,2026-04-29,technical,low,closed,16.24,Feature X is not syncing data correctly.
7157,2856-HYAPG,2026-07-21,,billing,low,open,,Asked why the monthly charge increased without notice.
7158,2856-HYAPG,2026-04-07,2026-04-09,technical,medium,closed,65.49,Reported repeated login failures over the past week.
7159,2856-HYAPG,2026-07-13,,other,medium,open,,General question about plan upgrade options.
7160,8709-KRDVL,2026-09-03,2026-09-04,technical,high,closed,29.87,Requested help configuring an integration.
7161,4488-PSYCG,2026-08-31,2026-09-02,technical,medium,closed,59.61,App crashes when loading the dashboard view.
7162,4488-PSYCG,2026-05-18,,technical,medium,open,,Requested help configuring an integration.
7163,4488-PSYCG,2026-06-01,,technical,medium,open,,Feature X is not syncing data correctly.
7164,1427-VERSM,2026-04-10,,other,low,open,,Requested a copy of past invoices.
7165,1427-VERSM,2026-05-02,,technical,high,open,,Feature X is not syncing data correctly.
7166,9801-NOSHQ,2026-06-05,2026-06-06,technical,medium,closed,27.83,Requested help configuring an integration.
7167,9801-NOSHQ,2026-09-14,,billing,medium,open,,Asked why the monthly charge increased without notice.
7168,9801-NOSHQ,2026-08-16,2026-08-16,technical,low,closed,5.13,Reported repeated login failures over the past week.
7169,9801-NOSHQ,2026-07-07,2026-07-07,technical,low,closed,16.95,Reported repeated login failures over the past week.
7170,3621-CEOVK,2026-06-20,,technical,low,open,,Feature X is not syncing data correctly.
7171,3621-CEOVK,2026-09-09,,billing,medium,open,,Customer disputes a charge on their most recent invoice.
7172,6906-ANDWJ,2026-05-08,2026-05-09,billing,high,closed,28.73,Customer disputes a charge on their most recent invoice.
7173,2159-TURXX,2026-04-09,2026-04-10,technical,low,closed,29.4,Reported repeated login failures over the past week.
7174,3795-CAWEX,2026-09-11,2026-09-12,billing,medium,closed,26.03,Asked why the monthly charge increased without notice.
7175,5647-URDKA,2026-09-06,2026-09-07,technical,medium,closed,41.98,Reported repeated login failures over the past week.
7176,9626-WEQRM,2026-07-07,2026-07-07,other,medium,closed,7.26,Requested a copy of past invoices.
7177,9626-WEQRM,2026-08-18,2026-08-18,other,medium,closed,21.33,Asked about cancellation policy and notice period.
7178,6969-MVBAI,2026-08-20,2026-08-21,technical,medium,closed,42.63,App crashes when loading the dashboard view.
7179,6969-MVBAI,2026-06-29,2026-06-30,billing,low,closed,31.19,Reported a failed payment and requested a retry.
7180,2978-XXSOG,2026-03-26,,other,low,open,,Asked about cancellation policy and notice period.
7181,6953-PBDIN,2026-09-09,2026-09-10,technical,medium,closed,45.1,Requested help configuring an integration.
7182,3898-BSJYF,2026-08-25,2026-08-25,technical,high,closed,18.9,Reported repeated login failures over the past week.
7183,3898-BSJYF,2026-04-09,2026-04-10,other,medium,closed,32.07,General question about plan upgrade options.
7184,3938-YFPXD,2026-04-19,2026-04-19,billing,medium,closed,7.84,Asked why the monthly charge increased without notice.
7185,2453-SAFNS,2026-06-23,2026-06-24,billing,high,closed,32.12,Asked why the monthly charge increased without notice.
7186,9558-IHEZX,2026-08-22,2026-08-23,other,medium,closed,47.74,General question about plan upgrade options.
7187,9558-IHEZX,2026-08-14,2026-08-15,other,high,closed,24.57,General question about plan upgrade options.
7188,9617-UDPEU,2026-04-07,2026-04-08,other,low,closed,28.38,General question about plan upgrade options.
7189,6340-DACFT,2026-07-12,2026-07-12,other,low,closed,17.13,Requested a copy of past invoices.
7190,6813-GZQCG,2026-09-02,,other,medium,open,,Provided feedback about the onboarding experience.
7191,6813-GZQCG,2026-08-24,2026-08-25,billing,medium,closed,36.41,Reported a failed payment and requested a retry.
7192,7426-GSWPO,2026-08-12,,billing,low,open,,Asked why the monthly charge increased without notice.
7193,7426-GSWPO,2026-07-01,2026-07-01,technical,medium,closed,14.08,Feature X is not syncing data correctly.
7194,3205-MXZRA,2026-08-07,,billing,low,open,,Requested a refund for a duplicate charge.
7195,4701-AHWMW,2026-08-21,2026-08-21,other,low,closed,1.79,Asked about cancellation policy and notice period.
7196,0083-PIVIK,2026-05-21,2026-05-21,other,medium,closed,21.94,Requested a copy of past invoices.
7197,6169-PGNCD,2026-06-30,2026-07-01,technical,low,closed,36.61,App crashes when loading the dashboard view.
7198,6169-PGNCD,2026-08-19,2026-08-20,billing,low,closed,37.74,Reported a failed payment and requested a retry.
7199,0023-XUOPT,2026-03-28,2026-03-28,other,high,closed,3.51,Requested a copy of past invoices.
7200,4592-IWTJI,2026-06-04,2026-06-06,other,medium,closed,68.6,Requested a copy of past invoices.
7201,4592-IWTJI,2026-07-19,2026-07-19,billing,high,closed,13.9,Customer disputes a charge on their most recent invoice.
7202,4592-IWTJI,2026-04-13,2026-04-16,billing,low,closed,82.07,Requested a refund for a duplicate charge.
7203,4592-IWTJI,2026-08-17,2026-08-19,other,high,closed,69.97,General question about plan upgrade options.
7204,4909-JOUPP,2026-05-21,,technical,medium,open,,Requested help configuring an integration.
7205,4657-FWVFY,2026-05-05,2026-05-06,billing,low,closed,32.37,Reported a failed payment and requested a retry.
7206,4657-FWVFY,2026-05-04,,technical,low,open,,Feature X is not syncing data correctly.
7207,2257-BOVXD,2026-07-21,2026-07-22,other,medium,closed,24.54,Asked about cancellation policy and notice period.
7208,7729-JTEEC,2026-04-29,2026-04-29,other,low,closed,4.49,Asked about cancellation policy and notice period.
7209,7632-MNYOY,2026-08-01,,billing,medium,open,,Asked why the monthly charge increased without notice.
7210,6518-LGAOV,2026-09-15,2026-09-17,technical,medium,closed,61.99,Feature X is not syncing data correctly.
7211,6518-LGAOV,2026-06-16,2026-06-17,billing,high,closed,36.28,Reported a failed payment and requested a retry.
7212,1000-AJSLD,2026-08-04,,other,low,open,,Requested a copy of past invoices.
7213,1000-AJSLD,2026-05-17,2026-05-18,billing,medium,closed,45.93,Reported a failed payment and requested a retry.
7214,1000-AJSLD,2026-07-10,2026-07-13,billing,medium,closed,83.79,Customer disputes a charge on their most recent invoice.
7215,9696-RMYBA,2026-03-23,,billing,medium,open,,Asked why the monthly charge increased without notice.
7216,8690-UPCZI,2026-05-25,2026-05-25,other,high,closed,3.97,Asked about cancellation policy and notice period.
7217,1062-LHZOD,2026-07-16,2026-07-18,technical,high,closed,52.08,Requested help configuring an integration.
7218,1062-LHZOD,2026-07-10,2026-07-12,billing,low,closed,54.14,Asked why the monthly charge increased without notice.
7219,1062-LHZOD,2026-07-02,2026-07-02,billing,medium,closed,22.61,Requested a refund for a duplicate charge.
7220,9770-LXDBK,2026-06-09,2026-06-10,billing,medium,closed,31.31,Customer disputes a charge on their most recent invoice.
7221,9770-LXDBK,2026-04-01,2026-04-02,other,low,closed,40.62,General question about plan upgrade options.
7222,8344-WFMFH,2026-07-13,2026-07-14,technical,high,closed,42.01,Feature X is not syncing data correctly.
7223,8344-WFMFH,2026-08-18,2026-08-18,technical,high,closed,3.83,Requested help configuring an integration.
7224,9600-NAXZN,2026-08-04,2026-08-05,other,medium,closed,47.84,Asked about cancellation policy and notice period.
7225,9600-NAXZN,2026-04-03,2026-04-04,other,low,closed,41.1,General question about plan upgrade options.
7226,8822-KNBHV,2026-06-21,2026-06-21,other,high,closed,13.71,General question about plan upgrade options.
7227,8404-FYDIB,2026-06-22,2026-06-23,other,medium,closed,26.41,Asked about cancellation policy and notice period.
7228,2791-SFVEW,2026-09-06,2026-09-07,technical,low,closed,40.44,Requested help configuring an integration.
7229,2791-SFVEW,2026-09-13,2026-09-13,other,high,closed,7.94,Provided feedback about the onboarding experience.
7230,6457-USBER,2026-08-23,2026-08-23,technical,medium,closed,13.55,Reported repeated login failures over the past week.
7231,6457-USBER,2026-07-03,2026-07-05,other,low,closed,61.51,Requested a copy of past invoices.
7232,6457-USBER,2026-07-17,2026-07-17,technical,medium,closed,15.33,Reported repeated login failures over the past week.
7233,6457-USBER,2026-08-06,2026-08-07,other,low,closed,44.11,Requested a copy of past invoices.
7234,6762-NSODU,2026-09-04,2026-09-04,technical,medium,closed,21.25,Reported repeated login failures over the past week.
7235,6762-NSODU,2026-08-31,2026-09-01,other,medium,closed,43.2,Requested a copy of past invoices.
7236,4662-EKDPQ,2026-07-10,2026-07-11,technical,high,closed,24.15,Requested help configuring an integration.
7237,4662-EKDPQ,2026-05-06,2026-05-09,billing,medium,closed,77.66,Customer disputes a charge on their most recent invoice.
7238,4662-EKDPQ,2026-04-28,2026-04-28,other,medium,closed,19.24,Asked about cancellation policy and notice period.
7239,4662-EKDPQ,2026-08-11,,billing,high,open,,Customer disputes a charge on their most recent invoice.
7240,4662-EKDPQ,2026-08-03,2026-08-05,billing,medium,closed,67.81,Customer disputes a charge on their most recent invoice.
7241,4662-EKDPQ,2026-05-15,,technical,medium,open,,Feature X is not syncing data correctly.
7242,9248-OJYKK,2026-05-15,2026-05-15,technical,high,closed,1.32,Requested help configuring an integration.
7243,3319-DWOEP,2026-08-01,2026-08-02,billing,high,closed,26.34,Requested a refund for a duplicate charge.
7244,3319-DWOEP,2026-09-14,,billing,medium,open,,Customer disputes a charge on their most recent invoice.
7245,3319-DWOEP,2026-06-14,,billing,high,open,,Customer disputes a charge on their most recent invoice.
7246,1074-WVEVG,2026-04-27,,other,medium,open,,Asked about cancellation policy and notice period.
7247,6437-UDQJM,2026-04-05,2026-04-05,technical,low,closed,4.22,App crashes when loading the dashboard view.
7248,6437-UDQJM,2026-06-15,2026-06-16,other,high,closed,31.64,Requested a copy of past invoices.
7249,9259-PACGQ,2026-07-12,,other,medium,open,,Requested a copy of past invoices.
7250,4415-IJZTP,2026-04-25,,billing,medium,open,,Requested a refund for a duplicate charge.
7251,1465-VINDH,2026-04-11,,technical,medium,open,,Reported repeated login failures over the past week.
7252,1465-VINDH,2026-07-02,,billing,high,open,,Reported a failed payment and requested a retry.
7253,5474-LAMUQ,2026-06-10,2026-06-11,billing,low,closed,24.2,Customer disputes a charge on their most recent invoice.
7254,1122-YJBCS,2026-06-14,2026-06-15,billing,high,closed,41.61,Requested a refund for a duplicate charge.
7255,1122-YJBCS,2026-06-15,2026-06-15,technical,medium,closed,14.82,App crashes when loading the dashboard view.
7256,4990-ALDGW,2026-07-05,2026-07-05,technical,low,closed,8.42,Reported repeated login failures over the past week.
7257,3315-IKYZQ,2026-06-13,2026-06-13,billing,medium,closed,11.96,Requested a refund for a duplicate charge.
7258,3315-IKYZQ,2026-05-16,,other,high,open,,Provided feedback about the onboarding experience.
7259,3315-IKYZQ,2026-08-28,,billing,medium,open,,Requested a refund for a duplicate charge.
7260,2810-FTLEM,2026-09-11,2026-09-11,billing,medium,closed,20.33,Asked why the monthly charge increased without notice.
7261,2810-FTLEM,2026-08-21,,billing,medium,open,,Reported a failed payment and requested a retry.
7262,3411-WLRSQ,2026-08-31,2026-09-01,billing,low,closed,35.54,Customer disputes a charge on their most recent invoice.
7263,0898-XCGTF,2026-08-27,2026-08-28,other,medium,closed,37.81,Provided feedback about the onboarding experience.
7264,0898-XCGTF,2026-09-14,,other,medium,open,,Asked about cancellation policy and notice period.
7265,8006-PYCSW,2026-08-06,2026-08-07,billing,high,closed,43.25,Requested a refund for a duplicate charge.
7266,8249-THVEC,2026-04-07,2026-04-07,technical,low,closed,17.76,Requested help configuring an integration.
7267,8722-PRFDV,2026-07-02,,billing,medium,open,,Reported a failed payment and requested a retry.
7268,2164-SOQXL,2026-06-21,2026-06-22,technical,medium,closed,28.0,App crashes when loading the dashboard view.
7269,2164-SOQXL,2026-07-19,2026-07-20,technical,low,closed,45.51,App crashes when loading the dashboard view.
7270,2038-YSEZE,2026-06-05,2026-06-05,billing,low,closed,11.47,Requested a refund for a duplicate charge.
7271,2038-YSEZE,2026-05-07,2026-05-08,billing,medium,closed,28.87,Customer disputes a charge on their most recent invoice.
7272,0827-ITJPH,2026-05-06,,other,high,open,,Provided feedback about the onboarding experience.
7273,8799-OXZMD,2026-09-13,,technical,high,open,,Requested help configuring an integration.
7274,8799-OXZMD,2026-07-01,,billing,high,open,,Customer disputes a charge on their most recent invoice.
7275,1925-TIBLE,2026-08-04,,technical,medium,open,,App crashes when loading the dashboard view.
7276,1925-TIBLE,2026-04-15,2026-04-16,technical,medium,closed,24.66,Requested help configuring an integration.
7277,1925-TIBLE,2026-03-31,2026-04-01,technical,medium,closed,36.32,Feature X is not syncing data correctly.
7278,4779-ZGICK,2026-04-23,2026-04-23,technical,low,closed,2.31,Reported repeated login failures over the past week.
7279,0818-OCPZO,2026-06-18,2026-06-18,technical,medium,closed,1.29,App crashes when loading the dashboard view.
7280,3967-KXAPS,2026-07-23,2026-07-23,billing,medium,closed,7.5,Requested a refund for a duplicate charge.
7281,1447-GIQMR,2026-08-14,2026-08-16,billing,medium,closed,65.61,Asked why the monthly charge increased without notice.
7282,1447-GIQMR,2026-07-18,2026-07-20,other,medium,closed,49.12,Provided feedback about the onboarding experience.
7283,1447-GIQMR,2026-03-21,,billing,medium,open,,Requested a refund for a duplicate charge.
7284,3704-IEAXF,2026-07-24,2026-07-24,technical,high,closed,17.18,Reported repeated login failures over the past week.
7285,6810-VCAEX,2026-07-09,2026-07-10,other,high,closed,40.98,Asked about cancellation policy and notice period.
7286,4480-MBMLB,2026-07-20,2026-07-20,other,medium,closed,10.74,Requested a copy of past invoices.
7287,1395-OFUWC,2026-04-06,2026-04-06,other,low,closed,14.91,Asked about cancellation policy and notice period.
7288,0872-NXJYS,2026-04-02,,billing,medium,open,,Customer disputes a charge on their most recent invoice.
7289,2832-KJCRD,2026-04-20,2026-04-21,technical,low,closed,40.81,Feature X is not syncing data correctly.
7290,4075-WKNIU,2026-07-08,,technical,medium,open,,App crashes when loading the dashboard view.
7291,2346-CZYIL,2026-08-08,2026-08-09,billing,high,closed,25.92,Customer disputes a charge on their most recent invoice.
7292,2346-CZYIL,2026-08-20,2026-08-21,other,medium,closed,26.43,Provided feedback about the onboarding experience.
7293,2346-CZYIL,2026-08-21,2026-08-22,technical,low,closed,43.78,Requested help configuring an integration.
7294,2346-CZYIL,2026-09-03,2026-09-03,other,high,closed,18.04,Provided feedback about the onboarding experience.
7295,3798-EPWRR,2026-05-12,2026-05-12,technical,medium,closed,2.39,Requested help configuring an integration.
7296,6258-NGCNG,2026-05-04,,other,high,open,,Asked about cancellation policy and notice period.
7297,4186-ZBUEW,2026-06-28,,billing,medium,open,,Asked why the monthly charge increased without notice.
7298,4186-ZBUEW,2026-04-28,,technical,medium,open,,App crashes when loading the dashboard view.
7299,5274-XHAKY,2026-06-15,,other,high,open,,Provided feedback about the onboarding experience.
7300,3978-YNKDD,2026-08-31,2026-08-31,billing,medium,closed,23.27,Asked why the monthly charge increased without notice.
7301,3978-YNKDD,2026-06-29,2026-06-30,billing,high,closed,44.41,Requested a refund for a duplicate charge.
7302,9412-ARGBX,2026-05-10,2026-05-11,billing,low,closed,37.08,Asked why the monthly charge increased without notice.
7303,9412-ARGBX,2026-08-31,2026-09-01,other,medium,closed,32.37,Asked about cancellation policy and notice period.
7304,1389-CXMLU,2026-04-30,2026-04-30,other,medium,closed,9.52,Asked about cancellation policy and notice period.
7305,9589-ABEPT,2026-04-13,2026-04-14,billing,medium,closed,24.63,Asked why the monthly charge increased without notice.
7306,0305-SQECB,2026-03-29,,technical,high,open,,Requested help configuring an integration.
7307,4670-TABXH,2026-07-30,,billing,medium,open,,Reported a failed payment and requested a retry.
7308,4670-TABXH,2026-05-11,2026-05-12,technical,low,closed,43.12,Feature X is not syncing data correctly.
7309,5561-NWEVX,2026-04-25,2026-04-25,technical,low,closed,2.47,App crashes when loading the dashboard view.
7310,5561-NWEVX,2026-06-20,,billing,low,open,,Requested a refund for a duplicate charge.
7311,0064-SUDOG,2026-07-09,2026-07-10,billing,low,closed,25.44,Customer disputes a charge on their most recent invoice.
7312,5161-XEUVX,2026-06-28,2026-06-29,other,high,closed,44.51,Requested a copy of past invoices.
7313,5161-XEUVX,2026-04-27,2026-04-27,billing,high,closed,19.54,Requested a refund for a duplicate charge.
7314,5161-XEUVX,2026-05-22,,billing,medium,open,,Requested a refund for a duplicate charge.
7315,5161-XEUVX,2026-06-08,2026-06-09,billing,medium,closed,28.67,Asked why the monthly charge increased without notice.
7316,5161-XEUVX,2026-06-30,2026-07-01,billing,medium,closed,35.86,Reported a failed payment and requested a retry.
7317,7895-VONWT,2026-06-16,,technical,medium,open,,Reported repeated login failures over the past week.
7318,4526-RMTLL,2026-05-28,2026-05-28,technical,medium,closed,19.45,Requested help configuring an integration.
7319,4526-RMTLL,2026-08-27,2026-08-27,billing,medium,closed,4.7,Asked why the monthly charge increased without notice.
7320,6253-GNHWH,2026-05-21,,technical,medium,open,,Feature X is not syncing data correctly.
7321,4566-NECEV,2026-06-13,,other,medium,open,,Asked about cancellation policy and notice period.
7322,3662-FXJFO,2026-05-31,2026-06-01,technical,medium,closed,34.03,Requested help configuring an integration.
7323,8107-RZLNV,2026-09-05,2026-09-05,technical,medium,closed,9.3,App crashes when loading the dashboard view.
7324,8107-RZLNV,2026-07-20,2026-07-21,technical,medium,closed,42.57,Feature X is not syncing data correctly.
7325,2027-CWDNU,2026-09-07,2026-09-07,technical,medium,closed,3.59,Reported repeated login failures over the past week.
7326,2737-WFVYW,2026-08-23,2026-08-24,technical,high,closed,25.73,Reported repeated login failures over the past week.
7327,2737-WFVYW,2026-05-19,,technical,high,open,,App crashes when loading the dashboard view.
7328,2737-WFVYW,2026-08-31,2026-08-31,other,medium,closed,22.17,Provided feedback about the onboarding experience.
7329,2737-WFVYW,2026-06-27,,other,low,open,,Requested a copy of past invoices.
7330,3733-ZEECP,2026-05-24,,technical,medium,open,,Feature X is not syncing data correctly.
7331,2272-QAGFO,2026-06-06,2026-06-06,billing,medium,closed,19.3,Asked why the monthly charge increased without notice.
7332,2272-QAGFO,2026-05-28,2026-05-30,technical,medium,closed,56.0,Requested help configuring an integration.
7333,2272-QAGFO,2026-07-10,2026-07-10,technical,medium,closed,23.37,Reported repeated login failures over the past week.
7334,4342-HFXWS,2026-04-22,,billing,medium,open,,Asked why the monthly charge increased without notice.
7335,3545-CNWRG,2026-08-23,2026-08-23,billing,high,closed,16.11,Requested a refund for a duplicate charge.
7336,1785-BPHTP,2026-09-05,2026-09-06,technical,low,closed,24.67,Requested help configuring an integration.
7337,4989-LIXVT,2026-06-10,2026-06-10,technical,high,closed,6.16,Feature X is not syncing data correctly.
7338,9850-OWRHQ,2026-07-12,,billing,medium,open,,Customer disputes a charge on their most recent invoice.
7339,9850-OWRHQ,2026-04-09,2026-04-09,billing,medium,closed,23.56,Requested a refund for a duplicate charge.
7340,9850-OWRHQ,2026-07-10,2026-07-12,technical,low,closed,53.01,Feature X is not syncing data correctly.
7341,3768-NLUBH,2026-09-12,2026-09-15,billing,high,closed,77.85,Customer disputes a charge on their most recent invoice.
7342,8676-TRMJS,2026-08-14,,technical,medium,open,,App crashes when loading the dashboard view.
7343,5481-NTDOH,2026-08-18,,other,high,open,,Asked about cancellation policy and notice period.
7344,5481-NTDOH,2026-08-01,,other,low,open,,Asked about cancellation policy and notice period.
7345,7359-SSBJK,2026-04-03,,other,medium,open,,Provided feedback about the onboarding experience.
7346,7359-SSBJK,2026-08-16,2026-08-16,technical,high,closed,21.57,Feature X is not syncing data correctly.
7347,7359-SSBJK,2026-04-25,2026-04-25,billing,medium,closed,17.47,Reported a failed payment and requested a retry.
7348,2061-VVFST,2026-05-08,2026-05-08,technical,medium,closed,5.09,App crashes when loading the dashboard view.
7349,0685-MLYYM,2026-04-15,,billing,high,open,,Requested a refund for a duplicate charge.
7350,0685-MLYYM,2026-05-15,2026-05-15,billing,medium,closed,11.62,Asked why the monthly charge increased without notice.
7351,0685-MLYYM,2026-04-23,,billing,low,open,,Customer disputes a charge on their most recent invoice.
7352,0685-MLYYM,2026-06-24,,technical,medium,open,,App crashes when loading the dashboard view.
7353,2380-DAMQP,2026-09-06,2026-09-07,technical,low,closed,46.26,App crashes when loading the dashboard view.
7354,2380-DAMQP,2026-06-04,2026-06-04,technical,medium,closed,12.33,Reported repeated login failures over the past week.
7355,2380-DAMQP,2026-05-17,,billing,high,open,,Reported a failed payment and requested a retry.
7356,0164-XAIRP,2026-03-23,2026-03-24,billing,high,closed,44.13,Customer disputes a charge on their most recent invoice.
7357,4011-ARPHK,2026-05-01,2026-05-01,other,high,closed,1.27,General question about plan upgrade options.
7358,4011-ARPHK,2026-05-13,2026-05-13,technical,high,closed,6.28,Reported repeated login failures over the past week.
7359,8182-PNAGI,2026-07-24,2026-07-24,technical,medium,closed,20.83,Requested help configuring an integration.
7360,8182-PNAGI,2026-07-04,2026-07-05,billing,medium,closed,31.18,Requested a refund for a duplicate charge.
7361,8182-PNAGI,2026-09-12,2026-09-12,technical,high,closed,11.45,Feature X is not syncing data correctly.
7362,6365-HITVU,2026-05-14,2026-05-15,other,low,closed,33.44,Requested a copy of past invoices.
7363,9488-FYQAU,2026-04-12,2026-04-13,billing,high,closed,33.05,Reported a failed payment and requested a retry.
7364,3590-TCXTB,2026-04-08,,billing,low,open,,Requested a refund for a duplicate charge.
7365,7957-RYHQD,2026-05-11,,billing,low,open,,Asked why the monthly charge increased without notice.
7366,7957-RYHQD,2026-07-21,2026-07-22,billing,low,closed,33.29,Customer disputes a charge on their most recent invoice.
7367,2180-DXNEG,2026-09-09,2026-09-09,billing,high,closed,20.8,Customer disputes a charge on their most recent invoice.
7368,2180-DXNEG,2026-09-05,,other,high,open,,Requested a copy of past invoices.
7369,2740-JFBOK,2026-05-15,2026-05-16,billing,high,closed,47.9,Requested a refund for a duplicate charge.
7370,6500-JVEGC,2026-04-14,,technical,high,open,,App crashes when loading the dashboard view.
7371,6500-JVEGC,2026-05-25,2026-05-26,billing,medium,closed,45.08,Asked why the monthly charge increased without notice.
7372,6500-JVEGC,2026-04-03,2026-04-04,billing,low,closed,46.57,Asked why the monthly charge increased without notice.
7373,5515-AKOAJ,2026-08-06,,billing,medium,open,,Customer disputes a charge on their most recent invoice.
7374,5515-AKOAJ,2026-06-13,2026-06-14,billing,high,closed,25.78,Reported a failed payment and requested a retry.
7375,8976-OQHGT,2026-04-29,2026-04-29,billing,high,closed,12.4,Requested a refund for a duplicate charge.
7376,8976-OQHGT,2026-07-01,,billing,medium,open,,Customer disputes a charge on their most recent invoice.
7377,8976-OQHGT,2026-08-05,,other,medium,open,,Requested a copy of past invoices.
7378,5245-VDBUR,2026-08-14,2026-08-15,other,medium,closed,37.54,General question about plan upgrade options.
7379,6230-BSUXY,2026-06-06,2026-06-08,technical,low,closed,67.84,Requested help configuring an integration.
7380,6230-BSUXY,2026-03-31,2026-04-01,billing,high,closed,46.58,Asked why the monthly charge increased without notice.
7381,6230-BSUXY,2026-08-24,,technical,medium,open,,App crashes when loading the dashboard view.
7382,6230-BSUXY,2026-09-14,,billing,medium,open,,Requested a refund for a duplicate charge.
7383,6230-BSUXY,2026-05-16,,billing,high,open,,Customer disputes a charge on their most recent invoice.
7384,6230-BSUXY,2026-08-31,,billing,medium,open,,Customer disputes a charge on their most recent invoice.
7385,8469-SNFFH,2026-05-31,2026-06-01,billing,low,closed,30.6,Asked why the monthly charge increased without notice.
7386,9928-BZVLZ,2026-07-25,2026-07-25,technical,low,closed,8.35,Reported repeated login failures over the past week.
7387,2775-SEFEE,2026-04-07,2026-04-08,technical,low,closed,27.05,Reported repeated login failures over the past week.
7388,2775-SEFEE,2026-03-25,,other,low,open,,General question about plan upgrade options.
7389,9003-CPATH,2026-04-27,2026-04-27,technical,medium,closed,22.66,Requested help configuring an integration.
7390,9003-CPATH,2026-04-23,2026-04-24,technical,low,closed,41.42,Feature X is not syncing data correctly.
7391,1591-MQJTP,2026-04-16,2026-04-16,technical,low,closed,2.06,Requested help configuring an integration.
7392,5295-PCJOO,2026-03-29,2026-03-30,technical,high,closed,30.19,Feature X is not syncing data correctly.
7393,2369-FEVNO,2026-05-22,2026-05-23,other,medium,closed,42.62,General question about plan upgrade options.
7394,2369-FEVNO,2026-09-02,2026-09-02,other,medium,closed,13.08,General question about plan upgrade options.
7395,7471-MQPOS,2026-07-08,2026-07-09,billing,low,closed,39.89,Customer disputes a charge on their most recent invoice.
7396,7660-HDPJV,2026-09-01,2026-09-02,billing,low,closed,34.68,Customer disputes a charge on their most recent invoice.
7397,5115-SQAAU,2026-08-31,2026-08-31,billing,high,closed,13.62,Reported a failed payment and requested a retry.
7398,5115-SQAAU,2026-07-28,2026-07-28,technical,low,closed,15.23,Requested help configuring an integration.
7399,9845-QOMAD,2026-04-19,,technical,medium,open,,Reported repeated login failures over the past week.
7400,9739-JLPQJ,2026-07-31,,other,medium,open,,Requested a copy of past invoices.
7401,3855-ONCAR,2026-08-27,,billing,high,open,,Requested a refund for a duplicate charge.
7402,7931-PXHFC,2026-05-19,2026-05-20,billing,medium,closed,24.27,Reported a failed payment and requested a retry.
7403,7931-PXHFC,2026-06-06,,other,low,open,,General question about plan upgrade options.
7404,7931-PXHFC,2026-06-04,2026-06-06,billing,low,closed,48.38,Asked why the monthly charge increased without notice.
7405,7931-PXHFC,2026-08-23,2026-08-26,other,low,closed,79.25,General question about plan upgrade options.
7406,7931-PXHFC,2026-08-19,2026-08-21,technical,medium,closed,58.52,Feature X is not syncing data correctly.
7407,3990-QYKBE,2026-04-04,,technical,medium,open,,Feature X is not syncing data correctly.
7408,3990-QYKBE,2026-06-24,,billing,medium,open,,Customer disputes a charge on their most recent invoice.
7409,3990-QYKBE,2026-04-13,2026-04-13,other,high,closed,18.38,General question about plan upgrade options.
7410,0970-QXPXW,2026-06-28,2026-06-29,technical,medium,closed,41.45,Feature X is not syncing data correctly.
7411,3259-KNMRR,2026-04-01,2026-04-01,other,medium,closed,15.5,General question about plan upgrade options.
7412,9572-WUKSB,2026-05-09,2026-05-10,other,medium,closed,37.11,Requested a copy of past invoices.
7413,0076-LVEPS,2026-04-19,2026-04-20,other,low,closed,43.43,General question about plan upgrade options.
7414,3640-JQGJG,2026-04-11,2026-04-11,technical,low,closed,14.76,Feature X is not syncing data correctly.
7415,3640-JQGJG,2026-07-04,2026-07-05,other,high,closed,29.04,Requested a copy of past invoices.
7416,4919-MOAVT,2026-03-25,,other,low,open,,Provided feedback about the onboarding experience.
7417,4919-MOAVT,2026-09-15,2026-09-16,billing,low,closed,31.29,Customer disputes a charge on their most recent invoice.
7418,9867-XOBQA,2026-05-17,2026-05-18,other,low,closed,32.83,General question about plan upgrade options.
7419,9546-KDTRB,2026-04-23,2026-04-24,other,low,closed,35.06,General question about plan upgrade options.
7420,9820-RMCQV,2026-05-25,2026-05-25,other,low,closed,22.14,Requested a copy of past invoices.
7421,3174-RKMOW,2026-07-23,,billing,medium,open,,Requested a refund for a duplicate charge.
7422,1760-CAZHT,2026-06-11,2026-06-12,technical,medium,closed,37.94,App crashes when loading the dashboard view.
7423,1760-CAZHT,2026-08-09,2026-08-10,billing,medium,closed,40.05,Asked why the monthly charge increased without notice.
7424,1760-CAZHT,2026-05-03,,other,high,open,,Requested a copy of past invoices.
7425,7839-QRKXN,2026-05-14,2026-05-16,billing,low,closed,70.32,Asked why the monthly charge increased without notice.
7426,7839-QRKXN,2026-06-07,2026-06-09,other,low,closed,60.8,Requested a copy of past invoices.
7427,5204-QZXPU,2026-06-20,,billing,high,open,,Asked why the monthly charge increased without notice.
7428,5204-QZXPU,2026-05-01,,technical,medium,open,,App crashes when loading the dashboard view.
7429,5204-QZXPU,2026-06-13,2026-06-14,technical,high,closed,39.8,App crashes when loading the dashboard view.
7430,5204-QZXPU,2026-07-05,2026-07-08,other,medium,closed,81.69,Asked about cancellation policy and notice period.
7431,5204-QZXPU,2026-05-03,2026-05-05,billing,high,closed,49.7,Reported a failed payment and requested a retry.
7432,4597-ELFTS,2026-07-13,2026-07-13,billing,medium,closed,8.76,Customer disputes a charge on their most recent invoice.
7433,4597-ELFTS,2026-05-06,,other,low,open,,Provided feedback about the onboarding experience.
7434,4597-ELFTS,2026-03-28,2026-03-29,billing,medium,closed,30.55,Customer disputes a charge on their most recent invoice.
7435,4597-ELFTS,2026-05-04,,billing,high,open,,Requested a refund for a duplicate charge.
7436,1047-RNXZV,2026-08-18,,other,low,open,,Requested a copy of past invoices.
7437,3541-ZNUHK,2026-07-10,2026-07-10,other,medium,closed,4.97,Requested a copy of past invoices.
7438,8450-JOVAH,2026-09-15,,billing,medium,open,,Customer disputes a charge on their most recent invoice.
7439,8725-JEDFD,2026-05-30,2026-05-30,technical,medium,closed,5.9,Reported repeated login failures over the past week.
7440,8725-JEDFD,2026-04-13,2026-04-13,billing,medium,closed,18.75,Reported a failed payment and requested a retry.
7441,8725-JEDFD,2026-05-01,2026-05-02,technical,medium,closed,36.15,Requested help configuring an integration.
7442,8071-SBTRN,2026-07-16,2026-07-17,other,high,closed,29.91,Asked about cancellation policy and notice period.
7443,1113-IUJYX,2026-05-24,2026-05-24,billing,medium,closed,10.28,Requested a refund for a duplicate charge.
7444,1113-IUJYX,2026-03-28,,billing,medium,open,,Asked why the monthly charge increased without notice.
7445,6668-CNMFP,2026-09-15,,technical,low,open,,Reported repeated login failures over the past week.
7446,5681-LLOEI,2026-06-19,2026-06-20,technical,low,closed,43.09,Feature X is not syncing data correctly.
7447,5681-LLOEI,2026-06-16,2026-06-17,other,low,closed,24.27,Requested a copy of past invoices.
7448,4323-OHFOW,2026-08-04,2026-08-04,other,high,closed,22.0,Asked about cancellation policy and notice period.
7449,4933-BSAIP,2026-04-27,2026-04-28,technical,medium,closed,33.91,Requested help configuring an integration.
7450,2030-BTZRO,2026-09-02,,billing,medium,open,,Reported a failed payment and requested a retry.
7451,1116-DXXDF,2026-04-26,2026-04-26,other,low,closed,5.39,General question about plan upgrade options.
7452,9274-CNFMO,2026-09-14,2026-09-16,technical,high,closed,70.84,App crashes when loading the dashboard view.
7453,8992-JQYUN,2026-04-18,2026-04-18,billing,medium,closed,20.4,Requested a refund for a duplicate charge.
7454,6563-VNPMN,2026-06-25,2026-06-25,technical,medium,closed,1.05,Reported repeated login failures over the past week.
7455,0617-AQNWT,2026-05-31,2026-06-02,other,medium,closed,48.8,Provided feedback about the onboarding experience.
7456,0617-AQNWT,2026-08-09,2026-08-10,technical,high,closed,46.2,App crashes when loading the dashboard view.
7457,0617-AQNWT,2026-08-04,2026-08-06,technical,medium,closed,64.13,Reported repeated login failures over the past week.
7458,2267-WTPYD,2026-06-07,,technical,low,open,,Requested help configuring an integration.
7459,2267-WTPYD,2026-04-25,,technical,high,open,,App crashes when loading the dashboard view.
7460,2446-PLQVO,2026-09-07,2026-09-09,technical,low,closed,59.14,Requested help configuring an integration.
7461,2446-PLQVO,2026-08-28,,technical,medium,open,,Feature X is not syncing data correctly.
7462,4707-MAXGU,2026-07-06,2026-07-06,other,low,closed,21.0,Asked about cancellation policy and notice period.
7463,2710-WYVXG,2026-08-01,2026-08-02,other,medium,closed,34.83,Provided feedback about the onboarding experience.
7464,3005-NFMTA,2026-07-21,2026-07-21,billing,high,closed,16.66,Requested a refund for a duplicate charge.
7465,3005-NFMTA,2026-03-28,2026-03-28,other,medium,closed,16.91,General question about plan upgrade options.
7466,6300-BWMJX,2026-04-25,,other,medium,open,,Asked about cancellation policy and notice period.
7467,6300-BWMJX,2026-08-11,2026-08-11,billing,low,closed,6.41,Requested a refund for a duplicate charge.
7468,8784-CGILN,2026-06-25,2026-06-25,technical,medium,closed,12.95,App crashes when loading the dashboard view.
7469,8784-CGILN,2026-08-23,,billing,high,open,,Customer disputes a charge on their most recent invoice.
7470,5389-FFVKB,2026-06-24,2026-06-24,billing,low,closed,6.96,Requested a refund for a duplicate charge.
7471,1036-GUDCL,2026-03-31,2026-04-01,technical,low,closed,45.56,Requested help configuring an integration.
7472,1036-GUDCL,2026-07-18,2026-07-19,billing,high,closed,24.6,Asked why the monthly charge increased without notice.
7473,1036-GUDCL,2026-09-10,2026-09-10,other,low,closed,2.91,Provided feedback about the onboarding experience.
7474,1036-GUDCL,2026-04-25,2026-04-26,other,low,closed,40.06,General question about plan upgrade options.
7475,8148-WOCMK,2026-07-22,2026-07-22,billing,medium,closed,1.32,Requested a refund for a duplicate charge.
7476,7815-PDTHL,2026-06-29,,other,medium,open,,Asked about cancellation policy and notice period.
7477,9451-LPGOO,2026-04-18,,billing,low,open,,Customer disputes a charge on their most recent invoice.
7478,9451-LPGOO,2026-05-06,2026-05-09,billing,high,closed,74.67,Customer disputes a charge on their most recent invoice.
7479,9451-LPGOO,2026-06-21,2026-06-22,other,low,closed,36.43,General question about plan upgrade options.
7480,9451-LPGOO,2026-06-12,2026-06-13,other,high,closed,30.21,Requested a copy of past invoices.
7481,9451-LPGOO,2026-08-29,2026-09-01,technical,high,closed,75.34,App crashes when loading the dashboard view.
7482,9451-LPGOO,2026-08-04,2026-08-05,billing,medium,closed,34.28,Requested a refund for a duplicate charge.
7483,9173-IVZVP,2026-05-26,2026-05-26,technical,medium,closed,19.59,Reported repeated login failures over the past week.
7484,9129-UXERG,2026-08-02,,billing,low,open,,Reported a failed payment and requested a retry.
7485,7964-ZRKKG,2026-08-08,,other,medium,open,,General question about plan upgrade options.
7486,7964-ZRKKG,2026-04-25,2026-04-26,other,low,closed,26.01,Provided feedback about the onboarding experience.
7487,5868-YWPDW,2026-05-29,2026-05-31,technical,medium,closed,56.28,Reported repeated login failures over the past week.
7488,6229-LSCKB,2026-06-07,2026-06-08,technical,medium,closed,35.08,Reported repeated login failures over the past week.
7489,2025-JKFWI,2026-07-14,,other,medium,open,,Provided feedback about the onboarding experience.
7490,2025-JKFWI,2026-07-03,2026-07-03,technical,medium,closed,18.35,Feature X is not syncing data correctly.
7491,1724-IQWNM,2026-08-11,2026-08-11,other,medium,closed,2.18,Requested a copy of past invoices.
7492,8217-QYOHV,2026-06-20,2026-06-21,billing,medium,closed,24.7,Customer disputes a charge on their most recent invoice.
7493,8217-QYOHV,2026-05-30,2026-05-31,technical,medium,closed,27.39,Requested help configuring an integration.
7494,8217-QYOHV,2026-07-26,2026-07-26,billing,medium,closed,10.1,Reported a failed payment and requested a retry.
7495,9940-HPQPG,2026-05-03,2026-05-04,billing,high,closed,28.03,Customer disputes a charge on their most recent invoice.
7496,9940-HPQPG,2026-09-13,2026-09-16,other,medium,closed,80.81,Asked about cancellation policy and notice period.
7497,9940-HPQPG,2026-06-19,2026-06-20,billing,medium,closed,37.36,Asked why the monthly charge increased without notice.
7498,6127-IYJOZ,2026-08-11,2026-08-12,other,medium,closed,45.59,General question about plan upgrade options.
7499,6127-IYJOZ,2026-04-16,2026-04-16,other,high,closed,20.97,Provided feedback about the onboarding experience.
7500,6618-RYATB,2026-06-02,,billing,high,open,,Customer disputes a charge on their most recent invoice.
7501,6618-RYATB,2026-04-28,2026-04-29,billing,low,closed,43.3,Requested a refund for a duplicate charge.
7502,5916-QEWPT,2026-06-22,2026-06-23,technical,high,closed,27.0,Reported repeated login failures over the past week.
7503,0531-XBKMM,2026-07-11,2026-07-12,other,medium,closed,31.73,Requested a copy of past invoices.
7504,2408-PSJVE,2026-05-11,2026-05-12,billing,medium,closed,43.23,Asked why the monthly charge increased without notice.
7505,9079-YEXQJ,2026-04-05,2026-04-07,other,low,closed,64.02,Asked about cancellation policy and notice period.
7506,9079-YEXQJ,2026-03-23,2026-03-25,technical,medium,closed,55.52,Requested help configuring an integration.
7507,1930-WNXSB,2026-07-30,,technical,medium,open,,App crashes when loading the dashboard view.
7508,1930-WNXSB,2026-04-18,2026-04-18,billing,low,closed,22.23,Requested a refund for a duplicate charge.
7509,2685-SREOM,2026-05-24,2026-05-25,technical,high,closed,31.96,Reported repeated login failures over the past week.
7510,2685-SREOM,2026-05-24,,other,low,open,,Provided feedback about the onboarding experience.
7511,3508-CFVZL,2026-06-15,2026-06-16,billing,medium,closed,41.69,Reported a failed payment and requested a retry.
7512,0402-CQAJN,2026-05-28,2026-05-29,billing,low,closed,32.88,Asked why the monthly charge increased without notice.
7513,0402-CQAJN,2026-09-07,,other,low,open,,Requested a copy of past invoices.
7514,0657-DOGUM,2026-07-13,2026-07-13,technical,medium,closed,23.11,Feature X is not syncing data correctly.
7515,0657-DOGUM,2026-06-16,2026-06-16,billing,medium,closed,6.1,Asked why the monthly charge increased without notice.
7516,5480-HPRRX,2026-06-30,2026-06-30,billing,high,closed,11.14,Reported a failed payment and requested a retry.
7517,5480-HPRRX,2026-05-07,2026-05-07,technical,low,closed,20.43,Feature X is not syncing data correctly.
7518,5480-HPRRX,2026-04-06,2026-04-09,technical,low,closed,73.79,Feature X is not syncing data correctly.
7519,5480-HPRRX,2026-08-15,2026-08-16,billing,medium,closed,29.88,Requested a refund for a duplicate charge.
7520,8792-AOROI,2026-04-16,2026-04-17,technical,medium,closed,34.04,Requested help configuring an integration.
7521,0295-PPHDO,2026-04-10,2026-04-11,other,low,closed,30.59,Provided feedback about the onboarding experience.
7522,0295-PPHDO,2026-07-23,2026-07-25,technical,medium,closed,61.66,App crashes when loading the dashboard view.
7523,1195-OIYEJ,2026-06-20,,technical,medium,open,,Requested help configuring an integration.
7524,5906-CVLHP,2026-04-02,,billing,low,open,,Requested a refund for a duplicate charge.
7525,5906-CVLHP,2026-07-12,2026-07-15,technical,low,closed,76.3,Feature X is not syncing data correctly.
7526,5906-CVLHP,2026-06-30,2026-06-30,billing,medium,closed,8.62,Customer disputes a charge on their most recent invoice.
7527,4070-OKWVH,2026-04-30,2026-04-30,billing,medium,closed,22.29,Customer disputes a charge on their most recent invoice.
7528,4070-OKWVH,2026-09-03,,other,low,open,,Requested a copy of past invoices.
7529,4070-OKWVH,2026-06-14,2026-06-14,technical,low,closed,3.35,Reported repeated login failures over the past week.
7530,6369-MCAKO,2026-03-29,,other,medium,open,,Provided feedback about the onboarding experience.
7531,4926-UMJZD,2026-08-20,2026-08-20,other,medium,closed,13.15,General question about plan upgrade options.
7532,6341-AEVKX,2026-09-06,2026-09-07,technical,high,closed,34.14,App crashes when loading the dashboard view.
7533,4501-EQDRN,2026-05-30,2026-06-01,other,medium,closed,55.96,Requested a copy of past invoices.
7534,4501-EQDRN,2026-08-06,,other,high,open,,Requested a copy of past invoices.
7535,4501-EQDRN,2026-04-26,,technical,low,open,,Feature X is not syncing data correctly.
7536,4501-EQDRN,2026-05-17,2026-05-18,billing,high,closed,35.96,Requested a refund for a duplicate charge.
7537,2990-HWIML,2026-06-12,,technical,low,open,,Reported repeated login failures over the past week.
7538,2990-HWIML,2026-09-06,,technical,low,open,,App crashes when loading the dashboard view.
7539,2990-HWIML,2026-06-15,,technical,medium,open,,App crashes when loading the dashboard view.
7540,0682-USIXD,2026-07-10,2026-07-11,other,high,closed,33.56,General question about plan upgrade options.
7541,6976-BWGLQ,2026-08-13,2026-08-14,other,medium,closed,36.11,General question about plan upgrade options.
7542,7078-NVFAM,2026-07-30,2026-07-31,other,low,closed,39.28,Asked about cancellation policy and notice period.
7543,7078-NVFAM,2026-07-02,2026-07-03,billing,medium,closed,31.62,Customer disputes a charge on their most recent invoice.
7544,8065-QBYTO,2026-09-02,,technical,medium,open,,Feature X is not syncing data correctly.
7545,7384-GHBPI,2026-04-21,,technical,medium,open,,App crashes when loading the dashboard view.
7546,7384-GHBPI,2026-05-11,,billing,medium,open,,Customer disputes a charge on their most recent invoice.
7547,7603-USHJS,2026-07-15,,technical,high,open,,Feature X is not syncing data correctly.
7548,7603-USHJS,2026-09-11,2026-09-11,technical,low,closed,5.13,App crashes when loading the dashboard view.
7549,2511-ALLCS,2026-06-10,2026-06-10,other,medium,closed,5.86,Asked about cancellation policy and notice period.
7550,3191-CSNMG,2026-06-14,2026-06-14,technical,medium,closed,1.05,Requested help configuring an integration.
7551,7470-DYNOE,2026-07-30,2026-07-31,technical,low,closed,33.34,App crashes when loading the dashboard view.
7552,1545-ACTAS,2026-08-24,2026-08-24,billing,low,closed,16.23,Customer disputes a charge on their most recent invoice.
7553,1545-ACTAS,2026-03-30,2026-03-31,billing,medium,closed,33.53,Reported a failed payment and requested a retry.
7554,5876-HZVZM,2026-08-27,2026-08-27,billing,medium,closed,1.56,Reported a failed payment and requested a retry.
7555,5876-HZVZM,2026-04-06,2026-04-09,technical,low,closed,81.93,Reported repeated login failures over the past week.
7556,1400-MMYXY,2026-07-05,,billing,high,open,,Customer disputes a charge on their most recent invoice.
7557,1400-MMYXY,2026-04-10,,technical,medium,open,,App crashes when loading the dashboard view.
7558,1400-MMYXY,2026-05-31,2026-06-03,billing,low,closed,76.44,Requested a refund for a duplicate charge.
7559,3085-QUOZK,2026-06-02,2026-06-02,other,high,closed,23.64,General question about plan upgrade options.
7560,1956-YIFGE,2026-05-12,2026-05-12,other,low,closed,2.21,Asked about cancellation policy and notice period.
7561,1956-YIFGE,2026-08-25,,billing,medium,open,,Requested a refund for a duplicate charge.
7562,5820-PTRYM,2026-04-07,2026-04-07,technical,high,closed,11.94,Requested help configuring an integration.
7563,9609-BENEA,2026-05-07,2026-05-08,billing,low,closed,38.2,Requested a refund for a duplicate charge.
7564,9609-BENEA,2026-08-29,2026-08-30,technical,low,closed,25.64,Requested help configuring an integration.
7565,6211-WHMYA,2026-09-12,,technical,low,open,,Reported repeated login failures over the past week.
7566,4459-BBGHE,2026-08-11,,other,high,open,,Asked about cancellation policy and notice period.
7567,9945-PSVIP,2026-05-23,,billing,medium,open,,Reported a failed payment and requested a retry.
7568,1041-RXHRA,2026-03-31,2026-04-01,other,medium,closed,36.2,Provided feedback about the onboarding experience.
7569,1041-RXHRA,2026-05-11,2026-05-11,billing,high,closed,1.74,Customer disputes a charge on their most recent invoice.
7570,1750-CSKKM,2026-05-07,2026-05-07,other,low,closed,20.51,Asked about cancellation policy and notice period.
7571,1750-CSKKM,2026-07-05,,technical,medium,open,,App crashes when loading the dashboard view.
7572,1750-CSKKM,2026-07-26,2026-07-27,billing,medium,closed,26.27,Requested a refund for a duplicate charge.
7573,1750-CSKKM,2026-04-19,,billing,high,open,,Asked why the monthly charge increased without notice.
7574,1750-CSKKM,2026-08-17,,billing,medium,open,,Requested a refund for a duplicate charge.
7575,1750-CSKKM,2026-05-11,2026-05-13,billing,medium,closed,50.18,Requested a refund for a duplicate charge.
7576,9108-EJFJP,2026-06-07,2026-06-08,other,medium,closed,47.25,Requested a copy of past invoices.
7577,0508-SQWPL,2026-06-30,,other,low,open,,Asked about cancellation policy and notice period.
7578,8213-TAZPM,2026-07-26,2026-07-26,billing,low,closed,15.26,Customer disputes a charge on their most recent invoice.
7579,7142-HVGBG,2026-06-28,2026-06-28,other,medium,closed,4.92,Requested a copy of past invoices.
7580,7142-HVGBG,2026-07-13,,technical,high,open,,Reported repeated login failures over the past week.
7581,7142-HVGBG,2026-06-07,,billing,high,open,,Requested a refund for a duplicate charge.
7582,7142-HVGBG,2026-09-13,,other,low,open,,General question about plan upgrade options.
7583,1304-SEGFY,2026-07-13,2026-07-14,billing,medium,closed,43.51,Asked why the monthly charge increased without notice.
7584,7242-EDTYC,2026-08-18,,technical,low,open,,Feature X is not syncing data correctly.
7585,8267-ZNYVZ,2026-08-15,,billing,medium,open,,Asked why the monthly charge increased without notice.
7586,5243-SAOTC,2026-09-05,,technical,medium,open,,App crashes when loading the dashboard view.
7587,5243-SAOTC,2026-04-15,,other,low,open,,General question about plan upgrade options.
7588,9398-MMQTO,2026-07-28,,technical,low,open,,App crashes when loading the dashboard view.
7589,9398-MMQTO,2026-09-13,,technical,medium,open,,App crashes when loading the dashboard view.
7590,7619-PLRLP,2026-08-27,,technical,high,open,,Feature X is not syncing data correctly.
7591,6457-GIRWB,2026-06-03,2026-06-06,billing,low,closed,72.59,Requested a refund for a duplicate charge.
7592,6457-GIRWB,2026-07-29,,billing,low,open,,Reported a failed payment and requested a retry.
7593,6508-NJYRO,2026-04-16,2026-04-16,billing,low,closed,4.91,Customer disputes a charge on their most recent invoice.
7594,5306-BVTKJ,2026-04-03,2026-04-04,technical,medium,closed,25.51,Reported repeated login failures over the past week.
7595,5570-PTWEH,2026-04-15,2026-04-18,billing,low,closed,76.42,Customer disputes a charge on their most recent invoice.
7596,5570-PTWEH,2026-03-31,,other,medium,open,,Provided feedback about the onboarding experience.
7597,5570-PTWEH,2026-05-05,2026-05-06,billing,medium,closed,25.2,Requested a refund for a duplicate charge.
7598,0463-ZSDNT,2026-03-26,2026-03-26,other,low,closed,10.88,Asked about cancellation policy and notice period.
7599,6502-MJQAE,2026-07-01,,billing,high,open,,Reported a failed payment and requested a retry.
7600,6502-MJQAE,2026-07-11,2026-07-12,billing,low,closed,32.69,Asked why the monthly charge increased without notice.
7601,4616-ULAOA,2026-06-10,2026-06-10,technical,low,closed,23.1,App crashes when loading the dashboard view.
7602,4616-ULAOA,2026-05-11,2026-05-11,billing,low,closed,12.63,Customer disputes a charge on their most recent invoice.
7603,4616-ULAOA,2026-08-19,2026-08-19,billing,medium,closed,11.32,Requested a refund for a duplicate charge.
7604,7693-LCKZL,2026-08-10,2026-08-11,technical,medium,closed,37.97,App crashes when loading the dashboard view.
7605,7693-LCKZL,2026-08-14,2026-08-14,technical,high,closed,20.13,Requested help configuring an integration.
7606,7746-AWNQW,2026-06-21,2026-06-21,other,low,closed,8.91,Requested a copy of past invoices.
7607,7746-AWNQW,2026-08-18,2026-08-19,billing,high,closed,25.3,Requested a refund for a duplicate charge.
7608,7746-AWNQW,2026-07-13,,technical,low,open,,Reported repeated login failures over the past week.
7609,5996-EBTKM,2026-06-29,2026-06-30,technical,low,closed,29.18,App crashes when loading the dashboard view.
7610,5996-EBTKM,2026-09-02,2026-09-02,other,medium,closed,3.87,General question about plan upgrade options.
7611,2314-TNDJQ,2026-09-06,2026-09-06,technical,low,closed,22.62,App crashes when loading the dashboard view.
7612,0032-PGELS,2026-06-08,2026-06-09,technical,medium,closed,31.52,App crashes when loading the dashboard view.
7613,9039-ZVJDC,2026-05-24,2026-05-25,technical,high,closed,44.21,Feature X is not syncing data correctly.
7614,6797-LNAQX,2026-07-23,2026-07-25,technical,high,closed,50.52,App crashes when loading the dashboard view.
7615,6797-LNAQX,2026-09-12,,billing,medium,open,,Customer disputes a charge on their most recent invoice.
7616,9013-AQORL,2026-06-12,2026-06-12,billing,high,closed,7.83,Requested a refund for a duplicate charge.
7617,9013-AQORL,2026-08-18,,billing,medium,open,,Asked why the monthly charge increased without notice.
7618,2750-BJLSB,2026-06-13,2026-06-13,other,high,closed,16.95,Asked about cancellation policy and notice period.
7619,2750-BJLSB,2026-06-26,2026-06-26,technical,medium,closed,14.41,Feature X is not syncing data correctly.
7620,3648-GZPHF,2026-04-22,2026-04-23,billing,low,closed,35.08,Reported a failed payment and requested a retry.
7621,3648-GZPHF,2026-09-11,,technical,high,open,,Reported repeated login failures over the past week.
7622,2075-RMJIK,2026-08-17,2026-08-18,other,high,closed,34.96,Asked about cancellation policy and notice period.
7623,9588-YRFHY,2026-03-22,,billing,low,open,,Asked why the monthly charge increased without notice.
7624,1564-NTYXF,2026-08-08,2026-08-08,technical,high,closed,4.31,Feature X is not syncing data correctly.
7625,1564-NTYXF,2026-06-13,,billing,medium,open,,Asked why the monthly charge increased without notice.
7626,9364-YKUVW,2026-05-15,2026-05-15,technical,medium,closed,12.84,Reported repeated login failures over the past week.
7627,9364-YKUVW,2026-04-16,2026-04-16,other,medium,closed,6.67,Asked about cancellation policy and notice period.
7628,2451-YMUXS,2026-06-30,2026-07-01,technical,medium,closed,37.85,Requested help configuring an integration.
7629,2451-YMUXS,2026-04-09,2026-04-09,billing,low,closed,9.93,Requested a refund for a duplicate charge.
7630,3914-FDRHP,2026-08-29,2026-08-30,technical,medium,closed,35.02,App crashes when loading the dashboard view.
7631,3078-ZKNTS,2026-08-01,2026-08-02,technical,medium,closed,44.94,Requested help configuring an integration.
7632,3078-ZKNTS,2026-08-11,,billing,medium,open,,Requested a refund for a duplicate charge.
7633,4690-PKDQG,2026-03-24,2026-03-24,technical,medium,closed,14.45,Requested help configuring an integration.
7634,4690-PKDQG,2026-06-02,2026-06-02,technical,low,closed,17.6,Reported repeated login failures over the past week.
7635,4690-PKDQG,2026-08-24,,technical,low,open,,Feature X is not syncing data correctly.
7636,9547-ITEFG,2026-09-12,2026-09-13,technical,medium,closed,43.66,Requested help configuring an integration.
7637,7789-CRUVC,2026-04-01,2026-04-01,billing,medium,closed,22.06,Asked why the monthly charge increased without notice.
7638,7789-CRUVC,2026-04-04,,technical,low,open,,App crashes when loading the dashboard view.
7639,7789-CRUVC,2026-08-25,,other,high,open,,Provided feedback about the onboarding experience.
7640,8739-WWKDU,2026-03-23,2026-03-26,billing,low,closed,83.81,Asked why the monthly charge increased without notice.
7641,8739-WWKDU,2026-05-23,,billing,medium,open,,Reported a failed payment and requested a retry.
7642,8685-WHQPW,2026-09-12,,technical,medium,open,,App crashes when loading the dashboard view.
7643,4745-LSPLO,2026-03-30,2026-04-01,other,low,closed,68.67,Provided feedback about the onboarding experience.
7644,4745-LSPLO,2026-05-11,2026-05-12,other,medium,closed,38.72,Asked about cancellation policy and notice period.
7645,8083-YTZES,2026-05-21,2026-05-22,other,high,closed,28.06,General question about plan upgrade options.
7646,7240-FQLHE,2026-06-28,2026-07-01,billing,medium,closed,77.71,Reported a failed payment and requested a retry.
7647,7240-FQLHE,2026-09-10,2026-09-10,billing,low,closed,12.4,Customer disputes a charge on their most recent invoice.
7648,7240-FQLHE,2026-04-03,,billing,medium,open,,Reported a failed payment and requested a retry.
7649,7240-FQLHE,2026-06-13,,billing,high,open,,Requested a refund for a duplicate charge.
7650,7240-FQLHE,2026-06-18,2026-06-19,billing,medium,closed,30.12,Requested a refund for a duplicate charge.
7651,6664-FPDAC,2026-04-19,,billing,medium,open,,Requested a refund for a duplicate charge.
7652,9972-VAFJJ,2026-07-01,2026-07-01,billing,high,closed,6.06,Asked why the monthly charge increased without notice.
7653,0786-VSSUD,2026-05-27,,technical,medium,open,,Feature X is not syncing data correctly.
7654,5568-DMXZS,2026-07-23,2026-07-24,billing,medium,closed,34.99,Customer disputes a charge on their most recent invoice.
7655,5568-DMXZS,2026-08-26,2026-08-26,billing,low,closed,2.48,Asked why the monthly charge increased without notice.
7656,5568-DMXZS,2026-04-29,2026-04-29,billing,high,closed,11.68,Asked why the monthly charge increased without notice.
7657,5568-DMXZS,2026-07-04,2026-07-04,billing,low,closed,10.33,Reported a failed payment and requested a retry.
7658,8468-FZTOE,2026-06-23,2026-06-23,billing,high,closed,21.7,Asked why the monthly charge increased without notice.
7659,6633-SYEUS,2026-06-16,2026-06-16,technical,medium,closed,23.87,Feature X is not syncing data correctly.
7660,6447-GORXK,2026-06-28,2026-06-29,billing,medium,closed,40.08,Requested a refund for a duplicate charge.
7661,3976-BWUCK,2026-03-24,2026-03-25,technical,low,closed,26.13,Reported repeated login failures over the past week.
7662,3976-BWUCK,2026-09-02,,billing,low,open,,Requested a refund for a duplicate charge.
7663,5981-ZVXOT,2026-07-01,2026-07-01,technical,high,closed,21.21,Feature X is not syncing data correctly.
7664,1684-FLBGS,2026-09-15,2026-09-15,other,high,closed,21.42,General question about plan upgrade options.
7665,1389-WNUIB,2026-06-02,2026-06-02,other,medium,closed,17.32,Asked about cancellation policy and notice period.
7666,0376-OIWME,2026-09-10,2026-09-10,other,medium,closed,21.66,Asked about cancellation policy and notice period.
7667,0376-OIWME,2026-04-07,,technical,medium,open,,Reported repeated login failures over the past week.
7668,3585-ISXZP,2026-08-13,,billing,high,open,,Requested a refund for a duplicate charge.
7669,3585-ISXZP,2026-09-06,,other,medium,open,,Provided feedback about the onboarding experience.
7670,0218-QNVAS,2026-07-30,2026-07-31,billing,low,closed,38.56,Requested a refund for a duplicate charge.
7671,0928-XUTSN,2026-06-11,2026-06-11,other,medium,closed,18.48,Provided feedback about the onboarding experience.
7672,2108-XWMPY,2026-07-13,,technical,low,open,,App crashes when loading the dashboard view.
7673,2108-XWMPY,2026-06-16,,billing,low,open,,Reported a failed payment and requested a retry.
7674,6304-IJFSQ,2026-04-12,2026-04-13,other,high,closed,25.52,Requested a copy of past invoices.
7675,6304-IJFSQ,2026-06-23,,technical,low,open,,Requested help configuring an integration.
7676,6304-IJFSQ,2026-05-13,,billing,medium,open,,Reported a failed payment and requested a retry.
7677,6304-IJFSQ,2026-04-14,2026-04-14,technical,medium,closed,21.89,App crashes when loading the dashboard view.
7678,6304-IJFSQ,2026-04-12,2026-04-12,billing,low,closed,20.38,Customer disputes a charge on their most recent invoice.
7679,9586-JGQKH,2026-04-14,2026-04-14,other,low,closed,23.5,General question about plan upgrade options.
7680,6075-SLNIL,2026-06-30,2026-07-01,billing,medium,closed,41.69,Customer disputes a charge on their most recent invoice.
7681,2274-XUATA,2026-04-15,2026-04-16,technical,low,closed,36.31,App crashes when loading the dashboard view.
7682,1980-KXVPM,2026-06-25,2026-06-27,other,medium,closed,64.16,Requested a copy of past invoices.
7683,7703-ZEKEF,2026-07-05,,other,medium,open,,Requested a copy of past invoices.
7684,0723-DRCLG,2026-06-14,2026-06-15,billing,medium,closed,33.02,Asked why the monthly charge increased without notice.
7685,0723-DRCLG,2026-06-11,2026-06-11,billing,high,closed,21.29,Reported a failed payment and requested a retry.
7686,0723-DRCLG,2026-04-18,,billing,medium,open,,Requested a refund for a duplicate charge.
7687,5482-NUPNA,2026-05-19,2026-05-20,billing,low,closed,46.22,Customer disputes a charge on their most recent invoice.
7688,6691-CCIHA,2026-04-07,2026-04-08,other,high,closed,44.15,Requested a copy of past invoices.
7689,1685-BQULA,2026-05-03,2026-05-03,other,medium,closed,10.3,Requested a copy of past invoices.
7690,0666-UXTJO,2026-09-09,2026-09-09,technical,medium,closed,15.2,Feature X is not syncing data correctly.
7691,1122-JWTJW,2026-04-06,2026-04-07,billing,medium,closed,41.44,Reported a failed payment and requested a retry.
7692,1122-JWTJW,2026-07-18,,other,low,open,,Requested a copy of past invoices.
7693,9710-NJERN,2026-05-17,2026-05-17,technical,high,closed,1.6,Feature X is not syncing data correctly.
7694,9837-FWLCH,2026-04-01,2026-04-02,other,medium,closed,28.79,Provided feedback about the onboarding experience.
7695,9837-FWLCH,2026-06-23,2026-06-23,billing,low,closed,22.45,Requested a refund for a duplicate charge.
7696,9837-FWLCH,2026-08-09,,other,high,open,,Provided feedback about the onboarding experience.
7697,1699-HPSBG,2026-04-24,2026-04-25,other,medium,closed,28.86,Requested a copy of past invoices.
7698,1699-HPSBG,2026-03-25,2026-03-25,technical,medium,closed,15.77,App crashes when loading the dashboard view.
7699,1699-HPSBG,2026-07-13,2026-07-14,technical,high,closed,45.46,Feature X is not syncing data correctly.
7700,7203-OYKCT,2026-09-12,,technical,medium,open,,Feature X is not syncing data correctly.
7701,7398-LXGYX,2026-04-04,2026-04-05,billing,low,closed,44.1,Requested a refund for a duplicate charge.
7702,7398-LXGYX,2026-05-13,2026-05-13,billing,low,closed,23.82,Reported a failed payment and requested a retry.
7703,7398-LXGYX,2026-04-21,2026-04-21,billing,medium,closed,14.48,Asked why the monthly charge increased without notice.
7704,2823-LKABH,2026-04-19,2026-04-19,technical,medium,closed,1.36,Feature X is not syncing data correctly.
7705,8775-CEBBJ,2026-04-13,2026-04-15,technical,medium,closed,59.28,App crashes when loading the dashboard view.
7706,8775-CEBBJ,2026-06-14,,technical,medium,open,,Reported repeated login failures over the past week.
7707,8775-CEBBJ,2026-06-15,2026-06-18,billing,high,closed,73.38,Asked why the monthly charge increased without notice.
7708,9281-CEDRU,2026-09-10,2026-09-10,other,high,closed,2.73,Requested a copy of past invoices.
7709,9281-CEDRU,2026-04-02,2026-04-03,billing,low,closed,38.95,Customer disputes a charge on their most recent invoice.
7710,2235-DWLJU,2026-05-11,2026-05-12,other,medium,closed,31.29,Provided feedback about the onboarding experience.
7711,2235-DWLJU,2026-04-19,2026-04-20,billing,low,closed,27.73,Requested a refund for a duplicate charge.
7712,6894-LFHLY,2026-04-23,2026-04-26,technical,medium,closed,78.49,Feature X is not syncing data correctly.
7713,9767-FFLEM,2026-07-22,2026-07-22,technical,low,closed,6.5,Reported repeated login failures over the past week.
7714,0639-TSIQW,2026-04-20,,technical,medium,open,,App crashes when loading the dashboard view.
7715,8456-QDAVC,2026-05-01,2026-05-01,technical,medium,closed,6.85,Feature X is not syncing data correctly.
7716,8456-QDAVC,2026-04-20,2026-04-20,technical,medium,closed,2.64,App crashes when loading the dashboard view.
7717,8456-QDAVC,2026-05-01,2026-05-02,technical,high,closed,45.82,App crashes when loading the dashboard view.
7718,7750-EYXWZ,2026-09-09,,other,low,open,,Asked about cancellation policy and notice period.
7719,7750-EYXWZ,2026-05-23,2026-05-24,technical,medium,closed,31.64,App crashes when loading the dashboard view.
7720,2569-WGERO,2026-06-20,2026-06-21,billing,medium,closed,27.95,Reported a failed payment and requested a retry.
7721,6840-RESVB,2026-08-21,,technical,medium,open,,Reported repeated login failures over the past week.
7722,2234-XADUH,2026-09-05,2026-09-06,technical,high,closed,24.86,Requested help configuring an integration.
7723,3186-AJIEK,2026-06-20,,technical,low,open,,Feature X is not syncing data correctly.
